tree
version=v4
num_class=1
num_tree_per_iteration=1
label_index=0
max_feature_idx=100
objective=regression
feature_names=SVD_0 SVD_1 SVD_2 SVD_3 SVD_4 SVD_5 SVD_6 SVD_7 SVD_8 SVD_9 SVD_10 SVD_11 SVD_12 SVD_13 SVD_14 SVD_15 SVD_16 SVD_17 SVD_18 SVD_19 SVD_20 SVD_21 SVD_22 SVD_23 SVD_24 SVD_25 SVD_26 SVD_27 SVD_28 SVD_29 SVD_30 SVD_31 SVD_32 SVD_33 SVD_34 SVD_35 SVD_36 SVD_37 SVD_38 SVD_39 SVD_40 SVD_41 SVD_42 SVD_43 SVD_44 SVD_45 SVD_46 SVD_47 SVD_48 SVD_49 SVD_50 SVD_51 SVD_52 SVD_53 SVD_54 SVD_55 SVD_56 SVD_57 SVD_58 SVD_59 SVD_60 SVD_61 SVD_62 SVD_63 SVD_64 SVD_65 SVD_66 SVD_67 SVD_68 SVD_69 SVD_70 SVD_71 SVD_72 SVD_73 SVD_74 SVD_75 SVD_76 SVD_77 SVD_78 SVD_79 SVD_80 SVD_81 SVD_82 SVD_83 SVD_84 SVD_85 SVD_86 SVD_87 SVD_88 SVD_89 SVD_90 SVD_91 SVD_92 SVD_93 SVD_94 SVD_95 SVD_96 SVD_97 SVD_98 SVD_99 Sentiment
feature_infos=[0.0140241210399339:0.46225580201630101] [-0.3289436129286557:0.51441455654519508] [-0.30138214719916268:0.38874745970413649] [-0.36751038813230819:0.3795489908236061] [-0.42974451523891199:0.33098464400620609] [-0.27178820603390219:0.47570034619283169] [-0.27932655082389329:0.40841137020376] [-0.33103143607375091:0.40017464804058778] [-0.32835098477399549:0.55128368910221426] [-0.28492663753456748:0.32466029370721289] [-0.29978929520262732:0.46274622010768851] [-0.3640951246917738:0.27805317060144108] [-0.29036224678326922:0.28611927350892691] [-0.29898531255112859:0.29569443089589448] [-0.30220780045236428:0.3601441328561284] [-0.27525349882450462:0.29068197351417191] [-0.27577492496825368:0.33801460146837059] [-0.28438197967332252:0.44301835597008238] [-0.35249144095743318:0.50059553891568975] [-0.2615544003345428:0.30009017446009251] [-0.2939446284614548:0.25977706870761769] [-0.3004849575318822:0.33259067833044947] [-0.29248412385142208:0.31502475452488982] [-0.2978307745814584:0.26617882134721288] [-0.22940238932092091:0.30446590946594809] [-0.28141009667037209:0.33392984577918272] [-0.29761390639400148:0.38974151698547521] [-0.23265128314925199:0.3020370181000363] [-0.30981119841010868:0.29056032049602371] [-0.29513880236187401:0.31451466046880239] [-0.22175738524380079:0.3223984515778372] [-0.23319798130350519:0.32344243121758798] [-0.28170954820745298:0.28056071351807038] [-0.20866610346142339:0.24027994763368959] [-0.2898907408214359:0.28607768811688927] [-0.22431674436394189:0.2804288654291564] [-0.2252080856579636:0.2536126735500383] [-0.29282089071392731:0.25653994831087418] [-0.23360086268393659:0.38222730733846499] [-0.22241042494644439:0.19377656726743769] [-0.2174105978475934:0.26189401273096491] [-0.25365190286097689:0.23787985776979531] [-0.25608725334157778:0.26462613181460082] [-0.28410408333013609:0.28475472804364221] [-0.23139595626640511:0.21859674695855319] [-0.23343270590542509:0.3073076174655307] [-0.2505599366470771:0.35389350184602858] [-0.24742711082545379:0.23372537073822891] [-0.32209161803767228:0.32131762544428588] [-0.24122667541399939:0.3295483068175899] [-0.1908683577217688:0.27172870604795879] [-0.21720815185640691:0.26914280840941518] [-0.27698277468931021:0.3638506792796114] [-0.20122182944460609:0.27266425135669731] [-0.23459528425455481:0.23106312842924839] [-0.23617153446192199:0.2643450426909239] [-0.24118522215567151:0.2481151147219014] [-0.206022102281298:0.26125632228972739] [-0.22438282215815231:0.2183913988408821] [-0.24904556451432189:0.25339059059694208] [-0.18140959528335049:0.2454433848263799] [-0.2427859830678355:0.24916222747539271] [-0.19587664439101829:0.30325980272194691] [-0.20392760222534359:0.26352727058200659] [-0.2102513451072453:0.27900723398469912] [-0.18485017966448519:0.23030441091227269] [-0.23072060949358139:0.26555495114569161] [-0.2020465663155229:0.21085669998491149] [-0.2485956734271289:0.2130794522418572] [-0.21370073202426729:0.21456859472150519] [-0.19408001769865491:0.22370341197012231] [-0.18659239453159329:0.29048056229558139] [-0.22169512013775899:0.19663844961737881] [-0.2405878416225414:0.23765143055693599] [-0.24455821383634019:0.2191188933295127] [-0.20839708638020191:0.26854078607770709] [-0.25512528690713732:0.2392956888282653] [-0.1877446480445058:0.28676951738889761] [-0.18497673446351739:0.2752483292091007] [-0.22123814047129839:0.22912254570212029] [-0.21041951382819429:0.19499273885034779] [-0.224245589004165:0.2477160263545338] [-0.20543162152410641:0.2438309095740078] [-0.2159227403556262:0.21038198729293989] [-0.20842326382994389:0.23036723729934219] [-0.2011598144477347:0.20282462189659001] [-0.1544741058342565:0.2161579343931328] [-0.2402709880922341:0.22814309091443921] [-0.18430389192365579:0.22242739895904581] [-0.224686235078663:0.191980166294801] [-0.157611730016991:0.2153342675178965] [-0.1730439688891916:0.23403547843908509] [-0.2119122535970529:0.2445775870017331] [-0.18781628953476881:0.1615692564986447] [-0.18572008744894669:0.19650632727469891] [-0.15919292617997641:0.20988581491290439] [-0.18299755896361619:0.19474537313481699] [-0.24436617269651639:0.214465068193781] [-0.17965245635595689:0.18999328881562569] [-0.1775492595992185:0.17772398601449799] [-0.99560000000000004:0.99370000000000003]
tree_sizes=2973 3129 3139 3136 3151 3153 3159 3140 3153 3139 3158 3142 3162 3152 3159 3156 3171 3161 3159 3152 3145 3161 3158 3152 3161 3172 3180 3166 3174 3176 3175 3169 3178 3174 3160 3155 3146 3161 3165 3159 3153 3165 3181 3175 3162 3168 3168 3158 3180 3161 3165 3165 3176 3136 3179 3159 3170 3154 3166 3175 3177 3173 3132 3149 3181 3156 3164 3159 3160 3175 3132 3160 3144 3173 3161 3173 3148 3174 3175 3159 3182 3154 3154 3168 3150 3150 3144 3156 3147 3149 3145 3162 3160 3142 3129 3114 3151 3180 3144 3160 3149 3112 3169 3146 3104 3100 3143 3148 3178 3136 3161 3157 3147 3157 3165 3134 3113 3145 3147 3167 3110 3134 3115 3166 3126 3075 3187 3173 3134 3124 3160 3152 3150 3110 3138 3157 3140 3119 3161 3096 3135 3153 3140 3145 3137 3101 3119 3139 3120 3122 3077 3079 3126 3131 3148 3136 3103 3120 3119 3069 3141 3126 3181 3044 3104 3112 3057 3149 3163 3069 3125 3105 3091 3018 3096 3141 3137 3033 3100 3109 3040 2994 3019 3106 3028 3053 3087 2988 3006 3110 3011 3001 3119 3044 3114 3088 3025 3146 3014 3027 3001 3003 3059 3111 3131 3015 2991 3092 3043 3041 2991 2970 3059 3121 2999 3135 3063 2981 3083 3052 3116 3015 3057 3048 3133 3121

Tree=0
num_leaves=32
num_cat=0
split_feature=100 11 100 5 100 1 15 9 1 1 15 1 2 2 5 1 11 7 15 15 9 3 33 20 42 15 4 11 3 14 100
split_gain=73580.7 25266.3 10828.5 9318.78 7685.73 4533.65 4238.91 4040.95 3918.9 3887.01 3657.58 3365.27 3701.86 2638.57 2452.33 2310.48 2164.26 2090.97 1913.29 1866.91 1865.97 1780.52 1745.52 1648.08 1631.36 1616.69 1607.65 1344.64 1344.5 1233.91 1215.12
threshold=-0.24919999999999998 -0.0054274964605963991 0.5273000000000001 0.0060323741847945504 -0.84674999999999989 0.023233723475790755 -0.028850744153839199 -0.030100682472812498 -0.039198989009521297 0.036597395995265555 -0.046410671377038144 -0.0109481708729846 -0.06432641396568109 -0.056984100260755094 -0.0031532910695055492 0.036597395995265555 0.00094840894575840007 0.0113560394668704 -0.0030590357167551998 -0.026182659013875498 -0.029565661379314146 0.031543377519723005 -0.058757165160958892 0.0029370507776331502 0.0051234533136305009 0.0022871527633664007 0.075035994885910715 0.010550537796070401 0.029133736221182555 -0.041883652800327596 -0.69999999999999984
decision_type=2 2 2 2 2 2 2 2 2 2 2 2 2 2 2 2 2 2 2 2 2 2 2 2 2 2 2 2 2 2 2
left_child=1 4 5 8 11 14 -7 22 26 13 15 12 -1 -6 -2 -4 -12 -9 23 -11 -16 30 -5 -10 -14 -13 28 -8 -3 -20 -15
right_child=2 3 10 7 9 6 27 17 18 19 16 25 24 21 20 -17 -18 -19 29 -21 -22 -23 -24 -25 -26 -27 -28 -29 -30 -31 -32
leaf_value=6.9780138557022422 7.0846752469927976 6.9966640282051262 7.0743046390546693 6.8135553752518589 7.0249816048022371 6.8641383308239599 6.9672112470218162 6.927870945579131 6.9818532519882384 6.7648313612135764 7.0808350452786026 6.6976890061125038 6.8593716561280615 6.842593970792147 7.0580919274151883 6.9343858332934571 7.1261788141772628 6.8209912753750901 7.1092509572960259 6.8879137382223856 6.9904322107686792 6.9705511532578761 7.0148895246303029 6.8537907147490191 6.7684383241659614 6.8353699440781881 7.1197006303143269 7.056431150509054 7.0719875956369496 6.9896087073083208 6.9179879893912819
leaf_weight=1226 8028 2796 2085 344 1854 1973 2448 2611 1703 1634 12260 2129 2954 2406 5776 1419 19543 2630 859 1918 5890 2849 2946 1245 2708 857 2635 2387 4306 2186 4206
leaf_count=1226 8028 2796 2085 344 1854 1973 2448 2611 1703 1634 12260 2129 2954 2406 5776 1419 19543 2630 859 1918 5890 2849 2946 1245 2708 857 2635 2387 4306 2186 4206
internal_value=7.00762 6.9302 7.06899 6.99154 6.87006 7.02812 6.96862 6.92036 7.03015 6.90848 7.09966 6.81221 6.84473 6.93272 7.04869 7.01764 7.1087 6.87423 6.97633 6.83128 7.02393 6.91464 6.99384 6.92776 6.81587 6.73719 7.06327 7.01125 7.04233 7.02335 6.89055
internal_weight=110811 49002 61809 24261 24741 26502 6808 8531 15730 14867 35307 9874 6888 11315 19694 3504 31803 5241 5993 3552 11666 9461 3290 2948 5662 2986 9737 4835 7102 3045 6612
internal_count=110811 49002 61809 24261 24741 26502 6808 8531 15730 14867 35307 9874 6888 11315 19694 3504 31803 5241 5993 3552 11666 9461 3290 2948 5662 2986 9737 4835 7102 3045 6612
is_linear=0
shrinkage=1


Tree=1
num_leaves=32
num_cat=0
split_feature=100 11 5 100 100 1 15 100 1 15 1 3 2 15 15 2 24 7 14 15 18 21 2 24 7 1 15 30 1 40 20
split_gain=61945.3 21880 8172.92 7902.81 7254.06 4306.65 4423.26 4143.07 4056.81 3624.89 2639.23 2441.31 2358.89 2220.7 2000.8 1887.8 1878.9 1657.28 1552.1 1451.57 1433.28 1422.26 1345.19 1322.99 1313.44 1309.79 1267.61 1221.84 1181.73 1527.75 1174.38
threshold=-0.12714999999999996 -0.014832961824089648 0.0060323741847945504 0.74330000000000018 -0.89139999999999986 0.023233723475790755 -0.029470645471271848 -0.77164999999999984 -0.039719878089841593 -0.0099521616891134479 0.036597395995265555 0.023877666434334702 -0.074804891597230638 -0.038195205855435795 -0.063354224844603985 -0.051604985828024245 -0.0023737218490033495 0.027313371148728106 -0.041883652800327596 -0.0099521616891134479 0.13008795650375352 0.055485662395232255 -0.056984100260755094 0.050150687741229556 0.058519025415882359 -0.072666026837171424 0.020936725407406102 0.017474628035194301 0.030608773561614001 -0.0036238756062155499 -0.005433150895961949
decision_type=2 2 2 2 2 2 2 2 2 2 2 2 2 2 2 2 2 2 2 2 2 2 2 2 2 2 2 2 2 2 2
left_child=1 4 8 5 12 11 -7 17 16 10 20 15 25 30 -5 -2 -3 -4 -15 -9 -6 24 -11 26 -17 -1 -8 -14 -16 -30 -10
right_child=3 2 7 14 9 6 23 19 13 22 -12 -13 27 18 28 21 -18 -19 -20 -21 -22 -23 -24 -25 -26 -27 -28 -29 29 -31 -32
leaf_value=0.00045971502280331043 0.090979085814638247 0.07928048961855054 -0.096524564581864411 -0.014694683803726918 -0.12137779318256083 -0.11253674033149069 -0.0036962835393855985 -0.071062522874273726 -0.04639086389534277 0.0073435491852128386 -0.21695234269077676 0.088319259396469119 -0.1921834649235358 0.067652973776692091 0.1158208152574237 0.021604024971487598 0.011594851517997082 -0.20185531129905521 -0.034543922102625364 0.0084633070359497967 0.044963743228852833 0.10057644354599585 -0.077844785188604423 -0.061323295741404722 -0.058390226931665346 -0.21881957168567973 0.078839887509002587 -0.27331601611798217 0.022341426132215292 0.10946834386348428 -0.19020681842260262
leaf_weight=559 3300 5819 2527 1063 5010 2451 2595 3630 775 1638 2319 8881 3108 1395 16270 10546 5921 1854 4470 2998 400 1396 6958 1152 1706 299 2733 2325 2553 3305 855
leaf_count=559 3300 5819 2527 1063 5010 2451 2595 3630 775 1638 2319 8881 3108 1395 16270 10546 5921 1854 4470 2998 400 1396 6958 1152 1706 299 2733 2325 2553 3305 855
internal_value=-5.97344e-08 -0.0662189 -0.0191582 0.0604011 -0.129151 0.0348859 -0.0157453 -0.0772805 0.0141066 -0.0994096 -0.141446 0.0523937 -0.206325 -0.0345094 0.0986437 0.0335666 0.0451457 -0.141107 -0.0102321 -0.0350882 -0.109075 0.0196827 -0.0616094 0.0208627 0.0104634 -0.075942 0.0386371 -0.22691 0.104089 0.0715015 -0.121846
internal_weight=110811 52860 30244 57951 22616 34760 8931 11009 19235 16325 7729 25829 6291 7495 23191 16948 11740 4381 5865 6628 5410 13648 8596 6480 12252 858 5328 5433 22128 5858 1630
internal_count=110811 52860 30244 57951 22616 34760 8931 11009 19235 16325 7729 25829 6291 7495 23191 16948 11740 4381 5865 6628 5410 13648 8596 6480 12252 858 5328 5433 22128 5858 1630
is_linear=0
shrinkage=0.0845865


Tree=2
num_leaves=32
num_cat=0
split_feature=100 11 100 5 15 11 1 1 15 1 7 2 100 11 15 13 20 21 2 24 15 15 7 33 1 100 1 1 3 100 11
split_gain=52994.7 16523.6 10636.1 6427.26 5649 4519.03 4156.69 3564.73 2738.78 2967.84 2584.99 2534.36 2543.51 2149.69 2110.93 2058.77 1749.63 1734.85 1658.08 1570.78 1448.31 1438.38 1325.24 1287.57 1224.97 1215.73 1090.93 1086.8 1058.77 1036.76 984.807
threshold=-0.45819999999999994 0.0057539464899786013 0.5273000000000001 0.019760869183026303 -0.0021966686799221495 -0.0049417004250916991 0.018851818115529401 0.036597395995265555 -0.025097330520276896 0.030608773561614001 0.02534889633907365 -0.065636685617632834 -0.92864999999999986 -0.042279608257036541 -0.0053881507231608988 0.013258992544083451 0.012388502766990101 0.084152524140046411 -0.042595275058382141 0.0096773958339143509 -0.014688854341964248 -0.030695532482002647 0.028030629676504104 -0.038005689863504839 -0.046072066004982641 -0.72664999999999991 0.023233723475790755 0.023233723475790755 0.0041005721969596511 -0.83594999999999986 -0.044922168986462195
decision_type=2 2 2 2 2 2 2 2 2 2 2 2 2 2 2 2 2 2 2 2 2 2 2 2 2 2 2 2 2 2 2
left_child=1 4 5 15 6 7 11 18 9 -4 -5 -1 -13 25 16 20 27 22 -2 -10 26 -9 -14 -12 -15 -6 -3 -7 -20 -8 -21
right_child=2 3 8 10 13 14 29 21 19 -11 23 12 17 24 -16 -17 -18 -19 28 30 -22 -23 -24 -25 -26 -27 -28 -29 -30 -31 -32
leaf_value=-0.013297483304762272 0.06034027738722255 -0.031816116896933651 0.069732888557319697 -0.0488078641344886 -0.14781578869625214 0.057564034748106944 -0.2722073800131164 -0.16547303047146944 0.10650714249577362 -0.045590250252173045 -0.29446204766913364 -0.21869341418359992 -0.10394694475215689 -0.0012553884654567691 0.065646104162625535 0.056267280290087554 -0.040303270386894879 0.044480464485114557 -0.043611964246307186 -0.0044783810066465176 0.019176000799258186 -0.055220165725010324 -0.18842580795754948 -0.1330353898039216 -0.078423871175401338 -0.052787765257257112 -0.16178622113413851 -0.036305811886626536 0.01417591205763285 -0.18454665862589739 0.074496245146380036
leaf_weight=1258 2564 2047 4757 2472 2915 4285 1936 1334 16424 2403 532 2291 4861 3088 10088 5832 3253 450 4863 1266 4084 2320 1830 1057 2813 1440 597 1111 4251 1932 10457
leaf_count=1258 2564 2047 4757 2472 2915 4285 1936 1334 16424 2403 532 2291 4861 3088 10088 5832 3253 450 4863 1266 4084 2320 1830 1057 2813 1440 597 1111 4251 1932 10457
internal_value=-1.28933e-07 -0.0756917 0.0452066 -0.0104239 -0.119409 0.0114897 -0.153285 -0.0225655 0.0777405 0.0310257 -0.102928 -0.126091 -0.141132 -0.07132 0.0393572 0.0194842 0.00869177 -0.116244 0.000247587 0.0896229 -0.0123974 -0.0954793 -0.127057 -0.187105 -0.0380456 -0.116401 -0.061174 0.0382327 -0.016656 -0.228432 0.0659658
internal_weight=110811 41435 69376 16621 24814 34069 14558 15332 35307 7160 4061 10690 9432 10256 18737 12560 8649 7141 11678 28147 6728 3654 6691 1589 5901 4355 2644 5396 9114 3868 11723
internal_count=110811 41435 69376 16621 24814 34069 14558 15332 35307 7160 4061 10690 9432 10256 18737 12560 8649 7141 11678 28147 6728 3654 6691 1589 5901 4355 2644 5396 9114 3868 11723
is_linear=0
shrinkage=0.0845865


Tree=3
num_leaves=32
num_cat=0
split_feature=100 11 100 5 9 11 1 1 100 1 40 9 1 5 100 20 7 21 100 2 2 9 9 21 13 70 1 3 33 28 11
split_gain=44409.1 14204.6 8937.65 6355.72 4156.71 4029.54 3532.26 3179.78 2838.74 2210.88 2100.66 1878.83 1702.43 1722.04 1677.5 1506.44 1621.52 1451.42 1419.3 1393.51 1334.64 1323.26 1307.54 1234.95 1155.91 1200.6 983.9 1088.14 957.805 946.579 888.265
threshold=-0.45819999999999994 -0.024092953130503997 0.57195000000000007 -0.0043197732659741991 -0.039770614529429239 -0.0049417004250916991 -0.051159864496574996 0.036597395995265555 -0.89559999999999984 0.036597395995265555 -0.0007289302557472499 -0.039156868276879843 0.027897564576369851 0.0011499885622236502 -0.85564999999999991 -0.048217106714869541 0.007654621366310301 -0.0029462045024882997 0.86590000000000011 -0.083611852015541346 -0.042595275058382141 0.015023399779198601 -0.058841439165573599 0.028137802218828601 0.038407831511115056 -0.035734061286976739 0.054498711844421358 0.011524634520238801 -0.062774183508371592 -0.026300337724589496 -0.071257799742404079
decision_type=2 2 2 2 2 2 2 2 2 2 2 2 2 2 2 2 2 2 2 2 2 2 2 2 2 2 2 2 2 2 2
left_child=1 8 5 6 24 7 21 20 19 18 -11 -7 13 -10 -6 -8 -17 26 -4 -1 -2 -3 -22 -9 25 -5 27 -13 -16 -15 -14
right_child=2 3 9 4 14 11 15 23 12 10 -12 17 30 29 28 16 -18 -19 -20 -21 22 -23 -24 -25 -26 -27 -28 -29 -30 -31 -32
leaf_value=-0.059498341892561236 0.054101442899580854 0.082319256019599552 0.070502180988761196 -0.16938716881355462 -0.16069158909594963 0.076580229511352835 0.036245263476819577 -0.1190020698564324 -0.043705249682071075 -0.0076415875241690094 0.076117678274688988 -0.022673881920847138 -0.22078423669729408 -0.19930744723451299 -0.19797309635352481 -0.016923736628367672 -0.114648652622494 0.0478652055090764 0.11264574037955997 -0.20052319759110349 0.049299752527416113 0.013976331361968684 -0.028688028466046452 -0.015475296507291656 0.090041600016282114 -0.0042943842406036369 -0.065551830174321229 0.054705396657378606 -0.069577176625440412 -0.10186663122578531 -0.12294732662396926
leaf_weight=563 2714 3310 15774 366 3097 6139 1332 2628 3476 4115 4468 3045 1174 947 458 2456 2405 6856 8974 4615 1923 5232 7683 1202 779 2269 1586 2269 4522 2901 1533
leaf_count=563 2714 3310 15774 366 3097 6139 1332 2628 3476 4115 4468 3045 1174 947 458 2456 2405 6856 8974 4615 1923 5232 7683 1202 779 2269 1586 2269 4522 2901 1533
internal_value=-3.85098e-07 -0.0692899 0.0413827 -0.0315736 -0.0787269 0.0121869 0.00519746 -0.0192023 -0.134325 0.0729551 0.0359582 0.0376684 -0.108063 -0.0868703 -0.111802 -0.0434393 -0.0652788 0.0203011 0.0857852 -0.185195 0.00172317 0.0404619 -0.0130734 -0.0865178 -0.000469468 -0.0272374 -0.0070844 0.0103622 -0.0813922 -0.125856 -0.16539
internal_weight=110811 41435 69376 26226 11491 36045 14735 16150 15209 33331 8583 19895 10031 7324 8077 6193 4861 13756 24748 5178 12320 8542 9606 3830 3414 2635 6900 5314 4980 3848 2707
internal_count=110811 41435 69376 26226 11491 36045 14735 16150 15209 33331 8583 19895 10031 7324 8077 6193 4861 13756 24748 5178 12320 8542 9606 3830 3414 2635 6900 5314 4980 3848 2707
is_linear=0
shrinkage=0.0845865


Tree=4
num_leaves=32
num_cat=0
split_feature=100 11 100 5 15 15 1 1 24 24 70 42 13 100 9 9 21 11 15 13 20 9 37 1 2 1 100 33 11 100 31
split_gain=37332.1 13148.2 6631.63 5030.74 4794.11 4145.87 3681.06 2854.2 2486.95 2204.68 2030.89 2020.93 1921.52 1494.88 1455.04 1379.36 1326.81 1319.16 1283.76 1267.84 1203.08 1160.94 1080.36 1038.59 1024.62 957.426 928.755 914.19 936.439 910.303 903.402
threshold=-0.36109999999999992 0.0024245489919414507 0.74330000000000018 0.021243967719340052 -0.0099521616891134479 -0.025097330520276896 0.03941418630084096 0.0074724399692202509 0.0088507637863274018 0.0020836027717366008 -0.026408668264631747 -0.029080899831541499 0.0079486185193916505 -0.91684999999999983 -0.035152590185157442 -0.067280322973575876 -0.004438293604274399 0.0072183644249842012 -0.018889827030510797 -0.016332196168985597 0.0037848907001103503 -0.0048954986917168998 -0.014885823656851498 -0.034998678087981891 -0.030361927349292144 0.030608773561614001 -0.88329999999999986 -0.048501395903668691 -0.038400346959895491 -0.9061499999999999 0.032119939932920012
decision_type=2 2 2 2 2 2 2 2 2 2 2 2 2 2 2 2 2 2 2 2 2 2 2 2 2 2 2 2 2 2 2
left_child=1 4 5 12 7 6 20 11 17 19 22 -1 16 -13 -4 -10 23 -7 25 -6 -2 -12 -5 -3 -15 -16 -9 -17 -29 -11 -14
right_child=2 3 14 10 9 8 -8 26 15 29 21 13 30 24 18 27 -18 -19 -20 -21 -22 -23 -24 -25 -26 -27 -28 28 -30 -31 -32
leaf_value=-0.037765148061703981 0.032742318754821836 -0.015128383019355993 0.10548913976345706 -0.23634861264965276 -0.07587901012035049 0.035726417559488126 -0.10277356328467775 -0.2483274332837089 0.081394713052884926 -0.15873968251502543 -0.001437268426256063 -0.19143107157013636 0.031100879877462087 -0.02399038080029477 0.052477027451412722 -0.061928908993841174 0.018129461785273224 0.081354880794905923 0.074447464466313715 0.0017379989626005424 -0.033659990548210686 -0.10099978921838357 -0.082873773850815999 -0.11414500708448377 -0.12357364664637813 -0.040647455252047084 -0.16351439759536088 -0.043204416109156957 0.021010617080567281 -0.08015792267411509 0.10016361772739063
leaf_weight=2211 4902 1890 8296 770 2388 9811 3040 1431 1623 1374 1798 2044 5758 904 1934 1568 4093 8432 11626 4074 3244 1570 573 1266 4071 1335 2618 2053 7788 4553 1773
leaf_count=2211 4902 1890 8296 770 2388 9811 3040 1431 1623 1374 1798 2044 5758 904 1934 1568 4093 8432 11626 4074 3244 1570 573 1266 4071 1335 2618 2053 7788 4553 1773
internal_value=-5.25948e-07 -0.0591981 0.0407185 -0.00681982 -0.0989706 0.0208498 -0.0233441 -0.134282 0.0366572 -0.0611207 -0.0829368 -0.108301 0.0174406 -0.130517 0.0770954 0.00843378 -0.0136436 0.0568175 0.0612792 -0.0269422 0.0062961 -0.0478559 -0.170891 -0.0548563 -0.105483 0.0144401 -0.193498 -0.0019439 0.0076119 -0.0983799 0.0473637
internal_weight=110811 45159 65652 19491 25668 42461 11186 13279 31275 12389 4711 9230 14780 7019 23191 13032 7249 18243 14895 6462 8146 3368 1343 3156 4975 3269 4049 11409 9841 5927 7531
internal_count=110811 45159 65652 19491 25668 42461 11186 13279 31275 12389 4711 9230 14780 7019 23191 13032 7249 18243 14895 6462 8146 3368 1343 3156 4975 3269 4049 11409 9841 5927 7531
is_linear=0
shrinkage=0.0845865


Tree=5
num_leaves=32
num_cat=0
split_feature=100 100 5 1 9 15 1 15 100 15 4 100 14 24 9 15 7 1 3 24 100 13 9 21 7 13 5 12 21 21 9
split_gain=31718.4 7110.77 6938.69 5796.15 4381.1 2958.28 3408.21 2708.58 2591.29 2303.86 2166.48 2067.33 2021.89 1915.83 1768.97 1490.58 1476.34 1282.36 1269.32 1180.65 1134.63 1091.53 1025.14 1023.88 1292.87 1002.63 933.863 880.283 865.087 860.901 817.433
threshold=-0.52614999999999978 0.47730000000000006 -0.0035414969197495997 -0.0099880315589697486 -0.060666941076508739 -0.0067564994056995989 0.03941418630084096 -0.048811798612725339 -0.9061499999999999 -0.046410671377038144 0.082526604212036905 -0.93124999999999991 -0.038859555750168945 0.038025008673170053 -0.051508719244332944 0.0083144628029031015 0.00049154994822640005 0.045355472178381158 0.090767803853695816 0.019343722235856151 -0.89139999999999986 0.028915617859504403 -0.027331499351679247 0.084152524140046411 0.029329672664128403 0.045799227452507661 -0.011669104668964548 0.0022997591715193506 -0.045826648680994099 0.00039001009675970007 0.0072379848272470506
decision_type=2 2 2 2 2 2 2 2 2 2 2 2 2 2 2 2 2 2 2 2 2 2 2 2 2 2 2 2 2 2 2
left_child=2 5 3 10 -4 6 16 -5 25 17 11 27 -9 22 -11 23 -2 -3 28 -16 -14 -18 -7 24 -10 -6 -24 -1 -13 -8 -30
right_child=1 9 4 7 8 13 29 12 15 14 -12 18 20 -15 19 -17 21 -19 -20 -21 -22 -23 26 -25 -26 -27 -28 -29 30 -31 -32
leaf_value=-0.035640659930081149 0.024305291135443056 0.035274398946307614 0.0037607499344166676 -0.18777608692720718 -0.19278793144278294 0.068416940921985456 -0.13038989509064172 0.027102245767066782 -0.0979218227073895 0.10040610031114154 0.064035766139843298 -0.095461029045010609 -0.16801254371507288 -0.027988458356644048 0.068054303075139419 -0.046287648330658113 -0.060123422453010548 -0.066110761206767524 0.060167474345696637 0.029866757858521942 -0.064743487915409473 0.033709001291494942 0.052921531360366592 0.012567170150019742 -0.17277306657487282 -0.08245765190545444 0.00044185465029230453 -0.13225733592535235 0.034094817877962667 -0.04620982729249578 -0.030122392054925864
leaf_weight=1449 7046 2299 2455 1675 3517 5852 2050 1303 4902 8024 3053 827 1088 3606 16815 3071 3560 1459 2157 8841 2539 1181 4357 420 2492 709 5476 1264 2455 1511 3358
leaf_count=1449 7046 2299 2455 1675 3517 5852 2050 1303 4902 8024 3053 827 1088 3606 16815 3071 3560 1459 2157 8841 2539 1181 4357 420 2492 709 5476 1264 2455 1511 3358
internal_value=-6.61159e-07 0.0331743 -0.0617338 -0.0291193 -0.101035 0.00555287 -0.0221597 -0.0948423 -0.118061 0.05873 0.000688028 -0.0161132 -0.063261 0.0276022 0.0657392 -0.0962305 -0.000248706 -0.00408202 0.00379256 0.0548959 -0.0957297 -0.0367448 0.040384 -0.115855 -0.123153 -0.174284 0.023698 -0.0806648 -0.014518 -0.0946782 -0.00299784
internal_weight=110811 72077 38734 21168 17566 34639 15348 6605 15111 37438 14563 11510 4930 19291 33680 10885 11787 3758 8797 25656 3627 4741 15685 7814 7394 4226 9833 2713 6640 3561 5813
internal_count=110811 72077 38734 21168 17566 34639 15348 6605 15111 37438 14563 11510 4930 19291 33680 10885 11787 3758 8797 25656 3627 4741 15685 7814 7394 4226 9833 2713 6640 3561 5813
is_linear=0
shrinkage=0.0845865


Tree=6
num_leaves=32
num_cat=0
split_feature=100 11 15 100 13 11 20 9 15 15 15 21 30 100 24 21 20 21 33 28 13 2 18 5 24 20 15 28 3 11 2
split_gain=26959.5 11743.7 4235.66 4014.46 3843.32 3498.91 2526.13 2223.24 2135.42 1785.48 1709.05 1943.65 1629.92 1591.34 1543.1 1277.83 1240.1 1175.84 1129.59 1077.17 1064.25 998.391 959.756 938.969 928.915 1043.46 926.5 885.54 828.003 764.221 761.664
threshold=1.0000000180025095e-35 -0.014832961824089648 0.0087459754560187519 -0.83144999999999991 0.043521661990152255 -0.016008746476948197 0.022090023546084855 -0.053633272910594339 -0.013156848115637049 -0.0062761940846778989 -0.017405078428784599 0.050612858482826158 0.010606276877554052 -0.86364999999999992 -0.0031504678499456496 -0.004438293604274399 0.0045911742205492507 0.017356602069816051 -0.029033681115620744 -0.0067663485611202494 0.027739432160307002 -0.056984100260755094 0.14970622230451747 0.022303292745254003 0.042200811811707102 -0.0016765659715795498 0.0060698043151713012 -0.0031166339909662493 -0.012025422060187198 0.019275904391133403 -0.056984100260755094
decision_type=2 2 2 2 2 2 2 2 2 2 2 2 2 2 2 2 2 2 2 2 2 2 2 2 2 2 2 2 2 2 2
left_child=1 3 4 12 6 9 13 -7 16 17 11 -5 20 23 -4 28 -9 19 -8 -2 22 -12 -1 29 25 -10 -14 -11 -15 -3 -6
right_child=5 2 14 10 30 7 18 8 24 27 21 -13 26 15 -16 -17 -18 -19 -20 -21 -22 -23 -24 -25 -26 -27 -28 -29 -30 -31 -32
leaf_value=-0.13247483885590461 -0.11617541105231735 -0.096471329664485725 0.06697661787313923 -0.11613696969065597 0.086470327588719267 0.094907248361639301 -0.14940037935930053 0.039245893567989583 0.093268790435818594 0.0018462954421434041 0.024469233724445809 0.0066767507141885715 -0.19416303770529816 -0.090290495767111817 0.0033728065082198238 0.023057349820188037 -0.02336538967970167 0.017077150049569452 -0.06736176303030926 -0.01731306288825003 -0.040639119880963942 -0.048190510186743127 0.12153983073160535 -0.15360343947449601 0.022346272066118045 0.050331091861428298 -0.10880095003773593 0.052064084555434112 -0.011143484839314819 -0.0026550834029996561 0.013219365043605992
leaf_weight=3158 1457 1217 5549 4905 1784 8637 1721 5289 7542 4407 1651 1135 2915 1520 5372 4977 3956 2267 3980 1720 1655 7488 110 807 3532 8753 1325 5847 2505 1270 2360
leaf_count=3158 1457 1217 5549 4905 1784 8637 1721 5289 7542 4407 1651 1135 2915 1520 5372 4977 3956 2267 3980 1720 1655 7488 110 807 3532 8753 1325 5847 2505 1270 2360
internal_value=-6.73373e-07 -0.0402442 -0.00741534 -0.0848322 -0.0286791 0.0432543 -0.0455905 0.0572234 0.046027 0.00969667 -0.0581401 -0.0930552 -0.129046 -0.0240094 0.0356923 -0.00559924 0.0124518 -0.0294522 -0.0921325 -0.0626604 -0.0959254 -0.0350618 -0.123916 -0.0743139 0.0616814 0.070206 -0.167495 0.0304835 -0.0410388 -0.0485735 0.0447601
internal_weight=110811 57404 33062 24342 22141 53407 17997 37709 29072 15698 15179 6040 9163 12296 10921 9002 9245 5444 5701 3177 4923 9139 3268 3294 19827 16295 4240 10254 4025 2487 4144
internal_count=110811 57404 33062 24342 22141 53407 17997 37709 29072 15698 15179 6040 9163 12296 10921 9002 9245 5444 5701 3177 4923 9139 3268 3294 19827 16295 4240 10254 4025 2487 4144
is_linear=0
shrinkage=0.0845865


Tree=7
num_leaves=32
num_cat=0
split_feature=100 11 11 5 100 1 1 9 24 7 15 18 15 24 9 2 64 100 100 62 7 11 21 7 9 3 38 15 21 1 14
split_gain=23007.7 8130.53 5764.18 4401.99 2985.3 2583.72 2456 2328.77 2151.32 1895.71 1538.47 1545.34 1394.37 1377.27 1350.63 1311.76 1262.24 1204.67 1174.54 1154.92 1030 1005.44 995.689 1239.17 892.59 858.01 849.899 934.491 926.055 843.94 831.894
threshold=-0.58544999999999991 -0.037683646759146046 -0.019223962180686647 0.006431453249888551 0.74330000000000018 0.016521050577421304 -0.051159864496574996 -0.029002966875096247 0.00080144080836265009 0.08503350434992317 0.0074070635974369014 0.14970622230451747 -0.030695532482002647 0.0075437739424964014 -0.067280322973575876 -0.040730922036960646 0.021231459737356 0.42215000000000008 -0.94224999999999992 0.034704663726290254 0.031347900195552704 -0.077769624999195638 0.014218486568828952 0.014140711759262452 -0.0074762196809996994 -0.020384300480516395 -0.038814162717511494 0.016396566681383503 -0.0094245490884503486 -0.028504986156112896 -0.047391013062219593
decision_type=2 2 2 2 2 2 2 2 2 2 2 2 2 2 2 2 2 2 2 2 2 2 2 2 2 2 2 2 2 2 2
left_child=1 10 5 6 8 15 13 16 19 14 11 21 -7 25 -10 -2 -5 -17 -8 26 -9 -1 23 -20 -6 -3 -4 28 -28 -16 -22
right_child=2 3 4 7 24 12 18 20 9 -11 -12 -13 -14 -15 29 17 -18 -19 22 -21 30 -23 -24 -25 -26 -27 27 -29 -30 -31 -32
leaf_value=-0.19679754577358816 0.050844610991540258 -0.023782747471720812 0.10404867406957752 -0.057566763336025679 0.086252711503174609 -0.10954415886390224 -0.12189969141107165 -0.080672850328811524 0.07568698735935038 -0.090528765813255266 -0.075246023511836277 0.054153853526646804 -0.025998113624991187 -0.016149558376028883 0.023929908653927391 -0.028518005554222087 0.055860886260835733 0.025436171741264012 -0.017058850434332196 0.00057185194787828591 -0.036686596969535426 -0.12670751912557704 0.017133257618927436 -0.11555722773485046 0.048316895414338319 0.063676110164817806 -0.0047944690920098216 0.081785308565899856 0.056273369995273041 -0.017697984555635968 -0.17513823832041503
leaf_weight=2336 3975 963 2479 2176 10260 2202 1119 3327 2237 1326 3570 269 4076 3869 7630 6846 1036 5217 2476 2914 368 3936 2251 1449 7827 4807 2999 4098 4357 6413 2003
leaf_count=2336 3975 963 2479 2176 10260 2202 1119 3327 2237 1326 3570 269 4076 3869 7630 6846 1036 5217 2476 2914 368 3936 2251 1449 7827 4807 2999 4098 4357 6413 2003
internal_value=-6.32978e-07 -0.0556143 0.0267116 -0.0304537 0.0420091 -0.00930347 -0.0051299 -0.0785804 0.027399 0.00672137 -0.119923 -0.144302 -0.055306 0.0228927 0.014644 0.00870284 -0.0209747 -0.00518215 -0.0421594 0.0490069 -0.111049 -0.152818 -0.0277071 -0.0534285 0.0698377 0.0490756 0.0591352 0.0494121 0.0313736 0.00491824 -0.15366
internal_weight=110811 35955 74856 25844 52540 22316 16934 8910 34453 17606 10111 6541 6278 9639 16280 16038 3212 12063 7295 16847 5698 6272 6176 3925 18087 5770 13933 11454 7356 14043 2371
internal_count=110811 35955 74856 25844 52540 22316 16934 8910 34453 17606 10111 6541 6278 9639 16280 16038 3212 12063 7295 16847 5698 6272 6176 3925 18087 5770 13933 11454 7356 14043 2371
is_linear=0
shrinkage=0.0845865


Tree=8
num_leaves=32
num_cat=0
split_feature=100 11 100 15 5 11 11 7 13 21 15 28 21 13 1 7 15 11 9 37 24 2 1 20 18 34 1 11 15 20 21
split_gain=19401.8 8783.61 3475.52 3109.74 2987.93 2426.67 2308.22 2036.43 2019.55 1571.27 1697.34 1561.63 1573.22 1469.46 1463.36 1282.97 1122.43 1121 1078.1 991.236 961.619 892.657 857.744 844.116 840.802 824.585 816.421 768.694 745.491 849.562 724.646
threshold=-0.10264999999999998 0.0072183644249842012 -0.72664999999999991 -0.048811798612725339 0.019760869183026303 0.0072183644249842012 -0.053503364706735793 0.02534889633907365 0.023874978805489454 0.050612858482826158 -0.0099521616891134479 0.0012391603315140504 0.018814861228179856 -0.038006863382511191 0.03941418630084096 0.034395952613936756 -0.0035621910404385498 0.032134417775220005 -0.022554223766791549 -0.03678993228020374 0.031769507147407908 -0.10244492144549054 0.025563501414801303 -0.020980856306515448 0.14970622230451747 0.06525596634073956 -0.0069821464535533492 -0.083548118816796441 0.013558821068191751 -0.014172031042892748 -0.031313150953097245
decision_type=2 2 2 2 2 2 2 2 2 2 2 2 2 2 2 2 2 2 2 2 2 2 2 2 2 2 2 2 2 2 2
left_child=1 2 6 14 13 11 21 -6 15 10 22 12 16 -3 23 28 -5 26 -7 -9 -12 -1 -4 -2 -23 -19 -15 -18 29 -8 -20
right_child=3 4 9 5 7 18 8 19 -10 -11 20 -13 -14 17 -16 -17 27 25 30 -21 -22 24 -24 -25 -26 -27 -28 -29 -30 -31 -32
leaf_value=-0.0022747921812564477 0.058740363754712269 -0.035293637261883934 -0.058551138979460821 -0.06811784193401911 -0.0090654183228327957 0.076986187433840503 -0.027870417659054549 -0.20379430667425913 -0.020312064493985909 0.037361024069225805 -0.001594760331880518 0.043055053280670462 0.044635073324249173 0.026389919468584367 -0.076907854973730941 -0.14445092093894618 -0.090822744611028086 0.066265714980921403 0.007503008145160456 -0.075664750304429818 -0.075720160582786133 -0.14888976754547875 -0.13185682308153743 -0.024341058795317078 0.03453994273512262 -0.046465924257989372 -0.045513486646454562 0.010213416468686965 -0.015961213478335092 -0.11324877501208401 0.052871535348403297
leaf_weight=346 1478 2494 3873 2494 3455 12207 1172 634 4089 1921 5686 12078 3872 4712 2283 2447 601 6617 3216 1359 1606 5157 1621 2144 185 499 1486 5198 1343 2897 11641
leaf_count=346 1478 2494 3873 2494 3455 12207 1172 634 4089 1921 5686 12078 3872 4712 2283 2447 601 6617 3216 1359 1606 5157 1621 2144 185 499 1486 5198 1343 2897 11641
internal_value=-6.5735e-07 -0.0365684 -0.0643278 0.0342574 0.00566919 0.0409478 -0.0896496 -0.0483505 -0.0685312 -0.0339612 -0.0446787 0.0215097 0.000116545 0.0242878 -0.0238697 -0.0936163 -0.0206668 0.0354504 0.0583589 -0.116441 -0.0179237 -0.134005 -0.0801851 0.00955587 -0.142533 0.0583572 0.009147 -0.00025507 -0.0706264 -0.0886632 0.0430524
internal_weight=110811 53599 32343 57212 21256 51307 17636 5448 11948 14707 12786 24243 12165 15808 5905 7859 8293 13314 27064 1993 7292 5688 5494 3622 5342 7116 6198 5799 5412 4069 14857
internal_count=110811 53599 32343 57212 21256 51307 17636 5448 11948 14707 12786 24243 12165 15808 5905 7859 8293 13314 27064 1993 7292 5688 5494 3622 5342 7116 6198 5799 5412 4069 14857
is_linear=0
shrinkage=0.0845865


Tree=9
num_leaves=32
num_cat=0
split_feature=100 11 15 7 21 100 15 21 11 28 24 13 4 21 1 2 9 15 15 3 1 13 13 12 37 24 4 14 21 70 24
split_gain=16498.7 7569.87 3613.1 2700.3 2562.12 2435.78 2328.95 2045.74 1778.1 1596.8 1523.6 1425.67 1380.06 1489.04 1308.6 1435.44 1235.76 1192.77 1109.24 1007.43 981.058 950.706 935.09 888.85 822.845 776.329 773.229 760.57 743.396 736.968 722.308
threshold=0.078100000000000017 0.0072183644249842012 0.0087459754560187519 0.012985596000153402 -0.038001164013311946 -0.84674999999999989 -0.0021966686799221495 0.013284309889026251 0.00094840894575840007 0.0015916102490158002 0.0020836027717366008 0.043521661990152255 0.080473382315498262 0.03370376118609316 -0.012671036047544099 -0.063105681280720541 -0.038567422464482443 -0.034379304198200546 -0.0049323831614139996 0.025010128426990155 -0.0090879461792783989 0.033195540842947707 -0.0076786144756713992 0.010219570932080603 -0.014079558605332649 0.015708656424266002 -0.11261772516853903 -0.028565640028726445 0.0014670405244712503 -0.024712341098548796 0.034880395704190305
decision_type=2 2 2 2 2 2 2 2 2 2 2 2 2 2 2 2 2 2 2 2 2 2 2 2 2 2 2 2 2 2 2
left_child=1 2 5 11 17 14 12 9 18 -7 22 19 13 24 15 -1 -9 -2 28 -3 -21 30 -4 -17 29 -8 -18 -12 -6 -5 -10
right_child=4 3 10 6 8 7 25 16 21 -11 27 -13 -14 -15 -16 23 26 -19 -20 20 -22 -23 -24 -25 -26 -27 -28 -29 -30 -31 -32
leaf_value=0.0096235082061473434 -0.059513630487944558 -0.0047815649946362027 -0.026586229623647026 -0.22545607460290684 -0.046558912103163118 -0.11310858323847767 0.043678273774642055 0.050820505578669607 0.058847699127837105 -0.041537294725170697 0.0034169833092403384 0.083493666156287255 0.043565205622871396 0.015341572181030386 -0.16117839447514506 -0.068820659395854036 0.10110875191097482 0.011914261418470955 0.038883823129221153 0.067279009852919361 -0.018557264909504195 0.091886589730484275 0.037399832137281666 -0.14171431136331814 -0.07232023875864628 -0.0343893604212702 -0.047945752115829278 -0.065906558314308847 0.015716543212086567 -0.10698752233046098 0.019836874642079585
leaf_weight=893 2217 6795 2917 620 2109 4730 2808 1521 15539 4223 1493 2807 704 874 2610 2279 266 6812 11271 3713 1281 4911 3715 2525 2055 1349 3868 4680 3921 957 4348
leaf_count=893 2217 6795 2917 620 2109 4730 2808 1521 15539 4223 1493 2807 704 874 2610 2279 266 6812 11271 3713 1281 4911 3715 2525 2055 1349 3868 4680 3921 957 4348
internal_value=-7.9652e-07 -0.0302101 -0.0548839 0.00656855 0.0352629 -0.0749943 -0.028875 -0.0541947 0.044032 -0.0793524 -0.0188937 0.029316 -0.0665505 -0.0837596 -0.111567 -0.0888335 -0.0143609 -0.00562224 0.0232178 0.0164139 0.0452571 0.0585527 0.00925319 -0.10714 -0.107613 0.0183391 -0.0383483 -0.0491367 -0.00606111 -0.153585 0.0503197
internal_weight=110811 59683 35720 23963 51128 22915 9367 14608 42099 8953 12805 14596 5210 4506 8307 5697 5655 9029 17301 11789 4994 24798 6632 4804 3632 4157 4134 6173 6030 1577 19887
internal_count=110811 59683 35720 23963 51128 22915 9367 14608 42099 8953 12805 14596 5210 4506 8307 5697 5655 9029 17301 11789 4994 24798 6632 4804 3632 4157 4134 6173 6030 1577 19887
is_linear=0
shrinkage=0.0845865


Tree=10
num_leaves=32
num_cat=0
split_feature=100 11 100 21 5 15 24 1 1 9 14 38 11 15 7 4 9 11 20 27 64 68 2 28 38 26 38 21 21 33 40
split_gain=14421.2 5170.69 4142.86 2969.89 2875.44 2542.34 1895.71 1792.2 1509.13 1324.31 1311.72 1281.93 1262.9 1222.65 1134.58 1112.08 1205.83 1108.69 1103.81 985.17 983.614 971.441 947.811 911.414 952.325 857.607 844.875 841.958 787.06 783.693 770.194
threshold=-0.62474999999999992 -0.027891336391990297 0.74330000000000018 0.0014670405244712503 0.015190626618529801 -0.034379304198200546 0.036105039451948706 -0.044862229559394791 0.045355472178381158 -0.029565661379314146 -0.04339450768652315 -0.045438102821860747 0.031567554202066909 0.028143738365646206 0.00049154994822640005 -0.091042437508464635 -0.067280322973575876 0.016785010834436401 -0.016978530504370697 -0.025178680056705646 0.033311017938045459 -0.031891455442796993 0.038041017580607357 0.006671805578262701 -0.013045254253044099 -0.00070598144209614978 -0.057306030108108995 -0.082512809636560089 0.0091389964893789522 -0.006698226332065199 -0.034790522923712493
decision_type=2 2 2 2 2 2 2 2 2 2 2 2 2 2 2 2 2 2 2 2 2 2 2 2 2 2 2 2 2 2 2
left_child=1 11 3 5 7 8 17 18 -2 20 22 -1 15 19 -12 -5 -17 23 -3 -13 -6 -20 -9 24 -7 -18 -4 -28 -21 -11 -29
right_child=2 4 26 12 9 6 -8 10 -10 29 14 13 -14 -15 -16 16 25 -19 21 28 -22 -23 -24 -25 -26 -27 27 30 -30 -31 -32
leaf_value=0.0056589220852267157 -0.030347205416482961 0.061528632179609119 0.091257546730314457 0.082424538262219474 -0.048900520953475461 0.021880955310398555 -0.047951215845384164 -0.071674574510622147 -0.11984503906949261 -0.14011874198862953 -0.015676786043301052 -0.1548181907461218 0.062543845438234019 -0.047698389717564356 -0.095685177008992095 0.069603483766765714 -0.022312950600279009 0.040146115793316645 -0.078479216219983133 -0.12032843618831997 0.089163187287025256 0.013410926715097084 0.080546103649964465 0.024461762746055354 -0.047708925698486761 0.019481195126548629 -0.053654675347017865 0.013347795729139205 -0.054971226493139402 -0.064189852691085708 0.055358065992745328
leaf_weight=904 4213 3067 3107 1740 1656 2134 4370 418 1983 1892 2411 2881 6059 2536 2677 2210 5904 7123 960 3233 475 5772 975 4992 4128 8673 614 3908 2229 2005 15562
leaf_count=904 4213 3067 3107 1740 1656 2134 4370 418 1983 1892 2411 2881 6059 2536 2677 2210 5904 7123 960 3233 475 5772 975 4992 4128 8673 614 3908 2229 2005 15562
internal_value=-7.40366e-07 -0.0457777 0.0203403 0.00740193 -0.0218347 -0.0109607 0.00212238 -0.00335406 -0.058995 -0.0717418 -0.0378644 -0.0911052 0.0290196 -0.0991478 -0.0577773 0.0180546 0.011381 0.014031 0.0194688 -0.114784 -0.0181143 0.000303356 0.0348524 -0.00249624 -0.0239903 0.00255218 0.0502033 0.0438508 -0.0936616 -0.101061 0.046927
internal_weight=110811 34091 76720 53529 22308 28943 22747 16280 6196 6028 6481 11783 24586 10879 5088 18527 16787 18377 9799 8343 2131 6732 1393 11254 6262 14577 23191 20084 5462 3897 19470
internal_count=110811 34091 76720 53529 22308 28943 22747 16280 6196 6028 6481 11783 24586 10879 5088 18527 16787 18377 9799 8343 2131 6732 1393 11254 6262 14577 23191 20084 5462 3897 19470
is_linear=0
shrinkage=0.0845865


Tree=11
num_leaves=32
num_cat=0
split_feature=100 11 11 13 9 15 15 20 1 38 31 5 3 7 21 13 24 2 20 2 20 7 11 27 53 1 1 7 12 1 15
split_gain=12084.9 4361.38 3894.79 3070.56 2858.92 2623.01 2212.04 1801.04 1442.04 1433.85 1417.96 1396.46 1254.31 1185.1 1134.09 1094.89 1077.49 1025.87 966.17 929.351 988.403 927.609 918.704 891.636 809.948 763.402 716.985 713.16 771.422 699.94 699.817
threshold=-0.62474999999999992 -0.037683646759146046 -0.044922168986462195 0.013258992544083451 -0.041524953795783547 -0.0053881507231608988 -0.038195205855435795 0.0029370507776331502 0.014690404804428502 -0.018199876059631744 0.043989514810209261 0.065848089103638416 0.028563002186104306 0.007654621366310301 0.014218486568828952 0.010203692040106951 -0.011030411509313947 -0.10244492144549054 0.019097664378791002 -0.066928269966891843 -0.097463530589374486 0.099374248208709659 0.029939802201082853 0.031463359698312453 0.0132872521735955 -0.042631229192707794 0.03941418630084096 0.030025241328595905 0.034775045211801858 0.064256267873574413 -0.0086090722231190967
decision_type=2 2 2 2 2 2 2 2 2 2 2 2 2 2 2 2 2 2 2 2 2 2 2 2 2 2 2 2 2 2 2
left_child=1 17 8 6 10 7 27 15 19 -8 18 22 14 26 -11 -6 -7 -1 -4 -2 -21 -18 -5 -19 -10 -14 -9 28 -3 -17 -20
right_child=2 3 4 11 5 16 9 13 24 12 -12 -13 25 -15 -16 29 21 23 30 20 -22 -23 -24 -25 -26 -27 -28 -29 -30 -31 -32
leaf_value=0.018904081778177498 0.063757395919747134 -0.04928878363766874 0.060299225943836965 0.0016963734219462802 -0.0088124217524361281 0.054743910403328551 0.028201897265199644 0.0043410253829094542 -0.030491957512669386 -0.10314157877398346 0.10602479233747321 -0.097501583572900521 0.030191180150461145 -0.075269599153868688 -0.013186313195791449 0.063583000864457742 0.025220559741489117 -0.11071303636563803 -0.026370256754167775 0.094962461613524424 -0.025019525540592898 -0.050501182524689957 0.05667491830080551 -0.044392083620954641 -0.10638659025307788 -0.055392614184919788 -0.072155737307707718 -0.16156969361679371 -0.15728016364781336 -0.021520761989396578 0.036847656641429041
leaf_weight=578 1214 1633 9871 7006 5701 9925 2339 4210 2142 3206 3200 797 1794 3446 1460 3589 15303 7183 1837 530 6700 1252 3154 1819 1899 1276 1107 1179 667 856 3938
leaf_count=578 1214 1633 9871 7006 5701 9925 2339 4210 2142 3206 3200 797 1794 3446 1460 3589 15303 7183 1837 530 6700 1252 3154 1819 1899 1276 1107 1179 667 856 3938
internal_value=-7.18381e-07 -0.0419059 0.0186198 -0.0229901 0.0270223 0.0155228 -0.0499082 -0.00853931 -0.0246087 -0.0298246 0.0547165 0.0103062 -0.047372 -0.0366298 -0.0749996 0.0157201 0.032706 -0.0903004 0.0442208 -0.00471903 -0.0162204 0.0194925 0.0187659 -0.0973146 -0.0661638 -0.00537394 -0.0115823 -0.108061 -0.0806192 0.0471892 0.0167346
internal_weight=110811 34091 76720 24511 64235 45389 13554 18909 12485 10075 18846 10957 7736 8763 4666 10146 26480 9580 15646 8444 7230 16555 10160 9002 4041 3070 5317 3479 2300 4445 5775
internal_count=110811 34091 76720 24511 64235 45389 13554 18909 12485 10075 18846 10957 7736 8763 4666 10146 26480 9580 15646 8444 7230 16555 10160 9002 4041 3070 5317 3479 2300 4445 5775
is_linear=0
shrinkage=0.0845865


Tree=12
num_leaves=32
num_cat=0
split_feature=100 24 7 62 100 1 15 1 15 40 33 22 42 3 28 15 60 26 23 13 100 1 18 3 20 14 20 34 3 65 38
split_gain=10461.8 4550.09 3039.21 2490.75 1948.57 1794.16 1712.43 1646.81 1626.5 1623.53 1559.17 1469.52 1452.88 1222.16 1376.04 1192.05 1170.54 973.837 971.71 955.477 938.997 892.581 1324.4 1167.72 864.463 821.647 819.138 780.771 770.813 733.09 681.634
threshold=0.078100000000000017 -0.0046980945101937994 0.030681698165730801 0.021353162220639401 0.86590000000000011 0.025563501414801303 -0.024544611515507995 0.025563501414801303 -0.0067564994056995989 0.0069209124025083005 -0.020862061547103048 -0.0030472356963344997 0.013402076499858152 -0.0017903630970337499 -0.0022766277410646496 0.020936725407406102 0.040006685383182854 -0.0041827886485900486 0.016091984656635801 0.028915617859504403 -0.92594999999999994 0.016521050577421304 -0.042508411007303092 -0.015317050799766448 -0.0083893198769363474 -0.03341232509921814 0.010743033750994601 0.031497373080567458 0.042706447634502306 -0.0054323025903789991 -0.0048337684753854996
decision_type=2 2 2 2 2 2 2 2 2 2 2 2 2 2 2 2 2 2 2 2 2 2 2 2 2 2 2 2 2 2 2
left_child=1 3 5 6 7 12 11 13 -7 15 29 26 19 14 18 -9 20 -14 -2 28 -12 23 -23 -5 -15 -10 -1 -8 -3 -4 -11
right_child=4 2 10 21 -6 8 27 9 25 30 16 -13 17 24 -16 -17 -18 -19 -20 -21 -22 22 -24 -25 -26 -27 -28 -29 -30 -31 -32
leaf_value=0.051359586553793662 -0.04258805233250678 -0.029476844467066343 -0.17465292914492514 -0.071540574568444648 0.057195487557164304 -0.13092395401349705 0.047789276607627822 -0.070073538914347019 0.055762107787886955 0.057223823779183322 -0.11735541263161799 -0.052814163821591972 -0.083857118942919626 0.069201967756227889 0.035152334308716261 0.0091475856490234406 -0.14918964819287436 -0.020093328222218754 0.030532365352972754 0.040871619824924571 -0.026650789709098226 0.024233368803825421 -0.12223855278598708 0.01187295838387775 0.028517833493309983 -0.055428771468038054 -0.039179577809421565 -0.0026150702006081127 0.029389473982697027 -0.094673268443940306 -0.011824871104450246
leaf_weight=2389 4142 5857 1575 1960 12444 2080 9646 3582 590 2499 1021 3680 2949 6326 7183 2189 905 4094 1895 3249 4084 597 1695 3099 9137 2446 1020 2847 2185 1715 1731
leaf_count=2389 4142 5857 1575 1960 12444 2080 9646 3582 590 2499 1021 3680 2949 6326 7183 2189 905 4094 1895 3249 4084 597 1695 3099 9137 2446 1020 2847 2185 1715 1731
internal_value=-7.34912e-07 -0.0240566 -0.0452364 0.00169695 0.0280798 -0.0290076 0.0174582 0.0187132 -0.0733004 -0.0108414 -0.0861546 -0.0157459 -0.0166465 0.0290188 0.0101331 -0.0400207 -0.0605219 -0.0467957 -0.0196321 0.00215788 -0.0447972 -0.0402855 -0.0840779 -0.0204401 0.0451635 -0.0338128 0.0242631 0.0363011 -0.0134802 -0.132971 0.0289629
internal_weight=110811 59683 32750 26933 51128 23450 19582 38684 5116 10001 9300 7089 18334 28683 13220 5771 6010 7043 6037 11291 5105 7351 2292 5059 15463 3036 3409 12493 8042 3290 4230
internal_count=110811 59683 32750 26933 51128 23450 19582 38684 5116 10001 9300 7089 18334 28683 13220 5771 6010 7043 6037 11291 5105 7351 2292 5059 15463 3036 3409 12493 8042 3290 4230
is_linear=0
shrinkage=0.0845865


Tree=13
num_leaves=32
num_cat=0
split_feature=100 11 11 13 15 38 15 7 28 21 7 21 1 15 38 1 21 1 13 24 9 22 18 1 24 2 62 1 42 23 2
split_gain=9136.25 3544.1 3348.22 2700.92 2253.12 2177.27 1842.11 1784.97 1765 1925.56 1654.82 1477.24 1433 1209.43 1045.13 1012.74 989.498 922.249 836.893 806.763 794.624 790.635 830.256 771.57 754.286 731.017 725.859 722.395 709.121 694.762 690.712
threshold=-0.68049999999999988 -0.014289845541505799 -0.045819074632108395 0.046689446714606758 -0.0040078979668783489 -0.045438102821860747 0.0087459754560187519 0.044903310782419957 0.01322285481738465 -0.016968690321947994 -0.0014992295605405998 0.090825141032628023 0.045355472178381158 0.017916390579034405 -0.0083643171336926486 0.0044119012768936506 -0.0075526514470863485 0.051332671033917511 0.027184817740167653 -0.0035340879673727496 -0.0084622106144956483 0.019746512133721205 0.14970622230451747 -0.013522962455048748 0.056237934562455155 0.015389123415821151 0.020905927413272053 -0.06595760297835164 -0.0070092658293062493 0.021954190815016355 0.022214310642842901
decision_type=2 2 2 2 2 2 2 2 2 2 2 2 2 2 2 2 2 2 2 2 2 2 2 2 2 2 2 2 2 2 2
left_child=2 8 21 4 10 -3 7 12 9 13 17 14 18 30 -12 28 -9 29 -7 -6 -5 22 -1 -22 -8 -10 -14 -21 -11 -4 -2
right_child=1 5 3 20 19 6 24 16 25 15 11 -13 26 -15 -16 -17 -18 -19 -20 27 23 -23 -24 -25 -26 -27 -28 -29 -30 -31 -32
leaf_value=-0.075211795554522301 -0.070640221286801849 0.068189698798196502 -0.033186167528327627 0.079526927253120785 0.024655832667694111 0.015380723482129681 0.045888469624888795 -0.085772194705125121 0.033239407342466866 0.04123171355153292 -0.052361392183952964 0.092246872019196222 -0.0074539535403051272 -0.023040222648891901 -0.12641148206110636 -0.0462796138478365 -0.0043034918554603853 -0.12084157877040536 0.059100522088552876 0.014689941970601297 0.029671070733629835 -0.12570833514423826 0.10521222586026041 -0.078279116168814306 -0.0078975413036797958 -0.015907152806789625 -0.089572338244598926 -0.057958162645295422 -0.010744449326003573 0.041635429423017171 -0.15156135348088706
leaf_weight=4525 2109 8120 3000 1749 3860 13246 17385 2099 7003 3231 2118 300 2487 2678 3836 3091 2170 628 4104 1619 2278 2649 190 598 2089 3134 1116 2477 4484 1261 1177
leaf_count=4525 2109 8120 3000 1749 3860 13246 17385 2099 7003 3231 2118 300 2487 2678 3836 3091 2170 628 4104 1619 2278 2649 190 598 2089 3134 1116 2477 4484 1261 1177
internal_value=-7.5929e-07 0.015166 -0.0388955 -0.0234282 -0.0374735 0.0278956 0.0205748 0.00548469 -0.00982032 -0.0266642 -0.0620225 -0.0908445 0.0156425 -0.0652455 -0.100074 -0.00536826 -0.0443661 -0.0251484 0.0257237 -0.00308777 0.0345669 -0.0887215 -0.0679354 0.00721655 0.0401177 0.0180429 -0.0328965 -0.029238 0.0110203 -0.0110382 -0.099634
internal_weight=110811 79723 31088 23724 19099 52816 44696 25222 26907 16770 11143 6254 20953 5964 5954 10806 4269 4889 17350 7956 4625 7364 4715 2876 19474 10137 3603 4096 7715 4261 3286
internal_count=110811 79723 31088 23724 19099 52816 44696 25222 26907 16770 11143 6254 20953 5964 5954 10806 4269 4889 17350 7956 4625 7364 4715 2876 19474 10137 3603 4096 7715 4261 3286
is_linear=0
shrinkage=0.0845865


Tree=14
num_leaves=32
num_cat=0
split_feature=100 11 11 15 13 20 21 33 28 15 24 15 24 62 1 23 60 7 38 42 13 70 9 58 7 18 7 22 20 13 63
split_gain=7811.33 3561.12 2540.16 2452.91 1940.64 1938.94 1809.17 1702.91 1512.55 1403.05 1364.71 1359.59 1355.91 1088.69 926.11 1202.81 904.586 840.376 839.453 839.211 823.638 817.867 773.298 751.503 683.973 661.313 633.17 620.241 584.343 583.936 575.34
threshold=-0.77164999999999984 0.0076801594257517513 -0.047691926740275996 -0.0035621910404385498 0.046689446714606758 0.013608792607664353 0.050612858482826158 -0.037396157099663839 0.013634829038544802 -0.029470645471271848 0.042200811811707102 0.010255899236185102 0.036742671097138455 0.046697401100642806 0.033502415493766806 0.0038215337859187006 0.032207310257406307 -0.0043623931269413489 0.0016968411315865502 0.0151783968189856 0.052412839913187161 -0.025120748095062997 -0.0033183031622648997 -0.018578376325428997 0.016529948876641155 -0.025467186893736695 -0.017774727675819498 -0.021196965632348196 0.025861484302828603 -0.059620939006217094 -0.031145365699723798
decision_type=2 2 2 2 2 2 2 2 2 2 2 2 2 2 2 2 2 2 2 2 2 2 2 2 2 2 2 2 2 2 2
left_child=2 3 26 6 7 10 8 21 14 23 22 13 19 16 15 17 18 -2 -9 28 -11 -4 -3 24 -7 -14 -1 -6 -5 -13 -16
right_child=1 5 4 12 27 9 -8 11 -10 20 -12 29 25 -15 30 -17 -18 -19 -20 -21 -22 -23 -24 -25 -26 -27 -28 -29 -30 -31 -32
leaf_value=-0.052553757793308169 -0.03841882293621067 0.068499347016025308 -0.17384347809940537 0.045461292109770401 0.060134689085254205 -0.040976618004787226 0.030347668019799764 0.011086166709751481 -0.0029567213588039517 0.012116124541601556 0.002951678393455193 -0.082636410508132391 0.023827796860978967 -0.13327561534259569 -0.018733327434392107 -0.0032292270681836643 -0.10095379472624279 -0.1124353712185584 -0.049243210618065102 -0.0020410990094767039 0.079759864947769751 -0.071572774867620106 0.035607680993696086 -0.013346115509565033 -0.17485658642395074 -0.046854647860466031 -0.11091428880544064 -0.0067510462298532156 0.0065582878955053516 0.026778573811430149 -0.11816314215545216
leaf_weight=2057 2478 11499 777 9773 1949 638 3231 2937 5446 11225 4605 389 1300 901 511 3201 1259 1972 3765 6731 1455 2004 9218 2236 478 3485 3774 2019 3853 3383 2262
leaf_count=2057 2478 11499 777 9773 1949 638 3231 2937 5446 11225 4605 389 1300 901 511 3201 1259 1972 3765 6731 1455 2004 9218 2236 478 3485 3774 2019 3853 3383 2262
internal_value=-8.03329e-07 0.0121879 -0.04138 -0.00449192 -0.0266527 0.0300334 -0.0273425 -0.0402325 -0.0390891 0.00701319 0.0446073 -0.0270396 0.0128674 -0.0451432 -0.0579643 -0.0427802 -0.035165 -0.0712249 -0.0228022 0.0223916 0.0198801 -0.100158 0.0538654 -0.0416532 -0.0983455 -0.027647 -0.0903309 0.0260969 0.0344624 0.0154879 -0.0998491
internal_weight=110811 85597 25214 44243 19383 41354 19101 15415 15870 16032 25322 12634 25142 8862 10424 7651 7961 4450 6702 20357 12680 2781 20717 3352 1116 4785 5831 3968 13626 3772 2773
internal_count=110811 85597 25214 44243 19383 41354 19101 15415 15870 16032 25322 12634 25142 8862 10424 7651 7961 4450 6702 20357 12680 2781 20717 3352 1116 4785 5831 3968 13626 3772 2773
is_linear=0
shrinkage=0.0845865


Tree=15
num_leaves=32
num_cat=0
split_feature=100 24 7 62 38 15 21 74 33 15 28 21 26 20 3 42 21 13 33 14 21 20 34 20 28 65 33 15 100 5 28
split_gain=6968.05 3662.12 2363.19 2098.03 1593.69 1573.62 1516.4 1369.32 1094.68 1057.84 1053.69 1037.15 1041.1 938.344 867.682 841.628 837.058 832.902 827.953 814.081 807.796 714.851 704.061 697.904 674.549 664.282 654.881 641.055 635.761 621.152 615.528
threshold=0.17810000000000001 -0.0046980945101937994 0.038350382520869607 0.024532029258435856 -0.039498728213958646 -0.054463850725262143 -0.019159792641172044 0.024812834049086557 -0.020862061547103048 0.033802499164147307 0.024530531217677402 -0.024625008396926946 0.0063909912361053509 -0.018462992384700547 -0.0011709492336022499 0.010617836791281301 0.11247527283319292 0.048485263123072754 -0.029518341735190197 -0.040315743492294588 0.12220770458534622 -0.016494631345409246 0.053094677885392259 0.010321637729841951 -0.015317030825566397 -0.0063451229157679492 0.00035963432068305005 -0.047908780707242839 0.91525000000000012 0.017868277462585101 -0.0031166339909662493
decision_type=2 2 2 2 2 2 2 2 2 2 2 2 2 2 2 2 2 2 2 2 2 2 2 2 2 2 2 2 2 2 2
left_child=1 3 7 4 -1 23 9 11 25 10 14 19 16 -8 -2 -10 -13 22 -9 -3 28 29 26 -6 -21 -4 -7 -23 30 -5 -15
right_child=6 2 8 21 5 17 13 18 15 -11 -12 12 -14 20 -16 -17 -18 -19 -20 24 -22 27 -24 -25 -26 -27 -28 -29 -30 -31 -32
leaf_value=0.076337677453486616 -0.06118861532437523 0.027337018230950923 -0.16012438883023494 0.023796339134866673 -0.017049423069970673 -0.0032591567376088382 0.055176653714977847 -0.11926101232728191 -0.02481690656914632 0.034458387817519108 0.032700163516808496 -0.026956036010536984 0.0235214743792251 -0.0013363647920118875 -0.0041058645984546876 -0.093102757050252213 0.1311211273279714 0.062720045188240175 -0.043147683643502438 -0.096775310217295935 0.11015609726872916 -0.12117803676822887 -0.044183753188246536 -0.1007674997699156 -0.0338437996156538 -0.080274508690022658 0.037538263230996745 -0.04068525877076748 0.057487378880351596 -0.076049966756096224 0.029789695391588048
leaf_weight=2822 3351 976 1389 1883 2011 5521 10616 1379 3096 4972 2689 7969 6292 8357 4418 2217 247 2612 3963 1917 762 882 1498 1104 3350 1613 5742 3596 3019 584 9964
leaf_count=2822 3351 976 1389 1883 2011 5521 10616 1379 3096 4972 2689 7969 6292 8357 4418 2217 247 2612 3963 1917 762 882 1498 1104 3350 1613 5742 3596 3019 584 9964
internal_value=-8.97261e-07 -0.0185941 -0.0371243 0.00397072 0.0171298 0.00809097 0.024197 -0.0246092 -0.0763945 0.0023366 -0.012933 -0.0147761 -0.00236955 0.0345058 -0.0287304 -0.0533159 -0.0222001 0.0192005 -0.062801 -0.0436037 0.0245762 -0.0364033 0.0102907 -0.0467286 -0.0567536 -0.11723 0.017538 -0.0565457 0.021519 0.000150204 0.0155906
internal_weight=110811 62663 34408 28255 21310 18488 48148 26093 8315 15430 10458 20751 14508 32718 7769 5313 8216 15373 5342 6243 22102 6945 12761 3115 5267 3002 11263 4478 21340 2467 18321
internal_count=110811 62663 34408 28255 21310 18488 48148 26093 8315 15430 10458 20751 14508 32718 7769 5313 8216 15373 5342 6243 22102 6945 12761 3115 5267 3002 11263 4478 21340 2467 18321
is_linear=0
shrinkage=0.0845865


Tree=16
num_leaves=32
num_cat=0
split_feature=100 11 38 11 15 20 24 2 13 9 33 60 15 62 21 26 24 3 28 1 31 1 34 62 2 15 15 20 22 19 38
split_gain=5947.73 3154.05 2354.13 2080.8 1942.74 2220.95 1795.04 1432.47 1303.31 1102.16 1097.52 1078.13 992.917 985.899 946.275 888.164 832.378 791.416 763.331 733.655 716.712 714.306 681.321 666.998 650.305 650.031 646.704 641.334 614.185 613.586 581.102
threshold=-0.78429999999999989 -0.031821152397015197 -0.045438102821860747 -0.055655428992582141 0.016914813614608951 0.0013121196898274502 -0.0093164569532142982 -0.014558113520469448 -0.023104389554723794 -0.073000695689616091 -0.04682881096063659 0.013559680985890101 -0.059785038021376594 -0.0086265522807363985 -0.067745310251869084 -0.012747800939005348 0.10994557259447872 -0.055294504275847194 0.01322285481738465 0.064256267873574413 0.004382395045981151 -0.015169470707859399 0.035162018364807403 0.043932034007490059 -0.00058463235547459981 0.026433698158682604 -0.016509357246211099 0.013175628788399651 0.010193600270154953 -0.017028667013199248 -0.0017503610409028997
decision_type=2 2 2 2 2 2 2 2 2 2 2 2 2 2 2 2 2 2 2 2 2 2 2 2 2 2 2 2 2 2 2
left_child=3 7 20 28 5 8 13 29 17 -9 -7 15 -12 -5 -11 25 -6 -4 30 24 -3 -17 -20 -14 -10 -8 27 -15 -1 -2 -16
right_child=1 2 4 6 16 10 11 9 19 14 12 -13 23 26 18 21 -18 -19 22 -21 -22 -23 -24 -25 -26 -27 -28 -29 -30 -31 -32
leaf_value=-0.060580108549854184 0.035800323268439231 0.036778865901351231 -0.08325504492913724 0.04042667276112355 0.036098314798226554 -0.071659612338702217 -0.079607763699141867 0.029784547295492989 0.06266204496846442 -0.11827332830520521 -0.072982831617635954 -0.08558808351891764 0.0020807556408778743 -0.018892151618333408 -0.031025647627335659 0.011893250095844516 -0.092784278608110268 0.0014827032475347706 0.012578433396834036 -0.011833767805142692 0.082951670810175904 -0.068654729415097537 -0.085832400294371489 -0.059093476673038971 0.022355100462384831 0.025018731560577115 0.011036219611476052 -0.11189984849568989 -0.12222100235772955 -0.011035438402976465 -0.084265779323538875
leaf_weight=2651 3385 5293 990 3372 19794 2528 2724 1511 6042 1197 1681 3508 12499 1539 3056 3642 365 3873 2692 2010 4413 1005 619 1420 5449 503 2466 810 2055 4895 2824
leaf_count=2651 3385 5293 990 3372 19794 2528 2724 1511 6042 1197 1681 3508 12499 1539 3056 3642 365 3873 2692 2010 4413 1005 619 1420 5449 503 2466 810 2055 4895 2824
internal_value=-9.25195e-07 0.0103781 0.0192835 -0.0370012 0.0126884 0.00104542 -0.0248551 -0.0189053 0.021779 -0.0377053 -0.0199569 -0.0465826 -0.0115768 0.00534912 -0.0475244 -0.0292017 0.0337634 -0.0157646 -0.0383072 0.0353036 0.0577747 -0.00552289 -0.00581464 -0.00415889 0.0435507 -0.0632926 -0.0192119 -0.0509751 -0.0875031 0.00810935 -0.0565997
internal_weight=110811 86536 66357 24275 56651 36492 19569 20179 18364 11899 18128 11382 15600 8187 10388 7874 20159 4863 9191 13501 9706 4647 3311 13919 11491 3227 4815 2349 4706 8280 5880
internal_count=110811 86536 66357 24275 56651 36492 19569 20179 18364 11899 18128 11382 15600 8187 10388 7874 20159 4863 9191 13501 9706 4647 3311 13919 11491 3227 4815 2349 4706 8280 5880
is_linear=0
shrinkage=0.0845865


Tree=17
num_leaves=32
num_cat=0
split_feature=100 11 15 21 28 7 20 33 40 1 7 7 15 20 15 62 15 13 13 74 9 21 20 11 60 13 1 33 13 7 1
split_gain=5253.58 3748.29 2265.7 2014.03 1949.69 1563.88 1644.41 1283.5 1053.49 1377.29 1056.81 1050.94 1025.03 988.008 989.461 944.587 766.163 764.19 762.594 762.332 730.958 679.114 646.288 642.699 642.502 641.962 639.739 548.056 537.99 531.91 529.698
threshold=0.42215000000000008 0.016253589878105903 0.016914813614608951 0.050612858482826158 0.005044673245424001 0.012985596000153402 -0.0123081443945886 0.025111038252633753 0.035063232259149209 0.016521050577421304 0.066330729236624017 -0.0057703504415643489 -0.026696383359199497 -0.050199045317447295 -0.053498587056858643 0.013723886813736251 -0.0086090722231190967 -0.057394392718118491 -0.0080957104341565483 0.027673106704240204 -0.0048954986917168998 -0.028161367144856248 -0.030563806785535896 -0.093672532763851041 0.016839937229406403 0.04276564113094581 0.0074724399692202509 -0.021728682288152699 -0.0067694821682302486 0.10523956644012887 0.045355472178381158
decision_type=2 2 2 2 2 2 2 2 2 2 2 2 2 2 2 2 2 2 2 2 2 2 2 2 2 2 2 2 2 2 2
left_child=1 2 3 4 7 19 17 13 9 10 22 23 -8 -1 -15 18 -11 -7 -4 25 -5 -17 -2 -6 26 30 -9 29 -13 -14 -3
right_child=8 5 15 20 11 6 12 24 -10 16 -12 28 27 14 -16 21 -18 -19 -20 -21 -22 -23 -24 -25 -26 -27 -28 -29 -30 -31 -32
leaf_value=-0.0092322184889973187 0.063978304059355937 0.040142076729895802 -0.012405253170327616 0.042337377730150137 -0.094362876459720968 -0.070626050388053876 -0.097930138567829908 0.024850663423651109 0.053255342782266346 -0.042694574849107166 -0.022201701177830546 -0.074648397704626224 -0.040645706337200528 -0.14345897059776538 -0.078213464749885844 -0.078556210547515368 0.0090447575789832056 0.044981265295662494 0.036276424384029178 -0.0094031942512615915 -0.024068328829075683 -0.010182419601258916 0.027332730964833376 0.012508839284902021 -0.081844998736395086 0.078557928143173986 -0.070418950902340988 0.0037441480644163534 -0.026691245399893558 -0.19090216984897412 -0.0070286850444238247
leaf_weight=1171 4347 7652 3970 2483 438 470 1705 1810 7481 3326 2603 2784 1076 2077 8369 1436 5327 3149 5479 2847 2270 3766 16591 4972 1001 2386 699 2534 4202 200 2190
leaf_count=1171 4347 7652 3970 2483 438 470 1705 1810 7481 3326 2603 2784 1076 2077 8369 1436 5327 3149 5479 2847 2270 3766 16591 4972 1001 2386 699 2534 4202 200 2190
internal_value=-9.39159e-07 -0.0137558 -0.027702 -0.0402243 -0.0490051 0.0132767 -0.014341 -0.0693857 0.0246606 0.0180152 0.0286225 -0.0241325 -0.0434159 -0.0829299 -0.0911892 -0.00011396 -0.0108403 0.0299604 0.0158206 0.0300117 0.0106181 -0.0290617 0.034942 0.00385139 -0.0245518 0.0391902 -0.00168384 -0.0190135 -0.0458063 -0.0642223 0.0296437
internal_weight=110811 71136 46927 32276 27523 24209 9134 15127 39675 32194 23541 12396 5515 11617 10446 14651 8653 3619 9449 15075 4753 5202 20938 5410 3510 12228 2509 3810 6986 1276 9842
internal_count=110811 71136 46927 32276 27523 24209 9134 15127 39675 32194 23541 12396 5515 11617 10446 14651 8653 3619 9449 15075 4753 5202 20938 5410 3510 12228 2509 3810 6986 1276 9842
is_linear=0
shrinkage=0.0845865


Tree=18
num_leaves=32
num_cat=0
split_feature=38 15 11 20 100 60 9 13 33 1 7 28 28 100 33 20 60 15 24 15 22 23 3 100 7 33 14 70 7 34 68
split_gain=4732.13 4138.19 2838.48 2103.72 1709.23 1285.5 1180.11 1091.98 1042.22 995.563 1041.59 850.204 817.584 807.085 789.621 752.798 739.077 729.554 653.249 632.23 619.891 609.492 604.729 602.401 595.007 594.897 574.825 569.445 565.15 552.731 546.791
threshold=-0.029293476896049997 -0.037504484479936144 0.0076801594257517513 0.0045911742205492507 -0.31744999999999995 0.024866537640562205 -0.013826940947988298 -0.030108659451630146 -0.00037192131382074992 0.03941418630084096 0.060968070880206053 -0.029058607615210796 0.012330713277000851 -0.88839999999999986 -0.025954234593641747 -0.013700849782724749 0.053308837352122863 0.030471507042390853 -0.0072149403448404986 -0.056602689056735343 0.028844374931038252 0.015221864583425252 0.044148753684022261 -0.92004999999999992 0.079163110103842318 -0.0522796574898255 -0.084908051491288286 -0.025120748095062997 0.0009822715782074002 -0.0095042333357267476 0.0068119107036083504
decision_type=2 2 2 2 2 2 2 2 2 2 2 2 2 2 2 2 2 2 2 2 2 2 2 2 2 2 2 2 2 2 2
left_child=6 3 4 9 5 8 15 17 12 10 20 22 23 -5 27 -1 18 24 -8 -17 21 -2 -6 -3 -4 -13 -12 28 -9 -10 -15
right_child=1 2 7 13 11 -7 16 14 29 -11 26 25 -14 30 -16 19 -18 -19 -20 -21 -22 -23 -24 -25 -26 -27 -28 -29 -30 -31 -32
leaf_value=0.078862994970485545 -0.0020068920535399873 -0.13010523997357062 -0.013544173440507566 -0.12658396816739798 -0.049911546084875122 -0.080858164838772076 0.044121701606650784 0.01137380560876125 0.036857998810660653 -0.070791819386264609 0.096082562461076396 -0.040298774137437925 -0.0085692753180258447 -0.08472325186659091 0.037034880476412305 -0.028967454700023352 -0.049370352357994522 0.026858977398890954 0.003924715752963593 0.044191562992002775 -0.0452406104699071 0.056568359756384495 0.027716887600549411 -0.052376690184149519 -0.087144977606764248 0.015732827213509406 -0.1046571996198753 0.017226809741806265 -0.089529887218836882 -0.01643829248506606 -0.033986311992247116
leaf_weight=4421 3634 900 3908 1851 3252 3556 4977 751 2108 2151 114 1502 2610 3539 17503 963 1182 2634 6910 6886 1358 1954 921 3452 984 13903 963 4315 842 4100 2667
leaf_count=4421 3634 900 3908 1851 3252 3556 4977 751 2108 2151 114 1502 2610 3539 17503 963 1182 2634 6910 6886 1358 1954 921 3452 984 13903 963 4315 842 4100 2667
internal_value=-1.01139e-06 -0.00951866 0.000172356 -0.0452628 -0.0158704 -0.0357273 0.0321024 0.0189989 -0.0235397 -0.0196898 -0.00598607 0.00109282 -0.0460093 -0.0775522 0.0280095 0.0509424 0.0144125 -0.00902724 0.0207568 0.0352127 0.00601244 0.0184722 -0.0327733 -0.0684577 -0.0283539 0.0102682 -0.0833846 0.00126729 -0.0419482 0.00165586 -0.0629233
internal_weight=110811 85472 67241 18231 36304 16726 25339 30937 13170 10174 8023 19578 6962 8057 23411 12270 13069 7526 11887 7849 6946 5588 4173 4352 4892 15405 1077 5908 1593 6208 6206
internal_count=110811 85472 67241 18231 36304 16726 25339 30937 13170 10174 8023 19578 6962 8057 23411 12270 13069 7526 11887 7849 6946 5588 4173 4352 4892 15405 1077 5908 1593 6208 6206
is_linear=0
shrinkage=0.0845865


Tree=19
num_leaves=32
num_cat=0
split_feature=11 38 15 7 21 1 15 22 13 100 17 62 62 12 2 28 9 33 2 3 26 9 53 42 33 31 7 62 38 33 11
split_gain=4388.5 3399.24 2675.12 2437.74 1701.51 1659.27 1509.53 1334.5 1282.82 1291.11 1224.35 1137.7 1072.92 899.735 895.799 852.77 814.376 793.71 778.053 726.02 669.858 669.351 639.258 637.758 620.459 608.887 582.701 582.638 547.751 547.003 525.282
threshold=-0.045819074632108395 -0.016887007303277496 0.0087459754560187519 0.00049154994822640005 0.037297872263256558 0.051332671033917511 0.03643252794496251 0.019746512133721205 0.041950526572167454 -0.076299999999999993 0.11026416155031836 0.024532029258435856 0.0077264098060446009 0.013212636743414651 -0.035202473496292942 -0.060643550149978291 -0.014342543383057899 0.01208635642199095 0.015389123415821151 -0.017499244721326895 -0.0086908493390172991 0.042413382382144059 -0.032256357785736496 0.0054932356200882012 -0.042212042601912338 0.016308213134240055 0.066330729236624017 0.0084334023191900021 -0.039498728213958646 -0.07606565086468968 0.021277210818736205
decision_type=2 2 2 2 2 2 2 2 2 2 2 2 2 2 2 2 2 2 2 2 2 2 2 2 2 2 2 2 2 2 2
left_child=6 11 3 5 8 13 7 10 9 17 15 16 24 30 -15 -1 25 -5 23 -14 -13 -6 -16 -17 -4 29 -11 -7 -9 -2 -3
right_child=1 2 12 4 21 27 -8 28 -10 26 -12 20 19 14 22 18 -18 -19 -20 -21 -22 -23 -24 -25 -26 -27 -28 -29 -30 -31 -32
leaf_value=-0.11742612611667337 -0.069402587339685545 0.011430483331482381 -0.012468546355312349 -0.10934926475961791 0.030902671190728769 -0.023051154123572448 0.00036525716248777336 -0.022916287745812385 0.0026396857598478926 -0.016369467522347979 0.0623962145744427 -0.034279233016552127 -0.035473047415726898 0.031884555163070878 -0.10866749325625601 0.016905803122131441 0.025016401373732827 -0.046931358275557986 -0.067306295482057202 0.013131335383034503 0.020106229334285797 -0.0812283224932209 -0.021392380939092549 -0.044218202337700803 0.039498089454022056 0.083660066037490086 -0.087401051489058385 -0.098409599667771172 -0.10083816233345885 0.047086647330105771 0.049026047233610155
leaf_weight=959 301 6459 1890 4619 2675 1718 5898 776 2358 3716 882 2426 3352 1821 784 2560 11884 2132 2940 6391 4879 444 2569 2335 12591 3929 1063 1283 3860 6795 4522
leaf_count=959 301 6459 1890 4619 2675 1718 5898 776 2358 3716 882 2426 3352 1821 784 2560 11884 2132 2940 6391 4879 444 2569 2335 12591 3929 1063 1283 3860 6795 4522
internal_value=-1.03843e-06 0.00794909 -0.00363992 -0.0182113 -0.0415191 0.00248068 -0.0356423 -0.0504825 -0.0541986 -0.0658244 -0.0325999 0.0311121 0.0181122 0.0132115 -0.015867 -0.0421305 0.0403808 -0.0896412 -0.0329107 -0.00358855 0.00204168 0.0149322 -0.0418072 -0.0122473 0.0327141 0.0569401 -0.0321746 -0.0552773 -0.0878003 0.0421418 0.0269146
internal_weight=110811 90601 60387 36163 17007 19156 20210 14312 13888 11530 9676 30214 24224 16155 5174 8794 22909 6751 7835 9743 7305 3119 3353 4895 14481 11025 4779 3001 4636 7096 10981
internal_count=110811 90601 60387 36163 17007 19156 20210 14312 13888 11530 9676 30214 24224 16155 5174 8794 22909 6751 7835 9743 7305 3119 3353 4895 14481 11025 4779 3001 4636 7096 10981
is_linear=0
shrinkage=0.0845865


Tree=20
num_leaves=32
num_cat=0
split_feature=11 100 1 42 63 2 7 3 21 21 2 7 14 12 2 33 3 62 3 91 21 1 24 33 58 18 22 9 18 37 34
split_gain=3837.56 3245.91 2303.32 2668.81 1620.77 1444.02 1418.85 1305.22 1509.36 1272.76 1220.17 1094.92 1061.67 993.993 926.751 827.57 827.096 769.424 761.129 760.156 757.273 673.927 665.845 656.708 629.533 598.038 576.91 654.615 562.009 533.147 525.752
threshold=0.029939802201082853 -0.93124999999999991 0.025563501414801303 0.013402076499858152 -0.019623514941606596 -0.021507250821265294 0.083068829820494461 0.017121266251011406 0.081641661952488773 -0.0048258181491542497 -0.076298159710646685 0.05408932826314871 0.0090970484162526521 0.021176743249152204 -0.047546432020394942 -0.058757165160958892 -0.11850123737082839 -0.035361125352060943 0.0052811130631240004 0.062609973277543321 -0.057816508389308491 0.0027752352565235503 0.030620220138685053 -0.038005689863504839 -0.033551589183686295 -0.038462464879082642 -0.0030472356963344997 0.010166383131484501 0.010355890310711251 -0.045513163723168042 0.035826120870992913
decision_type=2 2 2 2 2 2 2 2 2 2 2 2 2 2 2 2 2 2 2 2 2 2 2 2 2 2 2 2 2 2 2
left_child=1 10 3 5 -4 26 13 8 15 11 21 17 16 22 -15 -7 -6 -2 -14 -19 -18 -1 -5 29 -16 -22 -3 -28 -11 -13 -12
right_child=9 2 4 6 12 7 -8 -9 -10 28 30 23 18 14 24 -17 20 19 -20 -21 25 -23 -24 -25 -26 -27 27 -29 -30 -31 -32
leaf_value=0.043775013345189392 0.063172117086334564 0.05956770360453302 0.0057868409029829277 0.010152312734536021 0.096392966530596175 -0.10746269141128204 -0.10672074218098943 0.029182146377024709 0.07377440446254574 0.053134036933965456 -0.066129264075351107 -0.18288154862794137 -0.11490426639035944 0.0066784401294971655 0.0067748875957127754 -0.014963616302451499 -0.11813894207958785 0.01354391884409885 -0.04877600508343722 -0.10221494282228627 0.030419363398383865 -0.17887104242817592 -0.036302317318486044 -0.012992455819263754 -0.076957545284148096 -0.038785117379122019 0.045661058058382602 -0.011837765245076749 0.01972615666264969 -0.046862809058173034 -0.12471480528721793
leaf_weight=898 2272 6109 5459 9255 364 735 1297 9677 1349 10510 4232 341 2321 1967 773 11854 692 9974 2691 423 1134 109 2899 2106 3790 4206 3509 2375 5486 523 1481
leaf_count=898 2272 6109 5459 9255 364 735 1297 9677 1349 10510 4232 341 2321 1967 773 11854 692 9974 2691 423 1134 109 2899 2106 3790 4206 3509 2375 5486 523 1481
internal_value=-1.03289e-06 -0.00995125 -0.00473512 0.00357195 -0.0321141 0.0174558 -0.0211693 0.00531571 -0.011253 0.0249017 -0.0661886 0.00774097 -0.0502524 -0.015229 -0.041846 -0.0203663 -0.0274044 0.0185788 -0.0794046 0.00883162 -0.0348795 0.019644 -0.000926537 -0.0384815 -0.0627682 -0.0240847 0.0413585 0.0224489 0.0416779 -0.100581 -0.0813216
internal_weight=110811 79176 72456 55589 16867 35608 19981 23615 13938 31635 6720 15639 11408 18684 6530 12589 6396 12669 5012 10397 6032 1007 12154 2970 4563 5340 11993 5884 15996 864 5713
internal_count=110811 79176 72456 55589 16867 35608 19981 23615 13938 31635 6720 15639 11408 18684 6530 12589 6396 12669 5012 10397 6032 1007 12154 2970 4563 5340 11993 5884 15996 864 5713
is_linear=0
shrinkage=0.0845865


Tree=21
num_leaves=32
num_cat=0
split_feature=38 15 7 1 33 21 62 21 3 21 28 7 9 33 31 33 4 100 60 28 1 100 2 2 9 68 30 21 74 30 27
split_gain=3473.64 3490.87 2011.69 1895.25 1758.81 1393.12 1308.32 988.872 897.916 845.719 822.989 819.098 786.05 783.638 728.798 688.421 667.532 667.532 656.843 655.161 640.825 638.496 603.899 564.537 559.752 568.555 510.144 507.863 473.282 471.722 468.689
threshold=-0.043069114035077342 -0.018388492479708345 0.030025241328595905 0.030608773561614001 -0.031144567112936648 0.087403027277073414 0.0077264098060446009 -0.017863805363148449 0.017689323104727202 -0.00073512634347449983 0.019828326375400603 0.10822796859505861 -0.029002966875096247 0.015563810792707451 0.00040862983780650005 0.020593936914875054 -0.23147600229296891 -0.8224499999999999 0.015569006471004402 -0.028524572768928697 -0.0023420014699473495 0.55785000000000007 0.0097342392611096517 -0.074804891597230638 -0.069434401181189737 -0.018485197373265799 0.0040939945668192505 -0.0052157085562949991 0.048985793978211505 0.0021027058944788003 -0.014628544574664648
decision_type=2 2 2 2 2 2 2 2 2 2 2 2 2 2 2 2 2 2 2 2 2 2 2 2 2 2 2 2 2 2 2
left_child=14 2 3 9 7 13 12 11 17 10 15 21 -6 30 -1 22 -5 -8 -14 -19 -16 28 -2 -20 -11 -26 -18 -21 -3 -15 -4
right_child=1 4 5 16 6 -7 8 -9 -10 24 -12 -13 18 29 20 -17 26 19 23 27 -22 -23 -24 -25 25 -27 -28 -29 -30 -31 -32
leaf_value=0.018953304870863236 -0.019452207200183449 -0.054439717921663383 -0.11721996207583134 0.12066950412351329 0.044721935749649035 0.053889654742780319 -0.071309504892584363 -0.0037820654675769262 0.017461033802467312 0.065981031382169583 0.017210888923825864 -0.18050598216321107 0.02505724299308755 -0.0071815766024154728 0.07033142100006827 0.0055400754361993832 -0.035750249779741221 -0.053221164522690434 0.050845352851216094 -0.024110676286912481 0.015626605188770355 0.0026703188265347903 -0.082193812295176055 -0.021665050258306544 -0.030103993338551762 0.020640234244199727 -0.087501436339556246 0.020408964400418724 -0.17769677353956323 -0.076450308755128163 -0.067897762125975314
leaf_weight=8021 1915 2846 2469 145 9581 689 1525 8725 8313 1347 2853 327 13519 1720 5605 1878 2579 2060 922 3291 2110 1532 2575 4602 2156 5909 2895 4139 242 1191 3130
leaf_count=8021 1915 2846 2469 145 9581 689 1525 8725 8313 1347 2853 327 13519 1720 5605 1878 2579 2060 922 3291 2110 1532 2575 4602 2156 5909 2895 4139 242 1191 3130
internal_value=-1.00384e-06 -0.00609399 -0.0280932 -0.0153165 0.00584737 -0.0617745 0.0134781 -0.0209143 -0.00352399 -0.00233008 -0.0205374 -0.0511255 0.0249592 -0.0711419 0.0368106 -0.0374528 -0.0583762 -0.0193633 0.0150149 -0.0110131 0.055373 -0.0419609 -0.0554397 -0.00955816 0.0155055 0.00707211 -0.0631242 0.000686794 -0.0641096 -0.0355304 -0.0896524
internal_weight=110811 95075 33451 24252 61624 9199 47952 13672 19328 18633 9221 4947 28624 8510 15736 6368 5619 11015 19043 9490 7715 4620 4490 5524 9412 8065 5474 7430 3088 2911 5599
internal_count=110811 95075 33451 24252 61624 9199 47952 13672 19328 18633 9221 4947 28624 8510 15736 6368 5619 11015 19043 9490 7715 4620 4490 5524 9412 8065 5474 7430 3088 2911 5599
is_linear=0
shrinkage=0.0845865


Tree=22
num_leaves=32
num_cat=0
split_feature=11 38 15 4 68 7 9 22 94 24 38 26 68 21 11 13 60 9 4 15 61 1 28 17 34 13 21 95 1 9 4
split_gain=3321.35 2850.62 2118.84 1814.66 1699.26 1146.36 1076.8 1000.62 995.211 973.788 947.677 901.528 969.37 850.576 773.596 726.108 699.429 695.871 716.343 676.044 608.839 595.417 580.763 566.176 528.808 513.342 512.052 482.904 442.067 434.481 445.339
threshold=-0.069640024415746085 -0.011865034972903348 0.019454241742854452 -0.13769199117331887 -0.010106046926307849 0.062265569953762659 -0.063437157008745235 0.019746512133721205 -0.019417676340574345 0.078565514943708517 -0.065820045291148085 0.020079745654150254 -0.036601280716352491 -0.011726561487439799 0.034479150597148955 -0.012528099629778697 0.0074316120000389009 -0.079598744515618977 -0.091042437508464635 0.088755355054549304 -0.031799017541646539 0.093235856417146365 -0.043285164286910489 0.038420341027185161 -0.027806060754614597 -0.020501414151018596 -0.049317320814781539 0.036795529771353905 -0.098987882941818275 -0.043474204523873045 0.056582114999538156
decision_type=2 2 2 2 2 2 2 2 2 2 2 2 2 2 2 2 2 2 2 2 2 2 2 2 2 2 2 2 2 2 2
left_child=7 10 3 21 6 8 -5 17 -6 15 -2 12 -12 20 -10 -4 -14 -1 -19 -9 -8 -3 23 -20 -15 -7 -13 -17 -24 -18 -31
right_child=1 2 9 4 5 25 13 19 14 -11 11 26 16 24 -16 27 29 18 22 -21 -22 -23 28 -25 -26 -27 -28 -29 -30 30 -32
leaf_value=0.072269666249710776 0.053921683343239747 0.073027626681085422 0.00065571081361809921 0.016992523908777982 -0.034006383992983169 -0.093833525589438457 -0.022477541917400708 -0.090830176542117766 -0.0018265079760738426 -0.064950975182815091 -0.039043170656763042 -0.011352383693918574 0.026975439275083807 0.0053775239916838899 0.039595457941890594 0.041218243248608941 0.029962969082972 0.053326065120859502 -0.14016353256161249 0.0093767429983405235 -0.096261462133287054 -0.084960976364628321 0.030323648368027246 -0.011992267033736112 -0.047555534230208266 -0.025860908844905942 0.046123477784527148 -0.014732173140678807 -0.039854933286929989 -0.027123625355781059 0.039155849824085584
leaf_weight=494 5971 1936 7435 1792 5097 1391 1012 3545 12866 992 2758 1274 12242 1738 4305 9748 1844 635 726 557 3838 187 769 374 6043 1858 8534 1244 3885 4869 852
leaf_count=494 5971 1936 7435 1792 5097 1391 1012 3545 12866 992 2758 1274 12242 1738 4305 9748 1844 635 726 557 3838 187 769 374 6043 1858 8534 1244 3885 4869 852
internal_value=-9.63541e-07 0.00485671 -0.00643118 -0.0171008 -0.0211518 -0.00803361 -0.0443588 -0.0441467 -0.00118428 0.0166789 0.0229566 0.0172445 0.00793713 -0.0530646 0.00855741 0.0210747 0.01448 -0.0244338 -0.0319149 -0.0772182 -0.0808706 0.0590993 -0.0413261 -0.096608 -0.0357295 -0.05497 0.0386555 0.0348842 -0.0282542 -0.00573783 -0.0172489
internal_weight=110811 99826 61482 42063 39940 25517 14423 10985 22268 19419 38344 32373 22565 12631 17171 18427 19807 6883 6389 4102 4850 2123 5754 1100 7781 3249 9808 10992 4654 7565 5721
internal_count=110811 99826 61482 42063 39940 25517 14423 10985 22268 19419 38344 32373 22565 12631 17171 18427 19807 6883 6389 4102 4850 2123 5754 1100 7781 3249 9808 10992 4654 7565 5721
is_linear=0
shrinkage=0.0845865


Tree=23
num_leaves=32
num_cat=0
split_feature=100 24 9 26 20 11 2 62 62 68 1 60 100 60 22 15 3 11 70 22 34 49 33 20 65 3 1 18 8 12 29
split_gain=2966.25 2584.61 1975.29 1982.21 1657.44 1291.38 1274.86 1129.28 1112.85 1045.82 1000.16 995.353 751.892 657.272 648.999 602.872 585.215 572.773 554.532 552.095 547.101 536.062 528.06 525.431 507.644 492.604 683.284 569.227 482.06 468.931 426.798
threshold=-0.93364999999999987 -0.011851749162440698 -0.068292372760330025 -0.0049098326052719491 0.042243451051296461 -0.068029734234783937 -0.065636685617632834 0.022645124665801205 0.045752303481085908 0.0038484558054269007 0.0027752352565235503 0.008867588469085752 0.7652000000000001 -0.0051984912333953989 0.012042788848989452 0.035723368315361458 -0.0093031145950122976 -0.069640024415746085 -0.022684882204797096 0.019251856426182053 0.035826120870992913 0.051478070678149503 -0.0018550759727693497 -0.051338700243623546 0.017944743150450103 -0.065268669685374078 0.010951438399460502 0.049140689971778007 -0.054791032959096445 -0.026449134839881597 0.015726053896424005
decision_type=2 2 2 2 2 2 2 2 2 2 2 2 2 2 2 2 2 2 2 2 2 2 2 2 2 2 2 2 2 2 2
left_child=6 4 -3 8 7 19 10 14 9 13 -1 21 16 -4 30 -6 -13 -16 -15 -5 23 24 -11 -8 -7 -9 -27 -28 -25 -30 -2
right_child=1 2 3 5 15 11 20 25 -10 22 -12 12 -14 18 17 -17 -18 -19 -20 -21 -22 -23 -24 28 -26 26 27 -29 29 -31 -32
leaf_value=0.040806667541392144 0.061074953606118268 0.034383638967294308 -0.019309537664621654 -0.01929576138403942 -0.029381975193247069 0.004555898155233825 0.035897953316700107 -0.042937499427244258 -0.086189402535485488 -0.024489965407887386 -0.17621468463052972 -0.049955558008151504 0.02619177025758446 -0.10684464697399934 -0.039942613934859046 0.021510155188454009 -0.006259709070199986 0.028753226838169155 -0.046658030819706715 -0.091299649475859154 -0.10874346088991126 0.069455432672647102 0.017105524719969498 -0.12498968384285257 0.035211583248488151 0.032794876669962565 -0.011875858423781412 -0.16190853892562779 0.0073011583574689809 -0.065605466554879671 0.030675178742929857
leaf_weight=1424 9311 7446 5086 1714 5408 12773 439 1421 2378 4227 170 3905 2612 1415 979 2406 5005 7669 4862 1373 1658 1330 4517 708 5543 4103 2098 198 825 2680 5128
leaf_count=1424 9311 7446 5086 1714 5408 12773 439 1421 2378 4227 170 3905 2612 1415 979 2406 5005 7669 4862 1373 1658 1330 4517 708 5543 4103 2098 198 825 2680 5128
internal_value=-9.13935e-07 0.00383434 -0.0065773 -0.011953 0.0210938 0.000855403 -0.0499367 0.0298934 -0.031467 -0.0249938 0.0176416 0.00602473 -0.0137124 -0.0419164 0.0393035 -0.0137091 -0.025413 0.0209738 -0.06023 -0.051329 -0.0670114 0.0176013 -0.00300005 -0.0521319 0.0138345 0.00210915 0.0121161 -0.0248278 -0.0613102 -0.048439 0.0502802
internal_weight=110811 102907 64186 56740 38721 34255 7904 30907 22485 20107 1594 31168 11522 11363 23087 7814 8910 8648 6277 3087 6310 19646 8744 4652 18316 7820 6399 2296 4213 3505 14439
internal_count=110811 102907 64186 56740 38721 34255 7904 30907 22485 20107 1594 31168 11522 11363 23087 7814 8910 8648 6277 3087 6310 19646 8744 4652 18316 7820 6399 2296 4213 3505 14439
is_linear=0
shrinkage=0.0845865


Tree=24
num_leaves=32
num_cat=0
split_feature=11 100 30 28 13 38 4 9 62 94 20 11 38 33 33 13 4 2 21 91 38 33 48 11 62 55 62 91 13 68 1
split_gain=2795.78 2326.39 1269.21 1206.22 1048.03 1009.29 999.857 1171.38 941.923 868.935 764.478 683.185 664.897 652.28 646.662 610.227 599.25 595.47 594.969 587.015 654.705 583.645 583.234 567.552 556.583 549.053 523.846 474.392 469.664 457.146 455.66
threshold=0.032134417775220005 -0.62474999999999992 0.010606276877554052 -0.059299416812386943 0.0043678013927450007 -0.0041828293153920492 -0.13769199117331887 -0.0017257213818673998 0.049619628357915758 -0.013025485647939499 -0.031775212122543341 -0.099494634212686825 -0.025803317725090646 -0.041544500709049095 -0.054345276651216738 -0.03954183996451844 0.0099918569496138514 0.010286820979613302 0.0083761942283764029 0.03862397387296216 -0.0010381782999399497 -0.029033681115620744 -0.0077462270319446488 -0.041439864055435989 0.018807177654477706 0.010551932312396503 1.0000000180025095e-35 0.048575136014211907 0.082235643161413713 -0.010775826837467698 -0.0080622643473773469
decision_type=2 2 2 2 2 2 2 2 2 2 2 2 2 2 2 2 2 2 2 2 2 2 2 2 2 2 2 2 2 2 2
left_child=1 2 4 10 18 11 -5 12 9 14 -3 -4 -8 28 17 -11 27 -2 24 20 -9 -22 23 -14 29 -24 -7 -17 -6 -1 -13
right_child=8 3 5 6 13 26 7 19 -10 15 -12 30 22 -15 -16 16 -18 -19 -20 -21 21 -23 25 -25 -26 -27 -28 -29 -30 -31 -32
leaf_value=-0.07536416487988247 0.017362093384241207 0.01616521846846055 -0.12303865964871896 0.064639150234966192 -0.064333304959046475 -0.04713340875998167 0.035618576382118759 0.0074868501121112671 -0.02489722701293607 0.0062106067885274382 -0.05742607100206925 0.010993923274721398 -0.019816153181357522 0.020970845213226473 0.01400545936214879 0.03689515119253807 0.066420510772887867 -0.1073926671514789 -0.0072377262287874975 -0.055732666684913681 -0.06609515420096071 -0.012087134404945752 -0.018452484182283169 0.033792346139474877 -0.10225954893193279 0.020413979267933185 -0.093371422561157033 -0.038305975823169469 0.039868381548117081 -0.0078886530213744793 -0.047474816367755787
leaf_weight=1225 474 1391 411 2001 1250 3601 7690 9092 2768 3558 3683 2811 1769 6378 7933 8084 5786 647 3087 2045 1953 5368 7977 7012 1296 3858 3422 648 411 1739 1443
leaf_count=1225 474 1391 411 2001 1250 3601 7690 9092 2768 3558 3683 2811 1769 6378 7933 8084 5786 647 3087 2045 1953 5368 7977 7012 1296 3858 3422 648 411 1739 1443
internal_value=-9.2412e-07 -0.00816832 -0.0283941 0.00200225 -0.0124298 -0.0494075 0.00608666 0.00358069 0.0221018 0.0268978 -0.0372474 -0.0189026 0.0143916 0.00867278 0.00550547 0.0376116 0.0453057 -0.0546249 -0.0355227 -0.012997 -0.00767083 -0.0264981 0.00647255 0.02299 -0.0560139 -0.00578086 -0.0696669 0.0313118 -0.0385361 -0.035784 -0.00883469
internal_weight=110811 80913 27074 53839 15386 11688 48765 46764 29898 27130 5074 4665 28306 8039 9054 18076 14518 1121 7347 18458 16413 7321 20616 8781 4260 11835 7023 8732 1661 2964 4254
internal_count=110811 80913 27074 53839 15386 11688 48765 46764 29898 27130 5074 4665 28306 8039 9054 18076 14518 1121 7347 18458 16413 7321 20616 8781 4260 11835 7023 8732 1661 2964 4254
is_linear=0
shrinkage=0.0845865


Tree=25
num_leaves=32
num_cat=0
split_feature=15 24 62 20 20 28 13 27 100 28 21 7 24 11 15 13 31 5 100 1 60 68 3 1 13 68 18 100 63 66 2
split_gain=2578.28 2286.34 1919.13 1521.09 1192.72 1194 939.273 910.661 813.352 750.164 730.362 707.96 680.85 697.257 680.474 650.151 631.001 561.562 561.026 560.508 544.213 505.336 494.023 517.294 483.656 454.372 442.609 441.998 402.35 393.58 383.901
threshold=-0.05551447834488369 0.038025008673170053 0.024532029258435856 -0.0025227824634523996 -0.035660706675738389 0.021199700384649803 0.030692114200072552 -0.015855596000545546 -0.80719999999999992 0.024012828108040705 0.071457395341224458 -0.013196052642705647 -0.035269126535192548 -0.042279608257036541 0.04558573552231001 -0.028883072880215247 0.020917117749678655 0.009582197258102252 -0.2967499999999999 0.045355472178381158 -0.00029655485866119996 -0.011762638540648898 -0.014607084514512749 -0.027862102254103144 0.021332135526789104 -0.0026800293383282994 0.050391159908555458 -0.80189999999999995 0.0079957807467897508 0.0054865197258214008 0.017824858277481804
decision_type=2 2 2 2 2 2 2 2 2 2 2 2 2 2 2 2 2 2 2 2 2 2 2 2 2 2 2 2 2 2 2
left_child=4 2 3 12 17 27 9 18 20 11 21 -5 -2 30 -13 25 -8 -1 -3 -17 -4 -9 24 -24 -15 -10 -21 -6 -22 -7 -14
right_child=1 7 8 6 5 29 16 10 15 -11 -12 14 13 22 -16 19 -18 -19 -20 26 28 -23 23 -25 -26 -27 -28 -29 -30 -31 -32
leaf_value=0.032193663263939715 0.057418316185807748 -0.075224345256716701 -0.017707816359308053 0.0095138200534668517 -0.10459583930839175 -0.036037913188612172 0.017409612583921007 -0.040462570286824942 -0.067375570957866032 0.023488592415115864 0.047290270460227324 -0.03265442004154924 0.012707112521901692 -0.0050753531054006339 0.024562357133574332 0.017123373593449773 0.073160982853433643 -0.036614649555080925 -0.024925511344781579 -0.017872612813345925 -0.045803701113149367 -0.002059150757152101 0.058573461932748962 0.022513369789728663 0.048595277597397228 -0.0095716081171293849 -0.14457878598742696 -0.05635767557602616 -0.12998820805036451 0.016956578795491794 -0.042914913399720686
leaf_weight=2366 6377 2886 1778 7904 1979 2277 5080 3837 1646 6470 1491 9378 2630 3702 1767 8266 2035 1323 3528 2171 866 6793 6655 4978 1778 2382 217 4353 767 1791 1340
leaf_count=2366 6377 2886 1778 7904 1979 2277 5080 3837 1646 6470 1491 9378 2630 3702 1767 8266 2035 1323 3528 2171 866 6793 6655 4978 1778 2382 217 4353 767 1791 1340
internal_value=-9.23966e-07 0.00492328 0.0112554 0.0185271 -0.0338073 -0.0484653 0.00618164 -0.0217866 -0.0128955 -0.00139494 -0.00814554 -0.00984781 0.0331978 0.0258707 -0.0235809 -0.00424942 0.0333589 0.00751069 -0.0475615 0.00669364 -0.0501037 -0.0159234 0.0332799 0.0431447 0.0123347 -0.0331986 -0.0293991 -0.0714383 -0.0853608 -0.0127011 -0.00606211
internal_weight=110811 96722 78187 60094 14089 10400 32634 18535 18093 25519 12121 19049 27460 21083 11145 14682 7115 3689 6414 10654 3411 10630 17113 11633 5480 4028 2388 6332 1633 4068 3970
internal_count=110811 96722 78187 60094 14089 10400 32634 18535 18093 25519 12121 19049 27460 21083 11145 14682 7115 3689 6414 10654 3411 10630 17113 11633 5480 4028 2388 6332 1633 4068 3970
is_linear=0
shrinkage=0.0845865


Tree=26
num_leaves=32
num_cat=0
split_feature=34 24 68 65 33 2 100 20 15 60 100 7 11 15 11 7 23 28 28 100 14 63 19 12 1 18 62 62 55 3 21
split_gain=2527.61 2014.19 1568.57 1119.54 1171.78 993.007 971.67 955.217 966.31 949.06 876.452 714.687 697.569 685.404 818.562 622.982 576.359 560.122 558.764 548.833 519.65 505.051 596.598 566.637 564.778 502.688 482.873 456.835 439.27 414.009 503.539
threshold=0.032074967866004306 -0.011851749162440698 -0.025239417973561547 0.016313216206701404 -0.050403264128118096 -0.076298159710646685 -0.93364999999999987 -0.039994249425300894 -0.030123886687279947 -0.0055201616683515494 0.86590000000000011 0.0050382235198150006 -0.076125887519388286 0.072805073274179413 -0.040660793377104147 0.05186478119257356 0.0082028397177859522 0.019828326375400603 0.010230697427668852 0.82730000000000004 -0.036053716955198246 0.007662287567705651 -0.035921216607836592 0.018995833941076554 -0.024627921359129699 -0.048055764076681891 0.03346913715000286 -0.018249174519361495 -0.0052813071380025988 -0.018201141239484946 -0.0029462045024882997
decision_type=2 2 2 2 2 2 2 2 2 2 2 2 2 2 2 2 2 2 2 2 2 2 2 2 2 2 2 2 2 2 2
left_child=1 7 9 4 11 -2 -7 28 21 -3 13 -4 -8 14 -6 18 17 20 25 -13 -11 22 -9 -24 -23 -14 -10 -27 -1 30 -5
right_child=5 2 3 29 10 6 12 8 26 16 -12 19 15 -15 -16 -17 -18 -19 -20 -21 -22 24 23 -25 -26 27 -28 -29 -30 -31 -32
leaf_value=0.026292531916928374 0.015035669937658546 -0.0059553433062279728 -0.011433767208804776 -0.030959729074101796 -0.043395661851729848 -0.091734006916374192 -0.078105310842857711 0.070517721175799644 0.029988853296901992 -0.020287344746097637 0.038171353660529844 -0.11162280519186223 0.022190879451809874 0.049449065686558422 -0.0016844907360737417 -0.055922511150265281 -0.022943573744213908 -0.020777984070844822 0.0088498318334916809 0.012169712233006499 -0.11591364312091162 0.0061342798781584473 0.017712121113354788 -0.060124575572116652 -0.074940214987799819 -0.0018612005746472043 -0.0060127900256297644 -0.057383389856204052 0.069193274429644971 0.033817364359610198 0.027835558562464058
leaf_weight=3019 3479 5313 1590 1865 4100 1889 1738 808 16974 506 3800 1447 1113 1523 18816 2942 2363 934 4996 311 2082 1022 1761 1079 1541 1520 3161 3512 3938 9307 2362
leaf_count=3019 3479 5313 1590 1865 4100 1889 1738 808 16974 506 3800 1447 1113 1523 18816 2942 2363 934 4996 311 2082 1022 1761 1079 1541 1520 3161 3512 3938 9307 2362
internal_value=-9.16227e-07 0.00621063 -0.00354025 0.00349179 -0.00522914 -0.0262745 -0.0343908 0.022701 0.0153383 -0.0318768 0.000379828 -0.0525439 -0.0275424 -0.00549556 -0.00914825 -0.0213005 -0.0552748 -0.0769597 -0.0121557 -0.0897115 -0.0972262 -0.0138267 0.00638607 -0.0118536 -0.042604 -0.029237 0.0243359 -0.0406165 0.0505799 0.0238471 0.0018893
internal_weight=110811 89622 56319 45121 31587 21189 17710 33303 26346 11198 28239 3348 15821 24439 22916 14083 5885 3522 11141 1758 2588 6211 3648 2840 2563 6145 20135 5032 6957 13534 4227
internal_count=110811 89622 56319 45121 31587 21189 17710 33303 26346 11198 28239 3348 15821 24439 22916 14083 5885 3522 11141 1758 2588 6211 3648 2840 2563 6145 20135 5032 6957 13534 4227
is_linear=0
shrinkage=0.0845865


Tree=27
num_leaves=32
num_cat=0
split_feature=9 21 5 100 38 20 20 21 60 33 91 28 33 15 27 21 90 33 7 14 28 62 13 11 24 100 1 34 4 60 2
split_gain=2295.73 2024.82 1634.74 1546.78 976.084 966.701 928.438 805.419 775.384 774.237 755.267 692.662 759.315 648.197 561.029 550.193 529.018 510.954 503.806 630.228 487.52 478.842 475.045 469.976 446.206 498.52 486.623 445.555 472.405 445.539 406.435
threshold=-0.036328493634105598 -0.032435441913664896 -0.0067850973737058487 0.17810000000000001 -0.0024380812490315497 0.034830777748895009 0.017695899737004656 0.094691000577307102 0.024349512848595854 0.013827649859705552 0.062609973277543321 0.0038764510346527004 0.025614083537941906 0.011635344298762302 -0.025619569874817446 -0.057816508389308491 0.0050071621782958511 0.011621400273287201 -0.010658947213939849 -0.053936335815997591 0.018403215921385104 -0.0065388101073816486 0.0021510399188647503 0.090411043541748962 -0.044729341931188847 -0.94224999999999992 0.086836523181043512 0.016861015345173005 -0.13769199117331887 -0.0011889485280357499 0.020959085645604152
decision_type=2 2 2 2 2 2 2 2 2 2 2 2 2 2 2 2 2 2 2 2 2 2 2 2 2 2 2 2 2 2 2
left_child=6 4 5 11 10 8 15 13 27 23 21 12 18 17 -13 20 -5 -8 -4 -20 -1 -2 -16 29 -10 -26 -27 -3 -29 -6 -31
right_child=1 2 3 16 9 -7 7 -9 24 -11 -12 14 -14 -15 22 -17 -18 -19 19 -21 -22 -23 -24 -25 25 26 -28 28 -30 30 -32
leaf_value=-0.043603005479539485 0.014864896454717383 0.037020161574043253 -0.032216343562204597 0.020605678288374653 -0.05543015688502638 -0.016511063648200881 -0.043126151155931478 0.071784796798650255 0.046053961852726914 -0.017008027185123075 -0.1378529657027163 -0.048669455368281253 -0.0079201677976331736 0.016536370858706385 -0.022102839604751602 0.034980696933735532 -0.013149791785161754 0.0076350609728139908 0.024110442283921941 -0.092898582896883936 0.035845616978139219 -0.026473452043031236 0.026012156669798666 0.025282400576531326 -0.11415034702460367 0.0063378037711905155 -0.058844537486050501 0.06652871750432178 6.533338205820512e-05 -0.074971252143145692 -0.14389675263413401
leaf_weight=1282 3362 13187 2259 7918 2441 6453 3894 1035 930 2449 343 2433 2374 4945 3260 17987 5722 2231 362 3618 971 4965 2671 316 357 3237 1097 893 5347 1345 1127
leaf_count=1282 3362 13187 2259 7918 2441 6453 3894 1035 930 2449 343 2433 2374 4945 3260 17987 5722 2231 362 3618 971 4965 2671 316 357 3237 1097 893 5347 1345 1127
internal_value=-9.06914e-07 -0.00781796 -0.000846889 -0.0147659 -0.0343047 0.0126808 0.0189619 0.00042916 0.0202023 -0.0562689 -0.0148509 -0.0318077 -0.0486455 -0.00624077 -0.0144658 0.0300447 0.00644365 -0.0246333 -0.0641382 -0.0822505 -0.00935266 -0.00978068 -0.000430821 -0.0746522 -0.00746214 -0.0180769 -0.0101566 0.0282077 0.00958086 -0.0810845 -0.106406
internal_weight=110811 78466 62118 30617 16348 31501 32345 12105 25048 7678 8670 16977 8613 11070 8364 20240 13640 6125 6239 3980 2253 8327 5931 5229 5621 4691 4334 19427 6240 4913 2472
internal_count=110811 78466 62118 30617 16348 31501 32345 12105 25048 7678 8670 16977 8613 11070 8364 20240 13640 6125 6239 3980 2253 8327 5931 5229 5621 4691 4334 19427 6240 4913 2472
is_linear=0
shrinkage=0.0845865


Tree=28
num_leaves=32
num_cat=0
split_feature=11 38 4 3 30 34 11 9 91 18 68 15 21 94 1 82 4 31 55 34 62 10 38 55 7 22 33 68 62 24 34
split_gain=2107.22 1846.4 1454.78 1473.59 989.943 931.001 890.196 828.048 784.781 747.768 726.751 724.593 715.884 672.552 665.752 625.516 515.073 463.594 478.008 461.918 491.737 458.174 426.136 426.052 405.328 395.853 375.619 370.759 366.867 358.899 355.093
threshold=0.032134417775220005 -0.0041828293153920492 -0.13769199117331887 0.044148753684022261 0.021946266854229204 -0.027806060754614597 -0.11004754385454064 -0.0043582996407434986 0.032352922589848961 -0.020945367882105347 -0.034474051803400144 0.033802499164147307 -0.037344258362123996 -0.0095416549536512484 -0.077906377262156185 0.026402490961049303 0.075035994885910715 0.036593673856327204 0.0025178874264946004 0.043975282197399407 0.00098588510568820031 -0.042318257180240147 -0.065820045291148085 -0.0049400827932722493 0.017119633578686153 0.0078799821898466026 -0.04682881096063659 -0.078843772711572294 0.042372820362293902 0.082957297380862258 0.06895839101021041
decision_type=2 2 2 2 2 2 2 2 2 2 2 2 2 2 2 2 2 2 2 2 2 2 2 2 2 2 2 2 2 2 2
left_child=1 6 -3 4 5 -4 -1 17 16 -2 22 12 -7 24 -5 27 23 18 26 20 -6 -17 -11 -9 -12 -20 -8 -16 -24 -13 -15
right_child=9 2 3 14 19 11 7 8 -10 10 13 29 -14 30 15 21 -18 -19 25 -21 -22 -23 28 -25 -26 -27 -28 -29 -30 -31 -32
leaf_value=-0.051054709757654033 0.041734216892458355 0.05501271038701528 0.0077642162516629231 0.038506683253775646 -0.025359999206650993 -0.090026406910614962 -0.042914857162936998 -0.018373134605105659 -0.048579161516353872 0.063278469260663814 0.011412875318054121 0.006703589265063173 -0.033850075078088772 0.032878691316711048 -0.14374877042979736 -0.15686848633054598 0.050853297107127417 0.04870491668592733 0.048974348150509772 -0.10206857746363915 -0.072367060097878508 -0.035234018849518024 -0.023238369210973858 0.012846594641544999 -0.031376162844321771 0.0068244404664055021 0.0090114225380804255 0.0062575502680903266 -0.10465809111307468 -0.11146774452289351 -0.039931213612457307
leaf_weight=1822 7785 1820 5364 2934 3259 1891 1140 6044 2449 340 4650 3505 11483 11383 120 261 1461 3620 4034 1397 3117 1472 2362 6481 2402 2638 7925 6482 476 194 500
leaf_count=1822 7785 1820 5364 2934 3259 1891 1140 6044 2449 340 4650 3505 11483 11383 120 261 1461 3620 4034 1397 3117 1472 2362 6481 2402 2638 7925 6482 476 194 500
internal_value=-8.72497e-07 -0.00709156 -0.0190011 -0.0222492 -0.0319867 -0.0229725 0.00661743 0.00955392 -0.00440771 0.0191879 0.0112493 -0.0326307 -0.0417951 0.0175322 0.00385313 -0.00834291 0.00332554 0.0214091 0.0151287 -0.0580031 -0.0483439 -0.0535705 -0.0261781 -0.00221696 -0.00315875 0.0323124 0.00247864 0.00352635 -0.036904 0.00049826 0.0298131
internal_weight=110811 80913 43299 41479 30210 22437 37614 35792 16435 29898 22113 17073 13374 18935 11269 8335 13986 19357 15737 7773 6376 1733 3178 12525 7052 6672 9065 6602 2838 3699 11883
internal_count=110811 80913 43299 41479 30210 22437 37614 35792 16435 29898 22113 17073 13374 18935 11269 8335 13986 19357 15737 7773 6376 1733 3178 12525 7052 6672 9065 6602 2838 3699 11883
is_linear=0
shrinkage=0.0845865


Tree=29
num_leaves=32
num_cat=0
split_feature=68 24 20 62 60 22 21 15 38 11 13 7 28 33 42 11 55 74 23 21 46 100 48 26 38 12 100 100 94 11 33
split_gain=2020.03 1458.55 1315.02 1167.92 1035.86 977.764 838.625 795.029 778.477 624.645 604.41 594.089 567.54 549.96 540.964 491.184 467.009 590.913 457.471 455.701 420.366 492.955 420.297 403.779 397.432 397.167 429.762 393.464 384.673 388.69 384.495
threshold=-0.00059623688637949984 0.0083995960139113517 0.019097664378791002 0.021353162220639401 0.029762319508049705 -0.0089582280399126985 0.0014670405244712503 -0.042579438457429744 -0.046299701775604545 -0.06041702973558119 -0.028883072880215247 0.0028962160750008507 0.049576637521498157 0.017754612753770101 0.014138728682248003 0.016253589878105903 0.010551932312396503 0.026240758501236153 0.0038215337859187006 -0.047458169566988895 0.011938663005621951 0.051650000000000008 -0.049335925748593697 0.018945427008543955 -0.039498728213958646 0.042134195168625856 -0.71824999999999994 -0.92594999999999994 -0.019417676340574345 0.0076801594257517513 -0.07606565086468968
decision_type=2 2 2 2 2 2 2 2 2 2 2 2 2 2 2 2 2 2 2 2 2 2 2 2 2 2 2 2 2 2 2
left_child=1 3 5 14 6 18 12 -5 -4 -7 -9 15 20 -13 24 19 17 -11 28 -10 21 -3 -22 -6 -1 -16 -27 -8 -2 -30 -26
right_child=2 4 8 7 23 9 27 10 11 16 -12 13 -14 -15 25 -17 -18 -19 -20 -21 22 -23 -24 -25 30 26 -28 -29 29 -31 -32
leaf_value=0.048920225594980278 -0.0058241138729933821 -0.079872982404600071 0.034840030357427734 -0.081353033935770105 -0.083966875580200342 -0.031716105794512207 -0.05949478994323322 -0.057831594030707131 -0.074856700456441716 0.012431493057397812 0.00093428539205654053 -0.046383718987916309 0.017672737119470955 0.0048191332566380005 0.0022501735946847852 0.024606644542378955 0.032549761435268519 -0.035855539151945552 0.050294900690268519 -0.0056000110879403549 0.080015015536540723 -0.030280446848789846 -0.028199714051445349 -0.02766836182673638 -0.057983820916999954 -0.094466535647986322 -0.0066425415473014265 0.0055070190634208148 0.015791954277668236 0.05516237416175325 0.016564415191969436
leaf_weight=2766 2513 3103 2751 1562 2855 2534 728 1686 786 9934 4864 5248 1240 2101 6060 3655 5945 2218 7662 5034 282 2670 2858 1341 518 706 917 7851 4229 3119 11075
leaf_count=2766 2513 3103 2751 1562 2855 2534 728 1686 786 9934 4864 5248 1240 2101 6060 3655 5945 2218 7662 5034 282 2670 2858 1341 518 706 917 7851 4229 3119 11075
internal_value=-8.49885e-07 -0.011911 0.0109502 0.000314688 -0.0279907 0.0200947 -0.0194796 -0.0271253 -0.00687227 0.00761394 -0.0141895 -0.0136943 -0.0359314 -0.0317426 0.0104143 0.000302178 0.0131223 0.00361618 0.0347878 -0.0149576 -0.0433914 -0.0569408 -0.0184728 -0.0659802 0.0201078 -0.00769941 -0.0448611 -6.86272e-06 0.0227363 0.0325067 0.0132313
internal_weight=110811 53082 57729 30154 22928 38154 18732 8112 19575 20631 6550 16824 10153 7349 22042 9475 18097 12152 17523 5820 8913 5773 3140 4196 14359 7683 1623 8579 9861 7348 11593
internal_count=110811 53082 57729 30154 22928 38154 18732 8112 19575 20631 6550 16824 10153 7349 22042 9475 18097 12152 17523 5820 8913 5773 3140 4196 14359 7683 1623 8579 9861 7348 11593
is_linear=0
shrinkage=0.0845865


Tree=30
num_leaves=32
num_cat=0
split_feature=15 21 28 20 11 100 55 13 28 60 26 91 11 70 11 38 6 31 94 2 42 1 55 8 3 11 23 3 38 0 15
split_gain=1981.35 1949.24 1684.54 1158.02 943.772 895.009 824.881 823.29 759.751 715.022 629.179 618.567 568.369 557.146 527.318 506.231 525.057 487.773 473.39 469.653 424.416 414.203 410.675 397.715 386.229 371.108 370.584 403.001 368.016 364.221 349.954
threshold=0.033166434836737306 -0.0025788049096728497 -0.0067663485611202494 -0.013700849782724749 -0.029149518043964047 -0.93924999999999992 0.010187010598716602 -0.022104208884618948 -0.021153922894160949 0.048480891723740607 -0.021550889594670549 0.049902648300496857 -0.068029734234783937 -0.06487282764246774 0.043426398862173456 -0.045438102821860747 -0.063550456993343343 0.066381774422393819 -0.0095416549536512484 0.012501852974661802 0.018424995883591054 -0.05287900296199944 -0.0015442496696312497 -0.083201446603720988 -0.15018081743147496 -0.046743107410934091 0.015221864583425252 -0.084918813479366237 -0.0010381782999399497 0.18355225643261153 0.088755355054549304
decision_type=2 2 2 2 2 2 2 2 2 2 2 2 2 2 2 2 2 2 2 2 2 2 2 2 2 2 2 2 2 2 2
left_child=1 2 4 10 -1 21 9 19 17 11 23 15 30 29 20 -4 -17 -7 28 -6 -10 -5 -14 -3 -20 -8 27 -12 -15 -9 -2
right_child=12 3 6 5 7 8 25 13 14 -11 26 -13 22 18 -16 16 -18 -19 24 -21 -22 -23 -24 -25 -26 -27 -28 -29 -30 -31 -32
leaf_value=-0.074166670338665544 -0.028788123065198921 -0.12691452322941407 0.037952525367157278 -0.021444520865081324 -0.041343287786086619 -0.028581551969642866 -0.022523664796248389 -0.1618231193310897 0.012703396736691748 -0.076316906760197381 -0.039037421312747719 -0.087353872765398077 0.013707586419715702 -0.0073830236552782551 0.042212311165416939 -0.062408931358809698 -0.0058958887861360236 0.062379767793316665 0.11242887154846082 -0.10534027389585524 -0.017672591152456309 -0.094871117941106448 0.036483699349470065 -0.0029611774103736311 -0.00037639387791490596 0.027609941775566509 0.047890329607394623 0.02582112678164061 -0.062791131821825857 0.0084100850357090012 0.026101674684089742
leaf_weight=4242 2478 198 1637 1158 2564 6916 1280 295 10149 1275 759 706 11174 1683 2907 1325 10489 449 226 1208 4870 1048 11496 2860 5506 6037 5699 7047 1751 129 1250
leaf_count=4242 2478 198 1637 1158 2564 6916 1280 295 10149 1275 759 706 11174 1683 2907 1325 10489 449 226 1208 4870 1048 11496 2860 5506 6037 5699 7047 1751 129 1250
internal_value=-8.14786e-07 -0.00632617 -0.0197575 0.0059746 -0.0394038 -0.00466776 -0.0045534 -0.0283658 -0.000159809 -0.0156451 0.0236437 -0.0101791 0.020225 -0.0151947 0.00923654 -0.00612647 -0.0122362 -0.0230328 -0.0108067 -0.0618457 0.00285235 -0.0563386 0.0252584 -0.0109965 0.0040688 0.0188368 0.031489 0.0195117 -0.0356425 -0.109987 -0.0103777
internal_weight=110811 84413 40353 44060 17604 27497 22749 13362 25291 15432 16563 14157 26398 9590 17926 13451 11814 7365 9166 3772 15019 2206 22670 3058 5732 7317 13505 7806 3434 424 3728
internal_count=110811 84413 40353 44060 17604 27497 22749 13362 25291 15432 16563 14157 26398 9590 17926 13451 11814 7365 9166 3772 15019 2206 22670 3058 5732 7317 13505 7806 3434 424 3728
is_linear=0
shrinkage=0.0845865


Tree=31
num_leaves=32
num_cat=0
split_feature=62 9 74 2 1 20 91 11 19 33 21 59 12 26 38 100 21 100 21 22 4 22 11 21 70 25 91 23 70 28 38
split_gain=1852.48 1539.27 1077.57 1040.31 1024.22 959.076 941.555 834.614 768.56 715.91 731.891 676.287 675.493 653.706 607.894 578.144 534.064 515.112 496.875 474.634 468.118 629.525 438.788 420.551 400.047 409.758 393.207 391.329 384.627 380.971 375.845
threshold=0.031144879896291406 -0.0154027784306552 0.03400557112183656 -0.031943142818993644 -0.0011303825497638498 0.0013121196898274502 0.040270836809003556 0.029939802201082853 -0.026222779332621998 -0.0022290470655373994 0.020669041436335005 -0.0090698982833789989 0.038890464653085453 -0.0020637268819712995 -0.0020934885361712494 -0.89559999999999984 0.0083761942283764029 0.051650000000000008 0.06234585811946361 0.038807683360911706 0.0030741972346465503 0.038807683360911706 -0.11004754385454064 -0.032435441913664896 0.018979117411236052 -0.0027691955993998495 0.010358721399512752 -0.013931846380376499 0.042641787173636057 0.0042937170105158502 0.031023259858510253
decision_type=2 2 2 2 2 2 2 2 2 2 2 2 2 2 2 2 2 2 2 2 2 2 2 2 2 2 2 2 2 2 2
left_child=1 5 13 4 19 20 7 12 -6 10 15 -10 14 30 -5 -7 29 28 -14 -3 21 -1 -11 -8 25 -17 -13 -16 -4 -15 -2
right_child=2 3 17 6 8 9 23 -9 11 22 -12 26 18 16 27 24 -18 -19 -20 -21 -22 -23 -24 -25 -26 -27 -28 -29 -30 -31 -32
leaf_value=0.028585100333473654 -0.024372302893853524 0.035809333467206494 -0.10999496031999005 0.0049726296961322925 0.032617597609769768 -0.10049203421214156 -0.11097269565572729 0.013956414041134442 0.0039985254607530435 -0.074756423693049426 0.028124390478502632 -0.035319025717144147 -0.066104174895515108 -0.036866563854920806 -0.052846872434265293 -0.052942937567749399 0.022209433580621871 -0.027877882456175868 0.019961417993525288 -0.0069055857866716103 0.044852557368632306 -0.023603965642743426 0.02428619712791771 -0.039769523762719423 0.018239523982598635 -0.0066681992699712273 -0.1018487606264334 -0.014594712497789186 0.0046201365061941668 0.0075453242826775376 -0.073297374379735519
leaf_weight=8854 5892 9007 1676 8512 1756 642 794 8129 2027 331 2607 1672 2917 3163 2798 2539 4276 1381 574 2345 9080 2033 9536 2358 1769 2974 1027 6061 239 2453 1389
leaf_count=8854 5892 9007 1676 8512 1756 642 794 8129 2027 331 2607 1672 2917 3163 2798 2539 4276 1381 574 2345 9080 2033 9536 2358 1769 2974 1027 6061 239 2453 1389
internal_value=-8.90721e-07 0.00520475 -0.0229775 -0.00471765 0.0116656 0.0174905 -0.0138083 -0.00903376 -0.0151581 0.00458926 -0.0107483 -0.0329145 -0.0179931 -0.0144733 -0.0111681 -0.0235402 -0.000312431 -0.0672788 -0.0519468 0.0269838 0.030669 0.0188375 0.0209611 -0.0577146 -0.0167522 -0.0279842 -0.0606441 -0.0266789 -0.0956797 -0.0174643 -0.0337093
internal_weight=110811 90342 20469 49977 17834 40365 32143 28991 6482 20398 10531 4726 20862 17173 17371 7924 9892 3296 3491 11352 19967 10887 9867 3152 7282 5513 2699 8859 1915 5616 7281
internal_count=110811 90342 20469 49977 17834 40365 32143 28991 6482 20398 10531 4726 20862 17173 17371 7924 9892 3296 3491 11352 19967 10887 9867 3152 7282 5513 2699 8859 1915 5616 7281
is_linear=0
shrinkage=0.0845865


Tree=32
num_leaves=32
num_cat=0
split_feature=24 15 13 3 48 12 1 21 63 1 100 28 20 38 62 11 9 55 60 1 3 100 100 7 2 3 63 62 15 71 65
split_gain=1804.6 1514 1548.73 1245.25 1200.45 954.335 842.391 762.422 687.992 717.796 668.701 684.037 655.771 595.427 582.478 610.974 540.448 523.743 497.442 491.375 588.932 491.118 471.903 462.657 423.383 551.198 397.043 395.754 389.223 385.703 385.217
threshold=0.042200811811707102 -0.075025603548725089 -0.0076786144756713992 -0.0093031145950122976 -0.0067364328494164986 0.020594721519082204 -0.019854513424471146 0.10525850206223876 0.007662287567705651 -0.011864941912789797 0.57195000000000007 0.053802102423520008 -0.050199045317447295 -0.030371550303679745 0.00098588510568820031 0.006740785208163051 0.0005177657844908501 -0.0049400827932722493 0.025842816822247153 -0.037441542283869596 -0.017499244721326895 0.43975000000000003 -0.86659999999999993 0.091448979704867608 -0.051604985828024245 0.057003391560279858 -0.008726745161597849 -0.024035283719894798 -0.0021966686799221495 0.010139226687330001 0.010834668142100202
decision_type=2 2 2 2 2 2 2 2 2 2 2 2 2 2 2 2 2 2 2 2 2 2 2 2 2 2 2 2 2 2 2
left_child=1 19 3 13 16 6 -5 10 17 -10 11 18 -7 -3 -15 -16 -4 -6 23 20 -1 27 -8 30 -18 -26 -21 -11 -14 -30 -2
right_child=7 2 4 5 8 12 22 -9 9 21 -12 -13 28 14 15 -17 24 -19 -20 26 -22 -23 -24 -25 25 -27 -28 -29 29 -31 -32
leaf_value=-0.054227035355106763 -0.046550509386873738 0.008161424362848604 0.044974557976845332 0.034270619935316951 0.0020623307376021268 0.042448348827610519 -0.085963597145835055 0.047553484673082146 0.0058004439259870593 0.0015667273696507531 -0.0038545627575982634 0.0050146966756034316 -0.058892269495370145 -0.013566515808939346 -0.08030947055887043 -0.02554972948012213 0.048839176509242889 0.03262758488044061 -0.082104720514964369 -0.021085041090768718 0.032047632921462843 -0.00048064946760399783 0.0009594193258795358 -0.10707590603322849 -0.013135783365998853 0.037813329210299278 -0.077784667800652629 -0.079421770587485369 0.0054853348527901698 -0.046833331492178144 -0.0062037680398279857
leaf_weight=1002 4572 3038 11896 9637 7825 1094 486 1019 7813 555 5769 2117 2040 5215 2869 2967 2248 8233 2335 1467 1301 1532 5537 632 4001 2449 2227 1935 2701 1608 2691
leaf_count=1002 4572 3038 11896 9637 7825 1094 486 1019 7813 555 5769 2117 2040 5215 2869 2967 2248 8233 2335 1467 1301 1532 5537 632 4001 2449 2227 1935 2701 1608 2691
internal_value=-8.98067e-07 0.00493049 0.00780656 -0.00517791 0.0177667 0.00690813 0.0187609 -0.0236283 0.00632954 -0.00914339 -0.0276335 -0.0387422 -0.018027 -0.0249979 -0.0341156 -0.0524741 0.0332565 0.0177347 -0.0477993 -0.0361559 -0.00548038 -0.0381777 -0.00605179 -0.0376499 0.0172273 0.00620597 -0.0552741 -0.061362 -0.0284513 -0.014034 -0.0316048
internal_weight=110811 91676 85679 37192 48487 23103 15660 19135 27893 11835 18116 12347 7443 14089 11051 5836 20594 16058 10230 5997 2303 4022 6023 7895 8698 6450 3694 2490 6349 4309 7263
internal_count=110811 91676 85679 37192 48487 23103 15660 19135 27893 11835 18116 12347 7443 14089 11051 5836 20594 16058 10230 5997 2303 4022 6023 7895 8698 6450 3694 2490 6349 4309 7263
is_linear=0
shrinkage=0.0845865


Tree=33
num_leaves=32
num_cat=0
split_feature=34 42 33 11 48 21 15 38 33 2 12 4 70 28 68 9 14 2 15 4 3 7 24 39 54 100 20 68 21 60 65
split_gain=1724.59 1517.66 1103.03 999.635 934.503 864.533 771.466 758.56 797.14 727.921 624.915 546.414 532.433 524.958 474.896 452.842 450.892 510.988 440.587 438.209 417.729 401.729 401.022 367.503 366.396 348.341 340.988 337.735 330.375 327.649 320.863
threshold=0.051907964861713458 0.013792871880041952 -0.0522796574898255 0.021748872114392002 -0.0013241140802747497 0.015028098917057453 -0.020892644623853946 -0.0048337684753854996 0.034640660129495508 -0.035202473496292942 -0.0060205814491441989 0.0094534533640336007 -0.030207255846013244 -0.0055115477126928989 -0.0051605981023094489 0.052464080104266959 -0.030945532340003645 -0.012158736061466549 -0.024013788872722146 -0.0022663566652373498 -0.031733504348505741 0.0055626408540700506 -0.030424801288873097 0.0084592488706331532 0.04375503123087051 -0.94494999999999985 0.038727575202615307 0.0091708095928589514 -0.067745310251869084 0.049618456381192604 0.033570956907930403
decision_type=2 2 2 2 2 2 2 2 2 2 2 2 2 2 2 2 2 2 2 2 2 2 2 2 2 2 2 2 2 2 2
left_child=1 2 9 7 10 6 16 14 13 -1 20 23 -11 30 24 19 -6 -18 -2 -5 -4 -15 -8 -12 -3 -14 -22 -24 -27 -10 -9
right_child=18 3 4 15 5 -7 22 8 29 12 11 -13 25 21 -16 -17 17 -19 -20 -21 26 -23 27 -25 -26 28 -28 -29 -30 -31 -32
leaf_value=0.015550766968706043 -0.056736619683401456 -0.03519987566461049 0.01229725750513061 -0.0023403506519708303 0.013385376514957066 0.02511270022510911 0.033375367577289344 -0.074806193117809755 0.02078777810255298 -0.089443662280416586 0.014289671119225704 0.038370042228501558 -0.13271432325975302 -0.0084206576982950726 0.010595429218329261 -0.028381272625160006 -0.0029025172053902051 -0.06340235788597294 -0.020112418125042757 0.031786962540769244 0.055132906780572574 -0.052560614656930259 -0.014154103186433795 -0.020675496426388044 0.030234059897741472 -0.11749959335106726 0.016174579338127919 0.016397891709757178 -0.0077834360866047827 -0.088594159105356771 -0.01100759463641153
leaf_weight=2470 3604 3897 3129 5108 1257 9815 2875 3948 2099 1217 6416 4460 195 3378 6455 1978 1478 3086 6764 5689 8312 2621 6591 3235 726 212 1995 4263 2663 216 659
leaf_count=2470 3604 3897 3129 5108 1257 9815 2875 3948 2099 1217 6416 4460 195 3378 6455 1978 1478 3086 6764 5689 8312 2621 6591 3235 726 212 1995 4263 2663 216 659
internal_value=-8.61269e-07 0.00338927 0.0112914 -0.0102916 0.0151279 0.00462884 -0.00565396 -0.0204668 -0.0343916 -0.0210185 0.026319 0.0138848 -0.0420932 -0.0442076 -0.00422344 0.00882194 -0.0314595 -0.0438152 -0.0328456 0.0156396 0.0393761 -0.0277096 0.00528594 0.00256713 -0.0249192 -0.0233142 0.0475944 -0.00215256 -0.0158837 0.0105705 -0.0656852
internal_weight=110811 100443 63669 36774 56912 29365 19550 23999 12921 6757 27547 14111 4287 10606 11078 12775 5821 4564 10368 10797 13436 5999 13729 9651 4623 3070 10307 10854 2875 2315 4607
internal_count=110811 100443 63669 36774 56912 29365 19550 23999 12921 6757 27547 14111 4287 10606 11078 12775 5821 4564 10368 10797 13436 5999 13729 9651 4623 3070 10307 10854 2875 2315 4607
is_linear=0
shrinkage=0.0845865


Tree=34
num_leaves=32
num_cat=0
split_feature=68 24 20 62 9 26 46 100 24 46 2 3 60 60 22 87 9 13 3 13 24 26 33 82 9 100 84 20 19 65 90
split_gain=1543.16 1078.74 992.106 813.663 812.448 777.324 653.642 653.306 569.322 547.313 508.74 515.454 506.187 481.627 480.33 475.135 618.545 434.414 397.788 388.948 384.478 383.286 383.131 378.272 376.14 351.045 414.345 339.596 349.584 330.2 327.174
threshold=-0.0033016131934553495 0.0083995960139113517 0.019097664378791002 0.032831025463036755 0.035488849536434205 0.024872311727374755 0.010434513526317102 -0.95004999999999984 -0.033944918277016442 -0.009654377370004498 0.0080540618333078528 0.065915943949659675 0.032207310257406307 0.068546447724362664 0.013536408966761901 0.012313113402146702 -0.055055693942660744 -0.027634569102666148 0.062587273729508008 0.041950526572167454 0.058382160598445261 -0.097288285728082832 -0.00037192131382074992 0.0071780038674341511 -0.012242171734856049 -0.77804999999999991 0.018703505057613003 0.0045911742205492507 0.020585861424804654 0.011576755848060602 0.066366595241610718
decision_type=2 2 2 2 2 2 2 2 2 2 2 2 2 2 2 2 2 2 2 2 2 2 2 2 2 2 2 2 2 2 2
left_child=1 3 4 7 8 6 12 -1 -2 13 29 21 19 -9 30 16 -4 -5 22 25 -17 -12 -18 -23 -21 -3 -27 28 -11 -10 -6
right_child=2 5 15 17 14 -7 -8 9 10 27 11 -13 -14 -15 -16 20 18 -19 -20 24 -22 23 -24 -25 -26 26 -28 -29 -30 -31 -32
leaf_value=-0.050772870003806127 0.046819604538214966 -0.081342379522154326 0.036216085761611241 -0.071949209487710553 0.014379175683739726 0.001837142123847702 -0.013226992674320072 -0.0030010867931407137 0.019063955033276084 0.045203229389733222 -0.10207864285135745 0.0497591583165264 -0.09194158461075784 -0.11045333200624996 -0.029472353313965173 -0.018334267810605615 -0.029909961690929607 -0.015908780404356192 0.026476229248283797 0.051085305382059167 -0.088315460660597284 0.01499347120147628 0.0047289887926791532 -0.018935908044421544 -0.038908412813602279 -0.02105081447228065 -0.073941606025007101 0.0056189683947672903 0.0053822184004621377 0.046294529970200296 -0.084011969896253286
leaf_weight=1343 5881 1720 3067 1363 5413 5490 6020 7990 9433 5068 271 1539 1616 310 3617 5902 5036 3619 2115 603 621 5294 4180 4229 740 3506 1520 5945 2292 4815 253
leaf_count=1343 5881 1720 3067 1363 5413 5490 6020 7990 9433 5068 271 1539 1616 310 3617 5902 5036 3619 2115 603 621 5294 4180 4229 740 3506 1520 5945 2292 4815 253
internal_value=-8.62146e-07 -0.0111825 0.00891005 -0.000259625 0.0165981 -0.0255616 -0.0351286 0.00646656 0.0230863 0.0100258 0.0176291 0.00425185 -0.0487117 -0.00701778 -0.00538923 -0.006062 0.00251675 -0.0312456 -0.00660304 -0.0400721 -0.0250007 -0.00289715 -0.0141969 -7.17708e-05 0.00148296 -0.048348 -0.0370514 0.0206596 0.0328055 0.028268 0.00998109
internal_weight=110811 49145 61666 27930 40745 21215 15725 22948 31462 21605 25581 11333 9705 8300 9283 20921 14398 4982 11331 8089 6523 9794 9216 9523 1343 6746 5026 13305 7360 14248 5666
internal_count=110811 49145 61666 27930 40745 21215 15725 22948 31462 21605 25581 11333 9705 8300 9283 20921 14398 4982 11331 8089 6523 9794 9216 9523 1343 6746 5026 13305 7360 14248 5666
is_linear=0
shrinkage=0.0845865


Tree=35
num_leaves=32
num_cat=0
split_feature=62 38 33 11 9 42 23 13 74 65 94 3 66 26 75 22 2 1 2 65 93 7 21 83 93 31 90 55 7 13 33
split_gain=1461.68 1280.69 1335.95 1042.71 810.253 756.348 739.742 644.359 634.925 593.466 553.587 504.617 481.635 481.626 477.721 461.669 457.358 451.15 450.099 439.143 438.869 426.983 414.403 424.543 405.601 399.664 397.094 383.373 375.485 369.672 351.53
threshold=0.044769411051733508 -0.032033372857961442 -0.062774183508371592 -0.027258055345550498 0.0032962987332410005 0.019168499972068553 -0.0099795794965508496 0.03380150711779966 0.03400557112183656 0.0081431266958136017 -0.019417676340574345 0.011524634520238801 0.052516605405473711 -0.0013987711207687997 0.083771768152973214 0.037200889734491961 0.020300375114293352 0.057502257722822456 -0.042595275058382141 -0.024513632622393245 0.025563232437711702 0.055179646868793709 0.059325650782122909 -0.044959620482009847 0.083624569942193874 -0.032363301305504091 0.033057426681124359 0.025349403320591855 -0.013196052642705647 -0.021580270777427798 0.021614743643419452
decision_type=2 2 2 2 2 2 2 2 2 2 2 2 2 2 2 2 2 2 2 2 2 2 2 2 2 2 2 2 2 2 2
left_child=1 24 16 6 7 17 11 10 13 -10 12 14 -5 -2 18 27 -3 21 -4 -12 -19 -6 23 -18 25 -1 30 -8 -7 -15 -13
right_child=8 2 3 4 5 28 15 -9 9 -11 19 26 -14 29 -16 -17 22 20 -20 -21 -22 -23 -24 -25 -26 -27 -28 -29 -30 -31 -32
leaf_value=0.0042458384672516792 -0.041064633480142124 -0.021795632367991521 -0.0012316364311536999 -0.01929523569658419 0.019802914064481501 -0.006015278769253121 -0.0014343807715739359 0.04099641623246842 -0.10501533968495552 -0.0094784019945757768 -0.0081438698907428473 -0.016886962310808065 0.07374229611101564 -0.035273356925978355 0.10251162228298191 -0.0331097738065654 0.044454731063108988 -0.0059974105353919676 -0.06900253738364949 0.024109401490928259 -0.078703201588973704 -0.021230130411354534 0.085394228950437662 -0.090194278699024341 -0.099239470664087101 0.030665604108966356 -0.075408233284997711 0.040522972264074843 -0.049188932655179325 0.01172599826499757 0.046665575232383801
leaf_weight=5684 4139 3688 860 5347 10190 2537 7322 6227 1314 721 3785 1991 430 1742 139 2554 183 2685 3812 14933 763 2207 116 1953 195 14689 550 1979 3341 3829 906
leaf_count=5684 4139 3688 860 5347 10190 2537 7322 6227 1314 721 3785 1991 430 1742 139 2554 183 2685 3812 14933 763 2207 116 1953 195 14689 550 1979 3341 3829 906
internal_value=-8.6706e-07 0.00334398 -0.00157874 0.00157831 0.0078581 -0.00464442 -0.0147953 0.0166991 -0.0282155 -0.0711785 0.0105214 -0.0342317 -0.0123657 -0.0192087 -0.0519314 -0.00125428 -0.0401457 0.0049677 -0.0565323 0.0175863 -0.0220937 0.0124961 -0.0701859 -0.0786473 0.0221326 0.0232957 -0.00952128 0.00749094 -0.0305587 -0.00296669 0.00298155
internal_weight=110811 99066 78498 72558 52445 21723 20113 30722 11745 2035 24495 8258 5777 9710 4811 11855 5940 15845 4672 18718 3448 12397 2252 2136 20568 20373 3447 9301 5878 5571 2897
internal_count=110811 99066 78498 72558 52445 21723 20113 30722 11745 2035 24495 8258 5777 9710 4811 11855 5940 15845 4672 18718 3448 12397 2252 2136 20568 20373 3447 9301 5878 5571 2897
is_linear=0
shrinkage=0.0845865


Tree=36
num_leaves=32
num_cat=0
split_feature=15 20 28 21 5 7 62 23 12 26 62 24 39 1 55 55 68 7 1 41 53 9 94 70 1 100 85 30 22 58 74
split_gain=1520.54 1327.87 1489.68 1110.41 915.962 845.175 770.104 615.77 610.503 658.167 555.688 528.049 520.562 494.381 515.982 489.791 454.762 447.244 408.414 569.786 393.384 374.192 364.113 360.701 357.61 353.629 349.878 348.378 343.874 332.299 342.305
threshold=0.034444313149233262 -0.035660706675738389 0.013634829038544802 -0.040224923145051945 0.021243967719340052 0.091448979704867608 0.012283873268113402 0.022884322632752602 0.022765126727611554 0.0026909582014099502 -0.03929631156236954 0.10994557259447872 0.0034696410154656503 0.018851818115529401 0.031330036965278307 -0.0040464129639204488 -0.012446284583793899 -0.0014992295605405998 -0.020544636777111245 -0.011006531434091549 0.035139539144229702 0.039686871576720857 -0.011778725357077599 -0.062607876103410884 -0.020544636777111245 -0.38109999999999994 0.0098193519788868019 0.077210771072527815 -0.017367309557122197 -0.028996601933137845 0.011156660374581202
decision_type=2 2 2 2 2 2 2 2 2 2 2 2 2 2 2 2 2 2 2 2 2 2 2 2 2 2 2 2 2 2 2
left_child=1 4 3 10 18 6 7 17 13 -10 23 15 24 -4 27 -2 -12 -5 29 -20 -9 25 26 -3 -8 -6 -18 -15 -17 -1 -31
right_child=11 2 8 5 21 -7 12 20 9 -11 16 -13 -14 14 -16 28 22 -19 19 -21 -22 -23 -24 -25 -26 -27 -28 -29 -30 30 -32
leaf_value=0.072827232161871674 0.0071914271212400304 -0.1412686868637045 0.023919263943884432 0.00171508949390961 -0.040069756472193574 -0.067505621105828612 0.002296033789807922 0.028189339917182154 -0.036783568065533651 0.012432623355827059 -0.094189739405900183 -0.063710408633933915 -0.046497786660292022 -0.017142218119718 0.043052088727778257 0.048310951395726713 -0.045566637173592522 -0.026233862884891067 0.034880423415827769 -0.023888926586690003 -0.03493485733053267 -0.061333640578932015 -0.02568230742614281 0.022645301753325697 -0.0418595364330644 0.02362596514409129 -0.13537162866862437 -0.12418554231978486 0.020350723364923856 0.043643379512310232 0.0035045192229877934
leaf_weight=1576 11598 107 12270 9261 1076 2011 4265 5599 4119 3681 1989 552 5866 3286 1061 5069 796 7344 2462 2267 808 1145 2541 933 1895 1483 510 233 8313 4359 2336
leaf_count=1576 11598 107 12270 9261 1076 2011 4265 5599 4119 3681 1989 552 5866 3286 1061 5069 796 7344 2462 2267 808 1145 2541 933 1895 1483 510 233 8313 4359 2336
internal_value=-9.2086e-07 -0.00542275 -0.0106323 -0.0199718 0.0159628 -0.0141771 -0.0111156 -0.0020491 0.00600924 -0.0135547 -0.0511909 0.0181076 -0.0284626 0.0150668 -0.00864459 0.0199166 -0.0613421 -0.0106448 0.0265364 0.00670298 0.020225 -0.0211416 -0.0443521 0.00575267 -0.0112844 -0.00314862 -0.0806574 -0.024238 0.0309436 0.0378735 0.0296416
internal_weight=110811 85279 68575 43925 16704 37049 35038 23012 24650 7800 6876 25532 12026 16850 4580 24980 5836 16605 13000 4729 6407 3704 3847 1040 6160 2559 1306 3519 13382 8271 6695
internal_count=110811 85279 68575 43925 16704 37049 35038 23012 24650 7800 6876 25532 12026 16850 4580 24980 5836 16605 13000 4729 6407 3704 3847 1040 6160 2559 1306 3519 13382 8271 6695
is_linear=0
shrinkage=0.0845865


Tree=37
num_leaves=32
num_cat=0
split_feature=34 42 100 7 31 65 33 55 33 4 6 13 22 13 2 28 14 38 1 24 94 46 79 11 2 23 26 82 91 60 68
split_gain=1384.1 1184.78 849.791 840.272 827.676 748.847 850.864 742.389 814.01 581.186 564.634 480.418 456.2 435.662 408.936 455.185 413.989 405.321 405.286 404.106 385.204 474.899 371.623 366.23 365.533 357.349 339.246 338.192 320.847 348.251 331.252
threshold=0.032074967866004306 0.004784868589863601 0.83610000000000018 -0.018268140411280546 0.037288142335683706 0.019166012498228954 -0.020862061547103048 1.0000000180025095e-35 -0.050403264128118096 -0.18497435663030062 0.012755947187598203 0.021332135526789104 0.00085113390070050009 0.015582429571074903 -0.037029266757280993 0.054789541815318053 -0.00084627543260644997 -0.014986765402915199 0.016521050577421304 0.091931186692319714 -0.025659763706789646 -0.034239520091565945 -0.065117890559312927 -0.045819074632108395 1.0000000180025095e-35 0.021954190815016355 -0.091948524763022996 -0.092819023082530885 -0.021425535570347095 0.023824203082072653 0.040697587869175302
decision_type=2 2 2 2 2 2 2 2 2 2 2 2 2 2 2 2 2 2 2 2 2 2 2 2 2 2 2 2 2 2 2
left_child=1 4 3 20 7 6 17 8 24 -2 14 -10 -9 22 18 16 -16 -5 -11 -12 21 -3 -8 -15 -1 -22 -27 -19 -7 -30 -31
right_child=9 2 -4 5 -6 28 13 12 11 10 19 -13 -14 23 15 -17 -18 27 -20 -21 25 -23 -24 -25 -26 26 -28 -29 29 30 -32
leaf_value=-0.013736450398582895 0.049368702106110461 -0.093318207182495186 0.02278692773519319 -0.020762863212022493 0.037332125327304212 0.039799463172333141 0.058164856370642802 0.032584743294766787 -0.0060112469755365531 0.0043183743421297471 -0.00073336370727981849 0.023879018552323009 0.005761731959730663 -0.046186413979252564 -0.033739811610952679 0.0020116329775418922 -0.074169147265928478 0.10309153493627141 -0.06863468747529522 -0.086207502176911047 0.0024813001082615018 -0.0052133726768512859 -0.035681700502522229 0.015645576147011786 -0.0828886863895342 -0.11493015508218041 0.040168320955348842 -0.078234357568692736 0.0068608299308677073 -0.066903027033505882 0.059636736142501666
leaf_weight=1010 843 553 6365 1394 8715 1402 317 10295 12453 2858 7757 5567 8115 854 4019 1317 3305 75 673 417 7995 2102 6251 3469 1195 104 3256 3544 3463 953 175
leaf_count=1010 843 553 6365 1394 8715 1402 317 10295 12453 2858 7757 5567 8115 854 4019 1317 3305 75 673 417 7995 2102 6251 3469 1195 104 3256 3544 3463 953 175
internal_value=-8.91473e-07 0.00459556 -0.00569717 -0.010747 0.0137849 -0.0210974 -0.0306998 0.00847269 -0.00271326 -0.0194432 -0.0222955 0.00322176 0.0207626 -0.0174231 -0.0338431 -0.0437547 -0.0519872 -0.0595392 -0.0095813 -0.00509713 0.00542866 -0.0235743 -0.0311485 0.00342534 -0.0512245 0.012212 0.0353591 -0.0744689 0.00438167 -0.00642999 -0.0472502
internal_weight=110811 89622 42272 35907 47350 21897 15904 38635 20225 21189 20346 18020 18410 10891 12172 8641 7324 5013 3531 8174 14010 2655 6568 4323 2205 11355 3360 3619 5993 4591 1128
internal_count=110811 89622 42272 35907 47350 21897 15904 38635 20225 21189 20346 18020 18410 10891 12172 8641 7324 5013 3531 8174 14010 2655 6568 4323 2205 11355 3360 3619 5993 4591 1128
is_linear=0
shrinkage=0.0845865


Tree=38
num_leaves=32
num_cat=0
split_feature=24 62 74 48 1 23 18 63 28 67 20 11 23 93 33 60 12 4 38 30 33 68 45 91 84 66 7 100 7 15 14
split_gain=1301.29 1081.95 948.497 859.281 742.723 1048.86 738.686 717.411 641.352 598.931 626.983 582.006 531.421 518.681 495.595 493.207 467.126 671.215 446.887 374.929 373.85 374.25 371.894 353.782 341.039 321.663 312.4 310.466 310.22 302.991 318.739
threshold=0.040753127502359605 1.0000000180025095e-35 0.026721989511366204 -0.010699549625849748 0.023233723475790755 0.027337553129918153 -0.041795115533322443 0.034144856647688605 -0.028524572768928697 0.018373629407979153 0.0029370507776331502 -0.0064470339305020994 0.039275030565538008 -0.020737253159010295 0.026152684580882306 0.0081432935882833016 0.020594721519082204 0.0094534533640336007 0.014121368940325651 0.0049181963472728013 -0.0018550759727693497 0.007081402674228101 0.026669023568197402 0.071756836734820112 -0.032830676334501693 -0.0069560005222810495 -0.031584302116089841 0.026050000000000004 0.035957093045195308 -0.034379304198200546 -0.023179090028227895
decision_type=2 2 2 2 2 2 2 2 2 2 2 2 2 2 2 2 2 2 2 2 2 2 2 2 2 2 2 2 2 2 2
left_child=1 3 4 16 5 11 -6 19 12 10 24 13 20 -3 -15 -4 28 23 -10 -8 21 -2 -9 -18 -5 -11 -12 -17 -1 30 -28
right_child=8 2 15 9 6 -7 7 22 18 25 26 -13 -14 14 -16 27 17 -19 -20 -21 -22 -23 -24 -25 -26 -27 29 -29 -30 -31 -32
leaf_value=0.046295945339029948 -0.10836415646634869 0.020844429633383729 -0.01454267917021583 0.049084832695571325 0.027833596297859073 0.037505797556194521 -0.0020806213801940194 -0.11493652005914592 0.00074747152868917999 0.0039744590034994009 0.0063244255128290924 0.011518784212636801 0.0055204960601226323 -0.038238154666940492 0.012640483772451751 -0.077606899213161426 -0.010503636645465405 0.043502719385015411 -0.03100030528223717 -0.045478991812144584 -0.031517545731580887 -0.03962668452079799 0.00092749678649408816 -0.16147575864832828 0.0049273805498678599 0.037036686644687081 0.0022862226250387413 -0.023516619602832009 0.013777458002574293 -0.019153451047840803 -0.087494731021591332
leaf_weight=8624 1386 2098 5239 1468 1808 6478 3378 980 9467 3639 2641 11578 1248 5969 1777 1964 3212 2325 4770 2464 2173 961 248 115 8491 5001 390 1240 2777 5876 1026
leaf_count=8624 1386 2098 5239 1468 1808 6478 3378 980 9467 3639 2641 11578 1248 5969 1777 1964 3212 2325 4770 2464 2173 961 248 115 8491 5001 390 1240 2777 5876 1026
internal_value=-8.16156e-07 0.00430137 -0.00496846 0.0134976 0.000900521 0.0076818 -0.0204078 -0.0327477 -0.0195302 0.00451847 -0.00355744 -0.00133605 -0.0433256 -0.0164574 -0.0265634 -0.0305363 0.0285197 0.00863141 -0.00988798 -0.0203889 -0.0568169 -0.08023 -0.0915211 -0.0157316 0.0114388 0.0231141 -0.0185951 -0.0566807 0.0383772 -0.0276232 -0.0627529
internal_weight=110811 90806 45221 45585 36778 27900 8878 7070 20005 28532 19892 21422 5768 9844 7746 8443 17053 5652 14237 5842 4520 2347 1228 3327 9959 8640 9933 3204 11401 7292 1416
internal_count=110811 90806 45221 45585 36778 27900 8878 7070 20005 28532 19892 21422 5768 9844 7746 8443 17053 5652 14237 5842 4520 2347 1228 3327 9959 8640 9933 3204 11401 7292 1416
is_linear=0
shrinkage=0.0845865


Tree=39
num_leaves=32
num_cat=0
split_feature=68 26 21 15 59 55 63 91 19 38 76 15 11 100 90 74 22 74 100 21 9 30 40 11 19 64 100 4 82 9 5
split_gain=1258.8 1009.28 843.256 768.917 778.995 643.933 626.492 595.878 558.1 536.313 504.093 525.881 511.73 452.625 451.272 483.142 446.33 396.902 373.655 370.65 380.675 363.835 359.15 359.106 347.145 340.289 338.894 331.47 329.451 324.419 323.097
threshold=0.0097691773441483023 -0.0010822605466523497 -0.032435441913664896 0.054702812461245205 0.0029463103339364004 0.010551932312396503 0.0047384361333897016 0.062609973277543321 -0.030263169179022099 0.016249684598347403 0.012036814025592002 -0.021885835399852099 0.018229900106156004 -0.9061499999999999 0.049319778396182755 0.043868020411994953 0.076900539551017361 0.022992189237012201 -0.3824999999999999 -0.10878881064727379 -0.026797320517512397 -0.011267882177143898 0.0073042638480290507 0.032730082047951463 0.014968281249643401 0.034660941797952954 -0.97184999999999988 -0.067458856272070142 0.0054825493316922507 -0.048728933350633989 -0.009062982474888499
decision_type=2 2 2 2 2 2 2 2 2 2 2 2 2 2 2 2 2 2 2 2 2 2 2 2 2 2 2 2 2 2 2
left_child=1 3 7 4 13 14 24 9 27 -3 11 12 -10 21 15 19 22 -8 -11 -2 25 -1 -7 28 26 -21 -4 -6 -15 -26 -31
right_child=5 2 6 -5 8 16 17 -9 10 18 -12 -13 -14 23 -16 -17 -18 -19 -20 20 -22 -23 -24 -25 29 -27 -28 -29 -30 30 -32
leaf_value=0.0053752701638353027 -0.084798282895092003 -0.0038351960660806482 -0.11104543675719773 0.016273128077953416 0.045241532966655174 0.018633189265924329 0.0032814720969378082 -0.13046590328191651 -0.1198140747214346 -0.10165115121217233 -0.01837235614912662 -0.04240398955263272 -0.042014111616260591 0.00058496385165711362 -0.033931844394436271 -0.030196136674789761 -0.027310514289879226 -0.030554839887454638 -0.02353561166397828 0.019150652213351285 0.0037315246159962999 -0.064348809494150019 0.046690950075614163 0.019356024075378467 0.037165708668847927 0.067418929683322013 0.030095562939760255 -0.022953918217860192 -0.031539175286490917 0.015235860066563956 -0.030397605268817435
leaf_weight=766 288 4894 123 4019 626 8140 9857 357 1709 786 2449 3544 938 5502 2089 2284 1051 3314 992 6969 15020 1775 5454 3392 1490 1230 10656 2747 3904 2139 2307
leaf_count=766 288 4894 123 4019 626 8140 9857 357 1709 786 2449 3544 938 5502 2089 2284 1051 3314 992 6969 15020 1775 5454 3392 1490 1230 10656 2747 3904 2139 2307
internal_value=-7.22707e-07 -0.00711541 0.00236398 -0.0182707 -0.0233472 0.0114234 0.00856452 -0.0239964 -0.0394783 -0.018295 -0.0508704 -0.063722 -0.0922544 -0.0107124 0.00387858 0.00694202 0.0257852 -0.00523069 -0.0580826 0.0105514 0.0117353 -0.0433221 0.0298919 -0.00423603 0.0194361 0.0263949 0.0284823 -0.0102905 -0.0127462 0.00300546 -0.00843835
internal_weight=110811 68286 36915 31371 27352 42525 29886 7029 12013 6672 8640 6191 2647 15339 27880 25791 14645 13171 1778 23507 23219 2541 13594 12798 16715 8199 10779 3373 9406 5936 4446
internal_count=110811 68286 36915 31371 27352 42525 29886 7029 12013 6672 8640 6191 2647 15339 27880 25791 14645 13171 1778 23507 23219 2541 13594 12798 16715 8199 10779 3373 9406 5936 4446
is_linear=0
shrinkage=0.0845865


Tree=40
num_leaves=32
num_cat=0
split_feature=60 33 21 11 65 7 15 52 34 24 6 16 15 28 68 84 21 66 7 27 28 15 19 22 42 18 14 27 12 24 23
split_gain=1180.61 1177.85 1410.91 1384.33 1026.81 915.614 806.271 669.157 631.053 569.462 515.262 445.938 443.26 442.363 375.005 367.643 407.612 351.673 349.193 341.574 339.162 323.572 321.886 321.33 305.863 294.301 275.269 261.631 256.244 248.863 247.318
threshold=0.049618456381192604 0.026152684580882306 0.047493066980124309 -0.069640024415746085 0.016749106253747304 0.089060067168469773 -0.021885835399852099 -0.024410363972578095 0.014510256247972902 0.0054601411081470009 0.080517586630757573 0.021259274978303506 0.09118465142868247 0.013634829038544802 -0.028922918696650396 -0.00060551956583264983 -0.031313150953097245 0.0090704414362620025 0.041940620523972703 -0.0027313034938587998 -0.08436367520802239 0.015892546733728152 -0.029220051485130846 -0.011920973214037749 0.035379896555545659 -0.032420615704039743 -0.055923396428677441 -0.045303440240717939 0.021176743249152204 -0.068757667519251678 -0.0066396646638801991
decision_type=2 2 2 2 2 2 2 2 2 2 2 2 2 2 2 2 2 2 2 2 2 2 2 2 2 2 2 2 2 2 2
left_child=1 2 3 12 5 6 11 -2 23 -8 21 -5 13 19 22 -6 20 -10 -16 -1 -17 -7 -9 28 -18 -4 -21 -27 -3 -24 -30
right_child=7 8 25 4 15 10 9 14 17 -11 -12 -13 -14 -15 18 16 24 -19 -20 26 -22 -23 29 -25 -26 27 -28 -29 30 -31 -32
leaf_value=-0.098499490569808237 0.012875027197131204 0.051542164618936126 0.048577701779457104 -0.034327625563142637 0.026753405876140977 -0.093095917495688033 0.011686423155832229 -0.016929045746233811 -0.014646045739028262 -0.011988231889226314 0.030501427878670641 0.0024683434967375417 0.018611866104369688 -0.019959816528729132 -0.01666790253007509 -0.16268987841264956 0.020584613181192174 0.022170071476145012 -0.063525023688067117 0.06407270096839407 -0.021597946198200914 -0.033298831743053994 0.028481410177913717 0.01737511485456544 -0.027322908764195943 -0.036279636532200156 -0.055748086776577485 0.02308977385483528 -0.014338251431308711 -0.10853621929425394 0.04190445135657897
leaf_weight=1748 2168 5304 3345 9016 8702 1549 16329 497 4851 13102 442 3189 667 1736 4035 130 5571 3007 1586 151 1959 1115 103 8478 1150 589 1478 5375 984 1160 1295
leaf_count=1748 2168 5304 3345 9016 8702 1549 16329 497 4851 13102 442 3189 667 1736 4035 130 5571 3007 1586 151 1959 1115 103 8478 1150 589 1478 5375 984 1160 1295
internal_value=-7.41708e-07 0.00268021 -0.00239277 -0.00661902 -0.0029421 -0.00973869 -0.00643311 -0.0284328 0.0190847 0.00114629 -0.0540421 -0.0247116 -0.0462175 -0.0546789 -0.040569 0.0144215 0.00223823 -0.000554941 -0.0298933 -0.0725197 -0.0303933 -0.0680777 -0.0746498 0.0286949 0.012384 0.028492 -0.0446261 0.0172226 0.0413477 -0.0973444 0.0176116
internal_weight=110811 101262 77343 68034 62254 44742 41636 9549 23919 29431 3106 12205 5780 5113 7381 17512 8810 7858 5621 3377 2089 2664 1760 16061 6721 9309 1629 5964 7583 1263 2279
internal_count=110811 101262 77343 68034 62254 44742 41636 9549 23919 29431 3106 12205 5780 5113 7381 17512 8810 7858 5621 3377 2089 2664 1760 16061 6721 9309 1629 5964 7583 1263 2279
is_linear=0
shrinkage=0.0845865


Tree=41
num_leaves=32
num_cat=0
split_feature=15 62 21 33 38 7 100 60 74 11 24 51 24 30 68 79 42 6 13 13 38 24 48 84 95 100 14 30 15 11 13
split_gain=1130.03 1094.74 925.836 776.451 657.961 654.608 620.497 546.193 535.996 526.254 496.36 486.008 472.372 471.439 461.722 452.244 433.552 431.677 402.245 396.224 384.865 385.291 353.456 331.779 321.321 318.166 316.871 317.076 314.791 409.794 321.514
threshold=0.04157052901458911 0.044769411051733508 -0.0025788049096728497 0.00074279668968040013 -0.036195861306706642 0.038350382520869607 -0.96374999999999988 0.045319370937734957 0.03400557112183656 -0.033951265674093546 -0.043159587714564143 0.0076043739903871007 0.082957297380862258 -0.020488867701735695 0.014039660468850751 -0.10007451945000424 0.046784231889816605 0.036430568014604155 0.016065567472926052 -0.065738079383622541 0.010045274276648702 0.051083644951331754 0.0049115293059089011 0.037394251981671206 0.03530601435568665 -0.75764999999999982 -0.089854293543004185 0.0093129815013123004 0.086436990967349567 -0.096374697003733731 -0.0076786144756713992
decision_type=2 2 2 2 2 2 2 2 2 2 2 2 2 2 2 2 2 2 2 2 2 2 2 2 2 2 2 2 2 2 2
left_child=1 2 3 4 -1 11 26 16 18 13 -9 15 24 -5 -7 -6 20 -13 23 25 -8 -22 -21 -3 28 -11 -4 -28 29 -2 -31
right_child=12 8 6 9 5 14 7 10 -10 19 -12 17 -14 -15 -16 -17 -18 -19 -20 22 21 -23 -24 -25 -26 -27 27 -29 -30 30 -32
leaf_value=0.01388061318985539 -0.045322013506373451 -0.02820241416833412 0.11225148954987312 0.016618487420200181 0.17907076563008587 -0.078258736144531618 0.023658394893376559 0.038353925243102563 -0.075907361247347704 -0.14983076485220534 -0.032629273853139004 -0.050476853719154044 -0.034485409114219004 -0.044437316501510019 -0.017637122582381468 -0.008404532650979164 -0.014371718072342254 0.0091931999250124911 0.0025760362340102021 0.027571648372931655 0.010305318077410579 -0.034527359672902644 -0.0016291436392269214 -0.091553139775735703 -0.0069433499152507256 -0.019278375351330611 -0.005183661813143713 -0.086682967513537601 0.044451738865370009 0.0065927266302559621 0.034050134845798094
leaf_weight=3233 688 4090 86 1368 93 2650 19726 881 1617 162 3520 4379 1178 2670 1362 8478 3676 1081 2893 7026 11034 1566 5130 692 2627 763 562 873 4365 5533 6809
leaf_count=3233 688 4090 86 1368 93 2650 19726 881 1617 162 3520 4379 1178 2670 1362 8478 3676 1081 2893 7026 11034 1566 5130 692 2627 763 562 873 4365 5533 6809
internal_value=-7.15906e-07 -0.00415563 -0.000975393 -0.0104653 -0.0212553 -0.0275522 0.00771521 0.00971231 -0.0316427 0.00294351 -0.0184145 -0.0189344 0.0175608 -0.0237475 -0.0576848 -0.00636647 0.0131512 -0.0386592 -0.0223135 0.0111845 0.0162817 0.00473141 0.0152468 -0.0373755 0.0206241 -0.0421748 -0.0453185 -0.0547813 0.0247886 0.0181997 0.0217426
internal_weight=110811 89611 80319 38395 21276 18043 41924 40403 9292 17119 4401 14031 21200 4038 4012 8571 36002 5460 7675 13081 32326 12600 12156 4782 20022 925 1521 1435 17395 13030 12342
internal_count=110811 89611 80319 38395 21276 18043 41924 40403 9292 17119 4401 14031 21200 4038 4012 8571 36002 5460 7675 13081 32326 12600 12156 4782 20022 925 1521 1435 17395 13030 12342
is_linear=0
shrinkage=0.0845865


Tree=42
num_leaves=32
num_cat=0
split_feature=11 38 3 4 28 11 60 15 39 88 1 100 68 31 70 15 62 93 100 65 49 62 94 30 28 20 71 14 20 51 57
split_gain=1108.79 1044.42 821.713 847.917 750.151 663.184 608.789 567.077 545.681 502.567 480.347 470.143 442.697 433.672 431.903 502.616 410.835 369.671 385.807 366.661 347.984 344.709 324.708 322.431 317.597 313.256 303.653 298.086 297.894 293.361 294.671
threshold=0.038712187538076655 0.00068659218048130013 0.044148753684022261 -0.13769199117331887 -0.032120161791572892 -0.11004754385454064 0.0025252706800866502 0.033166434836737306 -0.039887494194190944 0.035160022776978758 -0.080145420356260391 -0.85204999999999986 -0.053856838240658844 0.026418065511907302 0.034644196367966507 -0.019352198403562098 -0.005223653629848099 0.021000225718176654 -0.96374999999999988 0.014818170674718903 0.063750330099301866 0.056865950292112805 -0.062619008951029634 -0.015151181220844199 0.049576637521498157 -0.024147740041736147 -0.031976116031291094 -0.028565640028726445 -0.048217106714869541 -0.0063922180023567492 -0.022243870342426145
decision_type=2 2 2 2 2 2 2 2 2 2 2 2 2 2 2 2 2 2 2 2 2 2 2 2 2 2 2 2 2 2 2
left_child=1 5 3 -3 7 -1 20 16 -6 17 -4 -12 -2 19 15 -10 26 18 -8 -14 21 28 -13 -16 -20 -18 -5 -9 -7 -19 -31
right_child=12 2 10 4 8 6 9 27 14 -11 11 22 13 -15 23 -17 25 29 24 -21 -22 -23 -24 -25 -26 -27 -28 -29 -30 30 -32
leaf_value=-0.043270992273797479 -0.025229040226946012 0.03691985178574974 0.035960439259291301 0.030061506520642909 0.013016059659744922 0.043718381544364887 -0.089694211275881008 0.044346482368210205 -0.050541649676728952 -0.038786950827057812 -0.040770893971358219 -0.094384304626406956 0.0029572351758869629 0.037429681482792569 0.042627460311627258 -0.018253321572644945 -0.032599561607454371 0.0051417757104991642 0.005758729909212436 0.029511837096005401 0.055282812568431552 -0.022715892723698859 0.010211389008659217 -0.016963234238856244 0.049297492798543854 -0.10259861155195441 -0.051514225846104031 -0.036441576306690183 0.012298873896226442 0.0028770466387728361 -0.059529279207692902
leaf_weight=2000 1764 1670 2758 388 3489 2454 280 576 5133 2661 1978 220 11418 6422 1117 10528 592 1843 10469 5520 1483 1782 6042 1552 1354 2028 2048 755 18010 798 1679
leaf_count=2000 1764 1670 2758 388 3489 2454 280 576 5133 2661 1978 220 11418 6422 1117 10528 592 1843 10469 5520 1483 1782 6042 1552 1354 2028 2048 755 18010 798 1679
internal_value=-7.52178e-07 -0.0045826 -0.0143609 -0.0216378 -0.0251056 0.00433577 0.00656028 -0.0506034 -0.0176406 -0.00468625 0.00540454 -0.0048204 0.015625 0.0187111 -0.0234771 -0.0288376 -0.0635351 0.000837887 0.00842103 0.0116126 0.0156062 0.01296 0.00653231 0.00796845 0.0107469 -0.0867914 -0.0385118 -0.00146348 0.0160678 -0.0204021 -0.0394161
internal_weight=110811 85687 40874 29876 28206 44813 42813 6387 21819 19084 10998 8240 25124 23360 18330 15661 5056 16423 12103 16938 23729 22246 6262 2669 11823 2620 2436 1331 20464 4320 2477
internal_count=110811 85687 40874 29876 28206 44813 42813 6387 21819 19084 10998 8240 25124 23360 18330 15661 5056 16423 12103 16938 23729 22246 6262 2669 11823 2620 2436 1331 20464 4320 2477
is_linear=0
shrinkage=0.0845865


Tree=43
num_leaves=32
num_cat=0
split_feature=13 3 1 12 14 55 10 100 24 2 48 100 11 60 34 7 63 1 32 70 31 3 77 42 30 100 60 5 59 14 97
split_gain=1049.8 1254.46 1010.72 1097.17 976.954 927.346 705.075 588.762 588.642 500.306 459.708 450.749 432.581 411.099 450.413 403.028 542.604 402.6 383.489 383.025 379.381 394.172 370.613 367.642 341.196 338.88 333.08 319.668 317.922 312.185 330.93
threshold=0.041950526572167454 -0.018201141239484946 -0.019078718414951696 0.012188658261542152 -0.044126520817896191 0.043456343616941707 -0.045574107588270997 -0.10264999999999998 0.046667772270699508 -0.032724575111191395 -0.027602348005851447 -0.94494999999999985 -0.096374697003733731 -0.017746932857423698 0.0064184434077045006 -0.036011523758746687 -0.020947417185600746 -0.012671036047544099 -0.00076121335323084979 0.0016202497237659504 -0.0061482685805753995 -0.11850123737082839 0.018431960933817403 0.042674414010976304 -0.039110750094915998 -0.87114999999999987 -0.021520246020099099 0.0019391505165172504 -0.015449559189044948 0.009581765304104652 0.033477865069938106
decision_type=2 2 2 2 2 2 2 2 2 2 2 2 2 2 2 2 2 2 2 2 2 2 2 2 2 2 2 2 2 2 2
left_child=1 4 3 8 17 6 25 9 10 -6 -3 -5 26 14 24 -8 -17 -1 -18 27 -14 -22 -13 -21 -11 -4 -2 -15 -9 30 -12
right_child=12 2 5 11 7 -7 15 28 -10 13 29 22 20 19 -16 16 18 -19 -20 23 21 -23 -24 -25 -26 -27 -28 -29 -30 -31 -32
leaf_value=-0.0017902040764139339 0.035865653116524468 0.055764012404487875 -0.10344120741819027 -0.061457351455511601 -0.00041932076319692747 0.030281388809020222 0.017525641120043938 0.0080031023419466947 -0.013310514309471229 0.10948809744398476 0.018548014131690223 0.0049038634608099671 0.0075730676076516019 -0.043500279281760486 -0.05256361498392792 0.015609853607015233 -0.041946539157713923 0.0466878201484918 -0.0091142373605562679 -0.025977319191553053 0.083818304126928048 0.026372723745915469 -0.030239562125071139 -0.11551062326747462 -0.0040112903901001595 -0.037817953427194843 -0.048866690891215682 -0.096190961412616766 -0.022081631694730708 0.036698381273012386 -0.027375056506661079
leaf_weight=4262 464 3432 672 1040 1871 3413 3194 3537 2883 237 9836 9097 8634 1263 1366 3007 5015 1720 5173 2636 939 9557 2810 375 943 3490 1164 2380 8675 6459 1267
leaf_count=4262 464 3432 672 1040 1871 3413 3194 3537 2883 237 9836 9097 8634 1263 1366 3007 5015 1720 5173 2636 939 9557 2810 375 943 3490 1164 2380 8675 6459 1267
internal_value=-6.53266e-07 -0.00395366 0.00297304 0.0117721 -0.0183422 -0.010547 -0.0173287 -0.0261762 0.0225238 -0.0403042 0.0274457 -0.00805465 0.0171473 -0.0484132 -0.0194937 -0.00943153 -0.0159585 0.0121454 -0.0252781 -0.059475 0.0207101 0.0315145 -0.00338816 -0.0371375 0.0187716 -0.0484201 -0.0247034 -0.0779305 -0.0133664 0.0219103 0.0133055
internal_weight=110811 90053 60788 36824 29265 23964 20551 23283 23877 11071 20994 12947 20758 9200 2546 16389 13195 5982 10188 6654 19130 10496 11907 3011 1180 4162 1628 3643 12212 17562 11103
internal_count=110811 90053 60788 36824 29265 23964 20551 23283 23877 11071 20994 12947 20758 9200 2546 16389 13195 5982 10188 6654 19130 10496 11907 3011 1180 4162 1628 3643 12212 17562 11103
is_linear=0
shrinkage=0.0845865


Tree=44
num_leaves=32
num_cat=0
split_feature=9 20 3 2 1 4 8 13 58 22 31 58 42 100 91 74 25 23 1 3 70 54 20 38 61 12 49 55 22 26 3
split_gain=1001.55 869.707 774.926 1097.86 702.049 711.71 651.676 613.855 572.118 473.605 472.185 470.411 465.727 426.389 424.475 400.353 400.118 397.336 459.364 386.416 386.38 384.547 376.585 361.764 345.525 323.619 322.116 308.421 308.298 303.082 334.038
threshold=0.0032962987332410005 -0.016494631345409246 0.10115501634649351 -0.036110331403089592 -0.011864941912789797 0.041773316375353108 -0.030701032930844748 0.017457772606156902 0.0097159729645150007 0.064477304086893769 0.026418065511907302 -0.017858551898647494 -0.016822155305638294 -0.87929999999999986 0.017880637951848005 0.030465145497032203 -0.018243491201035997 -0.0095574419579263995 0.1228346226945554 0.050118616662371655 0.040908107034118103 0.0033901363853168004 0.059762068439959556 0.073358032712368362 0.030280106456210352 0.029398979410594956 -0.0031830757559516494 -0.026656604301661096 0.0485810335288391 -0.04430789638558949 -0.10423203134174834
decision_type=2 2 2 2 2 2 2 2 2 2 2 2 2 2 2 2 2 2 2 2 2 2 2 2 2 2 2 2 2 2 2
left_child=1 11 3 4 9 8 12 13 24 -2 22 -1 27 21 19 23 -15 18 -14 -13 -17 -3 -9 29 -6 -16 -23 -5 -19 -8 -31
right_child=2 7 -4 6 5 -7 15 10 -10 -11 -12 14 17 16 25 20 -18 28 -20 -21 -22 26 -24 -25 -26 -27 -28 -29 -30 30 -32
leaf_value=0.039340052001005821 0.023905601134698699 -0.072859913488468486 0.019857551617463713 -0.072061734788009188 -0.01961657374173886 -0.10743239836728356 -0.041097315296217123 0.010804605277432575 0.025791307301002986 -0.037296350831137887 0.037945537362119308 0.011703335515234625 -0.10541711887173061 -0.022061747176496813 0.0032682086096263033 -0.057554690790917795 0.0021287988681184269 -0.027956555039818802 -0.0043327026154902993 0.047592749375994017 0.029128906504755487 0.029423854345940803 -0.034019196681287528 -0.10213319208888304 -0.09558679877079912 -0.050583314687739973 -0.054182557600208368 0.00095100143130100179 -0.10408952274042327 -0.051440764046693323 0.00054382076788386856
leaf_weight=6597 8878 1299 5643 528 2505 593 1737 9190 1989 1007 4118 8481 1783 6668 3028 2435 18364 2508 393 2875 433 733 1570 298 517 1084 599 1913 449 957 11639
leaf_count=6597 8878 1299 5643 528 2505 593 1737 9190 1989 1007 4118 8481 1783 6668 3028 2435 18364 2508 393 2875 433 733 1570 298 517 1084 599 1913 449 957 11639
internal_value=-6.58811e-07 0.00679984 -0.0095099 -0.0135961 0.00410821 -0.0198072 -0.0245338 -0.000267712 -0.00943211 0.0176685 0.0135868 0.0204269 -0.0452632 -0.00771986 0.0123591 -0.0155603 -0.00431425 -0.0597289 -0.0871711 0.0207916 -0.0444597 -0.0401127 0.00426218 -0.00989369 -0.0326223 -0.0109235 -0.00815876 -0.0148348 -0.0395261 -0.00797397 -0.00340434
internal_weight=110811 64606 46205 40562 15489 5604 25073 42541 5011 9885 14878 22065 7574 27663 15468 17499 25032 5133 2176 11356 2868 2631 10760 14631 3022 4112 1332 2441 2957 14333 12596
internal_count=110811 64606 46205 40562 15489 5604 25073 42541 5011 9885 14878 22065 7574 27663 15468 17499 25032 5133 2176 11356 2868 2631 10760 14631 3022 4112 1332 2441 2957 14333 12596
is_linear=0
shrinkage=0.0845865


Tree=45
num_leaves=32
num_cat=0
split_feature=68 60 34 55 70 46 6 65 2 2 9 38 15 8 38 39 62 30 7 3 2 21 22 90 26 42 56 20 75 12 8
split_gain=981.324 873.892 725.962 535.849 481.89 469.148 460.773 423.711 419.814 419.358 417.644 385.182 379.298 363.7 361.078 352.314 349.371 370.496 345.789 326.563 358.278 332.83 400.285 350.484 312.014 302.698 289.88 280.431 309.057 270.345 269.346
threshold=0.0073980818586290506 0.029762319508049705 0.004427016094083901 0.010551932312396503 -0.0050295977271736991 -0.0089925397433877983 0.019363146167723406 0.019539850667993554 -0.022211460106993795 -0.058138277707058698 -0.057295912137371542 -0.0094656054728669992 -0.0058485304194104493 -0.062690654425724732 -0.014564310179638749 -0.033921881480407194 -0.030867261242994094 0.04763940234616041 0.13480056399582926 0.075400957160247611 -0.094310952006666129 0.059325650782122909 -0.0026018685432371998 0.0020272237610329505 0.069651218994202763 0.019921405365456054 0.022671802212073256 0.035469234852247608 -0.057081152659125688 0.034775045211801858 0.0021304435004652002
decision_type=2 2 2 2 2 2 2 2 2 2 2 2 2 2 2 2 2 2 2 2 2 2 2 2 2 2 2 2 2 2 2
left_child=1 2 4 7 11 25 9 19 -7 -4 -10 -1 15 -11 -15 -13 -5 -18 -8 20 -2 22 23 -22 -17 -3 -16 28 -6 -21 -12
right_child=3 5 6 16 27 8 18 -9 10 13 30 12 -14 14 26 24 17 -19 -20 29 21 -23 -24 -25 -26 -27 -28 -29 -30 -31 -32
leaf_value=0.01201305357495386 0.026424235037330521 -0.033464101919890479 0.0089304596764561203 0.046774221652782805 -0.0366448735127438 0.010652568570123953 0.0067022195002502567 0.018684096788105148 0.025507322558156343 -0.086031460634998863 -0.067672265288723971 0.012253015995030219 0.0010087205369473794 -0.0041656780801036363 -0.025492863860786277 -0.054750144959186613 0.021874177722416146 -0.018153079361515355 -0.11706145203300046 0.0383502065618994 0.014326580987190937 0.02673386358746857 -0.029665661444220774 -0.020878296687522963 0.090290831533739693 -0.079403846007182158 -0.062529693301136155 -0.0061515204511276211 0.025660486323570948 -0.025855654576331186 -0.019620673950801023
leaf_weight=5769 1995 3186 2750 3248 598 2935 7495 8609 756 715 1702 850 4176 4325 6385 2889 10656 1958 165 2097 4285 1486 7227 3833 110 1516 1983 2994 11873 604 1641
leaf_count=5769 1995 3186 2750 3248 598 2935 7495 8609 756 715 1702 850 4176 4325 6385 2889 10656 1958 165 2097 4285 1486 7227 3833 110 1516 1983 2994 11873 604 1641
internal_value=-6.91192e-07 -0.00670674 -0.00208774 0.00944793 0.00683718 -0.0275946 -0.0130524 0.00282358 -0.0137629 -0.0211531 -0.0312501 -0.00465571 -0.0166412 -0.0273248 -0.0240158 -0.0357958 0.022032 0.0156592 0.00403252 -0.00351835 -0.00746541 -0.0114837 -0.0151862 -0.00229319 -0.0494212 -0.0482813 -0.0342726 0.0170896 0.022671 0.0239843 -0.0440921
internal_weight=110811 64813 53077 45998 29259 11736 23818 30136 7034 16158 4099 13794 8025 13408 12693 3849 15862 12614 7660 21527 18826 16831 15345 8118 2999 4702 8368 15465 12471 2701 3343
internal_count=110811 64813 53077 45998 29259 11736 23818 30136 7034 16158 4099 13794 8025 13408 12693 3849 15862 12614 7660 21527 18826 16831 15345 8118 2999 4702 8368 15465 12471 2701 3343
is_linear=0
shrinkage=0.0845865


Tree=46
num_leaves=32
num_cat=0
split_feature=24 12 33 63 1 4 26 21 40 21 11 7 15 76 20 48 2 74 68 27 15 2 34 90 59 91 7 2 14 5 22
split_gain=928.395 840.899 736.102 632.435 954.856 600.463 535.401 514.808 510.957 477.059 415.464 398.173 367.538 367.417 354.718 354.516 348.699 346.656 344.791 341.076 341.068 332.41 395.525 375.053 403.252 328.907 358.431 309.667 292.622 292.271 285.681
threshold=0.029537174986280803 0.021176743249152204 0.026152684580882306 0.007662287567705651 0.010951438399460502 0.0099918569496138514 -0.0020637268819712995 0.090825141032628023 0.029587690446359251 0.0044383340405927006 -0.0058901815901666989 0.086881013123040321 -0.047143201534009041 -0.010551946094632147 0.04684275360392031 -0.012816228130314149 0.028321280832771804 -0.011266506279513498 -0.032523524315507792 -0.028998440737749796 0.056721917652989305 -0.030361927349292144 0.076514654030738816 -0.010162932777387048 -0.00058511804337249985 0.0092217502317290014 0.059711402461032161 -0.017049367705691248 -0.058026461524424595 0.024449199264638604 -0.070974652284296183
decision_type=2 2 2 2 2 2 2 2 2 2 2 2 2 2 2 2 2 2 2 2 2 2 2 2 2 2 2 2 2 2 2
left_child=1 2 3 21 11 9 7 18 20 13 12 15 -7 -3 -4 -5 30 -17 -2 -11 -6 -1 23 -23 -25 26 -20 -28 -18 -30 -8
right_child=6 5 14 4 8 10 16 -9 -10 19 -12 -13 -14 -15 -16 17 28 -19 25 -21 -22 22 -24 24 -26 -27 27 -29 29 -31 -32
leaf_value=0.029542144392139431 -0.061945276294843206 -0.05230286687505592 0.034368871782098256 0.029724750819511099 -0.061051576821907247 -0.05609286808016066 0.069143092659241775 0.034818378446412786 0.011185701456786112 -0.036144135131584397 0.02333382917020085 -0.050953349720040897 0.0017401552978407483 -0.017739098663929982 -0.0040307971253368824 0.02199015271570821 0.024059370500955975 -0.0130898484273198 -0.0029186613365253292 0.010148161061949953 0.033027848711954966 0.026351777020679125 -0.062557762405211062 0.016764989031255447 -0.014669175133786206 -0.045297655461773126 -0.011365868339150285 -0.10893535479447138 -0.01370060719811593 -0.060179089825590192 0.002739745432832068
leaf_weight=6919 2156 3479 10672 3901 3492 1008 486 904 1129 1481 5620 861 3570 5996 2051 3093 850 5785 4871 4927 299 6455 554 5802 5878 3387 466 466 2708 1508 10037
leaf_count=6919 2156 3479 10672 3901 3492 1008 486 904 1129 1481 5620 861 3570 5996 2051 3093 850 5785 4871 4927 299 6455 554 5802 5878 3387 466 466 2708 1508 10037
internal_value=-6.3171e-07 0.00448392 0.0102497 0.00508508 -0.00680338 -0.00809232 -0.0133672 -0.0266003 -0.0387488 -0.018377 0.00792354 0.00471802 -0.0109897 -0.0304326 0.028177 0.00847085 -0.00296711 -0.00086588 -0.0314959 -0.000547731 -0.0536254 0.0137023 0.00783695 0.00998881 0.000943821 -0.0243497 -0.0121191 -0.0601777 -0.0212007 -0.030331 0.00580899
internal_weight=110811 82972 56891 44168 18560 26081 27839 12250 4920 15883 10198 13640 4578 9475 12723 12779 15589 8878 11346 6408 3791 25608 18689 18135 11680 9190 5803 932 5066 4216 10523
internal_count=110811 82972 56891 44168 18560 26081 27839 12250 4920 15883 10198 13640 4578 9475 12723 12779 15589 8878 11346 6408 3791 25608 18689 18135 11680 9190 5803 932 5066 4216 10523
is_linear=0
shrinkage=0.0845865


Tree=47
num_leaves=32
num_cat=0
split_feature=62 28 94 26 42 48 38 39 55 13 9 13 30 62 95 24 21 90 93 5 3 24 79 63 7 17 48 11 13 3 94
split_gain=904.017 892.492 664.138 632.085 558.84 551.738 538.928 516.536 488.615 443.848 444.84 441.529 438.736 366.788 327.908 326.166 318.546 310.688 322.222 311.53 374.89 307.146 372.283 393.547 301.289 300.117 291.968 288.803 288.269 285.171 280.024
threshold=1.0000000180025095e-35 -0.022646432486360998 -0.034735323223336646 0.015773407414713402 0.013402076499858152 0.00062592272058710019 -0.006241264414413499 0.016440945610876855 0.011620672605007902 0.012408308488798852 -0.066321557817352286 -0.012528099629778697 0.045759731514161454 -0.069360108377052795 0.04186029250146666 0.00080144080836265009 -0.08003412965958133 -0.022578513379276795 0.034879683578620153 0.061517954688716604 0.12302585330801862 -0.0084820324870666982 -0.11879763074967159 -0.022668776693561394 0.0024373400549338505 -0.074623747856793224 -0.0029480911768932495 -0.099494634212686825 -0.0031172359128482496 0.029133736221182555 -0.071271661847728027
decision_type=2 2 2 2 2 2 2 2 2 2 2 2 2 2 2 2 2 2 2 2 2 2 2 2 2 2 2 2 2 2 2
left_child=2 6 21 4 7 11 15 -3 13 10 -8 25 24 -7 16 -2 -5 18 -15 27 -21 -1 -23 -24 -6 -4 -11 -19 -26 -27 -25
right_child=1 3 5 14 12 8 9 -9 -10 26 -12 -13 -14 17 -16 -17 -18 19 -20 20 -22 22 23 30 28 29 -28 -29 -30 -31 -32
leaf_value=0.005468927574607008 0.010416614287080968 0.01023781711254769 -0.044262419687236126 -0.055629517077487187 -0.0038543610811086399 0.045290446449552671 0.0077680994184111231 -0.022332704295077117 0.018643285157523552 0.01144457065352877 -0.066087875876666757 0.028854388754052645 -0.079387970729535337 0.024946650695798066 -0.027990039767683467 -0.024905562241983929 0.02054349706943966 -0.083502239292013211 -0.051038030439231725 -0.076852177437542787 0.03877126641917128 0.121178738654682 0.0098211611075931619 -0.10426030824507025 -0.061610519705627254 -0.00044060434897254388 -0.040324495441776007 -0.0088622843393406595 -0.01518258896562912 0.031459866732745215 -0.037393988119716816
leaf_weight=2926 3476 11716 786 406 4363 899 676 4958 8067 1518 4240 15332 965 2617 1217 4048 11904 386 471 1082 246 114 1118 535 1756 5989 1601 9504 2106 3013 2776
leaf_count=2926 3476 11716 786 406 4363 899 676 4958 8067 1518 4240 15332 965 2617 1217 4048 11904 386 471 1082 246 114 1118 535 1756 5989 1601 9504 2106 3013 2776
internal_value=-6.09932e-07 -0.00770395 0.00757672 -0.00092834 -0.0086778 0.0112004 -0.0248564 0.000551672 0.0018157 -0.0400908 -0.0559276 0.0198938 -0.0254256 -0.0071108 0.0138872 -0.00858435 0.0180292 -0.0104054 0.0133493 -0.0169464 -0.0554171 -0.0158984 -0.029665 -0.0335542 -0.0190913 0.00585571 -0.0151222 -0.0117781 -0.036299 0.0102344 -0.0482067
internal_weight=110811 54950 55861 39391 25864 48392 15559 16674 23272 8035 4916 25120 9190 15205 13527 7524 12310 14306 3088 11218 1328 7469 4543 4429 8225 9788 3119 9890 3862 9002 3311
internal_count=110811 54950 55861 39391 25864 48392 15559 16674 23272 8035 4916 25120 9190 15205 13527 7524 12310 14306 3088 11218 1328 7469 4543 4429 8225 9788 3119 9890 3862 9002 3311
is_linear=0
shrinkage=0.0845865


Tree=48
num_leaves=32
num_cat=0
split_feature=84 93 100 3 94 14 2 91 20 33 21 23 38 100 38 3 11 7 2 21 9 2 1 6 78 16 40 19 26 79 4
split_gain=876.097 964.098 695.015 674.236 632.611 585.681 640.758 570.409 556.324 439.808 411.403 439.874 397.547 385.736 374.758 372.436 432.73 437.666 402.739 363.073 359.933 351.419 317.438 313.807 308.228 299.045 297.286 290.972 286.357 354.278 261.366
threshold=0.0036580484726457005 0.030953930710610405 -0.95304999999999984 -0.0011709492336022499 -0.017925754767772997 -0.044881634416913944 -0.0043238486695600488 0.052927809122010457 0.036093006112772406 0.043887263718995706 0.0022027289066186002 -0.018765607388578097 0.051471811117220656 0.86590000000000011 -0.017308383259660297 0.092572173936269916 0.029394831604843404 0.14177564617113228 -0.087102362582712631 -0.036049658528969096 -0.018953114610829897 0.043836965555262355 -0.069203642328287449 0.17093251579376159 -0.017089994579036597 -0.00085358658816769991 -0.011217789588465699 0.029026212802185456 0.011561235245115402 -0.060581822877776838 -0.042650361666048998
decision_type=2 2 2 2 2 2 2 2 2 2 2 2 2 2 2 2 2 2 2 2 2 2 2 2 2 2 2 2 2 2 2
left_child=2 4 25 5 9 21 -7 8 22 14 11 -8 -12 15 26 16 17 18 -6 -16 -3 -4 -5 27 -13 -1 -2 -24 29 -21 -17
right_child=1 20 3 7 13 6 10 -9 -10 -11 12 24 -14 -15 19 30 -18 -19 -20 28 -22 -23 23 -25 -26 -27 -28 -29 -30 -31 -32
leaf_value=-0.058014805571398875 -0.034390616880961754 -0.013747930104256003 0.0073027924308353767 0.041355980073301393 0.033256868330427188 0.0097178303429548158 -0.066411032705502249 -0.029493139779318635 -0.002123832950875126 0.019310251219865227 0.0064886664259798379 0.012892899414654246 -0.085329107781073721 0.026079179155377812 -0.078625977052390758 -0.010934020106021375 0.015375895309161499 -0.11988385488031036 -0.012768777579900576 0.070995654837562858 -0.050226113331948562 0.051917178619308481 0.024127672047431058 0.11754366002395383 -0.033173813858683045 -0.0021061870388163514 0.020269732201636845 -0.002696741128365212 -0.0056063124925711215 -0.052940129070228971 0.051327016423315004
leaf_weight=1614 1217 3292 3611 6673 1484 8409 2066 1785 6555 1689 4173 1447 367 4457 1311 698 6211 258 16282 175 4703 1944 13273 231 3682 1190 1715 3698 2201 2842 1558
leaf_count=1614 1217 3292 3611 6673 1484 8409 2066 1785 6555 1689 4173 1447 367 4457 1311 698 6211 258 16282 175 4703 1944 13273 231 3682 1190 1715 3698 2201 2842 1558
internal_value=-6.28253e-07 -0.0082813 0.00683067 0.00882227 -0.00316683 -0.00139544 -0.00810192 0.0169739 0.0197004 -0.020442 -0.0208729 -0.0334536 -0.000930052 0.00305644 -0.027541 -0.000816292 -0.00387714 -0.0105129 -0.00892293 -0.0388226 -0.0352089 0.0229201 0.0256933 0.019616 -0.0201733 -0.0342957 -0.00241141 0.0182814 -0.0288172 -0.0457428 0.0320544
internal_weight=110811 50093 60718 57914 42098 25699 20144 32215 30430 11150 11735 7195 4540 30948 9461 26491 24235 18024 17766 6529 7995 5555 23875 17202 5129 2804 2932 16971 5218 3017 2256
internal_count=110811 50093 60718 57914 42098 25699 20144 32215 30430 11150 11735 7195 4540 30948 9461 26491 24235 18024 17766 6529 7995 5555 23875 17202 5129 2804 2932 16971 5218 3017 2256
is_linear=0
shrinkage=0.0845865


Tree=49
num_leaves=32
num_cat=0
split_feature=28 23 21 3 1 3 91 18 1 11 55 42 30 0 55 38 38 61 4 24 38 5 13 62 33 75 63 42 10 70 63
split_gain=831.407 1032.09 1108.43 841.258 762.587 1036.88 695.151 552.252 555.771 550.287 519.116 471.647 443.968 428.41 379.819 376.619 363.302 353.478 352.045 336.326 312.104 310.142 306.266 304.319 300.593 300.064 291.48 268.235 264.081 260.145 255.197
threshold=0.019828326375400603 0.022884322632752602 0.058027088639763656 -0.022443628107096495 0.016521050577421304 -0.084918813479366237 0.051275884073234711 0.011985946290505251 -0.019854513424471146 0.041430604339363908 -0.0018342075603085997 0.013792871880041952 -0.032263837670655542 0.1972785083358872 -0.0049400827932722493 0.0067022536565285512 0.0063182866628495012 0.0080678097138263006 0.078729861167707513 0.042200811811707102 0.031023259858510253 -0.09119820559647264 -0.034030038095206792 -0.022641833639258847 0.028433916675102405 -0.058758706461944747 -0.011048787718938897 0.018789467840222153 0.025788415637109853 -0.018510569982885347 -0.042781752915602288
decision_type=2 2 2 2 2 2 2 2 2 2 2 2 2 2 2 2 2 2 2 2 2 2 2 2 2 2 2 2 2 2 2
left_child=1 2 3 13 12 23 9 10 22 11 -2 14 29 15 -5 -1 -13 -10 25 20 -15 -11 -9 -6 -8 -14 -7 -27 -19 -3 -12
right_child=7 4 -4 6 5 26 24 8 17 21 30 16 18 19 -16 -17 -18 28 -20 -21 -22 -23 -24 -25 -26 27 -28 -29 -30 -31 -32
leaf_value=-0.029874873873588306 0.0060545534740736691 -0.042360757252429687 0.027296406643769672 -0.015259603050014246 0.092233509343616613 -0.0091793433801907829 -0.073963035862315063 -0.018014564126745323 -0.0049698033320152886 -0.028383887461736271 0.069238376600491869 -0.011498717760632301 -0.041919909092072966 0.0043733461402845541 0.01027543382867873 -0.06717769938109959 -0.045077646350362495 -0.069520365041074811 0.069538300961485527 -0.054825112728602667 -0.042458755745804641 0.025708593582782588 0.019909558016351546 0.0069118951756221491 0.0042157050882010239 0.033110074213503406 -0.05282672683007246 0.0028864527728497836 -0.0046452902019913098 0.0082196819521342147 0.027734814696286105
leaf_weight=4749 10748 1042 4868 7768 660 1875 1545 2018 2709 885 1193 5697 495 4158 8992 3274 3875 1550 1263 1307 1348 5286 6213 548 455 8216 2635 2825 633 2409 9572
leaf_count=4749 10748 1042 4868 7768 660 1875 1545 2018 2709 885 1193 5697 495 4158 8992 3274 3875 1550 1263 1307 1348 5286 6213 548 455 8216 2635 2825 633 2409 9572
internal_value=-5.9899e-07 -0.00494133 -0.0112094 -0.015009 0.0105245 -0.0160411 -0.00776548 0.0108649 -0.00280904 -0.00478643 0.0192071 -0.010115 0.0198736 -0.0318533 -0.0015584 -0.0451004 -0.0250948 -0.0253897 0.0271339 -0.01625 -0.00708877 0.0179474 0.010609 0.0535481 -0.0561672 0.0224891 -0.0346858 0.0253789 -0.0507191 -0.007047 0.0323367
internal_weight=110811 76175 54207 49339 21968 5718 34503 34636 13123 32503 21513 26332 16250 14836 16760 8023 9572 4892 12799 6813 5506 6171 8231 1208 2000 11536 4510 11041 2183 3451 10765
internal_count=110811 76175 54207 49339 21968 5718 34503 34636 13123 32503 21513 26332 16250 14836 16760 8023 9572 4892 12799 6813 5506 6171 8231 1208 2000 11536 4510 11041 2183 3451 10765
is_linear=0
shrinkage=0.0845865


Tree=50
num_leaves=32
num_cat=0
split_feature=34 63 68 24 91 46 100 94 13 3 26 42 84 62 38 6 40 61 1 62 74 87 33 60 2 9 53 92 4 60 11
split_gain=795.371 758.791 676.014 656.196 712.061 611.4 609.208 540.644 501.475 437.351 415.929 402.426 391.97 355.534 410.896 343.513 344.004 342.42 335.508 325.008 334.979 303.699 302.169 298.289 285.418 273.641 268.396 267.449 256.347 277.122 253.521
threshold=0.051907964861713458 0.0047384361333897016 -0.018922647254576996 -0.035269126535192548 0.032937588444663407 1.0000000180025095e-35 -0.97184999999999988 -0.037462343727366391 0.07607420433557166 0.042096081610435959 0.0091267071455772512 -0.022648821304694446 0.0033465130399505006 -0.03602277853874189 -0.0045262222822847493 0.060211654634231761 0.069814290944982108 0.00090438137800880004 0.010951438399460502 -0.044810858961301943 0.026240758501236153 0.0077197098578385007 -0.026401449834592399 0.049618456381192604 -0.0027247998731344497 -0.03125499123685594 0.0081439510367069014 -0.013895368352402048 -0.13083930834021193 -0.00029655485866119996 -0.069640024415746085
decision_type=2 2 2 2 2 2 2 2 2 2 2 2 2 2 2 2 2 2 2 2 2 2 2 2 2 2 2 2 2 2 2
left_child=1 3 5 -1 6 11 -5 21 10 13 12 -3 -8 -9 27 16 -2 -7 -16 -6 25 -4 -23 -13 -22 -21 -17 -15 -19 -30 -12
right_child=15 2 7 4 19 17 8 9 -10 -11 30 23 -14 14 18 26 -18 28 -20 20 24 22 -24 -25 -26 -27 -28 -29 29 -31 -32
leaf_value=0.028025067898820158 -0.034411361800665258 -0.00345205999826146 -0.011407671798982812 -0.072978852540889622 0.030175465103010508 0.014382847425892003 0.010012580288457168 0.023637891969201422 0.047680321695033799 0.02140126893104459 -0.017669003960424881 -0.045408053282424962 -0.013711589472062484 -0.014903803903718373 -0.010059059373910374 0.036521345664610488 0.031216562972868605 0.079816555000377765 -0.047786336867879878 0.020008839952457759 -0.03082696737396692 -0.12524469398628221 -0.036493282460241215 -0.11384612681369258 -0.10719593518794004 -0.032772360318238804 -0.02789154357628643 0.016712338469334256 -0.0061067935955658077 -0.063238806506113285 0.020985664407324297
leaf_weight=10492 7840 1583 2005 645 693 3437 11114 3305 2360 7782 1325 4391 9032 2796 7642 1127 616 153 2165 991 752 399 883 509 657 2413 785 6068 1292 1148 14411
leaf_count=10492 7840 1583 2005 645 693 3437 11114 3305 2360 7782 1325 4391 9032 2796 7642 1127 616 153 2165 991 752 399 883 509 657 2413 785 6068 1292 1148 14411
internal_value=-5.74927e-07 0.00230165 -0.00576757 0.00899999 0.00450302 -0.0225119 0.00853448 0.000572328 0.00990999 0.00416884 0.00742511 -0.0405445 -0.000622563 -0.00193248 -0.00645996 -0.0223059 -0.0296278 -0.00312093 -0.0183902 -0.0239657 -0.031766 -0.0319807 -0.0641373 -0.052523 -0.0664554 -0.0173999 0.0100645 0.00673712 -0.02633 -0.0329967 0.0177295
internal_weight=110811 100443 45558 54885 44393 12513 38887 33045 38242 29758 35882 6483 20146 21976 18671 10368 8456 6030 9807 5506 4813 3287 1282 4900 1409 3404 1912 8864 2593 2440 15736
internal_count=110811 100443 45558 54885 44393 12513 38887 33045 38242 29758 35882 6483 20146 21976 18671 10368 8456 6030 9807 5506 4813 3287 1282 4900 1409 3404 1912 8864 2593 2440 15736
is_linear=0
shrinkage=0.0845865


Tree=51
num_leaves=32
num_cat=0
split_feature=15 65 21 70 1 23 12 19 12 80 89 93 28 51 1 14 46 11 68 4 24 1 4 9 14 100 13 11 42 7 5
split_gain=759.034 732.725 730.354 686.257 692.347 871.215 576.805 565.628 577.346 547.986 537.433 436.084 417.891 414.908 404.314 367.545 362.62 361.417 357.32 336.061 316.79 309.262 291.495 286.015 282.466 279.633 271.542 277.727 265.644 255.442 253.321
threshold=0.04157052901458911 0.010157318275137151 0.05287311430924841 -0.026874977669236747 0.012719415840708201 -0.0066396646638801991 0.013212636743414651 -0.018804512398095299 0.019550716004515651 0.0032242965281047502 -0.031221357157638296 0.032015482234156102 -0.053374714707522496 0.058608148152521605 0.12596055925824673 0.058073719077553307 -0.0068898905260958493 -0.024092953130503997 -0.0081345944582501984 0.068554418250690405 0.082957297380862258 -0.023313528556165596 0.048883500584083306 0.094949386485631324 0.0063793291255175013 -0.076299999999999993 0.11770970618541247 -0.096374697003733731 -0.077052954183263939 0.086881013123040321 0.026828296906866205
decision_type=2 2 2 2 2 2 2 2 2 2 2 2 2 2 2 2 2 2 2 2 2 2 2 2 2 2 2 2 2 2 2
left_child=1 2 3 10 5 13 16 23 12 11 25 -6 -9 17 24 -16 -7 -5 28 -8 26 22 29 -3 -11 -1 27 -2 -10 -14 -12
right_child=20 7 -4 4 9 6 19 8 18 14 30 -13 21 -15 15 -17 -18 -19 -20 -21 -22 -23 -24 -25 -26 -27 -28 -29 -30 -31 -32
leaf_value=-0.098587384581744306 -0.021649971957788949 0.024229507450322742 0.01801862576052286 -0.038305604621662742 0.0050323982669685068 0.0031439853900486685 -0.018382142081375608 -0.03251792763781209 0.067438862275591011 -0.042533160522800949 -0.012666067759626939 -0.060010509080869433 0.021709145827281388 -0.090208440462566555 -0.00066928880505755716 -0.10586902867807065 0.032488706108663057 -0.0060267421433647175 -0.0075410980889311112 0.038550252570508189 -0.02822841926173774 -0.0042107132934125586 0.063467622753190789 -0.041952879809446911 -0.092746162002859137 -0.031863376220381677 0.073688264879117213 0.017965559024846801 -0.054581637558154941 -0.043847707554401261 -0.046346948985588853
leaf_weight=1182 1361 11336 6294 3534 4041 5109 5551 1576 135 1850 5242 902 6078 559 1672 277 7350 8343 4558 856 1178 4351 1141 487 1418 727 585 18076 2285 457 2300
leaf_count=1182 1361 11336 6294 3534 4041 5109 5551 1576 135 1850 5242 902 6078 559 1672 277 7350 8343 4558 856 1178 4351 1141 487 1418 727 585 18076 2285 457 2300
internal_value=-6.29572e-07 -0.00340591 -0.00916265 -0.0125233 -0.00783401 -0.00160598 0.00985046 0.00675657 -0.00171276 -0.0270197 -0.0330931 -0.00683299 0.00843302 -0.0189876 -0.0461419 -0.0156347 0.0204573 -0.0156333 -0.021494 -0.0107721 0.0143922 0.0138011 0.0240135 0.0215014 -0.0643288 -0.0731902 0.016901 0.0151905 -0.0477642 0.017121 -0.0229405
internal_weight=110811 89611 57207 50913 41462 31302 18866 32404 20581 10160 9451 4943 13603 12436 5217 1949 12459 11877 6978 6407 21200 12027 7676 11823 3268 1909 20022 19437 2420 6535 7542
internal_count=110811 89611 57207 50913 41462 31302 18866 32404 20581 10160 9451 4943 13603 12436 5217 1949 12459 11877 6978 6407 21200 12027 7676 11823 3268 1909 20022 19437 2420 6535 7542
is_linear=0
shrinkage=0.0845865


Tree=52
num_leaves=32
num_cat=0
split_feature=60 9 91 65 69 2 38 55 40 8 24 64 55 28 26 33 100 23 66 8 28 6 3 93 6 70 100 40 1 34 21
split_gain=726.338 786.552 615.038 550.204 494.557 451.804 433.541 367.099 343.81 339.357 326.532 318.195 336.987 328.813 314.334 311.887 301.075 317.989 292.264 289.805 285.813 279.4 278.157 272.993 266.859 261.753 282.814 261.438 246.723 243.798 241.227
threshold=0.0037726443474268502 -0.014853777317753997 0.028876316380406355 0.0094777971270258009 0.0032740027469544504 -0.019633136892167547 -0.0028134639731917997 -0.0085016469610462494 -0.0050829711349394497 0.0093553218720903528 -0.018558202657900449 0.015708596694897155 0.055530009293506509 -0.045756655710785993 0.004667077567960351 -0.043694896057167538 0.59945000000000015 -0.0015559557581188497 0.051228762784621455 -0.07501147643830243 -0.09800581402679738 -0.032371384502919397 -0.052824085630567695 0.028894428430656451 0.093262153311016574 -0.011631466466984248 -0.31744999999999995 0.027862230579146652 -0.063504922880780593 -0.039997345445187342 -0.035447503911086288
decision_type=2 2 2 2 2 2 2 2 2 2 2 2 2 2 2 2 2 2 2 2 2 2 2 2 2 2 2 2 2 2 2
left_child=3 11 5 4 6 21 8 9 28 14 -8 12 13 -2 -7 30 17 -12 22 -17 -5 -3 29 -23 -6 26 -15 -21 -1 -9 -4
right_child=1 2 15 20 24 7 10 18 -10 -11 16 -13 -14 25 -16 19 -18 -19 -20 27 -22 23 -24 -25 -26 -27 -28 -29 -30 -31 -32
leaf_value=0.012064454745415863 -0.036562540608454784 0.023014916314660985 -0.1646812191103757 -0.044897851169482424 0.0071287781335072718 -0.081792558606559526 0.001125194484888802 0.02379866871890465 0.018136749302525863 -0.014018222056307404 -0.062044645901950711 0.020115499403600134 0.040286491014196166 -0.044610688283567783 -0.027693847364816324 -0.10311269890547094 -0.000290974868789311 -0.021815183278774804 0.047544971294225559 -0.0400323897617011 0.017505123463547351 0.00089528025898091813 -0.0048645867858464146 -0.045236178007543211 0.047761093019274996 0.0097142626978812038 -0.00074272513258082659 0.01577263375415381 -0.028519757277546704 -0.059306960832727205 -0.063697446946145084
leaf_weight=1705 2159 3187 237 537 17216 1672 3308 308 5341 2303 2605 6349 1211 1628 1425 403 1764 3059 588 2616 23303 4687 5212 1141 1240 6982 2972 779 2883 1394 597
leaf_count=1705 2159 3187 237 537 17216 1672 3308 308 5341 2303 2605 6349 1211 1628 1425 403 1764 3059 588 2616 23303 4687 5212 1141 1240 6982 2972 779 2883 1394 597
internal_value=-7.48572e-07 -0.00785644 -0.0175706 0.00596919 -0.000202976 -0.0116506 -0.00919134 -0.0218025 0.00354675 -0.0386209 -0.0209739 0.00425007 -0.00248543 -0.00625666 -0.0569085 -0.0455769 -0.0308183 -0.0403219 -0.00969332 -0.0352813 0.0160985 0.00287617 -0.0145646 -0.00813305 0.00986005 -0.000605329 -0.0162732 -0.0272213 -0.0134332 -0.044255 -0.0924306
internal_weight=110811 47850 26549 62961 39121 21917 20665 12902 9929 5400 10736 21301 14952 13741 3097 4632 7428 5664 7502 3798 23840 9015 6914 5828 18456 11582 4600 3395 4588 1702 834
internal_count=110811 47850 26549 62961 39121 21917 20665 12902 9929 5400 10736 21301 14952 13741 3097 4632 7428 5664 7502 3798 23840 9015 6914 5828 18456 11582 4600 3395 4588 1702 834
is_linear=0
shrinkage=0.0845865


Tree=53
num_leaves=32
num_cat=0
split_feature=62 11 33 21 28 15 24 23 40 12 39 15 60 26 33 1 80 70 53 84 65 9 46 95 13 61 40 64 15 92 18
split_gain=753.701 722.713 677.236 769.916 712.313 638.826 596.993 482.963 450.115 387.453 331.474 290.93 354.755 287.54 283.553 279.887 261.734 256.854 255.543 251.958 262.093 244.409 244.04 234.435 234.345 228.388 213.383 213.28 210.564 210.049 205.478
threshold=0.05058794189166866 0.04206493927765801 0.025614083537941906 0.05287311430924841 0.027597165890493703 -0.054463850725262143 0.058382160598445261 0.018261388138673354 -0.010834618879960749 0.021176743249152204 0.017698831920757253 0.088755355054549304 0.029762319508049705 -0.00070598144209614978 -0.087236356449206978 0.027897564576369851 0.0032242965281047502 -0.0035789955113547495 0.055170040785340858 0.022682576932309902 -0.0092198093406343981 0.097911686297019365 -0.015948070647467047 0.033173884209943709 -0.064368282404826435 -0.051890695478088944 0.015898368207743103 0.043148022899767907 -0.014187407861517148 0.060607381895707906 -0.058842806534238894
decision_type=2 2 2 2 2 2 2 2 2 2 2 2 2 2 2 2 2 2 2 2 2 2 2 2 2 2 2 2 2 2 2
left_child=1 2 3 4 5 25 7 -7 18 15 13 12 -11 -2 24 17 29 -4 -3 20 -16 23 -21 27 -6 -1 -25 -5 30 -17 -12
right_child=10 8 9 21 14 6 -8 -9 -10 11 28 -13 -14 -15 19 16 -18 -19 -20 22 -22 -23 -24 26 -26 -27 -28 -29 -30 -31 -32
leaf_value=0.019800601705342747 -0.03107266879871496 0.0058834870944467705 0.014167054914666875 0.024437848896786039 -0.25701379590531881 -0.014676437210302285 -0.04847852030291986 0.0068844299168129919 0.026912884097858428 0.00098350022138149061 0.025831174727312885 0.060499774777403231 -0.04991075917920678 0.0064284220091735886 0.0010099006553060824 0.02630066285067939 -0.027194724563893342 0.042124390943961629 -0.048411472259877866 -0.047387631566507056 0.029679208663086713 -0.058920606555107703 0.0054165386830581901 -0.04423118389487396 -0.03266313594728644 -0.051587600223698467 0.048036489719655691 0.074299768190160098 -0.027954451405351681 -0.11037257958810354 -0.084183104392734132
leaf_weight=349 2768 8333 4643 4916 35 24020 2819 10763 11893 4598 136 453 1245 3101 3891 1849 1450 4770 670 893 5521 262 2094 603 682 3885 255 702 2015 84 1113
leaf_count=349 2768 8333 4643 4916 35 24020 2819 10763 11893 4598 136 453 1245 3101 3891 1849 1450 4770 670 893 5521 262 2094 603 682 3885 255 702 2015 84 1113
internal_value=-7.62375e-07 0.0020898 -0.00153694 -0.00584573 -0.00915495 -0.0145474 -0.0110392 -0.00800419 0.0161114 0.0123845 -0.0232773 -0.0047914 -0.00985762 -0.0112548 0.00804361 0.0208372 -2.39703e-05 0.0283368 0.00184018 0.0110358 0.0178294 0.0211394 -0.0103635 0.0243822 -0.0436671 -0.045698 -0.0167826 0.030673 -0.0448878 0.0203468 -0.0721862
internal_weight=110811 101678 80782 61690 54952 41836 37602 34783 20896 19092 9133 6296 5843 5869 13116 12796 3383 9413 9003 12399 9412 6738 2987 6476 717 4234 858 5618 3264 1933 1249
internal_count=110811 101678 80782 61690 54952 41836 37602 34783 20896 19092 9133 6296 5843 5869 13116 12796 3383 9413 9003 12399 9412 6738 2987 6476 717 4234 858 5618 3264 1933 1249
is_linear=0
shrinkage=0.0845865


Tree=54
num_leaves=32
num_cat=0
split_feature=68 84 46 74 26 24 12 55 42 49 79 20 3 80 15 22 100 15 48 13 63 13 42 16 60 1 15 62 12 88 38
split_gain=689.361 656.302 553.174 478.748 455.927 419.823 414.725 371.212 363.402 359.141 358.191 341.768 334.128 327.216 331.75 312.256 310.323 288.491 285.732 272.842 263.259 260.771 257.917 255.107 255.083 290.291 250.81 281.288 259.258 282.918 252.845
threshold=0.0097691773441483023 -0.00089888307770504981 -0.014815663669910899 0.027204606588271653 0.028181144935968353 0.10994557259447872 0.025075585597742301 -0.021574354101068047 0.035379896555545659 0.049071673598385261 -0.049635448144753645 0.024910252300967054 -0.0099790193594150988 0.057753280525632257 -0.044853686502568442 0.0045494165151719014 -0.95304999999999984 -0.078546951473830284 1.0000000180025095e-35 0.014159265304626602 0.038982421984832503 -0.087410908073170993 0.013402076499858152 -0.071413689271032435 -0.018863175134030147 -0.039719878089841593 0.033802499164147307 0.032831025463036755 0.0067303871322885508 -0.072498850366349329 -0.041658980334358241
decision_type=2 2 2 2 2 2 2 2 2 2 2 2 2 2 2 2 2 2 2 2 2 2 2 2 2 2 2 2 2 2 2
left_child=1 3 4 11 8 7 10 -2 24 15 18 12 17 14 23 22 -14 -1 -4 -8 -6 -19 -9 -12 -3 -26 27 28 29 -5 -30
right_child=5 2 6 26 20 -7 19 9 -10 -11 13 -13 16 -15 -16 -17 -18 21 -20 -21 -22 -23 -24 -25 25 -27 -28 -29 30 -31 -32
leaf_value=-0.067838514618376533 -0.0029956707574212366 -0.0034928164159163059 0.074979945541772022 0.11757312814404354 0.014518819821777643 -0.063835782394816465 -0.036256526068954319 0.027173886584356349 -0.070912045184981842 0.042465966918140918 0.05640376286971583 -0.0070084072954683194 -0.034631064085685927 -0.058204420016691343 0.0060271035468095861 0.00072650690766011279 0.02639463839285313 -0.066675289636893509 -0.011551768602193657 -0.00021569806178156029 -0.060181179715628558 0.0083432140566467895 0.00425549417181192 -0.040170521067148454 -0.02023038633987221 -0.058452692371883157 0.011380198826443541 -0.064183758140764588 0.039930226069393476 -0.0041206486751519545 -0.050663312351953746
leaf_weight=425 12197 2129 807 146 2251 567 4253 10128 1773 2964 218 7193 629 705 12516 11286 11318 351 412 2326 397 5948 5383 1896 3097 2632 1758 1072 254 2126 1654
leaf_count=425 12197 2129 807 146 2251 567 4253 10128 1773 2964 218 7193 629 705 12516 11286 11318 351 412 2326 397 5948 5383 1896 3097 2632 1758 1072 254 2126 1654
internal_value=-6.75134e-07 -0.00526576 -0.0132557 0.00334041 -0.0277669 0.00845341 -0.0055522 0.00943089 -0.0363136 0.0145244 0.00158655 0.00865517 0.0146907 -0.00192026 0.000790797 0.0114329 0.0231797 -0.000389246 0.0457173 -0.0235177 0.00331019 0.00415891 0.0192216 -0.0302001 -0.0285039 -0.0377946 -0.0162657 -0.0255237 -0.015603 0.00369329 -0.038591
internal_weight=110811 68286 35412 32874 12279 42525 23133 41958 9631 29761 16554 25864 18671 15335 14630 26797 11947 6724 1219 6579 2648 6299 15511 2114 7858 5729 7010 5252 4180 2272 1908
internal_count=110811 68286 35412 32874 12279 42525 23133 41958 9631 29761 16554 25864 18671 15335 14630 26797 11947 6724 1219 6579 2648 6299 15511 2114 7858 5729 7010 5252 4180 2272 1908
is_linear=0
shrinkage=0.0845865


Tree=55
num_leaves=32
num_cat=0
split_feature=20 28 23 100 33 21 60 52 15 9 13 1 34 5 26 12 11 22 11 5 4 49 34 89 3 68 75 3 35 42 93
split_gain=654.321 702.473 798.023 635.691 560.384 498.604 443.287 444.416 438.984 437.815 429.509 667.194 415.617 406.712 357.083 321.627 320.173 303.704 296.421 296.203 270.222 265.508 258.464 251.056 250.956 244.704 244.022 297.076 236.088 248.755 263.726
threshold=-0.051338700243623546 0.006671805578262701 0.017830443687312004 0.86590000000000011 0.046526429892714903 0.050612858482826158 0.040006685383182854 -0.024410363972578095 0.016914813614608951 0.097911686297019365 0.046689446714606758 -0.026579094057372146 0.055583700904511257 0.00037459166871145006 0.027225598304078006 0.037472679302092561 -0.068029734234783937 0.029488989707439756 -0.11467891774724588 0.009582197258102252 0.0073838747307948512 -0.071900509002203489 -0.012908441847562449 1.0000000180025095e-35 -0.11850123737082839 -0.014935731243690799 0.0017113158480316002 0.11381133353796026 -0.078884981330133289 -0.021698949532710145 0.019554419316457204
decision_type=2 2 2 2 2 2 2 2 2 2 2 2 2 2 2 2 2 2 2 2 2 2 2 2 2 2 2 2 2 2 2
left_child=9 2 3 4 5 8 12 -8 13 19 11 17 14 -2 15 21 -10 -4 22 -1 -19 -3 -16 -14 -13 -23 27 -26 -21 -30 -31
right_child=1 6 10 -5 -6 -7 7 -9 16 -11 -12 24 23 -15 18 -17 -18 20 -20 28 -22 25 -24 -25 26 -27 -28 -29 29 30 -32
leaf_value=0.027713387328657451 -0.021994190710961641 -0.048167480903820351 0.023840414821067538 0.01512210498550331 0.010950052392575143 0.013600759787086239 0.025412204904143049 -0.03224292997770728 -0.053161276289898814 -0.056492999615155436 0.033262825271699131 0.039904847527328056 -0.048792205981866038 -0.047485423575142877 0.049618271290415156 -0.011082021742049017 -0.0044954114210653427 -0.042072963543475297 0.029506705569444139 -0.12192726784192673 0.012005918279322301 -0.0016598394711066133 -0.12000546524374883 0.0024972223752704505 -0.015926476421057534 0.019012850952908729 -0.047411353996910391 0.14367721637262496 0.036802402046478118 0.0048461530892194606 -0.058343387115795398
leaf_weight=9848 8856 520 6369 4129 3672 2298 1277 3808 1122 556 3294 418 1353 9069 100 5795 7021 1108 8110 111 1638 5757 179 1377 2717 14191 2492 86 1096 1804 640
leaf_count=9848 8856 520 6369 4129 3672 2298 1277 3808 1122 556 3294 418 1353 9069 100 5795 7021 1108 8110 111 1638 5757 179 1377 2717 14191 2492 86 1096 1804 640
internal_value=-7.14049e-07 -0.00247823 -0.00885289 -0.0161124 -0.0201385 -0.0241638 0.00567051 -0.0177596 -0.0274937 0.0170531 0.00563415 -0.000502173 0.00885826 -0.0348926 0.0113621 0.00650806 -0.0112039 0.0137013 0.0265557 0.0200842 -0.00980743 0.0114893 -0.0591348 -0.0229148 -0.0231672 0.0130457 -0.0281507 -0.0110187 -0.000488538 0.00331548 -0.0116934
internal_weight=110811 96756 54289 36167 32038 28366 42467 5085 26068 14055 18122 14828 37382 17925 34652 26263 8143 9115 8389 13499 2746 20468 279 2730 5713 19948 5295 2803 3651 3540 2444
internal_count=110811 96756 54289 36167 32038 28366 42467 5085 26068 14055 18122 14828 37382 17925 34652 26263 8143 9115 8389 13499 2746 20468 279 2730 5713 19948 5295 2803 3651 3540 2444
is_linear=0
shrinkage=0.0845865


Tree=56
num_leaves=32
num_cat=0
split_feature=24 62 91 42 63 74 94 9 24 4 21 26 27 70 95 46 49 55 27 3 20 1 96 12 7 20 100 73 20 30 38
split_gain=648.243 616.698 651.688 488.569 465.344 348.411 395.098 333.629 343.661 321.495 378.664 318.4 309.541 320.111 304.192 301.725 300.919 300.536 290.838 269.307 260.881 256.073 305.335 251.152 247.687 246.103 233.913 237.079 233.856 229.536 225.531
threshold=0.036742671097138455 -0.045649227549556894 0.010692194638635001 0.0037878040566776002 0.0047384361333897016 0.022992189237012201 0.0088216093875571003 -0.11534681073594064 0.10994557259447872 0.0030741972346465503 -0.069433627047456745 0.06727495285669996 -0.021994671975214545 -0.03334200883525839 -0.074468327764035544 -0.016301693995318448 -0.054548338616430096 -0.021990795432598294 -0.0084063400866863491 -0.034175651110265742 0.071610044152564375 0.018851818115529401 0.021180741850434653 0.021658204744557104 0.14177564617113228 -0.042444575186092542 -0.20219999999999996 -0.029179257896157895 0.013175628788399651 0.025286650564026906 -0.0035577108361844996
decision_type=2 2 2 2 2 2 2 2 2 2 2 2 2 2 2 2 2 2 2 2 2 2 2 2 2 2 2 2 2 2 2
left_child=1 16 4 21 17 6 15 -2 12 10 -5 -10 13 20 -12 -6 -1 23 -16 -19 25 22 -4 -3 -14 -9 27 -15 -25 -23 -17
right_child=7 2 3 9 5 -7 -8 8 11 -11 14 -13 24 26 18 30 -18 19 -20 -21 -22 29 -24 28 -26 -27 -28 -29 -30 -31 -32
leaf_value=-0.015928960105587059 0.048866204941475318 0.0096125362716943611 0.016106704176079897 -0.10587127714997235 -0.028159128404193413 -0.021488558681918984 0.018913421267509924 0.0037346449756141611 -0.068594444158248752 -0.0065428214329697693 -0.19895018327223346 0.02892746710843155 -0.0025803150615245512 0.018432868035217636 -0.044251964080872411 0.017326084199403825 0.031222013330866279 0.0013211398857612513 -0.0086835422724493034 0.023598280036573424 0.054461611473427152 -0.0024259279010680535 -0.01846350889489589 -0.0040468264686772332 -0.076203036679782676 -0.097438666196602672 0.00091429759182876265 -0.046665247267878532 -0.05873894029137141 -0.046227543435246592 -0.01119971874910167
leaf_weight=1115 611 5104 7832 485 3311 5332 6975 212 1368 5540 74 290 13557 488 3300 3746 7338 5043 3283 16905 117 2445 2384 1589 335 903 2519 2215 864 1318 4213
leaf_count=1115 611 5104 7832 485 3311 5332 6975 212 1368 5540 74 290 13557 488 3300 3746 7338 5043 3283 16905 117 2445 2384 1589 335 903 2519 2215 864 1318 4213
internal_value=-6.49744e-07 0.00327523 0.000972055 -0.00981733 0.00639155 -0.00246737 0.00309036 -0.0127771 -0.0144899 -0.0218392 -0.0337013 -0.0515236 -0.0114708 -0.0267783 -0.0284391 -0.00670069 0.0249999 0.0134713 -0.0265172 0.0184806 -0.0655674 0.00108764 0.00803727 -0.00107475 -0.00435759 -0.0781839 -0.0176222 -0.0349044 -0.0233203 -0.0177738 0.00222365
internal_weight=110811 88196 79743 26661 53082 23577 18245 22615 22004 12682 7142 1658 20346 6454 6657 11270 8453 29505 6583 21948 1232 13979 10216 7557 13892 1115 5222 2703 2453 3763 7959
internal_count=110811 88196 79743 26661 53082 23577 18245 22615 22004 12682 7142 1658 20346 6454 6657 11270 8453 29505 6583 21948 1232 13979 10216 7557 13892 1115 5222 2703 2453 3763 7959
is_linear=0
shrinkage=0.0845865


Tree=57
num_leaves=32
num_cat=0
split_feature=9 13 20 21 22 7 28 19 65 69 53 1 91 54 38 68 88 28 15 62 0 26 90 93 62 91 100 7 1 8 45
split_gain=628.424 709.865 557.658 497.283 461.673 485.609 430.467 426.139 379.747 376.189 375.517 330.526 329.774 329.613 322.881 298.448 296.056 355.553 293.697 293.26 285.76 266.709 255.339 254.46 245.548 243.644 242.181 228.411 229.28 227.891 223.411
threshold=0.034612091758803705 0.080261914879065061 0.012769836739831801 -0.057816508389308491 0.0045494165151719014 0.028030629676504104 -0.08436367520802239 0.00044737032948620009 0.020758462368751101 0.039672230631851158 0.033818326655915207 -0.14208978606027103 0.031737420253815256 0.0010229595835705501 -0.057306030108108995 -0.0033016131934553495 0.012685865223819001 0.0058575547579283503 0.015892546733728152 0.05058794189166866 0.19198741423502216 0.02771027136829415 0.031793967708981109 0.013851696469837903 -0.023069323557716046 0.014198075726791702 -0.98494999999999988 -0.0092061164156351481 -0.076435332777726836 -0.052825898019160794 -0.040812915787156241
decision_type=2 2 2 2 2 2 2 2 2 2 2 2 2 2 2 2 2 2 2 2 2 2 2 2 2 2 2 2 2 2 2
left_child=1 2 3 16 5 22 20 8 11 10 19 -5 15 -13 -7 26 17 30 -16 21 25 -8 23 -2 -6 -4 -9 -14 -29 -27 -1
right_child=4 -3 6 7 24 14 9 12 -10 -11 -12 13 27 -15 18 -17 -18 -19 -20 -21 -22 -23 -24 -25 -26 29 -28 28 -30 -31 -32
leaf_value=0.033207789452664269 0.026059974738159672 0.034907940186646301 -0.048420872652657758 0.092123359289670081 -0.003432507748294684 0.06776147141625305 -0.0055891282462766671 -0.26931170874413207 0.036521859555180301 0.020690247490926402 -0.030858983692383934 -0.0021969686873995423 0.0011780896526117847 0.021521941312077728 -0.051126465902505927 0.014839903399867377 -0.051979986083946252 0.022962499507416384 -0.0053933690768106189 -0.034991889817056449 -0.010833005674666036 0.018758479439462607 -0.020798222647098765 -0.0064216129537573094 -0.031745728374566066 -0.37362359396702438 -0.0059586253697823293 0.0031291080526993 -0.068227085053651465 -0.11668148341995155 -0.050159172440757543
leaf_weight=283 5358 4845 653 357 2967 253 15979 25 5869 3659 4383 8237 1255 8533 2249 10517 1393 1584 1818 1957 836 4031 1670 2544 8405 27 8052 455 1099 297 1221
leaf_count=283 5358 4845 653 357 2967 253 15979 25 5869 3659 4383 8237 1255 8533 2249 10517 1393 1584 1818 1957 836 4031 1670 2544 8405 27 8052 455 1099 297 1221
internal_value=-7.05832e-07 0.00346077 0.00157252 0.0072461 -0.0117225 -0.0013753 -0.00714168 0.00995685 0.0179516 -0.0047227 -0.00825243 0.0115867 0.00136604 0.00987058 -0.0249172 0.00544796 -0.0196078 -0.00499696 -0.0306889 -0.00374077 -0.0471675 -0.00068321 0.00924743 0.0156001 -0.0243606 -0.0782335 -0.0067786 -0.0256459 -0.0473216 -0.138231 -0.0344575
internal_weight=110811 85547 80702 48880 25264 13892 31822 44399 22996 30009 26350 17127 21403 16770 4320 18594 4481 3088 4067 21967 1813 20010 9572 7902 11372 977 8077 2809 1554 324 1504
internal_count=110811 85547 80702 48880 25264 13892 31822 44399 22996 30009 26350 17127 21403 16770 4320 18594 4481 3088 4067 21967 1813 20010 9572 7902 11372 977 8077 2809 1554 324 1504
is_linear=0
shrinkage=0.0845865


Tree=58
num_leaves=32
num_cat=0
split_feature=77 87 84 65 56 3 91 33 11 90 88 74 7 6 33 9 24 67 7 20 94 60 33 48 11 71 9 39 0 44 33
split_gain=610.157 585.318 511.157 447.389 485.681 444.485 397.943 348.818 419.961 346.683 327.392 310.744 308.673 406.851 301.784 299.815 294.186 292.679 289.121 288.764 282.563 263.197 262.464 258.716 256.888 243.125 280.586 242.45 240.697 240.863 239.388
threshold=0.018431960933817403 0.008334178525527201 -0.011709593793428447 0.021649695114519706 -0.0032442561282877993 0.10115501634649351 0.062609973277543321 0.023088422292553753 -0.025956082040251498 0.059886098217891752 -0.049693891637816297 0.029269262876480757 -0.0048574820301523491 0.10253126667131586 0.092561383709383452 0.06643797787568996 -0.04554059317593414 -0.0063428474451025499 0.14177564617113228 0.073492131989936663 0.0034839898655040506 -0.016228854759925099 -0.07390436115202928 -0.053817610678775045 -0.15516119816725618 0.012333485024560801 -0.050798421671469793 -0.045149134538877193 0.26370834812798921 0.0057261973917768008 -0.031144567112936648
decision_type=2 2 2 2 2 2 2 2 2 2 2 2 2 2 2 2 2 2 2 2 2 2 2 2 2 2 2 2 2 2 2
left_child=1 2 11 4 10 9 7 8 16 12 23 24 15 17 18 -3 -4 21 22 -5 -10 -14 -6 -2 -1 26 -24 -12 29 -11 -19
right_child=3 5 6 19 14 -7 -8 -9 20 28 27 -13 13 -15 -16 -17 -18 30 -20 -21 -22 -23 25 -25 -26 -27 -28 -29 -30 -31 -32
leaf_value=-0.10145294752082493 0.11787707194307843 0.0071139030060271462 0.02565021078867909 0.012088732864106083 -0.082645671235945642 0.028005395296089308 -0.046667159763081931 0.020661751431031918 -0.0034333075925782287 -0.094863854830422922 0.022080578267830976 -0.0030140520130288277 -0.0071898072647625577 0.033845634541386317 0.057976404880787064 -0.032697065802964526 -0.026252728004972799 -0.035568918544719295 -0.12985998082807593 -0.048676526706248925 0.018541039380548571 -0.046483483790100269 0.017177447034858892 0.018174923550789843 0.0276591175211598 -0.045547874070801082 -0.025865228034484138 -0.014605710981612235 0.040672577327056487 -0.0092939861086500982 -5.6441396597291517e-05
leaf_weight=111 237 12477 913 6999 627 2665 1103 7677 8955 718 1523 3077 1805 1130 276 1518 5402 1767 210 608 7861 3770 1367 872 14020 3137 5217 8371 173 351 5874
leaf_count=111 237 12477 913 6999 627 2665 1103 7677 8955 718 1523 3077 1805 1130 276 1518 5402 1767 210 608 7861 3770 1367 872 14020 3137 5217 8371 173 351 5874
internal_value=-7.67613e-07 0.0037748 0.00958794 -0.0104351 -0.0165893 -0.0050789 0.00325065 0.00503861 -0.000145713 -0.00806009 -0.00406949 0.0213387 -0.00614227 -0.0148614 -0.0293024 0.00279406 -0.0187452 -0.0190277 -0.0315863 0.0072288 0.00683784 -0.0337656 -0.0295891 0.0395069 0.026643 -0.0261643 -0.0169252 -0.00895627 -0.0518026 -0.0667897 -0.00827181
internal_weight=110811 81367 49119 29444 21837 32248 31911 30808 23131 29583 11003 17208 28341 14346 10834 13995 6315 13216 10558 7607 16816 5575 10348 1109 14131 9721 6584 9894 1242 1069 7641
internal_count=110811 81367 49119 29444 21837 32248 31911 30808 23131 29583 11003 17208 28341 14346 10834 13995 6315 13216 10558 7607 16816 5575 10348 1109 14131 9721 6584 9894 1242 1069 7641
is_linear=0
shrinkage=0.0845865


Tree=59
num_leaves=32
num_cat=0
split_feature=60 7 22 4 42 100 63 33 19 12 7 39 74 95 33 15 6 48 6 1 6 66 88 70 70 5 15 42 31 68 27
split_gain=590.02 600.721 629.796 543.307 518.301 536.937 446.817 391.403 389.145 379.386 339.447 340.005 330.327 328.222 350.624 357.795 319.164 406.266 303.404 303.226 358.404 304.781 288.879 264.996 251.047 250.333 238.934 224.605 217.731 271.248 222.548
threshold=-0.013683795345765248 -0.0048574820301523491 -0.0030472356963344997 0.025914722288678905 -0.022161247258731299 0.78475000000000017 -0.020068426878643995 -0.042212042601912338 0.004960969127814201 0.055492973329842911 0.040064854192119456 -0.045896874926772795 0.025254314853841452 0.046959009051138208 0.032045198404165955 -0.071648425880399144 0.034837507984800904 -0.0023241132092427998 0.13165131948365169 -0.029124226164900648 0.068493683141211473 -0.0069560005222810495 0.026378624872176404 0.011454811696569303 0.033364633668993005 0.053480730321595914 -0.084912377331672284 0.0151783968189856 0.035269513290677353 -0.00030011700210059994 -0.013811225713171648
decision_type=2 2 2 2 2 2 2 2 2 2 2 2 2 2 2 2 2 2 2 2 2 2 2 2 2 2 2 2 2 2 2
left_child=6 2 22 4 7 9 18 -3 -5 10 23 -12 26 14 15 -8 17 27 -1 -10 21 -21 -2 -6 -9 -18 -4 -17 29 30 -28
right_child=1 3 12 8 5 -7 13 24 19 -11 11 -13 -14 -15 -16 16 25 -19 -20 20 -22 -23 -24 -25 -26 -27 28 -29 -30 -31 -32
leaf_value=0.020730437119821327 0.018959115016974431 -0.044986899307535348 -0.051860307443587904 0.018122402559604338 -0.027975424676298426 0.0035428259920219159 -0.037081850028857236 0.0015846651116251883 0.006691484849940102 -0.068114517099331071 0.011756644977723945 -0.053636634584780567 -0.032850267746175957 -0.02550973407216341 0.025047906575598553 0.023886879929100505 0.03021272566348621 -0.015178700117940215 0.089863963534963814 -0.10316765596171557 0.021002481575194364 -0.026391021962407574 -0.0082084159090226264 0.0034312300964203751 0.046812527418406608 -0.044324733409728742 -0.043062202391436676 -0.0064495293326600981 0.021927789630077941 0.0064608594997698169 -0.005255853558767073
leaf_weight=9188 15251 1102 675 6022 5789 3620 1626 4721 2149 1893 653 4388 3241 2600 5479 4652 4048 7735 478 657 529 849 3429 2876 1079 350 1915 2794 2546 5810 2667
leaf_count=9188 15251 1102 675 6022 5789 3620 1626 4721 2149 1893 653 4388 3241 2600 5479 4652 4048 7735 478 657 529 849 3429 2876 1079 350 1915 2794 2546 5810 2667
internal_value=-7.66976e-07 -0.00454508 0.00327403 -0.0121941 -0.0186603 -0.0258007 0.00838273 0.00121943 0.00435337 -0.0326117 -0.0277064 -0.0451615 -0.00858056 0.00317688 0.00597286 0.00104314 0.00421055 -0.00160103 0.024152 -0.0154592 -0.0388607 -0.0599024 0.0139709 -0.0175488 0.0100027 0.0242755 -0.00280071 0.0125008 -0.000239275 -0.00567228 -0.0210617
internal_weight=110811 71861 35534 36327 26121 19219 38950 6902 10206 15599 13706 5041 16854 29284 26684 21205 19579 15181 9666 4184 2035 1506 18680 8665 5800 4398 13613 7446 12938 10392 4582
internal_count=110811 71861 35534 36327 26121 19219 38950 6902 10206 15599 13706 5041 16854 29284 26684 21205 19579 15181 9666 4184 2035 1506 18680 8665 5800 4398 13613 7446 12938 10392 4582
is_linear=0
shrinkage=0.0845865


Tree=60
num_leaves=32
num_cat=0
split_feature=62 13 6 51 55 94 7 28 93 100 21 28 15 46 63 1 17 34 22 21 85 11 14 11 5 13 51 21 27 55 49
split_gain=575.714 660.171 462.978 444.19 547.552 464.633 438.738 403.344 368.917 369.206 365.651 353.746 347.211 346.21 330.301 380.591 305.468 297.375 306.786 294.39 293.26 315.562 288.805 281.119 267.337 264.358 265.984 247.235 241.962 230.895 229.704
threshold=1.0000000180025095e-35 -0.026530157796569896 0.087590834189241212 0.044555182014135351 0.015406104867644951 -0.058389866392489047 -0.012680296350396199 -0.051276124288967641 0.019554419316457204 -0.96654999999999991 -0.05217014475160079 -0.028524572768928697 -0.062054601658982245 0.025955082199809455 0.029586746548267904 -0.0059103188447005997 -0.077189373048889079 0.012918297023505302 -0.00090233446961234985 0.022714351160124102 -0.033616626364758338 0.095797142332051458 -0.0021266405808773496 0.029939802201082853 0.031675543499455908 0.069455946016163159 -0.053556335140010743 -0.089219937498871346 -0.046059833692295341 0.020065286910618155 -0.049160298281738339
decision_type=2 2 2 2 2 2 2 2 2 2 2 2 2 2 2 2 2 2 2 2 2 2 2 2 2 2 2 2 2 2 2
left_child=2 6 3 4 5 -1 11 23 9 -9 -10 22 27 16 25 -16 -14 -6 -19 -5 -8 -22 -2 -3 -4 26 -11 -7 -29 -17 -12
right_child=1 7 24 19 17 12 20 8 10 14 30 -13 13 -15 15 29 -18 18 -20 -21 21 -23 -24 -25 -26 -27 -28 28 -30 -31 -32
leaf_value=-0.047583916259842381 -0.0045317877111943376 -0.037729490155963732 0.04386654063090227 -0.03005830727428984 0.031328292143702599 -0.11231513465817916 0.0029823623408790829 -0.054226877568195969 -0.064067926647324483 -0.02680957847370994 -0.055472822188652564 0.0054418385887363566 -0.047220376810623188 0.023647149047410804 0.0060169634522562621 -0.067122730324886776 0.0027745966564347068 0.025995994845305966 -0.015781079402678956 0.010769435521919127 -0.044729191332850304 0.04080905939080029 -0.075580616490539126 0.0078844388241336022 -0.0019087515081254375 0.040541030870921473 0.013058005174119263 -0.073688233378621376 -0.0058753833344708491 0.0084167058817306885 -0.0023087118889059182
leaf_weight=1367 831 3206 3405 4224 8019 219 1291 671 879 1284 632 5248 912 5984 2867 1079 21172 2513 2517 1802 6772 323 808 1383 1246 2332 17668 463 2018 395 7281
leaf_count=1367 831 3206 3405 4224 8019 219 1291 671 879 1284 632 5248 912 5984 2867 1079 21172 2513 2517 1802 6772 323 808 1383 1246 2332 17668 463 2018 395 7281
internal_value=-6.98147e-07 -0.00614818 0.00604614 0.00372493 0.00660222 0.000667883 -0.0210917 -0.000395364 0.00268835 0.00770401 -0.0123105 -0.00526802 0.00281247 0.00560003 0.00932667 -0.0119351 0.000708861 0.0212146 0.00508668 -0.0178458 -0.0340842 -0.0408317 -0.0395723 -0.0239781 0.0315989 0.0136642 0.0103558 -0.0261573 -0.0185407 -0.0468659 -0.00655797
internal_weight=110811 54950 55861 51210 45184 32135 15273 39677 35088 26296 8792 6887 30768 28068 25625 4341 22084 13049 5030 6026 8386 7095 1639 4589 4651 21284 18952 2700 2481 1474 7913
internal_count=110811 54950 55861 51210 45184 32135 15273 39677 35088 26296 8792 6887 30768 28068 25625 4341 22084 13049 5030 6026 8386 7095 1639 4589 4651 21284 18952 2700 2481 1474 7913
is_linear=0
shrinkage=0.0845865


Tree=61
num_leaves=32
num_cat=0
split_feature=24 42 7 13 21 27 39 34 76 5 85 82 73 74 84 65 3 1 70 2 1 12 33 31 68 91 4 94 75 58 55
split_gain=557.024 560.165 561.643 516.471 478.112 417.204 376.677 365.714 358.761 356.594 308.477 308.221 284.45 282.062 352.19 355.086 263.496 261.014 260.423 254.257 245.083 244.237 235.645 233.295 230.709 223.735 220.651 240.358 218.93 218.707 214.599
threshold=0.07645789768128107 -0.0070092658293062493 -0.034042867948546891 -0.020006028765910445 -0.031313150953097245 -0.021994671975214545 -0.034545087565700891 0.032723035345279906 -0.00029554153785079994 0.0083602303458906024 -0.032341905239341488 -0.0074768773755982494 -0.054677187424090043 0.025254314853841452 0.0096128348149634012 0.048191952467396361 -0.070993857370241539 0.025563501414801303 0.0037748233952704506 -0.033537658747142589 -0.0023420014699473495 0.010665195356896853 -0.083952524979171592 0.027444728537683854 -0.048831289338128893 0.044044537478060856 -0.13769199117331887 -0.012401640521758748 0.046236055395592605 -0.028083322722856744 0.015406104867644951
decision_type=2 2 2 2 2 2 2 2 2 2 2 2 2 2 2 2 2 2 2 2 2 2 2 2 2 2 2 2 2 2 2
left_child=1 7 23 4 10 6 -5 8 19 24 -4 -11 -2 14 -7 -16 -6 21 -9 20 -1 -15 28 26 -8 -12 -3 -28 -10 -22 -21
right_child=12 2 3 5 16 13 9 18 22 11 25 -13 -14 17 15 -17 -18 -19 -20 30 29 -23 -24 -25 -26 -27 27 -29 -30 -31 -32
leaf_value=0.032689021282086464 0.034901709746426278 0.057324248916952938 0.0065502544349274631 0.016672602081380512 -0.048095462124805789 0.017459044245605768 -0.068795765788855059 -0.019283281239909463 -0.016149511862564907 -0.013868005773735967 -0.055043161758300686 -0.065972928736190664 -0.030501033833834557 -0.0069719426148218645 -0.011844115600336663 0.060691498259216381 -0.008219806654298608 0.016921298628714103 0.010478904346818477 -0.0091782427893265413 -0.053858819339116411 -0.052143884395484418 0.024047899288634558 0.02973982965434371 -0.0024388244025133092 -0.14488047497222065 -0.013718388929535356 0.011075513048058611 -0.23075929111742277 0.013263824536127759 0.017203421464706818
leaf_weight=3509 520 547 563 1850 1359 11455 417 4905 605 1318 2473 2122 5556 1940 6578 521 9315 1347 3682 8728 495 1535 15699 3378 3715 216 4297 8015 36 1163 2952
leaf_count=3509 520 547 563 1850 1359 11455 417 4905 605 1318 2473 2122 5556 1940 6578 521 9315 1347 3682 8728 495 1535 15699 3378 3715 216 4297 8015 36 1163 2952
internal_value=-7.13355e-07 0.00144357 -0.00359502 -0.00830481 -0.0219528 -0.00250919 -0.0175363 0.00903816 0.0130642 -0.0258971 -0.0503498 -0.0460163 -0.0248999 0.00354679 0.0082843 -0.00651716 -0.013299 -0.0146776 -0.00651916 0.00440126 0.0200251 -0.0269323 0.0219946 0.00995665 -0.00914169 -0.0622709 0.00475791 0.00242046 -0.0282583 -0.00676431 -0.00250866
internal_weight=110811 104735 62961 46724 13926 32798 9422 41774 33187 7572 3252 3440 6076 23376 18554 7099 10674 4822 8587 16847 5167 3475 16340 16237 4132 2689 12859 12312 641 1658 11680
internal_count=110811 104735 62961 46724 13926 32798 9422 41774 33187 7572 3252 3440 6076 23376 18554 7099 10674 4822 8587 16847 5167 3475 16340 16237 4132 2689 12859 12312 641 1658 11680
is_linear=0
shrinkage=0.0845865


Tree=62
num_leaves=32
num_cat=0
split_feature=15 11 60 100 65 62 51 70 24 42 46 7 38 89 22 46 49 56 0 33 79 53 100 8 52 2 12 24 24 34 17
split_gain=537.601 569.821 613.877 527.674 502.567 485.066 480.389 413.936 360.219 353.21 300.248 288.271 273.28 283.113 270.336 268.696 262.587 257.559 255.661 232.727 227.576 225.578 294.083 224.006 248.176 206.44 200.89 199.995 199.899 197.546 197.128
threshold=0.086436990967349567 -0.096374697003733731 0.048480891723740607 -0.96934999999999993 0.019166012498228954 0.044769411051733508 0.02696884228286615 -0.025535143848342396 -0.048172911599818943 -0.018931457261097195 0.020155628844463102 0.033618389727050606 -0.062624555451886887 -0.019597414608147696 0.016597069456962005 0.025464925491788654 0.10134691662141175 -0.0038869287508497496 0.2577933543779104 -0.034439889161582297 -0.036636545183034046 -0.022176022582361298 -0.24919999999999998 -0.10288318913157178 -0.024410363972578095 -0.030361927349292144 0.055492973329842911 -0.032140619575440843 -0.012270081549489598 -0.029403871826759496 0.0065075126233891502
decision_type=2 2 2 2 2 2 2 2 2 2 2 2 2 2 2 2 2 2 2 2 2 2 2 2 2 2 2 2 2 2 2
left_child=1 12 3 17 5 6 7 -5 10 -8 -4 23 -1 29 19 20 21 -3 -19 -7 -15 25 -23 -10 -25 -6 -26 -22 -16 -14 -20
right_child=-2 2 8 4 16 14 9 -9 11 -11 -12 -13 13 15 28 -17 -18 18 30 -21 27 22 -24 24 26 -27 -28 -29 -30 -31 -32
leaf_value=0.047352991564144083 0.025500356382748356 -0.014569461048758555 -0.0099586602509259808 -0.01108227097844503 0.019254469668975382 -0.051617891944116839 0.0077881917740712306 0.0094217010140608282 -0.12794165653628542 -0.022212438037360029 0.071036284730327345 -0.053332302264037505 -0.0086226553309091489 0.035866178701573034 -0.015414146000809047 0.014189557510943095 0.086358935693453903 -0.094912614768012882 0.11646510375868208 -0.0012407168027006776 -0.0077270012073074358 0.030855768789559476 0.00811513515244878 0.021722539798306045 -0.015515434986771597 -0.012501768188014831 -0.065877810138704418 -0.06639766372535863 -0.067407036341577492 -0.095981885702707534 -0.090256423811561445
leaf_weight=299 5615 1176 990 8642 2292 802 4100 38095 128 8903 489 2357 244 253 882 936 350 737 80 3611 589 7032 9664 1056 3162 4057 691 1420 1327 776 56
leaf_count=299 5615 1176 990 8642 2292 802 4100 38095 128 8903 489 2357 244 253 882 936 350 737 80 3611 589 7032 9664 1056 3162 4057 691 1420 1327 776 56
internal_value=-7.27223e-07 -0.0013621 -4.32438e-05 0.00200994 0.00297909 -0.000778686 0.0016287 0.00562991 -0.0212891 -0.0127513 0.0168082 -0.0289126 -0.0307529 -0.0362953 -0.0224998 -0.0239084 0.0136392 -0.0404322 -0.0752432 -0.0104015 -0.0396824 0.0125336 0.0176944 -0.0174809 -0.0145947 -0.00103427 -0.024554 -0.049208 -0.0466583 -0.075107 0.0311854
internal_weight=110811 105196 100679 91806 89757 66362 59740 46737 8873 13003 1479 7394 4517 4218 6622 3198 23395 2049 873 4413 2262 23045 16696 5037 4909 6349 3853 2009 2209 1020 136
internal_count=110811 105196 100679 91806 89757 66362 59740 46737 8873 13003 1479 7394 4517 4218 6622 3198 23395 2049 873 4413 2262 23045 16696 5037 4909 6349 3853 2009 2209 1020 136
is_linear=0
shrinkage=0.0845865


Tree=63
num_leaves=32
num_cat=0
split_feature=9 6 48 13 2 3 11 60 28 21 15 18 7 51 14 8 20 12 26 22 20 40 1 6 28 77 7 22 33 69 91
split_gain=524.054 474.257 462.88 455.32 455.062 567.92 476.99 411.194 386.579 454.642 370.641 340.793 338.782 336.443 325.963 321.398 283.684 315.34 269.859 264.772 254.435 252.135 248.864 294.473 248.157 244.688 231.506 220.711 218.204 214.248 210.221
threshold=0.0032962987332410005 0.15112493867595647 -0.026199855165483198 0.082235643161413713 -0.10244492144549054 0.10115501634649351 0.044838501870258306 0.004741611542794801 0.049576637521498157 0.019279866450036803 -0.018889827030510797 -0.013260141953948848 0.0028962160750008507 0.0098202662283370015 -0.045686758095257747 -0.036895516449278097 0.058516445204376606 -0.0079683375291412974 -0.039737756337414089 0.084011125096246073 0.053133446371368909 0.020853245433636505 0.083428549065415622 0.082748586401843974 -0.046618080012692645 0.027604916860684652 -0.070888068324469033 -0.061677730653797593 -0.078255350787588884 -0.046737904810081943 0.086600828606624061
decision_type=2 2 2 2 2 2 2 2 2 2 2 2 2 2 2 2 2 2 2 2 2 2 2 2 2 2 2 2 2 2 2
left_child=1 2 12 8 19 6 7 11 9 10 14 29 -1 -12 -4 -9 17 -14 -13 22 -11 -8 -2 -24 -20 27 -7 -17 -10 -6 -19
right_child=4 -3 3 -5 5 26 21 15 28 20 13 18 16 -15 -16 25 -18 30 24 -21 -22 -23 23 -25 -26 -27 -28 -29 -30 -31 -32
leaf_value=0.02978686363444066 0.03036161147359661 0.062454535819964727 0.01940027858385629 0.037655633157645509 -0.040492837179334128 0.072638168024165672 -0.0044373285275286787 -0.052380233642117399 -0.062898507116201874 0.014952435986612047 0.0047447075389395891 -0.051720592904916513 0.034951081642619383 -0.017822459825206079 -0.028822631422516388 0.033388738576635046 -0.047188751590849301 -0.0043099074353772715 -0.056838096184774124 -0.063068138221868131 -0.021937695697408891 0.030891387706599632 -0.052643743699478635 0.039996685820524479 -0.0086431642026910463 -0.051097975114378427 0.010388320346584804 -0.019583380247926139 0.02284292587617064 0.010783582899309738 -0.2454467951808609
leaf_weight=7535 4015 1009 1133 2217 649 469 4719 3387 221 9950 13254 1566 2167 7346 8700 614 708 3469 850 284 1545 2083 625 404 7611 1662 4841 6705 5326 5721 26
leaf_count=7535 4015 1009 1133 2217 649 469 4719 3387 221 9950 13254 1566 2167 7346 8700 614 708 3469 850 284 1545 2083 625 404 7611 1662 4841 6705 5326 5721 26
internal_value=-7.64156e-07 0.00491837 0.00400513 0.000187363 -0.00687939 -0.00991036 -0.0137631 -0.0185267 -0.00156194 -0.00433866 -0.00975235 -0.00974133 0.017647 -0.00330179 -0.0232639 -0.030172 0.00328339 0.00959888 -0.0194614 0.0163704 0.00999222 0.00637857 0.0208481 -0.0162509 -0.0134878 -0.021794 0.0158913 -0.0151363 0.0194223 0.00555563 -0.00611449
internal_weight=110811 64606 63597 49692 46205 40877 35567 28765 47475 41928 30433 16397 13905 20600 9833 12368 6370 5662 10027 5328 11495 6802 5044 1029 8461 8981 5310 7319 5547 6370 3495
internal_count=110811 64606 63597 49692 46205 40877 35567 28765 47475 41928 30433 16397 13905 20600 9833 12368 6370 5662 10027 5328 11495 6802 5044 1029 8461 8981 5310 7319 5547 6370 3495
is_linear=0
shrinkage=0.0845865


Tree=64
num_leaves=32
num_cat=0
split_feature=84 88 74 77 90 93 82 22 97 18 19 13 94 21 28 93 24 38 40 1 32 20 40 53 12 38 11 39 44 51 15
split_gain=503.453 469.249 437.22 402.144 410.488 397.838 420.296 328.05 347.305 284.943 280.199 275.71 273.612 286.481 263.029 257.744 259.915 280.724 247.453 355.107 273.424 246.23 244.105 236.635 231.373 244.245 265.933 229.61 228.496 225.514 218.919
threshold=0.017944844771170202 0.0017341525058404501 -0.015287687638446549 0.054745401104806003 0.050534673935099708 0.030953930710610405 0.041144517921710456 -0.029123652047179444 0.043592639644838706 -0.048951838272008892 -0.025719202406845446 0.09946980201419911 -0.022241351411129099 -0.063115392590249994 -0.032120161791572892 -0.048745526593885598 0.021739855983089654 -0.013468968268402147 0.046663584848919061 0.023233723475790755 1.0000000180025095e-35 0.0013121196898274502 0.035063232259149209 0.051582946911928856 0.0086878352901397522 -0.029293476896049997 0.004288499675663201 0.0049800366818596011 -0.014129920957431848 0.05357453632875811 0.0092995181482817529
decision_type=2 2 2 2 2 2 2 2 2 2 2 2 2 2 2 2 2 2 2 2 2 2 2 2 2 2 2 2 2 2 2
left_child=1 7 12 4 15 6 11 10 9 -9 -1 14 13 -3 28 -4 21 -18 19 27 -21 -17 -16 -14 -8 -26 -27 -11 -2 -7 -10
right_child=5 2 3 -5 -6 29 24 8 30 18 -12 -13 23 -15 22 16 17 -19 -20 20 -22 -23 -24 -25 25 26 -28 -29 -30 -31 -32
leaf_value=0.041783482154470537 0.0048704918633848864 -0.090917709902799182 0.031621388496992406 -0.050656453784494189 -0.048924182310549971 -0.023717046224262125 -0.011164278730428287 0.028786817280929043 -0.045052462477755371 0.015606937624297363 0.013201953050576679 0.047005134596275144 0.021516324436110092 -0.0033742445736657128 -0.0023480903476568063 0.011213832988397628 0.0017999999317549308 -0.034477297164016964 0.029705852658806348 -0.036304553003213474 0.0022930564099328237 -0.010848312243735985 0.024273913224883679 -0.02980749063825245 0.008583329217179303 -0.10544913772670693 -0.021591149116702436 -0.0048542202283384621 -0.034086130502409884 -0.078193757162617283 0.0087838891948800318
leaf_weight=3492 1665 297 1371 1599 1550 4840 1522 3934 1532 9885 8270 832 8204 2690 14350 7151 2493 3931 2451 2735 2524 7329 2975 697 311 761 421 6505 3047 613 834
leaf_count=3492 1665 297 1371 1599 1550 4840 1522 3934 1532 9885 8270 832 8204 2690 14350 7151 2493 3931 2451 2735 2524 7329 2975 697 311 761 421 6505 3047 613 834
internal_value=-7.3469e-07 0.00357926 -0.0033295 -0.00959114 -0.00683404 -0.00908065 -0.00470514 0.00969378 0.00505182 0.00767897 0.0216895 -0.00079049 0.01006 -0.0120877 -0.0025961 -0.00390412 -0.00623519 -0.0203958 0.00423244 0.00134739 -0.0177762 4.56878e-05 0.00222221 0.0174948 -0.0343903 -0.0580517 -0.0756018 0.00748486 -0.0203163 -0.0298458 -0.0260668
internal_weight=110811 79474 37312 25424 23825 31337 25884 42162 30400 28034 11762 22869 11888 2987 22037 22275 20904 6424 24100 21649 5259 14480 17325 8901 3015 1493 1182 16390 4712 5453 2366
internal_count=110811 79474 37312 25424 23825 31337 25884 42162 30400 28034 11762 22869 11888 2987 22037 22275 20904 6424 24100 21649 5259 14480 17325 8901 3015 1493 1182 16390 4712 5453 2366
is_linear=0
shrinkage=0.0845865


Tree=65
num_leaves=32
num_cat=0
split_feature=33 21 63 7 1 100 21 25 18 74 17 23 18 22 62 1 62 10 27 84 37 49 48 58 39 59 91 65 21 30 13
split_gain=506.093 549.757 540.517 674.768 479.092 548.945 527.271 422.272 359.832 349.29 338.186 360.711 322.066 306.585 289.087 282.756 350.483 280.981 269.881 271.584 267.627 263.027 339.655 258.655 246.509 238.448 237.065 235.817 235.791 264.41 231.688
threshold=0.03603499465970026 -0.069433627047456745 -0.020068426878643995 -0.013196052642705647 -0.05287900296199944 0.68110000000000015 0.048580650556495859 -0.011820886730351449 -0.057602116385686596 0.027673106704240204 -0.035207108400788244 0.0026802527511062004 -0.018780875826961498 0.086694728228252763 -0.0082744159475764481 0.03941418630084096 -0.03602277853874189 -0.10871470502633969 0.10655251291647101 0.034159961402007506 -0.030691140112957947 -0.020226363520222047 0.0016055999722155501 0.12286646568189281 0.014367112691130201 -0.021222957627149895 0.035664358852882556 0.058928573487183056 -0.10878881064727379 -0.082214863441469929 -0.0099922240492369991
decision_type=2 2 2 2 2 2 2 2 2 2 2 2 2 2 2 2 2 2 2 2 2 2 2 2 2 2 2 2 2 2 2
left_child=1 14 8 9 10 6 7 -6 -3 15 11 -5 -8 17 25 23 -17 -2 19 28 -18 22 -19 24 -4 -1 -7 -12 -16 -30 -10
right_child=13 2 3 4 5 26 12 -9 30 -11 27 -13 -14 -15 18 16 20 21 -20 -21 -22 -23 -24 -25 -26 -27 -28 -29 29 -31 -32
leaf_value=0.047921280564386569 -0.049156388395932525 0.039993988889853595 0.022453421495143538 -0.055435993262939798 -0.052838223859185872 0.0075745318531738213 0.034039257252518031 -0.022870068895844954 -0.0047276897810979114 -0.015055581633531169 0.0042587577384363643 0.0034529124911658092 -0.027734842807481366 -0.037506065950554737 -0.10286306827992253 0.042842158192882486 0.025367029764520387 0.02091024905744316 0.022277825574070865 -0.11928865898801735 -0.035324993173404463 0.023179212612834437 -0.020608653143676325 -0.16868930377606953 0.0018015363642324847 -0.020779978928058288 -0.042865801002926071 0.062813810162638692 0.061234487691588908 -0.041970660543776517 0.013838512313228361
leaf_weight=477 481 2571 11291 1446 5348 5528 1445 9081 8040 4957 10228 1532 1037 843 401 711 654 2968 371 397 2527 12496 2685 55 6529 1491 758 517 197 1787 11962
leaf_count=477 481 2571 11291 1446 5348 5528 1445 9081 8040 4957 10228 1532 1037 843 401 711 654 2968 371 397 2527 12496 2685 55 6529 1491 758 517 197 1787 11962
internal_value=-7.06042e-07 -0.00264036 -0.00104075 -0.00502962 -0.0124398 -0.019851 -0.0277843 -0.0339792 0.0102048 0.00520698 8.63532e-05 -0.0251347 0.0082209 0.0123795 -0.0295668 0.00982238 -0.010835 0.014638 -0.045445 -0.0544843 -0.02284 0.0163301 0.00118628 0.0143214 0.0148881 -0.00411643 0.00148839 0.00707851 -0.0436852 -0.0317105 0.00637459
internal_weight=110811 91338 86217 63644 36920 23197 16911 14429 22573 26724 13723 2978 2482 19473 5121 21767 3892 18630 3153 2782 3181 18149 5653 17875 17820 1968 6286 10745 2385 1984 20002
internal_count=110811 91338 86217 63644 36920 23197 16911 14429 22573 26724 13723 2978 2482 19473 5121 21767 3892 18630 3153 2782 3181 18149 5653 17875 17820 1968 6286 10745 2385 1984 20002
is_linear=0
shrinkage=0.0845865


Tree=66
num_leaves=32
num_cat=0
split_feature=9 6 55 48 97 1 80 22 7 38 34 13 46 79 51 25 95 1 60 62 85 28 63 1 14 11 0 5 15 3 81
split_gain=480.56 525.414 494.181 495.78 408.618 380.459 382.334 342.633 329.145 326.161 324.153 321.26 320.893 316.63 302.159 301.995 288.273 277.187 290.631 274.485 270.798 257.082 256.494 252.695 286.679 241.348 251.357 315.728 262.737 254.499 274.24
threshold=0.034612091758803705 0.15112493867595647 0.010551932312396503 -0.0026418944736691496 0.013933184580598801 -0.027230076655978343 -0.0051313731044757499 -0.0089582280399126985 -0.03538481254583959 -0.023864647286990396 -0.022424083604611896 -0.018962628065208448 0.00072820174568895008 -0.027439255756604098 0.067170378457354171 -0.012936852563862499 0.010069416894079102 -0.10457222095505159 -0.025563487191425194 0.093124005589279815 -0.033616626364758338 -0.043285164286910489 -0.031145365699723798 -0.06029507852451569 -0.048213164611394042 0.060044182131756406 0.21302536036341352 -0.033794089060669948 -0.041011991029012838 -0.096041086116257737 -0.059437664490017743
decision_type=2 2 2 2 2 2 2 2 2 2 2 2 2 2 2 2 2 2 2 2 2 2 2 2 2 2 2 2 2 2 2
left_child=1 2 3 12 5 21 19 8 -2 -10 -4 20 16 -14 -13 23 -1 -11 -19 -7 -12 -5 -8 -6 -25 26 27 28 -9 -28 -31
right_child=7 -3 10 4 15 6 22 25 9 17 11 14 13 -15 -16 -17 -18 18 -20 -21 -22 -23 -24 24 -26 -27 29 -29 -30 30 -32
leaf_value=0.0047858900499641492 0.023373921917226564 0.05132008561890191 0.025940240340287218 -0.024288093255246949 -0.01014806566488137 0.007758786422784764 0.0068560693956512793 -0.079735977661603688 0.024129028835543829 0.016927144532331843 0.029768435626498124 0.015648913945879601 0.042107939888362735 0.0087036743506903776 -0.046401022537587829 -0.013486769128739712 -0.021202481456324519 0.011967734398417749 -0.040006535573297961 -0.18431574518469299 -0.016641242822301023 0.012121692826396815 -0.040448177683466785 0.023009930608141722 -0.073058337183007763 0.004596873147721503 -0.052338888874825899 -0.050278596431201653 -0.0019257340500382497 -0.088674038918640813 0.0025966151571948561
leaf_weight=9908 3322 1582 7746 1630 951 3431 1015 359 1669 1239 1066 13319 2509 10655 586 5132 4414 992 3427 54 5752 9315 4255 250 1977 2619 867 3887 2300 249 4334
leaf_count=9908 3322 1582 7746 1630 951 3431 1015 359 1669 1239 1066 13319 2509 10655 586 5132 4414 992 3427 54 5752 9315 4255 250 1977 2619 867 3887 2300 249 4334
internal_value=-6.49448e-07 0.0030263 0.00211609 -0.00253143 -0.0104515 -0.00381472 -0.0169586 -0.0102511 0.00128714 -0.00872403 0.0111765 0.00565684 0.00553884 0.0150722 0.0130322 -0.0261821 -0.00322223 -0.018419 -0.0283343 0.00477304 -0.00938171 0.00669725 -0.0313334 -0.0466758 -0.0622639 -0.0186597 -0.0237389 -0.0349124 -0.0124409 -0.0103142 -0.00235879
internal_weight=110811 85547 83965 55496 28010 19700 8755 25264 10649 7327 28469 20723 27486 13164 13905 8310 14322 5658 4419 3485 6818 10945 5270 3178 2227 14615 11996 6546 2659 5450 4583
internal_count=110811 85547 83965 55496 28010 19700 8755 25264 10649 7327 28469 20723 27486 13164 13905 8310 14322 5658 4419 3485 6818 10945 5270 3178 2227 14615 11996 6546 2659 5450 4583
is_linear=0
shrinkage=0.0845865


Tree=67
num_leaves=32
num_cat=0
split_feature=91 42 49 70 2 100 23 28 0 84 48 95 78 67 16 14 95 29 24 9 1 3 79 27 0 56 3 37 69 42 7
split_gain=481.023 426.744 416.182 377.191 461.667 398.54 349.671 405.308 408.395 362.391 340.92 303.884 301.295 301.217 300.366 316.523 295.948 294.559 292.516 283.722 267.809 520.047 257.76 257.46 257.399 256.58 254.604 295.456 251.958 255.474 238.276
threshold=0.010692194638635001 0.061403354557362108 0.06010169381176101 -0.0035789955113547495 -0.037029266757280993 -0.79039999999999988 0.017830443687312004 -0.043285164286910489 0.17807172707577032 0.029772820446507402 -0.021335790803968496 -0.058780159020676938 -0.080795233206099132 0.0086764508490930013 0.0092331204198651522 -0.042693581308801444 0.044814772300691204 0.035515048199040507 0.04003451456653126 0.069482572948385363 0.023233723475790755 -0.065268669685374078 -0.013314367411339447 -0.032085594287606788 0.081605648293037972 -0.046295342638095892 0.0041005721969596511 -0.009947770827363098 0.045138791043896155 0.018789467840222153 0.029329672664128403
decision_type=2 2 2 2 2 2 2 2 2 2 2 2 2 2 2 2 2 2 2 2 2 2 2 2 2 2 2 2 2 2 2
left_child=1 3 6 4 -1 14 7 8 11 19 -5 -2 -12 26 15 -6 20 18 -14 30 -8 23 -15 -22 -3 -23 27 -7 29 -11 -9
right_child=2 24 -4 10 5 13 16 9 -10 28 12 -13 17 22 -16 -17 -18 -19 -20 -21 21 25 -24 -25 -26 -27 -28 -29 -30 -31 -32
leaf_value=0.015666336014643779 -0.26465106692927459 -0.17891208367703679 0.023897411672371447 0.025666534214986075 0.0097597241900678009 -0.045566344426218847 0.014377125763903062 0.0048495499091190698 -0.017883714974119509 -0.027507014800009076 -0.078407005061792864 -0.068696268571428923 0.016189813164341663 0.038174236898986524 0.00045803359637356256 -0.055138373044974938 -0.03831619512620138 -0.011348630878470616 -0.010639906968870174 -0.038089953510011432 -0.11465385540278976 0.037545033958576141 0.0024197808825361143 0.050275962152185022 -0.020634010170494318 -0.04464347792669137 0.0030685532967326175 -0.0071660693456549931 0.016807909639370375 -0.078305113848636559 -0.019855946541633536
leaf_weight=8783 59 75 2768 9140 668 2300 7716 10152 1991 2134 294 1427 18124 1998 1775 2745 1218 4765 3462 1748 73 310 5195 915 3655 2187 5843 3810 566 1062 3853
leaf_count=8783 59 75 2768 9140 668 2300 7716 10152 1991 2134 294 1427 18124 1998 1775 2745 1218 4765 3462 1748 73 310 5195 915 3655 2187 5843 3810 566 1062 3853
internal_value=-5.6756e-07 0.00403979 -0.00768753 0.0055486 -0.000956459 -0.00695711 -0.0101571 -0.0163347 -0.0429432 -0.0115926 0.0115693 -0.0765022 0.00673263 -0.00132094 -0.0277527 -0.0424302 0.00127816 0.00768354 0.0118858 -0.00595802 0.00558577 -0.0138726 0.0123545 0.0380614 -0.0238254 -0.0344306 -0.00955228 -0.021625 -0.0351808 -0.0443947 -0.00194587
internal_weight=110811 72632 38179 68902 33117 24334 35411 22992 3477 19515 35785 1486 26645 19146 5188 3413 12419 26351 21586 15753 11201 3485 7193 988 3730 2497 11953 6110 3762 3196 14005
internal_count=110811 72632 38179 68902 33117 24334 35411 22992 3477 19515 35785 1486 26645 19146 5188 3413 12419 26351 21586 15753 11201 3485 7193 988 3730 2497 11953 6110 3762 3196 14005
is_linear=0
shrinkage=0.0845865


Tree=68
num_leaves=32
num_cat=0
split_feature=42 38 4 9 24 80 11 4 26 7 60 69 14 15 68 31 10 28 5 49 11 8 70 62 37 45 26 30 79 19 38
split_gain=458.633 504.911 444.697 436.909 468.163 452.546 404.232 388.782 421.567 457.453 386.764 385.098 331.428 311.701 276.902 274.672 267.308 261.295 260.469 249.114 239.137 238.45 239.904 224.536 220.788 217.869 202.7 193.67 203.864 196.547 187.403
threshold=-0.050997875882669644 0.0038295950726068002 -0.15366850724505382 -0.10448051949505939 0.074672856087230108 0.044346821471649957 -0.11004754385454064 0.025914722288678905 0.054931106656045801 0.073910495520861166 0.039151047971006658 0.0078403766714485509 -0.045686758095257747 -0.0021966686799221495 0.0032517361049050502 -0.024562918901025198 -0.021211256507442194 0.067946891411241009 -0.010834582307478798 0.017933968109217002 0.040123507386760508 -0.094982944476453182 0.00062183304202385013 0.055439228370392661 -0.0036886926499790497 -0.0047546234688277495 -0.023601344052965646 -0.034955901442495045 -0.11879763074967159 -0.011781187606351948 -0.050886748450959994
decision_type=2 2 2 2 2 2 2 2 2 2 2 2 2 2 2 2 2 2 2 2 2 2 2 2 2 2 2 2 2 2 2
left_child=15 6 -3 -4 5 11 25 8 9 10 19 13 -11 -5 23 21 -12 -14 -13 -8 -6 -1 -23 -9 30 -2 -25 29 -29 -7 -24
right_child=1 2 3 4 20 27 7 14 -10 12 16 18 17 -15 -16 -17 -18 -19 -20 -21 -22 22 24 26 -26 -27 -28 28 -30 -31 -32
leaf_value=0.095540028477543198 -0.06830482802808957 0.031479351957139461 0.034964987422445692 -0.024807622708610026 -0.067635360552332838 -0.050829585860074772 -3.6591180457440172e-05 0.010487222992786566 0.030819958748436117 0.025673762499905321 -0.053942127873357545 0.016920653960751271 -0.053594565602164572 -0.0041875438433244781 0.030227696813900484 0.027047712939640801 -0.0079514291193036844 0.073854016658852037 -0.0060230834603571017 0.017922289383852451 -0.0013417213063417243 -0.02656026061456785 0.06332089117359789 -0.1418304130292074 0.041273275743079652 -0.0098204083064021216 -0.018838374664630914 0.18107634956469956 -0.052090880073883621 0.039504613111563038 -0.046085886856621266
leaf_weight=173 806 1905 1473 10341 1557 305 23002 6801 3078 548 1372 6078 2288 10650 6317 6735 2656 121 8477 7273 520 1919 144 120 1041 1051 479 27 2656 396 502
leaf_count=173 806 1905 1473 10341 1557 305 23002 6801 3078 548 1372 6078 2288 10650 6317 6735 2656 121 8477 7273 520 1919 144 120 1041 1051 479 27 2656 396 502
internal_value=-6.11903e-07 -0.00176271 -0.0084988 -0.0102921 -0.0119184 -0.00983007 0.00358426 0.00491769 0.000733933 -0.00175091 0.00100028 -0.00701539 -0.033673 -0.0143469 0.0172194 0.0168066 -0.0236225 -0.0471823 0.00355653 0.00427702 -0.0510488 -0.0014398 -0.00610004 0.00611181 0.0171614 -0.0352176 -0.0435264 -0.0393888 -0.0497321 0.000169387 -0.021661
internal_weight=110811 100297 44385 42480 41007 38930 55912 54055 40338 37260 34303 35546 2957 20991 13717 10514 4028 2409 14555 30275 2077 3779 3606 7400 1687 1857 599 3384 2683 701 646
internal_count=110811 100297 44385 42480 41007 38930 55912 54055 40338 37260 34303 35546 2957 20991 13717 10514 4028 2409 14555 30275 2077 3779 3606 7400 1687 1857 599 3384 2683 701 646
is_linear=0
shrinkage=0.0845865


Tree=69
num_leaves=32
num_cat=0
split_feature=93 62 13 6 70 5 21 28 76 3 11 11 39 33 51 23 65 32 65 15 80 12 79 28 14 15 5 67 26 18 5
split_gain=454.541 502.07 454.886 335.831 387.986 365.678 309.349 317.397 316.995 308.599 330.858 306.197 426.727 297.242 285.716 303.048 271.5 268.641 244.245 238.917 237.685 237.077 240.515 232.541 268.245 241.969 222.668 227.089 222.558 218.646 203.739
threshold=-0.040996600468076592 1.0000000180025095e-35 -0.026530157796569896 0.087590834189241212 -0.025535143848342396 0.022808373969603953 -0.057816508389308491 0.013634829038544802 -0.027264464165309397 -0.0099790193594150988 0.0052259029511499506 0.020312486113742253 0.013986153156560802 0.010066046689404402 0.017065575465505904 1.0000000180025095e-35 -0.0069441900799185998 -0.047472916094325295 -0.041537570101971996 -0.031315377374797344 0.029399021576866451 0.038890464653085453 0.011434455783352952 -0.021638042004534144 0.045330388450339161 0.043986972928689312 0.031675543499455908 -0.0096331715083090488 0.028653916407571953 0.042137968509332262 0.0060323741847945504
decision_type=2 2 2 2 2 2 2 2 2 2 2 2 2 2 2 2 2 2 2 2 2 2 2 2 2 2 2 2 2 2 2
left_child=17 3 9 4 5 -2 8 11 -4 10 -3 12 -8 -10 15 -6 -9 -1 28 -7 21 -11 -23 25 29 -12 -5 -28 -16 -25 -14
right_child=1 2 6 26 14 19 7 16 13 20 23 -13 30 -15 18 -17 -18 -19 -20 -21 -22 22 -24 24 -26 -27 27 -29 -30 -31 -32
leaf_value=-0.014263323489401715 -0.0008180218099801558 -0.057261630696781946 -0.084221974030374624 0.039261272794037363 0.0016025189034391814 -0.067986819914472557 -0.0029743328147872465 -0.004980037320906845 -0.043041845579461883 0.0067235462107801212 -0.079812878289697839 0.0071018025299928412 -0.019420620206318219 0.018419625810769943 -0.053708623687932597 0.020362301643072876 0.021373186775376214 0.022111262024563313 -7.4977334326369253e-05 -0.020032218269636037 -0.04071340320200767 -0.0077627854978181863 -0.075791316460387961 0.027318324006971699 -0.052946326204858937 0.028353670945613779 -0.048173546027117105 0.029300990707109429 0.028003356760638708 -0.059177168710928291 -0.054129555010958078
leaf_weight=1724 6901 2724 599 3004 11853 1053 8875 4690 1235 4709 641 7519 2902 1034 1172 12836 6926 9209 9623 2535 1472 1125 556 1421 563 192 489 606 299 245 2079
leaf_count=1724 6901 2724 599 3004 11853 1053 8875 4690 1235 4709 641 7519 2902 1034 1172 12836 6926 9209 9623 2535 1472 1125 556 1421 563 192 489 606 299 245 2079
internal_value=-5.72008e-07 -0.00179315 -0.0078426 0.00415211 0.00209593 -0.0122094 -0.00283977 -0.000522664 -0.0294857 -0.0209855 -0.0358134 -0.00663945 -0.0140977 -0.0150243 0.00628984 0.0113568 0.0107312 0.0163734 -0.00498435 -0.0341128 -0.01007 -0.00300733 -0.0302784 -0.016725 -0.00246447 -0.0548555 0.0273579 -0.0052786 -0.0370846 0.0145838 -0.0339124
internal_weight=110811 99878 49507 50371 46272 10489 35859 32991 2868 13648 5786 21375 13856 2269 35783 24689 11616 10933 11094 3588 7862 6390 1681 3062 2229 833 4099 1095 1471 1666 4981
internal_count=110811 99878 49507 50371 46272 10489 35859 32991 2868 13648 5786 21375 13856 2269 35783 24689 11616 10933 11094 3588 7862 6390 1681 3062 2229 833 4099 1095 1471 1666 4981
is_linear=0
shrinkage=0.0845865


Tree=70
num_leaves=32
num_cat=0
split_feature=68 15 60 26 24 11 24 70 6 1 15 29 95 15 97 25 0 11 63 1 9 90 19 86 6 12 61 100 18 5 46
split_gain=442.926 508.559 481.667 418.081 404.555 417.764 340.446 329.257 327.44 321.815 319.317 298.821 297.235 286.102 277.462 276.824 272.654 294.484 240.814 279.335 239.347 236.19 229.509 214.211 208.575 205.243 201.785 200.629 211.51 195.901 192.879
threshold=0.035371000782734759 -0.11688891795680724 -0.014429167168030497 0.027225598304078006 -0.011851749162440698 -0.0019755116716150497 0.10994557259447872 0.076997749418981312 0.032355891436292007 -0.029721733025971597 0.046407788851012356 0.072194227620593812 0.021850610306385455 0.029294212489012855 0.024335256980026605 0.0024431926504886003 0.13708587306099548 -0.036931703115824589 0.038982421984832503 -0.019854513424471146 0.094949386485631324 0.017481398653174305 -0.062840074214851979 0.021739847809259454 0.12185500860820542 0.037472679302092561 0.004274485995073401 -0.96934999999999993 0.042137968509332262 0.031675543499455908 0.04293746167892306
decision_type=2 2 2 2 2 2 2 2 2 2 2 2 2 2 2 2 2 2 2 2 2 2 2 2 2 2 2 2 2 2 2
left_child=1 -1 8 4 11 7 16 10 12 14 -6 22 27 -11 -7 18 17 23 -5 -20 -19 -8 -4 -2 -18 -24 -21 28 -3 -10 -9
right_child=6 2 3 15 5 9 21 30 29 13 -12 -13 -14 -15 -16 -17 24 20 19 26 -22 -23 25 -25 -26 -27 -28 -29 -30 -31 -32
leaf_value=-0.053028808602201029 -0.094693649090793197 -0.020822764656999372 0.035888996050046092 0.0032348908408029002 -0.03526095153924954 0.010405944908231279 -0.029870986640126478 0.020035510658528866 0.029916839216837486 -0.031310139352627109 -0.0024531064918718007 -0.042897802691710438 -0.014040533362523852 0.0083844037012516283 -0.025779151690791011 0.02170294119861883 0.017598669980027022 0.0077395995071594453 0.0046945567921450214 -0.029295563711591255 -0.19329429945055618 -0.21315309390729548 0.0054741837263603387 0.025496820909762619 0.062451526382985789 -0.018411336228588079 -0.12434770750561247 0.009244872467526425 -0.16984657979055304 -0.003572828114476294 0.16881743510463065
leaf_weight=1386 408 431 1421 7631 10678 7865 158 371 5794 4868 2651 1062 5965 1771 1878 5558 11373 2615 595 328 43 74 11996 143 794 3277 313 17616 81 1592 75
leaf_count=1386 408 431 1421 7631 10678 7865 158 371 5794 4868 2651 1062 5965 1771 1878 5558 11373 2615 595 328 43 74 11996 143 794 3277 313 17616 81 1592 75
internal_value=-6.64646e-07 -0.00216619 -0.00141451 -0.00572162 -0.00952271 -0.0154868 0.0132068 -0.0263443 0.00711421 -0.00635577 -0.0287375 0.00060557 0.00233664 -0.0207182 0.00342882 0.00690227 0.0147427 -0.007185 -0.00237276 -0.0370097 0.00447461 -0.0884676 0.0033745 -0.0634629 0.0205278 0.000347815 -0.0757508 0.00772674 -0.0444593 0.0226955 0.045124
internal_weight=110811 95203 93817 62338 47913 30157 15608 13775 31479 16382 13329 17756 24093 6639 9743 14425 15376 3209 8867 1236 2658 232 16694 551 12167 15273 641 18128 512 7386 446
internal_count=110811 95203 93817 62338 47913 30157 15608 13775 31479 16382 13329 17756 24093 6639 9743 14425 15376 3209 8867 1236 2658 232 16694 551 12167 15273 641 18128 512 7386 446
is_linear=0
shrinkage=0.0845865


Tree=71
num_leaves=32
num_cat=0
split_feature=3 90 14 1 10 1 11 6 4 17 27 69 70 66 20 100 19 58 17 42 8 95 49 7 99 100 53 8 75 82 3
split_gain=428.653 577.494 541.754 499.841 525.813 405.752 395.789 394.402 388.402 351.251 414.583 343.417 344.589 337.902 311.629 310.484 343.766 301.264 331.266 292.059 300.73 283.006 274.09 272.448 296.364 267.275 254.835 250.993 229.411 219.782 209.818
threshold=-0.018201141239484946 0.048154998059392308 -0.04915689340654384 -0.054664404364481195 -0.0052132870900818496 -0.056609642482235392 0.061075131271739504 0.16028091844503176 -0.14559509959692477 -0.024686166674084496 -0.023401732639413798 0.048702927315286158 0.089779402464012364 -0.0097906641609676985 0.037973727455500407 -0.93604999999999994 0.012958680984576702 -0.020078850700644895 -0.035740407726694394 -0.077052954183263939 0.19520345599467237 -0.011957572610698847 0.032646116284120806 -0.012680296350396199 -0.0041961035093839487 -0.12714999999999996 0.037142914226753455 -0.098622286589649236 0.024434744170237253 -0.0011411088479605497 0.061641368474216911
decision_type=2 2 2 2 2 2 2 2 2 2 2 2 2 2 2 2 2 2 2 2 2 2 2 2 2 2 2 2 2 2 2
left_child=2 3 5 14 15 -1 8 9 -4 10 29 12 19 -8 17 -5 22 -2 -19 -10 -21 -18 26 -11 -25 28 -17 -24 -7 -6 -23
right_child=1 -3 6 4 7 25 13 -9 11 23 -12 -13 -14 -15 -16 16 21 18 -20 20 -22 30 27 24 -26 -27 -28 -29 -30 -31 -32
leaf_value=-0.010271919388599783 0.037903906412460601 -0.023605344985478439 0.024876323635683109 -0.04735030006240832 -0.017813461200106011 0.035109584002824337 -0.017325611213224464 0.078723970030557297 0.02430111880901174 0.026581044538300808 0.0020364920004133365 0.015268512809232469 0.046495460765350272 0.029832131097608211 -0.0055366831242898151 0.0016829634287926323 -0.043213854789453804 -0.0066503870585928552 0.021557036730525558 -0.027943505636250175 0.020763040514464742 -0.02025721255381557 -0.15459060184542431 0.021206793677390048 -0.0076801640787252474 0.0079017350005648433 -0.039540902199200721 0.035243213455287609 0.098715740086015316 -0.086789703809494106 0.017679128433505793
leaf_weight=3049 5002 5134 1528 1428 659 1698 1828 570 870 6778 4053 1914 512 2681 4154 8683 2602 4077 11049 19793 950 3432 51 4465 5896 2028 1224 2006 534 665 1498
leaf_count=3049 5002 5134 1528 1428 659 1698 1828 570 870 6778 4053 1914 512 2681 4154 8683 2602 4077 11049 19793 950 3432 51 4465 5896 2028 1224 2006 534 665 1498
internal_value=-6.5863e-07 0.00375308 -0.00737375 0.00581014 0.000434387 0.0132802 -0.0123938 0.00923699 -0.016469 0.00747673 -0.011383 -0.019098 -0.022072 0.0107091 0.0155525 -0.00927674 -0.00648677 0.019906 0.0139527 -0.0236975 -0.0257117 -0.0206431 0.00242369 0.0133948 0.00476647 0.030142 -0.00340828 0.0305214 0.0503392 -0.0524766 -0.0087257
internal_weight=110811 73426 37385 68292 44010 7309 30076 23086 25567 22516 5377 24039 22125 4509 24282 20924 19496 20128 15126 21613 20743 7532 11964 17139 10361 4260 9907 2057 2232 1324 4930
internal_count=110811 73426 37385 68292 44010 7309 30076 23086 25567 22516 5377 24039 22125 4509 24282 20924 19496 20128 15126 21613 20743 7532 11964 17139 10361 4260 9907 2057 2232 1324 4930
is_linear=0
shrinkage=0.0845865


Tree=72
num_leaves=32
num_cat=0
split_feature=34 7 12 90 73 15 14 22 4 29 18 62 11 31 14 4 91 11 92 12 80 20 39 15 7 1 49 33 92 2 4
split_gain=433.557 442.257 486.587 456.845 354.133 349.296 363.549 348.925 341.183 325.252 312.551 297.825 287.347 307.71 276.993 271.146 269.409 261.676 261.597 241.913 239.582 231.528 228.658 227.916 220.741 254.508 213.593 210.078 204.444 204.268 200.214
threshold=-0.029403871826759496 0.14177564617113228 0.040477267627495005 0.0029375731182274003 -0.028637250471335196 0.0318047636687337 -0.034713705584611593 -0.017806843576703296 -0.10327949206435134 0.051398016227022954 -0.017973203433756246 -0.05553312675474794 -0.096374697003733731 0.081465941110111004 -0.074495937447968077 0.076824957676648251 0.056117566137694704 -0.11004754385454064 0.031742138686571657 0.11642893617403426 0.082666210381351121 0.010743033750994601 -0.027118411941907596 -0.059785038021376594 -0.045065122558056593 0.080261532039906172 0.10134691662141175 0.030772625465351904 -0.017051604268418296 0.084071087403422659 0.086392964080609314
decision_type=2 2 2 2 2 2 2 2 2 2 2 2 2 2 2 2 2 2 2 2 2 2 2 2 2 2 2 2 2 2 2
left_child=4 2 3 7 29 6 10 21 -5 18 -4 -10 -13 -14 -3 19 27 -7 22 26 -20 -2 -9 -12 25 -23 -8 -6 -17 -1 -16
right_child=1 14 5 8 16 17 15 9 11 -11 23 12 13 -15 30 28 -18 -19 20 -21 -22 24 -24 -25 -26 -27 -28 -29 -30 -31 -32
leaf_value=0.023889583256992721 0.027348195501889574 0.080344166222067387 0.033348574310358016 0.028581947853007987 0.0020090964182215027 -0.074063804208649747 -0.035163427439050474 0.019567004058795787 0.025773601148749777 -0.02929903070580633 -0.078605500391438765 -0.05490298683574122 -0.010948286985238264 0.036467551270264166 -0.068728729942939437 -0.043507316729671647 -0.043194813788349509 0.0086506773572353028 0.031723104216772727 -0.090036995010379012 -0.13757657627550737 0.062820310400755516 -0.0042592215485775502 -0.0019037714713538378 -0.0010606504902100796 -0.038344381012771739 0.065178757328666306 0.023570660503746139 0.01745105961126801 0.076013734510231981 0.011491203528147439
leaf_weight=4225 8087 116 1370 1875 13923 290 6884 3617 1691 2274 389 1018 24957 1019 1301 567 798 4829 2807 575 61 832 14178 966 5397 226 155 4212 1287 617 268
leaf_count=4225 8087 116 1370 1875 13923 290 6884 3617 1691 2274 389 1018 24957 1019 1301 567 798 4829 2807 575 61 832 14178 966 5397 226 155 4212 1287 617 268
internal_value=-5.19694e-07 -0.00276602 -0.00191855 0.00130277 0.0101226 -0.01458 -0.0223653 0.0075618 -0.00637265 0.00106224 0.00485318 -0.00865827 -0.010816 -0.00908733 -0.0456791 -0.0302014 0.00490051 0.0039597 0.00440467 -0.0372649 0.0281117 0.017812 0.000582539 -0.0239422 0.00586133 0.0411893 -0.0329503 0.00701819 -0.00118095 0.0305369 -0.0550129
internal_weight=110811 87036 85351 68039 23775 17312 12193 37479 30560 22937 2725 28685 26994 25976 1685 9468 18933 5119 20663 7614 2868 14542 17795 1355 6455 1058 7039 18135 1854 4842 1569
internal_count=110811 87036 85351 68039 23775 17312 12193 37479 30560 22937 2725 28685 26994 25976 1685 9468 18933 5119 20663 7614 2868 14542 17795 1355 6455 1058 7039 18135 1854 4842 1569
is_linear=0
shrinkage=0.0845865


Tree=73
num_leaves=32
num_cat=0
split_feature=77 87 84 39 70 0 69 90 68 19 33 11 74 99 82 2 7 60 2 55 9 75 9 74 95 5 31 53 68 34 19
split_gain=430.649 456.065 373.268 329.508 300.226 320.053 312.899 298.478 290.724 354.507 283.333 340.938 277.764 275.446 275.062 264.22 258.624 262.133 265.159 258.019 276.654 255.311 225.984 224.691 263.222 223.727 209.843 209.428 207.793 204.814 204.223
threshold=0.018431960933817403 0.008334178525527201 -0.022560330015483594 -0.022728043111145544 -0.015813836557421097 0.17464589181223791 0.0032740027469544504 0.059886098217891752 -0.030105798096295797 -0.020126578534511996 0.023088422292553753 -0.044922168986462195 0.030465145497032203 -0.034820049438635495 0.0071780038674341511 -0.019633136892167547 0.14177564617113228 -0.0030111722351724496 -0.0043238486695600488 -0.0049400827932722493 -0.052953350146050744 0.078956990969258414 -0.054365884133055646 0.044868448829204807 0.006580479458980151 0.040892447012820958 0.03933459682724131 0.048604249773524212 -0.048831289338128893 0.083017334468497711 -0.071160815273973735
decision_type=2 2 2 2 2 2 2 2 2 2 2 2 2 2 2 2 2 2 2 2 2 2 2 2 2 2 2 2 2 2 2
left_child=1 2 12 21 5 6 25 16 9 -4 11 14 -1 -6 22 -16 17 23 -19 20 -20 27 -10 -3 -25 -5 29 -2 -21 -13 -15
right_child=3 7 8 4 13 -7 -8 -9 10 -11 -12 26 -14 30 15 -17 -18 18 19 28 -22 -23 -24 24 -26 -27 -28 -29 -30 -31 -32
leaf_value=0.027793989377757015 0.0075234313516313218 0.01019222463954215 0.014057382073018303 -0.055881801506820254 -0.037963848313685905 -0.013440417292867605 -0.016093762112004067 -0.044159692987149488 0.060432386634172663 -0.032069774229181995 0.02090668095820512 0.0048219186584493954 -0.0060694815938176511 0.035944004103481482 0.0059166406455200471 -0.067519881597103246 -0.054593099523469225 0.0028409531765027237 0.0098461437378106476 -0.077718581324809105 -0.04594144093673902 0.097885872003394311 -0.012339674855051851 0.0058505806188828115 -0.061168027194657817 -0.12682407649451993 0.028156052226858186 -0.03253248570240215 -0.0012623473881237109 -0.062948916624617338 -0.0058311428790708206
leaf_weight=9451 7630 12865 1916 1352 1821 4013 1162 1312 361 3153 8055 17180 2121 907 496 1191 679 7000 791 270 3233 206 1977 995 724 417 2893 1064 4379 325 10872
leaf_count=9451 7630 12865 1916 1352 1821 4013 1162 1312 361 3153 8055 17180 2121 907 496 1191 679 7000 791 270 3233 206 1977 995 724 417 2893 1064 4379 325 10872
internal_value=-4.33912e-07 0.00317147 0.0083028 -0.00876653 -0.0146564 -0.0289676 -0.0502188 -0.00464373 0.00420849 -0.0146303 0.00714943 0.00261121 0.0215854 -0.00734759 -0.0198855 -0.0459166 -0.00296708 -0.00180771 -0.00940294 -0.0192874 -0.03497 0.00482677 -0.00109277 0.00635321 -0.0223649 -0.0726209 0.00705143 0.0026186 -0.00570832 0.00356223 -0.0026124
internal_weight=110811 81367 49119 29444 20544 6944 2931 32248 37547 5069 32478 24423 11572 13600 4025 1687 30936 30257 15673 8673 4024 8900 2338 14584 1719 1769 20398 8694 4649 17505 11779
internal_count=110811 81367 49119 29444 20544 6944 2931 32248 37547 5069 32478 24423 11572 13600 4025 1687 30936 30257 15673 8673 4024 8900 2338 14584 1719 1769 20398 8694 4649 17505 11779
is_linear=0
shrinkage=0.0845865


Tree=74
num_leaves=32
num_cat=0
split_feature=65 62 94 26 46 80 93 91 15 20 15 63 79 18 13 22 0 30 77 13 74 0 87 77 69 90 7 75 18 7 28
split_gain=412.058 469.627 399.266 405.688 385.288 458.049 342.351 314.17 282.747 281.361 279.281 266.775 262.803 254.839 321.682 292.246 275.287 267.307 239.731 238.885 238.153 256.375 235.292 325.405 257.841 233.747 218.84 216.795 208.456 207.683 207.54
threshold=-0.027725897441189449 -0.040755673955454298 -0.016112293483216095 0.010210362950686601 0.018425711242836405 0.0011119441314626003 0.028894428430656451 -0.073860410302845333 0.081809860011285221 -0.039196669904027197 -0.10991302374874019 0.022950346380971955 -0.043266293120363543 0.029463797119737501 -0.055069985681207544 1.0000000180025095e-35 0.18911068581836363 0.064317477942118659 -0.0062067961101021493 0.03638603279356941 0.035305252676541353 0.14586950740965596 -0.020208372894122795 0.058038378113312063 0.00063338658653645005 0.096167893736937474 -0.0048574820301523491 -0.055389693237425791 -0.0043147789465875991 0.062265569953762659 -0.09800581402679738
decision_type=2 2 2 2 2 2 2 2 2 2 2 2 2 2 2 2 2 2 2 2 2 2 2 2 2 2 2 2 2 2 2
left_child=1 -1 3 7 5 18 9 -2 11 -4 -11 19 -6 16 -15 -16 26 -18 25 28 -8 -22 23 -9 -24 -3 -12 -20 -7 -26 -13
right_child=2 4 6 -5 12 8 20 22 -10 10 13 30 -14 14 15 -17 17 -19 27 -21 21 -23 24 -25 29 -27 -28 -29 -30 -31 -32
leaf_value=0.021411133746662533 0.062585845375089641 0.010304641142280463 0.022618258563809036 0.0060077595717469992 0.049637216532437474 -0.024427975739444094 -0.002194473804755469 0.0090408495347495642 0.027942362783117281 -0.046622539179937694 0.013485800659335636 -0.26550071020550953 -0.0036278090819188325 -0.048290212281156125 0.020194217944161048 -0.015593868043272542 0.026518472220312051 -0.019970189233509367 -0.096079441642369784 0.0036173583555043354 -0.094000908721216664 -0.017485878925696058 -0.035207101438492122 -0.10223476236008563 -0.00213227247409669 -0.18359615735364646 -0.0025092525259239385 -0.017348124671138037 -0.069454523860926792 -0.050276459294044881 -0.068071992170830237
leaf_weight=2915 360 3383 9053 11022 766 1645 8975 3123 409 704 12045 39 4911 1139 2949 3657 9074 980 267 975 423 1212 5992 200 4319 45 12438 4012 1334 753 1692
leaf_count=2915 360 3383 9053 11022 766 1645 8975 3123 409 704 12045 39 4911 1139 2949 3657 9074 980 267 975 423 1212 5992 200 4319 45 12438 4012 1334 753 1692
internal_value=-4.67312e-07 -0.0102502 0.00259516 -0.0062672 -0.0149896 -0.0226198 0.0062408 -0.015443 -0.0399505 0.00906439 0.00620938 -0.044839 0.00355601 0.00708961 -0.00677586 0.000379193 0.0101996 0.0219848 -0.0089133 -0.0327044 -0.00760606 -0.0372975 -0.0173972 0.00233524 -0.0233257 0.00774956 0.00535904 -0.0222672 -0.0445992 -0.00928462 -0.0725424
internal_weight=110811 22393 88418 25769 19478 13801 62649 14747 6094 52039 42986 5685 5677 42282 7745 6606 34537 10054 7707 3954 10610 1635 14387 3323 11064 3428 24483 4279 2979 5072 1731
internal_count=110811 22393 88418 25769 19478 13801 62649 14747 6094 52039 42986 5685 5677 42282 7745 6606 34537 10054 7707 3954 10610 1635 14387 3323 11064 3428 24483 4279 2979 5072 1731
is_linear=0
shrinkage=0.0845865


Tree=75
num_leaves=32
num_cat=0
split_feature=38 9 3 93 84 11 24 48 20 22 96 100 20 2 49 20 17 69 18 15 65 18 95 95 77 67 90 60 94 0 54
split_gain=402.672 409.94 387.087 379.897 390.623 380.422 332.88 361.92 360.878 311.082 296.724 280.783 279.23 283.717 258.102 233.917 232.066 248.023 284.965 256.307 230.15 247.383 225.221 223.105 230.502 227.818 216.378 205.172 205.103 217.543 256.81
threshold=0.012804055312711901 -0.11534681073594064 0.14639739979670599 -0.040996600468076592 -0.011709593793428447 -0.053503364706735793 0.074672856087230108 -0.012816228130314149 0.068397700559390012 -0.0072608432599167994 0.027528933982572851 -0.95834999999999992 0.070005150727721316 -0.04357178693686594 0.029267893665106504 0.041553637582559505 -0.06373221462910654 -0.049903820076160045 -0.057602116385686596 -0.018889827030510797 -0.026765719950081149 -0.032993015130185543 -0.018452361997722145 0.038432364533558458 0.033307585345904354 -0.081309238772524731 0.027716632983785603 0.070976094306241314 -0.058389866392489047 0.087256318932523072 -0.066288014070152626
decision_type=2 2 2 2 2 2 2 2 2 2 2 2 2 2 2 2 2 2 2 2 2 2 2 2 2 2 2 2 2 2 2
left_child=3 -2 6 -1 23 12 7 8 -3 10 11 15 13 -6 20 -7 -9 18 -18 -19 21 -11 -15 24 28 -25 -12 -13 -5 30 -30
right_child=1 2 -4 4 5 9 -8 16 -10 14 26 27 -14 22 -16 -17 17 19 -20 -21 -22 -23 -24 25 -26 -27 -28 -29 29 -31 -32
leaf_value=0.022243331981739851 0.044833039364177908 0.0085275020525965323 0.036464771281882392 -0.031725622800345868 0.0096403892450673736 -0.024893442968387379 -0.043479428954966738 -0.045442259761369889 -0.040249689030417056 0.011712232598649543 -0.0053237430433090514 0.017133046691902035 0.032995368998204787 -0.066724998221467047 0.012926452912638975 -0.18735362133663269 0.047881257744681029 -0.023031396167354428 -0.065161026407559802 -0.0024957564175743518 -0.0071387110813457061 -0.047527420185462022 -0.025387369523014777 -0.16213926779022381 -0.010753643461769196 -0.0085412464618390225 -0.065108858396733096 -0.042118563564470669 -0.24153495543812278 0.02161801819837552 -0.0066110116850546458
leaf_weight=7134 1061 10827 1322 598 1155 412 2022 1619 1206 655 2145 13743 595 1322 3642 75 187 6724 1078 12317 12303 2185 3301 71 2442 2516 543 431 34 15660 1486
leaf_count=7134 1061 10827 1322 598 1155 412 2022 1619 1206 655 2145 13743 595 1322 3642 75 187 6724 1078 12317 12303 2185 3301 71 2442 2516 543 431 34 15660 1486
internal_value=-5.86708e-07 -0.00700794 -0.00848312 0.00370969 0.00168498 -0.00310623 -0.0101353 -0.00814913 0.00363687 0.000253805 0.00842111 0.0131586 -0.0221603 -0.0278441 -0.00728802 -0.0499788 -0.0146185 -0.0121598 -0.048432 -0.00974874 -0.0121512 -0.0338573 -0.0372137 0.0106156 0.0136086 -0.012769 -0.0174101 0.0153296 0.0169562 0.0186521 -0.0118902
internal_weight=110811 38363 37302 72448 65314 42507 35980 33958 12033 36134 17349 14661 6373 5778 18785 487 21925 20306 1265 19041 15143 2840 4623 22807 20220 2587 2688 14174 17778 17180 1520
internal_count=110811 38363 37302 72448 65314 42507 35980 33958 12033 36134 17349 14661 6373 5778 18785 487 21925 20306 1265 19041 15143 2840 4623 22807 20220 2587 2688 14174 17778 17180 1520
is_linear=0
shrinkage=0.0845865


Tree=76
num_leaves=32
num_cat=0
split_feature=42 100 94 62 93 91 28 95 20 84 38 66 63 95 28 31 97 6 22 78 25 82 24 91 31 6 46 23 1 55 93
split_gain=383.091 404.415 397.375 394.569 395.491 350.891 365.419 367.005 352.464 317.455 269.664 261.686 260.048 237.606 210.738 205.396 197.414 197.11 192.046 190.33 188.001 184.99 222.651 184.441 180.042 178.759 187.292 211.76 190.02 169.534 166.355
threshold=-0.052039717343032942 -0.97184999999999988 -0.058389866392489047 -0.04653435243417569 0.028894428430656451 0.010692194638635001 -0.044902978838901687 -0.06966232044890934 -0.013208462612385298 0.036677534892991005 -0.0020934885361712494 -0.0041568360056238995 -0.0025924729271264994 0.029443642359330956 -0.025797763820079346 -0.023657964808710196 0.021249395355356405 0.087590834189241212 0.038807683360911706 -0.012175941484986299 0.025700817069702803 -0.057812744796391848 -0.018082059247106198 -0.051197372845257993 -0.096948676886168692 0.080517586630757573 0.046579684371896156 0.0042203178236528511 0.054498711844421358 0.055530009293506509 0.0021160662881128506
decision_type=2 2 2 2 2 2 2 2 2 2 2 2 2 2 2 2 2 2 2 2 2 2 2 2 2 2 2 2 2 2 2
left_child=11 20 12 25 5 8 7 -7 18 13 -10 15 14 19 21 -1 -15 -13 -5 -6 -2 -3 -23 30 -16 26 27 28 -4 -8 -14
right_child=1 2 3 4 9 6 29 -9 10 -11 -12 17 23 16 24 -17 -18 -19 -20 -21 -22 22 -24 -25 -26 -27 -28 -29 -30 -31 -32
leaf_value=-0.02081955335723655 -0.027014255794428888 0.17079137781495699 -0.019400059016594577 0.019592831420649725 0.011757306085900641 -0.18366089916905701 -0.0049553793388208518 -0.027381744026899905 0.0079106767941795313 -0.043596967256670879 -0.0079631683153201134 0.023449041421490336 0.1009492853889303 -0.017588184149365242 -0.20936681220781533 0.015325075894146856 -0.071729686009332105 0.080392575591485826 -0.0027229685500730913 -0.012116606127100932 -0.093682345088767383 0.010514067180443244 -0.10936133020221744 -0.060888077868830784 0.01494373792257846 0.05154500377520916 0.046489952307168778 0.024253260197304977 0.025668269797628845 0.025187617923445475 -0.032619024377168702
leaf_weight=1844 1371 25 2406 13622 3794 111 19301 3422 15189 2213 15441 4869 99 1696 26 2884 674 478 3458 6451 389 176 298 1617 1410 991 1041 2950 927 1434 204
leaf_count=1844 1371 25 2406 13622 3794 111 19301 3422 15189 2213 15441 4869 99 1696 26 2884 674 478 3458 6451 389 176 298 1617 1410 991 1041 2950 927 1434 204
internal_value=-7.28275e-07 -0.00157379 -0.00085887 0.000219889 -0.00146598 0.00112516 -0.0071553 -0.0323011 0.00533752 -0.0140452 -9.08491e-05 0.0157255 -0.027482 -0.00885922 -0.00558523 0.00122346 -0.0329959 0.0285445 0.0150736 -0.00327335 -0.0417645 -0.052943 -0.0648105 -0.0495378 0.0108581 0.0178223 0.013256 0.00774575 -0.00685865 -0.00286964 0.0109643
internal_weight=110811 100736 98976 95121 86806 71978 24268 3533 47710 14828 30630 10075 3855 12615 1935 4728 2370 5347 17080 10245 1760 499 474 1920 1436 8315 7324 6283 3333 20735 303
internal_count=110811 100736 98976 95121 86806 71978 24268 3533 47710 14828 30630 10075 3855 12615 1935 4728 2370 5347 17080 10245 1760 499 474 1920 1436 8315 7324 6283 3333 20735 303
is_linear=0
shrinkage=0.0845865


Tree=77
num_leaves=32
num_cat=0
split_feature=9 63 20 69 94 89 42 6 19 30 34 13 24 33 46 0 1 75 51 76 39 100 15 70 77 27 33 1 26 29 84
split_gain=372.477 407.438 385.403 385.159 334.431 315.615 305.287 303.278 284.948 259.379 254.481 249.432 242.475 235.392 232.705 229.113 227.196 224.608 212.474 210.99 216.529 200.808 196.236 190.758 187.663 187.064 184.196 183.295 275.482 336.541 181.9
threshold=0.059598292638332252 -0.038036481840933493 -0.051338700243623546 0.0038736892086856504 0.007598675725462801 -0.032313117803912945 -0.0020277172659879995 0.078341753147452911 -0.0092905165004923494 0.044732953519951955 -0.0017118276003283497 -0.041083868429181748 -0.024332555525317694 0.016008104383675701 -0.012009686902190298 0.16592531415438058 -0.0011303825497638498 0.083771768152973214 0.057180107756335558 0.0050788099949023004 -0.042063955245367997 -0.93924999999999992 -0.071648425880399144 -0.039665300985165637 -0.011582118987737549 -0.012285018740445899 -0.07606565086468968 0.020873159494971753 -0.063316975008989293 -0.032909073030947249 0.027751696881288354
decision_type=2 2 2 2 2 2 2 2 2 2 2 2 2 2 2 2 2 2 2 2 2 2 2 2 2 2 2 2 2 2 2
left_child=1 27 8 4 5 17 24 13 -3 10 -2 26 -12 14 16 -8 -5 25 -16 20 -15 -11 -10 -13 -7 -4 -6 -1 -29 -30 -24
right_child=9 2 3 7 11 6 15 -9 22 21 12 23 -14 19 18 -17 -18 -19 -20 -21 -22 -23 30 -25 -26 -27 -28 28 29 -31 -32
leaf_value=0.0086994066670213199 0.0052009311812167463 0.03033583657489685 -0.061606667767382335 -0.0063291703470314473 -0.141510186590524 0.018190557744432921 -0.029480641253493815 0.031308033703185315 -0.042799272121946529 -0.096026241080963651 0.0090525603800975622 -0.020185263963645981 -0.028904628696350815 0.038154294816360262 0.006135760945986184 -0.0051418798752446019 -0.039325513842895843 0.08892007884918636 -0.039523055138785797 0.027658685925661119 -0.0053177792618324679 -0.027844925451346491 0.015627712320449336 0.010844377359150557 -0.0074351041485762196 -0.023203232051614946 -0.017705922057162947 -0.03060132930616398 0.074840630060355601 0.020837265159052449 -0.024259293810114158
leaf_weight=8139 5699 4727 1621 6033 89 3148 6626 2711 616 370 1607 1631 4794 994 13117 4756 1985 99 772 4011 4674 1889 4125 10810 5833 2068 2537 473 1204 2633 1020
leaf_count=8139 5699 4727 1621 6033 89 3148 6626 2711 616 370 1607 1631 4794 994 13117 4756 1985 99 772 4011 4674 1889 4125 10810 5833 2068 2537 473 1204 2633 1020
internal_value=-6.98886e-07 0.00189131 -0.000224839 -0.00238915 -0.0081149 -0.0142846 -0.0101125 0.00415752 0.0149437 -0.0127111 -0.00779662 0.00177315 -0.019372 0.00182648 -0.00302645 -0.0193126 -0.0145009 -0.0367062 0.00359617 0.0128125 0.00230254 -0.0390242 0.00231024 0.00677463 0.00154484 -0.0400848 -0.0219135 0.0161722 0.0302785 0.0377894 0.00771573
internal_weight=110811 96452 84003 73515 39218 24151 20363 34297 10488 14359 12100 15067 6401 31586 21907 11382 8018 3788 13889 9679 5668 2259 5761 12441 8981 3689 2626 12449 4310 3837 5145
internal_count=110811 96452 84003 73515 39218 24151 20363 34297 10488 14359 12100 15067 6401 31586 21907 11382 8018 3788 13889 9679 5668 2259 5761 12441 8981 3689 2626 12449 4310 3837 5145
is_linear=0
shrinkage=0.0845865


Tree=78
num_leaves=32
num_cat=0
split_feature=15 3 17 1 20 62 30 59 41 21 21 61 69 33 4 87 14 63 60 18 12 14 85 21 26 88 0 25 75 13 66
split_gain=362.095 409.322 437.055 524.405 545.913 432.675 394.835 397.32 352.793 349.412 344.994 314.218 276.888 288.933 271.975 265.822 245.804 243.417 232.557 232.07 250.965 226.739 225.828 224.02 245.161 218.749 217.92 287.085 212.492 208.627 204.582
threshold=0.086436990967349567 -0.018201141239484946 -0.026901154628805445 -0.021189410923942498 0.019625006048229605 -0.03602277853874189 0.064317477942118659 -0.022065072575168196 0.05025244963363721 0.0036769627243127506 -0.045826648680994099 0.033853269422661154 0.0081625489050599024 0.058810840931736108 1.0000000180025095e-35 0.055562651683047005 0.0072736716998866502 -0.052886120383337842 0.0081432935882833016 0.014173952103401551 0.033487169767592313 0.041290831245727404 -0.039121300936342293 0.094691000577307102 -0.097288285728082832 0.0052155752221758013 0.20883018170901521 -0.022283025948088196 0.0040186494672015006 -0.027634569102666148 0.025309124703368453
decision_type=2 2 2 2 2 2 2 2 2 2 2 2 2 2 2 2 2 2 2 2 2 2 2 2 2 2 2 2 2 2 2
left_child=1 5 10 4 14 -1 7 30 9 12 -3 17 13 21 19 -6 -16 -9 -14 20 -4 -7 -8 24 25 -12 27 -10 -24 -20 -5
right_child=-2 2 3 6 15 8 22 11 26 -11 23 -13 18 -15 16 -17 -18 -19 29 -21 -22 -23 28 -25 -26 -27 -28 -29 -30 -31 -32
leaf_value=0.013063761663668162 0.020927831899315144 -0.038695827339310609 0.011441157058622597 0.0092762533108420413 0.00043821068355171249 -0.024402908776708226 0.039038957777715738 0.03947527856090207 -0.15183756703952958 0.00068617039062195378 -0.019136073096772069 -0.037651049991386486 0.0085673207640916925 0.023899884253459128 0.01943564135599913 -0.088337957095510802 0.047272401836735339 -0.0051455409399450069 -0.061360197504376074 0.033964832138270777 -0.032776530588652215 -0.056801072089992369 -0.022197531112499575 0.057390305480217611 -0.0046440567789471443 -0.19771749719853643 -0.017346969051712353 -0.048488572979950531 -0.082469725800979984 -0.0079729726941950088 0.045729289891376299
leaf_weight=5538 5615 2399 6510 3666 10366 5835 227 941 237 12167 110 2039 3663 694 4699 247 4397 12402 777 2731 1069 2105 884 411 14800 89 1183 1027 797 1610 1576
leaf_count=5538 5615 2399 6510 3666 10366 5835 227 941 237 12167 110 2039 3663 694 4699 247 4397 12402 777 2731 1069 2105 884 411 14800 89 1183 1027 797 1610 1576
internal_value=-7.01769e-07 -0.00111801 0.00259442 0.00647558 0.0137963 -0.00861678 -0.00327675 0.000128019 -0.0127157 -0.0099125 -0.00885694 -0.00672468 -0.0186958 -0.0284193 0.0222319 -0.00162644 0.0328945 -0.00199693 -0.0048157 0.0128227 0.00520131 -0.0329952 -0.0400895 -0.00421015 -0.00589978 -0.0991504 -0.043465 -0.0678903 -0.0507887 -0.0253614 0.0202403
internal_weight=110811 105196 70360 52551 30019 34836 22532 20624 29298 26851 17809 15382 14684 8634 19406 10613 9096 13343 6050 10310 7579 7940 1908 15410 14999 199 2447 1264 1681 2387 5242
internal_count=110811 105196 70360 52551 30019 34836 22532 20624 29298 26851 17809 15382 14684 8634 19406 10613 9096 13343 6050 10310 7579 7940 1908 15410 14999 199 2447 1264 1681 2387 5242
is_linear=0
shrinkage=0.0845865


Tree=79
num_leaves=32
num_cat=0
split_feature=28 21 74 60 14 49 18 1 11 55 79 15 7 1 12 51 21 90 10 75 10 46 36 33 33 8 55 54 10 1 75
split_gain=368.912 471.156 408.478 421.9 359.507 302.297 292.67 295.087 275.483 275.342 270.823 265.247 263.32 260.645 330.835 258.755 337.397 285.379 257.812 237.228 232.803 241.171 221.722 217.693 215.072 211.536 225.737 210.248 204.263 199.09 197.305
threshold=0.025985087069816552 -0.073118113585582525 -0.0059262154210305484 0.057569225082806659 -0.011413441497185099 0.063750330099301866 0.011985946290505251 -0.019854513424471146 -0.17604839349501017 -0.0018342075603085997 -0.074134989934320647 0.077906462644233315 0.10822796859505861 -0.025267383403437347 0.020094401802819305 0.0098202662283370015 0.014218486568828952 -0.030825041544852699 -0.0081548281396235985 0.078956990969258414 -0.018152093969390746 0.047538814883560855 -0.021795001419732497 0.072158077994653971 0.02671461560146365 0.045374736574412607 0.04537037190296226 -0.071340207274101328 -0.026396475006964248 0.12901585534148372 0.043160904501573706
decision_type=2 2 2 2 2 2 2 2 2 2 2 2 2 2 2 2 2 2 2 2 2 2 2 2 2 2 2 2 2 2 2
left_child=1 4 8 5 -1 10 9 -8 -3 22 19 12 13 14 -10 17 -17 -12 -15 -4 21 27 -2 28 25 26 -6 -9 -24 -11 -22
right_child=6 2 3 -5 24 -7 7 20 11 29 15 -13 -14 18 -16 16 -18 -19 -20 -21 30 -23 23 -25 -26 -27 -28 -29 -30 -31 -32
leaf_value=-0.0043900222095866913 -0.016909422687389167 -0.13104401200496557 0.0088364215089429109 -0.042012717718826822 -0.096868095994551484 0.026125417213524467 0.0082674210779545305 0.096796431201883096 0.020341009849327431 0.019993788720559128 0.019664725439116886 0.036764631635179922 -0.032026346145244723 -0.015891938481290599 -0.0047795223986582596 -0.025458853737122193 0.001516708004123747 -0.0059921508909561091 0.008647751465744577 0.1007469591797466 0.0071513122263014263 0.05575545148758089 -0.018161994464932864 0.076042017270222625 -0.012089970869373986 -0.0069748089232249642 0.023917816440136925 -0.054514038117679187 0.018089124773584056 0.054887897994248147 -0.079361570660723593
leaf_weight=2003 2515 105 610 2297 1165 2148 6979 68 12083 7599 3651 1906 1368 6085 5438 9792 5015 20613 6167 300 2017 171 1490 367 634 305 122 1826 4380 1384 208
leaf_count=2003 2515 105 610 2297 1165 2148 6979 68 12083 7599 3651 1906 1368 6085 5438 9792 5015 20613 6167 300 2017 171 1490 367 634 305 122 1826 4380 1384 208
internal_value=-6.85343e-07 -0.00290694 -0.00140786 -0.00671023 -0.030401 -0.00478486 0.00819578 -0.00246203 0.00569705 0.014969 -0.00644611 0.00613242 0.0042568 0.00592471 0.0125431 -0.00750905 -0.0163211 -0.00213064 -0.00353826 0.0391651 -0.0199216 -0.0403751 0.00428834 0.0128396 -0.0537958 -0.0703903 -0.0854011 -0.0490671 0.00888366 0.0253726 -0.000928733
internal_weight=110811 81807 77578 44426 4229 42129 29004 11269 33152 17735 39981 33047 31141 29773 17521 39071 14807 24264 12252 910 4290 2065 8752 6237 2226 1592 1287 1894 5870 8983 2225
internal_count=110811 81807 77578 44426 4229 42129 29004 11269 33152 17735 39981 33047 31141 29773 17521 39071 14807 24264 12252 910 4290 2065 8752 6237 2226 1592 1287 1894 5870 8983 2225
is_linear=0
shrinkage=0.0845865


Tree=80
num_leaves=32
num_cat=0
split_feature=88 68 63 46 44 0 3 24 62 1 32 65 10 74 83 13 66 84 77 8 24 40 74 12 34 5 69 4 29 15 99
split_gain=355.19 415.099 319.664 322.947 292.434 289.689 315.163 278.301 261.98 287.173 362.705 279.318 264.059 258.304 247.26 239.527 236.867 233.915 233.568 232.237 225.717 228.682 220.589 220.257 207.107 204.101 197.881 196.304 195.338 230.268 193.636
threshold=0.015385459146296602 0.010737218381101652 0.015789681107620152 -0.011022206823259698 -0.006808021160454549 0.087256318932523072 -0.070993857370241539 0.0020836027717366008 -0.019383401282804146 -0.0080622643473773469 -0.00036765224675204994 -0.025805917431758144 -0.025387910651976448 0.040515401929332361 0.0057027582276361006 0.08718084449706627 0.023516822105500254 0.0064632160607309011 -0.0019938330281555994 0.0029912677480870508 -0.065400800889376831 -0.035383198099642243 0.011156660374581202 0.065667058978437914 0.066978959607838215 -0.017626677465501745 0.006200692904173701 0.054247877551978206 0.024257736461423252 -0.019352198403562098 -0.016251957589495349
decision_type=2 2 2 2 2 2 2 2 2 2 2 2 2 2 2 2 2 2 2 2 2 2 2 2 2 2 2 2 2 2 2
left_child=1 2 15 16 -5 7 -7 -2 -3 11 12 26 -11 14 18 20 17 -4 -8 -15 -1 22 -22 24 -23 -25 -10 -16 29 -12 -14
right_child=5 8 3 4 -6 6 13 -9 9 10 28 -13 30 19 27 -17 -18 -19 -20 -21 21 23 -24 25 -26 -27 -28 -29 -30 -31 -32
leaf_value=0.028581554094475162 0.00088688386775348667 0.02346913842437617 -0.019399422379706651 -0.0195891013766336 0.011253064908250357 -0.026942237056936678 0.020825955204331628 -0.061250913691303095 -0.028363557086653706 -0.056883526395653368 -0.007771888081462933 0.019108842987396263 0.033019194816073918 -0.04281363181810343 -0.014182447202724215 0.035481747091374444 0.0032016436251837781 -0.058741041963299073 -0.0011600083641729998 0.0010872922760389856 -0.0029736420756318271 0.0068723697215590527 -0.039423358160981761 0.0079519808132357799 -0.03456655902894494 -0.045204962658926082 0.020819721265019967 0.018270458990306129 -0.018861351646889946 0.047557523325580463 -0.024771770340958121
leaf_weight=2041 842 8708 2376 3861 5111 4138 6142 1328 1730 1345 890 10726 574 1948 8336 1543 1350 1988 7905 1545 3101 21978 1927 881 898 1248 884 1587 1027 1359 1494
leaf_count=2041 842 8708 2376 3861 5111 4138 6142 1328 1730 1345 890 10726 574 1948 8336 1543 1350 1988 7905 1545 3101 21978 1927 881 898 1248 884 1587 1027 1359 1494
internal_value=-5.76705e-07 0.00316992 -0.00161878 -0.0120299 -0.00201719 -0.00723388 -0.00518013 -0.0371312 0.0112198 0.00589305 -0.00840841 0.0130657 -0.0277075 -0.00190028 0.00123044 0.00292884 -0.0277478 -0.0373268 0.00845181 -0.0233899 0.00136207 -0.000487077 -0.0169477 0.00282201 0.00524465 -0.0231986 -0.0117225 -0.00898997 0.0116914 0.0256529 -0.0087203
internal_weight=110811 77040 48303 14686 8972 33771 31601 2170 28737 20029 6689 13340 3413 27463 23970 33617 5714 4364 14047 3493 32074 30033 5028 25005 22876 2129 2614 9923 3276 2249 2068
internal_count=110811 77040 48303 14686 8972 33771 31601 2170 28737 20029 6689 13340 3413 27463 23970 33617 5714 4364 14047 3493 32074 30033 5028 25005 22876 2129 2614 9923 3276 2249 2068
is_linear=0
shrinkage=0.0845865


Tree=81
num_leaves=32
num_cat=0
split_feature=24 68 15 62 51 100 17 93 0 28 67 29 21 0 92 88 1 77 73 9 55 17 32 93 22 38 97 95 65 95 40
split_gain=340.204 360.573 383.554 337.125 385.215 330.244 304.847 294.115 320.656 278.227 267.789 265.487 245.817 244.724 238.202 229.936 217.244 215.948 215.547 197.083 186.624 185.131 175.852 228.372 196.912 175.28 174.427 168.676 168.456 220.318 162.97
threshold=0.07645789768128107 0.035371000782734759 -0.11688891795680724 0.031714432773878358 0.0098202662283370015 -0.96934999999999993 -0.031964267460000591 0.025107635154465752 0.093523567680457165 0.0058575547579283503 -0.014149128090135148 0.049306227442197106 -0.034863905867948644 0.15099113442536385 -0.012858306854553048 0.060506198516617156 -0.03212242909321824 0.032052410168889808 -0.04939429606391154 0.097911686297019365 0.035359718766010802 -0.085978324766005823 0.010844066713332401 -0.0056344364746750992 0.12321720280708771 -0.071304999184034226 0.06403979809442302 -0.0099656077418472985 -0.0066489026001028987 0.044814772300691204 0.020853245433636505
decision_type=2 2 2 2 2 2 2 2 2 2 2 2 2 2 2 2 2 2 2 2 2 2 2 2 2 2 2 2 2 2 2
left_child=1 2 -1 4 5 -4 12 8 10 22 -6 -8 -7 14 15 19 27 -10 -2 21 25 -3 23 -5 -24 -20 -25 -9 29 -11 -18
right_child=18 13 3 9 7 6 11 16 17 28 -12 -13 -14 -15 -16 -17 30 -19 20 -21 -22 -23 24 26 -26 -27 -28 -29 -30 -31 -32
leaf_value=-0.047620519657049921 0.026712543143085132 -0.25197230642643786 -0.03896460367868481 -0.010875603923144244 -0.071435531038206476 -0.030987522491248091 0.014236305873907798 0.016922993391659882 0.0057485167074332157 -0.0079665400495860308 -0.011387558145818048 -0.0089507052505888238 0.0017118802783149811 0.020247135380330513 0.010952233604197736 -0.1774824811954103 -0.056237648591256365 -0.018634439229936246 0.025408424057365153 -0.26359042099963687 0.0082349476385529096 -0.015231510929218864 -0.0042858988755771436 -0.044376473701842369 -0.22186291520048654 -0.037250280368261987 -0.18054144667559269 -0.0252765542614636 0.011985558158840597 -0.093653295734094338 -0.012285262103704757
leaf_weight=1239 646 24 1100 2075 776 2087 31265 1203 17017 2383 1689 3982 7759 10566 2737 73 1717 3067 346 24 990 1364 2990 2843 30 4094 69 1551 3936 236 933
leaf_count=1239 646 24 1100 2075 776 2087 31265 1203 17017 2383 1689 3982 7759 10566 2737 73 1717 3067 346 24 990 1364 2990 2843 30 4094 69 1551 3936 236 933
internal_value=-5.55558e-07 0.00112812 -0.000884051 -0.000230999 0.00207966 0.00682267 0.00794013 -0.00575751 -0.00150891 -0.0119977 -0.0303012 0.0116162 -0.00521722 0.0133684 -0.00384126 -0.0311207 -0.0234812 0.00202392 -0.0194595 -0.0235308 -0.0249567 -0.0193522 -0.0225767 -0.0323326 -0.00645913 -0.0323623 -0.0476143 -0.00683528 0.000921451 -0.0156981 -0.0407718
internal_weight=110811 104735 89947 88708 74146 46193 45093 27953 22549 14562 2465 35247 9846 14788 4222 1485 5404 20084 6076 1412 5430 1388 8007 4987 3020 4440 2912 2754 6555 2619 2650
internal_count=110811 104735 89947 88708 74146 46193 45093 27953 22549 14562 2465 35247 9846 14788 4222 1485 5404 20084 6076 1412 5430 1388 8007 4987 3020 4440 2912 2754 6555 2619 2650
is_linear=0
shrinkage=0.0845865


Tree=82
num_leaves=32
num_cat=0
split_feature=11 33 90 3 28 20 93 1 19 9 0 96 39 1 90 65 15 60 22 15 10 10 38 49 15 60 3 94 55 88 32
split_gain=350.241 371.926 373.512 390.147 374.54 332.158 323.606 273.926 340.224 265.292 269.478 297.016 248.812 244.63 236.052 231.648 242.461 257.024 223.188 220.728 215.138 206.015 204.87 202.945 195.676 229.066 195.178 191.074 187.502 178.021 176.514
threshold=0.071834311008968615 0.03603499465970026 0.031173226128371801 -0.018201141239484946 0.035034385344793105 0.013175628788399651 -0.080589814144033892 -0.078638157427229433 0.037432685410034409 0.015603870952009753 0.13570511280436789 -0.029628576166129548 0.014367112691130201 0.16684267536704997 0.096167893736937474 0.060631565623434809 0.083956405294052558 0.0081432935882833016 0.10932420719646672 -0.10510920546429559 -0.10871470502633969 -0.038532120195275292 0.016667262671614703 -0.020226363520222047 -0.0030590357167551998 -0.051455322096664792 -0.052824085630567695 -0.019417676340574345 -0.022801985983536496 -0.058822606102218296 -0.051868003185496288
decision_type=2 2 2 2 2 2 2 2 2 2 2 2 2 2 2 2 2 2 2 2 2 2 2 2 2 2 2 2 2 2 2
left_child=1 2 3 4 15 7 -7 -5 12 10 11 -4 -9 22 27 16 17 -1 20 -2 28 -10 -8 29 25 -11 -25 -13 -3 30 -22
right_child=19 18 9 5 -6 6 13 8 21 24 -12 14 -14 -15 -16 -17 -18 -19 -20 -21 23 -23 -24 26 -26 -27 -28 -29 -30 -31 -32
leaf_value=-0.012152589917276085 -0.069979034833432138 -0.12689937306255719 0.017053954402907291 0.024016728571572599 0.010760555642506244 0.092716089758572456 -0.0035921724701486139 0.015827629861565846 -0.061549570383025692 0.042807126653558569 0.0020397876785517442 -0.091335792436318189 -0.0046404798097536525 0.029823191618649377 -0.22068349682397892 0.027652814212451252 0.020005502156898405 -0.034086483255228936 -0.057587544572841771 0.017933523565591539 -0.086021323072101696 -0.0097285473025899658 -0.023528911884116488 -0.0025199136472402964 -0.017549938761482642 -0.061027478522260432 0.0244828852615116 -0.027496151666540392 -0.0066036632370307762 -0.0051462591981809242 0.08664212533589187
leaf_weight=9606 209 145 682 6432 4681 236 12599 12571 663 165 5837 442 6417 1213 55 825 1109 6354 345 8879 50 3198 5216 2420 2533 1892 9156 1399 258 4952 272
leaf_count=9606 209 145 682 6432 4681 236 12599 12571 663 165 5837 442 6417 1213 55 825 1109 6354 345 8879 50 3198 5216 2420 2533 1892 9156 1399 258 4952 272
internal_value=-7.62695e-07 -0.00142236 -0.00376186 -0.00135135 -0.0105386 0.0029206 -0.00570494 0.00859608 0.00425418 -0.0169425 -0.00801649 -0.0307932 0.00890931 -0.00692708 -0.0480153 -0.0161116 -0.0182282 -0.0208864 0.00976008 0.0159089 0.0111083 -0.0186335 -0.00943065 0.0125701 -0.0333017 -0.052687 0.018836 -0.0428375 -0.0499528 -0.00117916 0.0597527
internal_weight=110811 101723 84125 71120 22575 48545 19264 29281 22849 13005 8415 2578 18988 19028 1896 17894 17069 15960 17598 9088 17253 3861 17815 16850 4590 2057 11576 1841 403 5274 322
internal_count=110811 101723 84125 71120 22575 48545 19264 29281 22849 13005 8415 2578 18988 19028 1896 17894 17069 15960 17598 9088 17253 3861 17815 16850 4590 2057 11576 1841 403 5274 322
is_linear=0
shrinkage=0.0845865


Tree=83
num_leaves=32
num_cat=0
split_feature=34 42 11 48 7 28 2 21 90 73 26 69 62 2 41 69 64 91 54 9 22 31 94 21 9 62 55 20 30 48 51
split_gain=325.148 379.281 361.765 317.282 312.071 305.96 335.981 285.668 311.09 266.768 243.265 232.247 274.363 230.986 239.006 220.6 218.769 205.31 204.283 240.139 199.981 198.041 196.553 202.202 196.153 194.417 188.335 178.336 174.721 174.368 238.059
threshold=-0.029403871826759496 0.019577439273176105 -0.096374697003733731 -0.013507840439826299 0.15998967271130632 0.021199700384649803 0.0016242956919783503 0.05287311430924841 -0.015804475833406249 -0.028637250471335196 0.061723031694539805 -0.0052265506205236489 0.0077264098060446009 -0.014558113520469448 0.017244080251782052 -0.040005523911943341 0.070611935391769715 0.056117566137694704 0.034117542639593157 0.07926248906008336 0.038807683360911706 -0.11146397844828725 0.010036910268131001 -0.061735943666993691 -0.0043582996407434986 -0.0035713249539449997 0.022370712944830801 0.090004057175260818 0.065842350269431624 -0.08709505758592638 0.042834342564978305
decision_type=2 2 2 2 2 2 2 2 2 2 2 2 2 2 2 2 2 2 2 2 2 2 2 2 2 2 2 2 2 2 2
left_child=9 2 13 18 10 6 20 8 -8 -1 11 12 16 -2 -15 -7 24 26 22 21 -5 -20 23 -4 -3 -22 -11 -16 -14 -13 -31
right_child=1 4 3 5 -6 15 7 -9 -10 17 -12 29 28 14 27 -17 -18 -19 19 -21 25 -23 -24 -25 -26 -27 -28 -29 -30 30 -32
leaf_value=0.026484070354699303 0.0026566690382472413 -0.00033206468098421842 -0.039952892314080564 0.0069946752462085897 -0.084486797659505716 -0.024078043926749351 0.00072131338515649482 0.023568267241217973 -0.029132981271888934 0.0012263471115636661 0.023751114249663037 0.043454073509789831 -0.035061253940995192 -0.07908387342013766 -0.028526340867373535 0.013960068986545417 0.055335367940746505 -0.037752081417772358 -0.19585759952974977 -0.067738300420537079 0.0049902693681419721 0.043018115172437164 0.019661089887499497 0.0043047016178756076 -0.031027784622802233 -0.043145382739278294 0.021390100291914474 0.10360628329936657 -0.12300887983941824 -0.0021357491730355587 -0.034420503171896197
leaf_weight=4842 962 3300 802 11744 405 1221 3553 1168 8394 13769 1471 518 3791 883 606 10205 342 798 25 156 1165 2369 6484 9332 2717 1237 4366 83 169 12043 1891
leaf_count=4842 962 3300 802 11744 405 1221 3553 1168 8394 13769 1471 518 3791 883 606 10205 342 798 25 156 1165 2369 6484 9332 2717 1237 4366 83 169 12043 1891
internal_value=-8.05263e-07 -0.00239575 0.00131311 0.00268361 -0.0108018 -0.00172511 -0.00659556 -0.0163483 -0.0202527 0.00876576 -0.00966356 -0.0116488 -0.0213421 -0.0299683 -0.0499463 0.00989328 -0.0104531 0.00423321 0.0115829 0.0338772 0.00244494 0.0405093 0.00816044 0.000799836 -0.0141966 -0.0197906 0.006082 -0.0125697 -0.0388219 -0.00472599 -0.00651882
internal_weight=110811 87036 60389 57855 26647 38687 27261 13115 11947 23775 26242 24771 10319 2534 1572 11426 6359 18933 19168 2550 14146 2394 16618 10134 6017 2402 18135 689 3960 14452 13934
internal_count=110811 87036 60389 57855 26647 38687 27261 13115 11947 23775 26242 24771 10319 2534 1572 11426 6359 18933 19168 2550 14146 2394 16618 10134 6017 2402 18135 689 3960 14452 13934
is_linear=0
shrinkage=0.0845865


Tree=84
num_leaves=32
num_cat=0
split_feature=60 80 67 74 71 3 6 19 68 6 87 78 0 51 5 77 12 42 0 7 11 82 84 95 51 70 94 75 84 89 0
split_gain=313.289 367.645 333.335 383.426 325.345 283.032 269.747 260.25 376.96 255.078 243.874 225.882 219.807 386.785 216.977 214.995 214.962 213.867 240.856 207.968 198.205 196.806 262.174 196.637 195.783 215.858 195.201 202.732 194.245 194.194 205.555
threshold=-0.013683795345765248 0.029399021576866451 -0.0066774130046325991 0.024314826783759003 0.0051888936005746013 -0.018201141239484946 0.034837507984800904 -0.015314089596468747 -0.028922918696650396 -0.018712630090448695 -0.026719083324334345 -0.00088245898785999988 0.070343430994422321 -0.012779377108434149 0.11842191813129797 -0.026695172247053596 0.038180784966998553 0.11831861655590166 0.084523903549994714 -0.0029006298167118497 -0.025956082040251498 -0.0051160476305538993 -0.032258548897228893 0.075649031410353368 0.038941693516315511 0.016833404555660302 -0.080246412530558892 0.068686293271831053 -0.0070090883488303493 -0.0036548900845497995 0.20970399384272578
decision_type=2 2 2 2 2 2 2 2 2 2 2 2 2 2 2 2 2 2 2 2 2 2 2 2 2 2 2 2 2 2 2
left_child=6 2 5 7 20 29 17 10 -9 15 -4 -6 13 -12 21 -7 24 23 -19 -18 -3 -8 -23 -1 25 -11 -22 -28 -13 -2 -31
right_child=1 4 3 -5 11 9 14 8 -10 16 12 28 -14 -15 -16 -17 19 18 -20 -21 26 22 -24 -25 -26 -27 27 -29 -30 30 -32
leaf_value=0.0042776720169495847 -0.035363205514247903 -0.027359030965848376 0.04944691815837355 -0.01259634579884728 -0.011382599158421923 0.04626800501323837 0.036267210599681 -0.026540219396151886 0.0084452921109861509 -0.0070801511646414184 0.099407903332742867 -0.02345050919770069 0.017261940821978544 -0.096101910829812162 -0.048465479158502481 0.004724203348895316 -0.0053123048609279491 -0.25457782054878114 -0.037321570814644531 -0.059089172945109507 -0.17230926346501541 0.050407962740540109 0.00047485114580941102 -0.037067625265649336 -0.03563708411344349 0.025353955959571597 0.00043660148423785457 0.068653970749199295 -0.065892362004281335 -0.024728448281284746 0.012947128498707059
leaf_weight=28910 3678 2100 1693 7076 2182 1103 3733 2607 14232 5597 96 1401 8232 293 327 4651 970 41 334 1098 45 937 3821 847 1178 1990 5340 331 1723 2451 1794
leaf_count=28910 3678 2100 1693 7076 2182 1103 3733 2607 14232 5597 96 1401 8232 293 327 4651 970 41 334 1098 45 937 3821 847 1178 1990 5340 331 1723 2451 1794
internal_value=-7.44147e-07 -0.00331216 -0.000452184 0.00493946 -0.0161128 -0.00798265 0.00610812 0.00951005 0.00302752 -0.00169908 0.0200915 -0.0322787 0.0143239 -0.0477892 0.0191207 0.012692 -0.00934496 0.0022993 -0.0611725 -0.0338763 -0.00513549 0.0217264 0.0103133 0.00310003 -0.00355444 0.00142435 0.00302571 0.00442277 -0.0468665 -0.0211347 -0.00880122
internal_weight=110811 71861 58739 34229 13122 24510 38950 27153 16839 16587 10314 5306 8621 389 8818 5754 10833 30132 375 2068 7816 8491 4758 29757 8765 7587 5716 5671 3124 7923 4245
internal_count=110811 71861 58739 34229 13122 24510 38950 27153 16839 16587 10314 5306 8621 389 8818 5754 10833 30132 375 2068 7816 8491 4758 29757 8765 7587 5716 5671 3124 7923 4245
is_linear=0
shrinkage=0.0845865


Tree=85
num_leaves=32
num_cat=0
split_feature=93 66 39 0 28 69 60 93 42 90 1 97 97 1 100 10 89 74 3 63 20 33 95 32 36 75 4 9 1 13 90
split_gain=326.176 336.957 327.056 353.241 314.28 293.614 286.27 316.629 252.183 252.068 249.445 238.627 233.828 231.229 252.775 227.793 223.943 234.009 213.016 208.416 256.383 204.624 203.227 199.053 196.03 189.573 236.01 230.646 189.396 184.839 177.366
threshold=-0.026746083979944994 -0.020409336511506046 0.014367112691130201 0.1612060768927123 -0.066152099884724785 0.045138791043896155 0.0098451492553474507 0.055101418569298004 0.061403354557362108 -0.014258393433862999 0.16684267536704997 0.0029172572515917005 0.026566755231520554 -0.11350959996507208 -0.97464999999999991 -0.13077219256575959 -0.014581703166672099 0.0059884197344395006 -0.15018081743147496 -0.042781752915602288 0.042243451051296461 0.074300406124466561 0.045883088474423406 0.020713470777212053 0.023815485564796905 -0.0096010299279533969 -0.071280773878811834 -0.062498563223895597 0.0044119012768936506 -0.0080957104341565483 -0.015510276593432999
decision_type=2 2 2 2 2 2 2 2 2 2 2 2 2 2 2 2 2 2 2 2 2 2 2 2 2 2 2 2 2 2 2
left_child=9 8 5 4 24 13 23 -8 15 -1 11 21 -6 18 -15 -2 17 29 -3 -16 -21 -11 -18 -5 -4 26 -14 -27 -25 -17 -24
right_child=1 2 3 6 12 -7 7 -9 -10 10 -12 -13 25 14 19 16 22 -19 -20 20 -22 -23 30 28 -26 27 -28 -29 -30 -31 -32
leaf_value=0.022638116212308677 -0.077684773546854949 -0.094556558705653104 -0.048601844699599203 0.0024940902838536025 -0.0099505531382003461 0.027868918396433837 -0.0074608229488014955 -0.082961067805289154 -0.044209244191467052 0.0063641963259522009 0.036121871370585805 -0.014228814949290314 0.10994833210432252 -0.055835250677998549 0.02142320199252969 -0.031525063494544661 0.0012354225012438549 -0.040710631907966387 0.026451068643806801 0.002951924529216421 -0.018136304218026412 0.07939468904286931 0.020915864482595147 0.0085198138180152504 -0.160752169382815 0.07273844658332379 -0.10044449842200646 -0.041576699663234226 0.053328734588392303 0.0070472465931476352 -0.051273561493957821
leaf_weight=6971 337 107 371 5716 8121 3743 4973 432 1533 6839 1454 5438 41 552 3502 1429 13428 2548 3657 26476 4886 286 322 1387 160 151 523 767 1317 2350 994
leaf_count=6971 337 107 371 5716 8121 3743 4973 432 1533 6839 1454 5438 41 552 3502 1429 13428 2548 3657 26476 4886 286 322 1387 160 151 523 767 1317 2350 994
internal_value=-7.58118e-07 -0.00221929 0.000814631 -0.00710212 -0.0190984 0.00523415 0.00168994 -0.0135001 -0.0110653 0.00949292 0.0029539 -0.00088333 -0.0155926 0.00307118 0.000952098 -0.00869074 -0.00758603 -0.020898 0.0230039 0.00185193 -0.000332839 0.00929937 -0.00187201 0.0114434 -0.0824507 -0.0464935 -0.0851011 -0.0227461 0.0303529 -0.00753324 -0.0335938
internal_weight=110811 89823 66882 23959 10134 42923 13825 5405 22941 20988 14017 12563 9603 39180 35416 21408 21071 6327 3764 34864 31362 7125 14744 8420 531 1482 564 918 2704 3779 1316
internal_count=110811 89823 66882 23959 10134 42923 13825 5405 22941 20988 14017 12563 9603 39180 35416 21408 21071 6327 3764 34864 31362 7125 14744 8420 531 1482 564 918 2704 3779 1316
is_linear=0
shrinkage=0.0845865


Tree=86
num_leaves=32
num_cat=0
split_feature=38 21 3 40 1 95 80 21 65 69 2 0 89 74 28 70 82 11 27 28 8 3 74 64 38 42 13 2 17 28 39
split_gain=315.806 333.441 331.864 327.323 355.404 292.656 293.156 321.447 279.102 282.224 267.792 244.675 241.218 239.157 234.876 234.454 234.348 221.587 227.955 219.292 254.926 217.903 212.825 252.437 206.523 205.006 204.519 203.391 201.749 284.193 207.551
threshold=0.017059647172344952 -0.073118113585582525 0.065915943949659675 0.0058899394643095512 0.12596055925824673 0.034514301375608507 -0.0038802643550189995 -0.010575273451671998 -0.029268708180091699 0.023512430994803702 -0.047546432020394942 0.15574706018834214 -0.021128856975206747 0.027673106704240204 0.0015916102490158002 0.089779402464012364 -0.084710232634972085 -0.077769624999195638 0.0095924375200772526 0.028179736554657605 -0.031730159230463496 0.087245703818664602 0.013214223550092602 0.012901735875874202 0.093995440246751411 0.0092229661302544019 -0.080923594925316936 -0.10679924247926829 0.012242610913703203 -0.03594534127811929 0.0034696410154656503
decision_type=2 2 2 2 2 2 2 2 2 2 2 2 2 2 2 2 2 2 2 2 2 2 2 2 2 2 2 2 2 2 2
left_child=1 19 5 8 17 6 11 10 12 14 -8 28 -3 26 22 16 -12 18 27 20 21 -1 -10 -24 -13 -4 -7 -5 29 -2 -31
right_child=2 3 25 4 -6 13 7 -9 9 -11 15 24 -14 -15 -16 -17 -18 -19 -20 -21 -22 -23 23 -25 -26 -27 -28 -29 -30 30 -32
leaf_value=-0.073454872424411705 -0.095844108087427382 -0.042245046894599493 0.020834396182203525 0.088829095162572896 0.033903144341053126 -0.10811377672378616 0.0022381086925052722 -0.0054044010947611023 -0.0019936305142591319 0.016676685138906702 0.12009981816501863 0.016505850062006375 -0.0064054374263091563 -0.069529092298767928 0.0067973454530200657 0.11045146945005252 -0.048192120669918598 0.0095221844719112145 0.016561843848704846 0.0065339259577954275 -0.014246072525602701 0.12281286507382606 -0.039893714101992821 0.0015631305641584214 -0.041867022178825875 -0.010982334925983727 -0.014014783438022 -0.054326242451986202 0.016800920500819928 0.010999181370789738 -0.045370521192755406
leaf_weight=1025 384 1849 4385 76 4198 177 1238 8556 9720 7860 60 6388 4923 957 12738 70 3828 24631 710 1567 1948 42 2791 1684 465 2163 2501 1049 956 977 895
leaf_count=1025 384 1849 4385 76 4198 177 1238 8556 9720 7860 60 6388 4923 957 12738 70 3828 24631 710 1567 1948 42 2791 1684 465 2163 2501 1049 956 977 895
internal_value=-6.96946e-07 0.00300344 -0.0067881 0.00440737 0.0110369 -0.0108699 -0.00745673 -0.0154854 -0.000482983 0.00257445 -0.032081 0.00351094 -0.0161944 -0.0332268 -0.00154032 -0.0428207 -0.0455875 0.00740903 -0.0209433 -0.0191228 -0.0324643 -0.0657021 -0.00902368 -0.0242884 0.0125416 0.0103211 -0.0202446 -0.0446317 -0.0157497 -0.0295528 -0.0159404
internal_weight=110811 76811 34000 72229 30664 27452 23817 13752 41565 34793 5196 10065 6772 3635 26933 3958 3888 26466 1835 4582 3015 1067 14195 4475 6853 6548 2678 1125 3212 2256 1872
internal_count=110811 76811 34000 72229 30664 27452 23817 13752 41565 34793 5196 10065 6772 3635 26933 3958 3888 26466 1835 4582 3015 1067 14195 4475 6853 6548 2678 1125 3212 2256 1872
is_linear=0
shrinkage=0.0845865


Tree=87
num_leaves=32
num_cat=0
split_feature=9 6 55 0 91 10 33 29 67 34 77 24 74 97 90 22 7 0 22 68 51 11 13 89 48 38 22 4 42 30 33
split_gain=302.7 325.287 326.052 275.119 330.522 264.976 279.396 249.86 249.145 246.854 242.538 264.605 235.129 233.596 226.261 220.46 257.777 236.106 222.48 218.455 218.237 212.787 207.074 236.196 206.931 206.307 204.915 198.933 186.853 186.155 184.092
threshold=0.034612091758803705 0.15112493867595647 0.010551932312396503 0.09913013319949647 0.052927809122010457 -0.081349174544859834 0.088434083245857109 0.049306227442197106 -0.0076879088746803492 -0.022424083604611896 0.020445857512576906 0.091931186692319714 0.047856220382585156 -0.022789219975026694 -0.026031854935708098 -0.0072608432599167994 -0.03538481254583959 0.21302536036341352 0.095429370441215702 0.030656170846301654 0.063271295327997662 0.095797142332051458 -0.018455167354295646 0.023995370955109552 -0.034069983965583646 -0.011865034972903348 0.022129736283845403 -0.015090170170945898 -0.039110540379160293 -0.0057477250633212991 -0.07390436115202928
decision_type=2 2 2 2 2 2 2 2 2 2 2 2 2 2 2 2 2 2 2 2 2 2 2 2 2 2 2 2 2 2 2
left_child=1 2 3 8 10 13 15 9 -1 -4 11 19 14 -2 -10 16 -7 -17 -19 -5 22 24 23 -11 -12 -16 -13 -15 -18 -20 -30
right_child=5 -3 7 4 -6 6 -8 -9 12 20 21 26 -14 27 25 17 28 18 29 -21 -22 -23 -24 -25 -26 -27 -28 -29 30 -31 -32
leaf_value=-0.033578269738788288 -0.082094783016879752 0.040400959393502973 0.026567110607937015 0.0039761592279991265 -0.029103195413820313 0.022629879195174719 0.043035686987765637 -0.010359905190228577 0.044500604475376862 -0.01313729500267931 0.013434009997781104 -0.064091561806638414 -0.093989702084380539 0.0088746750893676507 0.0152178001727794 -0.024878719563336107 0.028359055176225161 0.0040295400263907766 -0.1278124927068825 0.022145258261550789 -0.032239612295471683 0.053682110852600169 0.015994274805831297 0.028006680100449446 -0.016396987881356392 -0.021320751552442035 0.014979683102066285 -0.049169093882768813 -0.075215669792659201 -0.014760561021885358 -0.0089361115607936442
leaf_weight=3423 579 1582 6389 25926 2544 3055 821 4068 676 4389 2055 667 203 854 1754 7049 926 4831 171 5794 950 380 11381 1292 8724 2989 361 835 317 268 5558
leaf_count=3423 579 1582 6389 25926 2544 3055 821 4068 676 4389 2055 667 203 854 1754 7049 926 4831 171 5794 950 380 11381 1292 8724 2989 361 835 317 268 5558
internal_value=-6.25333e-07 0.00240169 0.00168545 -0.00208953 0.000538106 -0.00813598 -0.00541434 0.00904494 -0.0155861 0.0122809 0.00225607 0.00592627 -0.00462741 -0.0357213 -0.00127479 -0.00720922 0.00221802 -0.0147533 -0.00120572 0.00729565 0.00721221 -0.00851283 0.00941023 -0.00377617 -0.0107077 -0.00780398 -0.0363044 -0.0198089 -0.00694795 -0.0588579 -0.0125168
internal_weight=110811 85547 83965 55496 46451 25264 22996 28469 9045 24401 43907 32748 5622 2268 5419 22175 9856 12319 5270 31720 18012 11159 17062 5681 10779 4743 1028 1689 6801 439 5875
internal_count=110811 85547 83965 55496 46451 25264 22996 28469 9045 24401 43907 32748 5622 2268 5419 22175 9856 12319 5270 31720 18012 11159 17062 5681 10779 4743 1028 1689 6801 439 5875
is_linear=0
shrinkage=0.0845865


Tree=88
num_leaves=32
num_cat=0
split_feature=84 15 88 7 71 34 69 23 46 40 17 12 0 3 0 21 63 7 82 5 28 79 31 93 33 1 97 18 28 34 68
split_gain=300.668 300.874 287.125 271.453 263.201 252.1 271.71 267.58 235.144 227.039 219.952 216.022 253.939 213.921 215.296 218.573 210.491 207.269 202.15 196.175 208.339 196.132 224.374 192.854 192.865 187.851 186.194 184.661 182.993 208.006 197.864
threshold=0.027230525499909352 -0.073312548877460929 0.032754522274174407 0.14989649242999753 -0.017059793458357998 0.076514654030738816 0.0081625489050599024 0.015221864583425252 -0.015572686880886448 0.065540316018174158 -0.013316967911006549 0.038890464653085453 0.23677686233208964 -0.070993857370241539 0.085859982816012717 -0.05534494268742244 -0.034686423571327944 -0.036623734746121746 0.0086956789282020015 -0.0039534870869877498 -0.054522861436618643 -0.083847894023577493 -0.06758003190785429 0.051035887703338105 -0.022174628940092648 -0.12267930713417503 0.0031969927741231003 0.13008795650375352 -0.0015260381320967998 -0.0052313185077475987 0.014367412203459903
decision_type=2 2 2 2 2 2 2 2 2 2 2 2 2 2 2 2 2 2 2 2 2 2 2 2 2 2 2 2 2 2 2
left_child=1 16 4 8 25 6 7 10 9 23 -6 21 18 -4 -15 -16 -1 -18 -13 -8 -21 22 -10 -2 -25 -3 -9 28 -19 -30 -31
right_child=3 2 13 -5 5 -7 19 26 11 -11 -12 12 -14 14 15 -17 17 27 -20 20 -22 -23 -24 24 -26 -27 -28 -29 29 30 -32
leaf_value=0.015425901387447382 -0.019937501759305601 0.041136871203531926 -0.038125772735975359 -0.084015282757292906 -0.019244904753674724 -0.030235819067501363 0.01984545104650115 0.019303910633468167 -0.13986391481487429 0.03433699252232475 -0.00044138661343360338 -0.011994159696333273 0.023676795233334009 -0.051968890663500501 -0.04143036064805377 0.0028654879209022684 0.00346377198335017 -0.062295838827247894 -0.06096746389996912 -0.036891783847276906 0.0066040127428551761 0.0021834780630013173 0.088333497010144577 -0.14560763405313565 -0.037765304287261381 0.01127071206617807 -0.003484282693651179 0.060878594351650335 0.0062188232163658194 -0.071930629705410476 0.00053965451822365266
leaf_weight=1264 6230 1638 1532 339 7357 1649 9463 5720 34 510 11274 1356 709 635 876 8831 1491 1344 1088 861 9265 10619 319 175 371 18908 4649 141 982 766 415
leaf_count=1264 6230 1638 1532 339 7357 1649 9463 5720 34 510 11274 1356 709 635 876 8831 1491 1344 1088 861 9265 10619 319 175 371 18908 4649 141 982 766 415
internal_value=-5.71923e-07 0.00217664 0.00354521 -0.00891669 0.00558725 0.00228817 0.00339244 -0.0018056 -0.0077264 -0.0200689 -0.0078677 -0.00135827 -0.0208727 -0.00862608 -0.0042539 -0.00113001 -0.0154871 -0.0230948 -0.0338055 0.0110888 0.0029033 0.0042477 0.0662717 -0.0241673 -0.0723826 0.0136529 0.00908468 -0.0339554 -0.0377754 -0.0225281 -0.0464481
internal_weight=110811 89061 82658 21750 70784 50238 48589 29000 21411 7286 18631 14125 3153 11874 10342 9707 6403 5139 2444 19589 10126 10972 353 6776 546 20546 10369 3648 3507 2163 1181
internal_count=110811 89061 82658 21750 70784 50238 48589 29000 21411 7286 18631 14125 3153 11874 10342 9707 6403 5139 2444 19589 10126 10972 353 6776 546 20546 10369 3648 3507 2163 1181
is_linear=0
shrinkage=0.0845865


Tree=89
num_leaves=32
num_cat=0
split_feature=11 24 55 91 70 18 7 24 28 84 12 33 71 45 15 60 99 30 3 49 4 4 49 17 50 74 77 84 19 54 6
split_gain=286.187 300.511 295.439 286.744 280.613 349.433 264.861 254.021 246.374 242.295 231.774 223.201 280.78 236.054 223.15 238.676 223.945 219.37 217.877 217.469 208.478 227.803 225.459 206.634 203.357 199.282 196.162 195.086 194.775 191.245 199.116
threshold=0.11045235322052467 0.040753127502359605 -0.020791748898810299 0.010692194638635001 0.013194464401619551 0.027129763993537604 0.052929717533569058 -0.034659106180244745 0.056966002428429356 0.048267916763118757 0.0077093401709237008 -0.011731428207711449 -0.035273158311010244 0.047720174668266412 -0.034379304198200546 -0.00088137650945489994 0.048996233491087511 -0.067081790472652142 -0.065268669685374078 0.035412429164059907 -0.18497435663030062 0.00044750378011205002 -0.007105554805178849 -0.077189373048889079 0.032183860002603405 -0.021993177244679998 0.0017145038473466003 -0.018610241712494747 0.014968281249643401 0.067335134474770367 0.018192562113856902
decision_type=2 2 2 2 2 2 2 2 2 2 2 2 2 2 2 2 2 2 2 2 2 2 2 2 2 2 2 2 2 2 2
left_child=1 2 10 4 6 17 18 -8 11 19 -1 12 -3 29 15 16 28 -6 -4 -5 -12 22 27 26 -24 -20 -11 -22 -13 30 -14
right_child=-2 8 3 9 5 -7 7 -9 -10 23 20 14 13 -15 -16 -17 -18 -19 25 -21 21 -23 24 -25 -26 -27 -28 -29 -30 -31 -32
leaf_value=0.0008445319774549252 0.030486483396922618 0.013900230361968871 -0.0142912882076607 -0.0044249862835119601 0.075628013025477003 -0.0082967971148727362 0.018817967091677826 -0.026630443349907541 0.013402270682711733 -0.2751465901169296 0.040159142256675461 0.027176135078433625 -0.055451866497157207 0.0070479379052627794 0.0020797228305746603 -0.053319892683790955 -0.12596001601006665 0.023379031793743902 0.025826279214646086 0.020725129153083832 -0.011333224297704924 -0.0040335022070796447 -0.027016229652297722 -0.027735369060717802 0.020250158849925516 0.0062465564644744592 -0.0041583045124827132 -0.064836775144477249 -0.041783451164353821 0.031418861024456207 -0.017032343390128726
leaf_weight=14371 2160 1081 2895 17068 614 2586 1194 3340 2735 48 462 943 3293 889 7115 1263 99 9132 4711 2874 690 4722 2649 1573 863 17693 32 1671 425 252 1368
leaf_count=14371 2160 1081 2895 17068 614 2586 1194 3340 2735 48 462 943 3293 889 7115 1263 99 9132 4711 2874 690 4722 2649 1573 863 17693 32 1671 425 252 1368
internal_value=-5.66149e-07 -0.000606868 0.00147102 0.00454564 0.0086053 0.0193385 0.0041678 -0.0146571 -0.0101297 -0.00338 -0.00623764 -0.0139785 -0.0256648 -0.0330401 -0.00580589 -0.026365 -0.00314248 0.0266734 0.00754241 -0.000799278 -0.0154444 -0.0178712 -0.0289932 -0.0345 -0.0153953 0.0103647 -0.16711 -0.0492102 0.00573573 -0.0402983 -0.0441807
internal_weight=110811 108651 89188 63760 42165 12332 29833 4534 19463 21595 25428 16728 6883 5802 9845 2730 1467 9746 25299 19942 11057 10595 5873 1653 3512 22404 80 2361 1368 4913 4661
internal_count=110811 108651 89188 63760 42165 12332 29833 4534 19463 21595 25428 16728 6883 5802 9845 2730 1467 9746 25299 19942 11057 10595 5873 1653 3512 22404 80 2361 1368 4913 4661
is_linear=0
shrinkage=0.0845865


Tree=90
num_leaves=32
num_cat=0
split_feature=39 33 42 11 66 91 20 1 1 7 63 1 70 7 28 63 84 1 40 27 70 8 15 94 35 65 66 0 34 14 27
split_gain=283.769 323.136 341.408 325.277 302.131 299.392 264.194 240.349 239.626 243.443 231.799 281.546 235.939 220.763 254.169 234.39 212.359 212.195 192.689 225.972 184.007 180.844 213.603 191.407 180.41 178.316 198.889 174.482 168.692 207.49 168.286
threshold=-0.034545087565700891 -0.083952524979171592 -0.067594082466017183 0.044136280071495206 0.015441928049375201 0.010692194638635001 0.04088917104569486 0.17472039115599697 0.0092242416220001521 0.093828750910579212 0.025235367728195904 -0.0080622643473773469 0.046442651920146509 0.029329672664128403 -0.049367784495548642 -0.04193237585011609 0.024460823395669452 -0.078638157427229433 0.027862230579146652 -0.051049442440064194 0.021149933664149256 0.059947524588646557 -0.093073355422520182 -0.03226756431828675 -0.036075657635375041 0.018357624489959052 -0.045437086995163391 0.22461940122591498 -0.015933028198537497 -0.076367888701108874 0.017591445468104604
decision_type=2 2 2 2 2 2 2 2 2 2 2 2 2 2 2 2 2 2 2 2 2 2 2 2 2 2 2 2 2 2 2
left_child=4 25 -3 5 8 6 10 30 9 -1 12 -12 -4 14 27 20 -16 -17 19 -10 -15 23 -23 -5 -20 26 -2 -7 -11 -30 -8
right_child=1 2 3 21 -6 13 7 -9 18 28 11 -13 -14 15 16 17 -18 -19 24 -21 -22 22 -24 -25 -26 -27 -28 -29 29 -31 -32
leaf_value=0.012412153477849592 -0.11144395563956329 0.023631908730525661 0.0032293068508049017 -0.012163924423483999 0.022922593676188579 -0.048865245249349258 -0.029977167957596387 0.039374053274510983 -0.087656962636511196 0.022684115134138701 0.0003233214019618373 -0.03362567079920712 0.031645237384976752 -0.013035581510858743 0.0019752382714105215 -0.0051805895453755912 -0.02184655325452993 -0.043759249946262811 -0.03863698033765587 -0.017483577071239983 0.073208796935269257 -0.13003783530767737 -0.0087221425681615703 0.015959676443942437 0.036161020745671305 -0.0010333848428543287 -0.034466360099391871 0.00871711261038066 0.17491408206083145 -0.079633941984524226 -0.0019214199488753886
leaf_weight=9351 290 3782 27053 2024 7153 1606 4323 525 372 217 5283 2611 2266 524 10926 1398 3546 3787 322 2810 267 110 1851 11948 812 900 1408 491 24 461 2370
leaf_count=9351 290 3782 27053 2024 7153 1606 4323 525 372 217 5283 2611 2266 524 10926 1398 3546 3787 322 2810 267 110 1851 11948 812 900 1408 491 24 461 2370
internal_value=-5.22399e-07 -0.00210224 -0.00122107 -0.00235505 0.00871793 -0.00493939 -0.000910364 -0.0157207 0.00164519 0.00880379 0.00196177 -0.0109031 0.0054263 -0.0128787 -0.00784996 -0.0268175 -0.00386029 -0.0333618 -0.0150239 -0.0256957 0.0160528 0.00850713 -0.0155422 0.0118841 0.0149023 -0.0314964 -0.0476297 -0.0353727 -0.0392277 -0.0669717 -0.0200459
internal_weight=110811 89289 86691 82909 21522 66976 44431 7218 14369 10053 37213 7894 29319 22545 16569 5976 14472 5185 4316 3182 791 15933 1961 13972 1134 2598 1698 2097 702 485 6693
internal_count=110811 89289 86691 82909 21522 66976 44431 7218 14369 10053 37213 7894 29319 22545 16569 5976 14472 5185 4316 3182 791 15933 1961 13972 1134 2598 1698 2097 702 485 6693
is_linear=0
shrinkage=0.0845865


Tree=91
num_leaves=32
num_cat=0
split_feature=93 62 24 51 65 94 23 26 90 17 64 3 3 18 43 90 35 4 67 64 60 52 29 10 15 86 0 24 20 87 13
split_gain=272.994 322.374 321.939 345.31 340.797 330.294 272.57 252.817 245.264 231.041 235.744 214.611 206.448 240.347 265.582 208.381 214.237 205.127 206.823 202.167 202.046 182.173 179.908 177.559 175.58 174.609 318.374 273.003 174.2 198.092 174.095
threshold=-0.024530520127664147 0.051811861874208963 -0.048172911599818943 0.0013428321952390504 -0.026765719950081149 -0.016456879321147547 0.0093771860272097527 0.060191977319191306 0.0087026793801657024 0.0047058389875569507 0.048028419772487403 -0.030119355805494297 0.042096081610435959 -0.030323659442002895 -0.051381860452464491 0.022336023200243502 0.051359084276427554 -0.15366850724505382 -0.020933081580737496 0.018393164857399901 -0.014054628564678448 -0.019174130003180193 0.010284310732563052 -0.076860037698489134 -0.046410671377038144 0.030072958731297856 0.17194073010779493 -0.022326254118819847 0.054167506778985304 0.067141913479453211 0.066513893596185564
decision_type=2 2 2 2 2 2 2 2 2 2 2 2 2 2 2 2 2 2 2 2 2 2 2 2 2 2 2 2 2 2 2
left_child=7 2 22 5 17 19 -7 8 11 10 25 24 13 14 -6 16 -14 -5 21 -4 -15 -19 -2 -3 -1 -10 27 -27 29 -8 -13
right_child=1 23 3 4 12 6 28 -9 9 -11 -12 30 15 20 -16 -17 -18 18 -20 -21 -22 -23 -24 -25 -26 26 -28 -29 -30 -31 -32
leaf_value=-0.043995168336778918 0.022661480923185411 -0.067397311569051294 -0.017840937853407627 0.031302977113261389 0.054244551104429689 0.00056334411012796753 0.022738906791900236 0.041559772701241678 -0.015075129465043909 0.011717882626719892 0.036041040808642122 0.015999731797072054 0.011006938349753059 -0.00076586337332808588 -0.0009067070759887244 -0.020417969034038898 0.073573349774920124 -0.0095045974104924318 -0.019487619313429974 0.0083580008299380566 -0.021105174685902388 -0.068189509436065526 -0.00016936983818899954 -0.015810879757284759 0.0041780804880961371 -0.23264890031936641 -0.016340443408421876 -0.069975896120446759 -0.015639671692794233 -0.060222697618339607 0.056196140944967075
leaf_weight=662 6066 516 7143 415 741 15678 10137 1516 3579 3323 534 8857 4738 5349 3975 1418 427 514 4185 2988 10091 1445 4162 6428 2966 107 540 240 1016 210 845
leaf_count=662 6066 516 7143 415 741 15678 10137 1516 3579 3323 534 8857 4738 5349 3975 1418 427 514 4185 2988 10091 1445 4162 6428 2966 107 540 240 1016 210 845
internal_value=-5.39795e-07 -0.00215939 -0.000654241 -0.0026899 -0.00894612 0.00291375 0.00779462 0.00816487 0.00582567 -0.0055654 -0.0170561 0.0129396 -0.00470688 -0.00895498 0.00775504 0.00829678 0.0161844 -0.0262247 -0.0301142 -0.0101118 -0.0140603 -0.0528036 0.0133691 -0.0196479 -0.00460685 -0.0234102 -0.057014 -0.120234 0.01777 0.0210527 0.0195032
internal_weight=110811 87642 80698 70470 33298 37172 27041 23169 21653 8323 5000 13330 26739 20156 4716 6583 5165 6559 6144 10131 15440 1959 10228 6944 3628 4466 887 347 11363 10347 9702
internal_count=110811 87642 80698 70470 33298 37172 27041 23169 21653 8323 5000 13330 26739 20156 4716 6583 5165 6559 6144 10131 15440 1959 10228 6944 3628 4466 887 347 11363 10347 9702
is_linear=0
shrinkage=0.0845865


Tree=92
num_leaves=32
num_cat=0
split_feature=9 6 5 38 9 40 0 36 95 20 48 14 1 100 54 54 21 19 99 7 0 74 0 66 17 30 7 49 70 24 92
split_gain=270.4 289.932 272.529 272.412 281.264 247.118 276.799 262.426 246.434 253.133 271.94 240.423 323.031 267.948 246.266 238.945 228.021 231.454 218.928 213.101 206.963 201.858 189.024 188.518 187.659 172.283 169.292 168.116 159.861 154.591 160.044
threshold=0.059598292638332252 0.16028091844503176 0.21947242103551204 0.017059647172344952 -0.11534681073594064 -0.015825857201803947 0.085859982816012717 0.031681223999993208 0.034514301375608507 0.042243451051296461 -0.014936324260131148 -0.04915689340654384 0.012719415840708201 -0.44049999999999995 0.0063394478433075009 0.021979905586322904 -0.073118113585582525 0.00044737032948620009 0.021908582139953153 0.018857238602710855 0.13065871746805208 0.038065145628091906 0.15099113442536385 -0.042589205104956493 -0.016595804592196398 0.044732953519951955 -0.045065122558056593 0.0047436174620599505 0.00031800818540260006 -0.032697289104047088 -0.014921556478164349
decision_type=2 2 2 2 2 2 2 2 2 2 2 2 2 2 2 2 2 2 2 2 2 2 2 2 2 2 2 2 2 2 2
left_child=1 2 3 5 -5 11 7 15 9 10 -6 13 19 28 -14 -7 24 -18 -9 -13 -11 -10 -23 -2 -8 29 27 -27 -1 -25 -31
right_child=23 -3 -4 4 8 6 16 18 21 20 -12 12 14 -15 -16 -17 17 -19 -20 -21 -22 22 -24 25 -26 26 -28 -29 -30 30 -32
leaf_value=0.017568697436787711 -0.037786728961500031 0.037037977886209897 0.050070924023087035 0.038271114623164348 0.013222666973574106 -0.016911988694989895 -0.050204667440153179 -0.041401932060971751 -0.018994887009580155 -0.070602856385639401 -0.007799314368670195 0.0061051831830723621 -0.043784734145307661 -0.00063444942985409745 -0.0016363819548401619 0.031782512552110211 0.017658761542442957 0.0041970058727976616 -0.17746758293597514 -0.015380841067077374 -0.016100345109354753 -0.15642932433798104 -0.046734803070785771 0.016634896758621145 0.0010161708518170184 -0.044756347076686534 -0.045921284847609878 0.04669953856342049 0.079679187590974282 -0.025110020846379821 -0.00025398400436375335
leaf_weight=579 1644 1625 803 978 6625 2950 774 439 2984 578 13125 9439 2644 2136 1589 954 19069 17557 105 5080 3640 144 517 2248 1508 249 1418 340 610 2744 5716
leaf_count=579 1644 1625 803 978 6625 2950 774 439 2984 578 13125 9439 2644 2136 1589 954 19069 17557 105 5080 3640 144 517 2248 1508 249 1418 340 610 2744 5716
internal_value=-5.58316e-07 0.00161145 0.00100412 0.000584808 -0.00630268 0.00359463 0.00730416 -0.0126829 -0.00788226 -0.00476493 -0.000746538 -0.00368938 -0.00740717 0.0172712 -0.0279682 -0.00500698 0.00958966 0.0112063 -0.0677222 -0.00141105 -0.023575 -0.0283742 -0.0706774 -0.0108302 -0.0163483 -0.00734295 -0.0300866 0.00799968 0.0494542 -0.00307796 -0.00831869
internal_weight=110811 96452 94827 94024 28591 65433 43356 4448 27613 23968 19750 22077 18752 3325 4233 3904 38908 36626 544 14519 4218 3645 661 14359 2282 12715 2007 589 1189 10708 8460
internal_count=110811 96452 94827 94024 28591 65433 43356 4448 27613 23968 19750 22077 18752 3325 4233 3904 38908 36626 544 14519 4218 3645 661 14359 2282 12715 2007 589 1189 10708 8460
is_linear=0
shrinkage=0.0845865


Tree=93
num_leaves=32
num_cat=0
split_feature=24 68 15 60 17 70 7 1 21 26 1 42 6 40 90 27 20 73 2 1 0 11 36 86 66 2 34 100 98 98 47
split_gain=253.434 269.91 284.183 267.705 300.823 265.201 280.593 284.984 261.036 259.785 225.06 208.357 195.268 191.846 191.823 187.05 179.501 176.545 175.034 174.998 174.842 212.851 185.312 175.053 173.732 171.191 164.26 171.295 163.652 163.454 161.347
threshold=0.10994557259447872 0.035371000782734759 -0.11688891795680724 -0.014429167168030497 -0.035740407726694394 0.036088310507429812 -0.0048574820301523491 0.051332671033917511 -0.034863905867948644 0.075379158288845116 -0.080866679206453837 -0.026210051710310597 0.032355891436292007 -0.0021999407213097997 0.053192843494836058 0.0066664967209711509 -0.044006946251597588 -0.011361903706139547 0.049072010085443554 -0.0259424285127965 0.13708587306099548 -0.036931703115824589 0.062113940403223801 0.021739847809259454 -0.0015302873314467498 0.061999050261226457 0.015731158467591502 -0.076299999999999993 0.077001744271285311 0.1029162586000943 -0.10459022498842883
decision_type=2 2 2 2 2 2 2 2 2 2 2 2 2 2 2 2 2 2 2 2 2 2 2 2 2 2 2 2 2 2 2
left_child=1 2 -1 12 8 6 7 -6 11 -2 -8 -5 14 -7 26 17 -13 -10 -16 -17 21 23 -23 -3 -25 -24 27 -4 -22 -28 -15
right_child=9 20 3 4 5 13 10 -9 15 -11 -12 16 -14 30 18 19 -18 -19 -20 -21 28 22 25 24 -26 -27 29 -29 -30 -31 -32
leaf_value=-0.039986175642878694 -0.045921843928461541 -0.082743222041933975 0.018775110568380847 0.0026239066694660426 0.0082066474874818232 -0.00043253904361603804 0.0066779742061731191 -0.015846452349365967 0.0015702132138666334 0.045458011647213067 -0.014790142501679163 -0.006742406423689765 0.01790293498759497 -0.097852751202227389 -0.042034007581173649 -0.0073465921430580523 -0.069388571229935594 -0.029718847300332807 0.022370891106490088 0.033308057700440923 0.014245664174765938 0.0096799308279532231 -0.02861302411867726 -0.10096282163033428 0.094361459984902682 -0.20672572083324514 -0.0057113041944758403 0.00086042603118917599 0.090659981991554034 -0.15206145513709049 0.030841979094864892
leaf_weight=1332 1471 408 6942 597 17309 3173 4403 4425 1964 262 16899 427 7263 71 1217 2305 1412 3754 401 1128 11963 2455 151 50 93 52 6681 8494 204 55 3450
leaf_count=1332 1471 408 6942 597 17309 3173 4403 4425 1964 262 16899 427 7263 71 1217 2305 1412 3754 401 1128 11963 2455 151 50 93 52 6681 8494 204 55 3450
internal_value=-6.15554e-07 0.000509087 -0.00119518 -0.000635545 -0.00387635 -0.00101604 -0.00345261 0.00330847 -0.0161505 -0.0320933 -0.0103518 -0.04076 0.00576303 0.0146455 0.00205583 -0.0095969 -0.054855 -0.0189682 -0.0260587 0.00600571 0.0108963 -0.00666238 0.00324912 -0.0545083 0.0259022 -0.0743954 0.00410851 0.00891859 0.0155291 -0.00691091 0.028239
internal_weight=110811 109078 93702 92370 61317 49730 43036 21734 11587 1733 21302 2436 31053 6694 23790 9151 1839 5718 1618 3433 15376 3209 2658 551 143 203 22172 15436 12167 6736 3521
internal_count=110811 109078 93702 92370 61317 49730 43036 21734 11587 1733 21302 2436 31053 6694 23790 9151 1839 5718 1618 3433 15376 3209 2658 551 143 203 22172 15436 12167 6736 3521
is_linear=0
shrinkage=0.0845865


Tree=94
num_leaves=32
num_cat=0
split_feature=88 45 24 63 55 15 23 66 26 13 96 82 27 0 5 17 46 56 65 15 32 54 33 91 29 26 76 66 69 30 35
split_gain=254.468 293.52 287.001 278.866 261.406 266.234 232.605 301.193 232.47 231.805 237.416 245.619 228.186 218.488 286.62 375.9 238.374 221.718 203.942 224.018 223.326 224.396 209.022 203.839 202.098 195.602 195.142 193.367 216.638 191.646 194.366
threshold=-0.0023555013540027497 0.038921726551335856 0.10994557259447872 0.030062852676027655 -0.0015442496696312497 0.050749467654455462 -0.053803657363829742 0.025817291629633553 0.13521239938327292 0.028915617859504403 0.027528933982572851 -0.043508428654580787 -0.048422683776030241 0.08861108222700996 0.0043647935788894508 0.010161079485866751 -0.016683502591349594 -0.050303079540711941 0.0012574322959479003 0.0027388579702582504 0.061618576413750702 -0.025349479097920648 -0.051308163639517193 0.071756836734820112 0.10236502205923591 -0.097288285728082832 -0.040777900082697743 -0.0075460350388661989 0.021048580443536653 0.04763940234616041 -0.022912439246997745
decision_type=2 2 2 2 2 2 2 2 2 2 2 2 2 2 2 2 2 2 2 2 2 2 2 2 2 2 2 2 2 2 2
left_child=1 3 4 9 13 6 12 25 23 10 11 -1 -6 14 16 17 -2 -16 19 20 21 -5 -23 -3 -21 -8 -13 28 -17 -12 -31
right_child=2 8 -4 18 5 -7 7 -9 -10 -11 29 26 -14 -15 15 27 -18 -19 -20 24 -22 22 -24 -25 -26 -27 -28 -29 -30 30 -32
leaf_value=0.036432562567865173 -0.072810857175140756 0.020630855886286877 -0.050805199827371916 -0.099404879022994455 -0.085140373158814481 0.022396360547351665 -0.059779259652470502 0.0225389636766462 0.15442391390023616 0.016316611982005208 -0.0093707034057243198 -0.027800073488924684 -0.014121554235531674 -0.0062195711901553152 -0.2986026221292904 -0.13904213117198583 0.018365841170219763 -0.06962927011270327 0.0014118099224302617 -0.0010089793593869815 0.035772912872457249 -0.11742041161839747 -0.023447925613125559 -0.072272637129692743 -0.16812074072059477 -0.0012125830442743933 0.0045511181175354421 0.054824855786372972 0.15258900030445702 0.0078464694625221734 -0.091421998847412977
leaf_weight=1622 257 6996 915 526 373 4186 418 4231 91 9598 4215 1439 2458 26392 31 86 1016 1272 4307 2147 232 194 1341 173 53 17024 18264 290 23 209 432
leaf_count=1622 257 6996 915 526 373 4186 418 4231 91 9598 4215 1439 2458 26392 31 86 1016 1272 4307 2147 232 194 1341 173 53 17024 18264 290 23 209 432
internal_value=-6.07487e-07 0.00432255 -0.00380122 0.00175343 -0.00306 0.00268187 -0.000685121 0.00229254 0.0200948 0.00507173 0.000948489 0.00479304 -0.023488 -0.00867022 -0.0304027 -0.0531083 -2.74937e-05 -0.0751081 -0.0117356 -0.0243433 -0.0428447 -0.0517056 -0.035343 0.0183853 -0.00504948 -0.00261758 0.0021872 0.0186828 -0.0772547 -0.0159302 -0.0590245
internal_weight=110811 51839 58972 44579 58057 28690 24504 21673 7260 35779 26181 21325 2831 29367 2975 1702 1273 1303 8800 4493 2293 2061 1535 7169 2200 17442 19703 399 109 4856 641
internal_count=110811 51839 58972 44579 58057 28690 24504 21673 7260 35779 26181 21325 2831 29367 2975 1702 1273 1303 8800 4493 2293 2061 1535 7169 2200 17442 19703 399 109 4856 641
is_linear=0
shrinkage=0.0845865


Tree=95
num_leaves=32
num_cat=0
split_feature=77 90 0 84 46 40 4 34 49 96 0 22 82 63 28 22 95 38 33 71 69 0 1 43 94 26 93 11 72 72 64
split_gain=248.341 275.865 255.997 226.332 239.744 216.631 211.266 226.615 202.666 200.214 247.546 261.851 198.717 202.098 227.267 217.208 195.409 204.734 209.217 194.157 176.09 174.951 173.674 190.447 198.03 174.69 173.017 195.293 172.493 169.16 169.929
threshold=0.018431960933817403 0.048154998059392308 0.26370834812798921 -0.018610241712494747 -0.014815663669910899 0.067717812455642915 -0.21232109448451167 0.051907964861713458 -0.036879013595320594 0.024565458270251053 0.13570511280436789 0.040542638787951203 -0.010527007236398298 -0.020068426878643995 -0.021153922894160949 0.038020389250850356 0.058881683831675004 0.028098198459494055 0.013396978080533601 -0.020998896932478747 -0.0033768716687952497 0.24342183499276529 -0.0080622643473773469 -0.011550422808848798 0.0097273645451697519 0.028181144935968353 -0.045437397636264844 -0.077769624999195638 0.06010714811595666 0.034157605196607307 0.070611935391769715
decision_type=2 2 2 2 2 2 2 2 2 2 2 2 2 2 2 2 2 2 2 2 2 2 2 2 2 2 2 2 2 2 2
left_child=1 3 9 -1 5 8 -6 26 28 -3 11 -11 16 -14 15 19 -2 -18 -19 -15 29 -9 -22 24 -24 -25 -8 -28 -5 -16 -31
right_child=12 2 -4 4 6 -7 7 21 -10 10 -12 -13 13 14 20 -17 17 18 -20 -21 22 -23 23 25 -26 -27 27 -29 -30 30 -32
leaf_value=0.011346967041063865 0.0051545780819635019 -0.012554554431529523 0.032049112152184457 -0.025179289287914023 0.064709129242206648 0.032297182573012048 0.029065994239050475 -0.030639771493503665 -0.0051436478300584884 -0.17051320377768134 -0.034302667968978642 0.13162854461568682 0.0019764408704911222 0.011593872623950239 -0.029455329321790825 -0.073097578782459802 -0.011836421356216062 -0.17409936834653936 0.0051893802431027909 -0.0367656126356656 0.011887940037428595 0.016275915844694372 -0.094767786326715342 -0.022625124975959109 0.009309870636302689 0.054906328402945515 -0.021068381651507904 0.0064382676745656908 -0.11802386397434256 0.010511526972714864 0.24036167098044312
leaf_weight=20669 10460 4154 730 2495 419 961 2229 2154 15093 182 990 23 5216 797 3700 831 512 134 71 2325 3250 772 395 704 195 295 1975 28369 152 535 24
leaf_count=20669 10460 4154 730 2495 419 961 2229 2154 15093 182 990 23 5216 797 3700 831 512 134 71 2325 3250 772 395 704 195 295 1975 28369 152 535 24
internal_value=-6.80931e-07 0.00240797 -0.0149242 0.00380772 0.000954304 -0.00681172 0.00499835 0.00429285 -0.00893162 -0.0213391 -0.0518552 -0.136479 -0.00665758 -0.0120934 -0.0177182 -0.0346542 0.00222445 -0.0404887 -0.111919 -0.0244134 -0.0103571 -0.0182541 0.000678746 -0.0222337 -0.060336 0.00025035 0.00631891 0.0046472 -0.0305216 -0.0229006 0.0204453
internal_weight=110811 81367 6079 75288 54619 18701 35918 35499 17740 5349 1195 205 29444 18267 13051 3953 11177 717 205 3122 9098 2926 4839 1589 590 999 32573 30344 2647 4259 559
internal_count=110811 81367 6079 75288 54619 18701 35918 35499 17740 5349 1195 205 29444 18267 13051 3953 11177 717 205 3122 9098 2926 4839 1589 590 999 32573 30344 2647 4259 559
is_linear=0
shrinkage=0.0845865


Tree=96
num_leaves=32
num_cat=0
split_feature=39 3 31 38 51 49 88 11 36 62 84 65 63 21 23 70 60 15 91 4 89 61 15 38 65 40 36 97 64 0 6
split_gain=247.239 270.952 341.12 315.656 270.698 244.396 249.49 238.637 242.787 238.434 239.738 237.152 271.029 258.42 218.562 217.362 204.237 204.14 203.3 250.715 203.042 205.315 195.006 186.596 184.965 180.827 196.331 179.203 171.653 171.653 167.695
threshold=-0.064510821965487436 0.046354894821261504 -0.026445471107360147 0.017483207724970206 0.0013428321952390504 -0.04466616414950119 -0.10379146825212314 0.034479150597148955 0.017555943324647903 -0.0065388101073816486 0.019481006629032353 0.017512807125124704 0.08385387183681571 0.049522134067640354 -0.011656736249023948 0.059793571635345912 -0.032417757845701549 -0.047908780707242839 0.062609973277543321 -0.036005376746976993 -0.0048219663639488498 -0.070213619251063827 -0.064498075460903234 -0.073325124394886323 -0.016701932532238995 -0.017430707682970694 -0.095358795734079141 0.031158708617130153 0.049125688669407953 0.16054677588233712 0.041874250957578005
decision_type=2 2 2 2 2 2 2 2 2 2 2 2 2 2 2 2 2 2 2 2 2 2 2 2 2 2 2 2 2 2 2
left_child=-1 3 25 4 5 6 -2 8 14 -7 22 13 -13 16 -5 17 -6 -16 30 -20 21 -10 -11 -18 -12 -3 -27 -22 -14 -23 -4
right_child=1 2 18 7 11 9 -8 -9 20 10 24 12 28 -15 15 -17 23 -19 19 -21 27 29 -24 -25 -26 26 -28 -29 -30 -31 -32
leaf_value=0.015354107813194354 0.16561646876090233 -0.027565089187851791 0.0099573330202033308 -0.041571792861874492 0.0076897429369021005 0.018680857666116893 -0.019274609525607056 0.0025509842907182893 0.11169243305916007 -0.029045649915078939 -0.043633145963105108 0.0086842054687224206 -0.055846887541508398 0.015480257963587839 -0.053850296665120562 0.048781951322954459 0.023459525827110212 -0.013185141932053232 -0.097023830974316785 0.0034531312443124738 0.020376894592863376 -0.052159233314835407 0.011260586799081885 -0.020973388713030533 -0.0039295973155875222 -0.18526915068423083 0.0029004141616082967 -0.03480665715452759 -0.26593303455051964 -0.0067613841557679789 0.030206241151400054
leaf_weight=7027 53 2585 14845 3646 2441 9868 3193 5908 81 934 1213 7619 155 2270 1045 351 711 5726 264 542 2603 999 10630 13641 2731 40 4027 502 34 1480 3647
leaf_count=7027 53 2585 14845 3646 2441 9868 3193 5908 81 934 1213 7619 155 2270 1045 351 711 5726 264 542 2603 999 10630 13641 2731 40 4027 502 34 1480 3647
internal_value=-5.8392e-07 -0.00104043 0.00644438 -0.00353616 -0.000117895 0.00560593 -0.0162459 -0.0120258 -0.0172678 0.008402 0.00185996 -0.00621549 0.00619918 -0.0113015 -0.0247254 -0.0160979 -0.0149231 -0.0194648 0.0121387 -0.0294363 -0.00308843 -0.0207273 0.00800315 -0.0187706 -0.0161466 -0.0100721 0.00104149 0.0114477 -0.0938328 -0.0250655 0.0139521
internal_weight=110811 103784 25950 77834 55493 28622 3246 22341 16433 25376 15508 26871 7808 19063 10768 7122 16793 6771 19298 806 5665 2560 11564 14352 3944 6652 4067 3105 189 2479 18492
internal_count=110811 103784 25950 77834 55493 28622 3246 22341 16433 25376 15508 26871 7808 19063 10768 7122 16793 6771 19298 806 5665 2560 11564 14352 3944 6652 4067 3105 189 2479 18492
is_linear=0
shrinkage=0.0845865


Tree=97
num_leaves=32
num_cat=0
split_feature=9 21 30 63 93 88 89 1 2 34 33 1 14 3 39 42 17 74 88 100 66 45 6 77 6 21 49 90 96 74 95
split_gain=248.04 245.274 246.679 229.554 281.374 241.588 228.2 205.975 204.175 202.275 196.578 194.806 315.253 320.864 312.111 312.497 252.561 247.031 242.296 235.215 327.881 224.288 215.868 213.701 207.998 210.593 195.803 190.946 190.394 207.22 202.258
threshold=0.034612091758803705 0.10525850206223876 0.044732953519951955 0.0047384361333897016 -0.0086748461311309481 0.0023009701145911003 -0.0075163297706733493 0.10928211184081101 -0.035202473496292942 -0.00033054770165054994 -0.07390436115202928 0.0044119012768936506 0.0090970484162526521 -0.077636584285353291 -0.026604118756716498 0.0044237546353489013 -0.011178207417548448 0.0078953161967982525 -0.047387207550751292 0.5273000000000001 0.00032779816854115008 -0.026326465096669947 -0.089832713555007035 0.027050485855549852 0.057348430216515908 0.020175123619115404 -0.019804118985103696 -0.014571858881155699 0.028037732159382253 -0.020816773103493648 0.025182078813761603
decision_type=2 2 2 2 2 2 2 2 2 2 2 2 2 2 2 2 2 2 2 2 2 2 2 2 2 2 2 2 2 2 2
left_child=3 2 6 4 7 28 9 27 -8 10 -2 14 13 -13 16 -16 -5 23 -19 20 -14 -15 -21 -17 25 -23 -24 -1 29 -6 -31
right_child=1 -3 -4 11 5 -7 8 -9 -10 -11 -12 12 19 21 15 17 -18 18 -20 22 -22 24 26 -25 -26 -27 -28 -29 -30 30 -32
leaf_value=0.024422358200454245 -0.081097291744456276 0.066555902768847874 -0.028408049532824716 -0.0010800012575020016 0.030795303970828317 -0.0072289013291793273 0.015727152920773597 0.036297069032080902 -0.0062397587190929759 -0.028010560753320986 0.0023316850163801663 0.042095992709601543 -0.078869689333262508 -0.03828154022982895 0.0061807612070464727 0.0029101345828540454 0.032999810429575151 0.038571319605201222 -0.036316000170456157 -0.10926616276752886 -0.018629654943334659 -0.02237947164758285 -0.050781968239645793 -0.041464410666087179 0.03833993156790666 0.021281996900891074 0.026912394367868606 0.0040633489863926807 -0.012877958668487942 0.011533528001481361 -0.020895802734865354
leaf_weight=4904 213 317 3717 2825 3251 13534 4997 2657 7679 4430 3911 1035 1190 1418 10964 5287 3460 336 3822 124 1418 2474 308 910 837 1161 940 10063 2579 8405 1645
leaf_count=4904 213 317 3717 2825 3251 13534 4997 2657 7679 4430 3911 1035 1190 1418 10964 5287 3460 336 3822 124 1418 2474 308 910 837 1161 940 10063 2579 8405 1645
internal_value=-5.41226e-07 -0.00736486 -0.00830519 0.00217407 0.00613879 0.00107399 -0.00478445 0.0145906 0.00241816 -0.0154603 -0.0019734 -0.00266822 -0.0122401 -0.00133377 0.00111244 -0.00377034 0.0176783 -0.0143087 -0.0302589 -0.031211 -0.046126 -0.00896932 -0.00284317 -0.00360299 0.000320786 -0.00842823 0.00771908 0.0107356 0.00815162 0.0122308 0.00622322
internal_weight=110811 25264 24947 85547 47038 29414 21230 17624 12676 8554 4124 38509 10905 6925 27604 21319 6285 10355 4158 3980 2608 5890 1372 6197 4472 3635 1248 14967 15880 13301 10050
internal_count=110811 25264 24947 85547 47038 29414 21230 17624 12676 8554 4124 38509 10905 6925 27604 21319 6285 10355 4158 3980 2608 5890 1372 6197 4472 3635 1248 14967 15880 13301 10050
is_linear=0
shrinkage=0.0845865


Tree=98
num_leaves=32
num_cat=0
split_feature=42 11 60 94 80 49 69 74 42 92 28 34 19 0 17 83 28 56 24 66 29 10 85 32 9 47 48 8 15 0 91
split_gain=233.843 242.257 254.583 285.233 272.988 262.302 225.317 261.993 233.833 204.437 203.887 203.781 202.128 198.909 201.575 202.698 219.979 213.044 195.437 194.812 209.096 188.769 250.335 234.516 187.748 197.976 187.409 186.994 178.092 172.674 165.532
threshold=-0.050997875882669644 -0.068029734234783937 0.040006685383182854 0.0031894576691736004 0.082666210381351121 0.056715634182612558 -0.044020783633697998 -0.025946676636391646 0.065021607192793721 -0.044025945193270494 0.073119820141982803 -0.0037796675439610494 0.088180844652045662 0.29692304742960279 -0.032491006462105891 0.040651946654878257 -0.09800581402679738 -0.004196316776145799 -0.011030411509313947 -0.0032951856689014494 -0.10282473433565557 -0.064098097568327975 1.0000000180025095e-35 0.069681353578377209 0.070900865937373214 0.025210986503852055 -0.028112617401048697 -0.035673788024923249 0.065447939653179563 0.26524841051772857 0.039407485139274709
decision_type=2 2 2 2 2 2 2 2 2 2 2 2 2 2 2 2 2 2 2 2 2 2 2 2 2 2 2 2 2 2 2
left_child=19 13 3 5 11 6 7 -3 10 -4 -8 30 -7 14 15 16 -2 27 -10 20 -1 22 -11 -24 -13 -26 -9 -18 -19 -21 -5
right_child=1 2 9 4 -6 12 8 26 18 21 -12 24 -14 -15 -16 -17 17 28 -20 29 -22 -23 23 -25 25 -27 -28 -29 -30 -31 -32
leaf_value=0.10503858000217679 -0.1570961549186099 0.020589939408396318 -0.043993208309998907 0.01797958155537166 -0.055333004968909222 0.028468734163890605 -0.0023432331793114465 0.00013561566006583547 0.0091288895974786597 0.0056379049816754285 0.033424588482218229 0.0050965849021428859 -0.077722642415603518 0.028007773187056547 -0.0098487206364668827 -0.10479145152678228 -0.036922285764796427 -0.071025782239707236 -0.055889742589056803 0.017330032811027993 -0.0028164087742989668 -0.0035050891603059129 -0.086877361457826999 0.10680874404094086 -0.0091789045313320824 -0.077354608076653314 -0.050050095148822547 0.038462145961489051 0.0094745015989297354 0.062555860741377367 -0.010603768205716775
leaf_weight=132 92 713 1252 14802 489 2508 34616 720 486 503 1179 16877 135 752 6814 290 419 757 1032 4779 4911 8863 629 48 1496 383 2034 537 265 692 1606
leaf_count=132 92 713 1252 14802 489 2508 34616 720 486 503 1179 16877 135 752 6814 290 419 757 1032 4779 4911 8863 629 48 1496 383 2034 537 265 692 1606
internal_value=-4.88345e-07 -0.00125877 0.000118738 0.00181574 0.00742237 -0.00278717 -0.00446128 -0.0250883 -0.00254407 -0.01176 -0.00116447 0.00829578 0.0230348 -0.0138024 -0.0172321 -0.03854 -0.0292451 -0.0232827 -0.03506 0.0120007 3.80321e-06 -0.00773927 -0.0395223 -0.0731042 0.00227172 -0.0230889 -0.0369222 0.00539977 -0.0501323 0.023055 0.0151805
internal_weight=110811 100297 90371 79076 35653 43423 40780 3467 37313 11295 35795 35164 2643 9926 9174 2360 2070 1978 1518 10514 5043 10043 1180 677 18756 1879 2754 956 1022 5471 16408
internal_count=110811 100297 90371 79076 35653 43423 40780 3467 37313 11295 35795 35164 2643 9926 9174 2360 2070 1978 1518 10514 5043 10043 1180 677 18756 1879 2754 956 1022 5471 16408
is_linear=0
shrinkage=0.0845865


Tree=99
num_leaves=32
num_cat=0
split_feature=15 70 29 42 77 12 94 60 49 69 95 94 17 31 44 49 82 37 11 96 14 46 89 34 47 14 27 68 3 45 94
split_gain=232.78 235.742 346.873 276.158 234.264 229.804 230.534 213.699 229.656 195.321 254.849 220.624 201.368 184.087 173.938 172.48 167.277 181.289 176.715 165.494 175.346 165.453 165.173 172.793 170.625 162.895 235.694 161.358 159.887 180.312 157.995
threshold=0.11429078169592517 -0.0044400984406300489 0.063527851539054658 -0.083590331011049082 -0.0062067961101021493 0.086128518511541421 0.042094970303759353 0.062545913403131606 0.051478070678149503 0.0035582842076942504 0.026202713489319806 -0.044929577537112346 -0.10678668804540088 0.032703007768093859 -0.10984383459296625 -0.0165865087551644 -0.0042543389778924492 -0.011500651280049748 0.042738959712432509 0.043557238541666356 0.0021887823318735501 0.057162676924289405 -0.027590091983625296 0.061630353047379953 0.012178936370471303 0.025144457078500205 0.021574544186334903 -0.023316442129118847 -0.041447995051943846 -0.044568782684022992 0.075097429115902073
decision_type=2 2 2 2 2 2 2 2 2 2 2 2 2 2 2 2 2 2 2 2 2 2 2 2 2 2 2 2 2 2 2
left_child=1 4 3 30 14 6 7 8 -5 10 11 19 -11 21 -1 -12 17 -13 -18 -6 -21 27 -16 -24 -25 28 -27 -14 -7 -30 -3
right_child=-2 2 -4 5 9 25 -8 -9 -10 12 15 16 13 -15 22 -17 18 -19 -20 20 -22 -23 23 24 -26 26 -28 -29 29 -31 -32
leaf_value=-0.096719212004948679 0.027514589859403554 0.047212378225401669 -0.01942715279138706 0.0031336983979037298 -0.03564716218939231 0.053281467894835524 0.02507124860111018 -0.023142023846967209 0.026341000710693074 -0.076787813557312901 -0.067567170335439311 -0.016860667266741222 -0.032294290555105805 0.020278043042752811 -0.013328660407128809 -0.024031423160389882 -0.02311473363177801 0.016080167466503321 0.013133474283112003 -0.035731429686755786 -0.25700800250664491 0.034002281842840328 0.0082559402463489549 -0.0011087603676405969 -0.069974370086470436 -0.078543468720401591 0.002260320094300414 -0.00350295588544078 -0.10108750618853515 -0.0039816838552613892 -0.12969339458055298
leaf_weight=127 2157 1338 4504 40480 1122 294 3896 2037 3300 254 981 1886 1674 2426 3843 1944 5238 3263 1178 51 52 707 16266 708 405 636 434 8303 156 1114 37
leaf_count=127 2157 1338 4504 40480 1122 294 3896 2037 3300 254 981 1886 1674 2426 3843 1944 5238 3263 1178 51 52 707 16266 708 405 636 434 8303 156 1114 37
internal_value=-4.81849e-07 -0.000546924 0.00311954 0.00501025 -0.00478078 0.00402688 0.00531728 0.00363702 0.00488352 -0.00972078 -0.0161139 -0.0109602 -0.00220139 -0.000754307 0.0019469 -0.0386411 -0.00734218 0.00401024 -0.016456 -0.0450973 -0.147744 -0.00553218 0.00253866 0.00604864 -0.0261895 -0.020319 -0.0457508 -0.00833605 -0.0029052 -0.0159311 0.0424305
internal_weight=110811 108654 58226 53722 50428 52347 49713 45817 43780 29079 15715 12790 13364 13110 21349 2925 11565 5149 6416 1225 103 10684 21222 17379 1113 2634 1070 9977 1564 1270 1375
internal_count=110811 108654 58226 53722 50428 52347 49713 45817 43780 29079 15715 12790 13364 13110 21349 2925 11565 5149 6416 1225 103 10684 21222 17379 1113 2634 1070 9977 1564 1270 1375
is_linear=0
shrinkage=0.0845865


Tree=100
num_leaves=32
num_cat=0
split_feature=33 9 11 24 12 14 48 15 25 60 13 29 1 3 66 13 78 90 93 22 64 25 59 89 10 60 17 11 94 23 4
split_gain=231.665 254.708 238.927 268.564 256.095 352.476 274.538 270.591 264.361 248.768 221.158 214.704 261.914 192.471 191.929 191.308 170.191 156.012 161.097 217.235 204.76 145.044 143.877 143.363 142.815 230.333 162.022 160.756 154.869 153.866 140.1
threshold=0.079373605516381562 0.075766933679636966 0.087725925740820401 0.07645789768128107 0.020594721519082204 -0.018028275581868345 -0.026199855165483198 -0.0049323831614139996 -0.061716402903786195 0.052093325733725861 0.050326293848891861 -0.070913294530804291 0.010951438399460502 -0.05166673925610684 -0.047403795866462144 -0.064368282404826435 -0.10068251429073223 0.024630993133106901 0.036116325666757411 0.067490548848262152 -0.0051930398858278997 -0.0030961161106473995 0.047208674597568757 -0.028137679808418099 0.020214207329294003 -0.0074810519216395492 0.019288117558764455 0.010983882846007752 0.0049576702514023512 0.054198850145476506 0.013255369619098701
decision_type=2 2 2 2 2 2 2 2 2 2 2 2 2 2 2 2 2 2 2 2 2 2 2 2 2 2 2 2 2 2 2
left_child=1 2 3 4 6 9 8 10 -1 13 -7 30 -13 -6 -3 -10 -9 18 19 21 -21 -16 -2 -22 28 -26 27 -27 29 -5 -8
right_child=22 14 -4 24 5 7 11 16 15 -11 -12 12 -14 -15 17 -17 -18 -19 -20 20 23 -23 -24 -25 25 26 -28 -29 -30 -31 -32
leaf_value=-0.021099669346591875 0.025584081620394453 -0.051270555842101058 0.020193096535092138 -0.055715659516336551 0.035875672166525201 -0.031625681040407798 0.0056994215609335319 -0.15065484358632505 -0.015547005627766952 -0.03491624165398681 0.0021788130210641647 0.0032228870943618389 -0.011813034073590757 0.0049105082024332143 0.021719824307243528 0.022415261266014258 -0.0028591698155283948 -0.032115453905276668 -0.043607973431647566 0.0015737248153777964 -0.23635176995877147 -0.0072220278800982059 -0.018165205864595496 -0.071348444408404044 0.047482125677201441 -0.10424850341802133 0.035204964679404011 -0.0037605726836337072 -0.0090225170297309216 0.0065249732476519058 0.052045087024782999
leaf_weight=1316 3689 909 4207 1596 1789 6460 934 56 1045 930 1761 34866 10874 7295 2383 10354 9991 1812 655 319 44 2579 629 268 520 236 202 221 1591 345 935
leaf_count=1316 3689 909 4207 1596 1789 6460 934 56 1045 930 1761 34866 10874 7295 2383 10354 9991 1812 655 319 44 2579 629 268 520 236 202 221 1591 345 935
internal_value=-5.97064e-07 -0.000779585 0.000474728 -0.000414019 0.000632087 -0.00600903 0.00374603 -0.0130009 0.014788 0.00674372 -0.024382 0.000796576 -0.000351224 0.0110113 -0.0144206 0.0189331 -0.00368606 -0.0102616 -0.00392007 0.000724462 -0.046016 0.00667311 0.019206 -0.0947316 -0.0200938 0.00538171 -0.0278078 -0.0557079 -0.0286036 -0.044642 0.0288971
internal_weight=110811 106493 97524 93317 88606 28282 60324 18268 12715 10014 8221 47609 45740 9084 8969 11399 10047 8060 6248 5593 631 4962 4318 312 4711 1179 659 457 3532 1941 1869
internal_count=110811 106493 97524 93317 88606 28282 60324 18268 12715 10014 8221 47609 45740 9084 8969 11399 10047 8060 6248 5593 631 4962 4318 312 4711 1179 659 457 3532 1941 1869
is_linear=0
shrinkage=0.0845865


Tree=101
num_leaves=32
num_cat=0
split_feature=26 49 62 91 39 33 68 27 55 59 28 1 8 42 72 51 76 21 99 75 18 14 77 6 0 22 40 24 83 51 3
split_gain=224.405 255.74 275.135 271.228 286.306 294.14 244.018 263.572 249.579 220.379 183.929 183.11 208.279 171.642 204.746 183.954 171.404 171.251 201.048 177.365 177.942 161.076 151.164 142.338 139.707 151.064 139.043 167.535 139.399 142.307 147.569
threshold=0.047611767690624356 -0.056901037139659848 -0.040755673955454298 0.071756836734820112 -0.062995242594799591 -0.083952524979171592 -0.018922647254576996 -0.0027313034938587998 -0.020791748898810299 -0.04130602817559139 0.035034385344793105 0.099942548205472617 -0.032347856963410589 -0.010354990778114448 1.0000000180025095e-35 -0.047354342665966942 -0.032816264820907347 -0.03668695881755079 0.054373317727739505 0.066046626909537262 0.0090645305741496509 0.052702299832440853 -0.028522413948738647 0.019977599726053456 0.09913013319949647 0.0116222232954709 0.055340840656974359 0.10994557259447872 0.0011157143371879001 0.05357453632875811 -0.068077173305570379
decision_type=2 2 2 2 2 2 2 2 2 2 2 2 2 2 2 2 2 2 2 2 2 2 2 2 2 2 2 2 2 2 2
left_child=1 11 9 4 -4 21 7 -7 -8 -3 24 12 13 23 15 -15 -14 18 -5 -19 -21 22 -6 -1 25 -2 28 -28 -11 30 -30
right_child=10 2 3 17 5 6 8 -9 -10 26 -12 -13 16 14 -16 -17 -18 19 -20 20 -22 -23 -24 -25 -26 -27 27 -29 29 -31 -32
leaf_value=-0.05449333092002475 -0.019407486311026109 0.046534670872933143 0.019417381806557683 -0.066363677726450257 0.024893912174417592 -0.019130888315008157 -0.0083681274835562362 0.00066565344279704815 0.0046536907095039238 0.014529952480116081 0.028417701752611619 0.003955406844364664 -0.058549219036508039 0.089935762537212083 -0.15132128702876727 -0.080059013407156945 -0.0083019115597888615 -0.013920277879448521 -0.26873164206707645 -0.017202946643189991 -0.28010524402743459 -0.099254757360866558 -0.038564045894058374 0.050020189604952726 0.0068259331447349308 -0.15661869470714287 0.042648076632629019 -0.1830206265030021 0.038369804107199812 -0.051587962497487684 -0.00965895457654092
leaf_weight=316 285 1218 4546 292 336 10177 14205 9124 40710 4484 3157 1855 596 57 246 224 2633 1134 40 37 37 245 1331 132 8615 72 1014 24 553 462 2654
leaf_count=316 285 1218 4546 292 336 10177 14205 9124 40710 4484 3157 1855 596 57 246 224 2633 1134 40 37 37 245 1331 132 8615 72 1014 24 553 462 2654
internal_value=-6.26485e-07 -0.00133532 -0.000233742 -0.00187436 -0.00120281 -0.00243445 -0.00159021 -0.00977156 0.00128491 0.0127223 0.0108567 -0.0181713 -0.0279396 -0.0622099 -0.0949431 -0.0454872 -0.017584 -0.0370383 -0.0908583 -0.022225 -0.149075 -0.0351919 -0.0257602 -0.0236488 0.00467495 -0.0471639 0.00823885 0.0373984 0.00452351 -0.00769992 -0.00136984
internal_weight=110811 98682 92623 82214 80674 76128 74216 19301 54915 10409 12129 6059 4204 975 527 281 3229 1540 332 1208 74 1912 1667 448 8972 357 9191 1038 8153 3669 3207
internal_count=110811 98682 92623 82214 80674 76128 74216 19301 54915 10409 12129 6059 4204 975 527 281 3229 1540 332 1208 74 1912 1667 448 8972 357 9191 1038 8153 3669 3207
is_linear=0
shrinkage=0.0845865


Tree=102
num_leaves=32
num_cat=0
split_feature=93 23 42 28 21 1 82 74 4 48 14 36 89 59 11 4 68 100 0 40 5 7 84 29 77 43 80 72 44 2 12
split_gain=215.388 220.084 344.398 322.706 348.432 285.833 253.573 233.777 214.751 231.075 213.779 243.031 267.572 212.905 244.493 205.808 201.597 200.563 229.662 189.465 188.864 187.286 227.504 211.967 198.959 213.304 187.051 207.093 184.79 193.125 182.406
threshold=-0.051236470097233346 0.022413296512320251 0.055389678073981208 0.0074624207576526507 0.048580650556495859 0.016521050577421304 0.042811531124682806 -0.0075147203794968991 0.035404048738986657 0.0055615149531889011 0.0021887823318735501 -0.015611901035500048 -0.033533454882497794 -0.0079004053979279485 -0.081646643084545792 0.11217622725608477 0.03597813174447801 0.8690500000000001 0.21467080832493476 0.036380557214691009 -0.027744122179327844 0.055179646868793709 -0.013819484673708299 0.029211320616424754 0.053196339927367504 -0.017990021657514798 0.054948453768267007 -0.034908987638241344 -0.031145115116350746 0.041857388169408462 -0.015076401794951249
decision_type=2 2 2 2 2 2 2 2 2 2 2 2 2 2 2 2 2 2 2 2 2 2 2 2 2 2 2 2 2 2 2
left_child=-1 2 3 4 7 8 10 13 9 30 28 12 -12 14 -2 -13 -15 18 -9 21 -14 22 -5 -24 25 -23 -11 -28 -7 -30 -3
right_child=1 5 -4 19 -6 6 -8 17 -10 26 11 15 20 16 -16 -17 -18 -19 -20 -21 -22 24 23 -25 -26 -27 27 -29 29 -31 -32
leaf_value=0.014866708194738775 -0.05006246381742626 0.029458057119600072 -0.024698444509262837 0.018622912421783686 0.014517033116995169 -0.021361350548091528 -0.04606140580228419 -0.023121728798184228 0.026066590107353089 -0.0029852054371350251 0.052325727209295465 0.0030221406287156312 -0.017541509192196634 -0.014573278354411303 0.017129240235228507 -0.11382028838733618 0.023707749647791994 0.0084750400856747118 -0.00013346134307022964 0.021647428349876409 -0.10145064555527709 0.019561722133271005 0.0053538543719969115 -0.018624159611052602 -0.087795056858052237 -0.024687049353020466 -0.22036924788327233 -0.037463402491413514 0.0045722681913395579 0.04693955926290002 0.0057817010758858646
leaf_weight=6559 420 3555 5088 6351 4821 1082 1093 14741 4744 7031 144 1979 295 7480 4975 114 1133 2246 3943 4179 553 1167 10488 3524 252 2345 55 229 2316 1154 6755
leaf_count=6559 420 3555 5088 6351 4821 1082 1093 14741 4744 7031 144 1979 295 7480 4975 114 1133 2246 3943 4179 553 1167 10488 3524 252 2345 55 229 2316 1154 6755
internal_value=-7.16217e-07 -0.000936311 -0.00347051 -0.00188334 -0.00679789 0.00502409 -0.00795527 -0.00973971 0.0100905 0.00578907 -0.00249841 -0.0196911 -0.0541763 -0.00128039 0.0118939 -0.00333517 -0.00953497 -0.0154003 -0.0182715 0.00501896 -0.0722893 0.00213784 0.00534272 -0.000675125 -0.0151945 -0.0099775 -0.00570716 -0.0730034 0.00914895 0.0186689 0.0139478
internal_weight=110811 104252 73153 68065 39759 31099 8730 34938 22369 17625 7637 3085 992 14008 5395 2093 8613 20930 18684 28306 848 24127 20363 14012 3764 3512 7315 284 4552 3470 10310
internal_count=110811 104252 73153 68065 39759 31099 8730 34938 22369 17625 7637 3085 992 14008 5395 2093 8613 20930 18684 28306 848 24127 20363 14012 3764 3512 7315 284 4552 3470 10310
is_linear=0
shrinkage=0.0845865


Tree=103
num_leaves=32
num_cat=0
split_feature=62 7 0 93 25 90 7 46 29 26 24 13 74 63 1 14 96 35 51 80 10 56 26 69 77 17 71 0 19 40 11
split_gain=210.886 236.514 241.44 265.977 266.723 298.896 301.258 263.52 258.552 257.724 260.249 216.206 210.442 210.202 194.549 183.997 181.879 169.859 171.876 166.447 232.316 186.758 209.039 197.853 191.213 183.676 176.47 164.994 170.908 160.934 156.854
threshold=0.05058794189166866 0.14989649242999753 0.13708587306099548 -0.080589814144033892 -0.013305276875544348 0.050534673935099708 0.093828750910579212 0.077478870663802463 0.049306227442197106 0.092827874771053615 0.091931186692319714 -0.0063055229567852986 -0.0020630011253336493 -0.04193237585011609 -0.040311809538359146 -0.076367888701108874 0.019989096886482153 -0.055094028462095893 -0.00033011759497014991 -0.0041945011416186992 0.066048765408083007 0.027432457022271001 -0.051055475997987092 -0.044020783633697998 0.035226373794158862 -0.14729211179828602 -0.0057376565105098495 0.20325892122700703 0.004960969127814201 0.0055176186953104509 0.024977767250954155
decision_type=2 2 2 2 2 2 2 2 2 2 2 2 2 2 2 2 2 2 2 2 2 2 2 2 2 2 2 2 2 2 2
left_child=1 2 3 -1 5 6 14 8 9 10 11 -4 16 -10 -5 -3 -6 -14 -19 25 21 22 -21 -24 -23 -2 -26 -17 -29 -9 -15
right_child=19 15 7 4 12 -7 -8 29 13 -11 -12 -13 17 30 -16 27 -18 18 -20 20 -22 24 23 -25 26 -27 -28 28 -30 -31 -32
leaf_value=0.084777683541224377 -0.22902782527128393 0.066715989823569063 -0.00035555649374283815 0.0019247535450772823 0.014308364195880462 -0.089379171839985158 -0.13957578423310593 0.0083481020689115219 0.020094208772278015 0.041942220200575676 -0.027319556451011445 0.010410417510790826 -0.051328169433272383 -0.022617902346586279 -0.023764808488329674 -0.086559526044485358 -0.014066382695004943 0.005101029920588987 -0.016491866062441705 -0.10606888409114419 0.033354790032119039 0.021989952760068394 -0.080769065513672147 -0.022488391252219523 0.048656795437080909 0.0005837550097974359 -0.1221326625658759 0.016565116723081981 -0.053737831094174023 0.047976592029129572 0.0030765274557131195
leaf_weight=236 25 124 24176 3825 8107 396 135 1400 1445 1350 1776 29784 617 5674 4698 401 2018 5289 5259 307 462 768 505 2398 62 4464 142 447 553 1543 2425
leaf_count=236 25 124 24176 3825 8107 396 135 1400 1445 1350 1776 29784 617 5674 4698 401 2018 5289 5259 307 462 768 505 2398 62 4464 142 447 553 1543 2425
internal_value=-6.64354e-07 0.00110507 0.00160869 -0.00465531 -0.00535176 -0.0175125 -0.0142224 0.00436227 0.00326782 0.00542253 0.00453754 0.00558649 -0.0001791 -0.00961798 -0.0122333 -0.0319543 0.00865087 -0.00818849 -0.00566273 -0.0123131 -0.0235401 -0.029831 -0.0396675 -0.0326357 0.00263229 -0.000693607 -0.0701227 -0.0407054 -0.0222921 0.029133 -0.0149219
internal_weight=110811 101678 100153 30580 30344 9054 8658 69573 66630 57086 55736 53960 21290 9544 8523 1525 10125 11165 10548 9133 4644 4182 3210 2903 972 4489 204 1401 1000 2943 8099
internal_count=110811 101678 100153 30580 30344 9054 8658 69573 66630 57086 55736 53960 21290 9544 8523 1525 10125 11165 10548 9133 4644 4182 3210 2903 972 4489 204 1401 1000 2943 8099
is_linear=0
shrinkage=0.0845865


Tree=104
num_leaves=32
num_cat=0
split_feature=65 76 7 42 3 31 24 51 62 63 90 39 15 9 14 11 28 26 74 19 4 93 42 85 20 1 42 28 4 3 54
split_gain=205.874 229.426 234.766 225.491 224.506 251.444 246.204 278.145 287.816 245.891 214.866 213.449 220.378 203.904 183.713 179.223 166.393 163.971 180.746 156.058 155.362 224.137 142.497 170.061 141.442 157.378 168.48 157.369 140.923 136.809 133.401
threshold=0.050490086676567854 -0.084053884084150779 0.14177564617113228 0.056756531938173857 0.044148753684022261 -0.034711537309186843 -0.08125201657299598 0.0098202662283370015 0.044769411051733508 0.08385387183681571 0.021072651550734855 -0.053270232104923043 0.057782437639797256 0.0090537254325790528 -0.076367888701108874 -0.11004754385454064 -0.026833814488234294 -0.016700877541490394 -0.049351772983605748 -0.028221972217066946 -0.11261772516853903 0.058163851074984153 0.038562335681655208 -0.013390967367214398 0.059762068439959556 0.10928211184081101 0.058087475172509707 -0.026833814488234294 0.098903981068045169 0.18320225866052992 -0.028489691004549896
decision_type=2 2 2 2 2 2 2 2 2 2 2 2 2 2 2 2 2 2 2 2 2 2 2 2 2 2 2 2 2 2 2
left_child=1 3 4 -1 6 -6 -3 8 9 -8 20 -9 -13 -12 -4 -15 -10 18 -16 -20 21 -7 28 -24 -2 27 -27 -26 -19 -22 -25
right_child=24 2 14 -5 5 10 7 11 16 -11 13 12 -14 15 17 -17 -18 22 19 -21 29 -23 23 30 25 26 -28 -29 -30 -31 -32
leaf_value=-0.021460815981914832 0.016671693680647984 0.022664042479369952 0.064089128586361122 -0.1206915842608101 -0.010059357825678791 -0.017046060544305821 0.004114125253909741 0.0096514087012258554 -0.04883753873573185 -0.043950613616164751 0.012152608706594884 -0.015826636419253894 0.0090855251686625012 -0.19548697732607376 -0.21588899794734129 -0.019250213069960918 -0.010137180192244378 -0.014855862135565731 0.032062447249526067 -0.077722311924161014 0.015838667863562212 -0.27635113811963513 0.064332343244301579 0.030630215555032713 -0.088961526754673309 0.011170251143469076 0.21658014848345217 -0.0077158718806959571 0.089916714417715843 0.060887294221887892 -0.15613538294348811
leaf_weight=1330 7548 2702 139 187 5079 500 37969 3456 1089 777 2530 21115 2887 42 56 2322 2951 843 114 488 14732 25 46 34 278 360 31 443 103 499 136
leaf_count=1330 7548 2702 139 187 5079 500 37969 3456 1089 777 2530 21115 2887 42 56 2322 2951 843 114 488 14732 25 46 34 278 360 31 443 103 499 136
internal_value=-6.2516e-07 -0.00106239 -0.000569985 -0.0337117 5.46109e-06 0.00679928 -0.00239052 -0.00335459 0.000908947 0.00314963 0.0109468 -0.00999894 -0.0128293 -0.00453136 -0.0295652 -0.0223957 -0.0205749 -0.0367316 -0.07048 -0.0568959 0.0157559 -0.0294678 -0.0175999 -0.0795828 0.0125211 -0.0156323 0.0275443 -0.039077 -0.00342026 0.0173162 -0.11866
internal_weight=110811 102151 100634 1517 98675 25729 72946 70244 42786 38746 20650 27458 24002 4894 1959 2364 4040 1820 658 602 15756 525 1162 216 8660 1112 391 721 946 15231 170
internal_count=110811 102151 100634 1517 98675 25729 72946 70244 42786 38746 20650 27458 24002 4894 1959 2364 4040 1820 658 602 15756 525 1162 216 8660 1112 391 721 946 15231 170
is_linear=0
shrinkage=0.0845865


Tree=105
num_leaves=32
num_cat=0
split_feature=38 42 33 93 21 11 28 39 89 1 51 49 45 53 10 48 12 63 86 41 100 0 1 48 95 70 9 100 16 91 74
split_gain=220.387 232.841 226.027 264.781 277.363 270.842 283.821 267.125 216.511 197.448 162.38 155.934 146.043 143.478 166.705 139.841 137.419 135.478 134.349 133.201 129.61 155.979 149.297 131.494 127.945 127.448 123.5 128.599 120.557 119.715 119.692
threshold=0.073358032712368362 -0.092963536600902744 0.03603499465970026 -0.068089785289405388 0.059325650782122909 0.07321444452892191 -0.044068015676719648 0.014367112691130201 -0.040531657194191141 0.025563501414801303 0.021246126040406155 -0.054548338616430096 0.020439854580509054 0.023259931991624651 -0.14466560442707607 -0.028112617401048697 0.081888348261178065 0.075815693647092716 -0.0075263301886751488 -0.044001758842571091 -0.86364999999999992 0.22273229839247802 -0.029124226164900648 0.013644663403559602 -0.04951890485809949 0.084852491175839012 0.10755794141091836 -0.15219999999999997 -0.022213915089428347 0.015960272341414002 0.033404402862275508
decision_type=2 2 2 2 2 2 2 2 2 2 2 2 2 2 2 2 2 2 2 2 2 2 2 2 2 2 2 2 2 2 2
left_child=1 9 3 29 5 6 8 -8 -5 -1 -7 -4 15 14 19 -11 24 26 -18 -13 21 22 -2 -23 -16 -15 27 -6 -19 -3 -28
right_child=20 2 11 4 17 10 7 -9 -10 12 -12 13 -14 25 16 -17 18 28 -20 -21 -22 23 -24 -25 -26 -27 30 -29 -30 -31 -32
leaf_value=0.041321065074643039 -0.061869867046959764 0.039819765071074126 -0.016655523547384012 -0.055442234565317453 0.030329551432808202 0.0219652786863179 0.0010472406437352067 -0.01077838379777279 -0.014131129672685042 0.075144060508088278 -0.011067733149649366 -0.20707270411736858 0.083971234323499219 -0.0031953163867599753 -0.013399919780467468 -0.081571503543246784 0.021066558074614231 0.048547551944679267 -0.047532327732774243 -0.017187141068977545 -0.011183732812212736 0.026751327485225736 -0.20393598626374121 -0.07475283631376263 0.022357583944345082 0.11789910224805539 -0.025650474844682598 0.0070532964594611138 -0.078915604868466896 -0.010134170237021985 -0.22746813736082155
leaf_weight=1674 408 1563 1556 1006 3108 4348 40003 20757 9334 49 1409 41 67 4428 770 237 377 72 445 75 3912 262 61 140 10062 63 170 3751 200 439 24
leaf_count=1674 408 1563 1556 1006 3108 4348 40003 20757 9334 49 1409 41 67 4428 770 237 377 72 445 75 3912 262 61 140 10062 63 170 3751 200 439 24
internal_value=-6.22955e-07 0.000800393 0.000246791 -0.00154594 -0.00226921 -0.00376835 -0.0051974 -0.00299232 -0.0181528 0.0291931 0.0138769 0.00891972 -0.0282569 0.0113684 0.0162765 -0.054636 0.0172825 0.0134574 -0.0160452 -0.0845653 -0.0177615 -0.0472773 -0.0804192 -0.00855189 0.0198137 -0.00149014 0.0157188 0.0176037 -0.0450935 0.0288552 -0.0507965
internal_weight=110811 106028 104001 86184 84182 76857 71100 60760 10340 2027 5757 17817 353 16261 11770 286 11654 7325 822 116 4783 871 469 402 10832 4491 7053 6859 272 2002 194
internal_count=110811 106028 104001 86184 84182 76857 71100 60760 10340 2027 5757 17817 353 16261 11770 286 11654 7325 822 116 4783 871 469 402 10832 4491 7053 6859 272 2002 194
is_linear=0
shrinkage=0.0845865


Tree=106
num_leaves=32
num_cat=0
split_feature=69 95 15 84 7 62 100 40 75 67 24 27 46 63 66 37 61 90 79 80 39 28 2 47 70 44 79 75 2 8 30
split_gain=206.138 214.739 226.284 224.591 241.904 233.71 219.917 214.667 206.191 198.52 230.45 244.382 189.483 215.219 185.011 178.352 213.889 172.871 164.969 162.491 157.301 217.504 162.821 163.198 155.72 148.656 146.973 143.378 138.188 131.88 193.262
threshold=0.045138791043896155 0.048266735293332259 0.11429078169592517 0.017944844771170202 0.14989649242999753 0.023157257358633804 -0.97464999999999991 0.051753087338606008 0.013825734725329952 -0.01379444347807275 0.030063428752734555 0.017591445468104604 0.018425711242836405 0.044723966599425409 0.027818242104570002 -0.009947770827363098 0.024913492398900002 -0.0059394725920705995 -0.026420918473663398 0.050178968252240504 0.012353259284163802 -0.052235595152872141 0.084071087403422659 0.069514916091907616 0.051120887378479807 0.067121827009642324 -0.0057433776333993989 -0.046697762127403987 0.11355549427601956 0.0098044394666165508 0.011069534564110603
decision_type=2 2 2 2 2 2 2 2 2 2 2 2 2 2 2 2 2 2 2 2 2 2 2 2 2 2 2 2 2 2 2
left_child=1 2 3 6 5 12 8 17 29 15 14 -12 13 -5 -11 24 -17 27 -14 26 -2 25 -23 -24 -8 -22 -7 -3 -29 30 -1
right_child=20 7 -4 4 -6 19 9 -9 -10 10 11 -13 18 -15 -16 16 -18 -19 -20 -21 21 22 23 -25 -26 -27 -28 28 -30 -31 -32
leaf_value=-0.030739050870472989 0.018948626937432916 -0.064130577498514016 0.030378683267606826 -0.0035951910088859551 -0.076413886980374393 0.0015694975086664362 -0.016657074127789231 0.029961704083953728 0.016424723667082107 0.0062301450417987523 -0.015164117782797819 0.011270762773325137 0.040855245183811832 -0.040392073079425217 0.022586045982740804 0.0077215237443657436 -0.019498625118683322 -0.03218717222602395 0.0041042711784391363 -0.065164630861154899 -0.041807933485530129 0.012148395482189807 -0.027984256862205695 -0.22878874185989789 0.025696431955053122 -0.22046857932997263 -0.026492705001209906 0.010539885611610778 -0.062384337044703725 0.0090451528588798135 -0.1279317088459688
leaf_weight=293 6790 248 1706 11608 360 2080 8138 664 364 27256 6579 4037 1108 1261 6048 10209 2589 3698 4144 535 452 3107 437 31 672 36 3723 1988 205 151 294
leaf_count=293 6790 248 1706 11608 360 2080 8138 664 364 27256 6579 4037 1108 1261 6048 10209 2589 3698 4144 535 452 3107 437 31 672 36 3723 1988 205 151 294
internal_value=-6.83701e-07 -0.00120302 -0.000143297 -0.000712945 -0.00758142 -0.00656724 0.00184518 -0.0157108 -0.0356254 0.00247569 0.00574151 -0.00510958 -0.00167597 -0.00720267 0.00920105 -0.00416137 0.00221323 -0.0206545 0.011862 -0.0205484 0.011071 -0.00208875 0.00513688 -0.0413614 -0.0134239 -0.0550596 -0.0164306 -0.00317384 0.00371159 -0.0613259 -0.0794634
internal_weight=110811 99958 93155 91449 24819 24459 66630 6803 1102 65528 43920 10616 18121 12869 33304 21608 12798 6139 5252 6338 10853 4063 3575 468 8810 488 5803 2441 2193 738 587
internal_count=110811 99958 93155 91449 24819 24459 66630 6803 1102 65528 43920 10616 18121 12869 33304 21608 12798 6139 5252 6338 10853 4063 3575 468 8810 488 5803 2441 2193 738 587
is_linear=0
shrinkage=0.0845865


Tree=107
num_leaves=32
num_cat=0
split_feature=38 9 29 24 69 57 90 82 48 12 0 5 0 40 11 88 49 4 60 100 24 72 49 34 72 10 54 14 97 18 54
split_gain=192.066 203.314 198.633 197.013 201.883 200.092 195.597 216.631 208.468 192.194 185.336 181.031 226.343 179.738 245.065 216.974 230.364 266.514 221.924 195.172 172.118 170.132 164.288 159.98 159.751 155.693 153.843 150.948 149.671 149.409 139.201
threshold=0.017059647172344952 -0.11534681073594064 -0.10282473433565557 0.074672856087230108 -0.049903820076160045 0.0016448801899353002 0.042038571771324452 0.04488241138292786 -0.015978862892252348 -0.039703582313681339 0.10726827899964567 0.03299728276025226 0.11344679724877992 -0.018239557279516646 -0.14225944842784791 -0.053710063115987146 -0.022862247020874048 0.043793595125513306 0.073532340356829221 -0.94494999999999985 -0.03655899064599314 0.0066091751754308514 -0.086700434063125345 0.020762557318980902 -0.019197101850309997 0.016809443243489906 0.00035495167227325009 -0.04915689340654384 -0.020466428169751794 0.020736710671854054 0.06921852304730626
decision_type=2 2 2 2 2 2 2 2 2 2 2 2 2 2 2 2 2 2 2 2 2 2 2 2 2 2 2 2 2 2 2
left_child=2 -2 -1 4 5 22 7 8 -6 -10 -5 -8 -13 23 28 -16 18 19 21 -18 -7 -17 -3 27 26 -12 -9 -4 -15 -19 -14
right_child=1 3 13 10 6 20 11 24 9 -11 25 12 30 14 15 16 17 29 -20 -21 -22 -23 -24 -25 -26 -27 -28 -29 -30 -31 -32
leaf_value=0.041132884188046122 0.032510918043079672 -0.19214466879248709 0.018975624647018845 -0.16515340865242006 0.013406876665992313 0.006608955290691867 -0.013741528082491341 -0.038902793167560228 0.014475879664876453 -0.0083469820021121813 -0.044003387302687463 -0.26688039523953622 -0.064130519388337706 -0.12915124191774352 0.029204828055102001 0.0043672382498631396 -0.030344483683047003 0.032846521207180693 -0.067845638091397292 0.0057817636305436673 -0.072489529496820609 -0.014855796366132804 0.0022052113906721686 -0.014593120457978396 -0.044338856283911196 0.010037104088384655 0.038606085931693949 -0.0030664523981370801 -0.026036316600940117 0.0029042489418673401 0.12358408608422251
leaf_weight=933 988 32 2635 73 7556 254 2690 326 3328 12762 1261 38 456 136 2574 8256 1113 4146 392 27544 867 5480 1050 7324 1325 546 418 14211 391 1676 30
leaf_count=933 988 32 2635 73 7556 254 2690 326 3328 12762 1261 38 456 136 2574 8256 1113 4146 392 27544 867 5480 1050 7324 1325 546 418 14211 391 1676 30
internal_value=-6.85219e-07 -0.00529393 0.00234207 -0.00642609 -0.00481946 -0.0295037 -0.00293891 -0.000479112 0.00181659 -0.00362502 -0.0330187 -0.0226125 -0.0681043 0.00186478 0.00467961 0.00527092 0.00400302 0.0077308 -0.00509302 0.00437786 -0.0545488 -0.00330031 -0.00353439 -0.00415624 -0.0267255 -0.027663 0.00461479 0.000380099 -0.0526999 0.0242307 -0.0524841
internal_weight=110811 34000 76811 33012 31132 2203 28929 25715 23646 16090 1880 3214 524 75878 51708 51181 48607 34479 14128 28657 1121 13736 1082 24170 2069 1807 744 16846 527 5822 486
internal_count=110811 34000 76811 33012 31132 2203 28929 25715 23646 16090 1880 3214 524 75878 51708 51181 48607 34479 14128 28657 1121 13736 1082 24170 2069 1807 744 16846 527 5822 486
is_linear=0
shrinkage=0.0845865


Tree=108
num_leaves=32
num_cat=0
split_feature=3 2 14 2 28 1 90 88 3 18 17 9 31 42 48 12 27 4 93 50 6 34 21 44 81 90 75 21 97 30 90
split_gain=187.167 261.484 282.828 407.418 296.129 238.58 233.404 229.265 225.835 222.267 221 224.549 215.054 250.057 220.438 279.125 239.819 277.601 272.784 206.531 202.525 208.457 199.331 197.715 193.913 198.271 190.655 179.586 173.697 176.604 173.275
threshold=-0.018201141239484946 -0.10244492144549054 -0.0131906404087447 0.049072010085443554 -0.022646432486360998 -0.11635500304588028 0.030525850799055555 -0.018672399811160097 -0.052824085630567695 -0.020945367882105347 -0.025136898263388847 0.040600851217534602 -0.03177757148476739 -0.023115173182656396 -0.0058096670188973491 0.036106362989118457 -0.0068843883927273489 0.042723760234732407 -0.036385193681727747 -0.016271798466831095 0.019977599726053456 0.021237679321079252 0.0044383340405927006 -0.10984383459296625 -0.0087560484245963483 0.072368961226447107 0.029679110473662704 -0.069433627047456745 0.004033076769629401 0.025286650564026906 -0.014258393433862999
decision_type=2 2 2 2 2 2 2 2 2 2 2 2 2 2 2 2 2 2 2 2 2 2 2 2 2 2 2 2 2 2 2
left_child=1 -1 3 9 7 30 12 -4 -5 -3 22 -12 19 -14 15 27 17 18 -16 -2 21 -17 -8 -7 25 -11 -10 -15 -25 -30 -6
right_child=6 2 4 8 5 23 10 -9 26 24 11 -13 13 14 16 20 -18 -19 -20 -21 -22 -23 -24 28 -26 -27 -28 -29 29 -31 -32
leaf_value=0.026735154818388035 -0.020072273494605747 0.011068912954243199 0.00035537470104079913 0.036753887634235337 0.056833528969577281 -0.094632255660234477 -0.045381730418953894 -0.038721771683960758 -0.018740730631079415 -0.029405403396409558 0.0066046325544635506 -0.026604136608103658 0.018125241977215056 -0.023095041563441599 0.024315340636097652 -0.0090226173920372917 0.0065738719894553625 0.019163821104419269 -0.02398405524005463 0.0024043970178109862 0.019862708299821681 -0.065822005052243851 -0.0034985546469516638 -0.00076967613626214789 -0.0044810280758422229 -0.14763201776644802 0.055347651067335669 0.018808314732553656 -0.011305473182758093 -0.044532796666340781 0.0031012154028725921
leaf_weight=1783 4376 3251 1427 3063 651 197 1859 4332 1190 2414 6255 1899 11343 776 948 1636 10863 1718 7095 8817 1045 645 1447 7520 4038 106 314 12704 4270 1565 1264
leaf_count=1783 4376 3251 1427 3063 651 197 1859 4332 1190 2414 6255 1899 11343 776 948 1636 10863 1718 7095 8817 1045 645 1447 7520 4038 106 314 12704 4270 1565 1264
internal_value=-6.8494e-07 -0.00487279 -0.00645641 0.0027033 -0.0126611 -0.00656282 0.00247967 -0.0290354 0.0235731 -0.00701143 -0.00860922 -0.00112696 0.0045308 0.00712266 0.00378778 0.0109789 -0.00207112 -0.0116943 -0.0182884 -0.00504936 -0.0109629 -0.0250946 -0.0270568 -0.010513 -0.0159777 -0.0343906 -0.00325689 0.0163944 -0.00927008 -0.0202214 0.0213799
internal_weight=110811 37385 35602 14376 21226 15467 73426 5759 4567 9809 11460 8154 61966 48773 37430 16806 20624 9761 8043 13193 3326 2281 3306 13552 6558 2520 1504 13480 13355 5835 1915
internal_count=110811 37385 35602 14376 21226 15467 73426 5759 4567 9809 11460 8154 61966 48773 37430 16806 20624 9761 8043 13193 3326 2281 3306 13552 6558 2520 1504 13480 13355 5835 1915
is_linear=0
shrinkage=0.0845865


Tree=109
num_leaves=32
num_cat=0
split_feature=55 1 15 33 94 23 22 63 24 46 84 95 48 70 3 15 26 33 47 55 38 0 6 95 3 14 36 1 53 93 40
split_gain=188.859 222.657 197.237 225.911 241.716 260.241 260.19 241.829 231.911 217.845 225.979 206.74 205.831 202.247 199.392 179.48 178.737 172.968 169.286 167.838 157.618 156.387 155.33 146.591 139.599 138.673 149.75 149.594 141.616 138.195 134.821
threshold=0.058614051532574658 0.089766673992635618 -0.090166730873787779 0.061639022915798355 0.0031894576691736004 -0.030121897184032746 0.030838190855477253 0.095288132820850871 0.048352625685690605 0.027983648682410104 0.017192886161715604 0.043825978543091761 -0.013507840439826299 -0.024712341098548796 -0.063923874482755133 0.057782437639797256 0.024453733366970955 -0.070130343989338137 -0.046597069929755444 0.026827393337771205 0.043024222559713256 0.27040080712602987 0.16028091844503176 -0.0091381651945725475 0.024460316476601754 -0.058026461524424595 0.049476366889674252 -0.07125389273233608 0.012517981285527653 -0.026302457407038446 0.057778686640335107
decision_type=2 2 2 2 2 2 2 2 2 2 2 2 2 2 2 2 2 2 2 2 2 2 2 2 2 2 2 2 2 2 2
left_child=2 -2 18 4 7 14 12 8 9 10 -4 24 16 -11 20 -10 -7 -14 19 -1 21 -6 29 -9 -8 26 28 -28 -5 -16 -27
right_child=1 -3 3 25 5 6 11 23 15 13 -12 -13 17 -15 22 -17 -18 -19 -20 -21 -22 -23 -24 -25 -26 30 27 -29 -30 -31 -32
leaf_value=0.055832560211608748 0.0035559506329478508 0.037507719607897096 -0.00095546625358793394 -0.033950049584797436 -0.042231046618083079 0.027690073238347355 -0.01393863405805699 -0.12385605432294167 -0.025116689702126375 -0.013863789654387349 -0.015999087439806114 -0.053895175437054813 -0.034673560545306022 0.016900636850899282 0.018397591535539593 0.012779943919588655 0.0016153937947564062 0.0069300990431504133 -0.025592545035244579 -0.057458812110487999 -0.11702567440964269 0.033957039558597586 0.093295222681587534 -0.029432295329083265 0.012025763153414221 0.015114538216444507 -0.24691507127859555 -0.044983087143273946 0.042658777444515517 -0.010900895075651356 0.05915479051030232
leaf_weight=370 4498 1996 24851 414 1045 6938 3576 182 5691 1990 10029 635 747 6590 1423 1060 2583 16588 3564 125 161 236 116 335 2529 5525 36 98 296 6037 547
leaf_count=370 4498 1996 24851 414 1045 6938 3576 182 5691 1990 10029 635 747 6590 1423 1060 2583 16588 3564 125 161 236 116 335 2529 5525 36 98 296 6037 547
internal_value=-6.58514e-07 0.0139949 -0.000872133 -0.000131851 -0.00122501 0.00347106 0.00689614 -0.00517037 -0.00457724 -0.00231097 -0.00528157 -0.00796113 0.0106256 0.00976276 -0.00928644 -0.0191632 0.0206184 0.00513596 -0.0191517 0.0271767 -0.0381168 -0.0281772 -0.00379582 -0.0627252 -0.00317936 0.0146188 -0.0174935 -0.0994876 -0.00198072 -0.00530922 0.019086
internal_weight=110811 6494 104317 100258 93342 42614 33596 50728 50211 43460 34880 6740 26856 8580 9018 6751 9521 17335 4059 495 1442 1281 7576 517 6105 6916 844 134 710 7460 6072
internal_count=110811 6494 104317 100258 93342 42614 33596 50728 50211 43460 34880 6740 26856 8580 9018 6751 9521 17335 4059 495 1442 1281 7576 517 6105 6916 844 134 710 7460 6072
is_linear=0
shrinkage=0.0845865


Tree=110
num_leaves=32
num_cat=0
split_feature=38 42 63 30 44 46 2 93 14 21 56 15 4 28 96 77 14 29 90 63 84 20 65 79 1 3 0 28 82 51 36
split_gain=185.722 199.638 195.089 256.935 228.35 219.344 215.665 281.311 230.178 252.389 219.072 215.141 201.173 258.441 195.687 193.953 193.665 182.981 194.504 191.229 182.311 228.272 178.176 167.785 166.04 165.672 176.708 200.08 238.008 166.52 167.141
threshold=0.073358032712368362 -0.092963536600902744 0.0047384361333897016 0.053708757624252763 0.0068544669861439009 -0.012009686902190298 -0.020843682355932897 0.0054146584936722005 -0.04915689340654384 -0.07510852646201073 0.085228276719986409 -0.076708091414308774 0.023750342187468302 -0.087112539293808286 0.022023933694217752 0.038837521467831856 -0.01655883150739965 -0.033521571065124892 0.010963580148701302 -0.048305068976018946 -0.00089888307770504981 -0.051338700243623546 -0.066395459126743842 -0.031397225113256044 0.025563501414801303 -0.00059863951889184994 0.23233649235209944 -0.051276124288967641 -0.02290894536059945 0.044555182014135351 -0.03540865823984609
decision_type=2 2 2 2 2 2 2 2 2 2 2 2 2 2 2 2 2 2 2 2 2 2 2 2 2 2 2 2 2 2 2
left_child=1 24 6 4 11 12 15 17 10 -10 -9 -4 13 -6 -11 -3 -5 19 -19 -8 21 -13 -14 -7 -1 26 27 -2 -29 -27 -31
right_child=25 2 3 16 5 23 7 8 9 14 -12 20 22 -15 -16 -17 -18 18 -20 -21 -22 -23 -24 -25 -26 29 -28 28 -30 30 -32
leaf_value=0.038147097568803676 -0.14155084823227349 0.013537469276859984 -0.044149578763586349 -0.0021237975179238095 -0.11001464992992271 0.035179691763278995 0.062052828247816806 0.01696670244001499 -0.064397065190623617 -0.0052672395604625201 -0.15498356861713436 0.03665574885135002 -0.089923401118510465 -0.010105308680181252 -0.031215109476473803 -0.012566898179437317 -0.03604136081832994 0.0084508133976799633 -0.010923647511520154 0.013774555871609064 -0.0126846164711633 -0.0018587910252856512 0.030601792028999528 0.0080572680339730182 -0.025654548883356335 0.0037912334877779207 -0.0054295364466685325 0.028286360053514023 -0.069885577945536778 0.062675917538036696 -0.081429717839179433
leaf_weight=1674 175 17898 1069 2056 192 1994 704 2672 661 9837 54 1238 94 5265 2638 2297 2913 11381 5498 3546 11747 9943 1295 9009 353 2579 763 245 631 70 320
leaf_count=1674 175 17898 1069 2056 192 1994 704 2672 661 9837 54 1238 94 5265 2638 2297 2913 11381 5498 3546 11747 9943 1295 9009 353 2579 763 245 631 70 320
internal_value=-6.42029e-07 0.000734668 0.00022204 -0.00382677 -0.00166684 0.00557761 0.00353695 -0.000300628 -0.00881463 -0.0134572 0.013549 -0.00705615 -0.00630785 -0.0136257 -0.0107561 0.0105672 -0.022012 0.00609002 0.00213869 0.0217776 -0.00532565 0.00240396 0.0224261 0.0129746 0.0270251 -0.016305 -0.0364461 -0.0589413 -0.0424044 -0.00399149 -0.0555037
internal_weight=110811 106028 104001 46815 41846 17849 57186 36991 15862 13136 2726 23997 6846 5457 12475 20195 4969 21129 16879 4250 22928 11181 1389 11003 2027 4783 1814 1051 876 2969 390
internal_count=110811 106028 104001 46815 41846 17849 57186 36991 15862 13136 2726 23997 6846 5457 12475 20195 4969 21129 16879 4250 22928 11181 1389 11003 2027 4783 1814 1051 876 2969 390
is_linear=0
shrinkage=0.0845865


Tree=111
num_leaves=32
num_cat=0
split_feature=70 77 87 80 11 39 7 91 82 6 37 0 46 95 95 26 71 11 99 66 88 40 3 80 2 88 38 0 9 24 14
split_gain=185.515 227.209 255.834 205.759 195.099 195.008 213.445 202.704 220.3 230.415 192.683 212.836 192.376 190.483 199.891 190.046 180.691 177.934 173.28 169.023 168.372 168.298 173.019 167.901 167.598 165.028 164.184 158.904 186.916 196.076 174.164
threshold=0.041751654694037556 -0.0025984990746488997 0.0057188397981021511 0.041885160481712654 0.090411043541748962 0.0011390547352097501 0.093828750910579212 -0.051197372845257993 -0.010826726937550848 0.10621204313655687 -0.026653595341628547 0.20486701833702967 -0.016301693995318448 0.068252256730034919 -0.060828041679714041 -0.024661093560313048 -0.021377359305058446 -0.15516119816725618 -0.050101840713471492 -0.028146800420629049 -0.0026618444477376998 -0.015825857201803947 0.096604976774522525 0.054948453768267007 -0.0065951340110664497 -0.089640062673771781 -0.010633234821587149 0.23438136552888386 -0.11128268620473254 0.088546654434736263 0.064410064996902425
decision_type=2 2 2 2 2 2 2 2 2 2 2 2 2 2 2 2 2 2 2 2 2 2 2 2 2 2 2 2 2 2 2
left_child=1 2 3 17 5 6 19 13 9 -9 11 -8 -10 14 -7 24 -5 -1 -18 26 -21 -4 27 -14 -2 -17 -3 28 -23 -30 -29
right_child=15 4 21 16 -6 7 10 8 12 -11 -12 -13 23 -15 -16 25 18 -19 -20 20 -22 22 -24 -25 -26 -27 -28 30 29 -31 -32
leaf_value=-0.070081387974947187 -0.034203480155498768 0.0067438906805653721 -0.014618157578365799 0.017473692626227531 0.019513665498185895 -0.12933725109645741 -0.12121055249287142 -0.0054829460403204786 -0.03367840574293833 0.060345156408011608 -0.0096416659283440516 -0.016443722599465124 -0.010549730580828828 -0.11923749018850981 0.033832784157855789 0.089329338037500025 0.051651065650004289 0.011868967636956898 -0.037579503099298882 0.012834077696114155 -0.0030207422101501511 0.065086134895971051 0.033390984865982631 -0.061425448587084083 0.007218262393672706 0.013687204826197206 -0.026416196191671668 0.028064689602340809 -0.0058728956452506779 -0.085392691482959651 -0.040294515792054716
leaf_weight=191 1162 1729 7026 897 2203 56 290 7391 4759 401 1068 267 9553 67 1259 211 172 23060 1622 9058 10173 259 1117 488 1752 9504 2792 1975 9774 227 308
leaf_count=191 1162 1729 7026 897 2203 56 290 7391 4759 401 1068 267 9553 67 1259 211 172 23060 1622 9058 10173 259 1117 488 1752 9504 2792 1975 9774 227 308
internal_value=-6.96939e-07 -0.00124217 0.00303619 0.00863135 -0.00511213 -0.00621187 -0.00104286 -0.0116825 -0.0136068 -0.00209201 -0.030701 -0.0710364 -0.0196676 0.019758 0.0268617 0.00964917 -0.0135082 0.0111947 -0.029011 0.0009854 0.00444595 -0.0039796 0.00149082 -0.0130248 -0.00929235 0.0153329 -0.0137299 -0.00134847 -0.00584112 -0.0076805 0.0188321
internal_weight=110811 98182 46628 25942 51554 49351 25377 23974 22592 7792 1625 557 14800 1382 1315 12629 2691 23251 1794 23752 19231 20686 13660 10041 2914 9715 4521 12543 10260 10001 2283
internal_count=110811 98182 46628 25942 51554 49351 25377 23974 22592 7792 1625 557 14800 1382 1315 12629 2691 23251 1794 23752 19231 20686 13660 10041 2914 9715 4521 12543 10260 10001 2283
is_linear=0
shrinkage=0.0845865


Tree=112
num_leaves=32
num_cat=0
split_feature=68 28 15 17 21 59 62 0 10 84 95 90 13 67 61 24 72 88 87 18 90 83 82 0 34 39 75 26 83 32 4
split_gain=182.697 233.854 238.569 218.762 241.51 242.595 237.079 223.036 222.48 221.637 196.789 227.281 208.121 200.832 189.981 182.075 171.301 164.858 158.993 181.482 156.64 156.072 150.998 148.531 247.486 261.156 173.587 160.377 151.875 150.13 148.518
threshold=0.035371000782734759 0.08225069400377126 -0.075025603548725089 -0.032491006462105891 -0.034327305991221545 0.039279391404785757 0.052951224470425259 0.14120884706005596 -0.055060683516163091 -0.0026233521156047495 0.021850610306385455 -0.0092531280260355984 0.16519571602010066 0.00059977305904030016 -0.025273367058233447 0.10994557259447872 1.0000000180025095e-35 0.020415615185037653 0.024220177967432654 0.070278382469644268 0.017481398653174305 -0.023138093445662398 -0.045471110729298096 0.093523567680457165 -0.015533697677352049 -0.019489902131471348 -0.041406356213699293 -0.00070598144209614978 -0.030932904192086098 -0.014268785945606648 -0.034656136416694794
decision_type=2 2 2 2 2 2 2 2 2 2 2 2 2 2 2 2 2 2 2 2 2 2 2 2 2 2 2 2 2 2 2
left_child=1 2 14 4 5 7 10 8 -4 -7 12 30 13 -5 -1 17 -13 -2 19 -8 -17 -20 -23 24 25 -6 29 -28 -26 -25 -12
right_child=15 -3 3 6 23 9 18 -9 -10 -11 11 16 -14 -15 -16 20 -18 -19 21 -21 -22 22 -24 26 28 -27 27 -29 -30 -31 -32
leaf_value=0.010205958362797744 0.014743114802742553 0.020593539896552875 -0.30350233163561535 -0.00053012084314202237 -0.019882026835288016 -0.034654238510575093 -0.0038743499302164816 -0.0071575608745766232 -0.048061319225935067 -0.15933923026296665 -0.021668711681481226 -0.0036051418731992985 0.10273495127743047 0.010228205492305088 -0.027498267715887346 -0.018131879256663638 -0.027992457818945205 -0.0053228399018209228 -0.0064294778942860405 -0.10106452591889255 -0.16740767198533529 0.023251487277868715 -0.087192435025331749 -0.06078522210625973 -0.11111249474326752 -0.15990523229921139 -0.011553377074585381 0.0087595966136934898 0.013822600489688325 -0.0072583339479038471 0.014203887194012148
leaf_weight=1226 11440 3340 25 26125 193 235 3018 2504 969 181 1027 4276 155 23651 4332 158 3982 3936 451 144 74 104 585 620 80 189 4331 7769 533 951 4207
leaf_count=1226 11440 3340 25 26125 193 235 3018 2504 969 181 1027 4276 155 23651 4332 158 3982 3936 451 144 74 104 585 620 80 189 4331 7769 533 951 4207
internal_value=-7.05686e-07 -0.00139157 -0.00219116 -0.00109699 -0.00922766 -0.0278962 0.00113331 -0.0206251 -0.0545271 -0.0889721 0.00243704 -0.00662637 0.00488652 0.00458126 -0.0191775 0.00848164 -0.0153674 0.00960518 -0.0180819 -0.00830923 -0.0658717 -0.0451674 -0.0704901 -0.00424393 -0.0357971 -0.089232 -0.00194571 0.00148711 -0.00245764 -0.0283981 0.00716082
internal_weight=110811 95203 91863 86305 18580 3914 67725 3498 994 416 63423 13492 49931 49776 5558 15608 8258 15376 4302 3162 232 1140 689 14666 995 382 13671 12100 613 1571 5234
internal_count=110811 95203 91863 86305 18580 3914 67725 3498 994 416 63423 13492 49931 49776 5558 15608 8258 15376 4302 3162 232 1140 689 14666 995 382 13671 12100 613 1571 5234
is_linear=0
shrinkage=0.0845865


Tree=113
num_leaves=32
num_cat=0
split_feature=19 15 20 67 48 28 28 7 49 63 65 41 86 4 82 10 7 85 10 92 23 1 1 69 97 48 28 91 64 80 12
split_gain=185.303 258.708 239.209 246.36 240.197 231.247 226.784 224.837 212.789 196.578 190.249 190.367 181.728 172.334 170.431 167.49 166.505 164.755 163.321 192.896 158.268 233.11 185.806 158.216 150.935 152.919 143.061 195.067 190.605 140.503 153.335
threshold=0.012486666719447001 0.072805073274179413 -0.051338700243623546 0.014020072541956951 -0.027602348005851447 0.079645261818414914 -0.087112539293808286 -0.013196052642705647 -0.045555685935247343 -0.052886120383337842 -0.0063451229157679492 0.049270480499799658 -0.0020032223604218497 -0.033420141688389339 0.065003079276060166 -0.12204279950315719 0.0045007101044249017 -0.0020376015160013497 -0.054004286537724287 0.024506318660925456 -0.0019513832599684499 -0.023313528556165596 0.17896003900554594 -0.049903820076160045 0.014627009602351653 0.087218894074103673 -0.023675760200916798 -0.0084931889548908995 -0.0085823515290072479 0.070722763896936255 -0.0018187322448319496
decision_type=2 2 2 2 2 2 2 2 2 2 2 2 2 2 2 2 2 2 2 2 2 2 2 2 2 2 2 2 2 2 2
left_child=2 6 15 4 16 10 -2 -8 29 -9 11 12 -6 -13 20 -1 -4 -18 19 -19 22 -22 -11 26 -12 -26 27 -10 -29 30 -5
right_child=1 -3 3 8 5 -7 7 9 23 14 24 13 -14 -15 -16 -17 17 18 -20 -21 21 -23 -24 -25 25 -27 -28 28 -30 -31 -32
leaf_value=-0.050787064637593714 -0.037781192127897635 0.018272492894615824 0.020667076563269021 0.012303127222586027 -0.008286778196077477 0.035415649173483221 0.0026078466011584226 0.020212796261864705 0.018041739054907815 -0.023405526999372286 0.0029070579810865065 -0.045902851535645509 -0.028820292549580979 0.032164888131600677 -0.055544161142642851 0.018445585755652315 0.01508687993480431 -0.12259355345003366 -0.010501706069355771 0.043718170518208005 0.0061892249051913274 -0.020941689305601727 0.02816082471780746 0.01406466231796313 -0.010647574673338905 -0.079835074221487196 0.0032446329405780411 0.017113416634114215 -0.12720121594366704 -0.14589196569325108 -0.03251547548021335
leaf_weight=258 1600 3247 4638 984 6486 936 15023 1340 193 7968 13805 253 5886 1006 660 7873 1826 202 1704 66 5859 3694 533 16439 5268 239 1207 89 245 58 1226
leaf_count=258 1600 3247 4638 984 6486 936 15023 1340 193 7968 13805 253 5886 1006 660 7873 1826 202 1704 66 5859 3694 533 16439 5268 239 1207 89 245 58 1226
internal_value=-9.16781e-07 -0.00461021 0.00259477 0.000825715 -0.00285742 -0.00603792 -0.00663662 -0.00521532 0.00845122 -0.0110769 -0.00721644 -0.0148678 -0.0180575 0.0164584 -0.0133186 0.0162458 0.00991286 -0.00321437 -0.0201714 -0.081556 -0.0117736 -0.00429973 -0.0201697 0.0115007 -0.00181471 -0.0136551 -0.0127935 -0.0495624 -0.0886866 -0.0159742 -0.0125506
internal_weight=110811 39924 70887 62756 42315 33879 36677 35077 20441 20054 32943 13631 12372 1259 18714 8131 8436 3798 1972 268 18054 9553 8501 18173 19312 5507 1734 527 334 2268 2210
internal_count=110811 39924 70887 62756 42315 33879 36677 35077 20441 20054 32943 13631 12372 1259 18714 8131 8436 3798 1972 268 18054 9553 8501 18173 19312 5507 1734 527 334 2268 2210
is_linear=0
shrinkage=0.0845865


Tree=114
num_leaves=32
num_cat=0
split_feature=89 13 17 74 88 81 66 40 49 78 100 55 61 63 2 18 15 28 38 8 79 97 68 36 70 28 9 44 7 20 54
split_gain=180.908 273.469 244.862 233.039 199.167 193.728 187.321 178.6 178.27 228.339 261.066 226.041 177.2 183.079 173.002 202.884 195.555 194.326 197.535 176.763 171.047 167.927 160.298 157.868 150.364 149.749 203.682 147.676 154.669 224.071 174.964
threshold=0.0014714837640885001 -0.0076786144756713992 -0.039618620743024892 0.029842195334475501 0.078500417876484971 -0.043209924696423797 -0.04094535732798759 0.029020156139622152 -0.054548338616430096 -0.021097093822713096 0.20145000000000005 -0.020400139946561546 0.013978735651814001 0.0025635121934326505 -0.01395820434844205 0.046957036671900702 0.056721917652989305 0.045190265286720703 0.023706138793065153 0.020567311018770754 -0.041386316385526895 -0.036253473000417945 -0.060609603840307939 -0.010592341110109548 -0.0021027893351950495 -0.079324673208547886 -0.099038535651871581 -0.017897010018347297 -0.037904189983701798 1.0000000180025095e-35 0.071675606212574225
decision_type=2 2 2 2 2 2 2 2 2 2 2 2 2 2 2 2 2 2 2 2 2 2 2 2 2 2 2 2 2 2 2
left_child=1 2 3 6 8 7 -1 -4 -2 10 11 -10 20 -14 15 -11 17 18 -16 -19 -3 -9 -17 -15 25 26 -22 28 29 -7 -30
right_child=4 12 5 -5 -6 27 -8 21 9 14 -12 -13 13 23 16 22 -18 19 -20 -21 24 -23 -24 -25 -26 -27 -28 -29 30 -31 -32
leaf_value=-0.074560442570221597 -0.012782636867024733 0.026916158909566005 -0.049085842798432831 -0.06707065590681667 -0.042109749606699394 0.038867023132174459 -0.012855591484139591 0.14348833482230258 0.0044437355624325613 0.013361372434806045 0.0026407124884270526 0.039328739012349102 0.0030195003481446902 -0.037846908492396025 -0.0033935519180188366 -0.109206276363914 0.021692873477820483 0.032354285606588915 -0.025060892827730174 -0.012378027412781545 -0.29631903093194023 -0.0074896897547265069 -0.010598727355254755 -0.0072851924028690404 0.011011135631405773 -0.0014362011275622021 -0.038039991170664228 0.0019823562489882343 -0.027225827592281947 -0.026628843671041659 0.068378951653508241
leaf_weight=387 4055 2492 1275 843 672 800 3912 60 1963 12388 5491 4124 6041 1926 12816 128 2169 1718 3936 999 23 429 1507 3256 9739 10101 426 12563 3729 701 142
leaf_count=387 4055 2492 1275 843 672 800 3912 60 1963 12388 5491 4124 6041 1926 12816 128 2169 1718 3936 999 23 429 1507 3256 9739 10101 426 12563 3729 701 142
internal_value=-8.15327e-07 -0.00321276 -0.00995941 -0.0263978 0.0036359 -0.00566736 -0.0184163 -0.0324151 0.00423568 0.00569701 0.0160183 0.0280823 0.00171526 -0.00698345 0.0023454 0.0096641 -0.00239669 -0.00508161 -0.0084858 0.0158991 0.0060016 0.0110086 -0.0183356 -0.0186486 0.00343163 -0.00356323 -0.0513595 -0.00303528 -0.0147734 0.008265 -0.0237121
internal_weight=110811 58845 24841 5142 51966 19699 4299 1764 51294 47239 11578 6087 34004 11223 35661 14023 21638 19469 16752 2717 22781 489 1635 5182 20289 10550 449 17935 5372 1501 3871
internal_count=110811 58845 24841 5142 51966 19699 4299 1764 51294 47239 11578 6087 34004 11223 35661 14023 21638 19469 16752 2717 22781 489 1635 5182 20289 10550 449 17935 5372 1501 3871
is_linear=0
shrinkage=0.0845865


Tree=115
num_leaves=32
num_cat=0
split_feature=26 93 11 5 94 33 38 23 90 97 69 70 4 54 72 92 29 72 20 100 0 85 22 92 18 15 12 13 96 51 77
split_gain=178.871 196.054 237.004 232.056 228.54 219.138 205.239 220.239 189.672 187.951 186.346 196.942 189.834 188.194 199.188 177.966 181.117 173.783 165.664 193.35 166.377 165.191 163.469 162.342 162.287 156.331 153.699 153.092 174.729 233.192 161.69
threshold=0.047611767690624356 0.028894428430656451 0.11045235322052467 0.041873854862552802 -0.017925754767772997 0.039020942748805208 0.085046418482455213 -0.056268155129542495 -0.037279962635098397 0.0046271138183376003 -0.046737904810081943 0.048684955452109761 -0.15366850724505382 0.042240112249901908 0.018502059714200852 -0.0083299137430111487 0.072194227620593812 -0.0073275721980859488 -0.028031631960101448 0.25025000000000003 0.27856661093446855 -0.040679455921557292 0.0040842969172934515 -0.021770610346397247 0.0036817165880475506 -0.060994170341630592 0.14038492461185487 0.030692114200072552 -0.011226613256648699 -0.027632906166083496 0.073069522201103715
decision_type=2 2 2 2 2 2 2 2 2 2 2 2 2 2 2 2 2 2 2 2 2 2 2 2 2 2 2 2 2 2 2
left_child=1 2 4 17 5 10 7 24 -9 -10 13 12 -12 14 -1 16 26 21 19 -5 -21 22 -3 -23 -6 -25 -8 28 -19 -30 -31
right_child=-2 3 -4 18 6 -7 15 8 9 -11 11 -13 -14 -15 -16 -17 -18 27 -20 20 -22 23 -24 25 -26 -27 -28 -29 29 30 -32
leaf_value=-0.079000917798937434 0.0096925579277319721 0.066485490124220045 0.033374964551382294 -0.1117716628930796 0.0017401014869264462 0.011941438170489123 0.029378383738864339 0.02049989714663247 0.0079218353599817999 -0.0029640392771463917 0.037551485595337643 0.021867489469863201 -0.013619299708977628 0.015559149463844695 0.0070687407864801783 -0.050044350256350428 -0.15549923134595567 0.0013545981209514037 -0.021121666511758411 0.013477781934141252 -0.20953871310861827 -0.023911451119673591 -0.0073211779748459252 -0.042719943680099827 -0.028101663312286817 0.014358494072965865 -0.19334970656920894 0.0064610033751949097 0.0063120302316407471 -0.037434060394336673 -0.18115205605773976
leaf_weight=807 12129 569 1544 352 2617 3414 558 5167 27446 19344 538 1360 14283 319 252 968 45 1939 2042 206 27 1499 344 380 2596 3539 23 2126 1018 3303 57
leaf_count=807 12129 569 1544 352 2617 3414 558 5167 27446 19344 538 1360 14283 319 252 968 45 1939 2042 206 27 1499 344 380 2596 3539 23 2126 1018 3303 57
internal_value=-8.5065e-07 -0.00119249 0.000551731 -0.00934103 -8.36071e-05 -0.007664 0.0026215 0.00345655 0.00511982 0.00342093 -0.0114771 -0.00893244 -0.0117602 -0.0413407 -0.0585005 -0.0273138 0.00780247 -0.00522024 -0.0325071 -0.0722057 -0.0123262 0.00537152 0.0386548 -0.000233588 -0.0131168 0.0088179 0.0205036 -0.013165 -0.0197736 -0.0291359 -0.039882
internal_weight=110811 98682 81281 17401 79737 20973 58764 57170 51957 46790 17559 16181 14821 1378 1059 1594 626 14774 2627 585 233 6331 913 5418 5213 3919 581 8443 6317 4378 3360
internal_count=110811 98682 81281 17401 79737 20973 58764 57170 51957 46790 17559 16181 14821 1378 1059 1594 626 14774 2627 585 233 6331 913 5418 5213 3919 581 8443 6317 4378 3360
is_linear=0
shrinkage=0.0845865


Tree=116
num_leaves=32
num_cat=0
split_feature=9 6 38 46 5 42 5 60 0 79 24 35 34 60 80 2 29 25 24 88 44 95 90 94 89 33 54 93 100 38 100
split_gain=175.33 213.398 228.293 219.671 201.155 178.855 196.36 224.2 193.001 229.722 216.344 174.217 172.645 202.623 251.76 174.875 173.632 153.882 185.563 143.335 139.008 131.934 131.896 152.553 176.825 149.128 128.648 144.704 159.542 143.04 127.08
threshold=0.059598292638332252 0.082748586401843974 0.056013218138260261 0.06020379322771461 0.16958822993925374 -0.055911001769880446 0.028626054377017655 0.040006685383182854 0.21302536036341352 -0.0080937468250754981 -0.026422488281595647 0.019612247054220953 -0.028303131201988945 -0.017746932857423698 0.024175147692194903 0.039990724894451803 0.011085532995624552 -0.0030961161106473995 0.12697600067501177 -0.0049720301680609988 -0.018292707983263646 -0.014387359415450848 0.038719486246233802 -0.065388917406707533 0.020667517167458554 -0.022174628940092648 0.035927060652013461 0.010284999281407152 -0.94224999999999992 0.010045274276648702 -0.3824999999999999
decision_type=2 2 2 2 2 2 2 2 2 2 2 2 2 2 2 2 2 2 2 2 2 2 2 2 2 2 2 2 2 2 2
left_child=1 2 3 4 12 -3 7 -7 9 30 11 -11 15 20 -15 -1 -17 18 22 -5 -14 -10 25 -24 -25 -2 27 28 -19 -28 -8
right_child=17 5 -4 19 -6 6 8 -9 21 10 -12 -13 13 14 -16 16 -18 26 -20 -21 -22 -23 23 24 -26 -27 29 -29 -30 -31 -32
leaf_value=0.0020705657832810875 -0.014397440965738608 0.057445733392519308 -0.01430423499211305 0.034534145378869625 0.033127018537037339 0.026478044969054339 -0.076392101663646086 -0.023004334988293081 -0.024984869981566266 -0.18797261785401206 -0.033314483533428092 -0.01833977897035045 -0.0060298531190739989 -0.002064793367130145 -0.017752004909259773 0.034522379358153277 -0.00071924146469126628 -0.053284009812739362 -0.16025392302560629 0.0057704681460292936 0.010150487092344809 0.039278910441017202 -0.18001929636552852 -0.00017933252476817768 -0.092062753583997417 0.014958066661807901 -0.019141923345117159 -0.02992839274694236 0.0024995660472245385 -0.080089606107341602 0.033687264853284563
leaf_weight=11715 1762 640 7226 2226 1309 4544 96 765 364 152 388 61 5512 31601 9528 2798 1555 407 51 2802 12215 613 45 684 192 4161 704 2192 3707 454 342
leaf_count=11715 1762 640 7226 2226 1309 4544 96 765 364 152 388 61 5512 31601 9528 2798 1555 407 51 2802 12215 613 45 684 192 4161 704 2192 3707 454 342
internal_value=-7.7298e-07 0.00129725 0.000103302 0.00138474 0.000254986 0.0145586 0.010808 0.0193437 -0.0116594 -0.0370433 -0.0709989 -0.139513 -0.000319067 -0.00244089 -0.00569945 0.00745169 0.0219285 -0.00872125 0.000386446 0.0185093 0.0051182 0.0153143 0.00158816 -0.028185 -0.0203479 0.0062216 -0.0171374 -0.0123737 -0.00301472 -0.0430584 0.00950375
internal_weight=110811 96452 88487 81261 76233 7965 7325 5309 2016 1039 601 213 74924 58856 41129 16068 4353 14359 6895 5028 17727 977 6844 921 876 5923 7464 6306 4114 1158 438
internal_count=110811 96452 88487 81261 76233 7965 7325 5309 2016 1039 601 213 74924 58856 41129 16068 4353 14359 6895 5028 17727 977 6844 921 876 5923 7464 6306 4114 1158 438
is_linear=0
shrinkage=0.0845865


Tree=117
num_leaves=32
num_cat=0
split_feature=19 65 62 86 42 28 69 21 68 7 1 93 21 14 38 49 76 90 22 19 6 27 91 69 55 28 23 39 47 24 89
split_gain=173.913 187.497 196.614 249.283 187.108 256.609 236.442 214.89 186.11 181.625 236.572 213.037 211.629 257.272 210.413 206.55 199.144 240.24 189.97 180.245 206.052 171.231 167.332 167.222 196.541 162.86 160.185 156.048 142.893 140.253 139.83
threshold=-0.10105715696322749 -0.027725897441189449 -0.040755673955454298 0.011147028176636651 0.0061913218821374504 -0.08436367520802239 0.036926385360650203 0.084152524140046411 0.060675223299856605 -0.045065122558056593 0.096473599710589761 -0.042593550734465239 -0.063115392590249994 -0.0131906404087447 0.0038295950726068002 -0.054548338616430096 -0.019318696964320748 -0.022578513379276795 1.0000000180025095e-35 -0.043833726515651338 0.019977599726053456 0.014312045593135552 -0.073860410302845333 0.006200692904173701 -0.0085016469610462494 0.067946891411241009 -0.066441831778792829 0.054326868784181255 -0.027862932845682999 0.04147810879812331 0.0078337164969174509
decision_type=2 2 2 2 2 2 2 2 2 2 2 2 2 2 2 2 2 2 2 2 2 2 2 2 2 2 2 2 2 2 2
left_child=-1 2 -2 23 -5 6 -6 27 9 10 18 -12 13 -11 15 -14 17 -15 26 -13 -21 22 -16 24 -4 -17 29 -7 -18 -3 -26
right_child=1 8 3 4 5 7 -8 -9 -10 12 11 19 14 16 21 25 28 -19 -20 20 -22 -23 -24 -25 30 -27 -28 -29 -30 -31 -32
leaf_value=0.021473783584832918 0.013220998092961518 -0.032903693230627327 -0.028325969044035934 -0.010804831055791693 -0.091530454814395174 -0.043981608153854365 -0.34587185073841564 0.10289281848581083 0.021427547834312957 0.0046274641544575262 0.047890457053434303 -0.059453615646247973 -0.018004720266492292 0.03128447443294162 0.054595875476935479 0.0046880431281964017 0.017639750066834384 -0.092120817253320303 0.0034192115116809278 -0.023827548854480962 0.032201570501268199 0.0043539122307297319 -0.011148818309358967 0.0075371510858363855 -0.013367763000219265 0.031397410961219792 0.027717586019737873 0.016782628680842869 -0.033846735650247262 0.13555047805141349 0.02117002055431564
leaf_weight=2634 2831 492 3008 3773 145 2522 32 81 3148 2016 382 628 2755 136 281 30239 514 656 6585 1711 647 8379 18629 5503 1976 1727 6004 343 1539 38 1457
leaf_count=2634 2831 492 3008 3773 145 2522 32 81 3148 2016 382 628 2755 136 281 30239 514 656 6585 1711 647 8379 18629 5503 1976 1727 6004 343 1539 38 1457
internal_value=-8.58854e-07 -0.000523954 -0.00755989 -0.0106837 -0.0234892 -0.0388063 -0.137746 -0.0328517 0.00123841 0.000475696 0.00842763 -0.0115663 -0.00148454 -0.0184801 -0.000151881 0.00421598 -0.0348616 -0.0709023 0.0135623 -0.0191807 -0.00844449 -0.00571008 -0.0101705 -0.00328842 -0.0125408 0.00613178 0.0237811 -0.0366992 -0.0209458 -0.0207702 0.00128434
internal_weight=110811 108177 21671 18840 6896 3123 177 2946 86506 83358 16487 3368 66871 4861 62010 34721 2845 792 13119 2986 2358 27289 18910 11944 6441 31966 6534 2865 2053 530 3433
internal_count=110811 108177 21671 18840 6896 3123 177 2946 86506 83358 16487 3368 66871 4861 62010 34721 2845 792 13119 2986 2358 27289 18910 11944 6441 31966 6534 2865 2053 530 3433
is_linear=0
shrinkage=0.0845865


Tree=118
num_leaves=32
num_cat=0
split_feature=69 33 94 33 63 95 91 30 0 100 87 0 34 8 28 96 10 84 5 4 85 36 1 21 61 46 84 4 65 35 36
split_gain=164.236 180.388 193.027 210.021 201.125 196.452 195.726 184.901 182.848 206.187 202.163 179.924 245.744 195.779 193.517 175.353 204.353 183.449 182.681 180.794 172.335 171.249 174.588 167.844 167.432 230.494 172.845 164.483 156.78 153.212 150.446
threshold=0.045138791043896155 0.079373605516381562 0.0031894576691736004 -0.062774183508371592 0.0044221807984872507 0.03530601435568665 -0.023905668383493697 0.077210771072527815 0.070343430994422321 -0.62474999999999992 0.021254575573553404 0.24708386589886058 0.042303481707019107 -0.10791101939816189 0.052643329800541559 0.048954047731265056 -0.064098097568327975 0.063376308853757016 0.05792301220958166 0.00092078632227555015 0.024848455539455354 -0.095358795734079141 -0.046656018383281844 0.010300312543470651 0.00090438137800880004 0.011156305769271152 0.00058971559135565009 -0.034029129684996488 -0.014228658586348648 0.070301102172479563 0.010830848752001902
decision_type=2 2 2 2 2 2 2 2 2 2 2 2 2 2 2 2 2 2 2 2 2 2 2 2 2 2 2 2 2 2 2
left_child=1 2 4 6 15 11 -4 8 9 30 -11 12 13 -5 -14 16 18 29 20 -18 -1 -9 -23 -20 25 -10 -26 -13 -21 -17 -6
right_child=-2 -3 3 5 7 -7 -8 21 24 10 -12 27 14 -15 -16 17 19 -19 23 28 -22 22 -24 -25 26 -27 -28 -29 -30 -31 -32
leaf_value=-0.00010592823428758611 0.0098818515680864846 0.016818408228957409 0.021961882290855873 -0.065361426441935044 -0.067648606402449907 -0.011872503671662957 -0.02832194396058408 0.10374481769129937 -0.0095267567453759684 -0.0095689756877617715 -0.1379625778746931 -0.0079286927701598328 -0.026741416484116612 0.0072761751792613056 0.028212247911162988 -0.014306762402060094 -0.003163524234443152 -0.15520678981922328 -0.13877174801615016 -0.0032043063648211829 -0.05959788562230281 -0.0062718839649173125 -0.077332995785945421 -0.0013373054667101803 -0.004277087598016171 0.015646403363848597 -0.026665981462462171 0.030285386598310947 0.018160802454044788 -0.12470063766564962 -0.221024582343811
leaf_weight=1458 10853 3875 698 268 134 4860 2674 53 7462 717 100 1036 2796 27052 548 1697 13725 75 173 3619 458 387 689 101 4808 3996 5073 3615 7646 95 70
leaf_count=1458 10853 3875 698 268 134 4860 2674 53 7462 717 100 1036 2796 27052 548 1697 13725 75 173 3619 458 387 689 101 4808 3996 5073 3615 7646 95 70
internal_value=-6.82764e-07 -0.0010739 -0.00179573 0.00236818 -0.00524759 0.00407046 -0.0179067 -0.0110676 -0.00937999 -0.0443523 -0.0253202 0.00626513 0.00391287 0.00656269 -0.0177291 -0.000540427 0.00118133 -0.0256165 -0.0235929 0.00335333 -0.0143396 -0.0444702 -0.0517965 -0.0882019 -0.00770555 -0.000745669 -0.015774 0.0217687 0.0112952 -0.0201754 -0.120437
internal_weight=110811 99958 96083 43547 52536 40175 3372 23489 22360 1021 817 35315 30664 27320 3344 29047 27180 1867 2190 24990 1916 1129 1076 274 21339 11458 9881 4651 11265 1792 204
internal_count=110811 99958 96083 43547 52536 40175 3372 23489 22360 1021 817 35315 30664 27320 3344 29047 27180 1867 2190 24990 1916 1129 1076 274 21339 11458 9881 4651 11265 1792 204
is_linear=0
shrinkage=0.0845865


Tree=119
num_leaves=32
num_cat=0
split_feature=59 26 7 24 42 62 80 22 77 22 0 53 14 80 78 51 2 18 88 17 30 76 26 49 11 26 73 100 12 45 50
split_gain=159.262 219.671 225.198 207.623 252.842 208.357 235.681 227.428 208.05 223.03 205.394 189.359 185.597 169.543 169.086 166.564 202.791 165.159 163.463 226.775 197.957 236.402 185.857 163.523 157.229 160.997 154.024 148.774 148.716 152.337 148.342
threshold=-0.021222957627149895 0.00033916871458705006 0.14177564617113228 -0.011851749162440698 0.065021607192793721 -0.0022847900001730496 0.0017792327008141504 -0.0055880422805309991 0.0261055223421492 0.031528000612794309 0.26524841051772857 0.023699055466616353 -0.0082507642678362973 0.030415710613557953 -0.10068251429073223 0.05357453632875811 0.055801721321107306 -0.062536991332287337 0.01198712986622605 -0.016240531682504597 0.091282984951837967 -0.014289407557378597 -0.087780697106298933 -0.0067628628130599498 -0.11004754385454064 0.092827874771053615 0.035543606788343805 -0.20219999999999996 -0.036334146418413642 0.04211030058672386 0.019580202006997505
decision_type=2 2 2 2 2 2 2 2 2 2 2 2 2 2 2 2 2 2 2 2 2 2 2 2 2 2 2 2 2 2 2
left_child=10 2 3 8 5 28 7 -7 9 27 14 13 -8 24 -1 16 -11 -13 20 22 23 -22 -20 -16 -3 26 -26 30 -5 -30 -2
right_child=1 11 -4 4 -6 6 12 -9 -10 15 -12 17 -14 -15 18 -17 -18 -19 19 -21 21 -23 -24 -25 25 -27 -28 -29 29 -31 -32
leaf_value=-0.086398286406723215 0.016939884846142467 -0.029248393999032309 -0.05340335921645168 0.017329015660614424 -0.048416372987266303 0.012387266483159312 -0.010776283271425274 -0.020602144724161095 -0.018506686908568725 -0.018677197069227471 0.024879271695731418 0.023530030127508338 -0.040622618315089433 -0.0076828384240301278 8.0686498390172658e-05 -0.06463681140831419 0.034562876732459967 -0.010936003563100136 -0.15491862075772281 0.0047521073187155212 0.026598582177202859 -0.093038739523153904 -0.020236787648262804 0.018025241781968772 0.005534363101730333 0.045857671642514898 0.024655810557273641 0.0033645397207576213 -0.010297595751122329 0.02292350276502075 0.054355257332898727
leaf_weight=151 3241 778 718 2696 1189 2987 2621 2993 2732 1957 3445 1107 3464 5815 6337 380 693 9781 75 5459 199 290 3240 8524 22190 836 3489 4303 6980 1150 991
leaf_count=151 3241 778 718 2696 1189 2987 2621 2993 2732 1957 3445 1107 3464 5815 6337 380 693 9781 75 5459 199 290 3240 8524 22190 836 3489 4303 6980 1150 991
internal_value=-8.84408e-07 -0.00185326 -0.00646718 -0.0055884 -0.0103826 -0.00840594 -0.0160503 -0.00412047 0.00248477 0.0074455 0.00555087 0.0022462 -0.0277706 0.0054289 0.00280693 -0.0122652 -0.00474586 -0.00742971 0.00336641 -0.00584172 0.00863113 -0.0443114 -0.0232933 0.0103748 0.00822325 0.00932362 0.00813328 0.0144455 0.000111381 -0.00559566 0.0257071
internal_weight=110811 83091 39095 38377 24080 22891 12065 5980 14297 11565 27720 43996 6085 33108 24275 3030 2650 10888 24124 8774 15350 489 3315 14861 27293 26515 25679 8535 10826 8130 4232
internal_count=110811 83091 39095 38377 24080 22891 12065 5980 14297 11565 27720 43996 6085 33108 24275 3030 2650 10888 24124 8774 15350 489 3315 14861 27293 26515 25679 8535 10826 8130 4232
is_linear=0
shrinkage=0.0845865


Tree=120
num_leaves=32
num_cat=0
split_feature=9 1 100 22 31 3 38 46 84 43 43 6 46 40 25 75 75 48 95 57 5 29 55 36 11 10 7 81 25 28 97
split_gain=158.37 200.76 204.946 175.679 168.13 195.798 215.823 190.519 196.584 177.803 173.663 229.281 171.421 205.189 159.678 158.15 154.228 152.843 151.6 152.656 144.128 135.856 133.847 131.466 126.532 122.865 122.195 120.022 132.071 118.89 130.898
threshold=0.094949386485631324 -0.15482403420593177 -0.97184999999999988 0.10932420719646672 -0.078205024427311282 0.044148753684022261 0.067064503635976561 0.033852313959164611 0.053243956241722908 0.06722702052172766 0.023790647366439151 0.082748586401843974 -0.012708053701076799 -0.0018302620324452499 0.016235852676353652 0.089763778272768116 -0.036394444599342442 0.042556395161875656 -0.0060264629452807484 0.014376581544420152 0.16958822993925374 -0.10282473433565557 -0.032729419874984143 0.00073518033712390008 0.040123507386760508 -0.042318257180240147 0.02534889633907365 -0.064146253001378634 -0.036197613853861041 0.011896528602841402 -0.024035040040990996
decision_type=2 2 2 2 2 2 2 2 2 2 2 2 2 2 2 2 2 2 2 2 2 2 2 2 2 2 2 2 2 2 2
left_child=1 15 14 27 17 6 7 8 -6 24 12 22 20 -14 18 25 -16 -4 19 -3 -7 -9 -12 -11 -8 -1 -21 -2 -29 -20 -31
right_child=3 2 4 -5 5 10 9 21 -10 23 11 -13 13 -15 16 -17 -18 -19 29 26 -22 -23 -24 -25 -26 -27 -28 28 -30 30 -32
leaf_value=0.066255749980630371 -0.07483735351547928 -0.077230220414030007 -0.024231454282207 -0.098737062850224433 -0.00060928174422105678 -0.011198172202671271 -0.024504768485896111 0.08930014597247346 -0.021940590838860265 -0.10898172439527973 -0.010446382611253044 0.074534382765937351 -0.00024965580117559575 0.022227631433858194 0.076848883425038997 -0.11408391184584343 -0.085660874117892818 0.024595058271915906 -0.019957784526895412 0.063624265177462544 0.036777379610712771 0.0088261054934830729 0.021603727918527504 -0.022329346788429037 0.014666890599721472 0.018350501139527051 -0.057855004276416259 0.020617534012368453 -0.014812255968242814 0.16149737451603807 0.025753986064820423
leaf_weight=524 204 358 3130 169 54528 5845 2105 152 3277 265 1163 507 6533 5231 46 55 438 537 287 134 485 11992 4683 239 819 1432 106 909 4369 66 223
leaf_count=524 204 358 3130 169 54528 5845 2105 152 3277 265 1163 507 6533 5231 46 55 438 537 287 134 485 11992 4683 239 819 1432 106 909 4369 66 223
internal_value=-8.11176e-07 0.000740281 0.000224019 -0.0137955 0.000706144 0.00137292 -0.000811137 0.000204116 -0.00181896 -0.0215334 0.00792914 0.0199613 0.00370327 0.00974339 -0.0292743 0.0272091 -0.0701633 -0.0170751 -0.0123959 -0.0422363 -0.00751861 0.00983559 0.015224 -0.0679412 -0.0135256 0.0311967 0.00988103 -0.0111718 -0.00870617 0.0185485 0.0568578
internal_weight=110811 105160 103149 5651 101491 97824 73377 69949 57805 3428 24447 6353 18094 11764 1658 2011 484 3667 1174 598 6330 12144 5846 504 2924 1956 240 5482 5278 576 289
internal_count=110811 105160 103149 5651 101491 97824 73377 69949 57805 3428 24447 6353 18094 11764 1658 2011 484 3667 1174 598 6330 12144 5846 504 2924 1956 240 5482 5278 576 289
is_linear=0
shrinkage=0.0845865


Tree=121
num_leaves=32
num_cat=0
split_feature=66 93 19 8 39 19 42 65 55 15 8 60 28 49 75 78 48 3 44 3 69 87 32 57 80 69 67 80 40 79 0
split_gain=155.832 214.902 197.95 195.996 195.64 195.392 189.807 188.381 211.309 216.075 215.822 190.836 188.958 187.036 169.527 159.906 156.762 155.621 142.494 168.502 183.056 161.032 149.922 146.238 144.514 139.324 136.207 134.892 155.722 138.126 133.011
threshold=-0.036486868688072244 0.0081278142905686513 -0.024266918946898447 -0.11358486193744084 -0.064510821965487436 -0.10105715696322749 0.0037878040566776002 0.054342661265428457 -0.020791748898810299 0.11429078169592517 -0.083201446603720988 -0.020365393629291996 -0.10240213885675449 -0.050014508369526596 0.059197104085968406 -0.088482737059827538 -0.093114618338819746 0.0064618689704486502 0.0042876583924339505 0.022690904490577004 0.058454443882181607 -0.0026135137224682493 -0.020173978751825899 0.023095012998503205 -0.0020859978668531496 0.035054076268680963 -0.032815370526663688 -0.052492412390486992 -0.0032510952555339493 -0.0048798049157851991 0.13986206392676553
decision_type=2 2 2 2 2 2 2 2 2 2 2 2 2 2 2 2 2 2 2 2 2 2 2 2 2 2 2 2 2 2 2
left_child=1 18 3 17 -2 -6 14 8 10 12 -7 15 26 -14 -4 -12 -13 -3 19 20 21 22 25 -20 -24 -1 -10 -5 29 -29 -23
right_child=4 2 6 27 5 7 -8 -9 9 -11 11 16 13 -15 -16 -17 -18 -19 23 -21 -22 30 24 -25 -26 -27 -28 28 -30 -31 -32
leaf_value=-0.051974312274943583 0.016732277168233393 -0.14240180755079029 -0.0082602051947267916 0.07940970607546928 0.026756499854960012 -0.049883521108204591 -0.052459845063875417 0.014626004392070098 -0.10464596030644421 0.040548224931110016 -0.10012714221079895 0.059151452004313862 -0.015725732200721779 0.0026379251454126031 -0.10334483487179867 0.0071020855397509975 -0.013086749587158988 0.0950593781848076 0.002299146267590594 0.010677093587876694 0.054661581826372943 -0.099565393350153408 0.051236081208467399 0.038874762109703684 -0.018863125496439776 0.084578854550590915 -0.021393997752148411 0.0074366795543237534 0.021355321086316277 -0.06702418239119573 -0.034356449104629108
leaf_weight=554 5504 108 1966 170 1955 862 1750 5678 164 986 101 218 4281 54295 144 6356 14519 24 2912 1881 211 277 421 1070 420 59 994 354 1041 358 1178
leaf_count=554 5504 108 1966 170 1955 862 1750 5678 164 986 101 218 4281 54295 144 6356 14519 24 2912 1881 211 277 421 1070 420 59 994 354 1041 358 1178
internal_value=-7.60938e-07 -0.00804941 -0.020569 0.000628393 0.0012492 0.000306364 -0.0318594 -0.000278013 -0.00130062 0.00127484 -0.00839177 -0.00670307 0.000626169 0.00129545 -0.0147625 0.0054205 -0.0120164 -0.0990397 0.000192012 -0.00931181 -0.0213696 -0.0268929 -0.00696676 0.0121332 0.0162041 -0.0387889 -0.0332081 0.00748414 0.000494153 -0.0299757 -0.0467894
internal_weight=110811 14898 5915 2055 95913 90409 3860 88454 82776 60720 22056 21194 59734 58576 2110 6457 14737 132 8983 5001 3120 2909 1454 3982 841 613 1158 1923 1753 712 1455
internal_count=110811 14898 5915 2055 95913 90409 3860 88454 82776 60720 22056 21194 59734 58576 2110 6457 14737 132 8983 5001 3120 2909 1454 3982 841 613 1158 1923 1753 712 1455
is_linear=0
shrinkage=0.0845865


Tree=122
num_leaves=32
num_cat=0
split_feature=6 100 32 29 3 68 65 76 33 67 49 89 65 55 90 30 12 80 6 62 53 79 60 27 85 57 19 55 100 56 73
split_gain=153.821 167.018 170.963 188.266 159.429 159.326 162.345 170.262 183.089 171.644 246.109 185.545 214.32 175.207 167.71 159.745 146.636 175.126 157.426 135.265 133.111 131.185 118.333 125.271 113.353 134.247 116.821 108.618 105.559 117.408 134.519
threshold=0.16028091844503176 -0.22549999999999998 0.024320914179408255 -0.014579385784420548 -0.11081206617757354 -0.083059174391951637 0.050490086676567854 -0.084053884084150779 -0.083952524979171592 0.0012271642723828003 0.023123302719176151 0.0014714837640885001 -0.027725897441189449 -0.015863356500390596 -0.053384095936010144 0.065842350269431624 -0.040387865745433037 0.059623638919799611 -0.034235162098269496 -0.029872657047209497 -0.08584434723634958 0.0028122980251404505 -0.0106856069910142 -0.020298855753554845 0.016549050228564004 0.00065434795783280016 -0.032516694644293694 -0.056885166452190841 0.051650000000000008 0.00094269038444470008 0.020950696501321104
decision_type=2 2 2 2 2 2 2 2 2 2 2 2 2 2 2 2 2 2 2 2 2 2 2 2 2 2 2 2 2 2 2
left_child=5 2 3 -2 24 -1 7 16 19 11 14 12 -10 -13 -11 -12 -7 -18 -19 -9 -21 22 -4 -24 -3 26 -26 -22 29 -8 -31
right_child=1 4 21 -5 -6 6 28 8 9 10 15 13 -14 -15 -16 -17 17 18 -20 20 27 -23 23 -25 25 -27 -28 -29 -30 30 -32
leaf_value=-0.023574363559786364 -0.091708943487109229 0.023962414980218442 0.092309766382884906 0.011547290019298297 0.053855683885185322 0.018482614947215655 0.0052755360329541237 0.0058747422283704723 -0.021916715401840425 0.028091234971001862 0.018420927728244021 -0.0090337957649300193 -0.0039175753437127375 0.0072051551236778262 -0.00077417920938899958 -0.018871781322775283 -0.030155182793097784 -0.22088520444713536 -0.057049641063448855 -0.14779612015235163 -0.099361397068527466 0.13923863446082443 -0.21515658843759158 0.041891372865586619 -0.30430257476276013 0.025117931307092715 -0.074100005969165522 -0.023534804167762834 0.00044373747292843972 0.048378227130541844 0.0077508091715351099
leaf_weight=2090 240 229 47 266 1127 340 2078 918 6199 1505 9618 6814 20037 15718 33371 898 910 70 106 70 146 80 28 26 24 53 47 1852 3446 1503 955
leaf_count=2090 240 229 47 266 1127 340 2078 918 6199 1505 9618 6814 20037 15718 33371 898 910 70 106 70 146 80 28 26 24 53 47 1852 3446 1503 955
internal_value=-6.61458e-07 0.0223135 -0.0121294 -0.0373915 0.0383157 -0.000445946 7.51982e-06 -0.000931822 -0.000505666 0.000148046 0.00389161 -0.00333593 -0.00817124 0.00229331 0.000470887 0.0152342 -0.0299473 -0.0451293 -0.122391 -0.0211264 -0.0331225 0.0583632 -0.00553509 -0.0910991 -0.0112382 -0.0763956 -0.152426 -0.0290895 0.0116103 0.0200887 0.0326027
internal_weight=110811 2167 687 506 1480 108644 106554 98572 97146 94160 45392 48768 26236 22532 34876 10516 1426 1086 176 2986 2068 181 101 54 353 124 71 1998 7982 4536 2458
internal_count=110811 2167 687 506 1480 108644 106554 98572 97146 94160 45392 48768 26236 22532 34876 10516 1426 1086 176 2986 2068 181 101 54 353 124 71 1998 7982 4536 2458
is_linear=0
shrinkage=0.0845865


Tree=123
num_leaves=32
num_cat=0
split_feature=19 11 29 20 39 65 25 69 89 57 22 32 76 36 1 8 48 29 84 66 96 68 9 68 31 4 33 69 68 7 89
split_gain=150.841 199.346 191.63 200.129 216.173 201.601 198.357 281.45 262.08 218.961 210.561 197.818 194.447 192.781 192.619 229.616 178.383 205.662 167.983 217.333 202.27 221.076 177.185 225.943 177.315 175.674 167.171 166.308 154.506 153.653 145.757
threshold=0.013421815030002901 -0.15516119816725618 -0.074545702936556976 -0.051338700243623546 -0.039887494194190944 -0.014228658586348648 -0.017865221502436999 -0.06274370130998598 -0.010156647010571748 -0.015686237046437245 -0.028171261390006395 0.0082407641332049517 0.016445765713161205 0.066498879434303118 -0.12786072227555087 -0.088596226377730986 0.0065755169786164006 0.051398016227022954 -0.025755656226518646 -0.055462999549592946 0.012714300673230101 -0.078843772711572294 0.0027172724448009506 0.026707111845375154 -0.056405694904297497 -0.007551244806558049 -0.025470243522662247 0.045138791043896155 0.033540661909218651 -0.11662074239669119 0.0049051955268203506
decision_type=2 2 2 2 2 2 2 2 2 2 2 2 2 2 2 2 2 2 2 2 2 2 2 2 2 2 2 2 2 2 2
left_child=2 -2 -1 -4 29 6 8 9 10 -8 -6 14 -10 -9 -7 -16 17 -13 19 26 21 -20 24 -24 -23 -26 28 -18 -3 -5 -22
right_child=1 18 3 4 5 11 7 13 12 -11 -12 16 -14 -15 15 -17 27 -19 20 -21 30 22 23 -25 25 -27 -28 -29 -30 -31 -32
leaf_value=0.025570544250846903 -0.070507259752442306 -0.14640039224060244 0.014139925013833458 -0.047146174751350634 -0.0083026234074302669 0.03480024818329467 0.014757525303657105 -0.0036583915130155328 -0.021868912688306662 -0.093020709628882217 -0.068469779451610327 0.0064684465663018571 0.027172214231327121 0.045235254266902919 -0.041189117459619326 0.0057110068106991062 -0.023327796044644133 -0.036944344324920976 -0.067057122136158276 0.010402096668259525 -0.025694119899055699 -0.023325988320213605 -0.016215914755828648 0.019034761624239994 -0.0022806424121431215 0.0197469675014307 -0.0088571126146689567 0.030480776924173857 0.07255115973238345 0.013147051825728619 -0.0046164058580511532
leaf_weight=2446 322 152 7914 312 617 1557 196 10339 2143 430 1284 6623 792 611 776 19812 4925 885 366 7769 5522 1306 7186 1588 4749 5695 285 448 27 9646 4088
leaf_count=2446 322 152 7914 312 617 1557 196 10339 2143 430 1284 6623 792 611 776 19812 4925 885 366 7769 5522 1306 7186 1588 4749 5695 285 448 27 9646 4088
internal_value=-6.30407e-07 -0.00423102 0.00230157 0.00148006 -0.000151477 -0.00236021 -0.0100964 -0.00408368 -0.0244845 -0.0592434 -0.0489537 0.00126411 -0.00862776 -0.000927968 0.00611277 0.00394209 -0.00707003 0.00134808 -0.00367937 0.00704106 -0.00657389 -0.00190065 -0.00073748 -0.0098334 0.00605286 0.00972878 -0.0491821 -0.018837 -0.113241 0.0112555 -0.0167302
internal_weight=110811 39055 71756 69310 61396 51438 16412 11576 4836 626 1901 35026 2935 10950 22145 20588 12881 7508 38733 8233 30500 20890 20524 8774 11750 10444 464 5373 179 9958 9610
internal_count=110811 39055 71756 69310 61396 51438 16412 11576 4836 626 1901 35026 2935 10950 22145 20588 12881 7508 38733 8233 30500 20890 20524 8774 11750 10444 464 5373 179 9958 9610
is_linear=0
shrinkage=0.0845865


Tree=124
num_leaves=32
num_cat=0
split_feature=0 25 95 100 30 23 6 9 21 3 8 90 88 38 22 40 10 3 32 56 25 37 58 0 21 4 67 84 71 17 97
split_gain=148.039 283.05 268.654 252.898 315.256 276.951 263.123 246.166 227.473 219.446 252.599 210.844 262.987 234.617 213.122 206.536 194.063 187.16 186.416 185.505 185.406 198.328 178.368 177.055 260.699 307.697 201.633 187.874 171.082 218.87 180.791
threshold=0.14845191993067103 -0.011434300484396647 -0.091271359942165536 -0.47729999999999995 0.056111016366586504 -0.022861106178854996 0.14380959573279709 -0.0084622106144956483 0.065684650793708957 -0.0011709492336022499 -0.068483053031087746 -0.0022509318282072496 0.051008806174984704 0.029817050943492403 0.032865081824452559 -0.015433004001775297 -0.07457070283821314 -0.036810257497380296 0.069681353578377209 -0.015899058676012445 -0.056126013504897043 -0.088481976077402186 0.090580881842646857 0.067923067979694468 -0.021375067792139799 -0.0018155148190290499 -0.023827648771488796 0.04717390200281641 0.019388090248938804 -0.011178207417548448 0.0051629932396227004
decision_type=2 2 2 2 2 2 2 2 2 2 2 2 2 2 2 2 2 2 2 2 2 2 2 2 2 2 2 2 2 2 2
left_child=1 2 -1 4 5 18 15 20 22 10 -4 12 14 19 -12 -5 -9 -17 -2 -13 -7 -22 -6 24 -11 26 -26 28 30 -30 -25
right_child=3 -3 9 6 8 7 -8 16 -10 23 11 13 -14 -15 -16 17 -18 -19 -20 -21 21 -23 -24 27 25 -27 -28 -29 29 -31 -32
leaf_value=-0.26279299195120215 -0.0047843892173118525 0.00087395319429702824 -0.15412184117862793 -0.010924644379110157 -0.022214245122524678 -0.0065735104597491358 0.027213629637311294 -0.022852554068219778 0.033657989433943221 0.021473997039067699 0.012171525046422766 0.0057114191962759969 -0.15539452891916558 -0.11489395450443438 -0.070012989012073645 -0.0091705487559889283 0.014959548117407869 0.0063009041595902563 0.051117175721204076 -0.048607343823241465 -0.057599204234907837 0.041373410563186747 0.10773189719633577 0.019917316709213879 -0.40415612626553615 0.0018590464759506774 -0.13661878092190877 -0.053995005678981307 -0.059466999218690704 0.0032025084817755168 -0.010141852523188534
leaf_weight=31 6650 26635 112 15485 3788 749 2141 1089 673 201 1669 635 80 281 261 8170 8942 17743 456 1537 149 4946 77 3438 23 124 168 478 696 932 2452
leaf_count=31 6650 26635 112 15485 3788 749 2141 1089 673 201 1669 635 80 281 261 8170 8942 17743 456 1537 149 4946 77 3438 23 124 168 478 696 932 2452
internal_value=-6.44555e-07 -0.00413434 -0.0143048 0.00231163 0.00865907 0.0126826 -0.00169981 0.0188953 -0.011712 -0.0137133 -0.0286548 -0.0254992 -0.00517635 -0.0421425 0.0010444 -0.00319569 0.0108523 0.00142214 -0.00119368 -0.0327174 0.0326969 0.0384741 -0.0196181 -0.0056799 -0.0537019 -0.101733 -0.169076 -0.00257785 0.000688906 -0.0235781 0.00740013
internal_weight=110811 39753 13118 71058 27519 22981 43539 15875 4538 13087 4575 4463 2010 2453 1930 41398 10031 25913 7106 2172 5844 5095 3865 8512 516 315 191 7996 7518 1628 5890
internal_count=110811 39753 13118 71058 27519 22981 43539 15875 4538 13087 4575 4463 2010 2453 1930 41398 10031 25913 7106 2172 5844 5095 3865 8512 516 315 191 7996 7518 1628 5890
is_linear=0
shrinkage=0.0845865


Tree=125
num_leaves=32
num_cat=0
split_feature=91 71 63 0 45 26 21 20 24 60 74 69 100 86 51 99 48 18 70 51 80 28 0 90 64 38 44 74 53 22 21
split_gain=144.317 178.817 214.036 208.292 214.024 199.502 190.751 168.526 202.021 196.131 171.946 160.882 255.117 168.876 208.733 158.275 157.091 186.573 211.774 194.24 169.083 152.372 241.259 273.69 247.806 158.919 176.616 162.041 210.047 201.858 150.779
threshold=0.010692194638635001 -0.0033827500631800496 0.079626090336848365 0.08861108222700996 -0.0047546234688277495 -0.065235505609281541 -0.11763871127020718 -0.008768889228076197 0.072813915946014163 -0.0196595393332888 -0.0023340475732151495 -0.0069118842383069992 0.42215000000000008 0.015047755819987352 0.031782450856108611 -0.0098701155495427972 -0.035906120300459442 0.030711354324205905 -0.026408668264631747 0.02696884228286615 0.05248369320272666 -0.051276124288967641 0.16656824644338777 0.066366595241610718 0.0066313687401437513 -0.027809504129796398 0.071295175685040055 -0.0014844754712291998 0.0064052979549694012 -0.056694802089760042 0.090825141032628023
decision_type=2 2 2 2 2 2 2 2 2 2 2 2 2 2 2 2 2 2 2 2 2 2 2 2 2 2 2 2 2 2 2
left_child=1 3 6 4 11 -6 -3 10 9 -9 -7 12 13 14 -1 -12 -8 18 30 -20 -19 22 23 25 -24 -2 27 28 -27 -29 -18
right_child=21 2 -4 -5 5 7 16 8 -10 -11 15 -13 -14 -15 -16 -17 17 20 19 -21 -22 -23 24 -25 -26 26 -28 29 -30 -31 -32
leaf_value=-0.12970726460377341 0.0057475769892190052 -0.063826704688090125 -0.049615579333178846 0.0086279480361631366 0.14673737437750914 0.06023645235361158 0.012615811897214264 0.021517787699285862 -0.28504864750586528 -0.067844784063778862 -0.15385005455121398 0.035042319612303925 0.05029324200585851 0.034833083656193281 0.10347760060011202 0 -0.016738572230514365 -0.013223379908232991 0.0087469006442831062 -0.011457781470653725 -0.080752102392634958 -0.0021600428006939422 -0.025284161333477311 -0.1864447086707603 0.02169080921212552 -0.053830679696097943 -0.21421526532709459 0.01529748460653692 0.060889302538418594 -0.1061861488858675 0.067585387140412789
leaf_weight=232 454 342 658 31637 42 210 5648 216 27 934 68 786 205 85 31 161 5341 5441 15794 4339 279 33279 1850 92 1420 306 47 127 182 422 156
leaf_count=232 454 342 658 31637 42 210 5648 216 27 934 68 786 205 85 31 161 5341 5441 15794 4339 279 33279 1850 92 1420 306 47 127 182 422 156
internal_value=-7.02372e-07 0.00221228 -0.00179421 0.00660854 -0.0147014 -0.0350174 -0.000950849 -0.0397602 -0.0564433 -0.0510414 0.00492177 0.0104392 -0.0244917 -0.0686085 -0.102121 -0.0457132 -0.000368952 -0.00270898 0.000372911 0.00439137 -0.0165218 -0.00421126 -0.0181378 -0.044723 -0.0048787 -0.036224 -0.0538214 -0.0465181 -0.0109997 -0.0780461 -0.0143409
internal_weight=110811 72632 37998 34634 2997 1658 37340 1616 1177 1150 439 1339 553 348 263 229 36998 31350 25630 20133 5720 38179 4900 1630 3270 1538 1084 1037 488 549 5497
internal_count=110811 72632 37998 34634 2997 1658 37340 1616 1177 1150 439 1339 553 348 263 229 36998 31350 25630 20133 5720 38179 4900 1630 3270 1538 1084 1037 488 549 5497
is_linear=0
shrinkage=0.0845865


Tree=126
num_leaves=32
num_cat=0
split_feature=9 0 22 12 58 83 69 3 20 0 7 19 20 39 17 100 54 17 100 36 31 96 13 99 8 74 11 7 94 98 67
split_gain=145.941 185.994 202.372 198.886 176.959 191.887 184.241 171.05 164.416 164.218 318.14 263.24 224.87 206.86 220.867 205.643 220.092 199.895 244.346 176.441 156.697 161.64 202.462 155.15 153.014 150.743 163.477 147.452 145.981 184.219 158.389
threshold=0.034612091758803705 0.21302536036341352 -0.059720986629414295 0.081888348261178065 -0.032443472464120243 0.0060210360561594508 -0.061005766318179042 -0.088985300486329535 0.0082940215699038519 0.12999010278713977 0.11956118293705177 -0.010967912583573748 0.041553637582559505 -0.0095867538675536487 0.018232328630373402 -0.050699999999999988 -0.030730280766084698 -0.032491006462105891 -0.52614999999999978 0.031681223999993208 -0.078205024427311282 -0.0038838561625623496 0.080261914879065061 -0.037622168586526096 -0.094982944476453182 -0.00030333493505244996 -0.013747039979246048 -0.036623734746121746 0.016497793063791753 -0.0016432634010284497 -0.070772357795866533
decision_type=2 2 2 2 2 2 2 2 2 2 2 2 2 2 2 2 2 2 2 2 2 2 2 2 2 2 2 2 2 2 2
left_child=4 2 -2 24 5 -1 28 -3 -7 10 12 15 17 19 -15 16 -11 18 -8 -14 -13 22 -22 -18 -4 26 -26 -19 29 -6 -31
right_child=1 7 3 -5 6 8 9 -9 -10 11 -12 20 13 14 -16 -17 23 27 -20 -21 21 -23 -24 -25 25 -27 -28 -29 -30 30 -32
leaf_value=0.017339854407018483 0.0254259867611514 -0.019741007558881078 -0.078459300490208883 -0.058427210210260774 -0.0089670015666775023 0.011191752607878922 -0.053509298625318114 0.0076478654532278582 -0.016381875817929728 -0.0041612547067549945 -0.19375785933862827 -0.030976257149956943 0.025187176309036882 -0.069608260887723358 -7.3073975468446913e-05 0.0028148658116790245 -0.0089891784597022489 0.026190510092495876 -0.0051876038123219118 -0.050246995772155141 0.0038078283703160834 -0.0066151674814238183 0.047120032236199351 0.031397579570407223 -0.021427422187489824 -0.020348284371523494 0.0077779121446288979 -0.0002366592258172464 0.0029940396879632801 -0.19284773992746546 -0.051879216910021606
leaf_weight=9497 964 1995 245 705 1001 3288 1057 8947 2922 2068 64 1263 694 1057 474 10369 760 1721 2571 326 10762 13867 832 6446 2030 6153 4225 12341 1210 61 896
leaf_count=9497 964 1995 245 705 1001 3288 1057 8947 2922 2068 64 1263 694 1057 474 10369 760 1721 2571 326 10762 13867 832 6446 2030 6153 4225 12341 1210 61 896
internal_value=-6.83268e-07 -0.00564959 -0.0119936 -0.0146957 0.00166732 0.00977955 -0.000156817 0.00265215 -0.00177911 0.000789913 -0.00555337 0.00356822 -0.0049566 -0.0284347 -0.0480949 0.0110023 0.0201541 -0.00156963 -0.0192725 0.00105524 -0.00189528 -0.000451799 0.00691806 0.0271351 -0.0122571 -0.0109478 -0.00169712 0.00299626 -0.0200875 -0.0343619 -0.0608997
internal_weight=110811 25264 14322 13358 85547 15707 69840 10942 6210 66672 20305 46367 20241 2551 1531 19643 9274 17690 3628 1020 26724 25461 11594 7206 12653 12408 6255 14062 3168 1958 957
internal_count=110811 25264 14322 13358 85547 15707 69840 10942 6210 66672 20305 46367 20241 2551 1531 19643 9274 17690 3628 1020 26724 25461 11594 7206 12653 12408 6255 14062 3168 1958 957
is_linear=0
shrinkage=0.0845865


Tree=127
num_leaves=32
num_cat=0
split_feature=70 18 77 87 39 92 15 2 74 50 25 76 4 54 21 34 65 38 87 80 27 32 81 52 84 58 53 3 9 87 26
split_gain=141.061 218.948 176.778 203.002 163.563 191.995 204.108 230.552 190.765 172.716 158.151 155.591 153.479 149.884 149.148 147.561 144.344 168.217 153.564 143.579 163.596 141.042 140.485 151.125 140.421 130.237 135.91 129.565 142.87 128.556 176.09
threshold=0.035342665299899906 0.018195563415069255 -0.0025984990746488997 0.0060087943846807513 0.0011390547352097501 0.029564414787532804 -0.10991302374874019 -0.027183055661420947 -0.0038514607751431499 -0.024532762006744046 -0.0076922385667503998 0.0065014672032011507 -0.019296348822078997 0.05642860453530401 -0.0068068241796669492 -0.021573949490270947 -0.046835444660971538 0.11569804783461667 0.0057188397981021511 0.042613820265930157 -0.0020044787721314994 0.1179464241777554 -0.045186221553866347 0.058277531396614603 0.05065767875757516 0.090580881842646857 -0.0048960548804240491 0.096604976774522525 0.034612091758803705 -0.031438345978833791 -0.087780697106298933
decision_type=2 2 2 2 2 2 2 2 2 2 2 2 2 2 2 2 2 2 2 2 2 2 2 2 2 2 2 2 2 2 2
left_child=2 12 3 19 11 6 9 25 24 -6 -10 -4 -2 -14 -15 -13 18 -18 -3 29 -21 22 23 -5 -9 26 -8 28 -24 30 -1
right_child=1 16 4 21 5 -7 7 8 10 -11 -12 15 13 14 -16 -17 17 -19 -20 20 -22 -23 27 -25 -26 -27 -28 -29 -30 -31 -32
leaf_value=-0.050848353399131976 -0.00017813152686036837 -0.0084250403648713119 -0.0053035997957474497 -0.019833536192444771 0.020398394035228858 0.0071034005438382541 0.018829357950840332 -0.0043306007520204619 -0.01221266376850616 -0.10558690436282495 -0.037653927256429714 0.023892939582169054 0.016712531209269521 0.10432070590827852 0.022763799019930055 0.0014863451454112107 -0.0019620300677576303 -0.22629752268535899 -0.10365348717909315 -0.034920717368363399 0.0085583327961527254 0.074063577024844188 -0.00058176939516324641 -0.11193896532522153 -0.059057646078327239 -0.072030316067710098 -0.007337492527132416 0.020242869365527324 -0.020662217697836688 0.0062103773733294936 0.024452261179159239
leaf_weight=232 3964 265 15592 1683 105 4035 2535 6107 2946 298 4311 3004 7103 290 361 7018 3887 24 224 1156 1332 165 13067 138 355 165 3228 1673 3146 17261 5141
leaf_count=232 3964 265 15592 1683 105 4035 2535 6107 2946 298 4311 3004 7103 290 361 7018 3887 24 224 1156 1332 165 13067 138 355 165 3228 1673 3146 17261 5141
internal_value=-7.73832e-07 0.00731404 -0.00124608 0.00259469 -0.00472367 -0.00972787 -0.0131162 -0.0118925 -0.0179158 -0.0727111 -0.0273291 -1.73434e-05 0.0133558 0.0202774 0.0591345 0.00820475 -0.00877146 -0.00334793 -0.0520988 0.00764817 -0.0116352 -0.00379282 -0.00444601 -0.026829 -0.00734099 0.00204373 0.00416904 -0.00216588 -0.0044796 0.00976883 0.0211963
internal_weight=110811 16118 94693 44994 49699 24085 20050 19647 13719 403 7257 25614 11718 7754 651 10022 4400 3911 489 25122 2488 19872 19707 1821 6462 5928 5763 17886 16213 22634 5373
internal_count=110811 16118 94693 44994 49699 24085 20050 19647 13719 403 7257 25614 11718 7754 651 10022 4400 3911 489 25122 2488 19872 19707 1821 6462 5928 5763 17886 16213 22634 5373
is_linear=0
shrinkage=0.0845865


Tree=128
num_leaves=32
num_cat=0
split_feature=42 31 91 30 0 100 70 22 23 38 45 100 54 22 46 66 14 34 3 92 47 15 31 100 23 46 89 44 14 71 29
split_gain=138.626 160.595 182.363 184.651 218.681 272.929 280.891 238.212 222.236 212.526 208.309 239.839 178.592 185.932 154.582 189.379 184.468 171.921 166.612 170.4 158.938 147.639 142.816 142.987 141.578 139.296 139.038 138.243 136.924 136.054 134.61
threshold=-0.083590331011049082 -0.065774105952506684 0.010692194638635001 0.064317477942118659 0.1185907317813495 -0.20219999999999996 -0.029264869718712047 -0.043318498161589745 -0.0034751441235148493 0.093995440246751411 -0.0104510930277816 -0.34074999999999994 -0.094959443109264227 -0.011471464705635049 0.0010613839116344001 0.014000374182821853 -0.089854293543004185 0.086791661054255564 0.12681663250519523 -0.06220713119486989 0.067547908080758265 -0.093073355422520182 0.099880472123125411 -0.8748999999999999 -0.0022953188473145499 0.11752244867158936 0.024894712384885751 0.075977481379009906 0.061645888183709904 0.00090390051155045013 0.036236103132952405
decision_type=2 2 2 2 2 2 2 2 2 2 2 2 2 2 2 2 2 2 2 2 2 2 2 2 2 2 2 2 2 2 2
left_child=-1 -2 3 4 5 6 8 -8 -3 10 -6 -12 -7 -14 16 25 -4 24 19 20 -18 -21 23 -11 26 27 -17 29 -29 -16 -19
right_child=1 2 14 -5 9 12 7 -9 -10 22 11 -13 13 -15 15 17 18 30 -20 21 -22 -23 -24 -25 -26 -27 -28 28 -30 -31 -32
leaf_value=0.017731383737695259 -0.014159579843383091 -0.01142757913318077 0.024958080534738147 -0.012945274155847883 0.00060964501313978486 -0.1332393965516171 -0.057702200065115727 -0.0038222526336183795 -0.1002797930394905 -0.099202180048704458 0.021539859107893664 0.0057683630011441459 0.018336947237094926 -0.0065460572989492309 -0.014305472265757466 -0.0075664419804991421 -0.069403637451356803 -0.1595906260665039 0.0291157652347943 -0.056489487474211689 0.10477606207317286 -0.010581066281492128 -0.24008124898325267 -0.012282422220019714 0.028330350243806781 0.058304038483311053 0.044232775697677473 -0.077770623136537306 0.055386063721760394 0.0054630394489009739 0.021750112530870187
leaf_weight=3067 5830 336 1020 4906 18350 67 688 4009 505 163 11596 17044 4107 4504 5240 2148 564 72 676 518 40 15641 23 804 3011 240 448 333 66 4746 49
leaf_count=3067 5830 336 1020 4906 18350 67 688 4009 505 163 11596 17044 4107 4504 5240 2148 564 72 676 518 40 15641 23 804 3011 240 448 333 66 4746 49
internal_value=-8.16653e-07 -0.000505783 0.000275083 0.00285249 0.00409896 -0.00511456 -0.0197865 -0.0117196 -0.0648102 0.00682928 0.0076468 0.0121548 0.00424619 0.00531942 -0.00469238 0.00129502 -0.00999782 0.0136934 -0.0120437 -0.0137049 -0.0578231 -0.0120543 -0.0319502 -0.0269617 0.0158497 -0.00538706 0.00136541 -0.00686139 -0.0556858 -0.00490808 -0.0860075
internal_weight=110811 107744 101914 67102 62196 14216 5538 4697 841 47980 46990 28640 8678 8611 34812 16353 18459 5728 17439 16763 604 16159 990 967 5607 10625 2596 10385 399 9986 121
internal_count=110811 107744 101914 67102 62196 14216 5538 4697 841 47980 46990 28640 8678 8611 34812 16353 18459 5728 17439 16763 604 16159 990 967 5607 10625 2596 10385 399 9986 121
is_linear=0
shrinkage=0.0845865


Tree=129
num_leaves=32
num_cat=0
split_feature=26 24 48 4 14 33 11 23 22 94 90 87 3 72 91 84 98 63 3 89 21 99 74 61 70 4 22 89 57 1 58
split_gain=139.303 185.834 184.961 186.674 199.521 170.202 159.868 180.649 261.873 244.774 233.426 221.605 229.768 186.718 186.343 198.157 185.377 165.899 162.632 157.453 156.125 204.513 166.989 155.785 151.283 146.999 151.935 141.487 133.806 133.398 151.747
threshold=0.092827874771053615 0.10994557259447872 0.027299429579008706 0.015563275592869501 0.078525738631493022 0.10382802237438966 0.11045235322052467 -0.030121897184032746 0.030838190855477253 0.0031894576691736004 0.0031989410200545004 -0.00057576248774969996 -0.066568939532590438 -0.018445941055630296 -0.044489896426695943 0.040194242548487503 -0.036731274245643195 -0.055454330044141492 0.18320225866052992 -0.067691151900437743 -0.071252759403181584 -0.047634471044566196 0.0017748004722475002 0.012299321767271 0.020659641294668307 -0.11820049436503353 0.095429370441215702 0.0069573246962601502 -0.011590537485291498 0.15224762072515693 -0.013917573482980597
decision_type=2 2 2 2 2 2 2 2 2 2 2 2 2 2 2 2 2 2 2 2 2 2 2 2 2 2 2 2 2 2 2
left_child=1 5 3 20 29 6 7 11 9 10 -9 14 13 -13 -1 -16 -11 -10 -19 -14 21 -2 23 24 -23 -7 -27 -3 -4 -5 -31
right_child=2 27 28 4 -6 25 -8 8 17 16 -12 12 19 -15 15 -17 -18 18 -20 -21 -22 22 -24 -25 -26 26 -28 -29 -30 30 -32
leaf_value=0.033970235196615385 -0.20089180099885751 -0.053927012626241923 0.016745005849957192 -0.031089709648048251 -0.12506065339523412 -0.089608822257560242 0.023144622848054484 0.00468116094178415 0.021400551176074416 -0.010129785939671815 -0.0092608611854644637 -0.0080056402658997741 -0.084478020178322746 -0.065520849664018735 0.0016130838320306683 -0.036580927191701328 0.011411697583498378 -0.011872613965988007 0.068754565929086228 -0.0091911865157647023 0.053484736030580265 -0.062484618609709226 -0.078231273581076274 0.14641869109351877 0.16976286540338004 0.042388409623829656 -0.1313863487536864 -0.0022378914921047277 0.098040893741912938 -0.043511526801058957 0.083171139770985156
leaf_weight=1105 38 812 266 534 114 69 2020 19754 1227 3205 15205 643 203 1090 8635 1095 26348 15138 181 9544 728 87 105 78 26 1193 37 712 320 103 196
leaf_count=1105 38 812 266 534 114 69 2020 19754 1227 3205 15205 643 203 1090 8635 1095 26348 15138 181 9544 728 87 105 78 26 1193 37 712 320 103 196
internal_value=-8.29291e-07 -0.000465448 0.0193659 0.00715672 -0.0201337 -4.63066e-05 -0.000421588 -0.000882314 0.000972761 0.00340786 -0.00138215 -0.0076217 -0.0158109 -0.0441942 0.00105305 -0.00268325 0.0090748 -0.00852026 -0.0109183 -0.0107619 0.0315118 -0.0163187 0.0073442 0.0545106 -0.00879059 0.0303838 0.0371369 -0.0297934 0.0611811 -0.00573962 0.0394601
internal_weight=110811 108216 2595 2009 947 106692 105393 103373 81058 64512 34959 22315 11480 1733 10835 9730 29553 16546 15319 9747 1062 334 296 191 113 1299 1230 1524 586 833 299
internal_count=110811 108216 2595 2009 947 106692 105393 103373 81058 64512 34959 22315 11480 1733 10835 9730 29553 16546 15319 9747 1062 334 296 191 113 1299 1230 1524 586 833 299
is_linear=0
shrinkage=0.0845865


Tree=130
num_leaves=32
num_cat=0
split_feature=21 100 12 0 9 11 96 93 1 14 3 23 20 28 63 86 26 18 80 19 3 92 61 19 14 42 0 58 57 55 6
split_gain=140.684 250.839 161.296 200.896 232.13 300.714 216.862 187.595 183.764 429.973 299.683 316.455 290.941 249.328 234.529 230.111 263.146 214.056 214.655 199.456 199.809 181.678 181.494 178.376 176.031 204.772 171.472 167.79 165.159 164.069 159.52
threshold=0.10525850206223876 -0.54234999999999989 0.039677680822361609 0.22082376981490368 -0.029565661379314146 -0.054546037093781093 0.031865186637550204 -0.065198180274446141 0.014690404804428502 0.023568848744679401 -0.070993857370241539 0.018726571563681654 -0.0037336518116133995 -0.053374714707522496 0.026671521444412951 -0.0069141695215160495 0.015773407414713402 0.0090645305741496509 0.027113316844218752 -0.038307043461970794 -0.10423203134174834 0.0014741484650228501 0.018629006807338856 -0.018353448612945997 0.010018103142838101 -0.098174651767591783 0.21724968850339352 -0.019695021872850046 0.090120844082416066 0.055530009293506509 0.014371613502429052
decision_type=2 2 2 2 2 2 2 2 2 2 2 2 2 2 2 2 2 2 2 2 2 2 2 2 2 2 2 2 2 2 2
left_child=2 -2 7 4 6 -6 22 -1 10 14 11 13 17 26 19 29 28 27 -19 -10 -21 23 -4 -16 25 -14 -9 -12 -17 -11 -7
right_child=1 -3 3 -5 5 30 -8 8 9 15 12 -13 24 -15 21 16 -18 18 -20 20 -22 -23 -24 -25 -26 -27 -28 -29 -30 -31 -32
leaf_value=0.0245315063569468 0.058856062534309236 0.0018654323254376887 -0.0021690590364637275 0.0051445361840216954 -0.055146877818709521 -0.02088382003140422 -0.038086370319904805 -0.13988054819979934 0.025881922273663652 -0.011901087152990351 0.02071998267520396 0.016504604679608539 0.061843739344361062 -0.020281323293012601 -0.0025178942615991444 -0.06795362016169873 -0.015997214815302821 0.030899262909791794 -0.0073062489833782803 0.042752447201617375 -0.003068561930558945 0.0024492200646793246 0.034652679202732517 -0.053711768104778387 0.0088231326461622045 -0.0059080703675450366 -0.032006084342839226 0.001658110883895627 0.020056232208659087 0.06005192700412109 0.0043603350641306668
leaf_weight=2396 800 1789 2939 6873 1461 6291 800 222 3101 2336 4479 1656 324 3956 798 1718 1985 5889 1280 745 7905 1908 1420 1253 9804 20956 202 12605 167 251 2502
leaf_count=2396 800 1789 2939 6873 1461 6291 800 222 3101 2336 4479 1656 324 3956 798 1718 1985 5889 1280 745 7905 1908 1420 1253 9804 20956 202 12605 167 251 2502
internal_value=-8.22023e-07 0.0194848 -0.000467186 -0.0068798 -0.0122431 -0.0196064 0.002388 0.00119557 0.000526001 -0.00607483 0.00291047 -0.0149854 0.0048629 -0.0268962 0.0014765 -0.0244505 -0.0375068 0.0118065 0.0240748 0.00747658 0.000875706 -0.0163272 0.00982155 -0.0338044 -0.000554087 -0.00487532 -0.0885508 0.00665697 -0.0601447 -0.00491036 -0.0136983
internal_weight=110811 2589 108222 22286 15413 10254 5159 85936 83540 22167 61373 6036 55337 4380 15710 6457 3870 24253 7169 11751 8650 3959 4359 2051 31084 21280 424 17084 1885 2587 8793
internal_count=110811 2589 108222 22286 15413 10254 5159 85936 83540 22167 61373 6036 55337 4380 15710 6457 3870 24253 7169 11751 8650 3959 4359 2051 31084 21280 424 17084 1885 2587 8793
is_linear=0
shrinkage=0.0845865


Tree=131
num_leaves=32
num_cat=0
split_feature=68 34 26 49 46 9 43 76 79 75 23 22 78 78 29 60 30 74 21 100 6 53 52 62 34 55 37 92 65 49 79
split_gain=131.251 166.06 175.258 160.547 171.269 191.533 205.774 325.088 190.395 235.432 215.676 215.698 197.217 177.534 168.953 150.742 181.861 216.788 150.569 149.512 149.154 148.47 136.472 179.219 131.348 131.147 128.74 124.934 155.404 139.236 137.085
threshold=0.062529151227643312 0.051907964861713458 0.072347914542416666 0.031230516943398054 -0.021033378492529699 0.0061330778983799015 0.0010711190392780504 -0.036107386350021892 -0.0090071075590812486 0.078956990969258414 -0.0022953188473145499 0.032865081824452559 -0.10068251429073223 0.014315689268819801 -0.10282473433565557 0.022815544724757303 0.044732953519951955 0.084071505673496374 -0.082512809636560089 0.67085000000000006 0.074203221455054161 -0.022604460897800296 -0.0053463940905498488 0.028938165112340104 -0.072795848884693232 -0.021574354101068047 0.010860293451445001 0.0063554998737676005 -0.034377854227133645 0.023658159153817655 -0.0048798049157851991
decision_type=2 2 2 2 2 2 2 2 2 2 2 2 2 2 2 2 2 2 2 2 2 2 2 2 2 2 2 2 2 2 2
left_child=1 2 3 4 5 6 7 -1 9 21 12 -12 -10 26 -5 16 17 -16 27 -11 -3 -6 23 -17 -15 -8 -7 28 -4 -29 -30
right_child=-2 20 18 14 8 13 25 -9 10 19 11 -13 -14 24 15 22 -18 -19 -20 -21 -22 -23 -24 -25 -26 -27 -28 29 30 -31 -32
leaf_value=-0.067252699660287255 0.014440414130064813 -0.015510381177894599 -0.13813530787467973 0.076160453576461645 -0.0076770895636256442 -0.00057677325191683184 -0.011826552586027489 -0.0051867471928814402 -0.17036460196234421 0.07019643009293175 0.0071878782331920143 -0.01447925357742642 -0.0099817304740350277 0.043511014817437632 0.018260806744105931 0.023054740920018753 -0.013107106918713897 -0.063647099865374812 0.024107931444257602 -0.032011180494286293 0.013796417815271378 0.0093589454460388712 -0.022588684089649161 -0.038648846081033694 -0.0396269479184473 0.017751434340776185 -0.026019727505570116 -0.12389995331845699 0.15180913663267206 0.047072449331952648 -0.00081560163095772075
leaf_weight=679 4327 8282 43 253 4815 3971 1434 5459 55 628 15808 4150 15766 143 9180 1455 1805 237 3434 122 1461 15247 2088 438 2658 4247 2219 138 56 45 168
leaf_count=679 4327 8282 43 253 4815 3971 1434 5459 55 628 15808 4150 15766 143 9180 1455 1805 237 3434 122 1461 15247 2088 438 2658 4247 2219 138 56 45 168
internal_value=-7.0653e-07 -0.000587733 0.000472123 -0.000263978 -0.0018359 -0.00839749 -0.00131767 -0.0120568 0.000576593 0.00700988 -0.00316494 0.00268139 -0.0105413 -0.0177017 0.00760656 0.00646399 0.0114814 0.0161967 0.0180757 0.0535409 -0.0111135 0.00526912 -0.00767414 0.00876574 -0.035374 0.0102815 -0.00970122 -0.0279063 0.00892184 -0.0817394 0.0372791
internal_weight=110811 106484 96741 92857 77401 20810 11819 6138 56591 20812 35779 19958 15821 8991 15456 15203 11222 9417 3884 750 9743 20062 3981 1893 2801 5681 6190 450 267 183 224
internal_count=110811 106484 96741 92857 77401 20810 11819 6138 56591 20812 35779 19958 15821 8991 15456 15203 11222 9417 3884 750 9743 20062 3981 1893 2801 5681 6190 450 267 183 224
is_linear=0
shrinkage=0.0845865


Tree=132
num_leaves=32
num_cat=0
split_feature=38 93 32 5 63 82 86 36 77 67 56 76 91 80 100 14 24 84 98 72 9 13 75 57 72 1 40 73 58 20 93
split_gain=127.584 142.754 195.23 177.732 158.632 206.221 197.278 184.688 174.444 165.628 222.14 169.053 162.961 169.028 171.789 162.638 161.866 159.33 157.807 156.929 184.726 156.902 152.005 148.135 155.802 147.108 145.941 145.008 139.022 149.589 141.537
threshold=0.056013218138260261 0.032015482234156102 0.030372592526958401 0.041873854862552802 0.0047384361333897016 -0.0028170087417480998 0.019920111343385553 0.039772975360346859 -0.031129649741486649 0.018779010134164605 0.020031801558025253 -0.027735794072660996 -0.028489823750968046 0.059623638919799611 -0.96374999999999988 -0.096423855620125135 0.12697600067501177 -0.032830676334501693 0.038927017306748905 -0.010818021492874899 -0.015872799073694297 -0.092982268206320731 0.025433792007128506 -0.061137186413512838 0.036223506146379113 -0.037441542283869596 0.039862211710593905 -0.028637250471335196 -0.0052830337549939497 0.020119657372313002 0.034247369759605552
decision_type=2 2 2 2 2 2 2 2 2 2 2 2 2 2 2 2 2 2 2 2 2 2 2 2 2 2 2 2 2 2 2
left_child=1 4 3 19 12 16 8 23 -7 10 -10 -11 -1 14 15 -14 18 -9 -6 -3 25 -22 -20 -8 -25 -21 -23 -17 29 30 -2
right_child=28 2 -4 -5 5 6 7 17 9 11 -12 -13 13 -15 -16 27 -18 -19 22 20 21 26 -24 24 -26 -27 -28 -29 -30 -31 -32
leaf_value=0.016726216533079204 0.0064247400500417268 0.0058020895831210426 0.012150612158338889 -0.035250949463963469 0.0024951690185931051 0.017503141695955876 -0.11867521846752907 0.08633577562861891 -0.0043209701252285709 -0.026202554511596324 -0.03233474565734043 0.018261701726556934 0.13915195717394013 -0.023436804344390945 0.0054246504975605922 0.044351084552568275 -0.11369904213013562 -0.0054761982410791105 0.013321722226430556 0.02040998867415298 -0.10361845846458617 -0.030980710500236611 0.064997156801625711 -0.033125294795244703 0.015773122812055652 -0.018775225990027102 0.020259003366035463 -0.046442603125548446 -0.018569349834532102 -0.019334867169253582 0.06237470911779839
leaf_weight=7720 2089 4090 3151 1898 15861 2504 129 177 6906 780 2867 2832 40 1623 36993 145 82 571 1499 1386 187 2914 560 3466 538 1356 460 941 5242 1421 383
leaf_count=7720 2089 4090 3151 1898 15861 2504 129 177 6906 780 2867 2832 40 1623 36993 145 82 571 1499 1386 187 2914 560 3466 538 1356 460 941 5242 1421 383
internal_value=-7.42499e-07 0.000859373 -0.00663012 -0.0114466 0.00220077 -0.00181276 -0.00755631 -0.0224305 -0.00298565 -0.00682025 -0.0125414 0.00865358 0.0054799 0.00329471 0.00443346 -0.0281101 0.00481274 0.0162266 0.00535665 -0.00709718 -0.0154708 -0.0281778 0.0273882 -0.029432 -0.0265496 0.00102399 -0.0239883 -0.0342985 -0.00957642 0.00252737 0.0151034
internal_weight=110811 101676 15442 12291 86234 38772 20770 4881 15889 13385 9773 3612 47462 39742 38119 1126 18002 748 17920 10393 6303 3561 2059 4133 4004 2742 3374 1086 9135 3893 2472
internal_count=110811 101676 15442 12291 86234 38772 20770 4881 15889 13385 9773 3612 47462 39742 38119 1126 18002 748 17920 10393 6303 3561 2059 4133 4004 2742 3374 1086 9135 3893 2472
is_linear=0
shrinkage=0.0845865


Tree=133
num_leaves=32
num_cat=0
split_feature=4 91 34 12 21 51 3 18 23 1 5 73 55 100 38 0 63 86 74 72 72 58 66 2 45 0 13 11 75 69 100
split_gain=128.286 138.317 147.157 186.229 176.336 186.347 206.093 286.941 194.391 279.519 179.24 173.699 168.902 167.437 163.977 159.824 149.583 183.12 149.442 160.134 143.439 150.336 141.065 139.534 136.484 134.405 137.746 150.069 136.546 128.917 125.366
threshold=-0.21232109448451167 0.071756836734820112 -0.030002294001323947 0.086128518511541421 0.094691000577307102 0.0013428321952390504 0.023877666434334702 -0.025960992426542397 0.0093771860272097527 0.016521050577421304 0.23866108034978209 -0.030349321747385097 -0.0043501471597368994 -0.8748999999999999 -0.045438102821860747 0.19873574741420205 0.0022689487468824502 0.023547710006170505 0.024314826783759003 -0.055693074637475096 -0.021907340556333945 0.0058700490549270009 -0.07592979168819744 0.084071087403422659 -0.096793232328418591 0.21049350293423558 -0.016821568765893347 -0.042279608257036541 0.061338568232622806 0.028610418681863505 -0.92004999999999992
decision_type=2 2 2 2 2 2 2 2 2 2 2 2 2 2 2 2 2 2 2 2 2 2 2 2 2 2 2 2 2 2 2
left_child=-1 2 11 4 5 8 7 -7 10 -10 -4 23 -8 16 -5 18 -6 -18 19 -16 -3 25 -17 -2 -13 28 27 -27 29 -22 -24
right_child=1 20 3 14 13 6 12 -9 9 -11 -12 24 -14 -15 15 22 17 -19 -20 -21 21 -23 30 -25 -26 26 -28 -29 -30 -31 -32
leaf_value=0.026240796744110874 0.015498468021961117 0.017158900930707977 -0.0034609541009947243 0.0156178544117267 0.14104912856423377 0.00635543693732843 -0.0079282921273453322 -0.016014875830649422 0.015639902413255174 -0.01021520986303554 0.039424534927392819 -0.054292264922306231 0.010417249682877607 0.014000834490116132 -0.14148765407940561 -0.11067420508398004 -0.032521369994693579 0.18936766705014341 -0.087204431698056292 -0.023254070289791956 -0.048897754135518064 -0.0040590717151229886 -0.040491657244830143 0.060535697370285135 0.0035076455198014573 0.072741313717989281 0.015771266676507266 -0.12515622249519703 -0.2202449333327415 -0.15802895596753047 0.010320569029927479
leaf_weight=1317 3799 566 22976 855 153 5408 6428 16979 13044 3881 719 297 8133 1720 87 91 110 35 419 1426 471 819 468 566 18098 35 302 124 45 93 1347
leaf_count=1317 3799 566 22976 855 153 5408 6428 16979 13044 3881 719 297 8133 1720 87 91 110 35 419 1426 471 819 468 566 18098 35 302 124 45 93 1347
internal_value=-6.3484e-07 -0.000316478 0.00013863 -0.00149101 -0.000525188 -0.00116766 -0.00551491 -0.01061 0.00278607 0.0097099 -0.00215863 0.00617403 0.00231709 0.024159 -0.0178652 -0.0253299 0.0827023 0.0209532 -0.0424766 -0.0300727 -0.0201675 -0.0313631 -0.00793728 0.0213441 0.00257308 -0.0522408 -0.0177205 -0.0814478 -0.0783321 -0.066947 -0.00277069
internal_weight=110811 109494 107039 84279 79586 77568 36948 22387 40620 16925 23695 22760 14561 2018 4693 3838 298 145 1932 1513 2455 1889 1906 4365 18395 1070 461 159 609 564 1815
internal_count=110811 109494 107039 84279 79586 77568 36948 22387 40620 16925 23695 22760 14561 2018 4693 3838 298 145 1932 1513 2455 1889 1906 4365 18395 1070 461 159 609 564 1815
is_linear=0
shrinkage=0.0845865


Tree=134
num_leaves=32
num_cat=0
split_feature=59 0 10 42 100 0 17 43 3 40 92 29 28 100 93 51 31 94 88 73 89 23 56 32 31 80 0 70 16 25 77
split_gain=126.099 207.259 198.634 167.589 177.318 268.096 221.436 199.847 199.07 177.244 175.938 230.504 168.32 163.158 163.135 155.739 155.081 155.062 150.41 142.299 177.679 140.453 242.654 222.949 210.043 152.074 182.438 155.362 139.136 131.988 130.893
threshold=-0.028138345353932195 0.26524841051772857 -0.12204279950315719 0.019921405365456054 -0.29519999999999996 0.16191628433097635 -0.0093809596329748977 0.044158121423630556 -0.040428486899337791 0.033090546096002253 -0.023353823934087598 0.012750652442136903 0.031977143971652258 0.91525000000000012 -0.087384509918720835 0.054722644674621755 0.061571062101206907 0.070814504384988819 0.0020220827677804505 0.014921185353581001 0.030099806939206403 -0.0050112234246493491 0.011557656929469253 0.0031299706285321505 0.022948614869194205 -0.00092140837885899992 0.083076917177489065 0.058058332997847809 0.053885132861449858 0.070279635991599712 0.043911491291971354
decision_type=2 2 2 2 2 2 2 2 2 2 2 2 2 2 2 2 2 2 2 2 2 2 2 2 2 2 2 2 2 2 2
left_child=1 -1 19 4 5 6 7 9 -6 -4 30 12 -12 14 -5 17 -13 -8 -17 -2 -21 22 23 -16 -24 26 -23 -27 -9 -10 -7
right_child=2 -3 3 13 8 10 15 28 29 -11 11 16 -14 -15 21 18 -18 -19 -20 20 -22 25 24 -25 -26 27 -28 -29 -30 -31 -32
leaf_value=0.0025779299876782531 -0.012603951725306071 0.027154865740910205 -0.0030466005964616938 0.053113781135805539 -0.013892531050902842 0.0037819215161134113 0.012443101837611607 -0.053009048859863239 -0.00045986721760710826 -0.04946281194698441 0.02138860954208199 0.010182344098184304 0.051795937655191096 0.019917829482063516 -0.020421554142767421 -0.10775874647109812 -0.03950387587915212 -0.10906144353227643 0.015284420712741581 -0.089730511186831188 0.059151345814301724 -0.053238094241642255 -0.021942863695037583 0.012244161163620548 -0.067241802326927155 -0.015014981567005295 0.0097084987229495451 0.036436334962224863 -0.26518414958749226 0.023798214659916082 -0.046211827804099687
leaf_weight=18297 845 2836 4267 304 8302 2863 6025 575 26526 683 5015 3950 1762 1546 3452 159 507 76 128 428 66 349 2927 2636 978 6862 5838 447 23 1708 431
leaf_count=18297 845 2836 4267 304 8302 2863 6025 575 26526 683 5015 3950 1762 1546 3452 159 507 76 128 428 66 349 2927 2636 978 6862 5838 447 23 1708 431
internal_value=-5.86676e-07 0.00587718 -0.00138595 -0.000895572 0.00144069 0.00671367 -0.00267756 -0.0150414 -0.0023781 -0.00945598 0.0144308 0.0194715 0.029298 -0.00670501 -0.00843583 0.0080572 0.00452507 0.0109249 -0.0528173 -0.0337204 -0.069791 -0.00923347 -0.0168353 -0.00627438 -0.0332943 -0.00360311 0.00615379 -0.0118651 -0.0612337 0.00100691 -0.00275379
internal_weight=110811 21133 89678 88339 63000 26464 11936 5548 36536 4950 14528 11234 6777 25339 23793 6388 4457 6101 287 1339 494 23489 9993 6088 3905 13496 6187 7309 598 28234 3294
internal_count=110811 21133 89678 88339 63000 26464 11936 5548 36536 4950 14528 11234 6777 25339 23793 6388 4457 6101 287 1339 494 23489 9993 6088 3905 13496 6187 7309 598 28234 3294
is_linear=0
shrinkage=0.0845865


Tree=135
num_leaves=32
num_cat=0
split_feature=28 2 9 46 36 8 69 0 54 69 74 100 63 98 70 1 6 63 0 94 42 23 43 90 3 7 16 62 20 12 16
split_gain=123.389 136.141 175.083 218.418 192.525 192.43 225.042 237.913 171.039 186.346 174.801 185.113 187.757 238.498 179.374 166.722 191.646 161.44 171.198 184.714 160.639 155.727 155.253 153.041 186.126 158.455 152.745 148.258 146.555 144.641 213.04
threshold=-0.10240213885675449 -0.10244492144549054 0.0032962987332410005 -0.021033378492529699 0.0044183909863521513 -0.07161395329032523 -0.028214242461986599 0.23559507531861598 0.0066447973787821012 0.045138791043896155 -0.015287687638446549 -0.34074999999999994 0.0025635121934326505 -0.022317054050296745 0.013551709898697752 0.070421574323952615 0.00046164830379715008 0.08385387183681571 0.084523903549994714 0.057994357657621308 0.067237093295024766 -0.018331394371005297 -0.0082356751508527483 0.036428544179990606 -0.082968728144152445 0.020706746912483105 0.020712680565822202 -0.0072598927292589991 0.087025836628616765 0.0022997591715193506 -0.0045445116558026988
decision_type=2 2 2 2 2 2 2 2 2 2 2 2 2 2 2 2 2 2 2 2 2 2 2 2 2 2 2 2 2 2 2
left_child=-1 15 8 4 21 6 7 -5 9 17 11 12 28 -14 29 -2 -17 18 19 -3 26 -4 -18 24 -7 -26 -16 -6 -10 -12 -31
right_child=1 2 3 5 27 23 -8 -9 10 -11 14 -13 13 -15 20 16 22 -19 -20 -21 -22 -23 -24 -25 25 -27 -28 -29 -30 30 -32
leaf_value=-0.019818977936572595 0.016761868240153605 -0.020417891800433623 -0.0451993064183763 -0.11410740694276895 0.01365404794869424 -0.018480574152179914 -0.0086594995058360668 -0.01351411858533475 0.058013965979820385 0.01814003477463574 0.005326447449504567 0.0076313162012123185 -0.04610856296006248 0.032143505335751846 0.026953534726457413 -0.060348579583646082 -0.028079735961793639 -0.058374634668926235 -0.00082890176441530986 -0.21318467524148688 -0.064641314902638622 -0.0158908301868344 0.036776734952317647 -0.014936501586041441 0.011952396035363711 -0.0038370613276844908 -0.0028891087123970828 -0.015259621303559449 -0.059044326180702676 -0.030545820873433778 0.0030355391397168343
leaf_weight=2203 6590 2715 1885 340 2230 2365 2284 334 1656 3133 6856 4862 381 1036 3913 454 512 379 27716 36 175 4172 545 3541 13396 6882 1786 2943 80 2612 2799
leaf_count=2203 6590 2715 1885 340 2230 2365 2284 334 1656 3133 6856 4862 381 1036 3913 454 512 379 27716 36 175 4172 545 3541 13396 6882 1786 2943 80 2612 2799
internal_value=-5.84092e-07 0.000401227 -0.0004488 -0.0047577 -0.0147803 -0.000894704 -0.0213451 -0.0642963 0.00244365 -0.00151373 0.00758545 0.0179891 0.0339538 0.011087 0.00298772 0.0109498 -0.014384 -0.00351067 -0.00282735 -0.0229533 0.0151431 -0.0250158 0.00534098 0.00141481 0.00397286 0.00659268 0.0175975 -0.00279125 0.0526053 -0.00283115 -0.0131711
internal_weight=110811 108608 100507 40372 11230 29142 2958 674 60135 33979 26156 8015 3153 1417 18141 8101 1511 30846 30467 2751 5874 6057 1057 26184 22643 20278 5699 5173 1736 12267 5411
internal_count=110811 108608 100507 40372 11230 29142 2958 674 60135 33979 26156 8015 3153 1417 18141 8101 1511 30846 30467 2751 5874 6057 1057 26184 22643 20278 5699 5173 1736 12267 5411
is_linear=0
shrinkage=0.0845865


Tree=136
num_leaves=32
num_cat=0
split_feature=89 13 68 2 70 43 77 65 78 37 28 86 42 0 90 48 72 33 98 94 15 1 38 49 33 59 32 28 75 84 10
split_gain=122.693 208.598 175.477 174.257 178.042 182.797 180.987 170.801 159.045 157.397 156.888 148.655 179.547 157.908 229.1 146.871 142.327 157.63 141.313 172.648 175.722 178.514 165.572 151.683 139.917 138.084 147.343 137.983 150.359 152.028 142.958
threshold=-0.0057093249766649494 -0.011991856928274197 -0.083059174391951637 -0.10244492144549054 0.08067813697483131 0.087576833714083618 -0.015873656459525449 -0.023621100959137296 -0.088482737059827538 -0.048200303278972442 -0.10240213885675449 0.015047755819987352 0.0034405855371416505 0.14456886958443202 -0.012286564400561148 0.04085110526182776 -0.012402715311488099 0.10382802237438966 0.0082513361018171517 0.013465877627803302 0.039351971848029556 -0.0059103188447005997 0.089066326863860068 0.030540563449436352 -0.083952524979171592 -0.019992568177756347 0.035849021450940662 -0.033364455900177149 -0.017458970804474495 0.015026557734428353 -0.068846541694342497
decision_type=2 2 2 2 2 2 2 2 2 2 2 2 2 2 2 2 2 2 2 2 2 2 2 2 2 2 2 2 2 2 2
left_child=1 8 -3 -2 6 -6 10 11 15 -9 -5 -4 -13 14 -14 -1 -10 27 22 20 21 -20 24 -22 -8 26 -24 28 29 -18 -30
right_child=3 2 7 4 5 -7 18 9 16 -11 -12 12 13 -15 -16 -17 17 -19 19 -21 23 -23 25 -25 -26 -27 -28 -29 30 -31 -32
leaf_value=-0.052361791823343828 0.01784154361077215 -0.047110975867066113 -0.00052255819185922209 -0.050221824279935677 0.035372692618829298 -0.15001841102702404 -0.036279731035908896 -0.015911583789047209 0.00037856442339904544 0.008119016176661123 0.0089323028232052935 -0.0032791473479011611 -0.013139458745696287 -0.033876375884209158 -0.1774156900002164 -0.27008606581046019 0.028743301690541217 0.057274166731318438 -0.013276996542583096 0.0044376560506008559 -0.0043841979012977364 -0.041476204354922344 0.060382210670761535 0.055247158472113825 0.0032212601779757662 -0.072210409084673161 -0.097435018424610928 -0.011750857064764759 -0.13166352251449279 -0.0545695668987487 -0.040638797913116136
leaf_weight=86 4860 528 4540 327 1416 39 659 2163 6550 19769 16467 1183 104 941 147 30 441 211 5790 4466 1564 2225 143 379 24109 393 60 9242 134 243 1602
leaf_count=86 4860 528 4540 327 1416 39 659 2163 6550 19769 16467 1183 104 941 147 30 441 211 5790 4466 1564 2225 143 379 24109 393 60 9242 134 243 1602
internal_value=-7.12565e-07 -0.0032257 0.00120748 0.0024557 0.00116691 0.0303822 0.000415229 0.00209272 -0.0102512 0.00574803 0.00777904 -0.00949756 -0.0266445 -0.0498141 -0.109455 -0.108975 -0.00962804 -0.0151502 -0.00269241 -0.00937724 -0.0155751 -0.0211082 0.00110829 0.00723797 0.00216931 -0.0429438 0.0136153 -0.0164627 -0.0344475 -0.00082597 -0.0476819
internal_weight=110811 47914 29375 62897 58037 1455 56582 28847 18539 21932 16794 6915 2375 1192 251 116 18423 11873 39788 14424 9958 8015 25364 1943 24768 596 203 11662 2420 684 1736
internal_count=110811 47914 29375 62897 58037 1455 56582 28847 18539 21932 16794 6915 2375 1192 251 116 18423 11873 39788 14424 9958 8015 25364 1943 24768 596 203 11662 2420 684 1736
is_linear=0
shrinkage=0.0845865


Tree=137
num_leaves=32
num_cat=0
split_feature=6 32 14 38 9 62 69 88 21 33 8 5 43 100 100 0 11 79 9 25 59 41 12 30 59 30 72 64 46 44 13
split_gain=122.714 148.371 138.018 126.396 148.14 165.229 272.086 203.206 143.868 183.474 161.148 175.465 155.803 137.98 191.614 251.578 261.583 185.33 174.615 274.765 172.397 164.514 159.126 159.385 135.68 133.964 157.898 186.683 130.995 148.38 127.943
threshold=0.16028091844503176 -0.022459295844337843 -0.06023198779161084 0.017059647172344952 -0.11534681073594064 0.013723886813736251 -0.053588202656873245 -0.030206234569529596 -0.092612507805162433 0.10382802237438966 -0.038827558037792941 -0.030692993991710396 0.036693697256583509 -0.95584999999999987 -0.55789999999999995 0.12319149359429866 -0.099494634212686825 0.0033529511040290005 -0.048728933350633989 0.0031775167808947504 0.006574791241194651 -0.0084747033909333986 0.17167377337958464 -0.074440705397787785 0.014273464830385453 -0.037839823114488795 0.0069796656738188015 -0.015410025092937898 -0.04164169696221489 0.039250600853900953 0.0075444862815467507
decision_type=2 2 2 2 2 2 2 2 2 2 2 2 2 2 2 2 2 2 2 2 2 2 2 2 2 2 2 2 2 2 2
left_child=3 2 -2 8 -5 -6 25 -8 10 13 11 -1 28 18 15 20 -17 21 19 -10 -15 -16 23 -20 -19 -7 -27 -28 -13 -30 -9
right_child=1 -3 -4 4 5 6 7 30 9 -11 -12 12 -14 14 17 16 -18 24 22 -21 -22 -23 -24 -25 -26 26 27 -29 29 -31 -32
leaf_value=0.04352534241711261 -0.13826428995755224 0.033803068437641859 -0.002176498599220097 0.02768948818180068 -0.0015239775844952694 0.010061314970803852 0.015059083878044029 -0.026029238549908278 -0.0062776026618586471 0.038661733145826917 -0.0044259602401600859 0.037057606249268377 -0.14123474687019705 -0.021635504270585242 0.012536873570060258 -0.027033542560130287 0.017403582515306961 -0.0014268902870984105 0.15891203513618876 -0.20642606536068722 0.013314958684160846 -0.0010292703797494351 -0.18048086975396432 -0.011244941762030504 -0.015242636390561589 -0.11443121002111459 0.074369130336234268 -0.091397401113572668 -0.10095031291909466 0.039497077772577611 -0.0044786798941211575
leaf_weight=113 59 1556 552 978 21815 138 1784 4463 113 973 1604 106 165 2709 10668 1014 14434 15549 40 87 1609 15964 39 2281 7561 381 84 115 254 68 3535
leaf_count=113 59 1556 552 978 21815 138 1784 4463 113 973 1604 106 165 2709 10668 1014 14434 15549 40 87 1609 15964 39 2281 7561 381 84 115 254 68 3535
internal_value=-8.51085e-07 0.0199297 -0.015366 -0.000398591 -0.00473916 -0.00572132 -0.0144397 -0.0107479 0.00151896 0.00217653 -0.0192632 -0.0529388 -0.0713594 0.00168361 0.00239418 0.00943951 0.0144853 -0.000405006 -0.0176008 -0.0934882 -0.00860711 0.00440415 -0.0111582 -0.00829884 -0.005948 -0.0647019 -0.0825263 -0.0213171 -0.0443541 -0.0712225 -0.016507
internal_weight=110811 2167 611 108644 33293 32315 10500 9782 75351 73041 2310 706 593 72068 69508 19766 15448 49742 2560 200 4318 26632 2360 2321 23110 718 580 199 428 322 7998
internal_count=110811 2167 611 108644 33293 32315 10500 9782 75351 73041 2310 706 593 72068 69508 19766 15448 49742 2560 200 4318 26632 2360 2321 23110 718 580 199 428 322 7998
is_linear=0
shrinkage=0.0845865


Tree=138
num_leaves=32
num_cat=0
split_feature=9 1 17 21 89 34 38 3 91 87 61 67 95 25 73 5 52 34 77 80 100 11 28 29 42 15 23 77 22 47 99
split_gain=122.231 156.588 148.463 182.609 193.264 212.559 185.833 184.698 166.915 166.742 172.202 217.301 178.169 177.428 163.142 208.746 158.662 157.092 152.694 164.478 197.001 150.774 146.611 175.231 146.156 146.086 145.411 152.378 145.29 150.481 142.294
threshold=0.094949386485631324 -0.15482403420593177 -0.032491006462105891 0.0083761942283764029 -0.007200187852284449 0.06895839101021041 -0.024840970977035599 0.052585647126599556 0.051275884073234711 0.025570789006499551 0.021816298335639354 -0.0053750298484535495 -0.045013027950492494 -0.046831820822614188 -0.025582229846828449 0.010357309785736001 -0.022686775814217096 -0.016789614470298145 -0.032227663526041138 0.035185388951639453 -0.076299999999999993 -0.11467891774724588 -0.08436367520802239 -0.0038538642142216498 -0.069548232399321633 -0.058612931508121344 0.0026802527511062004 0.007094569914071351 0.10932420719646672 -0.030398409580770596 -0.073266371449929882
decision_type=2 2 2 2 2 2 2 2 2 2 2 2 2 2 2 2 2 2 2 2 2 2 2 2 2 2 2 2 2 2 2
left_child=1 -1 3 4 5 6 8 -8 -3 10 18 12 -12 -13 -6 21 -15 -11 -4 20 -20 -16 26 -24 -21 -14 27 -5 29 -2 -25
right_child=28 2 9 22 14 -7 7 -9 -10 17 11 13 25 16 15 -17 -18 -19 19 24 -22 -23 23 30 -26 -27 -28 -29 -30 -31 -32
leaf_value=0.024026453069733378 0.014489662763564134 0.016499965426033211 0.016922765251886355 0.054094332018377621 0.02016337841216095 -0.10684467167640081 -0.040992295715433599 0.0028261461269621637 -0.1358982740969035 0.0061385677186725643 -0.061794821117526343 -0.026344505613385333 -0.042573888282220675 -0.011912391761523209 -0.098431512338413865 -0.031211818022661854 0.01691820724390496 -0.0120849616938703 0.013134649177220674 0.062753673128420534 0.00063368110146978871 0.0043063579716950823 0.018171625150327032 -0.12661675298063141 -0.012593823869999096 -0.0059996654036640435 -0.09214855568591182 -0.067176538902353616 -0.089367059994760259 -0.017840792059882846 -0.0034997369180405843
leaf_weight=2011 1374 1044 7953 160 1580 219 2882 903 54 5056 540 1118 911 1811 105 2190 5546 10230 16135 191 20461 3743 4147 68 5067 5507 225 138 169 4108 5165
leaf_count=2011 1374 1044 7953 160 1580 219 2882 903 54 5056 540 1118 911 1811 105 2190 5546 10230 16135 191 20461 3743 4147 68 5067 5507 225 138 169 4108 5165
internal_value=-8.89421e-07 0.000650156 0.000194189 -0.00585996 -0.0125657 -0.0253068 -0.0216441 -0.0305329 0.00897782 0.00189531 0.00375865 -0.00404747 -0.0151255 0.00504514 -0.00402963 -0.010364 0.00981832 -0.00605595 0.00617786 0.00413561 0.00614589 0.00149578 0.00275113 0.00518351 -0.00985197 -0.0111949 -0.0408278 -0.00199565 -0.0121199 -0.00973357 -0.00510523
internal_weight=110811 105160 103149 22623 12720 5102 4883 3785 1098 80526 65240 15433 6958 8475 7618 6038 7357 15286 49807 41854 36596 3848 9903 9380 5258 6418 523 298 5651 5482 5233
internal_count=110811 105160 103149 22623 12720 5102 4883 3785 1098 80526 65240 15433 6958 8475 7618 6038 7357 15286 49807 41854 36596 3848 9903 9380 5258 6418 523 298 5651 5482 5233
is_linear=0
shrinkage=0.0845865


Tree=139
num_leaves=32
num_cat=0
split_feature=42 3 0 60 68 15 80 22 87 93 28 40 71 9 70 95 28 45 95 18 7 19 74 20 23 6 83 5 15 83 99
split_gain=119.46 191.924 144.478 131.607 218.671 203.486 184.042 265.176 224.522 206.143 189.744 155.006 187.904 152.594 152.216 151.848 207.22 150.114 149.863 171.155 141.828 137.101 132.107 122.495 124.132 120.238 151.026 128.35 123.612 119.722 118.371
threshold=0.11831861655590166 -0.077636584285353291 0.084523903549994714 -0.014429167168030497 0.06688916640433111 0.081809860011285221 0.027113316844218752 -0.060630990391028594 0.016228714105814952 0.028894428430656451 -0.021153922894160949 0.060739756396379053 0.010516876379919301 0.11142375113730567 0.034644196367966507 0.093850142136341866 -0.010488563263260699 -0.067031282310630089 -0.042273132025844845 -0.031820238450985396 -0.013686311631270499 0.06656764547037182 0.084071505673496374 0.012769836739831801 0.044358942120203103 0.025765500286820654 -0.045974583046926788 0.15471524411643392 0.0078440992463386008 0.014716276954949502 0.010793545631064251
decision_type=2 2 2 2 2 2 2 2 2 2 2 2 2 2 2 2 2 2 2 2 2 2 2 2 2 2 2 2 2 2 2
left_child=3 -2 30 15 5 6 7 18 9 -9 14 12 -12 -10 20 22 -17 -13 29 -20 -8 -16 25 24 -24 -1 -27 -28 -29 -5 -3
right_child=1 2 -4 4 -6 -7 10 8 13 -11 11 17 -14 -15 21 16 -18 -19 19 -21 -22 -23 23 -25 -26 26 27 28 -30 -31 -32
leaf_value=0.0025569165464192122 -0.1676996642499925 -0.025116319789442669 -0.010575547270813649 -0.05506097349819588 0.027801553832165829 0.016092255947232691 -0.014602924672890817 0.0029974749317169332 -0.010964899002359314 -0.014633694470921194 -0.00020405196366414351 -0.10620484988996241 -0.026055720028721353 -0.058473518909295849 0.024079974322159241 0.022579224930798492 -0.097472191312940992 0.048102042890021506 -0.0040315627383913713 0.032477565994658349 -0.050816597014947354 -0.10960583853699236 -0.046415712132691168 0.0064015450254846697 -0.18667100391043256 0.045376129812956661 0.011623851383241858 -0.10321150556852421 0.031834788850230319 0.032596512116316409 -0.29464965624432832
leaf_weight=26674 68 23 749 342 1735 3937 1318 29418 12748 5657 5914 49 3050 503 540 179 241 550 1287 3202 1881 61 256 271 55 959 8744 136 75 165 24
leaf_count=26674 68 23 749 342 1735 3937 1318 29418 12748 5657 5914 49 3050 503 540 179 241 550 1287 3202 1881 61 256 271 55 959 8744 136 75 165 24
internal_value=-8.99013e-07 -0.0313296 -0.0196401 0.000245117 -0.00186401 -0.00259314 -0.00369664 -0.00147162 -0.00338994 0.000153238 -0.0125734 -0.00621678 -0.00900258 -0.0127702 -0.0285644 0.00430554 -0.0462612 0.0354334 0.0170797 0.0220057 -0.0359037 0.0104652 0.00487757 -0.0350983 -0.0713227 0.00551411 0.0134683 0.0100486 -0.0551134 -0.0264908 -0.163424
internal_weight=110811 864 796 109947 72357 70622 66685 53322 48326 35075 13363 9563 8964 13251 3800 37590 420 599 4996 4489 3199 601 37170 582 311 36588 9914 8955 211 507 47
internal_count=110811 864 796 109947 72357 70622 66685 53322 48326 35075 13363 9563 8964 13251 3800 37590 420 599 4996 4489 3199 601 37170 582 311 36588 9914 8955 211 507 47
is_linear=0
shrinkage=0.0845865


Tree=140
num_leaves=32
num_cat=0
split_feature=88 45 38 24 68 52 15 59 1 32 3 1 42 92 41 78 83 3 87 71 37 86 39 100 7 64 66 53 54 91 0
split_gain=116.534 182.399 174.465 175.388 154.733 151.799 151.233 150.658 186.8 322.277 195.611 156.868 150.774 149.631 149.501 167.122 148.62 148.412 202.216 155.001 147.225 146.801 149.087 165.027 148.618 145.553 143.926 143.727 162.622 143.683 140.63
threshold=-0.0073749007231773489 0.038921726551335856 0.042127915692296757 0.14512608310463124 -0.053856838240658844 -0.013658389659544148 0.0069531588993774511 -0.021222957627149895 0.014690404804428502 -0.0026551808942079998 -0.10152016796101658 0.17896003900554594 -0.069548232399321633 -0.05798422905038849 0.0049754702823109013 0.021724278307985605 0.021187849171948502 0.010383773857768052 0.0028665625016441004 0.0051888936005746013 -0.078765878721903132 -0.030387738597568596 0.00041262943964740005 0.70065000000000011 0.093828750910579212 0.031451355961715909 -0.033925343102849788 -0.0097440525594286488 -0.05561267165527934 0.086600828606624061 0.084523903549994714
decision_type=2 2 2 2 2 2 2 2 2 2 2 2 2 2 2 2 2 2 2 2 2 2 2 2 2 2 2 2 2 2 2
left_child=1 4 3 13 -1 14 17 12 21 25 -11 -12 -6 20 15 -4 -14 18 19 -7 -2 27 24 -24 -23 -10 -18 -9 -29 -22 -15
right_child=2 -3 5 -5 7 6 -8 8 9 10 11 -13 16 30 -16 -17 26 -19 -20 -21 29 22 23 -25 -26 -27 -28 28 -30 -31 -32
leaf_value=-0.01751095250454212 -0.17083871785817784 0.016717800574371486 0.0027659514735856833 -0.078602565677690292 0.062902721844292284 0.010096321650883901 -0.005918046209492378 -0.041487325762897764 -0.038920860439302776 0.055068672058247468 -0.011196007673842609 0.035857514358069012 0.0035734943549739096 -0.013670262069020082 0.030500745475098456 -0.061326123757360684 -0.01919455539890047 -0.014239822074089567 -0.079525045608598327 -0.057977876470315326 -0.015316444001909024 0.016858653474055449 -0.0087243253546226904 0.021120791702891193 -0.033184878376489341 0.0044762624428477532 0.039928207933419814 -0.11704495476728623 0.0066789902872426985 -0.14933697091361831 0.0018704296653220473
leaf_weight=2933 47 6275 1335 205 400 499 2918 931 2833 488 2681 625 6582 4540 962 372 356 1723 833 459 1897 8355 5801 1718 447 686 1695 80 1500 59 50576
leaf_count=2933 47 6275 1335 205 400 499 2918 931 2833 488 2681 625 6582 4540 962 372 356 1723 833 459 1897 8355 5801 1718 447 686 1695 80 1500 59 50576
internal_value=-9.58751e-07 0.00335451 -0.00224344 -0.000515759 0.00115365 -0.0131231 -0.0201606 0.00271046 -0.000542505 -0.0120166 0.00507984 -0.00229355 0.0121281 -0.000235041 0.00382871 -0.0111907 0.00977259 -0.0319812 -0.0490359 -0.0224991 -0.022945 0.00391212 0.00684236 -0.00190212 0.0143146 -0.030455 0.0296554 -0.015125 0.000396361 -0.0193748 0.000589915
internal_weight=110811 44386 66425 57324 38111 9101 6432 35178 26145 7313 3794 3306 9033 57119 2669 1707 8633 3514 1791 958 2003 18832 16321 7519 8802 3519 2051 2511 1580 1956 55116
internal_count=110811 44386 66425 57324 38111 9101 6432 35178 26145 7313 3794 3306 9033 57119 2669 1707 8633 3514 1791 958 2003 18832 16321 7519 8802 3519 2051 2511 1580 1956 55116
is_linear=0
shrinkage=0.0845865


Tree=141
num_leaves=32
num_cat=0
split_feature=18 7 0 100 8 44 27 29 12 10 87 39 11 6 70 53 39 48 22 12 19 21 38 77 14 0 100 2 53 55 82
split_gain=118.612 236.935 214.708 217.133 211.265 207.926 207.586 229.995 207.527 197.508 185.189 209.657 184.156 181.99 177.892 176.267 179.919 173.72 222.049 188.314 161.633 186.262 161.582 160.405 160.885 159.709 158.352 182.304 154.714 175.193 153.442
threshold=0.030071527517148554 0.05186478119257356 0.23438136552888386 0.12890000000000004 -0.062690654425724732 -0.035926599041424041 -0.024753947464252395 -0.060128135578362094 -0.0065428933818275992 -0.14466560442707607 -0.025700700932725747 0.011198419487099652 -0.050582545528229592 0.13733598468869393 0.010072773671318602 0.021512902349779654 0.019960305351689602 0.0025356512751507506 0.016597069456962005 -0.076422977088245039 -0.056087096471880642 -0.077313997612385679 -0.044565574499383045 0.06683342983966041 -0.07118870576572929 0.09913013319949647 -0.72664999999999991 -0.066928269966891843 -0.0076430849786463485 -0.029987802407577747 -0.009254600163167398
decision_type=2 2 2 2 2 2 2 2 2 2 2 2 2 2 2 2 2 2 2 2 2 2 2 2 2 2 2 2 2 2 2
left_child=2 17 4 5 9 -4 -7 -8 15 -1 -11 26 20 -5 23 -6 -17 19 -19 -2 -10 -22 -13 25 -25 -14 27 -12 29 -9 -23
right_child=1 -3 3 13 8 6 7 28 12 10 11 22 14 -15 -16 16 -18 18 -20 -21 21 30 -24 24 -26 -27 -28 -29 -30 -31 -32
leaf_value=-0.11380052739780711 -0.035935149846296824 -0.022940011278449225 -0.0070201348652209937 -0.0058427413745780737 0.009320630727896035 0.0072976516296573936 0.083689569137602005 -0.042225546426383355 0.02463190366838567 0.018868728126451743 0.031164486713699244 0.019034933974894482 -0.019585686411299794 0.041343160725256206 0.0070351446217818085 0.0028785875299935579 -0.025204423237238361 0.00068738455472492851 -0.029184036664356539 0.0096282598103062111 -0.10351970122601237 0.00071722371817588108 -0.060047743862080595 0.090562045505587233 -0.069082377829428637 -0.0010306811836567271 0.0098855118985388558 -0.059404587793736252 0.044478335040372886 0.025297157668971719 -0.033410091201769292
leaf_weight=148 699 4478 1670 5746 24041 2542 663 367 536 946 213 217 4168 651 11736 5673 2291 4647 2885 9039 204 1504 1232 50 453 16308 1447 624 2019 1094 2520
leaf_count=148 699 4478 1670 5746 24041 2542 663 367 536 946 213 217 4168 651 11736 5673 2291 4647 2885 9039 204 1504 1232 50 453 16308 1447 624 2019 1094 2520
internal_value=-9.58092e-07 -0.00560146 0.00136638 0.0106877 -0.000483797 0.0196673 0.0263374 0.0380141 0.000704649 -0.0175955 -0.0145463 -0.0230201 -0.0035668 -0.00103709 -0.00130346 0.00570733 -0.00519751 -0.00110439 -0.0107517 0.00635528 -0.0191047 -0.0246547 -0.0481894 -0.00596923 -0.053161 -0.00480874 -0.00704214 -0.0363305 0.0293046 0.00831988 -0.0206497
internal_weight=110811 21748 89063 14752 74311 8355 6685 4143 69484 4827 4679 3733 37479 6397 32715 32005 7964 17270 7532 9738 4764 4228 1449 20979 503 20476 2284 837 3480 1461 4024
internal_count=110811 21748 89063 14752 74311 8355 6685 4143 69484 4827 4679 3733 37479 6397 32715 32005 7964 17270 7532 9738 4764 4228 1449 20979 503 20476 2284 837 3480 1461 4024
is_linear=0
shrinkage=0.0845865


Tree=142
num_leaves=32
num_cat=0
split_feature=93 66 0 39 11 16 17 0 60 13 1 12 19 30 93 2 71 62 8 1 90 17 71 0 22 14 10 57 97 14 15
split_gain=115.584 181.975 185.141 186.414 185.857 176.922 228.271 210.676 185.296 176.703 211.339 175.095 172.433 166.633 162.072 164.255 193.124 157.946 163.72 150.859 151.949 191.153 177.228 151.301 213.885 150.639 144.457 144.428 139.906 132.423 130.16
threshold=-0.024530520127664147 -0.013761535332840748 0.29692304742960279 0.014367112691130201 -0.029814156810626897 0.023504105537586653 -0.032491006462105891 0.14053198893950344 0.030362086221576604 -0.041083868429181748 0.064256267873574413 -0.0060205814491441989 -0.020126578534511996 1.0000000180025095e-35 0.077996386474116955 -0.022945679200532598 -0.033060253683694842 0.044769411051733508 0.023065138814677606 0.16684267536704997 0.027219424480634153 -0.023778087731457398 -0.060338081820392346 0.16463560600226879 0.00041310069443165005 0.010018103142838101 -0.14466560442707607 0.022266111885184601 0.023861418666839055 0.064410064996902425 -0.051600915397789743
decision_type=2 2 2 2 2 2 2 2 2 2 2 2 2 2 2 2 2 2 2 2 2 2 2 2 2 2 2 2 2 2 2
left_child=19 9 3 -3 5 6 8 -8 -5 12 11 25 -2 -12 15 16 -15 -6 30 20 28 22 -22 24 27 -11 -17 -24 -1 -7 -19
right_child=1 2 -4 4 17 29 7 -9 -10 10 13 -13 -14 14 -16 26 -18 18 -20 -21 21 -23 23 -25 -26 -27 -28 -29 -30 -31 -32
leaf_value=0.010999075677788179 -0.0010272272675181295 0.0040039896321199982 0.026441666207999429 -0.046151589884343633 0.0017445438290241329 0.016055288187442545 -0.051812451822226567 -0.0033458726656362707 -0.13998640411812632 4.2903792525903308e-05 -0.0053012413903741019 -0.0067892840383739312 -0.031959482253921617 0.0063618129828945467 0.1475244111654771 -0.17075203608715975 -0.099339792078478373 -0.078804471487986791 -0.069016212236355512 0.026572765746664419 0.13703074867025211 0.00087118538656568757 -0.17236908739482615 -0.02285738115367229 -0.0096463512420812952 0.023687512501579588 -0.018183827716837998 -0.031562249095215482 -0.0072264062052157588 -0.061072139737820115 0.0016342157778160824
leaf_weight=12853 2049 36551 2021 667 13416 1223 922 2114 195 4689 2446 10712 3485 161 33 46 528 167 457 2165 40 2903 186 848 166 3276 1265 73 3935 183 1036
leaf_count=12853 2049 36551 2021 667 13416 1223 922 2114 195 4689 2446 10712 3485 161 33 46 528 167 457 2165 40 2903 186 848 166 3276 1265 73 3935 183 1036
internal_value=-8.38425e-07 -0.00140564 0.0012829 0.000389386 -0.00609226 -0.0197109 -0.0289899 -0.0180725 -0.0674126 -0.00693078 -0.0036844 0.000271765 -0.0205106 -0.0201858 -0.0380828 -0.0411608 -0.0746111 -0.00129949 -0.0259131 0.00531223 0.00311969 -0.0112348 -0.0380156 -0.0435395 -0.0847462 0.00977071 -0.0235617 -0.132783 0.00672586 0.0059991 -0.00951827
internal_weight=110811 87642 58952 56931 20380 5304 3898 3036 862 28690 23156 18677 5534 4479 2033 2000 689 15076 1660 23169 21004 4216 1313 1273 425 7965 1311 259 16788 1406 1203
internal_count=110811 87642 58952 56931 20380 5304 3898 3036 862 28690 23156 18677 5534 4479 2033 2000 689 15076 1660 23169 21004 4216 1313 1273 425 7965 1311 259 16788 1406 1203
is_linear=0
shrinkage=0.0845865


Tree=143
num_leaves=32
num_cat=0
split_feature=11 60 46 96 27 4 49 42 76 14 96 92 88 82 5 9 79 39 72 46 70 100 0 23 85 68 88 100 74 24 30
split_gain=112.429 125.936 168.774 166.973 136.447 135.216 128.365 157.489 165.612 153.568 161.16 137.216 133.672 155.108 163.273 172.143 146.705 171.303 165.446 159.474 147.806 174.543 137.689 127.598 125.243 154.137 121.415 120.719 118.933 116.247 113.613
threshold=0.11045235322052467 0.064356932166715106 0.0068928692980698009 -0.00194769502110915 -0.011106338699519498 -0.062028651621991795 0.1088757827541308 0.065021607192793721 -0.07852698143056748 -0.022090004018771748 -0.030715952349205298 0.031223552993752103 -0.0073749007231773489 -0.0089868903129352497 0.022303292745254003 0.015023399779198601 -0.010633954929502849 0.040513672706102712 -0.0042609431069485495 -0.022283922810316045 0.08067813697483131 0.42080000000000001 0.042420394358863252 0.015657200113111853 0.023560935862640353 -0.032523524315507792 -0.0087674565718241487 -0.050699999999999988 -0.013860359730477398 -0.072304232977273439 0.024731898818138805
decision_type=2 2 2 2 2 2 2 2 2 2 2 2 2 2 2 2 2 2 2 2 2 2 2 2 2 2 2 2 2 2 2
left_child=1 6 3 4 5 -3 7 12 11 -10 -11 27 13 30 22 -16 17 18 -14 -19 28 -22 -15 -12 -6 -26 -7 -9 -18 -4 -1
right_child=-2 2 29 -5 24 26 -8 8 9 10 23 -13 16 14 15 -17 20 19 -20 -21 21 -23 -24 -25 25 -27 -28 -29 -30 -31 -32
leaf_value=0.016299242124440401 0.019107627821706649 -0.16850188352987117 0.060388712096423491 -0.0060342055740520125 -0.0059210244050567429 -0.0067431365261785186 0.028902871452392037 -0.20433580642710034 0.012498371018178593 0.016624469122880917 -0.04679225988338985 0.034238828493635388 0.014616067084038408 -0.12327441478421756 -0.0011719927451444732 -0.030201319883515404 0.0013128892176371945 -0.043415791685742777 -0.0012909800691603922 -0.002296928176025663 0.056944831262297678 -0.025963428216280397 0.004988143338070441 -0.0068090147277087409 -0.27206666869542767 -0.053405618065140777 -0.091797408362640637 -0.037203518883436364 -0.0091886602407586573 -0.0029537479032499436 -0.00080896862660881092
leaf_weight=10173 2160 99 230 1315 604 191 1107 80 1267 604 1557 43 9413 60 4328 2208 11155 952 9296 2322 562 268 18436 904 27 160 326 51 25005 2091 3817
leaf_count=10173 2160 99 230 1315 604 191 1107 80 1267 604 1557 43 9413 60 4328 2208 11155 952 9296 2322 562 268 18436 904 27 160 326 51 25005 2091 3817
internal_value=-8.80387e-07 -0.000380968 -0.013434 -0.0277236 -0.0479784 -0.0778421 0.000254175 -5.50385e-05 -0.0155172 -0.0122608 -0.0225027 -0.0964329 0.000655735 0.00449642 0.000508717 -0.0109822 -0.00188526 0.00358679 0.00671117 -0.0142604 -0.00513785 0.0301489 0.00457047 -0.0321144 -0.0246902 -0.085176 -0.0604211 -0.139483 -0.00594845 0.00331555 0.01163
internal_weight=110811 108651 5043 2722 1407 616 103608 102501 4506 4332 3065 174 97995 39022 25032 6536 58973 21983 18709 3274 36990 830 18496 2461 791 187 517 131 36160 2321 13990
internal_count=110811 108651 5043 2722 1407 616 103608 102501 4506 4332 3065 174 97995 39022 25032 6536 58973 21983 18709 3274 36990 830 18496 2461 791 187 517 131 36160 2321 13990
is_linear=0
shrinkage=0.0845865


Tree=144
num_leaves=32
num_cat=0
split_feature=55 8 43 35 18 61 89 1 97 7 84 7 12 34 81 19 38 48 64 90 62 34 39 26 88 67 3 19 97 21 100
split_gain=111.518 152.362 144.964 182.67 141.768 204.297 201.111 221.127 206.048 219.041 184.215 161.336 195.074 156.652 167.72 164.067 155.192 185.514 144.765 145.42 141.129 155.708 164.981 139.809 172.461 137.196 136.785 135.185 133.612 176.801 132.478
threshold=-0.020791748898810299 -0.10791101939816189 0.063799120015241961 0.0092462391022659022 0.03417830454052035 -0.070213619251063827 0.0023148891133513501 0.12596055925824673 0.021249395355356405 -0.027581098768560148 0.038082035507435254 0.047795594144154761 -0.07313225304542334 0.0034025379252575504 -0.044104722493948596 0.012958680984576702 -0.023339056653360949 -0.018195033767733196 0.035255754675251903 0.029361867492402553 -0.043144205679695243 0.038560273666390206 0.0049800366818596011 -0.11076897133864098 0.025453778286283903 -0.046386644894158592 -0.12665294288896967 -0.06533575604399898 0.023468269512891302 -0.013629671372748899 -0.70924999999999983
decision_type=2 2 2 2 2 2 2 2 2 2 2 2 2 2 2 2 2 2 2 2 2 2 2 2 2 2 2 2 2 2 2
left_child=1 30 -3 -4 5 16 7 10 9 -9 13 12 26 15 -15 -7 -2 -18 19 28 -13 22 25 24 -14 -22 -6 -24 -8 -30 -1
right_child=4 2 3 -5 11 6 18 8 -10 -11 -12 20 23 14 -16 -17 17 -19 -20 -21 21 -23 27 -25 -26 -27 -28 -29 29 -31 -32
leaf_value=-0.09046390648775765 -0.0067295132907108611 -0.0018174456716372569 -0.043242129766238854 0.010254256653177562 -0.1697396337631219 0.010191874448945483 0.011317853514320677 -0.022141635452789053 0.049181153485647 0.023992687643348384 -0.023424051451272767 0.022855600156636229 -0.024387576567945983 -0.045585636803639785 -0.0064504214393661637 -0.0082848530213306387 0.083187368329396716 0.019713140691843593 0.02215816051845686 -0.010283038157779945 -0.094030918980666345 -0.069226244932880848 0.083326264854369295 0.0031953898076363704 -0.22327657483210467 0.011154466015938124 -0.031604468808212202 -0.054440603211140901 -0.028496388228002673 0.007590289118910601 -0.015040882779332628
leaf_weight=264 566 28369 1351 689 55 9824 16825 1225 1038 1845 3224 409 122 841 11507 5289 562 799 4239 3676 97 580 54 10013 42 1031 769 859 1528 2665 454
leaf_count=264 566 28369 1351 689 55 9824 16825 1225 1038 1845 3224 409 122 841 11507 5289 562 799 4239 3676 97 580 54 10013 42 1031 769 859 1528 2665 454
internal_value=-9.96473e-07 -0.00429456 -0.0033844 -0.0251638 0.00167593 0.00332553 0.00250463 -0.00182809 0.0166006 0.00557702 -0.00429599 -0.00604121 -0.00127889 -0.00204947 -0.00911781 0.00372427 0.0304606 0.0459421 0.00771562 0.00523549 -0.0233243 -0.0305391 -0.0195329 0.0019243 -0.075522 0.00208539 -0.0408634 -0.0462635 0.00795068 -0.00555547 -0.0428085
internal_weight=110811 31127 30409 2040 79684 65653 63726 34793 4108 3070 30685 14031 11001 27461 12348 15113 1927 1361 28933 24694 3030 2621 2041 10177 164 1128 824 913 21018 4193 718
internal_count=110811 31127 30409 2040 79684 65653 63726 34793 4108 3070 30685 14031 11001 27461 12348 15113 1927 1361 28933 24694 3030 2621 2041 10177 164 1128 824 913 21018 4193 718
is_linear=0
shrinkage=0.0845865


Tree=145
num_leaves=32
num_cat=0
split_feature=0 25 8 90 100 53 73 41 6 30 8 7 24 12 33 97 47 3 30 21 0 2 1 73 28 100 22 38 62 67 45
split_gain=109.442 217.732 194.874 185.868 182.008 248.486 196.072 234.569 190.488 188.393 176.271 175.408 175.341 189.099 187.766 157.488 179.224 156.242 149.526 146.524 145.942 146.255 145.128 153.3 142.378 169.411 218.102 245.121 196.88 237.95 197.227
threshold=0.14845191993067103 -0.013305276875544348 -0.068483053031087746 0.053192843494836058 -0.47729999999999995 -0.033336714156696791 -0.029179257896157895 -0.039205974942259796 0.14380959573279709 -0.092752343839588136 -0.12971259004985453 0.096436362004837364 0.030063428752734555 0.17167377337958464 -0.056459823249315345 0.016742129219553054 0.0092107471256150011 0.037396280254615409 -0.056803341008110041 -0.027657507117706346 0.14968076021095703 0.18278454925571849 -0.15110723426715963 -0.024117510489017894 0.007066398362480051 -0.62494999999999989 -0.019435384047158898 0.0034491162827651003 0.031714432773878358 0.0057249927066639009 0.04211030058672386
decision_type=2 2 2 2 2 2 2 2 2 2 2 2 2 2 2 2 2 2 2 2 2 2 2 2 2 2 2 2 2 2 2
left_child=1 2 17 11 5 10 18 9 -6 -8 -2 -4 13 -9 -15 -5 -17 19 -7 -1 -12 -22 -11 -24 25 26 27 -3 29 -28 -31
right_child=4 24 3 15 8 6 7 12 -10 22 20 -13 -14 14 -16 16 -18 -19 -20 -21 21 -23 23 -25 -26 -27 28 -29 -30 30 -32
leaf_value=-0.21546528648032179 -0.088326531761595217 -0.010343160469938672 -0.0079939950030504092 -0.026718504900981488 -0.0026887991218680126 0.080415743623692304 0.09684593261135474 0.018283812389684434 0.023184985289081653 0.04079976417252773 -0.14079945559599294 -0.089525794537982317 -0.0052276006651105541 -0.24445682725439599 0.0037273294240175539 -0.06632661898181702 -0.24854734974017928 0.017072864347780527 0.02348717207186031 -0.046091648013725804 -0.00095545724544692228 -0.067680034859727803 0.064955353275971212 -0.028894360865334239 0.0080184682955895207 0.00048214102774222118 -0.016722952965292671 -0.074407751037418576 -0.066689106922633509 0.054850884418485964 -0.10568400250274176
leaf_weight=83 187 856 11311 315 41398 364 106 11095 2141 272 56 192 3171 39 49 117 58 64 3585 66 5766 245 131 2453 11092 12454 1196 855 297 738 59
leaf_count=83 187 856 11311 315 41398 364 106 11095 2141 272 56 192 3171 39 49 117 58 64 3585 66 5766 245 131 2453 11092 12454 1196 855 297 738 59
internal_value=-1.02437e-06 -0.00355526 -0.0129596 -0.011533 0.00198707 0.00737191 0.0117312 0.0078507 -0.00141595 -0.0138181 -0.00744735 -0.00935723 0.0123237 0.0173023 -0.106123 -0.0625579 -0.126913 -0.0931598 0.0287412 -0.140637 -0.00495001 -0.00367932 -0.017935 -0.0241267 0.000611045 -0.00438087 -0.0195232 -0.0423708 -0.00244225 0.00712313 0.0429324
internal_weight=110811 39753 12206 11993 71058 27519 21265 17316 43539 2962 6254 11503 14354 11183 88 490 175 213 3949 149 6067 6011 2856 2584 27547 16455 4001 1711 2290 1993 797
internal_count=110811 39753 12206 11993 71058 27519 21265 17316 43539 2962 6254 11503 14354 11183 88 490 175 213 3949 149 6067 6011 2856 2584 27547 16455 4001 1711 2290 1993 797
is_linear=0
shrinkage=0.0845865


Tree=146
num_leaves=32
num_cat=0
split_feature=26 24 29 51 13 51 24 39 15 65 12 28 90 15 14 49 22 60 94 95 13 32 37 93 99 94 59 11 34 12 6
split_gain=109.733 136.8 126.972 174.895 124.436 127.966 182.903 184.118 212.439 180.189 170.708 186.286 166.324 162.798 152.291 148.104 143.629 137.548 132.986 125.211 131.304 117.216 123.891 115.924 119.78 115.479 113.784 129.838 113.451 171.784 113.078
threshold=0.047611767690624356 0.14512608310463124 0.035515048199040507 -0.028126086297341094 0.1460856899505418 0.0098202662283370015 -0.04632313950314474 -0.055381405827584447 0.056721917652989305 -0.026765719950081149 0.043948361145658511 -0.10240213885675449 0.064014355810023252 -0.05551447834488369 -0.03341232509921814 -0.086700434063125345 0.044912876398996056 0.064356932166715106 0.035292286472220803 0.030070093087756104 -0.064368282404826435 0.075773566636420112 -0.0040364545229946494 -0.0011540002824084997 -0.018366644125233846 -0.013025485647939499 -0.026570717691867796 -0.040660793377104147 -0.026247808761121445 -0.064698636243934779 -0.10725512304648759
decision_type=2 2 2 2 2 2 2 2 2 2 2 2 2 2 2 2 2 2 2 2 2 2 2 2 2 2 2 2 2 2 2
left_child=1 4 -2 -4 5 10 26 21 9 -9 11 28 17 19 -15 -16 -10 -13 -14 -12 -21 -8 -23 24 -3 -5 27 -7 -1 -30 -27
right_child=2 23 3 25 -6 6 7 8 16 -11 13 12 18 14 15 -17 -18 -19 -20 20 -22 22 -24 -25 -26 30 -28 -29 29 -31 -32
leaf_value=0.015697661097778582 0.01256318177705199 -0.13421062977355186 -0.050446354853383821 0.024131926648123248 0.03277994713698066 0.086740754098667022 0.015722479367601443 -0.02613906310541975 0.018685967908900265 -0.0085892328440068458 -0.043515579506497377 0.0060800206055739619 -0.031264780435141921 0.017705364320661512 -0.1008454132689505 -0.0076244831057776345 -0.022776075527850489 -0.015807962542135911 0.03289991939395346 0.16326135713643267 -0.0047795891910599707 -0.12036601816901459 0.012091526860598308 -0.10713421958019535 0.044884487479293765 -0.08139043550353306 0.0029617465739688867 0.018074537591237415 -0.18794434309078217 -0.040670790899314989 -0.004913185591110941
leaf_weight=207 9120 36 553 1011 785 251 3065 5338 2781 19430 1379 44963 1495 1891 124 7271 761 2152 273 37 323 96 106 160 103 155 4169 922 64 500 1290
leaf_count=207 9120 36 553 1011 785 251 3065 5338 2781 19430 1379 44963 1495 1891 124 7271 761 2152 273 37 323 96 106 160 103 155 4169 922 64 500 1290
internal_value=-1.10828e-06 -0.000934497 0.00759119 -0.00747134 -0.000760637 -0.00103065 -0.00495743 -0.0074066 -0.00960118 -0.0123725 0.00135817 0.00347255 0.00412364 -0.00816253 -0.00371176 -0.00919139 0.00977156 0.0050798 -0.0213441 -0.0319157 0.012459 0.0116036 -0.050772 -0.0580573 -0.00138852 0.00219747 0.00951578 0.03279 -0.0377769 -0.0574406 -0.0131347
internal_weight=110811 98682 12129 3009 98383 97598 36919 31577 28310 24768 60679 49654 48883 11025 9286 7395 3542 47115 1768 1739 360 3267 202 299 139 2456 5342 1173 771 564 1445
internal_count=110811 98682 12129 3009 98383 97598 36919 31577 28310 24768 60679 49654 48883 11025 9286 7395 3542 47115 1768 1739 360 3267 202 299 139 2456 5342 1173 771 564 1445
is_linear=0
shrinkage=0.0845865


Tree=147
num_leaves=32
num_cat=0
split_feature=46 66 93 42 8 97 95 44 64 40 24 19 3 55 0 7 75 11 14 21 6 50 59 20 18 94 83 10 94 22 39
split_gain=107.784 116.34 134.467 159.337 169.215 156.691 142.193 131.933 128.391 126.527 188.969 133.148 124.915 131.667 124.022 157.401 177.102 170.737 193.72 178.46 155.033 144.033 136.696 125.729 138.549 129.397 119.437 135.27 129.361 143.742 136.547
threshold=0.10681573316400726 -0.03716177260508189 0.014497348175340102 0.0065233448583615515 0.040256115839936456 -0.043486147988131843 -0.028840321164876098 -0.046198088787253642 -0.014728267788077449 -0.071509976143090945 -0.11906704889823173 -0.10105715696322749 0.0029348755915981502 -0.045751785105416443 0.26064086567814454 -0.046695355500770044 -0.03228017323665134 -0.10246340893092402 -0.10009039776843179 -0.066164460506163439 -0.13395046010687617 -0.031389394054073795 -0.068102627671509139 0.0074629435108671512 0.11713261569026136 -0.033508474398893741 -0.030398848709086896 -0.018998611082231599 -0.0098581836340552991 -0.025300423285399647 -0.029246118897242896
decision_type=2 2 2 2 2 2 2 2 2 2 2 2 2 2 2 2 2 2 2 2 2 2 2 2 2 2 2 2 2 2 2
left_child=1 2 26 5 6 8 -5 -6 -4 10 -3 -11 13 -12 15 16 21 18 -17 -19 -18 -13 -16 25 -25 -24 27 -1 29 -28 -31
right_child=-2 9 3 4 7 -7 -8 -9 -10 11 12 14 -14 -15 22 17 20 19 -20 -21 -22 -23 23 24 -26 -27 28 -29 -30 30 -32
leaf_value=-0.0097843689013668578 0.024192012070122497 -0.25085973416594431 -0.020907956884734576 -0.00033822537649324662 -0.098350745769100495 -0.012875180593979997 -0.063923652436417677 0.027969735072801039 0.096977885216791515 0.02291727231762326 -0.11202602056362085 -0.06261732377398932 -0.027230510026583599 0.0089342034257870653 0.054576711112903999 -0.25338355347045116 -0.062273364805776873 -0.019494141953646113 -0.025073380877861279 -6.8714302288973698e-05 0.012780190719522105 -0.0041175943611920446 -0.030864693521289035 0.023441098280214071 -0.13481646643779768 0.0058680317474973567 0.009347383259557503 0.043050876809532568 0.0022369748321004624 0.00092854590714248062 -0.046239118752986946
leaf_weight=597 1302 24 104 318 70 2280 1218 379 180 2011 67 390 2007 1604 480 27 200 3579 1597 62056 12174 1325 832 3039 40 3912 849 825 5248 629 1448
leaf_count=597 1302 24 104 318 70 2280 1218 379 180 2011 67 390 2007 1604 480 27 200 3579 1597 62056 12174 1325 832 3039 40 3912 849 825 5248 629 1448
internal_value=-1.05527e-06 -0.000288906 -0.00744769 -0.0194263 -0.0374198 -0.00548723 -0.0507739 0.00821708 0.0537386 0.000772712 -0.0145578 0.00139212 -0.0130056 0.00406722 0.000909023 -9.58396e-05 0.00803341 -0.00179903 -0.0288925 -0.0011283 0.0115651 -0.0174351 0.0107566 0.00806472 0.0213754 -0.000569983 -0.00176687 0.0208546 -0.00570499 -0.0199565 -0.031945
internal_weight=110811 109509 14145 4549 1985 2564 1536 449 284 95364 3702 91662 3678 1671 89651 81348 14089 67259 1624 65635 12374 1715 8303 7823 3079 4744 9596 1422 8174 2926 2077
internal_count=110811 109509 14145 4549 1985 2564 1536 449 284 95364 3702 91662 3678 1671 89651 81348 14089 67259 1624 65635 12374 1715 8303 7823 3079 4744 9596 1422 8174 2926 2077
is_linear=0
shrinkage=0.0845865


Tree=148
num_leaves=32
num_cat=0
split_feature=26 11 62 24 23 55 16 11 22 15 49 91 0 70 46 38 6 82 31 11 26 88 6 23 42 74 56 36 84 12 15
split_gain=107.63 126.65 132.278 122.53 160.571 151.677 186.652 154.851 149.653 184.524 155.681 138.622 131.436 123.89 122.145 134.58 136.532 136.31 133.505 130.319 128.766 119.551 119.186 154.421 119.776 169.792 153.911 137.864 178.8 152.918 114.1
threshold=0.092827874771053615 -0.17604839349501017 -0.074939323171457142 0.050150687741229556 -0.064863385946151278 -0.0043501471597368994 0.0069478792728087007 0.059164201189952456 0.030205026631681255 -0.073312548877460929 0.049071673598385261 -0.042694160694091994 0.10020182995503346 0.070712773945676419 0.047538814883560855 -0.0094656054728669992 0.087590834189241212 0.053205271283421056 -0.088116638254388036 0.024977767250954155 0.039154389960133658 -0.072498850366349329 -0.063550456993343343 0.028911138931711152 -0.060424545816313242 0.027673106704240204 0.014901361053808352 -0.069638895375302587 0.03240498567854621 -0.031016179731125797 -0.014688854341964248
decision_type=2 2 2 2 2 2 2 2 2 2 2 2 2 2 2 2 2 2 2 2 2 2 2 2 2 2 2 2 2 2 2
left_child=1 -1 -3 4 11 6 7 -6 9 -7 -10 -4 -8 -13 15 17 19 18 -5 -17 21 -16 23 24 25 -2 -26 29 -29 -28 -22
right_child=22 2 3 14 5 8 12 -9 10 -11 -12 13 -14 -15 20 16 -18 -19 -20 -21 30 -23 -24 -25 26 -27 27 28 -30 -31 -32
leaf_value=-0.053291931073766126 0.02281193268068038 0.019166337735732685 0.023682125731156068 -0.046453236628800014 -0.0092125429915168068 -0.019202732799233877 -0.015517194901215503 0.012347651956298599 -0.0079853737841815691 0.0088101916781360701 0.028829285095752541 -0.014349077790559316 0.0077913351216754067 -0.090743184820227571 0.15747871244750788 -0.032228815558973938 0.023862645893478876 0.057814110908416247 8.9662492652149825e-05 -0.0057272011356456895 -0.10098285838259385 0.016266569144274171 0.034565727325873222 -0.084754808515542027 0.026761537174060438 0.2753530029633427 -0.059379823699129169 -0.098339170074244919 0.13465557090374547 0.12392361408985399 0.0042136260423925823
leaf_weight=323 60 2453 690 490 22221 1772 1979 2669 8733 33108 907 5847 13783 156 44 3919 475 264 4391 2011 127 1679 1340 142 629 28 66 240 26 64 175
leaf_count=323 60 2453 690 490 22221 1772 1979 2669 8733 33108 907 5847 13783 156 44 3919 475 264 4391 2011 127 1679 1340 142 629 28 66 240 26 64 175
internal_value=-1.09292e-06 -0.000409515 -0.00025097 -0.000702916 0.000405311 0.00139688 -0.00233827 -0.00689972 0.00480799 0.00738641 -0.0045192 -0.0122096 0.00486343 -0.0163389 -0.00820407 -0.0115646 -0.0197482 -0.00137259 -0.00457895 -0.0232453 0.0109525 0.019891 0.0170222 -0.00169345 0.00888905 0.103554 0.000734732 -0.0405496 -0.0754573 0.0307153 -0.0399666
internal_weight=110811 108216 107893 105440 91865 85172 40652 24890 44520 34880 9640 6693 15762 6003 13575 11550 6405 5145 4881 5930 2025 1723 2595 1255 1113 88 1025 396 266 130 302
internal_count=110811 108216 107893 105440 91865 85172 40652 24890 44520 34880 9640 6693 15762 6003 13575 11550 6405 5145 4881 5930 2025 1723 2595 1255 1113 88 1025 396 266 130 302
is_linear=0
shrinkage=0.0845865


Tree=149
num_leaves=32
num_cat=0
split_feature=17 19 77 7 99 29 63 39 2 17 67 66 0 38 80 96 58 93 84 60 0 11 34 95 24 53 18 90 53 53 1
split_gain=107.488 121.971 163.747 147.785 153.938 138.544 137.091 143.235 149.209 180.812 191.498 182.001 135.046 130.355 145.451 141.445 169.434 191.397 141.357 128.366 127.712 174.263 128.43 125.385 120.988 119.763 118.297 117.582 110.342 108.986 162.126
threshold=0.11653067998479781 0.020585861424804654 -0.091981182671444742 0.13480056399582926 0.0034100113053556007 -0.088229357976433345 0.08385387183681571 -0.045149134538877193 -0.065636685617632834 -0.079733386262233336 0.012192610188842301 -0.064400535893121044 0.26524841051772857 0.068984249456232674 0.049115317296592402 0.010456937287549503 -0.047325109083038393 0.028894428430656451 -0.080542467699434336 0.062545913403131606 0.21633676085698483 -0.064138842112450675 0.079589443741131069 0.0062529842083335003 0.024645087379780901 -0.057209162761639142 -0.0057646608408580989 -0.020040201648258198 0.038539512498037207 0.027056552896182404 0.080261532039906172
decision_type=2 2 2 2 2 2 2 2 2 2 2 2 2 2 2 2 2 2 2 2 2 2 2 2 2 2 2 2 2 2 2
left_child=1 5 24 13 12 -1 7 25 29 11 -11 -10 -5 15 20 18 -17 -18 -4 -20 21 -15 -22 -14 -3 -7 -16 -6 -2 -9 -31
right_child=28 2 3 4 27 6 -8 8 9 10 -12 -13 23 14 26 16 17 -19 19 -21 22 -23 -24 -25 -26 -27 -28 -29 -30 30 -32
leaf_value=0.028444710056665917 0.0076414007454694262 -0.039125389143479468 0.072538164943571792 -0.098687505688787855 0.065376266752772402 -0.019952458146196686 -0.02530626789158406 0.01483816950920447 -0.16736995322473733 -0.0045474891760897028 0.0062838272822161399 -0.023132254814856031 -0.072574924639996888 -0.20543777313555839 -0.22975515904478691 0.024824727089809699 -0.0079292059065027391 -0.039707687133270865 0.0030842579605681528 -0.027667165707369219 0.016805522482835508 -0.036611440413086171 -0.11224263502634611 0.067984978344145394 -0.17758416842503774 0.013958550698297611 -0.041842909254088199 -0.028759180012833351 0.048083288088741946 0.0025748289394122307 -0.061722856698842865
leaf_weight=1331 2413 176 202 346 136 814 1400 7274 65 34538 17645 1689 100 48 45 900 7586 1652 17844 1027 571 497 61 83 61 8746 52 314 604 2271 320
leaf_count=1331 2413 176 202 346 136 814 1400 7274 65 34538 17645 1689 100 48 45 900 7586 1652 17844 1027 571 497 61 83 61 8746 52 314 604 2271 320
internal_value=-9.01964e-07 -0.000441836 -0.00485025 -0.00432183 -0.0366719 0.00139447 0.000912582 0.00141324 -3.32113e-05 -0.00178293 -0.000884609 -0.0284957 -0.0676049 -0.00328216 -0.0297683 -0.00212621 -0.0101999 -0.0136146 0.00216416 0.00140948 -0.0215378 -0.0515428 0.00430576 -0.00870582 -0.074892 0.0110688 -0.129335 -0.000256591 0.0157458 0.00953121 -0.00535937
internal_weight=110811 107794 31701 31464 979 76093 74762 73362 63802 53937 52183 1754 529 30485 1274 29211 10138 9238 19073 18871 1177 545 632 183 237 9560 97 450 3017 9865 2591
internal_count=110811 107794 31701 31464 979 76093 74762 73362 63802 53937 52183 1754 529 30485 1274 29211 10138 9238 19073 18871 1177 545 632 183 237 9560 97 450 3017 9865 2591
is_linear=0
shrinkage=0.0845865


Tree=150
num_leaves=32
num_cat=0
split_feature=9 5 44 3 82 1 100 14 29 95 80 60 19 90 0 54 53 25 5 89 8 15 59 0 24 8 21 0 39 67 100
split_gain=107.756 131.106 126.371 158.013 134.884 123.724 124.859 144.461 147.617 126.073 161.823 205.419 166.924 151.231 146.691 137.623 123.493 110.181 129.95 112.199 132.515 131.191 211.838 110.164 102.304 100.636 131.036 121.545 119.977 117.498 109.578
threshold=0.059598292638332252 0.21947242103551204 -0.10984383459296625 0.023261611600508502 0.056644893602134851 -0.15482403420593177 -0.97184999999999988 0.074483199804552314 0.081373923901935721 0.023221805720722802 0.0017792327008141504 -0.03538027890779484 -0.035921216607836592 -0.0079894682916840983 0.10020182995503346 0.019053132971056101 -0.006922828713291999 -0.0030961161106473995 0.13992926970085137 0.040207738238412456 0.019352173928832903 -0.027757079694464299 0.026162199726504552 0.2577933543779104 0.12697600067501177 -0.016984821430363398 -0.031313150953097245 0.18844161107653518 -0.056526798045778141 -0.00251733375486485 -0.83144999999999991
decision_type=2 2 2 2 2 2 2 2 2 2 2 2 2 2 2 2 2 2 2 2 2 2 2 2 2 2 2 2 2 2 2
left_child=1 2 3 4 -1 -4 7 8 23 10 12 -12 -8 15 -15 -11 -10 18 24 21 -21 22 -20 -7 -2 26 28 29 -19 -28 -30
right_child=17 -3 5 -5 -6 6 9 -9 16 13 11 -13 -14 14 -16 -17 -18 25 19 20 -22 -23 -24 -25 -26 -27 27 -29 30 -31 -32
leaf_value=-0.040933856996307638 -0.0021777560388014199 0.034924285282983782 0.025681770650295508 0.071625564438088749 -0.23413740531740201 -0.033879890549385422 0.01681031433414935 -0.14330567214977971 0.20980827870441254 -0.0034662317384743292 0.01397832804880216 -0.0038965556518861504 0.0033677191962266004 -0.043469637917811971 -0.0085757685891329951 0.020927856548328502 -0.040240844004031738 -0.19966524411580333 0.19025590962506606 -0.14420803271540883 0.043967328215523682 0.030029473638018198 -0.096944984263068718 0.047380191264358787 -0.12607686742348825 -0.0051110294204498117 -0.077972874923106519 -0.0059987759123398075 -0.11169525940553716 -0.015731811545901399 -0.023628200724569497
leaf_weight=609 6109 809 1431 88 27 1076 8736 70 36 5595 5375 31892 27175 943 10084 2349 23 43 89 51 56 519 23 134 48 4123 397 1954 149 481 317
leaf_count=609 6109 809 1431 88 27 1076 8736 70 36 5595 5375 31892 27175 943 10084 2349 23 43 89 51 56 519 23 134 48 4123 397 1954 149 481 317
internal_value=-9.59945e-07 0.00101659 0.000729534 -0.0344732 -0.0491929 0.000998292 0.000620222 -0.0250227 -0.0184741 0.000993083 0.0025863 -0.00131788 0.00663849 -0.0051514 -0.011562 0.00374441 0.112035 -0.00683748 0.000868843 0.0344108 -0.0455585 0.0480084 0.131065 -0.0248611 -0.00314848 -0.0139591 -0.0248715 -0.0177584 -0.0643986 -0.043903 -0.0518446
internal_weight=110811 96452 95643 724 636 94919 93488 1339 1269 92149 73178 37267 35911 18971 11027 7944 59 14359 6895 738 107 631 112 1210 6157 7464 3341 2832 509 878 466
internal_count=110811 96452 95643 724 636 94919 93488 1339 1269 92149 73178 37267 35911 18971 11027 7944 59 14359 6895 738 107 631 112 1210 6157 7464 3341 2832 509 878 466
is_linear=0
shrinkage=0.0845865


Tree=151
num_leaves=32
num_cat=0
split_feature=42 94 28 31 62 38 68 63 66 45 8 16 21 91 15 11 13 75 18 85 72 73 87 88 41 39 12 65 77 96 66
split_gain=104.392 146.568 147.515 144.642 138.174 137.405 135.502 128.154 140.52 127.681 135.246 128.47 121.409 121.779 121.33 137.039 180.273 175.981 171.92 147.255 130.509 127.761 118.398 116.619 131.512 125.716 144.034 115.809 114.783 109.874 109.662
threshold=-0.052039717343032942 -0.058389866392489047 -0.0051118010775125988 -0.088116638254388036 0.093124005589279815 0.0038295950726068002 0.085723682423497302 0.034144856647688605 0.043772334858078903 0.036800739221834113 0.076715980415213256 -0.042548815991437096 0.017887343662740505 -0.061593462098150344 0.14000864188583392 -0.096374697003733731 -0.092982268206320731 -0.013110388526337448 0.10616515530237307 0.034874502686541763 0.0096111801768057024 -0.048265483757706791 -0.047887722796162845 0.021994789083103403 -0.080883093175317985 0.013986153156560802 -0.021676672296549297 0.0021598510568517503 0.044905229553765656 0.0011705556223637001 -0.0047627932605676989
decision_type=2 2 2 2 2 2 2 2 2 2 2 2 2 2 2 2 2 2 2 2 2 2 2 2 2 2 2 2 2 2 2
left_child=30 2 9 5 6 -4 14 23 -9 10 12 -12 13 -2 15 17 18 20 -17 -19 -3 -18 -11 24 -5 -25 -27 -26 -16 -30 -1
right_child=1 4 3 7 -6 -7 -8 8 -10 22 11 -13 -14 -15 28 16 21 19 -20 -21 -22 -23 -24 25 27 26 -28 -29 29 -31 -32
leaf_value=-0.0013309523452881113 0.030220057072071167 0.031440812762372351 -0.29596368359090386 -0.11190883979131216 -0.029886477498007609 -0.018444727584253747 0.032963246314520717 -0.07371572571835347 0.067248658820242765 -0.16434829291735981 -0.1181380824919378 0.080429393630491397 -0.013611143256484473 -0.080062040946347071 0.049840315146002331 -0.02967227570828207 0.012199114732544166 -0.020946667944583948 0.030334460938914697 -0.078770239282590082 -0.018024514219435305 3.5975807498501923e-05 0.036232435823366244 0.0057421500847510548 0.051775448061733231 0.05770639142336275 -0.12008537228011559 -0.00081204501359916049 -0.19127788249057412 0.029358583416725145 0.016368837979701303
leaf_weight=4644 78 769 23 49 1107 29 893 271 62 23 30 103 378 839 551 2361 6691 2107 399 371 757 80764 239 370 699 42 143 523 29 36 5431
leaf_count=4644 78 769 23 49 1107 29 893 271 62 23 30 103 378 839 551 2361 6691 2107 399 371 757 80764 239 370 699 42 143 523 29 36 5431
internal_value=-1.02556e-06 -0.000822276 -0.0168974 -0.00250607 -0.000174458 -0.141823 0.00016893 0.000843789 -0.047398 -0.0357119 -0.0456747 0.0354431 -0.0540236 -0.0706567 -0.000139671 -0.000384545 0.000294842 -0.015697 -0.0209892 -0.0296143 0.00688896 0.000966804 0.0185058 0.00965451 0.023788 -0.0226731 -0.0796005 0.0292524 0.0372759 -0.0688464 0.00820818
internal_weight=110811 100736 3901 2211 96835 52 95728 2159 333 1690 1428 133 1295 917 94835 94219 90215 4004 2760 2478 1526 87455 262 1826 1271 555 185 1222 616 65 10075
internal_count=110811 100736 3901 2211 96835 52 95728 2159 333 1690 1428 133 1295 917 94835 94219 90215 4004 2760 2478 1526 87455 262 1826 1271 555 185 1222 616 65 10075
is_linear=0
shrinkage=0.0845865


Tree=152
num_leaves=32
num_cat=0
split_feature=38 46 34 21 16 24 71 12 93 30 0 66 70 88 21 68 43 4 45 97 35 58 92 38 82 7 32 53 82 6 81
split_gain=105.527 120.959 120.751 118.297 116.317 149.32 147.517 116.292 114.636 130.474 144.069 129.946 121.266 123.225 155.636 135.554 122.588 125.041 120.039 115.7 121.624 112.054 117.22 110.063 131.755 139.177 104.104 101.958 100.641 99.811 174.403
threshold=0.085046418482455213 0.10681573316400726 -0.081387212934806136 0.038826396399178759 0.0055748304914005004 -0.0043373252611944987 0.038446383976322905 -0.029831190646157146 -0.051236470097233346 -0.0014800088052675498 0.14516156248346071 -0.036486868688072244 0.063631841878698761 0.015385459146296602 0.0033082476306292505 0.0097691773441483023 0.044951304415054662 -0.016758385178913694 0.0034066716329230005 0.0077328176995538509 0.0228808894683214 -0.047325109083038393 -0.0051383760283196999 -0.049896771476896293 -0.10809296374887288 0.0045007101044249017 0.075773566636420112 -0.035610073085826741 0.058520687694138103 0.014920070169905953 0.0077942526797898509
decision_type=2 2 2 2 2 2 2 2 2 2 2 2 2 2 2 2 2 2 2 2 2 2 2 2 2 2 2 2 2 2 2
left_child=1 2 29 -2 26 6 -6 -7 9 -4 19 23 13 15 -15 -13 17 -14 -18 -11 -21 -3 -23 -10 -25 -26 -5 -12 -29 30 -1
right_child=3 21 8 4 5 7 -8 -9 11 10 27 12 16 14 -16 -17 18 -19 -20 20 -22 22 -24 24 25 -27 -28 28 -30 -31 -32
leaf_value=-0.015665091755497948 -0.0062879695358599415 0.099178583613612106 0.022599874640892408 0.007822599938908931 0.012789035034945766 -0.24635909740131698 -0.18864474306380738 -0.092055493841354308 0.011248630210470435 -0.014417603225064876 -0.027833556442087473 -0.0017186483538382746 -0.0021876780568639118 -0.011566733168631022 0.0021541083386305993 0.0067616336641766759 -0.064306436091119232 0.033488540873769179 0.026283858224286867 -0.061995023888625982 -0.23950674886657974 0.059943769209010164 -0.0016158260528531866 0.083999845576186574 -0.0042471857944343392 -0.023386100583638776 -0.10707097874915224 0.023677243868827091 -0.049516137617356286 0.032921595851926361 0.032396174053845296
leaf_weight=1310 2327 138 3204 307 137 50 32 119 1659 418 454 34539 1068 13669 10423 22123 253 2050 178 150 34 324 696 101 5951 5010 69 1544 147 1408 919
leaf_count=1310 2327 138 3204 307 137 50 32 119 1659 418 454 34539 1068 13669 10423 22123 253 2050 178 150 34 324 696 101 5951 5010 69 1544 147 1408 919
internal_value=-9.97296e-07 0.000437296 0.000141746 -0.0155403 -0.0456616 -0.0816777 -0.0252853 -0.137912 -0.000393052 0.0110023 -0.00251726 -0.00109221 0.00011003 -0.000562265 -0.00562977 0.001592 0.0154132 0.0212618 -0.0268456 -0.0390864 -0.0949862 0.0276273 0.0179201 -0.0090612 -0.0121091 -0.0129971 -0.0132201 0.00773692 0.0173002 0.0152892 0.00414103
internal_weight=110811 107770 106612 3041 714 338 169 169 102975 5951 2747 97024 84303 80754 24092 56662 3549 3118 431 602 184 1158 1020 12721 11062 10961 376 2145 1691 3637 2229
internal_count=110811 107770 106612 3041 714 338 169 169 102975 5951 2747 97024 84303 80754 24092 56662 3549 3118 431 602 184 1158 1020 12721 11062 10961 376 2145 1691 3637 2229
is_linear=0
shrinkage=0.0845865


Tree=153
num_leaves=32
num_cat=0
split_feature=69 29 75 34 12 1 14 6 51 74 7 95 20 5 61 40 62 15 21 30 60 55 21 39 32 0 30 5 2 93 4
split_gain=100.845 127.542 145.888 121.117 138.938 166.807 340.323 220.509 232.711 183.214 246.535 195.036 181.533 179.813 177.38 170.151 168.904 156.013 215.127 200.223 157.218 149.733 163.672 146.54 144.92 162.62 142.686 142.473 142.336 141.728 133.496
threshold=0.045138791043896155 0.11384922151762046 0.021254848584236354 -0.075363334640189031 0.021176743249152204 0.020873159494971753 0.025707309100256402 -0.075098427373079743 0.035509992656829505 -0.017875633775346646 0.099374248208709659 0.022272858537774654 0.081829696878544009 -0.0039534870869877498 0.043910576380184509 0.018527034277511803 -0.020588888808899548 -0.065856962706443936 0.10525850206223876 0.082014448359975858 0.05077230351016241 -0.038877104734931944 -0.097035994128117739 0.067964950000458671 -0.0034430896844592994 0.10020182995503346 0.082014448359975858 0.053480730321595914 0.087804794297721311 0.0078266253294141021 0.056582114999538156
decision_type=2 2 2 2 2 2 2 2 2 2 2 2 2 2 2 2 2 2 2 2 2 2 2 2 2 2 2 2 2 2 2
left_child=3 -2 -3 -1 5 7 14 -5 9 10 -9 -11 15 -10 24 23 30 18 -6 21 -21 -19 -23 -8 25 -7 -26 -17 -18 -24 -16
right_child=1 2 -4 4 17 6 12 8 13 11 -12 -13 -14 -15 16 27 28 19 -20 20 -22 22 29 -25 26 -27 -28 -29 -30 -31 -32
leaf_value=0.013009478373386589 0.0090698345990520707 -0.015221078730960706 -0.17230533963120959 0.024433127909802871 -0.028564220291672594 -0.092564643080383702 -0.046067721911231894 0.016969018683281351 0.0036294268980217302 0.0038513177342934706 -0.044368890874174866 -0.013939708936385775 0.024551503818922488 -0.025350529974914941 0.053802407903668803 0.0084535220411337646 -0.0643093894529842 -0.01808041023246356 0.067219152525371403 -0.028565701281418197 -0.133239251859254 -0.056133144367572163 0.0067547014342283652 0.042137210249489229 0.018827105971872978 -0.002567181738845117 -0.045933104123853478 -0.071973359807351756 0.06834248898201388 -0.0071876552730513578 -0.085440293047477647
leaf_weight=4321 10631 165 57 3242 3158 148 2912 9478 2596 25054 493 5350 459 3733 224 999 686 3798 177 967 115 364 12769 141 4534 4851 257 187 63 8819 63
leaf_count=4321 10631 165 57 3242 3158 148 2912 9478 2596 25054 493 5350 459 3733 224 999 686 3798 177 967 115 364 12769 141 4534 4851 257 187 63 8819 63
internal_value=-9.97267e-07 0.00774289 -0.0556888 -0.000842012 -0.00146807 0.000720119 -0.00693779 0.00310075 0.00161946 0.00398385 0.0139339 0.000720019 -0.0259496 -0.0134604 0.00131062 -0.0314232 -0.0319692 -0.00621769 -0.023473 -0.00407215 -0.0397181 -0.0025734 0.000108602 -0.0419863 0.00483473 -0.00523709 0.0153482 -0.00421297 -0.0531183 0.00105806 0.0231501
internal_weight=110811 10853 222 99958 95637 65470 15524 49946 46704 40375 9971 30404 4698 6329 10826 4239 1036 30167 3335 26832 1082 25750 21952 3053 9790 4999 4791 1186 749 21588 287
internal_count=110811 10853 222 99958 95637 65470 15524 49946 46704 40375 9971 30404 4698 6329 10826 4239 1036 30167 3335 26832 1082 25750 21952 3053 9790 4999 4791 1186 749 21588 287
is_linear=0
shrinkage=0.0845865


Tree=154
num_leaves=32
num_cat=0
split_feature=28 13 3 62 10 48 42 40 38 3 88 0 39 75 31 35 91 41 90 59 78 99 76 100 4 12 17 100 1 72 1
split_gain=102.887 138.346 134.959 185.03 175.522 172.375 165.895 159.232 155.21 148.61 142.3 142.061 207.161 216.294 138.431 135.795 133.746 131.576 135.474 132.925 133.317 130.951 130.863 130.403 130.178 179.035 139.414 125.452 121.188 128.978 168.049
threshold=0.073119820141982803 0.090028177035739163 -0.018201141239484946 -0.010333430490819999 -0.062634769454410891 -0.050412228180605693 -0.024607724575284099 -0.073851526442678436 0.029817050943492403 0.13083336982658827 0.047504103494298559 0.12705861223423973 -0.012321250851482149 -0.014405447695454049 0.16747205752640307 0.042699443327977503 -0.00031422743618649994 0.055112396740409006 -0.014571858881155699 -0.04303997071639009 -0.016743212575217596 -0.085746850693032242 0.015360736570052101 -0.88839999999999986 -0.036005376746976993 -0.00048205839642509994 -0.0093809596329748977 -0.86659999999999993 -0.092867031417202942 -0.011790393698729999 0.093235856417146365
decision_type=2 2 2 2 2 2 2 2 2 2 2 2 2 2 2 2 2 2 2 2 2 2 2 2 2 2 2 2 2 2 2
left_child=1 2 3 10 6 -6 9 -7 17 -4 14 12 22 -14 15 -1 -3 19 -19 -5 -21 -13 -10 -17 25 -9 -26 -23 -8 30 -30
right_child=-2 16 4 8 5 7 28 24 11 -11 -12 21 13 -15 -16 23 -18 18 -20 20 -22 27 -24 -25 26 -27 -28 -29 29 -31 -32
leaf_value=0.0088787310485718002 0.01115384695711224 0.028518848678419726 0.0011711808195674282 0.018138438521916274 0.018114522419194857 -0.023586951434810273 0.01264405955159632 0.0063880013764678967 0.049979058673899603 0.1011407325131583 -0.031383887359272659 -0.18591086971117859 -0.27070026276441511 -0.076508120349405753 -0.1385023132656352 -0.099269876574181723 -0.00029998177517443045 0.0073695776608994051 -0.059339387172459034 0.0049639764110133329 -0.013088462657128345 -0.05668358404868791 -0.14363228213609011 -0.010501398412897699 -0.0014112432853255711 -0.015585930118715619 0.0079539120455160116 -0.01254765735081302 -0.096268955778401707 -0.019213903416296675 -0.024128270737780271
leaf_weight=10251 5616 2245 1081 1578 4443 1850 487 4474 102 118 835 34 58 142 48 129 2364 326 653 4154 9897 543 33 1448 21181 6514 24553 3060 443 1666 485
leaf_count=10251 5616 2245 1081 1578 4443 1850 487 4474 102 118 835 34 58 142 48 129 2364 326 653 4154 9897 543 33 1448 21181 6514 24553 3060 443 1666 485
internal_value=-9.91558e-07 -0.000596719 -0.00125355 -0.00565878 0.000925419 0.00205156 -0.0156497 0.000832715 -0.0106149 0.0110325 0.00236386 -0.0256376 -0.0783644 -0.133001 0.00473862 0.00532249 0.013733 -0.00702069 -0.037105 -0.00513469 -0.00774997 -0.0207737 0.00244689 -0.0177801 0.00162957 -0.00663685 0.00361612 -0.0192061 -0.0260403 -0.0333112 -0.0585935
internal_weight=110811 105195 100586 33291 67295 63015 4280 58572 20580 1199 12711 3972 335 200 11876 11828 4609 16608 979 15629 14051 3637 135 1577 56722 10988 45734 3603 3081 2594 928
internal_count=110811 105195 100586 33291 67295 63015 4280 58572 20580 1199 12711 3972 335 200 11876 11828 4609 16608 979 15629 14051 3637 135 1577 56722 10988 45734 3603 3081 2594 928
is_linear=0
shrinkage=0.0845865


Tree=155
num_leaves=32
num_cat=0
split_feature=71 69 58 87 49 77 83 97 1 96 51 26 42 18 1 3 54 21 14 88 68 0 58 19 85 51 55 69 61 80 41
split_gain=98.809 151.323 183.564 173.892 159.62 181.408 200.309 157.299 174.051 156.063 154.072 156.829 149.165 157.913 189.652 191.007 157.914 150.359 148.542 141.597 163.581 140.264 140.1 151.574 139.651 136.156 135.254 133.527 142.434 132.969 130.779
threshold=-0.017059793458357998 0.006200692904173701 -0.025434843282443099 0.013241926920083651 0.0068819887902877505 -0.007484512358807799 -0.018971855752824947 0.0080151715900806022 0.11593223069399201 0.044531938975215707 0.058608148152521605 -0.046437068320860843 -0.061997519492495497 0.031381209158924957 -0.029721733025971597 -0.11460074262759225 0.089024263747114266 0.065684650793708957 -0.0012889004594120498 0.060506198516617156 0.043992072451873608 0.12396153974464891 0.097113426571245109 0.015928671637634555 -0.063295933344482636 -0.076651778584255481 -0.037537337448663943 -0.056226955380133843 -0.065135633730231582 0.0056262140522341008 -0.029410094644561145
decision_type=2 2 2 2 2 2 2 2 2 2 2 2 2 2 2 2 2 2 2 2 2 2 2 2 2 2 2 2 2 2 2
left_child=19 12 3 -3 5 6 -5 10 -9 -7 -4 -12 -2 16 25 -16 17 27 21 20 24 -17 -18 -24 -1 -15 -10 -14 -29 -20 -26
right_child=1 2 7 4 -6 9 -8 8 26 -11 11 -13 13 14 15 18 22 -19 29 -21 -22 -23 23 -25 30 -27 -28 28 -30 -31 -32
leaf_value=0.034690220666600824 0.014946206454454774 0.022641750619261058 0.0067747610056541211 0.0048770682547000857 0.021676026891528852 -0.006206819371833712 -0.088911103702142572 -0.013770090633031523 -0.038625481114724046 0.12260185223143193 -0.10839418974618031 -0.013670468997210939 -0.023824298086386485 -0.12599146408045089 0.02338085807323179 -0.084993743944417569 0.066122949931018138 0.017894958235587417 -0.036598192047772295 -0.022570134998010208 0.022194431568303648 -0.011986727961788502 0.04010903494817588 -0.19190639039740154 0.013113999173247463 -0.0045770329963527867 0.030696900885157596 0.02587134253198739 -0.0053108236735095625 -0.092394461190639779 -0.0011529832718188068
leaf_weight=953 2538 5319 14148 262 1062 851 429 8497 244 73 146 876 2692 67 372 222 390 2038 650 1398 3501 1246 49 34 5780 4602 1146 1090 27105 580 22451
leaf_count=953 2538 5319 14148 262 1062 851 429 8497 244 73 146 876 2692 67 372 222 390 2038 650 1398 3501 1246 49 34 5780 4602 1146 1090 27105 580 22451
internal_value=-1.03967e-06 -0.00168468 0.00263295 0.0137919 -0.00378437 -0.0205401 -0.0533224 -0.000927178 -0.00922942 0.00395463 0.00448239 -0.0272294 -0.00495272 -0.00618095 -0.0170688 -0.0333999 -0.00365736 -0.00435513 -0.0412371 0.00378856 0.00491667 -0.0230451 0.0448622 -0.0547542 0.0028432 -0.00632565 0.0185115 -0.00582397 -0.00410453 -0.0629295 0.0017673
internal_weight=110811 76728 33053 7996 2677 1615 691 25057 9887 924 15170 1022 43675 41137 7739 3070 33398 32925 2698 34083 32685 1468 473 83 29184 4669 1390 30887 28195 1230 28231
internal_count=110811 76728 33053 7996 2677 1615 691 25057 9887 924 15170 1022 43675 41137 7739 3070 33398 32925 2698 34083 32685 1468 473 83 29184 4669 1390 30887 28195 1230 28231
is_linear=0
shrinkage=0.0845865


Tree=156
num_leaves=32
num_cat=0
split_feature=29 39 48 34 22 3 31 9 25 27 79 46 26 42 21 0 78 44 89 90 2 18 76 54 22 26 37 30 25 43 17
split_gain=96.9449 109.438 114.083 169.272 111.514 101.911 134.714 119.399 125.714 163.185 129.821 168.404 165.585 171.693 157.159 168.213 145.693 145.045 126.341 126.14 168.214 124.923 120.529 116.78 108.825 160.959 117.386 107.238 135.498 106.202 101.623
threshold=-0.10282473433565557 0.017288526823916954 -0.0058096670188973491 0.06525596634073956 0.095429370441215702 0.18320225866052992 -0.056405694904297497 0.059598292638332252 -0.061716402903786195 0.037253496775993204 -0.010633954929502849 -0.033624302047972197 0.11838855171119995 0.11831861655590166 0.013712438468687752 0.14516156248346071 0.009365383272887752 -0.10136760280698254 -0.0019291068109644498 -0.042389312036562245 -0.052627909693709694 0.075853322427746062 -0.091062843677958333 -0.019940878237430546 0.052856359845274307 0.044232313712848158 0.037792096664652108 -0.065659477675427985 -0.098091981782831641 0.054676040251880956 0.0014079889991414501
decision_type=2 2 2 2 2 2 2 2 2 2 2 2 2 2 2 2 2 2 2 2 2 2 2 2 2 2 2 2 2 2 2
left_child=1 2 3 -1 -4 7 -7 8 9 18 11 14 13 -13 15 -10 -16 22 24 21 -21 -19 -12 -24 26 -26 -2 28 -20 -29 -14
right_child=5 -3 4 -5 -6 6 -8 -9 10 -11 17 12 30 -15 16 -17 -18 19 27 20 -22 -23 23 -25 25 -27 -28 29 -30 -31 -32
leaf_value=-0.010259626614085767 -0.039394539476197768 0.053975263009004792 0.055947367855073191 -0.22444516160099243 -0.11709915980851354 -0.10160951931823749 0.03746447603257215 -0.0078842865007720444 -0.049890060434444689 0.0055172542995596558 -0.22018334888428995 0.0086485312325086626 0.020000104444207759 -0.057703550430158554 0.027489608703841709 -0.0072066886558888998 -0.016813756749201856 0.016111655846210497 -0.10328717162185851 0.0082315428499403053 -0.0040407232715232722 -0.056985712681813884 -0.083196427435977743 -0.0047793056034036293 -0.10801509098208999 0.044574205932075672 0.017283753029038989 -0.0044701108599483419 0.074936402871582972 -0.056439193496262585 0.12060369751329535
leaf_weight=451 1264 500 312 28 29 53 802 13709 941 2729 26 25256 139 282 1309 2222 893 4223 36 9866 42040 174 217 365 276 60 329 1592 196 342 150
leaf_count=451 1264 500 312 28 29 53 802 13709 941 2729 26 25256 139 282 1309 2222 893 4223 36 9866 42040 174 217 365 276 60 329 1592 196 342 150
internal_value=-9.88391e-07 0.0227846 0.00373707 -0.0228536 0.0411485 -0.000275894 0.0288114 -0.000505034 0.00056043 -0.0104996 0.00141733 0.00580329 0.0086364 0.00791487 -0.00783121 -0.0199126 0.00951316 -0.000986168 -0.0211787 -0.000542008 -0.00170766 0.0132134 -0.0420774 -0.03406 -0.0369248 -0.0807002 -0.0276752 -0.00714504 0.0471676 -0.0136727 0.0723059
internal_weight=110811 1320 820 479 341 109491 855 108636 94927 6824 88103 31192 25827 25538 5365 3163 2202 56911 4095 56303 51906 4397 608 582 1929 336 1593 2166 232 1934 289
internal_count=110811 1320 820 479 341 109491 855 108636 94927 6824 88103 31192 25827 25538 5365 3163 2202 56911 4095 56303 51906 4397 608 582 1929 336 1593 2166 232 1934 289
is_linear=0
shrinkage=0.0845865


Tree=157
num_leaves=32
num_cat=0
split_feature=77 68 4 87 26 29 84 54 4 85 100 26 31 43 99 55 4 80 47 28 2 52 98 64 6 17 32 4 9 4 12
split_gain=98.6519 152.334 141.575 124.453 131.192 137.007 147.144 151.742 130.208 161.234 182.123 153.419 130.469 126.116 123.298 119.799 119.143 142.73 117.796 139.978 148.571 171.776 140.268 160.429 131.7 116.492 117.612 115.172 111.108 115.104 110.577
threshold=0.018431960933817403 -0.048831289338128893 -0.10327949206435134 0.008334178525527201 0.16590264668133978 0.050368798428460107 -0.052078309759265994 0.027486863178792554 1.0000000180025095e-35 -0.00470389940006155 0.27400000000000008 0.078972273279722061 -0.013557018469358098 -0.022370383078158047 -0.045433424757676893 0.062326653826923907 -0.080971041835604288 0.035756574236106613 -0.0010275215830306999 -0.032120161791572892 -0.052627909693709694 -0.042592149866232241 -0.0094175522164289972 -0.0012050347713615998 0.026466164179143156 0.11653067998479781 0.1179464241777554 0.060481616162576753 0.072548590216308814 0.1018864741080432 0.051346685730977705
decision_type=2 2 2 2 2 2 2 2 2 2 2 2 2 2 2 2 2 2 2 2 2 2 2 2 2 2 2 2 2 2 2
left_child=1 2 -1 4 5 8 -7 -8 11 10 -10 30 -11 -6 -2 18 17 -4 -16 20 21 -20 24 -24 -22 26 -5 -15 29 -18 -3
right_child=14 3 16 25 13 6 7 -9 9 12 -12 -13 -14 27 15 -17 28 -19 19 -21 22 -23 23 -25 -26 -27 -28 -29 -30 -31 -32
leaf_value=0.022885225265945691 -0.023853741928799466 0.0036232794198093389 -0.051327787201026737 -0.0031403347776574942 0.23058308652469681 0.045976032804042138 -0.0044064718425598243 -0.042408404914153666 0.031762774758103747 -0.0070605945069547151 0.0058848876588624291 0.048715097211242613 0.012387037381835045 0.013863529347215034 0.0017466226127479602 0.019709214706036052 -0.011865290652935167 -0.2642848996418099 -0.1040458710529137 -0.0048200562940815149 -0.031913010606574983 0.02155400013850314 -0.082573613660081341 -0.024388798863280887 0.035663984251418576 0.031389962277253707 0.055355835063074128 0.20458934813242688 -0.051014928860941319 0.053980386808525203 -0.013901032197338868
leaf_weight=769 2119 18921 229 28035 31 334 3700 944 4650 3987 3350 498 6475 141 12642 1610 4583 25 88 9972 685 674 681 678 295 739 248 27 501 198 2982
leaf_count=769 2119 18921 229 28035 31 334 3700 944 4650 3987 3350 498 6475 141 12642 1610 4583 25 88 9972 685 674 681 678 295 739 248 27 501 198 2982
internal_value=-1.02571e-06 0.00151701 -0.0111105 0.00257798 0.00531267 0.00501461 -0.00823242 -0.0121363 0.00662892 0.0118888 0.0209292 0.00229301 0.00497364 0.0738402 -0.00419676 -0.00267156 -0.0158369 -0.0724354 -0.00407368 -0.00970371 -0.0254009 0.00701329 -0.0359699 -0.0535637 -0.0115482 -0.00175955 -0.00262653 0.0447112 -0.0131103 -0.0091332 0.00123641
internal_weight=110811 81367 6305 75062 46040 45841 4978 4644 40863 18462 8000 22401 10462 199 29444 27325 5536 254 25715 13073 3101 762 2339 1359 980 29022 28283 168 5282 4781 21903
internal_count=110811 81367 6305 75062 46040 45841 4978 4644 40863 18462 8000 22401 10462 199 29444 27325 5536 254 25715 13073 3101 762 2339 1359 980 29022 28283 168 5282 4781 21903
is_linear=0
shrinkage=0.0845865


Tree=158
num_leaves=32
num_cat=0
split_feature=38 10 72 63 87 2 84 96 56 33 21 93 4 59 28 46 54 10 97 15 64 34 100 12 78 84 8 26 87 93 71
split_gain=98.7871 123.956 117.302 120.121 119.081 117.045 116.627 127.912 113.839 113.562 162.201 151.737 155.818 143.071 142.625 196.532 170.89 161.112 157.042 138.663 131.354 129.689 150.435 149.521 143.079 136.014 133.929 143.247 177.888 131.55 129.675
threshold=0.056013218138260261 0.087008087989963914 0.054036359396492456 0.047591402447967855 -0.011396919865404998 -0.027183055661420947 -0.027140008134981897 -0.024389302935849799 0.041759870435371507 0.026152684580882306 0.047493066980124309 -0.068089785289405388 -0.18497435663030062 0.063926732901699604 0.025985087069816552 0.10681573316400726 0.053910911433882609 -0.0034890663271180994 0.018887529120715101 -0.054463850725262143 -0.035190043607380046 0.010734986486316501 1.0000000180025095e-35 0.050435622474738658 0.016961223274079004 -0.056288325693386938 0.07489893075387126 -0.034917596628512189 0.0043245993235821508 -0.0029060400087546497 0.069603256575461223
decision_type=2 2 2 2 2 2 2 2 2 2 2 2 2 2 2 2 2 2 2 2 2 2 2 2 2 2 2 2 2 2 2
left_child=9 2 3 4 5 -2 7 -4 -5 10 11 -1 -13 21 15 16 -14 -16 -19 -15 -21 22 23 30 -25 29 -24 28 -28 -23 -11
right_child=1 -3 6 8 -6 -7 -8 -9 -10 13 -12 12 14 19 17 -17 -18 18 -20 20 -22 25 26 24 -26 -27 27 -29 -30 -31 -32
leaf_value=0.023247812671295796 0.022531554723104055 0.02899156580335813 0.001095106240113945 0.012517827679676696 -0.019640399032287693 -0.013040749459582935 -0.022390895689570409 -0.1451501699450147 0.11537160475622943 0.024888766536191813 0.0095746666346598532 0.029844332473606447 -0.0075050109492826207 -0.081310707997283224 -0.0049016512957415362 0.062360705273829128 0.011372238252405938 0.018477992808245629 -0.0079918445736542176 0.035115167692293926 -0.026500462844814835 0.0033769308885490492 0.0074849168866166571 0.014285524701313886 -0.04717761492559211 -0.0034459468077452605 -0.2052900555882719 -0.013200473128983859 -0.0020298907160711363 0.10433261623825764 0.09565496206780523
leaf_weight=1633 1198 592 62 574 4510 1478 496 136 89 5437 9484 1027 45216 223 8404 302 3712 6232 2158 348 856 206 6557 867 394 7633 69 502 56 168 192
leaf_count=1633 1198 592 62 574 4510 1478 496 136 89 5437 9484 1027 45216 223 8404 302 3712 6232 2158 348 856 206 6557 867 394 7633 69 502 56 168 192
internal_value=-8.8414e-07 -0.00842691 -0.0110226 -0.00807178 -0.0112524 0.00287657 -0.0443609 -0.0992636 0.026367 0.000755941 -0.000794069 -0.00222612 -0.00284687 0.00591088 -0.00335573 -0.00565209 -0.00607241 0.00337457 0.0116671 -0.0200421 -0.00867265 0.00758913 0.0124788 0.0214092 -0.00490324 -0.00100285 0.00391077 -0.0334295 -0.114449 0.0487934 0.0273074
internal_weight=110811 9135 8543 7849 7186 2676 694 198 663 101676 78168 68684 67051 23508 66024 49230 48928 16794 8390 1427 1204 22081 14074 6890 1261 8007 7184 627 125 374 5629
internal_count=110811 9135 8543 7849 7186 2676 694 198 663 101676 78168 68684 67051 23508 66024 49230 48928 16794 8390 1427 1204 22081 14074 6890 1261 8007 7184 627 125 374 5629
is_linear=0
shrinkage=0.0845865


Tree=159
num_leaves=32
num_cat=0
split_feature=67 0 96 100 49 98 95 94 96 59 74 15 24 42 99 88 47 43 31 21 100 17 75 44 41 4 95 35 62 62 51
split_gain=91.3456 173.649 245.941 185.99 187.996 183.668 177.861 204.148 166.27 148.253 150.329 142.07 141.204 147.957 140.609 169.915 200.5 139.007 138.035 149.608 158.125 151.009 176.964 142.34 142.128 161.976 166.226 151.42 135.633 131.587 151.881
threshold=-0.01379444347807275 0.093523567680457165 0.0034710347554489504 0.80220000000000014 0.013609113233787553 0.0085600166094165018 -0.011957572610698847 0.024267576330008554 -0.0041514233729731996 -0.0027594949922777998 -0.023730971792526045 0.013043340474188252 0.058382160598445261 -0.077052954183263939 -0.015557020298425098 -0.0079712313588277978 -0.0016702576891060997 0.010858862365625152 -0.032363301305504091 -0.032435441913664896 0.82730000000000004 0.00071624948425510007 -0.067968308547409942 0.048100516669109701 -0.0084747033909333986 -0.050322965564283742 0.021850610306385455 -0.034795604457716296 0.021353162220639401 0.054131323846571051 0.063271295327997662
decision_type=2 2 2 2 2 2 2 2 2 2 2 2 2 2 2 2 2 2 2 2 2 2 2 2 2 2 2 2 2 2 2
left_child=1 2 5 4 9 14 7 8 11 10 -4 -7 13 -2 15 -1 -17 -11 -3 20 21 22 -20 -23 -21 26 -26 -28 -12 30 -27
right_child=12 18 3 -5 -6 6 -8 -9 -10 17 28 -13 -14 -15 -16 16 -18 -19 19 24 -22 23 -24 -25 25 29 27 -29 -30 -31 -32
leaf_value=0.040045421796995613 0.024394156932457587 -0.011652753521993828 0.083095474455434803 0.024394247095215624 -0.0036469121146395691 -0.23160855465459018 -0.0042946202869783281 0.10014091018441337 0.027992936751949714 -0.15216912547467534 -0.10393576999090175 -0.063597040064971411 -0.009483588592886576 0.0022263974167197917 0.036997248654739835 -0.2511551871977743 0.0023292842744231062 -0.050429741252696718 0.1080083246979802 0.013453602887873603 0.02215808867935468 0.006168016798819646 -0.034274994827905129 -0.052791420070198852 -0.0091433284965913905 0.0089733782013162525 -0.15414641884935834 -0.039827549475510864 0.030363565305953275 -0.030456165958841441 -0.034094472740919216
leaf_weight=82 2230 7808 55 192 259 97 429 32 38 298 210 58 7219 63583 786 46 43 143 64 7884 894 2195 2526 338 2031 9306 104 413 72 751 625
leaf_count=82 2230 7808 55 192 259 97 429 32 38 298 210 58 7219 63583 786 46 43 143 64 7884 894 2195 2526 338 2031 9306 104 413 72 751 625
internal_value=-7.27026e-07 -0.00337756 -0.0234924 -0.0519909 -0.0661547 -0.00173696 -0.0362963 -0.0971989 -0.130052 -0.0869344 -0.0445813 -0.168931 0.0017458 0.00297787 0.021859 -0.0475867 -0.128535 -0.11924 -0.00174188 0.00110959 -0.0106556 -0.0163862 -0.0307482 -0.00169221 0.00446344 -0.0008924 -0.0200568 -0.062882 -0.069572 0.00367704 0.00626058
internal_weight=110811 37779 2840 1229 1037 1611 654 225 193 778 337 155 73032 65813 957 171 89 441 34939 27131 6017 5123 2590 2533 21114 13230 2548 517 282 10682 9931
internal_count=110811 37779 2840 1229 1037 1611 654 225 193 778 337 155 73032 65813 957 171 89 441 34939 27131 6017 5123 2590 2533 21114 13230 2548 517 282 10682 9931
is_linear=0
shrinkage=0.0845865


Tree=160
num_leaves=32
num_cat=0
split_feature=11 3 31 43 22 15 76 76 0 25 21 28 63 71 80 5 21 33 1 29 41 41 44 94 0 85 5 1 10 1 6
split_gain=90.8388 93.9675 156.278 155.097 169.395 192.087 220.57 169.575 152.611 183.991 172.743 169.39 142.992 144.717 181.266 174.03 166.772 165.775 157.725 148.67 143.407 140.627 135.268 134.75 159.415 130.605 130.438 129.538 129.27 160.933 129.87
threshold=0.11045235322052467 -0.018201141239484946 -0.03177757148476739 -0.047486658490801949 -0.010690821645355448 -0.078546951473830284 0.0041847605360449507 -0.1199492057154193 0.14781753581823329 0.0076851455731682507 0.0044383340405927006 -0.029645303037379746 -0.062187468613016793 0.019827738354579454 0.050178968252240504 0.0011499885622236502 -0.03668695881755079 0.06660008996918601 -0.086653420511179483 0.044810794732608857 0.027489828310265453 0.006329342195067751 0.026754307859735805 0.007598675725462801 0.070343430994422321 0.032993160489241308 -0.074651388389839243 -0.058464359534638098 -0.0048788514808390986 -0.073400848999863696 -0.14272822962411749
decision_type=2 2 2 2 2 2 2 2 2 2 2 2 2 2 2 2 2 2 2 2 2 2 2 2 2 2 2 2 2 2 2
left_child=1 3 28 22 5 6 -5 -7 9 10 11 -6 -4 18 19 17 -17 -16 21 -15 -21 -14 -1 24 -20 -10 -27 -24 29 -3 -30
right_child=-2 2 12 4 8 7 -8 -9 25 -11 -12 -13 13 14 15 16 -18 -19 23 20 -22 -23 27 -25 -26 26 -28 -29 30 -31 -32
leaf_value=0.00016679817644426665 0.017175352551526434 0.0051883262361690644 0.025871640573291558 -0.10191712024899484 -0.12968126348115341 -0.1645902276447623 0.0060293387875610905 0.0035138391841754678 -0.0036695430670147843 -0.0050541254054314111 -0.013714697497153138 -0.04840002756323257 0.026472142934465006 0.0014340985309265258 -0.086615328896194943 -0.095718783337716121 0.02378825049459574 0.12122024659822039 -0.026214214121282182 -0.03914575791039971 0.023712513092964134 0.002456446745557739 0.0017733761037382824 0.0094873640279990006 0.00074703686184522048 -0.1172299445471657 -0.021178077256047617 0.051948484107377776 0.13660907821925969 -0.020536442389455255 0.0012410889868957047
leaf_weight=2826 2160 2443 1974 273 223 43 268 13577 11714 1628 869 1047 4215 10479 476 108 368 29 1707 1269 326 2980 624 13103 19402 106 2244 901 51 6036 7342
leaf_count=2826 2160 2443 1974 273 223 43 268 13577 11714 1628 869 1047 4215 10479 476 108 368 29 1707 1269 326 2980 624 13103 19402 106 2244 901 51 6036 7342
internal_value=-7.17459e-07 -0.000342387 0.00142096 -0.00385132 -0.00588958 0.00101576 -0.0484092 0.00298075 -0.0113748 -0.0264972 -0.0428071 -0.062695 0.00350662 0.00269557 -0.00506896 -0.0400363 -0.00329159 -0.0746237 0.00514412 -0.00222594 -0.0262844 0.0165285 0.0111305 0.00274927 -0.00143228 -0.00732271 -0.0255229 0.0314328 -0.00599366 -0.013122 0.00217901
internal_weight=110811 108651 72308 36343 31992 14161 541 13620 17831 3767 2139 1270 56436 54462 13055 981 476 505 41407 12074 1595 7195 4351 34212 21109 14064 2350 1525 15872 8479 7393
internal_count=110811 108651 72308 36343 31992 14161 541 13620 17831 3767 2139 1270 56436 54462 13055 981 476 505 41407 12074 1595 7195 4351 34212 21109 14064 2350 1525 15872 8479 7393
is_linear=0
shrinkage=0.0845865


Tree=161
num_leaves=32
num_cat=0
split_feature=9 22 20 28 27 5 45 1 27 5 11 18 29 11 4 93 43 46 33 86 65 55 79 93 7 67 88 78 14 14 91
split_gain=89.4346 113.333 105.048 163.423 150.331 206.317 160.244 133.889 166.001 180.194 148.911 151.872 121.558 119.897 143.175 139.123 128.555 169.295 137.978 171.785 125.913 137.352 135.496 138.977 138.306 130.601 124.15 154.276 123.374 116.188 115.117
threshold=0.094949386485631324 0.10932420719646672 0.053133446371368909 0.075295966775113007 0.028883179578208556 0.070439610069758116 0.032796066058798361 0.13869818967007372 0.013474176286888703 -0.036573965697209242 0.061075131271739504 0.0075290882698205008 -0.018417948924250648 -0.081646643084545792 -0.057625860786704994 -0.027717484390473897 0.04667025038625796 0.035907613793975758 -0.0082565660577223494 -0.068014696743662839 0.058928573487183056 -0.020791748898810299 -0.10007451945000424 0.056550790978975855 0.11544786664034272 0.035417686810130806 -0.026625337395484595 0.0014888567975506002 0.014523436215746251 -0.050054944247457288 0.0053617271240428508
decision_type=2 2 2 2 2 2 2 2 2 2 2 2 2 2 2 2 2 2 2 2 2 2 2 2 2 2 2 2 2 2 2
left_child=2 -2 13 4 5 7 -6 10 9 -9 11 -4 -12 14 -1 -16 18 -18 28 -20 21 25 -23 29 -25 26 -15 -28 -17 -24 -10
right_child=1 -3 3 -5 6 -7 -8 8 30 -11 12 -13 -14 20 15 16 17 -19 19 -21 -22 22 23 24 -26 -27 27 -29 -30 -31 -32
leaf_value=0.019215891407193656 -0.0082589617918533125 -0.078593108347647003 -0.018377806791695445 0.026799446450936397 -0.0029201850282863208 0.027318058493856129 0.043881079353160601 -0.011113754528094705 -0.010680637677094674 0.063453483056731944 -0.047232799454293803 -0.047027974394295256 0.029693764125779936 0.0073272238916760228 0.012296191483581822 -0.013277941201244516 -0.08168712049883127 0.072031407943244544 -0.16664616511075683 0.0023116182726644939 0.016047505276725507 0.046175634693869601 0.014319155462440815 -0.020899924848267099 0.077858936983897037 0.010648091403359939 -0.0023606617248673419 -0.019515379822476728 -0.059287619641602389 0.0027550955878776094 -0.14600357359324231
leaf_weight=1010 5482 169 3420 978 3478 726 616 531 111 411 197 2164 577 3556 1020 894 430 58 44 1873 4572 534 7125 2299 106 3628 8175 6936 784 48831 76
leaf_count=1010 5482 169 3420 978 3478 726 616 531 111 411 197 2164 577 3556 1020 894 430 58 44 1873 4572 534 7125 2299 106 3628 8175 6936 784 48831 76
internal_value=-5.96443e-07 -0.0103671 0.000556271 -0.00647391 -0.00911991 -0.0157208 0.00411712 -0.0198973 0.00693081 0.0213999 -0.0246646 -0.029485 0.0100844 0.00157306 -0.0098715 -0.0156329 -0.0226154 -0.0633664 -0.0170767 -0.0015609 0.00238907 0.00161966 0.00376043 0.00337191 -0.0165363 -0.00403449 -0.00688927 -0.0102362 -0.0347889 0.00422797 -0.0658243
internal_weight=110811 5651 105160 13285 12307 8213 4094 7487 1129 942 6358 5584 774 91875 6113 5103 4083 488 3595 1917 85762 81190 58895 58361 2405 22295 18667 15111 1678 55956 187
internal_count=110811 5651 105160 13285 12307 8213 4094 7487 1129 942 6358 5584 774 91875 6113 5103 4083 488 3595 1917 85762 81190 58895 58361 2405 22295 18667 15111 1678 55956 187
is_linear=0
shrinkage=0.0845865


Tree=162
num_leaves=32
num_cat=0
split_feature=15 19 7 4 18 1 22 62 14 3 3 22 80 5 80 31 91 36 28 60 96 98 47 17 44 97 98 49 27 83 68
split_gain=88.8529 104.458 118.552 116.166 108.667 179.447 201.361 195.814 177.241 175.319 174.38 163.209 160.176 152.818 134.657 134.117 143.063 133.062 192.043 162.46 174.684 164.095 149.668 154.701 149.545 148.685 168.504 145.52 141.384 137.755 136.131
threshold=0.11429078169592517 -0.10105715696322749 -0.016768184129348447 -0.07606194171542259 0.030071527517148554 -0.021189410923942498 -0.058718155867016342 -0.033562514882449497 0.058073719077553307 -0.018201141239484946 -0.14289358475273709 0.032865081824452559 0.0089508156177098511 0.21947242103551204 0.015665649496462705 -0.022292680585092046 -0.0043280103008601989 0.0062193296777548505 -0.040896945934992941 0.017636013546033804 0.0020170367254424503 0.026796422554815853 -0.015789800204810998 -0.12815706943253366 -0.040616124740648497 -0.0030671779094910995 0.0056419091656044508 -0.0031830757559516494 -0.023401732639413798 -0.027007680672584845 0.019691621977721303
decision_type=2 2 2 2 2 2 2 2 2 2 2 2 2 2 2 2 2 2 2 2 2 2 2 2 2 2 2 2 2 2 2
left_child=1 2 3 -1 17 6 -6 12 10 11 -9 -8 -7 -12 -14 -11 -17 19 24 20 22 29 -3 -24 -19 -20 27 -27 30 -22 -26
right_child=-2 4 -4 -5 5 7 9 8 -10 15 13 -13 14 -15 -16 16 -18 18 25 -21 21 -23 23 -25 28 26 -28 -29 -30 -31 -32
leaf_value=0.057513472263402692 0.01699878080186459 0.017542228934373447 0.034345226074553932 -0.013698296205971216 0.026766634764465759 0.028311384942635315 -0.0074603561409934561 0.057187454665205133 -0.070035811309002771 -0.014165292055703493 -0.025691701276727777 -0.044820990346374552 -0.12302496085665501 0.032577676347119819 -0.0083085235911135331 -0.0040592169479792151 0.024576604323197453 0.023005322914374612 0.013181159623990095 -0.010406773054813214 0.0083604214466097629 0.012237580839931825 -0.20093542708217102 0.0015079244649674117 -0.052580780201249698 0.018471799378169309 -0.0083851047729077959 -0.0014350820287576591 -0.0060503315146064494 -0.013978841701951539 0.0042356145840828372
leaf_weight=195 2157 5808 1308 1025 1716 1071 2846 207 533 2131 4964 1186 92 344 360 2346 2665 869 14645 13163 2423 2952 27 12250 1085 5224 7131 5282 3732 10657 417
leaf_count=195 2157 5808 1308 1025 1716 1071 2846 207 533 2131 4964 1186 92 344 360 2346 2665 869 14645 13163 2423 2952 27 12250 1085 5224 7131 5282 3732 10657 417
internal_value=-5.42972e-07 -0.00033822 0.0166543 -0.00229612 -0.000743205 -0.00628159 -0.000208952 -0.0166176 -0.0234451 -0.00435365 -0.0189376 -0.0184557 0.0104806 -0.021911 -0.0317196 0.00360474 0.011166 0.000579388 0.00427944 -0.0024241 0.000655153 -0.00577261 0.00635442 0.00105989 -0.00947931 0.00688124 0.00164882 0.00846144 -0.014877 -0.00983896 -0.0367932
internal_weight=110811 108654 2528 1220 106126 20461 12890 7571 6048 11174 5515 4032 1523 5308 452 7142 5011 85665 38385 47280 34117 16032 18085 12277 6103 32282 17637 10506 5234 13080 1502
internal_count=110811 108654 2528 1220 106126 20461 12890 7571 6048 11174 5515 4032 1523 5308 452 7142 5011 85665 38385 47280 34117 16032 18085 12277 6103 32282 17637 10506 5234 13080 1502
is_linear=0
shrinkage=0.0845865


Tree=163
num_leaves=32
num_cat=0
split_feature=38 6 62 52 52 97 57 0 100 14 76 11 21 88 58 47 54 8 30 86 37 45 88 18 76 66 8 32 22 100 15
split_gain=88.4684 110.891 157.064 148.056 111.737 103.433 168.665 133.135 144.524 192.133 205.289 124.42 120.906 113.885 105.695 185.48 120.925 112.631 101.859 101.373 109.709 100.035 157.685 147.475 139.717 142.244 135.902 131.998 133.252 153.737 123.372
threshold=0.056013218138260261 0.070356805935886654 0.030062416925137402 0.053622439147481459 0.00032387761141020006 -0.044447086060270993 0.051348051281430156 0.12705861223423973 -0.51074999999999993 -0.0131906404087447 -0.0016444254499048997 -0.017506917774079346 0.0011277009095607001 0.0034383464984981504 0.024578020633764953 -0.060816473834833497 -0.039510473788566598 0.12852921933134767 0.077210771072527815 -0.034117779911003843 -0.013007515603265449 0.038921726551335856 -0.012718280045657048 -0.015621482879603349 -0.029301987603644195 -0.0091524764419021482 0.19520345599467237 0.024839671536950002 0.074760398500418268 0.45865000000000006 -0.078546951473830284
decision_type=2 2 2 2 2 2 2 2 2 2 2 2 2 2 2 2 2 2 2 2 2 2 2 2 2 2 2 2 2 2 2
left_child=21 5 19 4 -4 6 -2 8 9 13 11 -11 -9 -7 16 -16 -14 -18 -17 20 -3 26 30 -24 27 -26 -1 -25 29 -29 -23
right_child=1 2 3 -5 -6 7 -8 12 -10 10 -12 -13 14 -15 15 18 17 -19 -20 -21 -22 22 23 24 25 -27 -28 28 -30 -31 -32
leaf_value=-0.00067468214412906287 -0.029963251390800492 -0.1230609742754188 -0.088406189825740472 -0.18584388996193033 0.0351684663530719 -0.076529249140289399 -0.17618721243285013 0.0088353455458798219 -0.018705391820633657 -0.27237356074621016 0.063351316544916672 -0.063023495049773906 -0.051289152374501046 -0.29611872485396806 -0.16934823116985448 -0.020657411802873605 0.0031475233490883565 -0.15898811334945986 -0.13855790255968159 0.044359178083865275 0.019680564904693585 0.068630766535970375 0.014218259509637695 -0.014347395696671858 -0.020409366815033171 0.0099608292010085753 0.032435924830051671 -0.10582297030321576 -0.27842523736555702 0.029560155865123963 0.016177144947815813
leaf_weight=86952 546 57 87 43 131 28 63 2745 651 29 71 69 366 44 72 830 2308 31 56 790 118 347 3635 582 1801 2848 896 208 23 84 4300
leaf_count=86952 546 57 87 43 131 28 63 2745 651 29 71 69 366 44 72 830 2308 31 56 790 118 347 3635 582 1801 2848 896 208 23 84 4300
internal_value=-4.923e-07 -0.00797433 0.0156884 -0.042485 -0.0140622 -0.0116452 -0.0451424 -0.00884736 -0.0394664 -0.0954379 -0.0459437 -0.125333 -0.00458148 -0.211167 -0.0146417 -0.0387889 -0.00608107 0.000985105 -0.0281432 0.0314462 -0.0267197 0.000715706 0.00740309 0.000974359 -0.00770228 -0.00179998 -0.000336706 -0.0382668 -0.0823808 -0.0668063 0.0200995
internal_weight=110811 9135 1226 261 218 7909 609 7300 892 241 169 98 6408 72 3663 958 2705 2339 886 965 175 101676 13828 9181 5546 4649 87848 897 315 292 4647
internal_count=110811 9135 1226 261 218 7909 609 7300 892 241 169 98 6408 72 3663 958 2705 2339 886 965 175 101676 13828 9181 5546 4649 87848 897 315 292 4647
is_linear=0
shrinkage=0.0845865


Tree=164
num_leaves=32
num_cat=0
split_feature=82 6 9 5 3 0 45 78 43 29 5 12 1 23 38 14 97 100 63 0 79 14 2 68 22 49 52 12 81 20 84
split_gain=87.9703 232.843 153.055 142.263 134.139 165.201 189.9 250.358 153.825 152.778 142.549 141.3 198.758 198.082 193.031 190.971 179.012 166.82 159.976 168.242 142.681 137.912 201.303 143.604 138.896 136.349 168.196 135.851 144.13 136.994 135.241
threshold=-0.0087234613413869986 0.035602023599793552 0.063419403229069207 0.019276473153008154 -0.09115508704920379 0.19577410500216849 0.028285070556638554 0.023583328657859004 0.076005184426991917 -0.023039638791313894 0.032318947704015458 0.0014052942210296003 -0.0080622643473773469 -0.043883905108478741 0.017483207724970206 -0.018584574376577744 0.043592639644838706 -0.31744999999999995 0.017644158375844401 0.049565826383218159 0.0064941350784392506 0.027330269258859004 0.036366637396591107 0.041441324859389304 0.076900539551017361 0.00061100903537445015 0.00090408231203455006 -0.07313225304542334 -0.0099850452032316985 -0.040774092789886189 -0.039161092121240443
decision_type=2 2 2 2 2 2 2 2 2 2 2 2 2 2 2 2 2 2 2 2 2 2 2 2 2 2 2 2 2 2 2
left_child=1 3 -3 -1 5 6 7 8 -2 10 -8 12 15 -14 20 16 -6 -16 30 -20 -13 22 24 27 -7 26 -23 28 -24 -29 -15
right_child=4 2 -4 -5 11 21 9 -9 -10 -11 -12 14 13 18 17 -17 -18 -19 19 -21 -22 25 23 -25 -26 -27 -28 29 -30 -31 -32
leaf_value=-0.0038275003822491657 0.0031185964851836289 0.019787999708708284 -0.0098450122838361197 0.0084500444515895941 0.0011213620739090706 -0.011829175728829805 -0.081430060671228044 -0.10607316046159194 -0.2179951853520703 -0.05760588817340892 -0.28347410490496383 0.0049982372298973728 0.021023673603335333 0.033828076413102155 -0.026936775655233273 0.013554765525123798 -0.044235220018461606 -0.0029868510941280439 -0.22648071508365825 -0.025262630106884999 -0.009123862814988044 -0.013148112193043817 -0.25935430621320432 0.11489193775277141 -0.12781300462767703 -0.0017533039955556094 -0.093278885804047834 -0.023541285198469753 0.019186899728286001 0.04334672465604756 -0.0075653185529829785
leaf_weight=23348 932 7674 1488 9500 7863 842 53 201 23 306 48 12608 1617 625 4516 14123 676 3863 30 2927 8617 405 25 127 81 916 350 293 28 864 5842
leaf_count=23348 932 7674 1488 9500 7863 842 53 201 23 306 48 12608 1617 625 4516 14123 676 3863 30 2927 8617 405 25 127 81 916 350 293 28 864 5842
internal_value=-6.62789e-07 0.00304913 0.0149729 -0.000276042 -0.00186318 -0.0145417 -0.0378046 -0.0202837 -0.00219911 -0.0875055 -0.177785 -0.000762553 0.00298235 -0.0063228 -0.0050267 0.0075168 -0.00246717 -0.0158977 -0.0110174 -0.0273163 -0.00073411 -0.00528618 0.00833018 0.0293117 -0.0220391 -0.0237144 -0.050328 0.0203059 -0.111959 0.0263891 -0.00356128
internal_weight=110811 42010 9162 32848 68801 5494 1563 1156 955 407 101 63307 33703 11041 29604 22662 8539 8379 9424 2957 21225 3931 2260 1337 923 1671 755 1210 53 1157 6467
internal_count=110811 42010 9162 32848 68801 5494 1563 1156 955 407 101 63307 33703 11041 29604 22662 8539 8379 9424 2957 21225 3931 2260 1337 923 1671 755 1210 53 1157 6467
is_linear=0
shrinkage=0.0845865


Tree=165
num_leaves=32
num_cat=0
split_feature=40 29 45 11 12 49 4 93 28 82 62 77 10 55 64 24 41 24 87 90 84 69 62 3 70 90 73 78 68 49 68
split_gain=88.868 143.96 183.312 137.917 142.705 169.585 165.766 150.703 149.324 144.591 127.608 124.13 141.378 123.485 174.252 150.039 136.872 134.385 123.996 123.413 121.764 133.151 147.297 124.058 134.869 121.521 119.504 123.115 117.476 121.612 114.244
threshold=-0.018239557279516646 -0.038559570308773494 0.030379772671487604 -0.14225944842784791 -0.0075055064920199989 0.032646116284120806 0.0022385405348290008 0.083624569942193874 -0.032760649089473293 1.0000000180025095e-35 0.024076355187573655 0.020025425334490053 0.017942005465071204 0.038250825223356509 0.00088387722271195005 -0.076364914572620277 0.018068314019555404 0.10994557259447872 0.022079897008803653 0.0020272237610329505 0.040940951855333411 -0.046737904810081943 0.083060733854449315 0.041444936240664761 -0.039665300985165637 -0.00026407553433314995 -0.044968149508928391 -0.088482737059827538 0.085723682423497302 0.036239014296514306 -0.053856838240658844
decision_type=2 2 2 2 2 2 2 2 2 2 2 2 2 2 2 2 2 2 2 2 2 2 2 2 2 2 2 2 2 2 2
left_child=1 2 13 -2 -5 6 7 8 30 -10 -8 12 -9 14 -1 16 -16 18 -17 -15 21 26 -23 24 -24 -12 -3 -28 29 -29 -6
right_child=3 20 -4 4 5 -7 10 11 9 -11 25 -13 -14 19 15 17 -18 -19 -20 -21 -22 22 23 -25 -26 -27 27 28 -30 -31 -32
leaf_value=-0.022319967630146226 -0.033901089244996248 0.014239731757207979 0.038520008000915103 0.00614679619948298 -0.069850168524375117 0.010597095539294112 0.0084008154480294198 -0.21653188798701692 0.0038205226237942535 -0.012123197402913779 0.0042900489139757712 0.054245054115899832 -0.0056187743045477325 0.0019449442370607591 -0.15321733220441178 0.032013476466145531 0.034427065545263341 -0.1152542024780466 -0.019440033473393386 0.072133085535927177 -0.021612750219996479 -0.0015861052340595332 0.011937271509231035 0.023050038020792696 -0.15165854991426786 -0.025745710076744904 -0.22505467317419262 -0.025359865065615946 0.10395299335035471 -0.087920500866046053 -0.018303243157654612
leaf_weight=2013 773 448 1165 33151 336 7105 10033 66 7875 8419 2071 29 35 401 72 1576 45 53 425 325 3168 23830 50 77 127 1801 24 1317 44 268 3689
leaf_count=2013 773 448 1165 33151 336 7105 10033 66 7875 8419 2071 29 35 401 72 1576 45 53 425 325 3168 23830 50 77 127 1801 24 1317 44 268 3689
internal_value=-8.21317e-07 -0.00349519 0.00835555 0.00164116 0.00200971 -0.00129783 -0.00375854 -0.008604 -0.00802185 -0.0044162 0.00336576 -0.0993784 -0.143706 0.00119364 -0.0043898 0.0122258 -0.0808858 0.0175424 0.0210741 0.0333983 -0.0059486 -0.00405261 -0.00227006 -0.0663372 -0.105338 -0.00967531 -0.0244753 -0.034981 -0.0321585 -0.0359546 -0.0226127
internal_weight=110811 35428 6075 75383 74610 41459 34354 20449 20319 16294 13905 130 101 4910 4184 2171 117 2054 2001 726 29353 26185 24084 254 177 3872 2101 1653 1629 1585 4025
internal_count=110811 35428 6075 75383 74610 41459 34354 20449 20319 16294 13905 130 101 4910 4184 2171 117 2054 2001 726 29353 26185 24084 254 177 3872 2101 1653 1629 1585 4025
is_linear=0
shrinkage=0.0845865


Tree=166
num_leaves=32
num_cat=0
split_feature=33 9 0 8 31 74 51 80 38 25 27 34 86 79 12 44 35 13 21 94 59 48 14 31 43 94 14 61 71 0 83
split_gain=83.9808 96.667 145.087 210.935 149.08 166.921 203.018 165.559 118.412 113.279 138.266 124.386 126.207 110.819 151.039 114.89 108.675 107.86 120.603 107.526 106.398 105.423 104.359 101.428 126.661 153.733 144.562 141.05 119.924 144.422 196.731
threshold=0.084992824385089802 0.07926248906008336 0.17266165114258378 -0.04510795046751865 -0.029032990170887295 0.026721989511366204 -0.017457005762298149 -0.034611954895956941 -0.0087288001473895972 -0.061716402903786195 0.037253496775993204 0.11160386411670366 0.013937998606746301 0.0059154201743720509 0.038180784966998553 0.0075878894644672004 0.010912212207990052 -0.034030038095206792 -0.11763871127020718 -0.014053402369476048 0.06572584949949177 -0.017810217849450395 -0.018028275581868345 -0.078205024427311282 0.019136533406000453 -0.062619008951029634 0.021223060916154203 -0.027560367674479194 -0.027476614735358448 0.079931287004021259 -0.0041150713451509986
decision_type=2 2 2 2 2 2 2 2 2 2 2 2 2 2 2 2 2 2 2 2 2 2 2 2 2 2 2 2 2 2 2
left_child=1 9 3 16 7 13 -7 -5 21 10 11 17 -13 15 -15 -6 22 18 -1 -8 -20 -9 -3 24 25 -11 27 -27 29 30 -25
right_child=-2 2 -4 4 5 6 19 8 -10 23 -12 12 -14 14 -16 -17 -18 -19 20 -21 -22 -23 -24 28 -26 26 -28 -29 -30 -31 -32
leaf_value=-0.19992189051692136 0.012981229909408781 -0.20090583020923256 -0.0027955469555948384 -0.29431484562481369 0.042919012319827234 0.024816815635185268 -0.016629736109084775 -0.13681855475757301 -0.16540212721909445 -0.14100817494360163 0.0045133365536328199 -0.16828607056508182 0.024871254251662235 -0.01086933652542396 -0.13373884248388615 -0.025489954840711523 -0.20739490287740364 -0.008097905773928462 -0.027987261074055823 -0.17144520385569828 -0.14351130319861929 0.043680869007201591 -0.02357805194595378 -0.072395050171121508 0.0059279712750668892 0.020190349575445753 0.0024708468847384544 -0.063775257936562274 9.1688983657813833e-05 0.0095069632640076129 0.016336398688737389
leaf_weight=32 3454 32 6200 25 531 94 44 33 52 83 2785 77 35 522 83 262 61 2802 1179 122 60 77 93 368 1322 179 820 707 71607 16723 347
leaf_count=32 3454 32 6200 25 531 94 44 33 52 83 2785 77 35 522 83 262 61 2802 1179 122 60 77 93 368 1322 179 820 707 71607 16723 347
internal_value=-8.07845e-07 -0.000418686 -0.00922704 -0.0288491 -0.0201777 -0.0120861 -0.0743121 -0.0917765 -0.0602817 0.000312514 -0.0100846 -0.0198041 -0.107755 -0.000495125 -0.0277738 0.0202902 -0.114712 -0.0173787 -0.0378205 -0.130561 -0.0336062 -0.0103252 -0.0692267 0.00109911 -0.0139132 -0.0285866 -0.0230994 -0.0467873 0.00162385 0.00791425 -0.0293051
internal_weight=110811 107357 8231 2031 1845 1658 260 187 162 99126 6970 4185 112 1398 605 793 186 4073 1271 166 1239 110 125 92156 3111 1789 1706 886 89045 17438 715
internal_count=110811 107357 8231 2031 1845 1658 260 187 162 99126 6970 4185 112 1398 605 793 186 4073 1271 166 1239 110 125 92156 3111 1789 1706 886 89045 17438 715
is_linear=0
shrinkage=0.0845865


Tree=167
num_leaves=32
num_cat=0
split_feature=77 68 80 80 86 62 32 74 44 54 85 90 24 55 43 21 65 65 83 95 0 17 79 88 62 100 51 21 83 10 55
split_gain=83.5852 124.244 125.208 142.795 142.878 126.009 124.137 120.818 191.646 162.317 149.894 137.201 150.862 161.105 172.021 170.461 159.062 134.052 133.726 132.485 197.212 208.203 139.517 156.905 129.697 129.43 126.901 148.194 129.999 147.247 134.146
threshold=0.018431960933817403 -0.048831289338128893 0.026656545497019155 0.016359051886236403 -0.020717097828557549 0.05058794189166866 0.020713470777212053 -0.021993177244679998 0.045441858301310555 -0.027927297686550896 -0.039944707725137842 -0.019703528565913096 0.07645789768128107 0.051149169421607507 -0.013061479214962248 -0.12964547996240158 0.062726965909441712 0.0091250076161582521 0.081006055472539459 -0.0085855143764158471 0.14968076021095703 -0.010458810111115149 -0.013314367411339447 0.015061766236744102 0.024532029258435856 -0.97464999999999991 -0.0078428564545787987 -0.022284060085664244 0.020738580308316306 -0.10348844604055948 -0.059758320934426991
decision_type=2 2 2 2 2 2 2 2 2 2 2 2 2 2 2 2 2 2 2 2 2 2 2 2 2 2 2 2 2 2 2
left_child=1 2 3 6 -5 -4 -1 8 9 10 -3 26 19 14 15 -14 -16 24 -11 22 21 -21 25 -24 -12 -13 27 -9 30 -30 -29
right_child=-2 7 5 4 -6 -7 -8 11 -10 18 17 12 13 -15 16 -17 -18 -19 -20 20 -22 -23 23 -25 -26 -27 -28 28 29 -31 -32
leaf_value=-0.018643257034879721 -0.0038630347757447493 0.042003090196604316 -0.023484688666482713 0.10689116709750573 0.010457127197426407 -0.1051520954335767 0.011917401227521872 0.037993915585466186 0.033557884698371718 0.010969003696856806 -0.017791669893893004 -0.062962884777493136 0.15684161291539564 0.050019567615797796 -0.019930916475529737 -0.071942156421046705 0.10408932321538325 0.0074648036273473007 -0.070177818628380295 -0.026595210074330636 0.0022488767316012378 -0.003203976772944444 0.0056672125683484061 -0.016995742462921216 -0.068408423394978088 0.018564710750540607 0.0008564208373541515 -0.077196150120802901 -0.1254090518220593 0.037371848377790791 0.0036652294652659077
leaf_weight=2961 29444 335 1235 151 406 152 1400 1707 1953 11691 1388 143 24 192 1145 689 79 986 147 4676 13345 6523 8412 2953 491 5182 8495 154 41 1203 3108
leaf_count=2961 29444 335 1235 151 406 152 1400 1707 1953 11691 1388 143 24 192 1145 689 79 986 147 4676 13345 6523 8412 2953 491 5182 8495 154 41 1203 3108
internal_value=-9.54817e-07 0.00139634 -0.0100076 -0.00367236 0.0366478 -0.0324545 -0.00882754 0.00235454 0.00862835 0.00538918 -0.0115101 0.000518507 -0.00187561 -0.0238325 -0.0311653 -0.0641974 -0.0119037 -0.0177756 0.00995917 -0.000741382 -0.00469561 -0.0129727 0.00507235 -0.000219557 -0.0310316 0.0163706 0.00757842 0.0167658 0.00871889 0.0319834 -0.000147221
internal_weight=110811 81367 6305 4918 557 1387 4361 75062 16991 15038 3200 58071 43363 2129 1937 713 1224 2865 11838 41234 24544 11199 16690 11365 1879 5325 14708 6213 4506 1244 3262
internal_count=110811 81367 6305 4918 557 1387 4361 75062 16991 15038 3200 58071 43363 2129 1937 713 1224 2865 11838 41234 24544 11199 16690 11365 1879 5325 14708 6213 4506 1244 3262
is_linear=0
shrinkage=0.0845865


Tree=168
num_leaves=32
num_cat=0
split_feature=89 13 11 62 72 11 31 0 88 67 38 77 70 76 39 98 46 69 97 36 21 62 33 79 78 70 87 83 99 55 46
split_gain=81.6478 208.612 159.313 157.287 148.3 138.848 171.922 163.572 188.953 156.391 138.131 127.955 157.729 131.512 129.97 132.764 137.313 149.755 147.047 131.445 126.129 151.766 149.662 136.82 160.872 134.416 126.563 118.874 115.004 116.828 125.042
threshold=-0.0092860716678564489 -0.0085981386328196473 -0.0094938411084211482 -0.03602277853874189 -0.010818021492874899 -0.099494634212686825 -0.035949809843881145 0.11431104077689695 0.0082104295068527022 -0.024715095435468046 -0.028267807705562194 -0.015873656459525449 0.08067813697483131 -0.0084068155458912972 0.014367112691130201 0.0019316420086031001 -0.0058269715131970485 0.013241799933148602 0.024757117079349952 -0.045714979126900743 -0.0048258181491542497 0.020010164558293554 0.025111038252633753 -0.042329806119899692 0.019816746417642101 -0.0047389736223409492 -0.015127551444152098 0.029612398581561554 -0.026977924615450847 -0.014789335412461798 -0.03611617176067549
decision_type=2 2 2 2 2 2 2 2 2 2 2 2 2 2 2 2 2 2 2 2 2 2 2 2 2 2 2 2 2 2 2
left_child=1 4 3 -3 -1 10 7 8 -7 -9 -5 28 13 20 -15 19 18 -18 -17 -16 21 22 25 -23 -25 -13 -22 -24 29 -2 -31
right_child=11 2 -4 5 -6 6 -8 9 -10 -11 -12 12 -14 14 15 16 17 -19 -20 -21 26 23 27 24 -26 -27 -28 -29 -30 30 -32
leaf_value=-3.6379473046472475e-05 0.0031003424610024817 0.037528368573838344 -0.003175233827269152 0.027208744781272696 -0.016026251335876589 -0.16849985394880948 0.016555970133782183 -0.052579722232729095 0.025564238337181338 0.012807066772174833 -0.048169866753877189 -0.031190066640635915 0.0319437899306916 0.0063750367198965032 -0.030510263353452239 -0.019109569388987242 -0.019014450392420314 0.022706365045892046 -0.072083444803717381 0.0080678986326628236 0.015441395684893233 0.026163419077491062 0.0068828527824084228 -0.022785828834462951 -0.071311118556454695 -0.0015859749973954928 -0.0063732271012067691 0.078497298924000494 0.0045647273231806508 -0.010079356068683081 0.044585159449780587
leaf_weight=6695 1439 1346 15618 245 10929 99 5791 369 56 899 597 2002 1045 18915 724 1357 1699 965 519 4960 2630 256 1264 1454 738 2432 6882 191 16680 365 1650
leaf_count=6695 1439 1346 15618 245 10929 99 5791 369 56 899 597 2002 1045 18915 724 1357 1699 965 519 4960 2630 256 1264 1454 738 2432 6882 191 16680 365 1650
internal_value=-8.28864e-07 -0.00290397 0.00206068 0.0107605 -0.00995326 0.00628517 0.0100812 -0.016253 -0.098268 -0.00620606 -0.0262109 0.00181501 -0.000557249 -0.00128056 0.00222124 -0.00546144 -0.0162473 -0.00389343 -0.0337783 0.00314996 -0.00699853 -0.0145936 -0.00723067 -0.0322969 -0.0391346 -0.0149576 -0.000339335 0.0163016 0.00747547 0.0215255 0.0346726
internal_weight=110811 42644 25020 9402 17624 8056 7214 1423 155 1268 842 68167 48033 46988 29139 10224 4540 2664 1876 5684 17849 8337 5889 2448 2192 4434 9512 1455 20134 3454 2015
internal_count=110811 42644 25020 9402 17624 8056 7214 1423 155 1268 842 68167 48033 46988 29139 10224 4540 2664 1876 5684 17849 8337 5889 2448 2192 4434 9512 1455 20134 3454 2015
is_linear=0
shrinkage=0.0845865


Tree=169
num_leaves=32
num_cat=0
split_feature=49 69 13 6 13 3 74 7 47 89 17 5 12 40 93 43 74 57 85 64 28 34 83 1 8 59 13 24 15 75 12
split_gain=84.4484 122.938 158.25 118.965 117.827 141.694 163.949 136.676 122.302 117.705 117.168 109.976 153.44 155.045 114.099 120.51 110.172 164.991 108.648 119.252 108.38 125.713 161.143 146.016 144.25 130.245 123.39 113.633 150.126 106.684 106.616
threshold=-0.056901037139659848 -0.01330814648441815 -0.047388159446140693 0.16028091844503176 -0.092982268206320731 0.048642167148439754 -0.043402609800855647 0.012416409094268251 -0.0023636695841103496 0.072412915157315516 -0.094378920993653234 -0.027161269772667498 0.0037442299232739004 -0.013098375349077549 -0.012835119127369548 0.080921476901648512 0.026240758501236153 0.0075500669376007004 0.025770619456531255 0.019623939891848404 0.077225608832147755 0.076514654030738816 -0.043230868832084296 0.073757912339646264 0.0038718847656626005 -0.10489779580306173 0.090028177035739163 0.040753127502359605 0.026433698158682604 -0.08716937633744283 0.17167377337958464
decision_type=2 2 2 2 2 2 2 2 2 2 2 2 2 2 2 2 2 2 2 2 2 2 2 2 2 2 2 2 2 2 2
left_child=1 11 -3 29 5 6 10 8 -7 18 -2 -1 13 -13 16 -16 -14 -18 19 -8 21 25 23 24 -23 -6 27 -27 -29 -4 -22
right_child=4 2 3 -5 20 7 9 -9 -10 -11 -12 12 14 -15 15 -17 17 -19 -20 -21 30 22 -24 -25 -26 26 -28 28 -30 -31 -32
leaf_value=0.0035196638763374307 0.090974621558806576 0.027516535051475784 -0.18269596638425789 0.078326581562094655 0.044486479165774931 0.0062140465068893447 0.0085757570648224406 -0.04159608873950215 0.080839874444444279 -0.15491705800835776 -0.10009622994487623 -0.062386282010025794 0.011693414328657441 0.014892882861389706 -0.098225717759385836 0.059765979976924601 -0.22848730230053763 0.020240739686513416 -0.04408003933175797 -0.036726926996477942 0.016567571279108739 -0.054511627324391729 -0.0096085526127358215 -0.0016497366007869366 -0.2037966885166986 0.0016521084048664739 0.015083328206180718 -0.01141308391881905 0.007685201184387272 -0.010881770185808525 -0.087201068218360905
leaf_weight=683 25 1067 26 107 494 406 1460 221 257 43 262 281 208 547 481 37 39 37 648 581 3982 106 2934 123 83 72665 4211 11200 3994 3531 72
leaf_count=683 25 1067 26 107 494 406 1460 221 257 43 262 281 208 547 481 37 39 37 648 581 3982 106 2934 123 83 72665 4211 11200 3994 3531 72
internal_value=-7.5287e-07 -0.00896332 -0.001145 -0.00949773 0.000607452 -0.0138098 -0.0225337 0.0159592 0.0351787 -0.0161341 -0.0833611 -0.0249452 -0.0368852 -0.0113107 -0.0632592 -0.0868933 -0.0200667 -0.107204 -0.0139031 -0.00431064 0.00117115 0.000597708 -0.0157636 -0.0735616 -0.120232 0.0011717 0.000939031 0.000260855 -0.00639136 -0.012147 0.014718
internal_weight=110811 7044 4731 3664 103767 3903 3019 884 663 2732 287 2313 1630 828 802 518 284 76 2689 2041 99864 95810 3246 312 189 92564 92070 87859 15194 3557 4054
internal_count=110811 7044 4731 3664 103767 3903 3019 884 663 2732 287 2313 1630 828 802 518 284 76 2689 2041 99864 95810 3246 312 189 92564 92070 87859 15194 3557 4054
is_linear=0
shrinkage=0.0845865


Tree=170
num_leaves=32
num_cat=0
split_feature=91 27 95 33 90 0 81 8 69 28 84 25 96 31 18 61 84 87 60 13 96 26 2 19 49 82 26 95 20 95 70
split_gain=82.2028 115.388 94.2095 93.3098 90.6738 160.959 128.808 130.056 119.06 140.612 147.283 116.954 138.492 118.461 112.64 110.932 100.213 153.41 147.862 152.917 176.033 126.324 198.483 148.167 115.099 111.854 145.703 182.826 152.93 107.006 138.153
threshold=-0.073860410302845333 0.083284516042064868 -0.056872679152279788 -0.025470243522662247 0.048154998059392308 0.26370834812798921 0.097565491365428955 -0.088596226377730986 -0.054858722376061396 -0.011833342826950298 0.012923425483600553 0.022335075408671353 0.025022521669147053 0.0036755990680814002 0.022709018268800403 -0.0092247624344381982 0.0036580484726457005 0.014871011715046753 -0.0093205927300111981 0.10759290909645092 0.052885969454294156 0.021650714652912902 0.033037530489750007 -0.012635564521802348 0.085578597413643057 -0.015498444136235998 0.00033916871458705006 -0.074468327764035544 0.036697953845323109 -0.017171852195440946 -0.041861306509940598
decision_type=2 2 2 2 2 2 2 2 2 2 2 2 2 2 2 2 2 2 2 2 2 2 2 2 2 2 2 2 2 2 2
left_child=1 2 3 -1 16 6 7 15 9 14 -11 12 -10 -13 -9 -6 17 24 -18 20 21 23 -23 -20 -2 -19 27 -27 -29 30 -22
right_child=4 -3 -4 -5 5 -7 -8 8 11 10 -12 13 -14 -15 -16 -17 18 25 19 -21 29 22 -24 -25 -26 26 -28 28 -30 -31 -32
leaf_value=-0.16569684847358021 0.0051158936907237081 -0.085856094588273618 0.028199630769044845 -0.0011593801199906758 0.0021514557405822197 0.022882820111085053 0.048725375752548233 0.045695765945360844 -0.0086138117660133021 -0.13859468036208056 -0.0024530079675305454 -0.0094862801555389651 -0.042821188753060242 0.038944255111474667 -0.12109819303731498 -0.11836199024242257 0.0033681191804334687 0.007194657966689424 -0.00091561465002547152 0.031202815430960987 0.084691236764524447 0.012608650029999209 -0.017343439398256985 -0.016337450073026602 0.035970187998455409 0.099737290622857119 0.00042583147042575114 -0.012358238864369774 -0.045797810912863585 -0.022622542833990452 -0.093987947093126328
leaf_weight=35 36944 73 1565 84 83 988 229 121 3362 178 84 896 1133 605 38 158 18281 4827 7776 751 34 5115 2292 10454 886 93 6819 4432 1257 889 329
leaf_count=35 36944 73 1565 84 83 988 229 121 3362 178 84 896 1133 605 38 158 18281 4827 7776 751 34 5115 2292 10454 886 93 6819 4432 1257 889 329
internal_value=-7.15377e-07 0.0181492 0.0226736 -0.0497969 -0.00029334 -0.00903602 -0.0136183 -0.0157663 -0.0134707 -0.0569604 -0.0950391 -0.010413 -0.0172413 0.010021 0.00566531 -0.0767798 0.000386918 0.00281385 -0.00253302 -0.00643678 -0.0074889 -0.00597542 0.00333742 -0.00976047 0.00583914 -0.00375175 -0.00794664 -0.0178243 -0.019751 -0.0384613 -0.0771811
internal_weight=110811 1757 1684 119 109054 7875 6887 6658 6417 421 262 5996 4495 1501 159 241 101179 55258 45921 27640 26889 25637 7407 18230 37830 17428 12601 5782 5689 1252 363
internal_count=110811 1757 1684 119 109054 7875 6887 6658 6417 421 262 5996 4495 1501 159 241 101179 55258 45921 27640 26889 25637 7407 18230 37830 17428 12601 5782 5689 1252 363
is_linear=0
shrinkage=0.0845865


Tree=171
num_leaves=32
num_cat=0
split_feature=42 3 0 99 89 23 3 59 97 68 49 42 77 79 77 89 100 56 98 56 93 12 28 94 36 99 1 80 70 40 80
split_gain=80.9216 140.471 110.801 99.3368 85.8913 153.03 111.175 150.958 138.563 83.4473 88.2943 114.826 88.1029 101.825 87.0206 135.477 127.83 136.742 154.797 136.932 121.471 126.73 123.219 156.037 155.558 148.331 135.19 130.569 128.713 120.719 152.404
threshold=0.11831861655590166 -0.077636584285353291 0.084523903549994714 0.010793545631064251 0.016017877117062301 -0.027735900879520596 0.0093226246243657013 0.018548703302731954 0.018194284277777053 0.075968719243223612 0.1088757827541308 0.063145521493792267 -0.044206325425984495 0.032298807714079954 -0.0062067961101021493 -0.019218616161892098 -0.97464999999999991 0.036001339010010458 -0.007919159600798047 -0.0064803563288547495 0.056550790978975855 -0.0013849238573521998 -0.029058607615210796 -0.042194456197324842 0.0054964216045182007 -0.036177866841651141 -0.057891413705310091 0.031415986468218159 0.038390414585755213 -0.03656881327595634 -0.010407477074383548
decision_type=2 2 2 2 2 2 2 2 2 2 2 2 2 2 2 2 2 2 2 2 2 2 2 2 2 2 2 2 2 2 2
left_child=9 -2 3 -3 5 -4 7 -7 -9 10 14 -12 13 -11 15 -1 17 19 -19 -17 22 -22 23 26 28 -26 -16 -25 -24 30 -18
right_child=1 2 4 -5 -6 6 -8 8 -10 12 11 -13 -14 -15 20 16 29 18 -20 -21 21 -23 24 27 25 -27 -28 -29 -30 -31 -32
leaf_value=-0.0048730720945695302 -0.14245579797300498 -0.014965357775863362 -0.14443786680881116 -0.26188561709445202 0.02667957723842812 -0.18339887602065089 0.02617212273589227 0.074634856320481058 -0.14907050971401012 -0.069633023477250547 0.0099411622974914723 0.077238239701181335 0.022224216899821191 0.096539966702471128 0.0044058486253284327 -0.01641772786563488 0.01267347498669821 0.24467637065334277 -0.061502072317899933 -0.12148637182637136 -0.0042144495789924819 -0.044295383924668967 -0.0062814625647743287 -0.0022161826521045242 -0.01426554462606296 0.0086746589225576553 -0.055046858011560111 -0.02587309986398089 0.012790231056821946 0.0083371453685386517 -0.015745694001810411
leaf_weight=13048 68 23 72 24 305 52 232 58 30 147 924 226 1917 32 395 223 2151 24 23 148 1309 994 21511 11141 2277 17600 886 1964 2869 26514 3624
leaf_count=13048 68 23 72 24 305 52 232 58 30 147 924 226 1917 32 395 223 2151 24 23 148 1309 994 21511 11141 2277 17600 886 1964 2869 26514 3624
internal_value=-6.93205e-07 -0.0257855 -0.0157809 -0.141696 -0.00783937 -0.0316001 -0.00968147 -0.0692324 -0.00144123 0.000201754 -0.000122917 0.0231887 0.0169175 -0.0397824 -0.000374379 0.00241331 0.00532077 -0.041146 0.0945161 -0.0584035 -0.00246758 -0.0215238 -0.00171882 -0.00851956 0.000491328 0.00604564 -0.0366985 -0.0057633 -0.00403623 0.00592305 -0.00515676
internal_weight=110811 864 796 47 749 444 372 140 88 109947 107851 1150 2096 179 106701 45755 32707 418 47 371 60946 2303 58643 14386 44257 19877 1281 13105 24380 32289 5775
internal_count=110811 864 796 47 749 444 372 140 88 109947 107851 1150 2096 179 106701 45755 32707 418 47 371 60946 2303 58643 14386 44257 19877 1281 13105 24380 32289 5775
is_linear=0
shrinkage=0.0845865


Tree=172
num_leaves=32
num_cat=0
split_feature=65 0 14 8 22 26 32 56 23 40 1 3 20 58 63 35 26 46 73 71 58 21 7 20 80 68 13 27 97 14 68
split_gain=81.5393 129.952 144.175 141.884 138.437 150.313 119.837 156.43 174.731 162.481 118.127 109.297 125.853 125.571 111.506 108.475 137.275 106.839 100.648 95.5639 136.518 158.091 151.631 178.312 154.281 204.14 198.298 150.886 200.531 131.927 131.477
threshold=-0.041537570101971996 0.23772973263227801 0.080724964010307307 0.13618987761374518 -0.079823189881145437 -0.065235505609281541 -0.0026551808942079998 -0.0098597329365502483 0.026786772269147555 0.037667480575911759 -0.064741703001510595 0.12302585330801862 0.042243451051296461 0.010077214198546102 0.018021451424017555 0.06463729929865282 -0.11948913775665444 -0.010345811339321248 0.010028002256994751 -0.017059793458357998 -0.018931453808851199 -0.092612507805162433 -0.0014992295605405998 0.036697953845323109 -0.01315607936815765 -0.052583328856859596 0.080261914879065061 0.1124679824368381 -0.018290135085084595 -0.026347146246069746 0.080208783239302014
decision_type=2 2 2 2 2 2 2 2 2 2 2 2 2 2 2 2 2 2 2 2 2 2 2 2 2 2 2 2 2 2 2
left_child=1 4 3 -3 18 15 7 -7 9 -9 -4 12 14 -14 -8 16 -6 -5 -1 30 22 27 23 -21 -24 26 29 28 -22 -26 -2
right_child=19 2 10 17 5 6 11 8 -10 -11 -12 -13 13 -15 -16 -17 -18 -19 -20 20 21 -23 24 -25 25 -27 -28 -29 -30 -31 -32
leaf_value=0.058532070844924698 0.004060995886710694 0.017413822246875533 0.011792481100981382 -0.19670980935151913 0.015610088461553822 0.0013499591530315037 0.013798240464560494 -0.059060379665815621 0.00067345551012395349 -0.0025758863940185755 -0.11620150220605448 0.068585075158466582 -0.009359264178229517 -0.080916643988188097 -0.017701431291208655 0.060923598462318186 -0.10302027548559643 -0.0029456826774235949 -0.016432374517376364 0.017341411491013661 0.0063479584403793917 -0.0025807210344724316 0.012577125087635255 -0.0091973102589353924 -0.0012379129813675181 -0.006078015149193425 0.086738469791944842 0.014316845300145849 -0.07139642830590337 -0.11666480104717795 0.047887913040180467
leaf_weight=340 29702 2710 93 39 90 1453 2303 1565 802 476 115 154 490 274 1235 46 306 43 205 8525 347 45439 3223 2299 95 6467 53 393 748 283 498
leaf_count=340 29702 2710 93 39 90 1453 2303 1565 802 476 115 154 490 274 1235 46 306 43 205 8525 347 45439 3223 2299 95 6467 53 393 748 283 498
internal_value=-7.51952e-07 -0.00636738 0.00902148 0.0140894 -0.01111 -0.013567 -0.0111332 -0.021214 -0.0327532 -0.0458981 -0.0588855 -0.00140947 -0.00392106 -0.0350552 0.00279659 -0.0617011 -0.0760069 -0.0954458 0.0302968 0.000826024 -0.000935015 -0.0034697 0.00474289 0.0117026 -0.0026982 -0.00983854 -0.0662048 -0.0306008 -0.0467413 -0.087717 0.00478451
internal_weight=110811 12739 3000 2792 9739 9194 8752 4296 2843 2041 208 4456 4302 764 3538 442 396 82 545 98072 67872 46927 20945 10824 10121 6898 431 1488 1095 378 30200
internal_count=110811 12739 3000 2792 9739 9194 8752 4296 2843 2041 208 4456 4302 764 3538 442 396 82 545 98072 67872 46927 20945 10824 10121 6898 431 1488 1095 378 30200
is_linear=0
shrinkage=0.0845865


Tree=173
num_leaves=32
num_cat=0
split_feature=38 100 94 12 8 9 43 47 61 42 40 1 99 30 8 80 48 84 91 62 40 48 67 21 22 12 93 93 15 63 18
split_gain=81.4483 102.966 116.001 111.851 111.768 117.39 100.888 96.9468 137.113 93.1789 116.447 114.651 116.062 112.489 118.769 109.929 119.226 109.519 101.209 102.085 99.6156 99.3198 99.4804 95.2263 90.4389 90.3966 90.1518 89.6746 96.8657 88.966 89.1544
threshold=0.085046418482455213 -0.89559999999999984 0.030405518835536657 0.055492973329842911 -0.052825898019160794 0.021172770288804602 -0.093229182217121939 -0.060816473834833497 0.016280165146902555 -0.092963536600902744 -0.086144691630274675 0.025563501414801303 0.017763765726382202 0.033863215227217004 -0.078856996437326535 -0.023638823535155146 0.016931087660143302 0.036677534892991005 -0.031075953267326747 -0.010333430490819999 0.0047866239179080007 0.0012751523934890002 -0.038460202541046797 -0.085782764465803088 -0.087060427521272285 0.034775045211801858 -0.0089605915495872979 0.034247369759605552 -0.064498075460903234 0.049542069847420704 0.0014919688420125001
decision_type=2 2 2 2 2 2 2 2 2 2 2 2 2 2 2 2 2 2 2 2 2 2 2 2 2 2 2 2 2 2 2
left_child=9 2 3 -2 5 -3 -6 8 -8 11 15 12 27 14 -13 21 24 -18 -14 -20 -16 -11 -23 -21 -17 -22 -5 28 -1 30 -24
right_child=1 4 -4 26 6 -7 7 -9 -10 10 -12 13 18 -15 20 16 17 -19 19 23 25 22 29 -25 -26 -27 -28 -29 -30 -31 -32
leaf_value=0.0049241891928089214 -0.041144684643891559 0.070216032826159902 0.041508329487991158 -0.042880734507281838 0.10850150481313298 -0.0395835517747452 -0.04529997300293969 -0.012018475077026065 -0.26442116427020362 -0.032488925351742928 0.00040749263166462872 0.075123407278702911 0.085889682464039066 0.045228078066578248 -0.13449832566382949 0.08404820308856871 -0.054839107436846023 -0.17865578184737149 0.030561645952735132 -0.17682021890041971 -0.094158254942871708 -0.069955269976299223 0.096956931580109901 -0.034460731024579395 -0.024594583423445702 0.071105622213207251 -0.20417564734296048 -0.038869541173414159 0.062185528503558761 -0.064151625735659024 -0.0051249505410645001
leaf_weight=283 259 239 79 40 47 98 113 2074 25 283 103900 41 70 113 116 60 392 59 152 40 51 57 209 214 621 44 67 92 845 42 86
leaf_count=283 259 239 79 40 47 98 113 2074 25 283 103900 41 70 113 116 60 392 59 152 40 51 57 209 214 621 44 67 92 845 42 86
internal_value=-6.90983e-07 -0.0136526 -0.0512507 -0.0713345 -0.00719825 0.0382215 -0.0139844 -0.0165997 -0.085258 0.000384342 3.68429e-05 0.0181967 0.0274577 -0.0247743 -0.0562524 -0.0212389 -0.037366 -0.0711079 -0.00792902 -0.0241685 -0.0818969 0.0056965 0.033179 -0.0570037 -0.014984 -0.0173947 -0.144141 0.0412815 0.0478394 0.0506966 0.0671308
internal_weight=110811 3041 445 366 2596 337 2259 2212 138 107770 105709 2061 1696 365 252 1809 1132 451 476 406 211 677 394 254 681 95 107 1220 1128 337 295
internal_count=110811 3041 445 366 2596 337 2259 2212 138 107770 105709 2061 1696 365 252 1809 1132 451 476 406 211 677 394 254 681 95 107 1220 1128 337 295
is_linear=0
shrinkage=0.0845865


Tree=174
num_leaves=32
num_cat=0
split_feature=3 31 74 56 1 53 21 80 99 9 6 11 54 56 72 3 38 74 91 49 26 31 100 30 80 82 80 27 54 8 27
split_gain=78.8195 121.449 119.733 120.59 118.613 122.026 132.781 150.124 113.888 113.131 178.674 155.881 148.016 201.861 174.497 176.55 138.794 136.483 126.017 121.611 114.378 110.944 145.354 134.494 160.806 109.622 109.466 108.58 105.826 199.853 166.87
threshold=0.12681663250519523 0.0022002619433945506 -0.025474997183371994 0.021775758425642052 -0.13420704563369165 0.012905297302539002 -0.030776207317564096 0.035185388951639453 0.005367515610771951 0.034612091758803705 -0.06140945101246769 0.063144735539944014 -0.0019274142258029496 0.053087824945387711 -0.021138421049627747 -0.021079018721210045 0.099487796973382212 -0.063966462903545643 -0.035850570669491537 -0.071900509002203489 -0.023601344052965646 -0.058832331645545091 -0.84854999999999992 0.049491378184791858 -0.048666143822800746 -0.017702333120607497 0.065652443672437708 0.014837162788998801 -0.012143514379695247 -0.0096017115151418985 0.021574544186334903
decision_type=2 2 2 2 2 2 2 2 2 2 2 2 2 2 2 2 2 2 2 2 2 2 2 2 2 2 2 2 2 2 2
left_child=9 4 -3 26 -2 -6 -7 8 25 28 16 12 21 14 -14 -16 18 -13 -11 20 -20 22 -12 -23 -25 -8 -4 -19 29 -1 -31
right_child=1 2 3 -5 5 6 7 -9 -10 10 11 17 13 -15 15 -17 -18 27 19 -21 -22 23 -24 24 -26 -27 -28 -29 -30 30 -32
leaf_value=0.0044186454343858716 0.072431307248703697 -0.010683499569617746 0.047697063128969867 -0.0068272675394011164 0.0087840529104123415 0.053729511295976827 -0.007515566897943431 0.062828269788052588 -0.025758127833246425 0.046794477132612096 0.11518754817353262 -0.10013526817779263 -0.0041572849181382328 0.0329104386323084 -0.051935387701375429 -0.020421868136881256 -0.13887335374729218 0.025987709234676554 -0.17461045025246039 0.0090521325724450021 -0.017643229483444052 -0.0026930106442269869 0.010091601745345692 -0.16287831690961768 -0.028063968917567773 -0.12998509724117868 -0.087405024392191305 -0.0090858308763405674 0.0031501234671139681 -0.015326896844862813 0.0041990295829582389
leaf_weight=13253 128 584 1507 428 897 98 68 72 261 629 119 79 2383 484 1964 3621 44 1655 49 3216 104 6224 453 70 667 232 44 1020 55100 10979 4379
leaf_count=13253 128 584 1507 428 897 98 68 72 261 629 119 79 2383 484 1964 3621 44 1655 49 3216 104 6224 453 70 667 232 44 1020 55100 10979 4379
internal_value=-7.53337e-07 0.0112009 0.0229431 0.0328771 -0.00592572 -0.0121022 -0.0377591 -0.0519611 -0.066737 -0.000455266 -0.00574031 -0.00922004 -0.0124228 -0.0201076 -0.023331 -0.0315081 0.0103866 0.00936191 0.0120369 0.00554044 -0.0681068 -0.00379755 0.032004 -0.00674277 -0.040911 -0.102304 0.0438471 0.012606 0.000982746 -0.00319051 -0.00975812
internal_weight=110811 4319 2563 1979 1756 1628 731 633 561 106492 22781 18739 15985 8452 7968 5585 4042 2754 3998 3369 153 7533 572 6961 737 300 1551 2675 83711 28611 15358
internal_count=110811 4319 2563 1979 1756 1628 731 633 561 106492 22781 18739 15985 8452 7968 5585 4042 2754 3998 3369 153 7533 572 6961 737 300 1551 2675 83711 28611 15358
is_linear=0
shrinkage=0.0845865


Tree=175
num_leaves=32
num_cat=0
split_feature=19 77 11 48 29 40 59 37 69 1 100 5 24 72 19 79 25 78 33 4 68 78 40 66 26 75 22 40 40 18 80
split_gain=78.1049 127.444 127.514 117.721 176.653 183.445 165.021 166.425 199.714 153.873 151.579 149.695 148.381 137.116 134.298 115.523 119.318 115.504 163.967 138.219 132.309 157.088 125.691 142.536 125.282 131.006 119.861 118.261 119.962 117.21 115.546
threshold=0.021164155982204804 -0.091981182671444742 -0.15516119816725618 0.0088527237602785518 -0.049171791048805889 0.0088003338563068523 -0.043934700454246293 -0.0051336424818493988 -0.049903820076160045 0.11913951407920341 0.40205000000000007 -0.0035414969197495997 -0.024870080604437145 0.087967216360263861 0.012486666719447001 0.0177918046147288 0.11239210612620405 -0.008458957972674647 0.043887263718995706 -0.043551860620930194 0.021624201053374353 -0.0090747208774172479 -0.037807897228791694 -0.031484307545636345 0.031200720161502254 -0.026674336774126048 -0.0089582280399126985 -0.017834861945228497 0.0083811224556843509 0.062030203481586853 0.065652443672437708
decision_type=2 2 2 2 2 2 2 2 2 2 2 2 2 2 2 2 2 2 2 2 2 2 2 2 2 2 2 2 2 2 2
left_child=3 -2 -3 -1 9 6 14 8 12 15 -9 -10 -8 -12 -6 16 -5 20 19 24 21 30 -21 -24 25 -19 -22 -20 -29 -30 -4
right_child=1 2 17 4 5 -7 7 10 11 -11 13 -13 -14 -15 -16 -17 -18 18 27 22 26 -23 23 -25 -26 -27 -28 28 29 -31 -32
leaf_value=0.0040102147434822539 -0.064008126654425387 -0.059546321152991188 -0.0042840116930716174 0.023372394682873665 0.022398317238630856 0.0044201063111988332 0.0044732574003062044 0.0046827692302303233 -0.0062226966334272523 0.051697415906805856 -0.017432068874166266 -0.031187218757661339 -0.10151496625967851 -0.20209960742487793 -0.05547688627266182 -0.025463315744600052 -0.13688182966277931 0.0056895182316212215 -0.011635135160165972 -0.025861076059911801 0.037738135807278382 0.074760915240962802 -0.023279445952488268 0.0016782894323355366 0.0032437870252934381 -0.045952566660262387 0.0043153621736587979 0.050670892509048104 0.013766674243991637 -0.10328982083173463 0.051434670377636008
leaf_weight=48602 247 283 9339 1323 1573 9821 127 4972 3551 712 3058 3335 365 29 176 591 34 433 979 1981 1355 191 1990 9229 772 1850 1775 754 1025 65 274
leaf_count=48602 247 283 9339 1323 1573 9821 127 4972 3551 712 3058 3335 365 29 176 591 34 433 979 1981 1355 191 1990 9229 772 1850 1775 754 1025 65 274
internal_value=-7.63479e-07 -0.0034837 -0.00302 0.00144707 -0.00275129 -0.00480038 -0.0100707 -0.0128614 -0.0220412 0.0180448 -0.00445457 -0.0183167 -0.074116 -0.0191781 0.0145478 0.00573239 0.019335 -0.0025195 -0.00670341 -0.00997207 0.00365024 -0.00118168 -0.00621748 -0.00274687 -0.0261874 -0.0361488 0.0187916 0.01211 0.0247281 0.00676085 -0.0026933
internal_weight=110811 32542 32295 78269 29667 27007 17186 15437 7378 2660 8059 6886 492 3087 1749 1948 1357 32012 19078 16255 12934 9804 13200 11219 3055 2283 3130 2823 1844 1090 9613
internal_count=110811 32542 32295 78269 29667 27007 17186 15437 7378 2660 8059 6886 492 3087 1749 1948 1357 32012 19078 16255 12934 9804 13200 11219 3055 2283 3130 2823 1844 1090 9613
is_linear=0
shrinkage=0.0845865


Tree=176
num_leaves=32
num_cat=0
split_feature=18 19 53 59 69 51 81 29 89 18 67 96 22 83 80 5 0 76 47 71 46 7 47 14 37 12 96 10 84 19 12
split_gain=76.8747 131.56 115.188 113.757 152.813 141.865 171.261 156.452 148.644 156 145.178 180.173 189.651 147.958 144.189 135.298 132.187 142.324 177.066 168.7 136.416 131.6 128.674 127.428 128.058 130.204 156.271 131.022 126.569 143.651 117.999
threshold=-0.057602116385686596 -0.051535626991842796 0.082039105653963967 0.02664991493666435 0.050707333082969555 0.025925945098573305 -0.017095594764113098 0.049306227442197106 -0.0036548900845497995 -0.018780875826961498 0.012933210060288252 0.027528933982572851 0.025090445804557604 0.018658703002861602 0.013324652809330002 0.031675543499455908 0.2114419233122847 -0.0090238321043612981 0.019566602838890005 0.018137767339940353 0.038021623714191301 0.066330729236624017 -0.028377086759047949 -0.03341232509921814 0.031258424043179557 -0.08830139362609099 0.066069999288643461 -0.022531700889145696 -0.019400487332906446 -0.090567846445573835 -0.047018351289133342
decision_type=2 2 2 2 2 2 2 2 2 2 2 2 2 2 2 2 2 2 2 2 2 2 2 2 2 2 2 2 2 2 2
left_child=1 2 -1 4 5 7 8 10 9 -7 11 21 -13 -12 -10 -5 17 18 -8 -19 30 -2 -11 -17 25 -25 27 -27 29 -9 -18
right_child=3 -3 -4 15 -6 6 16 28 14 22 13 12 -14 -15 -16 23 20 19 -20 -21 -22 -23 -24 24 -26 26 -28 -29 -30 -31 -32
leaf_value=0.02002068273504249 0.0050529052922446121 0.0014380272606783408 0.12636428380245332 -0.0029864491386711292 0.014795830571366205 -0.0013888986338696956 -0.033480837257117438 -0.13485314086605496 0.010174433240300092 -0.088383154925746887 0.0053208050969487308 -0.021994793948879373 0.01330467105279322 0.024147474576381438 -0.033127371162022121 0.0066109957890894107 -0.025659703512785442 0.010043010512003268 0.011468107813393368 -0.026977876507910052 0.044856493779293551 -0.012722348140098403 -0.035377780453080647 0.063884935154110131 0.0020091917239308584 -0.074930691517785433 -0.18903676872417632 -0.026991989671979754 -0.017945459617339687 0.01176985911769006 0.012940728184031528
leaf_weight=2608 25605 8247 75 16472 5153 703 2368 49 1523 437 12115 4412 1445 3966 861 950 745 3738 852 1152 707 3372 1322 85 727 548 51 1607 4710 1842 2364
leaf_count=2608 25605 8247 75 16472 5153 703 2368 49 1523 437 12115 4412 1445 3966 861 950 745 3738 852 1152 707 3372 1322 85 727 548 51 1607 4710 1842 2364
internal_value=-7.10784e-07 0.006734 0.0230044 -0.000737909 0.000709843 -0.000266959 -0.00711233 0.00172883 -0.0205215 -0.0351007 0.00331762 0.000248082 -0.0132823 0.00996536 -0.0054559 -0.00636569 -0.00166178 -0.00777192 -0.0215809 0.00131692 0.0113182 0.00298367 -0.0485612 -0.020388 -0.0288937 -0.0387091 -0.0426737 -0.0391942 -0.0105226 0.00795468 0.00368383
internal_weight=110811 10930 2683 99881 79441 74288 16772 57516 4846 2462 50915 34834 5857 16081 2384 20440 11926 8110 3220 4890 3816 28977 1759 3968 3018 2291 2206 2155 6601 1891 3109
internal_count=110811 10930 2683 99881 79441 74288 16772 57516 4846 2462 50915 34834 5857 16081 2384 20440 11926 8110 3220 4890 3816 28977 1759 3968 3018 2291 2206 2155 6601 1891 3109
is_linear=0
shrinkage=0.0845865


Tree=177
num_leaves=32
num_cat=0
split_feature=45 97 38 3 0 74 97 100 34 28 31 53 93 45 24 7 91 4 7 55 36 61 87 12 15 8 41 42 52 31 93
split_gain=76.6496 140.226 86.4072 129.051 165.552 205.657 155.156 145.375 145.17 144.742 123.295 144.384 119.74 117.119 115.173 114.941 113.21 112.682 109.569 106.228 104.878 103.303 100.41 98.2621 113.66 147.931 97.6877 97.1782 92.7491 91.1171 87.3898
threshold=0.13932085995205892 0.055740103407851106 0.050403671636750004 0.022092794498701402 0.15034048010922144 -0.069449785575542336 -0.043486147988131843 -0.45819999999999994 0.06895839101021041 -0.019745430994174598 0.029101931608423753 -0.0062352495271186994 -0.010847034375344799 0.038921726551335856 -0.017150641286812148 -0.021266139684614296 -0.078914876834259934 -0.034656136416694794 0.11956118293705177 0.0044360311052855511 0.041252186001223559 0.0064425976206165013 0.0071702189999401011 -0.056761052453094943 -0.0090601681580128983 -0.04913983144403624 -0.13190626322746651 0.079009867390940763 0.0031821824465601005 -0.056405694904297497 -0.087384509918720835
decision_type=2 2 2 2 2 2 2 2 2 2 2 2 2 2 2 2 2 2 2 2 2 2 2 2 2 2 2 2 2 2 2
left_child=2 -2 30 4 5 -4 23 10 9 12 19 -12 17 27 20 -16 -11 -5 22 -7 -10 -17 -15 -6 28 -26 -18 29 -25 -8 -1
right_child=1 -3 3 8 6 7 13 -9 14 16 11 -13 -14 18 15 21 26 -19 -20 -21 -22 -23 -24 24 25 -27 -28 -29 -30 -31 -32
leaf_value=0.028926615207638746 0.050702316235617911 -0.11719007223498169 0.18956589094707557 -0.017891163908874168 0.031508909349686781 -0.10893162834673212 -0.049123802310588299 -0.029979122257812858 0.049480127564697475 0.12132313165780227 -0.28880161349541583 -0.052789231368817233 0.0094727945526721577 -0.016038778992732663 0.0013370206730314268 -0.22168865709541802 -0.16274417103757807 0.076843955279477127 0.085142495684846428 0.0044305474308443359 -0.080468556625683779 -0.040563394446710921 -0.077614679709541862 0.057747740640406948 -0.26825536985231907 -0.081923230267782199 -0.0042127381230111496 0.083028894594919092 -0.072159783088010188 0.0038463270112989189 0.00042977609437024056
leaf_weight=776 394 39 26 111 76 167 250 750 103 51 45 32 945 483 47 65 28 463 53 91 78 35 313 65 37 177 3174 104 99 3279 98455
leaf_count=776 394 39 26 111 76 167 250 750 103 51 45 32 945 483 47 65 28 463 53 91 78 35 313 65 37 177 3174 104 99 3279 98455
internal_value=-6.19172e-07 0.0355156 -0.000140159 -0.00720151 -0.0155603 -0.0450645 -0.00891458 -0.0507178 0.00270523 0.00645093 -0.0970691 -0.191125 0.0280101 -0.00413608 -0.0517154 -0.107325 -0.00361001 0.058487 -0.0324217 -0.0688739 -0.00641117 -0.158577 -0.0402826 -0.0560347 -0.0736948 -0.114312 -0.00560901 0.00246862 -0.0205397 8.69507e-05 0.000652859
internal_weight=110811 433 110378 11147 6047 1111 4936 1085 5100 4772 335 77 1519 4482 328 147 3253 574 849 258 181 100 796 454 378 214 3202 3633 164 3529 99231
internal_count=110811 433 110378 11147 6047 1111 4936 1085 5100 4772 335 77 1519 4482 328 147 3253 574 849 258 181 100 796 454 378 214 3202 3633 164 3529 99231
is_linear=0
shrinkage=0.0845865


Tree=178
num_leaves=32
num_cat=0
split_feature=7 83 62 18 51 49 53 96 13 61 8 94 33 45 40 54 100 6 12 64 60 95 87 94 32 0 100 30 28 1 75
split_gain=74.5133 94.063 104.476 102.407 82.8407 78.0562 99.8556 127.314 120.045 119.425 117.666 119.51 122.112 107.978 110.054 102.157 108.776 94.7083 126.505 111.981 103.871 94.0641 159.578 120.325 116.235 90.9012 209.104 221.883 178.661 289.384 222.018
threshold=0.17465723710244555 0.0068851943336056013 -0.059722153222010195 0.021707468554790953 -0.0088656868432047987 -0.046338464949938589 -0.0025037616302380499 -0.057080826125524696 -0.047388159446140693 0.049250571991239958 -0.0007942227564795998 -0.042194456197324842 0.031440724965142754 0.031030343121181404 0.062284542101211211 -0.017108866897971895 -0.47649999999999998 0.0060014857687697007 0.11642893617403426 0.050184088407317452 -0.0068140692375457486 0.0029332573742536501 0.013241926920083651 0.032736335355635006 -0.073364683331852795 0.16191628433097635 -0.25014999999999993 0.054896578138627507 -0.064682022486341986 -0.044301035557139538 0.045104533283882309
decision_type=2 2 2 2 2 2 2 2 2 2 2 2 2 2 2 2 2 2 2 2 2 2 2 2 2 2 2 2 2 2 2
left_child=5 2 -2 4 -4 6 10 -8 -9 15 17 12 -12 14 -11 -10 -17 18 19 20 -1 -13 24 -24 -23 28 27 -27 29 30 -7
right_child=1 -3 3 -5 -6 25 7 8 9 13 11 21 -14 -15 -16 16 -18 -19 -20 -21 -22 22 23 -25 -26 26 -28 -29 -30 -31 -32
leaf_value=-0.016082474966618625 0.082848523299755492 0.0086245534004090376 0.03872215118823915 -0.098396599006299337 -0.063244845200780983 0.0093215050478564227 0.056804074119270187 0.023053071011794952 -0.023450563760720709 -0.086281110659730154 -0.019120577486340332 0.017077738315929535 -0.13479586730309079 0.019790935025133058 0.041494724161253223 0.034093086894553419 -0.0046057619444131734 -0.010386860575020208 -0.14224344855605633 0.057502609400400403 -0.0639560597462311 0.16612075282736158 -0.0787972273991632 0.028345540568870935 0.0030747512532767491 0.012621191780629601 -0.0015220020946452575 -0.0091175870466956282 -0.0005725263631231848 -0.059249234565892893 -0.11614604229072717
leaf_weight=613 40 355 100 237 132 1349 284 1132 1139 337 247 1542 89 134 56 748 1700 1354 84 87 692 33 338 96 587 20514 29321 4016 42352 994 109
leaf_count=613 40 355 100 237 132 1349 284 1132 1139 337 247 1542 89 134 56 748 1700 1354 84 87 692 33 338 96 587 20514 29321 4016 42352 994 109
internal_value=-6.28399e-07 -0.0247434 -0.0480557 -0.0592757 -0.0192033 0.000193629 -0.00646784 0.00164815 -0.00133442 -0.00805027 -0.0142607 -0.00237708 -0.0498447 -0.0456491 -0.0680157 -0.0025196 0.00721079 -0.0265647 -0.0413898 -0.035282 -0.0414866 0.00375955 -0.0157046 -0.0550477 0.0118042 0.000956318 0.00329846 0.00906128 -0.00185829 -0.0240572 -4.86836e-05
internal_weight=110811 864 509 469 232 109947 11292 5530 5246 4114 5762 2932 336 527 393 3587 2448 2830 1476 1392 1305 2596 1054 434 620 98655 53851 24530 44804 2452 1458
internal_count=110811 864 509 469 232 109947 11292 5530 5246 4114 5762 2932 336 527 393 3587 2448 2830 1476 1392 1305 2596 1054 434 620 98655 53851 24530 44804 2452 1458
is_linear=0
shrinkage=0.0845865


Tree=179
num_leaves=32
num_cat=0
split_feature=11 71 87 68 63 3 38 0 71 1 2 59 5 7 0 39 71 51 29 70 100 66 0 86 15 6 8 14 77 18 54
split_gain=73.6825 91.079 101.415 80.8586 85.187 114.771 138.66 161.031 139.716 115.483 173.066 119.621 112.169 118.954 110.737 136.616 116.998 109.524 133.274 132.02 179.757 195.494 157.925 146.818 144.801 114.049 130.106 164.186 107.934 105.419 104.917
threshold=0.11045235322052467 0.046249741959113654 -0.05971482592930074 -0.083059174391951637 -0.04193237585011609 -0.00059863951889184994 0.093995440246751411 0.20088760206667994 0.0054802591347358513 -0.090076306864767086 0.029874727013810803 0.014635598929194452 0.059779684231358807 -0.055642348335639295 0.12626222323602157 -0.0057881387495260991 -0.0099259624678804479 0.057180107756335558 0.049306227442197106 -0.0044400984406300489 -0.36189999999999994 0.015771601277762105 0.3005157122154567 -0.00030481938937519995 -0.05551447834488369 0.017671519636398954 -0.070020059576774235 -0.0034573483490456997 -0.024083481498327397 0.075853322427746062 -0.0035529516843294498
decision_type=2 2 2 2 2 2 2 2 2 2 2 2 2 2 2 2 2 2 2 2 2 2 2 2 2 2 2 2 2 2 2
left_child=3 -2 -3 -1 5 6 9 8 -8 10 28 -12 13 -7 15 16 -14 18 19 22 21 -21 24 -22 -6 -20 27 -27 -5 30 -16
right_child=1 2 -4 4 17 12 7 -9 -10 -11 11 -13 14 -15 29 -17 -18 -19 25 20 23 -23 -24 -25 -26 26 -28 -29 -30 -31 -32
leaf_value=-0.016618595448607474 0.022233287492357617 -0.19166112288280854 -0.013320839845658504 0.04478607607232276 -0.018857239319066441 -0.013856450250986406 -0.34245663621201572 -0.014017725006286647 -0.061153135590211689 0.0069733702878862309 -0.11619243236606759 -0.0099854570792253343 0.0755296956782949 0.02517063716789111 -0.016551274951819833 -0.22826557571604841 -0.1089134196122095 -0.011426289051046637 -0.015024649710949566 0.0043166367833269012 0.0058910814049496279 0.023281917562236569 0.028693751852826455 -0.0071077797241161193 -0.0016386730451672517 0.022174705343186003 0.010041406272037116 -0.088312315313023984 -0.021503179981297613 -0.14349583670480962 0.043551476671967917
leaf_weight=2132 1876 25 259 241 3936 640 26 83 25 4035 200 123 42 4367 552 34 59 6481 7142 10810 13367 6077 1120 11622 31187 166 2940 228 648 35 333
leaf_count=2132 1876 25 259 241 3936 640 26 83 25 4035 200 123 42 4367 552 34 59 6481 7142 10810 13367 6077 1120 11622 31187 166 2940 228 648 35 333
internal_value=-6.08138e-07 0.0154687 -0.0291358 -0.000308345 1.79183e-05 0.00691318 -0.00207466 -0.08702 -0.205238 9.17232e-05 -0.0228003 -0.0758246 0.0148948 0.0201778 -0.0101577 -0.0816785 -0.0320043 -0.00081175 -3.50155e-05 0.00116615 0.00440131 0.0111429 -0.00257125 -0.00015364 -0.00356888 -0.00899402 0.00391828 -0.041712 -0.00350679 0.000319176 0.00604116
internal_weight=110811 2160 284 108651 106519 11443 5381 134 51 5247 1212 323 6062 5007 1055 135 101 95076 88595 78119 41876 16887 36243 24989 35123 10476 3334 394 889 920 885
internal_count=110811 2160 284 108651 106519 11443 5381 134 51 5247 1212 323 6062 5007 1055 135 101 95076 88595 78119 41876 16887 36243 24989 35123 10476 3334 394 889 920 885
is_linear=0
shrinkage=0.0845865


Tree=180
num_leaves=32
num_cat=0
split_feature=29 100 16 10 70 75 9 10 59 56 14 73 98 89 6 3 43 93 16 54 59 24 13 19 30 74 34 24 26 23 6
split_gain=69.9949 116.187 164.38 139.909 123.317 101.067 95.482 86.701 118.779 121.043 111.271 100.833 94.7866 91.9788 86.2292 110.36 147.873 127.94 108.148 91.2654 91.6851 90.5842 103.484 90.1465 148.419 122.674 120.911 185.482 166.129 119.369 147.839
threshold=-0.10282473433565557 -0.49384999999999996 -0.058009282909970546 -0.033347153617124592 0.016416593022055254 0.071791229269359255 0.022523747213298553 -0.12204279950315719 -0.029762389822232848 -0.056972772437720288 0.014982625417182352 0.0053192341422032509 0.0079511042590573022 0.035724200412780655 0.16028091844503176 -0.10742709131411114 -0.058666030493424191 0.038841990582776056 0.052772636914066563 -0.03307173610293359 0.0044643211110372014 -0.078679476976378782 0.051403744303920307 -0.053261703926799193 -0.028729465808550847 -0.080375118479988281 0.061630353047379953 -0.021811066751743498 -0.08053699033182829 -0.053803657363829742 -0.12665026965396728
decision_type=2 2 2 2 2 2 2 2 2 2 2 2 2 2 2 2 2 2 2 2 2 2 2 2 2 2 2 2 2 2 2
left_child=1 2 4 6 -1 -3 -4 8 10 -10 -2 -11 -12 -13 23 17 -17 18 21 -18 -21 -16 -23 24 25 -9 -26 -28 -29 30 -25
right_child=7 5 3 -5 -6 -7 -8 14 9 11 12 13 -14 -15 15 16 19 -19 -20 20 -22 22 -24 29 26 -27 27 28 -30 -31 -32
leaf_value=-0.13442019453548171 0.062996208296594872 -0.0015864270140263891 0.073109756218849603 0.13694929580133799 0.10320369641331291 0.15862570282780433 -0.073872573922250759 -0.10793022698859996 -0.11766021976929138 0.00026239814748923134 0.016419294408878581 -0.060779732062435164 -0.11900240946965417 0.046510028073321184 0.10753390271194398 -0.058516989814878448 0.087564698815395969 -0.16839753831502885 -0.14391428207956022 0.053337241616936308 0.0010932773881924015 -0.032401891766215607 0.091211300202421283 0.053273461679086385 0.01468370854416777 -0.0057159829333490704 0.029620855522900644 -0.23690671586216397 -0.041806326426599268 -0.00015640680357422414 -0.012005924375360643
leaf_weight=48 212 910 92 170 23 29 48 86 107 611 108 517 56 64 57 120 232 37 36 504 461 250 60 255 8716 3576 297 34 385 83598 9112
leaf_count=48 212 910 92 170 23 29 48 86 107 611 108 517 56 64 57 120 232 37 36 504 461 250 60 255 8716 3576 297 34 385 83598 9112
internal_value=-7.27521e-07 0.0193604 0.0587564 0.0853708 -0.0571193 0.00334971 0.0225526 -0.000234347 -0.0193307 -0.0314558 0.0225006 -0.0236937 -0.0297218 -0.0489206 6.2143e-05 0.0186475 0.0309064 -0.0179965 -0.00410972 0.0398917 0.0284031 0.00956955 -0.00839368 -0.000245557 0.00632508 -0.00812415 0.0119373 -0.0214636 -0.0577236 -0.00117126 -0.0102262
internal_weight=110811 1320 381 310 71 939 140 109491 1675 1299 376 1192 164 581 107816 1757 1317 440 403 1197 965 367 310 106059 13094 3662 9432 716 419 92965 9367
internal_count=110811 1320 381 310 71 939 140 109491 1675 1299 376 1192 164 581 107816 1757 1317 440 403 1197 965 367 310 106059 13094 3662 9432 716 419 92965 9367
is_linear=0
shrinkage=0.0845865


Tree=181
num_leaves=32
num_cat=0
split_feature=33 60 1 45 19 3 22 27 59 13 71 43 5 100 77 40 100 90 10 63 64 95 30 95 95 98 7 11 100 83 62
split_gain=68.8856 104.964 175.753 194.103 122.682 119.524 113.594 112.333 111.154 114.094 99.5516 91.659 88.7082 129.659 86.1849 76.9544 76.5378 79.0742 76.3082 75.4818 125.326 111.346 192.927 99.4394 96.0432 90.4518 79.9992 90.4817 139.794 111.781 108.564
threshold=0.10382802237438966 0.036933032531786959 -0.015169470707859399 0.030379772671487604 0.076594469843203714 0.10115501634649351 0.089627386937843515 -0.069861833574704393 0.017704560590151051 -0.025385979689760897 -0.033060253683694842 0.032798382963896401 0.0043647935788894508 1.0000000180025095e-35 0.0029410139937263505 -0.022147492581058397 0.74275000000000013 -0.031338507126600995 -0.042318257180240147 0.095288132820850871 0.070611935391769715 -0.022281796242550344 -0.039110750094915998 -0.025398468758222745 -0.035112261927453092 0.059176720208525956 0.17465723710244555 0.049292746453985202 -0.95304999999999984 0.007812452649800951 -0.059722153222010195
decision_type=2 2 2 2 2 2 2 2 2 2 2 2 2 2 2 2 2 2 2 2 2 2 2 2 2 2 2 2 2 2 2
left_child=19 2 6 4 5 8 12 -3 9 -4 -9 -10 -2 15 18 -14 17 -12 -5 26 21 22 -21 24 -24 -23 -1 28 -28 30 -30
right_child=1 7 3 14 -6 -7 -8 10 11 -11 16 -13 13 -15 -16 -17 -18 -19 -20 20 -22 25 23 -25 -26 -27 27 -29 29 -31 -32
leaf_value=0.00017659667138773187 0.017757543625743163 -0.099052189984357164 0.0040786978072372103 -0.042491270521695643 -0.22169473059723327 0.048211099783866132 -0.14430314783292458 -0.027849354078870528 -0.069255322506852388 -0.14555588722310142 -0.0048773761861718281 0.081975172628694859 0.027735544767702073 0.018075355572840349 -0.024440338951179398 0.17149828890590119 -0.015863153484517958 0.13877432306416837 0.10363901508581093 0.14952908446647492 -0.10378045007975031 -0.0050226169373152746 -0.10594238184300721 -0.2251047689390199 0.026723832760467983 0.11304200869175522 0.074795820432075874 0.021009757449411449 0.084126763375383329 -0.0093392243924775714 -0.10215737147848883
leaf_weight=107000 413 29 48 32 31 76 24 55 67 148 32 50 36 128 110 107 36 180 123 27 118 862 127 33 56 49 64 212 24 212 302
leaf_count=107000 413 29 48 32 31 76 24 55 67 148 32 50 36 128 110 107 36 180 123 27 118 862 127 33 56 49 64 212 24 212 302
internal_value=-6.63827e-07 0.01677 0.00656527 -0.0239604 -0.0597407 -0.046744 0.0361289 0.0595128 -0.0698736 -0.108813 0.0747777 -0.00443513 0.0425043 0.080126 0.0326683 0.135485 0.0976249 0.116996 0.0733275 -0.000266067 -0.0207504 -0.0122363 -0.0631033 -0.0898186 -0.0652337 0.00131211 -2.41815e-05 -0.0264404 -0.0431863 -0.0572684 -0.0883636
internal_weight=110811 1725 1393 685 420 389 708 332 313 196 303 117 684 271 265 143 248 212 155 109086 1272 1154 243 216 183 911 107814 814 602 538 326
internal_count=110811 1725 1393 685 420 389 708 332 313 196 303 117 684 271 265 143 248 212 155 109086 1272 1154 243 216 183 911 107814 814 602 538 326
is_linear=0
shrinkage=0.0845865


Tree=182
num_leaves=32
num_cat=0
split_feature=65 93 0 51 44 15 88 68 3 21 34 83 73 23 42 37 50 48 17 15 3 69 66 37 54 93 89 79 48 6 41
split_gain=69.2259 119.773 123.857 121.727 159.039 199.77 216.44 163.557 141.104 152.596 143.865 142.807 138.411 131.045 121.112 135.553 120.513 120.01 119.277 116.717 101.827 100.584 109.222 99.9921 93.0765 87.7782 85.0884 94.117 89.5801 110.737 123.091
threshold=-0.041537570101971996 -0.10048494909611534 0.15099113442536385 0.027989058684306501 0.043002283482334307 -0.031926877183129594 -0.013717859671618598 -0.00090680812056449995 0.0082059095705291022 -0.0052157085562949991 0.027646797941490556 -0.031432789994190143 0.0044304575871895006 0.020128504245923901 0.048684436473546304 0.036395858422374507 -0.00073332453129964993 -0.0035666177601947498 0.011411005427150001 0.020430735882204704 -0.012025422060187198 -0.044020783633697998 -0.00030022253432029992 0.038508484008544959 -0.029077400880033046 -0.017745918575002347 -0.0092860716678564489 -0.10007451945000424 1.0000000180025095e-35 -0.054277659398526891 0.059066415221087361
decision_type=2 2 2 2 2 2 2 2 2 2 2 2 2 2 2 2 2 2 2 2 2 2 2 2 2 2 2 2 2 2 2
left_child=1 24 3 4 14 17 7 -7 9 12 11 -10 25 20 21 16 -16 -6 -8 -13 -11 23 -23 -3 -1 -5 27 -4 29 -28 -31
right_child=-2 2 26 8 5 6 18 -9 10 13 -12 19 -14 -15 15 -17 -18 -19 -20 -21 -22 22 -24 -25 -26 -27 28 -29 -30 30 -32
leaf_value=-0.070665835020856715 0.00076117658037528485 -0.017295324971085102 0.082747450153510912 0.016405724284038577 0.1273119606889363 -0.10239218853638615 -0.092847794822075863 -0.33232388936708812 0.033824143970758197 -0.039565649116375522 0.063174124578774402 -0.10258938487523056 -0.29229213495741707 0.017534595566784623 -0.19619958267075177 0.06402384047704035 -0.024978521012328923 -0.10486386787807857 0.070017982128266654 -0.0073641325420753904 -0.20699399558148676 -0.0094047924996983195 0.035633584962332203 -0.14601344135683461 0.10657433545092991 -0.1659365666997559 0.050669590563402409 -0.01352658744135877 -0.0053451648897742633 0.01398321630329121 -0.056186967384108714
leaf_weight=26 98072 235 74 29 51 49 101 41 135 59 115 246 41 110 64 39 55 23 47 148 47 761 779 53 111 53 531 3668 2922 1929 197
leaf_count=26 98072 235 74 29 51 49 101 41 135 59 115 246 41 110 64 39 55 23 47 148 47 761 779 53 111 53 531 3668 2922 1929 197
internal_value=-6.04843e-07 -0.00586687 -0.00672376 -0.0208584 -0.0101899 -0.0663268 -0.104092 -0.207543 -0.0457745 -0.0899614 -0.0224746 -0.0411398 -0.165213 -0.0469738 -0.00135814 -0.0724005 -0.117301 0.0548324 -0.0409749 -0.0668808 -0.114086 0.00477303 0.0133643 -0.0410851 0.0727642 -0.101229 -0.00174597 -0.0116156 0.00487011 0.0161121 0.00746952
internal_weight=110811 12739 12602 3281 2298 312 238 90 983 339 644 529 123 216 1986 158 119 74 148 394 106 1828 1540 288 137 82 9321 3742 5579 2657 2126
internal_count=110811 12739 12602 3281 2298 312 238 90 983 339 644 529 123 216 1986 158 119 74 148 394 106 1828 1540 288 137 82 9321 3742 5579 2657 2126
is_linear=0
shrinkage=0.0845865


Tree=183
num_leaves=32
num_cat=0
split_feature=15 17 89 27 0 42 61 15 46 39 47 89 69 42 3 41 89 79 28 82 56 100 34 100 21 39 3 94 18 34 93
split_gain=67.9046 83.4777 107.229 107.367 138.813 118.035 98.4834 113.249 106.999 152.528 102.079 89.9672 88.6568 87.1726 148.759 122.23 102.309 105.538 90.0684 121.828 142.045 262.473 208.264 145.512 133.983 131.996 143.078 124.703 122.408 135.669 131.323
threshold=0.11429078169592517 -0.10019920891768137 0.033721560778167459 -0.037098256758152391 0.27856661093446855 0.004784868589863601 0.015129460454845053 0.088755355054549304 -0.00030984358343324998 -0.026604118756716498 0.040357852402342555 0.013340028890310902 0.0078403766714485509 0.11831861655590166 -0.077636584285353291 0.067421100249999616 0.027883676815727954 -0.019500030590449295 0.025985087069816552 -0.0054048985784789991 -0.0016378340292123497 -0.96654999999999991 0.019464737082579155 0.93005000000000015 0.10525850206223876 -0.036374537877212489 -0.070993857370241539 -0.035409750155904293 0.013687500115384452 0.010734986486316501 -0.019566048267186647
decision_type=2 2 2 2 2 2 2 2 2 2 2 2 2 2 2 2 2 2 2 2 2 2 2 2 2 2 2 2 2 2 2
left_child=1 2 3 4 12 -5 8 11 9 -7 -10 -8 -1 18 15 -15 17 -16 19 24 25 22 -22 -23 28 26 -21 -27 30 -30 -3
right_child=-2 13 -4 5 -6 6 7 -9 10 -11 -12 -13 -14 14 16 -17 -18 -19 -20 20 21 23 -24 -25 -26 27 -28 -29 29 -31 -32
leaf_value=-0.051499862236529824 0.014860178991889402 0.0095477781043285508 0.025948290333446269 0.012075806898260422 0.11375133056761563 0.0031451627099903178 0.0080640484407859259 0.14179044291146617 -0.035046257090317126 -0.1316519154404214 0.14784144351740622 -0.14972098696959577 -0.15522076982699998 -0.033415048461390588 -0.082984285844569683 -0.26802373782411976 0.036215243086700689 -0.0071941804786560086 0.004453400392188815 -0.024434968925637582 -0.11837603548213704 -0.0087171965878377247 0.0027072453883904076 0.021599122591196684 0.043448004261483909 -0.020757315917863891 0.023042389108096101 0.00071803639128929461 0.017407951646499571 -0.0034853499262541936 -0.0051924124500532963
leaf_weight=142 2157 5822 334 575 25 84 153 38 233 208 24 31 102 32 208 32 193 359 26979 534 274 23012 161 1191 568 2208 3022 15611 6238 3453 16808
leaf_count=142 2157 5822 334 575 25 84 153 38 233 208 24 31 102 32 208 32 193 359 26979 534 274 23012 161 1191 568 2208 3022 15611 6238 3453 16808
internal_value=-7.00922e-07 -0.000295924 -0.0176437 -0.0266728 -0.0754754 -0.0169005 -0.0385375 0.00891848 -0.0577648 -0.0928098 -0.0178507 -0.0184479 -0.0949762 2.07488e-05 -0.0273838 -0.151208 -0.0169163 -0.0350413 0.000234238 -0.00120815 -0.0040184 -0.00839596 -0.0735188 -0.00722443 0.00272284 0.00102644 0.0159065 -0.0019419 0.0020064 0.00996129 -0.00139926
internal_weight=110811 108654 1949 1615 269 1346 771 222 549 292 257 184 244 106705 824 64 760 567 105881 78902 46013 24638 435 24203 32889 21375 3556 17819 32321 9691 22630
internal_count=110811 108654 1949 1615 269 1346 771 222 549 292 257 184 244 106705 824 64 760 567 105881 78902 46013 24638 435 24203 32889 21375 3556 17819 32321 9691 22630
is_linear=0
shrinkage=0.0845865


Tree=184
num_leaves=32
num_cat=0
split_feature=9 59 40 89 20 23 81 56 31 98 49 1 58 24 21 13 3 79 27 47 41 7 79 12 81 100 18 14 90 67 89
split_gain=67.4162 115.458 103.838 93.9822 116.668 109.486 98.5919 104.251 96.0848 152.82 98.6111 92.6132 134.144 124.54 125.14 203.966 117.482 114.796 109.867 107.563 107.013 98.8631 89.3043 88.12 171.551 157.222 140.73 136.166 140.431 94.4418 99.6804
threshold=0.13409269157169382 0.049154635230086056 0.026785771030799453 0.0034787249848444502 -0.055472437798357442 0.017409329846181754 -0.031101643997410198 0.0051276865316313503 0.0066091721190100509 -0.007919159600798047 0.0061773182761553505 -0.13936677746106751 0.10745391036676266 0.10994557259447872 -0.092612507805162433 -0.0076786144756713992 -0.15018081743147496 -0.0011257891658498999 -0.039104007558706792 0.0010210550057516501 -0.028856290536821847 0.0014897316429366002 -0.048526259630367691 0.086128518511541421 0.073945409663167469 -0.8123999999999999 0.083105421415486214 -0.084908051491288286 -0.038620294351202442 -0.032815370526663688 0.021461522209932353
decision_type=2 2 2 2 2 2 2 2 2 2 2 2 2 2 2 2 2 2 2 2 2 2 2 2 2 2 2 2 2 2 2
left_child=11 2 3 5 -5 8 -6 -8 9 10 -2 12 13 14 15 19 18 -15 -16 -1 -18 -22 -4 -13 25 26 27 -25 -29 30 -27
right_child=1 -3 22 4 6 -7 7 -9 -10 -11 -12 23 -14 17 16 -17 20 -19 -20 -21 21 -23 -24 24 -26 29 -28 28 -30 -31 -32
leaf_value=-0.063757166102683102 0.10327912847505055 -0.089910337733031614 -0.12407179354036124 -0.11129189044861722 0.08365051128399531 0.0034720293314469629 0.04087757548622703 -0.046173238372408935 -0.040195952637824182 -0.19659510270555805 -0.1181181571657213 0.00034133737918189334 -0.14805385316678188 -0.012532388795073391 0.069061933389666902 0.086929263169111495 0.041631986837783803 -0.20009478207425371 -0.074461082352407809 -0.26565544364758203 -0.0015159128153457992 0.031052044375579246 0.041260239692340592 0.071971784867138316 0.084067504841500301 -0.047777748299629483 -0.13222951334385349 0.037500602873168677 -0.041808883283344353 0.00381597885872113 0.024755575256166798
leaf_weight=45 26 141 25 57 119 231 190 204 287 86 32 98870 37 67 49 39 1272 36 170 33 1612 1136 337 93 134 554 97 179 1462 3012 179
leaf_count=45 26 141 25 57 119 231 190 204 287 86 32 98870 37 67 49 39 1272 36 170 33 1612 1136 337 93 134 554 97 179 1462 3012 179
internal_value=-6.16589e-07 -0.0165432 -0.0100366 -0.0217491 0.0033938 -0.0434282 0.0161909 -0.00414055 -0.0686111 -0.125052 -0.0184997 0.00026233 0.0121497 0.013486 0.0156643 -0.0705714 0.0180505 -0.0783813 -0.0422402 -0.149601 0.021341 0.0119401 0.0297628 -0.000248522 -0.0104657 -0.0127423 -0.0330561 -0.0274912 -0.0331437 -0.00280437 -0.0300353
internal_weight=110811 1735 1594 1232 570 662 513 394 431 144 58 109076 4496 4459 4356 117 4239 103 219 78 4020 2748 362 104580 5710 5576 1831 1734 1641 3745 733
internal_count=110811 1735 1594 1232 570 662 513 394 431 144 58 109076 4496 4459 4356 117 4239 103 219 78 4020 2748 362 104580 5710 5576 1831 1734 1641 3745 733
is_linear=0
shrinkage=0.0845865


Tree=185
num_leaves=32
num_cat=0
split_feature=26 53 57 25 49 94 93 88 28 7 69 70 4 69 99 57 64 28 0 17 33 88 0 100 8 29 8 23 39 67 1
split_gain=68.0248 132.136 166.869 139.842 116.803 130.636 119.36 113.007 112.574 111.523 108.28 119.096 111.721 124.853 105.858 112.869 103.133 108.644 102.734 102.671 100.233 114.926 97.4366 277.105 142.488 147.484 139.272 161.284 171.792 155.745 137.504
threshold=-0.071948554609089679 0.016408003600025856 0.0078697621000731518 0.0031775167808947504 -0.0041656182852544991 0.022256509547578504 0.030953930710610405 -0.066042266308929329 0.05810655260572601 0.026037217957580752 0.00063338658653645005 0.0073826479477652014 0.090889519895029761 -0.0024377548205938996 0.033240609825185209 0.0062393234601141002 -0.033893864612848289 -0.028524572768928697 0.24582761830604313 -0.016240531682504597 0.055002676327657207 0.015710605921117306 0.23438136552888386 -0.20219999999999996 -0.16074976389456561 -0.033521571065124892 -0.056896425585237088 -0.018765607388578097 -0.020848673229294047 0.014020072541956951 -0.12605914524706577
decision_type=2 2 2 2 2 2 2 2 2 2 2 2 2 2 2 2 2 2 2 2 2 2 2 2 2 2 2 2 2 2 2
left_child=1 2 7 -4 5 8 -6 -1 16 -10 12 -12 13 -5 15 20 17 -3 19 -13 -9 -22 26 24 -24 -26 27 30 -29 -30 -2
right_child=22 4 3 10 6 -7 -8 14 9 -11 11 18 -14 -15 -16 -17 -18 -19 -20 -21 21 -23 23 -25 25 -27 -28 28 29 -31 -32
leaf_value=0.081172963590744537 0.020798856056412872 -0.23589034554347221 0.0278983146724734 -0.056201672065044284 0.036378020006724528 0.042097207403716808 -0.035801771735347196 -0.030777293073937218 -0.18431500482184779 0.00064407502464136743 0.055620595785369147 -0.26321777278913538 0.076819050741846404 -0.24345760554617107 0.012696895703865358 -0.17212241907939882 -0.0042356801963862869 -0.039487184286770623 0.042548597150507524 -0.041225221850703091 -0.042497837371900174 -0.15589376896975526 -0.057933099839954642 -0.0035947895530336988 0.036047706870214462 0.011546962079026373 0.00033077857127958017 0.020576537883950943 -0.026327444751122694 0.014464724560677204 -0.035987259857930901
leaf_weight=62 351 29 817 288 1047 228 194 1784 62 37 181 24 40 28 299 46 559 67 44 40 168 104 179 10218 2422 6428 78056 1555 2179 966 2309
leaf_count=62 351 29 817 288 1047 228 194 1784 62 37 181 24 40 28 299 46 559 67 44 40 168 104 179 10218 2422 6428 78056 1555 2179 966 2309
internal_value=-6.30775e-07 -0.00864792 -0.0179819 0.00464284 0.00782286 -0.0139593 0.025076 -0.03142 -0.0309405 -0.11502 -0.0247809 0.0136241 -0.0560146 -0.0729089 -0.0343384 -0.0410393 -0.0181895 -0.0991608 -0.0565528 -0.124991 -0.0380907 -0.0859608 0.000507121 0.00594416 0.0167416 0.0182548 -0.000717775 -0.0118409 -0.0024159 -0.0137911 -0.0284857
internal_weight=110811 6148 3925 1462 2223 982 1241 2463 754 99 645 289 356 316 2401 2102 655 96 108 64 2056 272 104663 19247 9029 8850 85416 7360 4700 3145 2660
internal_count=110811 6148 3925 1462 2223 982 1241 2463 754 99 645 289 356 316 2401 2102 655 96 108 64 2056 272 104663 19247 9029 8850 85416 7360 4700 3145 2660
is_linear=0
shrinkage=0.0845865


Tree=186
num_leaves=32
num_cat=0
split_feature=38 45 3 19 0 100 25 59 85 42 22 30 71 16 9 0 3 23 33 25 26 24 29 97 34 73 25 90 32 69 14
split_gain=69.6936 115.377 108.202 164.999 143.735 255.932 174.234 166.685 165.718 154.973 137.651 132.533 138.348 130.334 125.183 172.867 143.306 141.59 125.075 121.058 142.135 120.626 120.623 120.469 119.513 119.332 115.318 143.726 137.848 113.741 113.301
threshold=0.017059647172344952 0.13932085995205892 0.065915943949659675 0.016397667044936951 0.15034048010922144 -0.57239999999999991 -0.030654175465418394 0.0006156087242727001 -0.027375720795654149 -0.015905565020506347 -0.062876980828694737 -0.0088437814871515971 0.034567195761581911 0.016464529665984402 0.046214547988332508 0.17130077458547718 -0.022443628107096495 0.0050088280294019009 0.0069035641253077512 0.0088128608826323531 0.014727944858437403 0.088546654434736263 -0.046580776387709744 0.0026142370081974503 -0.010227662658597148 0.010723580810896203 -0.0084452448326287483 0.050534673935099708 0.06618047319509586 -0.083224119335014335 0.074483199804552314
decision_type=2 2 2 2 2 2 2 2 2 2 2 2 2 2 2 2 2 2 2 2 2 2 2 2 2 2 2 2 2 2 2
left_child=-1 2 4 11 5 6 22 8 -8 -9 -7 12 23 -5 30 16 17 -16 -18 -17 -21 29 -2 -4 -14 -25 27 -12 -28 -13 -6
right_child=1 -3 3 13 14 10 7 9 -10 -11 26 21 24 -15 15 19 18 -19 -20 20 -22 -23 -24 25 -26 -27 28 -29 -30 -31 -32
leaf_value=0.0014105029395546375 0.08651527525116269 0.048937088223776168 0.031810242625864647 -0.025920212857988231 0.0035145521071714334 0.046084966708301041 -0.081238955533247822 0.0052741462339454693 0.010360019883983164 -0.071046872343644249 -0.019118732748204848 -0.11555103007416928 0.0062317932125309358 0.014256273303150158 -0.19649800693993166 0.0052053461566632436 -0.07012641041270791 -0.038151667795812041 0.062071915017702428 -0.044168920159900898 0.017228805781131937 -0.12476965858159876 -0.10536140336660804 0.01115575804604714 -0.11118669223601826 -0.056816485658142402 0.0034449653929345121 -0.11084969941223589 -0.09782034047337268 0.035808918232633408 -0.022323244489493174
leaf_weight=76811 25 301 820 1562 14164 346 169 250 860 791 1838 36 112 916 95 1738 152 71 77 1037 364 35 341 488 138 297 3298 131 99 2121 1328
leaf_count=76811 25 301 820 1562 14164 346 169 250 860 791 1838 36 112 916 95 1738 152 71 77 1037 364 35 341 488 138 297 3298 131 99 2121 1328
internal_value=-6.51807e-07 -0.00318928 -0.0036556 0.00612407 -0.00600468 -0.0154056 -0.0383625 -0.0288334 -0.00466749 -0.0526985 -0.00561105 0.0166514 1.28951e-07 -0.0110603 -0.00197753 -0.0163433 -0.069085 -0.128942 -0.0255774 -0.00969837 -0.0282016 0.0307326 -0.0921836 0.00912922 -0.0585103 -0.0145366 -0.00894891 -0.025236 0.000485633 0.0332694 0.00129823
internal_weight=110811 34000 33699 6525 27174 8148 2436 2070 1029 1041 5712 4047 1855 2478 19026 3534 395 166 229 3139 1401 2192 366 1605 250 785 5366 1969 3397 2157 15492
internal_count=110811 34000 33699 6525 27174 8148 2436 2070 1029 1041 5712 4047 1855 2478 19026 3534 395 166 229 3139 1401 2192 366 1605 250 785 5366 1969 3397 2157 15492
is_linear=0
shrinkage=0.0845865


Tree=187
num_leaves=32
num_cat=0
split_feature=62 13 28 28 17 94 68 47 94 47 24 42 4 10 11 23 18 34 80 37 33 92 87 54 83 86 27 62 61 64 76
split_gain=67.3056 121.725 133.881 135.319 112.46 90.6712 84.8325 102.6 83.4647 98.4226 94.0563 82.3822 91.5103 104.751 80.2702 152.403 124.442 111.108 79.669 82.6097 79.3 78.3527 123.489 116.177 90.8263 77.2662 95.1592 96.283 131.745 135.428 112.959
threshold=0.093124005589279815 -0.018455167354295646 0.0042937170105158502 -0.041623356879940496 -0.0129528970973105 0.0049576702514023512 0.085723682423497302 -0.018623357415683394 -0.065388917406707533 0.053717473498852857 -0.0046980945101937994 -0.012273427322261299 0.005376652716254351 -0.012764353800607147 -0.014289845541505799 -0.018331394371005297 -0.010929708953551248 0.0057785601273144509 -0.031887930139888894 0.0035619108862783 -0.010179741813783498 -0.033127016717485698 0.045119244614735911 0.022421959942181303 0.011499725752835753 0.065992513894099714 0.011379360339778802 0.035952463410264403 -0.018597263134427895 -0.0061352882667942994 -0.013642820863240099
decision_type=2 2 2 2 2 2 2 2 2 2 2 2 2 2 2 2 2 2 2 2 2 2 2 2 2 2 2 2 2 2 2
left_child=6 2 3 5 -3 -2 25 18 10 11 -9 -10 13 -13 15 20 17 -17 -8 -20 -6 23 24 -16 -23 -1 27 -27 30 -30 -29
right_child=1 4 -4 -5 14 -7 7 8 9 -11 -12 12 -14 -15 21 16 -18 -19 19 -21 -22 22 -24 -25 -26 26 -28 28 29 -31 -32
leaf_value=0.00041152697282259267 0.051583597126541668 0.043126653049670761 -0.005907396284819076 -0.15420955690861163 -0.11252604519922763 -0.12580398228765763 0.11609607792744499 0.028746186410448245 0.10443122910614756 -0.0047251056896416427 -0.14441953194177834 0.12478323485091126 -0.037887356980118116 0.014489517407899615 0.026339584448171062 0.099833591918933803 -0.18843691542786567 -0.14240186572760891 0.0093739066124941782 -0.088272326859547279 0.069143893310828319 0.084838049259062756 -0.10824177682242654 -0.18235779343001468 -0.01673654256419695 -0.03128883816190027 0.0044797540582243289 0.19069036218871238 -0.088401895048940887 0.035196753857065929 0.026162927714798501
leaf_weight=104679 52 279 198 136 23 34 27 59 228 193 36 112 84 138 39 27 78 27 131 117 67 154 45 37 106 1825 1492 46 115 141 86
leaf_count=104679 52 279 198 136 23 34 27 59 228 193 36 112 84 138 39 27 78 27 131 117 67 154 45 37 106 1825 1492 46 115 141 86
internal_value=-6.26024e-07 -0.0191189 -0.0565958 -0.101693 -0.00124565 -0.0183417 0.000226496 0.0233339 0.037872 0.0472865 -0.0367054 0.0651845 0.0383141 0.0640063 -0.0218139 -0.0622384 -0.120112 -0.0209162 -0.0215229 -0.0366185 0.022432 0.00169134 0.0208966 -0.0750534 0.0433512 -1.31709e-05 -0.0120179 -0.02315 0.0150759 -0.0202514 0.0837264
internal_weight=110811 1302 420 222 882 86 109509 1125 850 755 95 562 334 250 603 222 132 54 275 248 90 381 305 76 260 108384 3705 2213 388 256 132
internal_count=110811 1302 420 222 882 86 109509 1125 850 755 95 562 334 250 603 222 132 54 275 248 90 381 305 76 260 108384 3705 2213 388 256 132
is_linear=0
shrinkage=0.0845865


Tree=188
num_leaves=32
num_cat=0
split_feature=38 21 2 43 41 39 29 27 51 36 72 100 34 76 1 57 99 89 65 42 31 32 100 91 73 13 100 1 99 30 8
split_gain=66.2741 88.7928 108.454 114.427 99.9908 95.1773 91.8949 161.856 118.995 101.343 97.1985 91.442 87.4723 101.599 112.447 158.618 97.839 80.5827 78.3349 77.3086 104.992 99.5219 134.47 95.7771 102.792 116.855 116.658 95.693 95.9095 95.6509 97.0211
threshold=0.085046418482455213 0.038826396399178759 -0.027183055661420947 -0.055865506739094142 0.041226220778825207 0.01277678049237225 -0.021125566505075247 -0.015444894364125899 -0.023342606657175347 -0.025816508700158097 -0.006112446533690699 -0.97464999999999991 0.076514654030738816 0.018349412117114754 -0.035604141808636296 -0.038497290413345091 0.042828767582163405 -0.0025050360420826498 -0.041537570101971996 -0.092963536600902744 -0.06758003190785429 0.13562539983703498 -0.45944999999999997 -0.073860410302845333 -0.061450161139632094 -0.071620997550081847 -0.93364999999999987 0.025563501414801303 0.017763765726382202 0.035192573877835857 -0.070020059576774235
decision_type=2 2 2 2 2 2 2 2 2 2 2 2 2 2 2 2 2 2 2 2 2 2 2 2 2 2 2 2 2 2 2
left_child=19 2 4 5 11 -4 7 10 9 -8 -3 -2 13 14 15 -5 -16 -14 -11 27 -21 23 -23 24 -22 -26 -27 28 -1 30 -29
right_child=1 6 3 12 -6 -7 8 -9 -10 18 -12 -13 17 -15 16 -17 -18 -19 -20 20 21 22 -24 -25 25 26 -28 29 -30 -31 -32
leaf_value=0.037599421826237073 -0.15924837552796114 -0.039392390633704824 0 0.023063939265503392 0.058182136959503604 0.17705611303031063 -0.22164010272821566 -0.037804703991923982 0.019474201642077228 -0.17619636380711651 -0.25076919794898844 0.0045788471776626195 -0.022236336034603916 0.023207341994258026 0.019347927869532402 -0.093106311146061382 -0.14997226793903748 -0.20793746099757865 -0.0098015018252924965 -0.011497191910002367 -0.058810736481344945 0.10584041361629287 0.00098727179079657217 0.00015988803231368616 0.11809964971759412 0.1490158077582768 0.016045229237081592 0.054185484938028723 -0.007131910928213513 0.043122286313640089 -0.0769646027127599
leaf_weight=1220 25 23 57 110 276 35 27 206 276 25 50 886 31 241 249 353 27 37 107 5366 106 151 209 98450 95 49 1283 50 476 110 205
leaf_count=1220 25 23 57 110 276 35 27 206 276 25 50 886 31 241 249 353 27 37 107 5366 106 151 209 98450 95 49 1283 50 476 110 205
internal_value=-5.44629e-07 -0.0123153 -0.00429822 -0.0229382 0.013586 0.0674057 -0.038411 -0.0763137 -0.014044 -0.0723445 -0.184559 4.84061e-05 -0.0308932 -0.0244242 -0.0399871 -0.0654611 0.00267482 -0.123697 -0.0415496 0.000346756 3.02123e-05 0.000646878 0.0450379 0.0004868 0.0214665 0.027447 0.0209599 0.0165714 0.0250328 -0.0226837 -0.051158
internal_weight=110811 3041 2327 1140 1187 92 714 279 435 159 73 911 1048 980 739 463 276 68 132 107770 105709 100343 360 99983 1533 1427 1332 2061 1696 365 255
internal_count=110811 3041 2327 1140 1187 92 714 279 435 159 73 911 1048 980 739 463 276 68 132 107770 105709 100343 360 99983 1533 1427 1332 2061 1696 365 255
is_linear=0
shrinkage=0.0845865


Tree=189
num_leaves=32
num_cat=0
split_feature=17 58 0 100 3 22 13 51 97 23 31 10 75 45 15 4 79 89 87 61 56 9 30 44 16 11 16 30 33 1 15
split_gain=65.1986 130.283 122.695 123.771 171.658 164.901 140.906 138.133 153.198 137.565 133.924 125.056 133.734 118.907 116.896 128.208 148.195 119.165 115.653 121.902 122.723 118.401 127.22 118.325 123.867 119.355 117.163 115.336 114.454 113.151 121.991
threshold=-0.035740407726694394 -0.014992273689252048 0.13138563189197147 -0.31744999999999995 -0.056443928249199492 -0.017367309557122197 -0.016821568765893347 0.025366509310732855 -0.030685554189266145 -0.033384540706394246 -0.027403947711855597 -0.015585054397956698 -0.058758706461944747 0.091395589169928418 0.083956405294052558 -0.13769199117331887 0.052200269436993706 -0.031781039578297643 0.025117918028657003 0.021816298335639354 -0.12452944481236823 -0.084329663943004188 0.036629614004636955 0.012504682076275102 0.053885132861449858 -0.034684865799351546 -0.054813141453694599 -0.12751178728004095 -0.062774183508371592 0.17057609265983603 -0.038900200619748547
decision_type=2 2 2 2 2 2 2 2 2 2 2 2 2 2 2 2 2 2 2 2 2 2 2 2 2 2 2 2 2 2 2
left_child=1 28 3 4 -3 7 10 8 -6 -8 -7 -5 -13 18 15 -4 -17 -18 19 -2 -21 -22 27 24 25 -20 -24 -23 -1 -27 -31
right_child=13 2 14 11 5 6 9 -9 -10 -11 -12 12 -14 -15 -16 16 17 -19 23 20 21 22 26 -25 -26 29 -28 -29 -30 30 -32
leaf_value=-0.030417243221839259 0.0040689553117890095 0.052046903186890772 0.030964577236352021 0.036178868344351668 0.034730318855350481 0.10334516528107628 -0.16139390031408712 -0.0035085031418548148 -0.15381842332244139 0.016417771415458332 -0.093620880784954508 -0.19459560486472302 -0.017110138524866925 0.024034851232890231 0.023802480611096747 -0.012420854293123056 -0.039667400272363512 0.047302407270298406 0.010666345103381334 -0.1175615233620674 0.022082780014687792 0.080438431126244506 -0.060565555564317468 0.0039049758102260631 -0.034085994668328436 -0.015655621184870246 -0.014239820792168274 -0.0028585998382609089 0.0084556147143598909 0.10380097021613933 0.0051869383371355177
leaf_weight=591 53816 116 589 338 35 27 34 79 247 361 273 31 1427 1576 937 9275 143 528 2065 68 1180 120 468 6041 1425 6903 2377 12483 6497 104 657
leaf_count=591 53816 116 589 338 35 27 34 79 247 361 273 31 1427 1576 937 9275 143 528 2065 68 1180 120 468 6041 1425 6903 2377 12483 6497 104 657
internal_value=-5.0224e-07 -0.0041791 -0.00878985 -0.0241206 -0.045508 -0.056247 -0.0321069 -0.102648 -0.130339 0.00103405 -0.075804 -0.010151 -0.0209071 0.00100681 -0.00482156 -0.00736958 -0.00964205 0.028734 0.000592759 0.00210979 -0.00420386 -0.00373854 -0.00571237 -0.00562693 -0.0107913 -0.00737695 -0.0218691 -0.00206337 0.00521112 -0.0122414 0.0186996
internal_weight=110811 21528 14440 2968 1172 1056 695 361 282 395 300 1796 1458 89283 11472 10535 9946 671 87707 70512 16696 16628 15448 17195 11154 9729 2845 12603 7088 7664 761
internal_count=110811 21528 14440 2968 1172 1056 695 361 282 395 300 1796 1458 89283 11472 10535 9946 671 87707 70512 16696 16628 15448 17195 11154 9729 2845 12603 7088 7664 761
is_linear=0
shrinkage=0.0845865


Tree=190
num_leaves=32
num_cat=0
split_feature=11 26 80 64 98 10 6 84 57 53 77 29 76 46 39 76 53 26 38 10 10 12 53 93 34 48 16 52 73 29 76
split_gain=63.8846 113.212 82.4317 86.03 70.4368 119.288 109.381 185.859 128.104 123.77 109.034 106.427 113.731 100.395 100.224 87.0142 84.6426 82.2015 76.9074 86.7811 113.71 119.191 107.83 120.445 97.5752 95.6947 102.968 95.6217 92.7739 88.7526 95.4265
threshold=0.13286656687283852 -0.10326423335685554 -0.032534074720549942 -0.077261257763401578 0.077001744271285311 -0.07457070283821314 -0.05009102199453954 0.00029320667698240005 1.0000000180025095e-35 -0.040397262155850537 0.031399984852905509 0.031596207334922806 0.042142167730220156 -0.015948070647467047 0.057608835726846906 -0.00080417407004234991 0.012517981285527653 0.026743565545191254 0.056013218138260261 0.087008087989963914 -0.025387910651976448 0.058589365676161707 -0.061893011850625991 -0.036385193681727747 0.055583700904511257 -0.012110871026287247 0.067153359290372319 -0.053281279020946391 0.021754624314363955 0.021234632838508603 0.088359896973894209
decision_type=2 2 2 2 2 2 2 2 2 2 2 2 2 2 2 2 2 2 2 2 2 2 2 2 2 2 2 2 2 2 2
left_child=4 -2 -3 -4 18 10 7 8 9 -7 -6 12 -8 -10 -9 16 -13 -14 -1 20 29 22 23 -22 -24 -21 -27 -23 -29 30 -20
right_child=1 2 3 -5 5 6 11 14 13 -11 -12 15 17 -15 -16 -17 -18 -19 19 25 21 27 24 -25 -26 26 -28 28 -30 -31 -32
leaf_value=0.00022436304608367374 -0.15785029139936688 -0.02642591154141978 -0.082383998842714801 0.04831896479714181 -0.097069944432319602 -0.16668125990028426 0.067745058961392227 -0.0386068453372541 0.18443184632538445 0.024616177357731289 0.048377348902628195 -0.002075071009365134 0.023310948774538737 0.039473913261380313 -0.19516717152405888 0.048068000974621668 -0.14186392146134932 -0.15940347485225587 0.016534180310740894 0.065524740510693999 -0.076105305020920763 0.094122186756681867 -0.011919286907325645 0.05411896059196606 -0.053646252901967673 0.015536693907472331 -0.11451352132263454 -0.039457252842391981 -0.11534859597325056 -0.019889617076458949 -0.13287931159885566
leaf_weight=99379 24 160 38 642 115 31 676 213 56 109 54 85 50 89 34 110 49 27 1866 234 61 31 4174 300 444 266 52 484 152 775 31
leaf_count=99379 24 160 38 642 115 31 676 213 56 109 54 85 50 89 34 110 49 27 1866 234 61 31 4174 300 444 266 52 484 152 775 31
internal_value=-4.28408e-07 0.0229094 0.0281114 0.0409763 -0.000180669 0.016913 0.0243765 -0.0065599 0.039935 -0.0176493 -0.0504689 0.0409049 0.0566388 0.0956632 -0.0602904 -0.00756591 -0.0533956 -0.0405633 -0.000449008 -0.00799577 -0.010153 -0.0169572 -0.0124529 0.0320454 -0.0159365 0.0244692 -0.00568183 -0.0505445 -0.0576384 0.00421675 0.0140767
internal_weight=110811 864 840 680 109947 1698 1529 532 285 140 169 997 753 145 247 244 134 77 108249 8870 8318 5646 4979 361 4618 552 318 667 636 2672 1897
internal_count=110811 864 840 680 109947 1698 1529 532 285 140 169 997 753 145 247 244 134 77 108249 8870 8318 5646 4979 361 4618 552 318 667 636 2672 1897
is_linear=0
shrinkage=0.0845865


Tree=191
num_leaves=32
num_cat=0
split_feature=11 45 91 39 15 90 19 78 62 4 18 16 33 43 62 84 40 7 10 91 43 7 7 2 15 19 69 4 69 63 72
split_gain=63.9477 94.1491 120.154 132.323 110.613 91.8263 88.7203 81.7148 110.153 78.4887 78.0563 74.7357 74.0592 71.8606 70.3755 90.8512 150.212 122.675 124.851 107.335 127.447 159.12 119.212 117.751 106.801 99.115 97.6523 113.934 88.3028 115.608 110.68
threshold=-0.15516119816725618 0.021359372445672205 -0.035850570669491537 -0.10236804591797798 0.12907256854163462 0.015280276996826851 0.025925663071124854 0.013912444543423951 0.015608652243321952 0.037154833724021862 0.0014919688420125001 -0.045578115937212643 0.14120605989315468 -0.015835113746445448 -0.069360108377052795 0.05065767875757516 -0.069490585784367884 0.030681698165730801 0.066048765408083007 -0.038013377950369291 0.020052681967739953 -0.0096749808886473481 0.15998967271130632 -0.042595275058382141 -0.026182659013875498 0.063665035406049411 -0.029274005001458797 -0.010344839736537098 -0.044020783633697998 0.10452784000787922 -0.0033254637779305497
decision_type=2 2 2 2 2 2 2 2 2 2 2 2 2 2 2 2 2 2 2 2 2 2 2 2 2 2 2 2 2 2 2
left_child=1 2 -1 -4 6 7 -3 13 -9 11 -8 -7 14 -5 -2 28 17 18 25 20 24 -22 23 -21 -18 -17 -19 -28 29 -16 -30
right_child=12 4 3 5 -6 9 10 8 -10 -11 -12 -13 -14 -15 15 16 19 26 -20 22 21 -23 -24 -25 -26 -27 27 -29 30 -31 -32
leaf_value=0.060284931288531768 0.012056444093081034 0.04079356274670929 0.074610076934427783 -0.17136861920021107 0.16799369155280078 0.05352478709491796 0.010822528027881221 -0.074802923833448623 0.12656125087558398 0.11966672077396281 -0.15680023281424429 -0.095895919040182423 0.036463021103290694 -0.08001241995016084 -0.0065302143763542172 -0.030351461093785909 0.070762736925484154 0 0.11650032667136968 0.0087815206765469306 0.060396019870002225 -0.077412448265931938 -0.13448409740196551 -0.018610192289621772 0.0093761955569639822 -0.20187794120471605 -0.053322226329676439 -0.25313815008052082 0.0042817110955176802 -0.10799109735443677 -0.0016717645641017428
leaf_weight=75 3384 137 52 96 32 38 40 76 26 28 39 64 401 177 9524 175 329 29 36 1597 88 187 56 3775 531 28 33 55 42406 81 47216
leaf_count=75 3384 137 52 96 32 38 40 76 26 28 39 64 401 177 9524 175 329 29 36 1597 88 187 56 3775 531 28 33 55 42406 81 47216
internal_value=-4.8655e-07 -0.0227111 -0.0400531 -0.0536074 0.0213962 -0.0668602 -0.00026823 -0.0880979 -0.0232173 -0.00542036 -0.0717206 -0.0400221 0.000181132 -0.112249 4.80839e-05 -0.000334557 -0.00970608 -0.063221 -0.0283509 -0.00679939 0.0168483 -0.0332324 -0.0117482 -0.0104632 0.0328885 -0.0541733 -0.134213 -0.178546 0.000318702 -0.0073888 0.00114498
internal_weight=110811 880 632 557 248 505 216 375 102 130 79 102 109931 273 109530 106146 6919 356 239 6563 1135 275 5428 5372 860 203 117 88 99227 9605 89622
internal_count=110811 880 632 557 248 505 216 375 102 130 79 102 109931 273 109530 106146 6919 356 239 6563 1135 275 5428 5372 860 203 117 88 99227 9605 89622
is_linear=0
shrinkage=0.0845865


Tree=192
num_leaves=32
num_cat=0
split_feature=17 75 39 0 18 62 7 46 77 0 78 39 38 88 47 85 25 93 85 48 91 34 9 64 85 52 36 60 96 19 50
split_gain=64.5479 91.7894 98.67 93.4416 80.2904 135.097 147.343 177.575 164.564 124.322 123.529 129.229 125.045 119.172 111.407 128.11 112.491 108.793 112.077 107.214 116.262 143.309 133.104 106.478 105.475 110.36 101.543 140.461 134.458 155.98 129.148
threshold=0.11653067998479781 -0.032820488874843588 -0.023199194653303595 0.079931287004021259 0.030071527517148554 -0.040755673955454298 0.05186478119257356 -0.019386481974320895 -0.036524217596909846 0.12626222323602157 0.014315689268819801 0.011198419487099652 0.089066326863860068 0.037188057585732258 -0.015422470084231249 0.0098193519788868019 -0.054845920102745298 -0.068089785289405388 0.047129262328691253 0.0032610290370703007 0.00082546214685755011 0.06895839101021041 -0.04215061278612129 -0.0048545568179058493 -0.010683886257193999 -0.057597598492721537 0.0054964216045182007 0.017636013546033804 0.0020170367254424503 -0.0076135261441319492 -0.026768750189350248
decision_type=2 2 2 2 2 2 2 2 2 2 2 2 2 2 2 2 2 2 2 2 2 2 2 2 2 2 2 2 2 2 2
left_child=4 -2 -3 -4 17 13 7 10 14 -10 11 -7 -13 -6 15 -8 -16 18 -1 -9 22 -22 -21 -15 -12 -26 27 28 30 -30 -19
right_child=1 2 3 -5 5 6 8 19 9 -11 24 12 -14 23 16 -17 -18 26 -20 20 21 -23 -24 -25 25 -27 -28 -29 29 -31 -32
leaf_value=0.010886604341590528 -0.023432810468026758 0.045444259923606595 -0.1477826614410499 0.010487486904592058 0.018379234571321627 0.0066034686895796238 0.023040929635655912 0.0097779186354682423 -0.1078840879515244 -0.026586692489532427 -0.077615883087753801 -0.023920785276988057 -0.17220904323339462 0.0081232411684246403 -0.096700223308364031 -0.11400668762804027 0.0649608735631972 -0.0080576300342544826 0.062859259545028134 -0.051064887705255906 0.011635642980545733 -0.12817652548638575 -0.0063029975100064939 -0.094609324004689951 -0.14611900153523893 -0.016624693465050491 0.00348976406865941 -0.0098753699290118138 0.0036284954145690673 -0.013310360716778056 0.0093467004043673238
leaf_weight=1702 441 699 27 1850 2459 1684 127 5800 141 3029 383 1297 42 157 34 79 313 3904 360 730 1742 54 1366 133 50 810 39000 12875 7446 8140 13937
leaf_count=1702 441 699 27 1850 2459 1684 127 5800 141 3029 383 1297 42 157 34 79 313 3904 360 730 1742 54 1366 133 50 810 39000 12875 7446 8140 13937
internal_value=-4.28511e-07 0.0122021 0.0183113 0.00819434 -0.000342164 -0.00511613 -0.00782908 -0.00383927 -0.0227813 -0.0302117 -0.0182203 -0.00898106 -0.0285963 0.012325 0.0197719 -0.0294326 0.0490441 0.000773984 0.0199725 0.00248852 -0.0083689 0.0074155 -0.0219041 -0.0389294 -0.0406715 -0.0241889 0.000309635 -0.00236852 0.000522258 -0.0052167 0.00553704
internal_weight=110811 3017 2576 1877 107794 20430 17681 13958 3723 3170 4266 3023 1339 2749 553 206 347 87364 2062 9692 3892 1796 2096 290 1243 860 85302 46302 33427 15586 17841
internal_count=110811 3017 2576 1877 107794 20430 17681 13958 3723 3170 4266 3023 1339 2749 553 206 347 87364 2062 9692 3892 1796 2096 290 1243 860 85302 46302 33427 15586 17841
is_linear=0
shrinkage=0.0845865


Tree=193
num_leaves=32
num_cat=0
split_feature=49 9 61 8 23 13 45 3 78 46 21 94 74 95 4 3 64 24 24 87 25 13 94 49 69 69 63 21 46 59 21
split_gain=63.617 101.286 160.353 147.39 130.719 126.52 126.129 142.939 123.952 148.048 119.308 117.955 116.293 139.935 184.633 115.624 113.51 126.494 111.191 140.862 168.451 111.118 111.073 111.07 109.572 106.477 101.884 99.2407 99.0026 117.129 99.4021
threshold=-0.043867623563434689 -0.012242171734856049 0.050437592877707903 -0.0083496893711415988 -0.017445499409367946 0.0025768483311267004 -0.021834139574155146 0.042706447634502306 0.031644795391694805 -0.021444528822483797 -0.038001164013311946 0.032097812470985206 0.037355536584159257 0.0035421049296836503 -0.033420141688389339 0.061641368474216911 -0.049075425280649392 0.013024665101398252 -0.053154468701694192 0.023784117769919903 0.015853210056281052 0.10328247258025657 -0.037462343727366391 -0.054548338616430096 -0.06274370130998598 -0.10807308992574478 -0.030597587034172147 -0.0022210438241292998 -0.0054454883752455491 -0.0012354558830172497 1.0000000180025095e-35
decision_type=2 2 2 2 2 2 2 2 2 2 2 2 2 2 2 2 2 2 2 2 2 2 2 2 2 2 2 2 2 2 2
left_child=1 2 10 16 28 -6 7 -4 9 -8 12 -7 13 14 26 -9 27 18 -18 23 -21 24 -12 -20 -19 -24 -1 -3 30 -30 -5
right_child=-2 3 6 4 5 11 8 15 -10 -11 22 -13 -14 -15 -16 -17 17 21 19 20 -22 -23 25 -25 -26 -27 -28 -29 29 -31 -32
leaf_value=0.084311346685034816 0.00073064447620640246 -0.027969459004145353 -0.037179967751361259 -0.038902119063692134 0.0041127841176162886 -0.046082576422649783 0.099491875622657142 -0.33690555441417669 -0.13514024103553998 -0.029661815738752633 -0.036332975208366217 0.022814301774027282 0.11027668195474355 -0.023926258313491208 0.081859047972602725 -0.10257607380470966 -0.0029273395240619364 -0.11324023140377057 -0.095482719333850441 -0.056868279813056741 0.072289758575455901 -0.15531640740669422 0.18070142139220238 -0.039290288108366697 0.0026501352770305873 0.0057325373708257367 -0.11890000429686987 0.056655452190513614 0.067886632171081679 0.00074530638146245423 0.02222597354684918
leaf_weight=25 98045 189 88 327 1379 974 86 27 53 242 480 217 131 272 337 35 336 62 609 186 118 36 25 432 977 3638 59 208 440 323 455
leaf_count=25 98045 189 88 327 1379 974 86 27 53 242 480 217 131 272 337 35 336 62 609 186 118 36 25 432 977 3638 59 208 440 323 455
internal_value=-4.90342e-07 -0.00561737 0.00304224 -0.012171 -0.00162139 -0.0133152 -0.0411296 -0.106837 -0.0151906 0.00414997 0.00776923 -0.0335111 0.0371649 0.0233044 0.0538688 -0.205217 -0.0259322 -0.0320261 -0.0465205 -0.0573941 -0.00665969 -0.00933963 0.00191709 -0.0721881 -0.00425164 0.00693576 -0.0581483 0.0163164 0.0178163 0.0394942 -0.00330915
internal_weight=110811 12766 5498 7268 4115 2570 531 150 381 328 4967 1191 824 693 421 62 3153 2756 1681 1345 304 1075 4143 1041 1039 3663 84 397 1545 763 782
internal_count=110811 12766 5498 7268 4115 2570 531 150 381 328 4967 1191 824 693 421 62 3153 2756 1681 1345 304 1075 4143 1041 1039 3663 84 397 1545 763 782
is_linear=0
shrinkage=0.0845865


Tree=194
num_leaves=32
num_cat=0
split_feature=55 86 0 26 85 14 100 15 54 42 51 89 5 52 96 59 41 15 6 18 64 8 44 72 10 65 26 17 10 6 36
split_gain=62.7643 113.075 117.217 196.587 195.997 174.043 194.431 143.64 179.121 133.455 133.282 128.807 124.06 121.549 132.925 145.614 119.76 113.106 110.96 110.639 110.507 109.275 107.921 143.56 135.398 107.292 136.723 115.58 104.366 108.429 116.388
threshold=-0.020791748898810299 0.065992513894099714 0.24708386589886058 -0.08053699033182829 0.034169863321105505 0.06585744541519846 -0.57239999999999991 -0.075025603548725089 0.08434645563575166 -0.061997519492495497 0.057180107756335558 -0.0080888324983952476 -0.065966451415514341 -0.053281279020946391 -0.012187054542779198 -0.018755233215771546 -0.036458142801292941 -0.025616384132959996 0.020578694067975453 -0.012117209448889648 -0.013722637712436248 -0.10791101939816189 -0.0025221177769476498 0.025280510130379002 -0.0052132870900818496 0.012982297887611452 0.017508058734461554 -0.066906307112902436 0.016809443243489906 -0.0067773713659834483 -0.073856216634069535
decision_type=2 2 2 2 2 2 2 2 2 2 2 2 2 2 2 2 2 2 2 2 2 2 2 2 2 2 2 2 2 2 2
left_child=21 2 7 4 -4 6 12 8 13 28 22 -6 18 -2 15 -15 -14 -13 -5 -8 -16 -1 23 -11 -24 26 -12 -27 29 30 -9
right_child=1 -3 3 5 11 -7 19 9 -10 10 25 17 16 14 20 -17 -18 -19 -20 -21 -22 -23 24 -25 -26 27 -28 -29 -30 -31 -32
leaf_value=-0.03583834487621898 0.079105278586721395 -0.016549434139872244 -0.0074276612167312635 -0.025451888801551446 -0.021795197897623606 -0.013252356317287257 0.024697591716652416 -0.14525857011752616 0.10159945048179854 0.00049438726069863141 -0.040580075456234994 -0.044829066225095388 0.0043601146089124274 0.0094907910549890812 0.017069837346741935 -0.06066523752143823 0.051002892314354509 -0.22561839103027989 0.058859843093044178 -0.00019418600036654626 -0.021822783659167507 -0.002450719693409739 -0.0013772793232846318 -0.015690063677004897 0.01013978803584824 -0.096668192311290049 0.0035816005778896696 0.016238592545156982 0.036935095340289228 0.023578604155068211 -0.0085924847917870188
leaf_weight=718 89 2472 643 399 78 1538 1933 47 91 21370 1534 38 486 276 764 901 2101 73 155 3763 1652 30409 13216 4802 16317 70 744 870 1276 1127 859
leaf_count=718 89 2472 643 399 78 1538 1933 47 91 21370 1534 38 486 276 764 901 2101 73 155 3763 1652 30409 13216 4802 16317 70 744 870 1276 1127 859
internal_value=-4.9469e-07 0.00125751 0.0018279 0.00982626 -0.0297253 0.0130002 0.0175717 0.000469529 -0.0155554 0.00144145 0.00051281 -0.105443 0.0344696 -0.0184585 -0.0208825 -0.0441963 0.042249 -0.163982 -0.0018202 0.00824956 -0.00951501 -0.00322162 0.00148009 -0.00247433 0.00498519 -0.0162243 -0.0261477 0.00780176 0.0179708 0.00605674 -0.0157158
internal_weight=110811 79684 77212 11207 832 10375 8837 66005 3773 62232 58923 189 3141 3682 3593 1177 2587 111 554 5696 2416 31127 55705 26172 29533 3218 2278 940 3309 2033 906
internal_count=110811 79684 77212 11207 832 10375 8837 66005 3773 62232 58923 189 3141 3682 3593 1177 2587 111 554 5696 2416 31127 55705 26172 29533 3218 2278 940 3309 2033 906
is_linear=0
shrinkage=0.0845865


Tree=195
num_leaves=32
num_cat=0
split_feature=3 31 37 44 69 9 0 6 72 3 4 11 50 80 93 68 53 14 82 12 38 90 1 100 0 38 14 1 4 12 4
split_gain=63.7475 99.2572 89.6558 89.0771 82.0902 71.9658 136.166 131.555 118.242 148.748 157.321 164.44 181.605 143.391 132.959 135.895 138.994 127.801 154.178 114.477 113.686 109.36 147.493 106.963 178.8 202.167 199.922 224.127 267.192 229.267 174.41
threshold=0.18320225866052992 -0.056405694904297497 -0.009947770827363098 0.014845757119162003 -0.038448789493880593 0.034612091758803705 0.20708959433417531 -0.062462079758928792 -0.040885209177076949 -0.023283090252937746 -0.067458856272070142 0.060044182131756406 0.068653499350164057 0.070722763896936255 0.0063125736885990512 -0.017239670231777148 0.0026691815115220002 0.052702299832440853 0.012001042934660403 0.018995833941076554 0.0034491162827651003 0.010325517732622202 -0.093782590677497391 0.3604500000000001 0.14968076021095703 0.021664415310473552 -0.0082507642678362973 -0.0109481708729846 0.13080341439058624 -0.012727486520073198 0.098903981068045169
decision_type=2 2 2 2 2 2 2 2 2 2 2 2 2 2 2 2 2 2 2 2 2 2 2 2 2 2 2 2 2 2 2
left_child=5 3 4 -2 -3 23 8 -8 13 10 17 12 -12 -7 21 16 -16 -10 -19 -17 -15 -11 -23 24 25 -1 -26 29 -29 -28 -31
right_child=1 2 -4 -5 -6 6 7 -9 9 14 11 -13 -14 20 15 19 -18 18 -20 -21 -22 22 -24 -25 26 -27 27 28 -30 30 -32
leaf_value=0.0017730491501737093 0.006334832788634762 -0.10923458100580584 0.054133788542439373 -0.2140684258857268 0.013378163600007882 0.018419716391848109 0.019388199055861786 -0.0023254523355012327 0.037115903449085393 0.01122593921856135 -0.052262158649632337 0.010352429204870841 0.076022061967938703 -0.018249494415777893 -0.080204745859392995 0.0020087154159577122 -0.016065811586287691 0.016540277490769528 -0.26792388898238922 -0.034670578460675019 -0.2325449061030003 0.026031526895581917 -0.029292484944794386 -0.0026468701603208637 0.015565152516494164 -0.018567063605668177 0.026800193714000161 -0.0081394129199798756 -0.11883950958073014 -0.0058788625252693683 0.029705254901555699
leaf_weight=16553 30 45 471 23 293 1411 2563 9025 361 3139 2007 427 82 46 463 1874 508 33 23 901 29 465 1330 34534 12962 4432 3516 6204 160 5710 1191
leaf_count=16553 30 45 471 23 293 1411 2563 9025 361 3139 2007 427 82 46 463 1874 508 33 23 901 29 465 1330 34534 12962 4432 3516 6204 160 5710 1191
internal_value=-5.19212e-07 0.0229115 0.03028 -0.0890583 -0.00290122 -0.000180357 -0.00420224 0.00247535 -0.0101112 -0.0129868 -0.0294577 -0.0374358 -0.0472141 0.0123473 -0.00741863 -0.0194337 -0.0466744 0.0186259 -0.100092 -0.00989336 -0.101526 0.00169929 -0.0149483 0.000983902 0.00345604 -0.00252178 0.00767436 0.00157804 -0.0109271 0.00921982 0.000259515
internal_weight=110811 862 809 53 338 109949 24687 11588 13099 11613 2933 2516 2089 1486 8680 3746 971 417 56 2775 75 4934 1795 85262 50728 20985 29743 16781 6364 10417 6901
internal_count=110811 862 809 53 338 109949 24687 11588 13099 11613 2933 2516 2089 1486 8680 3746 971 417 56 2775 75 4934 1795 85262 50728 20985 29743 16781 6364 10417 6901
is_linear=0
shrinkage=0.0845865


Tree=196
num_leaves=32
num_cat=0
split_feature=28 94 60 52 46 70 57 99 10 32 94 69 31 6 84 17 35 2 93 69 42 80 30 94 15 71 98 34 88 97 100
split_gain=63.1962 99.935 129.014 113.027 136.153 98.4571 130.275 95.4992 95.0897 94.914 116.523 128.924 94.8708 91.5186 89.1052 78.8758 85.3321 76.5518 96.781 75.3893 74.3439 85.7961 94.7517 73.7946 131.926 143.835 139.397 122.343 136.236 148.098 119.943
threshold=-0.10240213885675449 0.0118837156191642 -0.013683795345765248 -0.030428688893904595 -0.020203255701583146 -0.039665300985165637 0.090120844082416066 -0.010712377987918497 -0.052024129767366999 -0.029838813941646499 0.035292286472220803 0.025347135849914253 0.04490335827945776 0.043738541382506511 -0.063544999394659588 -0.042573802183708896 0.049263324783366806 0.070563406913004653 -0.0023645226393402496 0.04688178042688141 -0.03138338999566679 0.00024638303422570005 0.025286650564026906 0.0031894576691736004 -0.073312548877460929 0.019388090248938804 0.0027849826292705502 0.035162018364807403 -0.021764536014396148 0.021678373429535953 -0.97184999999999988
decision_type=2 2 2 2 2 2 2 2 2 2 2 2 2 2 2 2 2 2 2 2 2 2 2 2 2 2 2 2 2 2 2
left_child=1 5 20 4 -4 8 7 15 -1 -5 11 12 -11 -10 -9 16 -7 18 -16 -13 -3 -22 -23 30 27 -26 -27 28 29 -25 -2
right_child=23 2 3 9 -6 6 -8 14 13 10 -12 19 -14 -15 17 -17 -18 -19 -20 -21 21 22 -24 24 25 26 -28 -29 -30 -31 -32
leaf_value=-0.19358273937686024 -0.03027067806123598 0.072241814566563312 -0.29540476014678863 0.041077619817743903 -0.074032136228927056 0.019594962239423724 0.20819284521878412 0.12980990438366519 0.017981604897117261 -0.082919161973459249 0.00084823837057770748 -0.27658238024742543 0.094734070251324895 -0.12740209454118681 0.0023434617463398678 0.060950154706019243 -0.15730149935482746 0.03902345265789884 -0.066629974715115184 -0.10055221959681152 0.019103809626401826 -0.14735186600512892 0.048954198029405066 0.05342393465028393 0.0066957826799845287 -0.012648312626221937 0.0056976797855534294 -0.041782696295042193 -0.015745507880574463 -0.032419378575004792 -0.0012199785534458994
leaf_weight=31 1035 88 30 77 60 77 23 30 94 148 136 37 25 46 291 294 26 133 290 34 150 58 25 485 34075 6362 5545 819 1960 204 58123
leaf_count=31 1035 88 30 77 60 77 23 30 94 148 136 37 25 46 291 294 26 133 290 34 150 58 25 485 34075 6362 5545 819 1960 204 58123
internal_value=-5.01815e-07 -0.0141838 -0.0365254 -0.061508 -0.148223 0.000327547 0.00914893 0.00510613 -0.0595755 -0.0443651 -0.0617387 -0.0967012 -0.0570972 -0.0296729 -0.0127482 0.0386163 -0.0249242 -0.0187793 -0.0320509 -0.192758 0.0059836 -0.018963 -0.0879752 0.000287004 0.00269878 0.003899 -0.00410295 -0.0132085 -0.00436523 0.0279758 -0.00172863
internal_weight=110811 2203 868 547 90 1335 1164 1141 171 457 380 244 173 140 744 397 103 714 581 71 321 233 83 108608 49450 45982 11907 3468 2649 689 59158
internal_count=110811 2203 868 547 90 1335 1164 1141 171 457 380 244 173 140 744 397 103 714 581 71 321 233 83 108608 49450 45982 11907 3468 2649 689 59158
is_linear=0
shrinkage=0.0845865


Tree=197
num_leaves=32
num_cat=0
split_feature=19 15 52 91 42 93 7 1 14 61 79 86 96 91 4 35 78 79 74 90 74 44 99 24 21 54 63 67 9 37 42
split_gain=60.9216 110.702 143.194 156.111 162.755 124.035 123.329 132.466 182.29 141.177 217.177 149.161 121.88 120.269 118.721 115.354 133.976 105.489 131.277 121.722 143.417 139.404 131.922 145.016 124.577 120.243 132.885 139.773 124.356 204.187 109.456
threshold=0.021164155982204804 0.072805073274179413 -0.0065173239789440987 0.011278141790314252 -0.083590331011049082 0.066780534225860763 0.011916101677242151 -0.084048729646192075 -0.082516886615365381 0.012299321767271 0.021968862384537154 0.056202788223068859 0.031865186637550204 0.062609973277543321 -0.063764283834258431 -0.019272033901866898 -0.03526156757525719 -0.039806849770401297 -0.095018504586911537 -0.052110943488647039 -0.0062209662130013497 0.062076983683348755 0.011454318248798352 0.021739855983089654 0.065684650793708957 0.0083630445931241019 0.069947681048798616 0.0012271642723828003 0.036269058284658255 -0.046286627014577544 0.014833694302042002
decision_type=2 2 2 2 2 2 2 2 2 2 2 2 2 2 2 2 2 2 2 2 2 2 2 2 2 2 2 2 2 2 2
left_child=17 2 6 14 -5 -6 12 15 -9 11 -11 -10 -2 -7 -4 -8 -17 18 -1 -19 21 25 23 -22 -24 26 27 -21 -27 -30 -28
right_child=1 -3 3 4 5 13 7 8 9 10 -12 -13 -14 -15 -16 16 -18 19 -20 20 22 -23 24 -25 -26 28 30 -29 29 -31 -32
leaf_value=-0.088628684963949766 -0.00033268038155675144 0.013082657778046238 -0.01752523008325543 0.078067049258665283 -0.010853321934212967 -0.056028675899445379 0.03130309698190515 0.048517441015502615 -0.02750442490076847 -0.077844247541096173 0.011800912677455498 0.070874263082519443 -0.030604472561682906 -0.27216720746210293 0.0097756580233233723 0.063381085619627631 -0.032226686484891756 0.016200272086357308 0.0113094817439777 -0.0081051132479239979 0.0037479037298723374 0.029289669671949042 -0.013081524807968779 -0.010034082130669988 0.020673152191354897 0.014169718745738524 -0.025195493605856916 0.0080535765087820285 -0.084832712408497296 0.0003822159914344482 -0.12884052097205301
leaf_weight=95 6677 2774 1292 145 5754 94 536 199 2170 910 245 116 1110 23 9635 122 740 3242 8385 8424 18049 1483 12068 7833 836 8441 306 7023 227 1761 96
leaf_count=95 6677 2774 1292 145 5754 94 536 199 2170 910 245 116 1110 23 9635 122 740 3242 8385 8424 18049 1483 12068 7833 836 8441 306 7023 227 1761 96
internal_value=-4.85329e-07 -0.00307655 -0.00458312 0.000519819 -0.0104213 -0.0126113 -0.0113262 -0.0216397 -0.0301398 -0.0346958 -0.0588106 -0.0225011 -0.00465074 -0.0988294 0.00654559 0.000477332 -0.0186667 0.00127818 0.0101867 0.000195402 -0.00058401 0.0040571 -0.00390642 -0.000422307 -0.0108929 0.00263221 -0.00200815 -0.00075716 0.0096862 -0.00933985 -0.0500167
internal_weight=110811 32542 29768 16943 6016 5871 12825 5038 3640 3441 1155 2286 7787 117 10927 1398 862 78269 8480 69789 66547 27761 38786 25882 12904 26278 15849 15447 10429 1988 402
internal_count=110811 32542 29768 16943 6016 5871 12825 5038 3640 3441 1155 2286 7787 117 10927 1398 862 78269 8480 69789 66547 27761 38786 25882 12904 26278 15849 15447 10429 1988 402
is_linear=0
shrinkage=0.0845865


Tree=198
num_leaves=32
num_cat=0
split_feature=26 23 24 9 32 93 16 34 91 94 29 51 6 40 16 58 37 19 94 44 88 77 21 76 53 86 40 79 23 81 83
split_gain=61.4684 93.9847 82.6909 108.232 102.236 97.8579 100.333 81.949 90.4516 95.3067 80.643 128.81 122.937 122.299 110.171 129.322 93.2866 95.8811 95.8592 89.7139 88.2585 90.6845 82.8744 117.573 82.8707 83.1898 136.884 110.553 78.3572 90.3429 102.175
threshold=0.092827874771053615 0.042070121090424704 0.14512608310463124 -0.075528207345353246 -0.0022699039264519496 -0.00028181786187114993 0.010942566189802551 -0.0017118276003283497 -0.027449614579452244 0.032736335355635006 0.049306227442197106 0.00032162917679520004 -0.058253799402554443 -0.044626701898105442 -0.023668779459546398 0.010077214198546102 -0.022182267625834546 -0.0088170868604699974 -0.0051421145171305993 -0.0075522549494618499 0.062645243750447013 0.06196055909280216 -0.073118113585582525 0.010394782495971302 -0.045721433637381792 -0.0049216067573121984 -0.033601052441864045 0.011736167729225153 -0.066441831778792829 0.024745467828834956 0.034686025530071857
decision_type=2 2 2 2 2 2 2 2 2 2 2 2 2 2 2 2 2 2 2 2 2 2 2 2 2 2 2 2 2 2 2
left_child=2 10 28 -4 -5 6 -6 -3 -9 -10 20 14 16 -14 19 -16 17 -13 -18 -12 21 24 23 -17 -2 26 -26 -27 29 30 -1
right_child=1 7 3 4 5 -7 -8 8 9 -11 11 12 13 -15 15 22 18 -19 -20 -21 -22 -23 -24 -25 25 27 -28 -29 -30 -31 -32
leaf_value=-0.008954224630214511 0.070997331426149182 0.027639938699542246 0.066619934655712726 0.0082645936864966848 0.061827603853417158 -0.14400991939089183 -0.13134548688165457 0.055043326637707363 -0.14734775829537378 0.037539236826594644 -0.066253600636926119 0.12331042569825526 -0.090365588153898918 0.10769991441982751 -0.15580640877869797 0.18904445171389828 -0.0021411794582638457 -0.065456350898485477 -0.14646793590999302 0.087047239531945306 -0.049107385363698443 0.13100652656865222 -0.090411310268774248 -0.072342035643891953 -0.028166132364320442 0.023028639183128821 0.067944006187256503 -0.051115643212830165 0.00045810332975986971 0.0080184976266066983 -0.040904864552197884
leaf_weight=5056 273 86 56 100 44 121 34 30 95 25 48 53 26 151 95 25 85 30 54 63 99 65 55 24 142 443 415 213 100139 1831 835
leaf_count=5056 273 86 56 100 44 121 34 30 95 25 48 53 26 151 95 25 85 30 54 63 99 65 55 24 142 443 415 213 100139 1831 835
internal_value=-4.50904e-07 0.0128643 -0.000309149 -0.0410626 -0.0613121 -0.0963733 -0.0221432 -0.0379941 -0.0757618 -0.108653 0.0179622 -0.00587085 0.0258727 0.0784623 -0.0467933 -0.0844654 -0.0159719 0.0548272 -0.0584068 0.0205632 0.028216 0.0331671 -0.0190357 0.0606595 0.0288675 0.0193647 0.0434033 -0.00101591 -0.000174796 -0.00838494 -0.013487
internal_weight=110811 2595 108216 355 299 199 78 236 150 120 2359 709 399 177 310 199 222 83 139 111 1650 1551 104 49 1486 1213 557 656 107861 7722 5891
internal_count=110811 2595 108216 355 299 199 78 236 150 120 2359 709 399 177 310 199 222 83 139 111 1650 1551 104 49 1486 1213 557 656 107861 7722 5891
is_linear=0
shrinkage=0.0845865


Tree=199
num_leaves=32
num_cat=0
split_feature=6 14 54 59 62 3 67 73 6 67 4 100 43 36 40 10 1 14 8 100 43 15 46 35 60 50 88 5 1 27 33
split_gain=61.3062 106.953 80.5927 89.6628 91.7674 110.766 141.47 112.038 108.593 100.032 96.2932 80.18 76.2665 104.498 95.2462 75.2042 132.814 157.53 142.227 146.224 120.254 118.134 114.345 111.038 115.037 117.221 114.964 100.696 126.511 122.513 178.137
threshold=0.15112493867595647 -0.13731682755089236 -0.094959443109264227 -0.039643122974352893 -0.010333430490819999 -0.10742709131411114 -0.017445854554242645 -0.0026848487496248497 0.17093251579376159 0.03411463362512971 0.076824957676648251 -0.89139999999999986 0.006171701240891201 -0.024287051635443448 -0.0050829711349394497 -0.062634769454410891 -0.093782590677497391 0.0055295880364330504 -0.098622286589649236 0.5273000000000001 0.025778679485978853 -0.047908780707242839 0.057162676924289405 -0.1135905883860736 -0.04728989355368144 -0.039974477306846092 0.032754522274174407 0.16958822993925374 0.13553097061586228 0.012188509235846553 -0.065434319563715024
decision_type=2 2 2 2 2 2 2 2 2 2 2 2 2 2 2 2 2 2 2 2 2 2 2 2 2 2 2 2 2 2 2
left_child=15 -2 -3 -4 12 6 8 11 -6 -8 -9 -7 13 -5 -15 16 -1 23 19 21 -20 -19 -23 -18 25 26 -25 -17 29 30 -29
right_child=1 2 3 4 5 7 9 10 -10 -11 -12 -13 -14 14 -16 27 17 18 20 -21 -22 22 -24 24 -26 -27 -28 28 -30 -31 -32
leaf_value=0.016031613979455763 -0.16459079781945579 0.14379630834603396 0.046828484684398694 -0.049832930083261708 0.017782865389753183 -0.087434013304021396 0.024823026997073051 -0.0098943056198683797 -0.18842299126592937 -0.1096886679002117 -0.12475032785781094 0.043608194723515264 0.058655319961844365 0.07044260012333628 -0.016133481472501279 -0.00011735796621062944 -0.14293191476627093 -0.029384857176156975 -0.027864657555985398 0.025536227488398844 0.011323501483354018 -0.14196646011994138 0.038204472591763725 0.0079263259353620046 -0.0055302914416100217 0.052543114101743178 -0.17687167894438344 -0.0719452483003057 -0.051728219150117882 0.0055792472383940379 0.050566116814847538
leaf_weight=1431 24 34 454 162 24 36 140 405 74 55 60 439 328 203 164 95909 39 155 2260 100 744 235 28 96 3559 495 32 92 189 1769 1076
leaf_count=1431 24 34 454 162 24 36 140 405 74 55 60 439 328 203 164 95909 39 155 2260 100 744 235 28 96 3559 495 32 92 189 1769 1076
internal_value=-4.07903e-07 0.0128296 0.0144938 0.0127536 0.00534026 -0.00942371 -0.0548333 0.00471077 -0.137728 -0.0130313 -0.0247759 0.0336209 0.0266057 0.00668861 0.0317007 -0.000309124 -0.00763585 -0.0120127 -0.0252209 -0.0661677 -0.0181518 -0.088158 -0.122699 -0.000986557 0.00033433 0.0338683 -0.0381744 0.000369369 0.0153092 0.0196314 0.0408945
internal_weight=110811 2602 2578 2544 2090 1233 293 940 98 195 465 475 857 529 367 108209 9174 7743 3522 518 3004 418 263 4221 4182 623 128 99035 3126 2937 1168
internal_count=110811 2602 2578 2544 2090 1233 293 940 98 195 465 475 857 529 367 108209 9174 7743 3522 518 3004 418 263 4221 4182 623 128 99035 3126 2937 1168
is_linear=0
shrinkage=0.0845865


Tree=200
num_leaves=32
num_cat=0
split_feature=65 20 58 66 85 51 36 90 87 44 95 25 29 15 2 19 90 6 44 7 84 50 0 62 85 69 91 77 19 84 40
split_gain=60.7769 88.3118 95.0869 111.766 108.561 106.47 102.286 142.731 119.33 85.7571 85.1029 84.7204 83.6042 81.0591 80.6146 76.7502 93.0493 80.7194 77.0646 75.3627 100.701 101.489 74.9464 74.41 124.883 136.587 99.2216 86.4035 76.842 85.1024 101.557
threshold=0.054342661265428457 0.036093006112772406 -0.016739137467449747 0.00032779816854115008 -0.019811840545422395 0.024853656173160404 -0.0014983819771726998 0.0080688868296852519 0.022459275772791953 0.059191038594254113 -0.012254748594338999 0.057507147200933605 -0.016664037317992698 -0.0076202116060747494 -0.0065951340110664497 0.094183188960369771 0.019368291988885452 0.068493683141211473 -0.082437476866113676 0.041940620523972703 -0.0082508875413418985 -0.039974477306846092 0.1185907317813495 0.11675850793571542 0.017208580527113906 -0.0072335321945674489 0.0022315584722160504 0.024234771766731156 -0.10105715696322749 0.05065767875757516 -0.069490585784367884
decision_type=2 2 2 2 2 2 2 2 2 2 2 2 2 2 2 2 2 2 2 2 2 2 2 2 2 2 2 2 2 2 2
left_child=23 15 3 4 5 11 7 8 -4 19 -10 -3 -6 -7 -9 18 17 -17 -2 20 -5 -22 -8 28 25 26 -25 -28 -1 -30 -31
right_child=1 2 6 9 12 13 22 14 10 -11 -12 -13 -14 -15 -16 16 -18 -19 -20 -21 21 -23 -24 24 -26 -27 27 -29 29 30 -32
leaf_value=0.014601867944495936 0.076693557372782412 0.071708179553044399 -0.02698908850764414 0.025934046871515966 -0.18766610735103995 -0.22461968358051798 -0.10012776774924682 -0.011198645733067487 -0.27989419272777805 0.14390078455210267 -0.08656205213021699 -0.1078580050955332 -0.068643600579220046 -0.01917720943959627 0.10757813969611099 -0.098234192298464001 0.06195089705783071 0.053179861403105155 0.012866270921557571 0.068590796270043122 -0.21311985067122927 -0.042268470431672471 0.039224631075964911 0.1008870358894422 -0.11510433318804025 -0.1157255983551647 0.057953259816375689 -0.10167832823575193 -0.00010543323269884037 -0.053831783064690386 -0.0075425529155694077
leaf_weight=2387 139 85 169 133 66 25 29 104 26 27 45 24 120 31 67 130 51 31 5285 68 30 148 527 81 108 60 46 51 94188 359 6171
leaf_count=2387 139 85 169 133 66 25 29 104 26 27 45 24 120 31 67 130 51 31 5285 68 30 148 527 81 108 60 46 51 94188 359 6171
internal_value=-4.29344e-07 0.00742624 -0.00931925 -0.0317759 -0.0667282 -0.016619 0.00823949 -0.0237259 -0.065825 -0.00150007 -0.157854 0.0319339 -0.111044 -0.11143 0.0352387 0.0125524 -0.0373405 -0.0689378 0.0145068 -0.011938 -0.0296249 -0.0712519 0.0319069 -0.000529009 -0.0396866 -0.00535149 0.0317629 -0.0257694 -0.000397371 -0.000753072 -0.0100912
internal_weight=110811 7360 1724 757 351 165 967 411 240 406 71 109 186 56 171 5636 212 161 5424 379 311 178 556 103451 346 238 178 97 103105 100718 6530
internal_count=110811 7360 1724 757 351 165 967 411 240 406 71 109 186 56 171 5636 212 161 5424 379 311 178 556 103451 346 238 178 97 103105 100718 6530
is_linear=0
shrinkage=0.0845865


Tree=201
num_leaves=32
num_cat=0
split_feature=34 1 100 23 79 46 74 8 36 38 13 22 8 62 20 93 30 57 42 48 64 9 34 66 22 1 66 28 64 94 70
split_gain=60.1 128.797 125.617 166.25 120.843 101.469 92.752 84.8583 84.9541 83.971 78.6674 95.2247 89.7678 137.871 102.64 85.3633 114.097 112.979 111.569 137.036 117.483 106.103 95.0087 86.5546 86.0937 82.447 78.0594 76.3247 75.6518 75.3381 107.525
threshold=-0.081387212934806136 0.17057609265983603 -0.81754999999999989 0.070824461896375063 -0.062788231832767341 0.026948898532904556 -0.072491641914946739 0.086016830584958362 -0.085984575451008433 0.0030869910767565502 -0.092982268206320731 -0.057655823284841846 -0.046674812049344094 0.042372820362293902 0.016788553501944355 0.0021160662881128506 -0.065659477675427985 0.021388466656181652 -0.04671346675512799 0.047274854938204255 -0.032085417298445593 -0.084329663943004188 0.045704031584765555 -0.017321590527006599 0.028844374931038252 -0.07125389273233608 -0.016975136129746649 0.019828326375400603 0.053869146661667158 -0.058389866392489047 -0.10042434014826583
decision_type=2 2 2 2 2 2 2 2 2 2 2 2 2 2 2 2 2 2 2 2 2 2 2 2 2 2 2 2 2 2 2
left_child=1 4 -3 -4 -1 26 -6 8 9 -8 11 12 27 -14 -15 22 17 25 -18 21 -21 -20 28 24 -24 -17 -5 -2 -13 30 -12
right_child=10 2 3 5 6 -7 7 -9 -10 -11 29 15 13 14 -16 16 18 -19 19 20 -22 -23 23 -25 -26 -27 -28 -29 -30 -31 -32
leaf_value=0.075940126353258031 0.097606242981783317 0.17574637331269932 0.045327421176126974 -0.11406213089968463 -0.084941313239874985 -0.20865263929231806 0.007498364894757162 0.052941302516838699 -0.00061337767484595789 -0.2054382401027747 0.11561148615746368 -0.0028295253683346664 0.011401480759180708 -0.18412322324679234 0.016705004994212045 -0.065511770727898877 0.027405370796269299 0.00035665314471434079 0.075498994276911688 0.0092896760451426016 -0.20461800733265023 -0.037112662290848759 -0.045290819252707233 -0.017326017622607746 -0.20988123016988164 -0.24200625943824822 0.088992973954162072 -0.029344414024140116 0.073200868977001676 0.00052406845306588866 -0.01297189605641188
leaf_weight=152 134 46 699 27 92 29 24 211 2628 29 47 1270 649 48 29 32 220 41 64 26 61 891 52 178 41 48 27 45 101 98992 3878
leaf_count=152 134 46 699 27 92 29 24 211 2628 29 47 1270 649 48 29 32 220 41 64 26 61 891 52 178 41 48 27 45 101 98992 3878
internal_value=-5.26157e-07 0.0102265 0.0398997 0.0318672 0.00238441 -0.0811795 -0.00135686 0.00129664 -0.00276116 -0.108724 -0.000380152 -0.0121254 0.0119317 -0.00126936 -0.108261 -0.0193298 -0.0348155 -0.113313 -0.0272667 -0.0388312 -0.140488 -0.0295389 -0.00627288 -0.052035 -0.118179 -0.171787 -0.012156 0.0655733 0.00275928 6.81534e-05 -0.0114248
internal_weight=110811 3964 828 782 3136 83 2984 2892 2681 53 106847 3930 905 726 77 3025 1383 121 1262 1042 87 955 1642 271 93 80 54 179 1371 102917 3925
internal_count=110811 3964 828 782 3136 83 2984 2892 2681 53 106847 3930 905 726 77 3025 1383 121 1262 1042 87 955 1642 271 93 80 54 179 1371 102917 3925
is_linear=0
shrinkage=0.0845865


Tree=202
num_leaves=32
num_cat=0
split_feature=4 84 20 84 35 20 74 85 88 69 13 37 91 94 15 65 85 48 2 88 97 58 90 4 64 72 19 29 33 12 63
split_gain=59.6926 85.1389 73.0332 71.9235 126.917 120.757 138.663 158.391 109.266 108.596 124.662 101.252 100.582 94.2854 115.495 93.6325 107.554 90.0291 88.9223 107.412 118.612 100.397 110.787 95.9443 83.6811 82.5878 128.224 136.214 158.456 136.145 139.612
threshold=-0.21232109448451167 -0.031734828110366542 0.032919554653772658 -0.048580864173475041 0.010912212207990052 -0.035011034041886796 0.058370057270965857 -0.0053330612752645994 0.037877746711028608 -0.056226955380133843 -0.096355443837421034 -0.027165853051427498 0.045039906802613307 -0.060294443153616546 0.0060698043151713012 -0.031437406206600647 0.0014635345978032002 -0.020923728020180148 -0.027183055661420947 0.033931805515117354 -0.038424481762221241 -0.052103387023801094 0.059886098217891752 -0.1080074724188488 -0.054865833558064792 0.026675140424053456 -0.017489326389503197 0.048336276573401608 0.063225828085214472 0.011685637800349801 0.020879085149330154
decision_type=2 2 2 2 2 2 2 2 2 2 2 2 2 2 2 2 2 2 2 2 2 2 2 2 2 2 2 2 2 2 2
left_child=1 -1 -3 4 5 12 7 13 11 17 -11 -8 -2 14 -7 -10 -17 -9 19 -6 -21 -20 23 -23 -25 -5 27 -27 -29 -28 -31
right_child=3 2 -4 25 18 6 8 9 15 10 -12 -13 -14 -15 -16 16 -18 -19 21 20 -22 22 -24 24 -26 26 29 28 -30 30 -32
leaf_value=-0.02583538329518029 0.03278059711970744 0.033775916502433008 -0.064487697433179211 0.00035487475394463581 0.014713740923634569 -0.1875854626678021 -0.18972913965071833 -0.0019299078805854095 -0.095082874276259763 -0.13397747081948455 -0.009979884207369151 -0.060376109377727499 -0.075273003793499438 0.023507003223040154 0.046042132228364362 -0.019696535892641736 0.16272909049489553 -0.17824212138628992 0.091181081543437029 0.072998227575918534 -0.081992027736585593 -0.14013116444955612 0.1181714169093268 -0.05882158549437444 0.027730090314809643 0.0071349932018968873 -0.0037049941054824545 -0.044471008761937693 0.042238575687056426 -0.031390612080910971 5.223461245347471e-05
leaf_weight=256 900 1004 57 82327 947 34 57 34 48 60 1730 184 66 1348 27 61 37 54 185 44 176 26 88 84 1571 6605 6994 757 188 3432 1430
leaf_count=256 900 1004 57 82327 947 34 57 34 48 60 1730 184 66 1348 27 61 37 54 185 44 176 26 88 84 1571 6605 6994 757 188 3432 1430
internal_value=-5.05362e-07 0.0178996 0.0284731 -0.000216015 0.00763267 -0.00123438 -0.00823592 -0.00259008 -0.0561254 -0.0186787 -0.0141529 -0.0911021 0.0253713 0.0188386 -0.0838899 0.00147935 0.0490246 -0.110416 0.0208219 0.00232687 -0.0508845 0.0318565 0.0256372 0.0207759 0.0233221 -0.000814989 -0.00577904 0.00283484 -0.0271966 -0.0112662 -0.0221385
internal_weight=110811 1317 1061 109494 7761 4640 3674 3287 387 1878 1790 241 966 1409 61 146 98 88 3121 1167 220 1954 1769 1681 1655 101733 19406 7550 945 11856 4862
internal_count=110811 1317 1061 109494 7761 4640 3674 3287 387 1878 1790 241 966 1409 61 146 98 88 3121 1167 220 1954 1769 1681 1655 101733 19406 7550 945 11856 4862
is_linear=0
shrinkage=0.0845865


Tree=203
num_leaves=32
num_cat=0
split_feature=77 89 3 55 88 44 29 81 55 43 38 38 93 73 51 87 75 11 69 29 43 22 50 74 79 47 10 92 86 40 4
split_gain=57.7548 128.601 114.078 122.377 113.64 117.876 130.592 124.286 147.378 112.612 109.047 109.028 108.215 121.782 122.276 129.683 107.612 114.385 107.383 150.979 140.716 151.425 127.21 132.855 113.882 117.262 119.041 106.84 121.668 106.318 108.088
threshold=-0.0056057876548406488 -0.019218616161892098 -0.022443628107096495 -0.031049488795928646 0.065312849982111856 0.014065072943348902 -0.0057288835202010486 -0.036050202928573791 -0.034948688810992494 -0.020082505278547897 0.048432609471230958 -0.034381519032878845 0.0011812785396034002 0.0067831509260430503 -0.043796644033859793 -0.029211400470968246 0.1096226800968275 0.028855998894256506 0.015266474169883353 0.0055256876986140005 -0.020954365996088596 -0.0038947698088495496 -0.021036152244641445 0.028206958060210903 -0.045305375637603749 -0.05662084947458719 -0.034520078872627348 0.021154782702961356 -0.034646987782522842 -0.035383198099642243 -0.0039251600010326996
decision_type=2 2 2 2 2 2 2 2 2 2 2 2 2 2 2 2 2 2 2 2 2 2 2 2 2 2 2 2 2 2 2
left_child=1 12 4 -4 5 6 27 8 -7 -10 -6 -5 -1 18 -15 -16 17 -17 19 20 -14 -22 23 -21 -20 -26 -27 28 -3 -13 -31
right_child=-2 2 3 11 10 7 -8 -9 9 -11 -12 29 13 14 15 16 -18 -19 24 22 21 -23 -24 -25 25 26 -28 -29 -30 30 -32
leaf_value=0.0021714906096663295 -0.001698166846438715 0.062301820086572812 -0.0044986042912749042 -0.001759250034839671 -0.038122410953650328 -0.15140373146233219 -0.018855527553275315 0.015888171442913251 0.052647947850303273 -0.041205063657311129 -0.21270119501322396 -0.00095330335414063204 -0.013499213100193374 0.055389473035177432 0.042602255344238983 -0.03026491130134144 0.11828984365815642 0.016975257241538276 0.094392479799571521 -0.02850898678092012 -0.10486742340792501 -0.03728547296035175 0.010060869826458669 -0.17514410445187162 -0.1043216023108615 0.052538433901847779 -0.015786715607023865 -0.024602301253714431 0.0058171249720121469 0.010198279015766339 0.025814229303685137
leaf_weight=7394 62512 312 4372 3746 221 62 3556 3613 133 292 29 2689 488 270 346 1301 43 510 81 246 453 501 757 54 86 229 896 695 2182 6746 5996
leaf_count=7394 62512 312 4372 3746 221 62 3556 3613 133 292 29 2689 488 270 346 1301 43 510 81 246 453 501 757 54 86 229 896 695 2182 6746 5996
internal_value=-5.48304e-07 0.00219619 0.00493671 0.00826859 -0.00213323 -0.000831325 -0.00770857 0.0104773 -0.0296182 -0.0117809 -0.0585097 0.0111804 -0.00475521 -0.0129387 0.00166829 -0.00491655 -0.0137974 -0.0169496 -0.0224613 -0.032698 -0.0505008 -0.0694037 -0.00838901 -0.0550071 -0.00264412 -0.009157 -0.00185754 0.00471468 0.0128934 0.014323 0.0175484
internal_weight=110811 48299 34644 23549 11095 10845 6745 4100 487 425 250 19177 13655 6261 2470 2200 1854 1811 3791 2499 1442 954 1057 300 1292 1211 1125 3189 2494 15431 12742
internal_count=110811 48299 34644 23549 11095 10845 6745 4100 487 425 250 19177 13655 6261 2470 2200 1854 1811 3791 2499 1442 954 1057 300 1292 1211 1125 3189 2494 15431 12742
is_linear=0
shrinkage=0.0845865


Tree=204
num_leaves=32
num_cat=0
split_feature=11 3 49 18 78 88 48 68 0 31 64 63 0 10 41 16 97 64 62 40 48 53 62 34 70 64 45 54 55 2 53
split_gain=56.7094 68.0175 129.893 147.89 133.484 130.692 125.664 134.586 133.048 115.728 192.392 120.069 180.959 190.526 117.576 119.472 108.696 107.447 106.146 105.355 108.411 128.743 126.071 110.169 139.521 104.431 103.757 116.539 175.196 181.633 124.807
threshold=0.098886786864309809 -0.019655016499419746 -0.0022464940344432498 0.075853322427746062 -0.029283080410088497 0.0034383464984981504 -0.051466893824191493 0.018920641741278905 0.24846875049914613 0.059867959721857655 -0.052365700226717639 -0.006397379338660099 0.14781753581823329 -0.010380738523735748 0.11591137826311061 0.030167627542819552 -0.026672393797621399 0.037406654893295109 -0.023069323557716046 -0.076211626827681039 -0.051466893824191493 -0.006922828713291999 0.020905927413272053 0.066978959607838215 0.023011015168029003 -0.023078250698804644 0.032796066058798361 -0.0073975777151438988 -0.0018342075603085997 0.0097342392611096517 0.023699055466616353
decision_type=2 2 2 2 2 2 2 2 2 2 2 2 2 2 2 2 2 2 2 2 2 2 2 2 2 2 2 2 2 2 2
left_child=1 2 3 -1 5 -4 7 16 -9 11 -11 14 13 -13 15 -6 -7 25 -12 -3 21 -21 23 -23 -25 -8 27 28 29 -22 -29
right_child=-2 19 4 -5 9 6 17 8 -10 10 18 12 -14 -15 -16 -17 -18 -19 -20 20 26 22 -24 24 -26 -27 -28 30 -30 -31 -32
leaf_value=-0.0072317081317051805 0.010662549584307842 -0.01716588669322075 0.032897847291241386 -0.048798755823445832 0.017279079987343883 -0.17931200606768252 0.035259409625701496 -0.21443708029244218 0.018154145753555999 -0.15071262738394431 0.023123416421073257 0.013648971760809227 0.0011994319620399396 -0.042184721324706694 -0.12538041414117793 -0.010528730019788855 0.019987172020086583 0.048299814228609739 -0.0384357504793333 -0.0016025366934146166 -0.004891319017890563 0.041616315167261622 -0.0083465335519538331 0.015662622596500413 -0.14803907791551751 -0.021924279047889544 0.0084430917578796217 0.0050004712918635405 0.002293654017037921 -0.028039481298401042 -0.0073102273583690053
leaf_weight=15973 3457 2183 1732 637 4376 23 329 58 25 86 297 597 5751 1629 46 1478 129 372 614 2171 6582 1956 600 154 49 747 10614 26883 9875 3843 7545
leaf_count=15973 3457 2183 1732 637 4376 23 329 58 25 86 297 597 5751 1629 46 1478 129 372 614 2171 6582 1956 600 154 49 747 10614 26883 9875 3843 7545
internal_value=-5.72968e-07 -0.00034415 -0.00341212 -0.00882729 0.00150477 0.0165866 -0.00018761 -0.057565 -0.144164 -0.00195657 -0.0297916 4.18517e-05 -0.00672324 -0.0272009 0.00919207 0.0102546 -0.0100948 0.00911182 -0.0183429 0.00113329 0.00170207 0.0137977 0.0259232 0.0354568 -0.0237821 -0.00441879 0.000789132 -0.000694904 -0.00577843 -0.0134267 0.00230192
internal_weight=110811 107354 34899 16610 18289 3415 1683 235 83 14874 997 13877 7977 2226 5900 5854 152 1448 911 72455 70272 4930 2759 2159 203 1076 65342 54728 20300 10425 34428
internal_count=110811 107354 34899 16610 18289 3415 1683 235 83 14874 997 13877 7977 2226 5900 5854 152 1448 911 72455 70272 4930 2759 2159 203 1076 65342 54728 20300 10425 34428
is_linear=0
shrinkage=0.0845865


Tree=205
num_leaves=32
num_cat=0
split_feature=9 59 75 46 17 26 100 23 72 18 41 14 99 3 28 77 11 31 64 61 6 5 21 83 19 8 69 37 24 43 84
split_gain=56.1904 93.3452 85.7341 101.763 85.6314 85.3548 90.0614 84.9737 92.4808 91.6305 97.481 70.3735 83.175 68.5888 94.126 85.1601 72.0918 101.836 69.4634 81.5908 68.61 176.219 118.783 139.124 125.639 124.484 118.415 110.81 102.034 172.465 113.112
threshold=0.13409269157169382 0.049154635230086056 -0.052444014620181188 -0.048243260390549041 0.040476957179244162 -0.027509154614624897 -0.87929999999999986 0.033400921644199805 0.027193946435403103 -0.015621482879603349 -0.01251051792043415 -0.07118870576572929 0.0086360600118646508 0.18320225866052992 -0.043285164286910489 0.054745401104806003 0.027677765565061303 -0.03177757148476739 0.05520885528952451 0.011958995332823101 0.072241345341184815 0.034455783044028111 0.011142274426933553 -0.040836214220728292 0.083270268769773267 -0.026658816946797146 -0.024266597630445894 -0.044607202858748744 0.012578530295758701 0.0079661447939358022 0.065752955439512914
decision_type=2 2 2 2 2 2 2 2 2 2 2 2 2 2 2 2 2 2 2 2 2 2 2 2 2 2 2 2 2 2 2
left_child=13 2 3 -2 11 7 -7 8 9 -4 -11 -3 -13 20 -15 16 18 -18 19 -16 -1 28 23 -23 26 -24 -25 -27 30 -30 -22
right_child=1 4 5 -5 -6 6 -8 -9 -10 10 -12 12 -14 14 15 -17 17 -19 -20 -21 21 22 25 24 -26 27 -28 -29 29 -31 -32
leaf_value=-0.00068429231200560871 -0.19593616399602584 -0.21174881220836186 0.0318379724884848 -0.021275205526637971 0.050731461415378508 0.054134675906068123 -0.0048287206145989983 0.036735674139030589 0.0242964289210085 -0.058350714511990691 -0.18689585009563953 0.012022793810318242 -0.16399590098626846 0.099280490971090971 0.089145285657887124 -0.13338773737466217 -0.14528244197674714 0.0068579539838326837 -0.091511389395570852 0.0058142218008159757 0.0074517854877034651 0.026577387423010006 0.032931397184935506 -0.083419105223342352 0.071718227188281927 -0.15427837718315954 -0.02733342283283428 -0.011383603622200322 0.0070055937940682192 0.046918382304340943 -0.059059724223552018
leaf_weight=96533 37 36 36 68 28 233 903 79 66 95 77 42 35 106 200 27 36 246 25 146 5602 303 651 365 73 44 1036 331 1803 1360 189
leaf_count=96533 37 36 36 68 28 233 903 79 66 95 77 42 35 106 200 27 36 246 25 146 5602 303 651 365 73 44 1036 331 1803 1360 189
internal_value=-5.7925e-07 -0.0151032 -0.00925117 -0.0831099 -0.081074 -0.00402509 0.00724871 -0.0403605 -0.0626702 -0.0903667 -0.116071 -0.113933 -0.0677815 0.000239462 0.0251354 0.0135376 0.0196582 -0.0125183 0.044171 0.0540519 5.85483e-05 0.00615956 -0.0123452 -0.0255795 -0.0363162 0.0105556 -0.0419638 -0.028231 0.0119548 0.0241743 0.00527673
internal_weight=110811 1735 1594 105 141 1489 1136 353 274 208 172 113 77 109076 786 680 653 282 371 346 108290 11757 2803 1777 1474 1026 1401 375 8954 3163 5791
internal_count=110811 1735 1594 105 141 1489 1136 353 274 208 172 113 77 109076 786 680 653 282 371 346 108290 11757 2803 1777 1474 1026 1401 375 8954 3163 5791
is_linear=0
shrinkage=0.0845865


Tree=206
num_leaves=32
num_cat=0
split_feature=38 100 92 4 4 27 35 0 23 12 15 66 74 69 81 26 97 73 93 43 5 100 46 24 98 100 57 69 83 81 89
split_gain=57.2803 103.5 96.9992 101.829 111.165 105.282 95.6349 129.449 113.849 88.0698 84.8064 80.6789 76.9274 70.3669 73.9713 70.323 102.636 92.3616 87.5216 80.9101 94.2418 73.8531 66.1556 95.0535 86.6649 79.9627 83.3568 123.144 90.4175 78.6223 89.2951
threshold=0.089066326863860068 -0.98114999999999986 -0.0080282069255615488 0.090889519895029761 0.052040326511338754 -0.0020044787721314994 -0.0088688022397157475 0.22176581909832882 -0.0087656088148100487 0.14038492461185487 0.012566723584907803 -0.035806196258300595 0.066498085225840012 -0.030318127713553796 -0.010575773443965998 -0.0017361205111412999 -0.023626730473033045 0.014921185353581001 0.025107635154465752 1.0000000180025095e-35 0.007636863270247601 0.026050000000000004 0.10681573316400726 -0.039289152148419944 -0.052126959045225491 0.45865000000000006 -0.017934569293775297 -0.005911533459245299 -0.0044212261119864491 0.026721183765341903 -0.014952587368828497
decision_type=2 2 2 2 2 2 2 2 2 2 2 2 2 2 2 2 2 2 2 2 2 2 2 2 2 2 2 2 2 2 2
left_child=22 -2 9 4 6 13 7 8 -4 15 -7 -5 -8 -6 -15 16 -3 -18 -19 20 21 -17 -1 29 -25 26 27 28 -26 30 -24
right_child=1 2 3 11 5 10 12 -9 -10 -11 -12 -13 -14 14 -16 19 17 18 -20 -21 -22 -23 23 24 25 -27 -28 -29 -30 -31 -32
leaf_value=7.8353851758098243e-05 -0.18349800833737787 0.11861806740364747 -0.13213426306717227 -0.085371071212832578 -0.0199798577963494 -0.10064584574933741 0.0081941195152612691 0.011444971385035833 -0.032271008345276971 -0.11114469223916276 0.040207020684012967 0.052959038346636039 -0.11432174726869898 -0.28853544791920666 -0.12397276791021901 0.02589212145843784 0.048397676904282538 0.0068897993293077966 -0.16871480410639494 0.019587303377441193 -0.16392354206228663 -0.096431268102217943 -0.15940246270606659 -0.073462392562183523 -0.15495218447393067 0.00086359953900018427 0.077154267230612375 0.072001378138281905 0.0088315206686868566 0.090440280760466299 -0.019257572848993265
leaf_weight=107030 25 96 156 36 27 60 597 168 173 41 62 182 39 29 63 98 213 58 31 357 40 55 43 53 40 290 408 114 60 32 135
leaf_count=107030 25 96 156 36 27 60 597 168 173 41 62 182 39 29 63 98 213 58 31 357 40 55 43 53 40 290 408 114 60 32 135
internal_value=-5.61818e-07 -0.0123928 -0.0107225 -0.0236508 -0.0321794 -0.0843687 -0.0210552 -0.0488531 -0.0797044 0.0100668 -0.0289074 0.0299989 0.00063674 -0.141002 -0.176247 0.0153389 0.0424229 0.0181107 -0.0541167 -0.00422404 -0.0483708 -0.0179639 0.000297702 0.0202588 0.0314927 0.0376203 0.0547215 0.0118424 -0.0565283 -0.031256 -0.0532791
internal_weight=110811 2606 2581 1592 1374 241 1133 497 329 989 122 218 636 119 92 948 398 302 89 550 193 153 108205 1175 965 912 622 214 100 210 178
internal_count=110811 2606 2581 1592 1374 241 1133 497 329 989 122 218 636 119 92 948 398 302 89 550 193 153 108205 1175 965 912 622 214 100 210 178
is_linear=0
shrinkage=0.0845865


Tree=207
num_leaves=32
num_cat=0
split_feature=39 1 66 0 0 97 1 75 3 74 15 7 2 90 47 43 32 5 33 45 13 22 32 4 81 53 88 18 1 9 46
split_gain=56.4754 177.99 203.518 177.446 170.964 195.75 156.855 162.849 150.113 143.008 140.607 139.869 265.319 162.038 143.066 149.553 136.198 158.212 135.771 135.534 168.879 133.916 133.689 133.372 127.412 128.455 150.373 125.41 124.92 174.498 207.63
threshold=0.014367112691130201 0.0044119012768936506 -0.0024261533467476496 0.058955390498669456 0.18002699483725143 0.026566755231520554 0.14557294659921924 0.0091469078317520016 -0.077636584285353291 -0.029937692316395297 -0.071648425880399144 0.091448979704867608 -0.058138277707058698 0.048154998059392308 -0.11836090392693153 -0.008605419488736497 0.019789583590011255 -0.084343549862588699 0.010066046689404402 -0.0017080141734042498 -0.060773911564399895 0.084011125096246073 0.035849021450940662 0.13080341439058624 -0.014207456195895899 0.0057237597356430006 0.015710605921117306 0.072912317949335906 0.012719415840708201 -0.055768255183177538 -0.0026907917100460993
decision_type=2 2 2 2 2 2 2 2 2 2 2 2 2 2 2 2 2 2 2 2 2 2 2 2 2 2 2 2 2 2 2
left_child=1 11 3 -3 5 8 7 -4 10 24 -2 13 -13 -1 -14 -16 17 27 -12 20 -17 23 -9 -5 25 26 -7 -6 29 -11 -31
right_child=4 2 6 21 16 9 -8 22 -10 28 18 12 14 -15 15 19 -18 -19 -20 -21 -22 -23 -24 -25 -26 -27 -28 -29 -30 30 -32
leaf_value=0.0063617662188291263 -0.24578109727035732 -0.20720665109542022 0.0046209126329488839 -0.014483048662040964 -0.027318876566632545 -0.21279582488265397 0.016038165742619032 -0.034893255241670695 -0.0025177653261200888 0.0023761656460333644 0.0033336157940939437 0.027862915766429949 0.12702971521932777 -0.013720073290625055 -0.0045808775011748583 -0.087851993585183655 0.012908406066371197 0.00052442533009000602 -0.066773812457473172 -0.073713704966777163 0.0062253968265077158 0.034550670448891881 0.015859643259330002 -0.092422572205683631 0.039583594560267249 0.058948539504740889 0.021356703361153449 -0.1477007128923058 0.0099596789619670802 -0.083743114283109099 -0.027407516597266712
leaf_weight=45954 23 34 3997 8796 826 50 3934 1732 15539 505 373 837 42 3066 959 191 6601 11930 419 714 477 393 472 160 372 43 32 67 388 875 1010
leaf_count=45954 23 34 3997 8796 826 50 3934 1732 15539 505 373 837 42 3066 959 191 6601 11930 419 714 477 393 472 160 372 43 32 67 388 875 1010
internal_value=-6.03705e-07 0.00140795 -0.00548362 -0.0144608 -0.00258929 -0.0081569 0.00282544 -0.00555355 -0.00437526 -0.0270339 -0.0397615 0.0039832 -0.0130921 0.00510528 -0.0274864 -0.0302711 0.003036 -0.00204448 -0.0337316 -0.0480817 -0.0206481 -0.0137561 -0.0240144 -0.0158785 0.0147237 -0.0590708 -0.121216 -0.036385 -0.0345124 -0.0417411 -0.0535713
internal_weight=110811 71758 19518 9383 39053 19629 10135 6201 16354 3275 815 52240 3220 49020 2383 2341 19424 12823 792 1382 668 9349 2204 8956 497 125 82 893 2778 2390 1885
internal_count=110811 71758 19518 9383 39053 19629 10135 6201 16354 3275 815 52240 3220 49020 2383 2341 19424 12823 792 1382 668 9349 2204 8956 497 125 82 893 2778 2390 1885
is_linear=0
shrinkage=0.0845865


Tree=208
num_leaves=32
num_cat=0
split_feature=33 8 21 66 75 22 88 100 73 63 53 82 14 38 75 10 42 18 59 99 83 38 21 62 57 52 96 37 49 31 97
split_gain=55.7694 136.909 120.17 103.349 138.295 109.686 118.551 115.328 156.81 102.963 102.115 164.894 106.873 95.6535 124.879 93.4891 90.8149 87.3324 95.6351 87.2408 129.843 127.547 128.864 135.823 114.162 110.174 110.67 109.337 106.635 96.3997 90.5451
threshold=0.03603499465970026 0.046454085171234956 0.04646544238297181 0.010755188082450051 0.03697760068930641 0.0078799821898466026 -0.046253704051731792 0.25025000000000003 0.0038168801783691002 0.020489405200254003 -0.023093057266442948 0.056644893602134851 -0.0021266405808773496 -0.073325124394886323 -0.038381177557493443 -0.10871470502633969 0.063145521493792267 0.092052239993541063 0.045194216123936655 0.014972045610750351 -0.0093172866207766984 -0.048028776725024237 0.050612858482826158 0.0077264098060446009 0.043519304121048007 0.044300947081436108 0.011734898982324252 0.0028037239608521502 0.015281966862808553 -0.028454676113327897 -0.018976078555646547
decision_type=2 2 2 2 2 2 2 2 2 2 2 2 2 2 2 2 2 2 2 2 2 2 2 2 2 2 2 2 2 2 2
left_child=-1 2 3 5 -5 15 16 8 -8 -6 11 12 13 -4 -15 -2 -7 18 -17 20 25 24 23 28 -22 -3 -27 30 -23 -25 -21
right_child=1 19 10 4 9 6 7 -9 -10 -11 -12 -13 -14 14 -16 17 -18 -19 -20 27 21 22 -24 29 -26 26 -28 -29 -30 -31 -32
leaf_value=-0.00087696730294013433 -0.05654853412032506 0.01897982566881869 0.085650341815824066 0.014476997173964138 0.03255672489977459 0.065097468600436276 -0.0042063810607485212 0.007394236566357076 -0.056714962424593826 0.10181989270915885 0.00072489305428659659 -0.19614476494033595 0.017582147383364555 -0.16891748899058456 -0.042137413738130083 0.015608176072192843 -0.093432109689855186 0.085957055324409226 -0.02354705030692154 0.085495357979661346 0.04589854799018072 -0.062664828845850992 0.026397083413435423 -0.017726698309052824 -0.12604312192340561 -0.013908974106731385 -0.20941954465077564 -0.018550520809294375 0.0021326069872496505 -0.12883486146378426 0.011655758766966291
leaf_weight=91338 139 675 32 4158 475 228 928 1173 726 228 1790 44 240 69 290 4958 29 117 490 171 198 468 151 73 32 63 31 564 296 245 392
leaf_count=91338 139 675 32 4158 475 228 928 1173 726 228 1790 44 240 69 290 4958 29 117 490 171 198 468 151 73 32 63 31 564 296 245 392
internal_value=-5.84694e-07 0.00410898 0.00734799 0.010453 0.0203509 0.00497549 -0.00787203 -0.0128786 -0.0272685 0.0550582 -0.00983593 -0.0378706 -0.0267808 -0.0540641 -0.0665906 0.0119256 0.0471066 0.0136403 0.0120824 -0.0114229 -0.0211118 -0.0359049 -0.046697 -0.0569184 0.0218542 0.00700456 -0.0787144 0.00774708 -0.0375342 -0.103405 0.0341283
internal_weight=110811 19473 16114 13649 4861 8788 3084 2827 1654 703 2465 675 631 391 359 5704 257 5565 5448 3359 2232 1463 1233 1082 230 769 94 1127 764 318 563
internal_count=110811 19473 16114 13649 4861 8788 3084 2827 1654 703 2465 675 631 391 359 5704 257 5565 5448 3359 2232 1463 1233 1082 230 769 94 1127 764 318 563
is_linear=0
shrinkage=0.0845865


Tree=209
num_leaves=32
num_cat=0
split_feature=24 40 0 81 44 98 83 95 49 85 35 94 25 31 67 13 92 70 67 80 68 18 8 27 78 8 51 51 3 18 38
split_gain=55.8834 77.0474 98.0746 128.1 106.944 113.298 150.196 102.186 121.358 97.6292 100.891 95.5199 89.7568 108.071 99.0192 84.8599 83.2946 82.7442 76.2528 75.0151 74.5137 84.3509 73.1705 72.8748 88.0279 77.4697 72.0135 130.948 124.382 134.941 142.777
threshold=-0.07430053697130258 -0.021701926210237147 0.23559507531861598 -0.05565824902060159 0.059191038594254113 -0.0036266158142487996 0.0019929202266752506 0.04094344798817811 -0.020226363520222047 0.027143211577490903 0.0037169101669631004 0.053074427010276107 0.020027138199492454 -0.018866766474350847 -0.028457408129835198 -0.07516333283061459 -0.00025548814847424993 -0.021922088518569794 -0.027902245015271096 0.0032242965281047502 0.034136498391316251 0.010788604513211902 -0.026658816946797146 -0.015444894364125899 -0.0035050065140166996 -0.032347856963410589 0.0098202662283370015 0.010202911789742251 0.023877666434334702 -0.023558841322455847 0.063437136202885713
decision_type=2 2 2 2 2 2 2 2 2 2 2 2 2 2 2 2 2 2 2 2 2 2 2 2 2 2 2 2 2 2 2
left_child=1 2 4 -4 7 -6 -7 12 -9 10 17 -12 13 14 -1 18 -15 20 -11 -17 21 -3 -23 -19 -25 -26 -2 -28 29 30 -29
right_child=26 9 3 -5 5 6 -8 8 -10 15 11 -13 -14 16 -16 19 -18 23 -20 -21 -22 22 -24 24 25 -27 27 28 -30 -31 -32
leaf_value=-0.19748316981892414 0.00129815366804147 0.022119644417016301 -0.099586530174019458 0.027471049682111788 0.0016301309042135153 -0.31012460201556746 -0.043716310987589983 -0.18469871443314795 0.0034053761972576684 -0.21376348999658329 0.011775824528707379 -0.072021896712833627 0.039359726048958932 0.049255376141139139 -0.044136702050348933 0.020225339797595332 -0.034304251087413758 0.012063379441405337 -0.036986693091189619 -0.029383033894910388 0.083061127572464338 -0.12840667993034732 -0.0055071531573521008 0.086343534731483235 -0.026138359842747753 0.054333183646567314 -0.0505833845695286 0.005876284582163699 0.0035058445802636372 -0.010359151049506653 -0.046168130186317546
leaf_weight=38 64950 208 62 660 41 31 30 52 46 25 1315 105 232 159 148 508 184 305 59 382 71 65 75 451 116 323 414 7159 14420 17779 398
leaf_count=38 64950 208 62 660 41 31 30 52 46 25 1315 105 232 159 148 508 184 305 59 382 71 65 75 451 116 323 414 7159 14420 17779 398
internal_value=-5.49464e-07 0.00816315 -0.00701637 0.0165227 -0.0247233 -0.106616 -0.179643 -0.014967 -0.0962451 0.0145425 0.0220243 0.00556144 -0.00446469 -0.0237273 -0.0756392 -0.00874136 0.00437033 0.0364944 -0.0899792 -0.00104391 0.00409375 -0.011969 -0.0627535 0.0478363 0.0600698 0.0330204 -0.000442724 -0.00325804 -0.0027646 -0.00633426 0.00313209
internal_weight=110811 5691 1683 722 961 102 61 859 98 4008 3034 1420 761 529 186 974 343 1614 84 890 419 348 140 1195 890 439 105120 40170 39756 25336 7557
internal_count=110811 5691 1683 722 961 102 61 859 98 4008 3034 1420 761 529 186 974 343 1614 84 890 419 348 140 1195 890 439 105120 40170 39756 25336 7557
is_linear=0
shrinkage=0.0845865


Tree=210
num_leaves=32
num_cat=0
split_feature=30 14 35 69 94 100 43 22 15 75 69 25 74 41 82 61 98 21 1 76 47 52 76 98 96 34 24 27 33 94 0
split_gain=55.0925 116.451 106.878 119.551 103.026 99.3101 128.22 129.782 113.116 121.576 97.9113 95.9899 95.8702 94.9834 88.9456 126.553 104.953 88.113 127.557 184.757 142.479 96.3692 100.015 107.567 88.059 86.8028 85.7973 89.6755 85.1526 83.1799 81.3511
threshold=0.082014448359975858 -0.044126520817896191 0.0029560982165614505 0.013241799933148602 -0.060294443153616546 -0.69069999999999987 0.0054429098648478011 0.061592533930453656 0.010255899236185102 -0.021241952284423646 -0.021181452963303146 -0.098091981782831641 -0.034402609557299242 0.073884884749233118 -0.0008595474529804999 0.0093504372530012515 0.021038364940663353 -0.10878881064727379 -0.078638157427229433 0.018349412117114754 0.0074157389475153013 0.024771438827079401 0.065335787221194014 -0.061447519819730838 0.043557238541666356 0.06525596634073956 0.053020426523817658 0.018066482567333952 0.017754612753770101 0.027445860095060056 0.20408057860150208
decision_type=2 2 2 2 2 2 2 2 2 2 2 2 2 2 2 2 2 2 2 2 2 2 2 2 2 2 2 2 2 2 2
left_child=17 2 4 10 -2 6 8 11 9 -3 -4 -8 28 14 15 -6 -16 18 19 20 -1 22 23 -20 30 26 27 -10 -11 -17 -7
right_child=1 5 3 -5 13 24 7 -9 25 12 -12 -13 -14 -15 16 29 -18 -19 21 -21 -22 -23 -24 -25 -26 -27 -28 -29 -30 -31 -32
leaf_value=-0.058647194125224532 -0.13323164808505378 0.0806302515907103 -0.048058047418373488 -0.079467289208730751 0.059293956068562435 0.01638339400235956 0.066657012737094998 0.019588837428416959 -0.042498388937778409 0.012723484190744237 0.054747591283428321 -0.086000001450249858 -0.030956364079252115 -0.12413110843934119 0.044817912238986929 -0.06201464354299828 0.15180756730825462 0.00065265872240710459 0.14910207966987993 0.045937825124154459 -0.22564400323145034 0.043492923957882811 -0.15364789786613639 -0.022826790788683087 -0.057205944006886361 -0.20085480754161888 0.060343201680291281 -0.22877084128864048 0.20509221245365908 0.07232503793893244 -0.0189098150734687
leaf_weight=83 26 131 111 156 240 1056 31 119 96 53 164 530 355 25 215 151 95 104915 27 57 66 193 40 669 208 29 43 23 24 42 838
leaf_count=83 26 131 111 156 240 1056 31 119 96 53 164 530 355 25 215 151 95 104915 27 57 66 193 40 669 208 29 43 23 24 42 838
internal_value=-5.7545e-07 -0.00890218 0.0135633 -0.020316 0.0319808 -0.0166912 -0.0338558 -0.060494 -0.00980054 0.00925048 0.0131725 -0.0775196 -0.0123545 0.0376126 0.0430941 0.0182619 0.0776992 0.000398857 -0.0230415 -0.0832623 -0.132829 -0.00966 -0.0236298 -0.016113 -0.00497052 -0.0660514 -0.0417162 -0.0787868 0.0730837 -0.032655 0.000756558
internal_weight=110811 4761 1225 431 794 3536 1434 680 754 563 275 561 432 768 743 433 310 106050 1135 206 149 929 736 696 2102 191 162 119 77 193 1894
internal_count=110811 4761 1225 431 794 3536 1434 680 754 563 275 561 432 768 743 433 310 106050 1135 206 149 929 736 696 2102 191 162 119 77 193 1894
is_linear=0
shrinkage=0.0845865


Tree=211
num_leaves=32
num_cat=0
split_feature=26 19 19 8 3 5 17 29 90 11 62 97 32 72 74 73 22 12 35 18 24 98 38 98 87 89 21 92 11 30 56
split_gain=55.752 105.186 119.172 106.859 128.71 98.3649 101.181 122.327 92.8384 92.7535 85.9428 82.6699 79.3569 90.8098 100.705 90.142 77.7377 72.2734 79.6539 68.1795 67.3119 110.174 133.819 111.447 105.916 90.9212 103.683 97.3125 93.641 102.376 93.5225
threshold=0.11838855171119995 0.0095923180009157023 0.036724414133175107 -0.0011757350042595498 -0.096041086116257737 -0.056394281755873098 0.016714240292101456 0.024257736461423252 -0.025587814517344345 -0.096374697003733731 0.020010164558293554 0.014988167210340651 0.10089027570749057 0.019753329292504854 -0.028900963273037046 -0.028637250471335196 0.026280287788137405 -0.081820279176513286 -0.013962009415295098 0.018195563415069255 0.10994557259447872 0.043296434331198355 -0.013468968268402147 -0.052126959045225491 -0.0037861707948012497 0.0078337164969174509 -0.061735943666993691 -0.028527384661677094 -0.011121590453480998 0.033863215227217004 -0.036824214161140643
decision_type=2 2 2 2 2 2 2 2 2 2 2 2 2 2 2 2 2 2 2 2 2 2 2 2 2 2 2 2 2 2 2
left_child=20 3 10 4 -2 12 7 8 -7 -4 -3 -10 13 19 -15 -16 -9 -8 -19 -5 -1 23 -23 -22 -24 26 30 -28 29 -27 -25
right_child=1 2 9 5 -6 6 17 16 11 -11 -12 -13 -14 14 15 -17 -18 18 -20 -21 21 22 24 25 -26 28 27 -29 -30 -31 -32
leaf_value=4.6073485253344781e-05 -0.036858702259590988 -0.11331929023763351 -0.12652538262809529 0.040116350339418953 0.12859681126849615 -0.088400924661692734 0.17579254049152387 0.0045205049140455006 0.091536048761861388 0.05826449322421888 0.032491319792123462 -0.049379963917916603 0.1598396215053241 0.062239230689934123 0.018769234211492299 -0.15949448315255468 -0.140091098574807 -0.10459024075062731 0.062365922330043538 0.15533730709685223 -0.096299795391005208 0.010481150486315304 -0.054507578378633785 0.016121092567685801 -0.22766277802538429 -0.069651253246847913 -0.091566911213048871 0.00076639380612956456 0.046879989809498201 0.045928589349466746 -0.19187067356323823
leaf_weight=107939 44 118 23 109 140 51 27 37 91 122 38 44 42 71 38 43 92 27 83 56 99 67 50 23 52 133 96 542 375 93 46
leaf_count=107939 44 118 23 109 140 51 27 37 91 122 38 44 42 71 38 43 92 27 83 56 99 67 50 23 52 133 96 542 375 93 46
internal_value=-5.35261e-07 0.0174399 -0.0263311 0.0307035 0.0889166 0.0174636 -0.00874998 -0.0351817 0.00861493 0.0287618 -0.0776661 0.0454485 0.0505228 0.0359416 -0.0111047 -0.0756548 -0.0984673 0.0518558 0.021154 0.0793973 -0.000207131 -0.0175617 -0.0820957 -0.00979161 -0.143082 -0.00322315 -0.0237979 -0.0131017 0.0209449 -0.0219959 -0.122283
internal_weight=110811 1296 301 995 184 811 452 315 186 145 156 135 359 317 152 81 129 137 110 165 109515 1576 169 1407 102 1308 707 638 601 226 69
internal_count=110811 1296 301 995 184 811 452 315 186 145 156 135 359 317 152 81 129 137 110 165 109515 1576 169 1407 102 1308 707 638 601 226 69
is_linear=0
shrinkage=0.0845865


Tree=212
num_leaves=32
num_cat=0
split_feature=94 6 80 34 0 88 87 60 8 91 56 36 79 9 51 54 35 19 62 99 93 86 20 5 19 0 13 56 86 81 77
split_gain=54.3776 123.753 121.899 113.592 133.41 158.882 160.289 201.727 138.602 138.061 116.284 108.977 105.765 104.555 99.0897 98.2529 94.9686 93.8294 98.2595 93.2226 93.0736 102.948 118.238 118.203 157.795 135.222 130.142 109.415 102.108 97.5544 111.204
threshold=0.035292286472220803 -0.089832713555007035 0.073948136245430271 -0.005563874894914049 0.13065871746805208 0.032754522274174407 0.042330206470348054 -0.011721622505480749 -0.015735167172008398 -0.0082233594178905984 0.071673272152713713 -0.0041080909356238987 -0.0078125362147808478 0.016198139235758503 1.0000000180025095e-35 -0.03307173610293359 -0.038617039790681339 0.024650556128210852 0.045752303481085908 0.0014156142843327003 -0.040996600468076592 -0.026727794336717094 0.054167506778985304 0.096047939510039218 -0.08511226306832069 0.12774611331187888 0.011961672708028502 0.057008701307113156 -0.022569604781471849 -0.039011561508820396 0.064381369644063713
decision_type=2 2 2 2 2 2 2 2 2 2 2 2 2 2 2 2 2 2 2 2 2 2 2 2 2 2 2 2 2 2 2
left_child=20 -2 3 15 5 6 9 -8 -7 -5 12 -10 19 16 -14 -3 -4 18 -15 -6 21 -1 28 24 -24 26 -26 -27 -23 -22 -31
right_child=1 2 13 4 10 8 7 -9 11 -11 -12 -13 14 17 -16 -17 -18 -19 -20 -21 29 22 23 -25 25 27 -28 -29 -30 30 -32
leaf_value=0.022333750273287548 -0.021112163716650142 -0.0066700661324754704 -0.14006594927076607 -0.036318616212820391 0.008463696444577418 0.040505623162257913 -0.32577699606112687 -0.015979381413942315 -0.22197761036984853 0.026394673426629361 0.057477133335807291 -0.077969822509867642 0.027816027395002593 -0.16431932244424191 -0.0023049236057899988 0.023257625145026137 0.012513979608288364 0.034863981133668891 0.017178030332538452 -0.027795868221449211 -0.010342314804039607 -0.039508463913179262 -0.1670056437586146 0.11458722601581975 -0.04937510715947601 -0.020518257465228614 -0.26873130574706466 0.1002506971782538 0.0090797482033147872 -0.00011569613009650383 -0.019091297429572992
leaf_weight=2417 1192 949 33 440 965 50 25 38 52 585 314 139 1724 98 1427 4509 248 33 27 1068 8219 327 58 41 59 704 29 58 5708 77000 2275
leaf_count=2417 1192 949 33 440 965 50 25 38 52 585 314 139 1724 98 1427 4509 248 33 27 1068 8219 327 58 41 59 704 29 58 5708 77000 2275
internal_value=-4.30947e-07 0.00494376 0.00738648 0.00895301 0.00167693 -0.0223686 -0.00857994 -0.139466 -0.0845102 -0.00050598 0.0074934 -0.117351 0.00446103 -0.0363976 0.0141686 0.0180501 -0.00535766 -0.0914415 -0.124957 -0.0105744 -0.000710735 0.00728655 0.00207585 -0.0256731 -0.0320378 -0.0227909 -0.122053 -0.01129 0.00644311 -0.00157027 -0.000660534
internal_weight=110811 13916 12724 12285 6827 1329 1088 63 241 1025 5498 191 5184 439 3151 5458 281 158 125 2033 96895 9401 6984 949 908 850 88 762 6035 87494 79275
internal_count=110811 13916 12724 12285 6827 1329 1088 63 241 1025 5498 191 5184 439 3151 5458 281 158 125 2033 96895 9401 6984 949 908 850 88 762 6035 87494 79275
is_linear=0
shrinkage=0.0845865


Tree=213
num_leaves=32
num_cat=0
split_feature=17 73 97 42 65 43 27 81 26 7 20 100 9 16 27 30 55 33 75 93 16 81 50 73 53 36 15 8 28 43 69
split_gain=55.2883 121.722 121.216 120.894 147.267 159.061 119.296 121.682 137.622 110.775 114.098 99.0768 137.628 147.201 123.459 120.556 183.412 186.793 159.537 244.501 188.288 140.806 173.37 160.904 151.169 146.47 163.739 145.186 142.028 138.056 129.666
threshold=-0.035740407726694394 -0.053298034007447141 -0.047686535202854742 0.058087475172509707 -0.028771136132946296 -0.012674634496473049 -0.010708789171704447 -0.0016797549502845998 -0.035651581603866243 -0.050202261381958144 0.0082940215699038519 0.3604500000000001 0.094949386485631324 -0.011689469420038548 0.073861360602310008 -0.031224248673670445 -0.0034316793071507996 -0.0063281609150086992 0.0094502810570874021 0.041987198060466906 0.034366612156985707 -0.021039287068449045 -0.021491310824116847 0.096054502715825454 -0.036302501367683947 -0.024826834023267096 -0.059785038021376594 -0.16074976389456561 0.05593522980630896 -0.046633584801507345 -0.072233114361252779
decision_type=2 2 2 2 2 2 2 2 2 2 2 2 2 2 2 2 2 2 2 2 2 2 2 2 2 2 2 2 2 2 2
left_child=1 -1 -3 -4 5 -5 9 -8 -9 -6 -11 12 15 -14 -15 16 17 -2 -18 -20 -21 22 -17 27 -25 29 -27 -23 -29 -24 -19
right_child=11 2 3 4 6 -7 7 8 -10 10 -12 -13 13 14 -16 21 18 30 19 20 -22 23 25 24 -26 26 -28 28 -30 -31 -32
leaf_value=0.021308973188112576 -0.015149358931009644 0.019657965229528243 -0.0055519812663173034 -0.17932466757017132 0.044386347872343093 -0.043791990441338462 0.054663874953625957 -0.2309432134278803 -0.0091150490444396014 -0.038688493938038068 -0.15848676846635371 -0.0025764749217482459 -0.032152902514376462 0.0098898169964825484 -0.070739702653456304 -0.023101301016760171 0.011919813059829918 -0.092474606602951578 0.053664749633369736 0.0028570372303353261 -0.17604897720862289 -0.088576607534327861 0.037188918971442872 -0.27817934182102361 -0.045139722098351792 -0.031306462088379318 0.015392047440342159 0.0039379294575478362 0.023719563262446966 -0.027699616963884038 0.020279084474318972
leaf_weight=1293 2536 1287 17929 91 65 196 235 23 153 170 86 35064 1582 1647 148 3117 3133 75 1743 189 54 117 273 24 118 619 4053 27721 2866 1656 2548
leaf_count=1293 2536 1287 17929 91 65 196 235 23 153 170 86 35064 1582 1647 148 3117 3133 75 1743 189 54 117 273 24 118 619 4053 27721 2866 1656 2548
internal_value=-5.32432e-07 -0.00384849 -0.00545714 -0.00716422 -0.0355079 -0.0868714 -0.0153344 0.0148026 -0.0383009 -0.0539824 -0.079047 0.000927053 0.00319322 -0.0133409 0.00322758 0.00429187 0.0124751 0.00121502 0.0238188 0.0425782 -0.0368494 0.00221789 -0.00665991 0.00501553 -0.084788 0.00110066 0.00919998 0.00543173 0.00579221 -0.0185043 0.0170447
internal_weight=110811 21528 20235 18948 1019 287 732 411 176 321 256 89283 54219 3377 1795 50842 10278 5159 5119 1986 243 40564 9718 30846 142 6601 4672 30704 30587 1929 2623
internal_count=110811 21528 20235 18948 1019 287 732 411 176 321 256 89283 54219 3377 1795 50842 10278 5159 5119 1986 243 40564 9718 30846 142 6601 4672 30704 30587 1929 2623
is_linear=0
shrinkage=0.0845865


Tree=214
num_leaves=32
num_cat=0
split_feature=8 15 96 97 66 4 29 81 39 66 19 33 36 80 87 94 73 90 60 31 100 88 80 49 10 32 41 4 56 0 22
split_gain=54.9612 151.43 98.0705 113.955 93.4099 109.457 106.424 131.499 109.334 130.399 161.978 103.247 96.5413 106.202 84.2863 82.4182 91.3055 76.3682 76.8209 77.3382 71.205 112.042 85.8158 64.3278 62.0814 108.552 152.416 177.689 110.35 103.655 124.049
threshold=0.1747441405456471 -0.038900200619748547 -0.0047013922775097491 -0.0017265875939176999 -0.018883519574094346 0.021607360014127604 0.0087064848208915514 0.016734418688365501 -0.0084242003623578986 0.0077219412940464508 -0.027723062984991297 -0.041544500709049095 0.010449902311420551 -0.022190241453693298 -0.0061437578027280998 -0.024002214607619296 -0.014096747515615097 -0.014258393433862999 -0.043026171364285444 0.035947877096195256 0.70065000000000011 0.0049297909738866006 -0.040810809492932747 -0.020226363520222047 -0.062634769454410891 0.014355282930664301 0.0039818317538914015 0.024468035762066253 -0.051673639460974044 0.3005157122154567 0.057533833638593358
decision_type=2 2 2 2 2 2 2 2 2 2 2 2 2 2 2 2 2 2 2 2 2 2 2 2 2 2 2 2 2 2 2
left_child=24 2 -2 -4 5 11 12 17 -9 10 -10 -3 14 -14 -6 16 -13 -8 -19 -20 21 -7 -22 -15 25 -1 27 -27 -29 30 -28
right_child=1 4 3 -5 6 20 7 8 9 -11 -12 15 13 23 -16 -17 -18 18 19 -21 22 -23 -24 -25 -26 26 29 28 -30 -31 -32
leaf_value=-0.013396228506202373 0.15284717785685001 0.13702698849002365 -0.088238434636189425 0.11337985398016287 -0.0047548378249648278 0.13470221678715444 0.050765000571502614 -0.0032836527928872261 -0.39457850514666593 -0.04378387917783156 -0.08754063104138339 -0.014780115919199182 -0.14984799075193969 -0.073892923684385256 0.077968886743323584 0.0049458252009135038 -0.22779356206578891 0.076888067243987918 -0.033106399309958935 -0.17472280473687829 -0.12507772886766019 -0.0052633299258549081 0.051375251140951747 0.03181753889969683 0.00039424111927819917 0.011661810218698426 0.026889961076348036 -0.13845030499685268 -0.02970119647280503 0.075293893946462867 -0.047986109447667215
leaf_weight=6225 88 27 36 45 151 149 103 46 27 37 23 29 41 59 210 99 29 35 149 34 25 56 92 136 99334 1166 1056 73 794 251 186
leaf_count=6225 88 27 36 45 151 149 103 46 27 37 23 29 41 59 210 99 29 35 149 34 25 56 92 136 99334 1166 1056 73 794 251 186
internal_value=-6.30948e-07 0.014975 0.0910167 0.0235101 0.00670411 0.0365682 -0.00765497 -0.0385317 -0.109247 -0.164984 -0.254069 -0.0153783 0.0157918 -0.0262171 0.0433135 -0.0417705 -0.121792 -0.00914939 -0.0375621 -0.0595877 0.0663151 0.0963745 0.0134402 -7.1685e-05 -0.000237788 -0.00667845 0.00517549 -0.00988769 -0.0388921 0.0257006 0.0156575
internal_weight=110811 1726 169 81 1557 506 1051 454 133 87 50 184 597 236 361 157 58 321 218 183 322 205 117 195 109085 9751 3526 2033 867 1493 1242
internal_count=110811 1726 169 81 1557 506 1051 454 133 87 50 184 597 236 361 157 58 321 218 183 322 205 117 195 109085 9751 3526 2033 867 1493 1242
is_linear=0
shrinkage=0.0845865


Tree=215
num_leaves=32
num_cat=0
split_feature=82 6 5 2 56 100 35 3 30 0 72 8 7 68 30 94 27 100 0 88 90 5 85 7 57 3 39 36 54 92 33
split_gain=54.0801 165.981 122.446 119.06 140.971 116.331 133.563 135.036 152.897 170.497 132.99 111.108 109.256 138.724 116.675 164.348 147.409 170.529 241.541 168.191 160.147 153.381 169.805 156.714 151.986 173.481 161.492 136.073 124.775 133.885 129.524
threshold=-0.0087234613413869986 0.035602023599793552 0.019276473153008154 -0.055883932151115645 0.021327694803908153 -0.3824999999999999 -0.081729259740639479 0.12681663250519523 0.029933809614453206 0.20883018170901521 0.055369962388166362 0.12852921933134767 -0.045065122558056593 0.055650477548638562 -0.065659477675427985 -0.00082167484153134992 -0.023401732639413798 -0.57239999999999991 0.095969385454499304 0.0049297909738866006 -0.021832174778155449 -0.026040004505604595 0.0038932365784467003 0.042955413539179511 0.0022687993223649001 -0.05166673925610684 -0.032065589697118098 -0.023311467548384496 0.037201898129837305 -0.026083629505969996 0.030772625465351904
decision_type=2 2 2 2 2 2 2 2 2 2 2 2 2 2 2 2 2 2 2 2 2 2 2 2 2 2 2 2 2 2 2
left_child=1 2 -1 4 -3 6 -4 8 10 -10 -8 -7 -2 14 15 28 17 18 20 -20 -16 -18 27 -24 25 -19 -26 -23 29 -14 -31
right_child=12 3 5 -5 -6 11 7 -9 9 -11 -12 -13 13 -15 16 -17 21 24 19 -21 -22 22 23 -25 26 -27 -28 -29 -30 30 -32
leaf_value=-0.0037116901684705011 0.00521839000792666 -0.019562693912469085 -0.049281708728341624 0.017341638996643493 0.034964518519962809 0.0012125374781132205 0.034894110035639692 0.10314969285031982 -0.050337948525122633 0.031849955155489905 -0.044958723145912795 -0.16180639911157757 0.04103022529041947 0.015104646540861218 0.064938109868614799 0.033321938731357477 0.0069981736738388492 -0.032098569515947528 -0.032527285623747418 -0.0026590779627570921 -0.1079508950227252 -0.014037368125837345 -0.0076642915446625626 -0.030699375721133983 0.021119106428864491 0.013018923025418022 -0.026669633257086284 0.0050893974627428413 0.050863551373190485 -0.051021719999876251 0.013986420978770843
leaf_weight=23348 13963 1425 190 7292 445 5880 2363 146 409 323 159 30 227 2821 43 1389 9439 727 2972 2473 340 3507 8651 2798 618 3775 2779 11034 224 703 318
leaf_count=23348 13963 1425 190 7292 445 5880 2363 146 409 323 159 30 227 2821 43 1389 9439 727 2972 2473 340 3507 8651 2798 618 3775 2779 11034 224 703 318
internal_value=-6.62237e-07 0.00239053 -0.000416835 0.0124579 -0.0065748 0.0076786 0.0196883 0.0235497 0.0199696 -0.0140433 0.0298503 0.000379621 -0.00146104 -0.00316216 -0.00415324 0.0124497 -0.00512002 -0.0125619 -0.0235386 -0.0189659 -0.0884769 -0.00223602 -0.00559051 -0.0132958 -0.00446038 0.00572808 -0.0179691 0.000474894 -0.00723184 -0.0176784 -0.0307539
internal_weight=110811 42010 32848 9162 1870 9500 3590 3400 3254 732 2522 5910 68801 54838 52017 2861 49156 13727 5828 5445 383 35429 25990 11449 7899 4502 3397 14541 1472 1248 1021
internal_count=110811 42010 32848 9162 1870 9500 3590 3400 3254 732 2522 5910 68801 54838 52017 2861 49156 13727 5828 5445 383 35429 25990 11449 7899 4502 3397 14541 1472 1248 1021
is_linear=0
shrinkage=0.0845865


Tree=216
num_leaves=32
num_cat=0
split_feature=13 26 21 54 52 10 64 28 25 0 98 95 54 62 56 45 68 82 3 100 31 27 77 75 76 66 79 71 44 28 71
split_gain=52.8038 73.2611 67.9572 119.37 65.6454 76.6836 63.0292 61.5862 60.9052 125.259 121.064 131.733 128.786 111.436 105.583 109.018 103.412 91.6568 88.6549 117.524 85.6004 83.9783 80.4179 104.126 92.5314 83.6412 75.7794 145.035 138.973 116.31 111.976
threshold=0.1460856899505418 0.0071107299158613508 -0.0018580145758187998 0.030144854386715502 0.0058788483855976509 -0.048241469237359093 0.013551982403696901 0.041535044316147157 -0.061716402903786195 0.31196271087278066 -0.030051553427074197 -0.079989604114505286 -0.018689469776026046 -0.027288185778674496 0.026000441840042503 0.013089606955773303 -0.021868495285622996 -0.022077809551543946 0.010947161251270002 0.70065000000000011 0.032119939932920012 -0.0080297683569068492 0.020445857512576906 -0.024065116053315745 -0.036107386350021892 -0.022094226993661748 -0.01231318402128955 0.0080787422890923524 0.062076983683348755 -0.10240213885675449 0.0077515781713187008
decision_type=2 2 2 2 2 2 2 2 2 2 2 2 2 2 2 2 2 2 2 2 2 2 2 2 2 2 2 2 2 2 2
left_child=8 2 3 6 -3 -6 -2 -4 9 10 12 -12 18 -14 15 -15 -16 21 19 20 -1 -11 -13 25 -25 -24 27 30 -29 -28 -10
right_child=1 4 7 -5 5 -7 -8 -9 26 17 11 22 13 14 16 -17 -18 -19 -20 -21 -22 -23 23 24 -26 -27 29 28 -30 -31 -32
leaf_value=-0.039806917265097733 0.057848807178876395 0.023493786195885876 0.029706210655827077 -0.064957460451090326 0.0066129409960833862 -0.11080596629204281 0.14492786512897857 -0.083878870181268952 0.0073824313725545359 -0.089578649468736088 -0.13357001391398599 0.0023420832245592952 0.0015243453967602636 -0.11387119901133179 -0.14642009200597386 -0.037868077336941412 0.047566167617385351 0.084178247902902001 0.049093594738719305 -0.19145562883829403 0.085488307222034834 0.067347513727864849 0.087237557083360534 -0.09682903990770679 -0.023498315276622269 -0.0047344111739406796 -0.028248828808129036 -0.0057513882919392615 0.031201115168090893 -0.00079886407324558759 0.085234119976473413
leaf_weight=147 184 208 132 43 84 75 89 46 21381 53 56 4553 219 333 25 229 91 180 188 28 53 45 96 140 1036 267 1123 12010 775 66789 133
leaf_count=147 184 208 132 43 84 75 89 46 21381 53 56 4553 219 333 25 229 91 180 188 28 53 45 96 140 1036 267 1123 12010 775 66789 133
internal_value=-5.64589e-07 0.0208644 0.0421359 0.0656784 -0.00771249 -0.0486625 0.0863435 0.000212851 -0.000164161 -0.00739924 -0.00947903 -0.00449548 -0.0327964 -0.0508386 -0.0677821 -0.082948 0.00551555 0.0483308 0.00605768 -0.0293386 -0.0064799 -0.0173067 -0.00330404 -0.0200208 -0.0322512 0.0195416 0.000383446 0.00362446 -0.00350959 -0.00125312 0.00786496
internal_weight=110811 861 494 316 367 159 273 178 109950 7739 7461 6148 1313 897 678 562 116 278 416 228 200 98 6092 1539 1176 363 102211 34299 12785 67912 21514
internal_count=110811 861 494 316 367 159 273 178 109950 7739 7461 6148 1313 897 678 562 116 278 416 228 200 98 6092 1539 1176 363 102211 34299 12785 67912 21514
is_linear=0
shrinkage=0.0845865


Tree=217
num_leaves=32
num_cat=0
split_feature=65 76 42 89 47 53 74 13 37 57 35 4 7 62 83 66 20 8 90 44 9 29 58 13 63 59 77 99 43 87 51
split_gain=52.1752 88.4864 109.64 102.333 112.767 88.1926 106.098 124.327 155.638 106.005 117.59 121.887 115.288 94.2474 93.3716 82.5509 106.063 89.8132 130.788 88.3874 126.714 90.023 87.043 82.3635 80.4093 95.049 75.907 74.454 81.3018 88.3604 73.4005
threshold=0.050490086676567854 -0.084053884084150779 0.056756531938173857 0.016017877117062301 -0.016210816248566896 -0.019165115395110299 0.026240758501236153 0.028332787273286104 -0.0069528444970650494 0.021388466656181652 0.030951229985207006 0.037154833724021862 0.04584389544947861 -0.0012984794806777998 0.062430061719162107 -0.00089818198308354985 0.053133446371368909 -0.045877169771293143 0.0074557491740481008 -0.07159924942739089 0.01312282302128835 0.021753808739687252 0.075301763166266758 0.037081557818335456 0.08385387183681571 0.016928223869671053 -0.015873656459525449 0.025313744756932755 -0.038814226161972894 -0.011715576803723199 -0.063395790533886928
decision_type=2 2 2 2 2 2 2 2 2 2 2 2 2 2 2 2 2 2 2 2 2 2 2 2 2 2 2 2 2 2 2
left_child=1 2 5 23 -5 9 14 8 -8 10 11 12 -1 -10 -7 16 24 18 26 20 -17 -22 27 -4 30 -26 -18 28 29 -19 -2
right_child=15 -3 3 4 -6 6 7 -9 13 -11 -12 -13 -14 -15 -16 19 17 22 -20 -21 21 -23 -24 -25 25 -27 -28 -29 -30 -31 -32
leaf_value=-0.075845281071845086 0.060757094648437315 -0.00022924791517816006 -6.5675418833820216e-05 -0.026404771428443302 -0.2525774878329699 0.030575771577296088 -0.23420119247841048 0.051564318128319381 0.064374817243537191 0.020070442585972615 0.038568343069129533 0.086523030617288457 -0.22418646796235525 -0.12368414008437228 -0.13612689426660313 0.11036302115234807 -0.046780338571799848 -0.22346030655678606 0.049853770811398683 0.011289176135990004 -0.097423908508482024 0.096788423553775788 0.10998172091432501 -0.17811625114444915 -0.0082772606366081549 -0.16552047620125504 -0.22339014283486708 -0.097128636876770619 0.0090191939440818977 -0.028512233455169695 0.0026816695451504146
leaf_weight=261 164 100634 97 26 41 567 41 56 38 162 70 28 44 38 25 150 27 24 28 4477 46 27 34 23 77 43 51 94 278 55 3085
leaf_count=261 164 100634 97 26 41 567 41 56 38 162 70 28 44 38 25 150 27 24 28 4477 46 27 34 23 77 43 51 94 278 55 3085
internal_value=-5.18775e-07 -0.000535129 -0.0208116 -0.0814654 -0.165239 -0.0122639 0.00643156 -0.0517902 -0.101442 -0.0376127 -0.0608527 -0.0818195 -0.0973592 -0.0294005 0.0234855 0.00630309 -0.00268953 -0.0357418 -0.106298 0.0138843 0.0658706 -0.0252778 -0.0202649 -0.0344489 0.00310287 -0.0648604 -0.16262 -0.0301459 -0.0124346 -0.088144 0.00562088
internal_weight=110811 102151 1517 187 67 1330 765 173 117 565 403 333 305 76 592 8660 3960 591 106 4700 223 73 485 120 3369 120 78 451 357 79 3249
internal_count=110811 102151 1517 187 67 1330 765 173 117 565 403 333 305 76 592 8660 3960 591 106 4700 223 73 485 120 3369 120 78 451 357 79 3249
is_linear=0
shrinkage=0.0845865


Tree=218
num_leaves=32
num_cat=0
split_feature=26 59 60 93 59 72 45 6 45 59 24 66 65 59 5 2 42 66 48 49 3 4 92 78 37 19 78 54 43 59 39
split_gain=53.6167 95.235 119.036 103.217 103.055 107.72 100.728 99.7311 115.235 171.233 100.978 92.0857 90.9151 88.606 143.045 87.065 89.039 96.3638 87.1392 86.6092 111.724 99.4669 116.553 106.809 97.7575 117.559 92.7527 89.6001 86.0544 84.3272 83.9734
threshold=0.047611767690624356 0.011436177374861403 -0.0074810519216395492 -0.019953255419439094 0.033698079221215753 0.095710474938904402 -0.0104510930277816 -0.05522910473238369 0.031644550270272208 0.0081258563424643025 -0.011851749162440698 0.10470944693594526 0.11789088437622167 -0.10489779580306173 -0.0035414969197495997 0.15330236509181364 0.042674414010976304 -0.052812171253540548 0.014042695991830301 -0.048210884649923645 0.16978894556136356 0.00044750378011205002 -0.021770610346397247 0.067651382919040673 0.038508484008544959 -0.08258641615965813 -0.014074607303130298 0.015512911734520051 -0.014629072972928347 -0.12377056851478724 -0.064510821965487436
decision_type=2 2 2 2 2 2 2 2 2 2 2 2 2 2 2 2 2 2 2 2 2 2 2 2 2 2 2 2 2 2 2
left_child=12 3 -3 -2 6 -6 -4 8 9 11 -9 -5 13 14 -1 16 18 -18 -12 20 21 24 23 -23 25 -15 -24 -26 -22 -16 -21
right_child=1 2 4 7 5 -7 -8 10 -10 -11 15 -13 -14 19 29 -17 17 -19 -20 30 28 22 26 -25 27 -27 -28 -29 -30 -31 -32
leaf_value=-0.0047184364521847648 0.016266440054046007 0.00044353846559563046 0.018563438955786507 -0.035043571443933857 0.012118896745821334 -0.15567025335278753 0.063666230863922715 -0.018684183038741912 0.026328548229338278 -0.17616640936719327 0.007300578289130436 0.10429132465164072 0.041249577531737747 0.046903523602691219 0.026763719477306522 -0.10000045412304016 -0.14459622582173784 -0.011361194693540732 0.044146774217404511 0.010630949494789798 -0.25091040368056139 -0.016342286882187997 -0.010005403937998441 -0.14932000097563378 -0.012992925743896379 -0.026294790843344601 0.021443440523343585 0.038280447501312896 -0.020939042050383553 0.11342803675479507 -0.00085768406645922522
leaf_weight=408 1887 2268 678 996 1094 28 746 1391 239 61 1694 35 369 164 160 51 45 285 631 4813 24 1086 1038 45 647 3544 1894 391 23 163 83913
leaf_count=408 1887 2268 678 996 1094 28 746 1391 239 61 1694 35 369 164 160 51 45 285 631 4813 24 1086 1038 45 647 3544 1894 391 23 163 83913
internal_value=-5.94466e-07 0.0053064 0.0145459 -0.000771258 0.0270997 0.00790372 0.0422085 -0.00669833 -0.0268137 -0.0384651 -0.000157866 -0.0302864 -0.000653096 -0.000810615 0.0285266 0.00935781 0.0114689 -0.0296195 0.0173107 -0.00103062 -0.00900702 -0.00830992 0.00139969 -0.0216604 -0.0166266 -0.0230508 0.0103025 0.00630172 -0.139012 0.0705786 -0.000234228
internal_weight=110811 12129 4814 7315 2546 1122 1424 5428 1331 1092 4097 1031 98682 98313 731 2706 2655 330 2325 97582 8856 8809 4063 1131 4746 3708 2932 1038 47 323 88726
internal_count=110811 12129 4814 7315 2546 1122 1424 5428 1331 1092 4097 1031 98682 98313 731 2706 2655 330 2325 97582 8856 8809 4063 1131 4746 3708 2932 1038 47 323 88726
is_linear=0
shrinkage=0.0845865


Tree=219
num_leaves=32
num_cat=0
split_feature=67 0 45 81 55 82 88 68 3 0 23 36 78 4 34 82 73 48 2 83 54 75 44 97 68 15 92 99 43 6 84
split_gain=52.8933 155.376 157.766 149.025 144.741 134.239 153.958 134.403 129.676 162.754 164.735 179.496 128.502 118.003 142.591 169.569 144.18 113.409 113.095 110.521 105.554 109.727 104.457 107.102 102.451 127.788 124.907 111.673 111.003 112.123 108.384
threshold=-0.014149128090135148 0.093523567680457165 -0.0010371685473463997 -0.042199409959135147 0.012754565359636703 0.0098796548443324025 -0.0097490732632819471 0.016790155674262803 -0.074239912271120742 0.19649691763384661 -0.040528446688814744 -0.0056126735273164486 -0.018839816300949497 -0.065733855087852441 -0.018049585404997848 0.021629113349192403 -0.0014952998946274499 0.030029236993730453 -0.013335551976486348 0.030836475102919505 0.011142965493495001 0.0028570245990160504 0.051884151635313458 0.026566755231520554 0.035371000782734759 -0.11688891795680724 0.034210587645159309 -0.09680015620631878 -0.038814226161972894 0.14380959573279709 0.065752955439512914
decision_type=2 2 2 2 2 2 2 2 2 2 2 2 2 2 2 2 2 2 2 2 2 2 2 2 2 2 2 2 2 2 2
left_child=1 2 4 -4 5 18 7 -7 9 10 11 -3 -6 -5 15 17 -16 -15 -1 -18 21 -8 23 -20 25 -2 27 -26 -29 -30 -27
right_child=24 8 3 13 12 6 20 -9 -10 -11 -12 -13 -14 14 16 -17 19 -19 22 -21 -22 -23 -24 -25 26 30 -28 28 29 -31 -32
leaf_value=-0.075214585706119094 -0.031960675954147387 -0.017265809416354343 -0.15052725905530459 0.092347487311303655 -0.061099064114712449 -0.09068691335990943 -0.0012411597783127549 -0.32030040861838743 0.00095776706564009795 -0.003203483230662552 -0.0273938635866318 -0.19480465693661608 0.069614848842880078 -0.044500298085573049 -0.058615934837205251 -0.2301411334851666 -0.0021618337492202455 -0.23723150169738966 0.010830257370284119 0.16511594881120853 0.03009003603876351 -0.14867891702818364 -0.13895265750836874 0.11032947683776272 -0.14746956671664402 0.0010622170673809102 0.032167786800262402 0.027592076917921499 2.4352668620631466e-05 0.059008603798514025 -0.021014513243552697
leaf_weight=106 881 73 85 50 66 69 72 25 30065 3024 1307 93 287 246 438 51 467 24 441 30 126 73 28 94 34 60457 1443 1427 7357 238 1634
leaf_count=106 881 73 85 50 66 69 72 25 30065 3024 1307 93 287 246 438 51 467 24 441 30 126 73 28 94 34 60457 1443 1427 7357 238 1634
internal_value=-5.55327e-07 -0.00259302 -0.0218391 -0.0419677 -0.001636 -0.0176166 -0.0588777 -0.152163 -0.00104541 -0.0144424 -0.0374997 -0.116897 0.0451082 -0.0348786 -0.0399649 -0.0886245 -0.0232315 -0.0617648 0.00486683 0.00791322 -0.0264124 -0.0756493 0.0199892 0.0283637 0.00131672 2.66363e-05 0.00905242 0.00536661 0.00594603 0.00187601 0.000480876
internal_weight=110811 37340 2778 1391 1387 1034 365 94 34562 4497 1473 166 353 1306 1256 321 935 270 669 497 271 145 563 535 73471 62972 10499 9056 9022 7595 62091
internal_count=110811 37340 2778 1391 1387 1034 365 94 34562 4497 1473 166 353 1306 1256 321 935 270 669 497 271 145 563 535 73471 62972 10499 9056 9022 7595 62091
is_linear=0
shrinkage=0.0845865


Tree=220
num_leaves=32
num_cat=0
split_feature=31 98 7 19 28 13 68 40 77 21 86 83 30 86 96 53 100 66 85 0 87 70 86 100 76 74 48 66 60 7 84
split_gain=52.6581 91.2156 90.6531 98.9305 88.5019 117.65 114.844 100.96 94.7499 92.4296 89.3435 89.0477 88.4235 125.912 143.114 128.382 144.05 125.652 122.38 190.848 119.98 107.67 166.177 131.934 125.834 130.499 106.605 102.781 102.055 98.7856 98.4205
threshold=-0.056405694904297497 0.077001744271285311 -0.078970114533016084 -0.016635069041511494 0.071292518634747268 0.032543644737280712 0.015382874758878552 0.024079723435411305 0.043911491291971354 -0.061735943666993691 0.065992513894099714 0.076146717825302163 0.04763940234616041 0.014298829265392152 0.04015649013067666 0.0006701465824908001 -0.31744999999999995 -0.03716177260508189 -0.033022182828184345 0.085859982816012717 -0.021015907763224647 0.063631841878698761 -0.075746196828089335 -0.63704999999999989 -0.032816264820907347 0.029842195334475501 -0.027602348005851447 -0.046471697639360494 0.013559680985890101 -0.017774727675819498 -0.015570784896977198
decision_type=2 2 2 2 2 2 2 2 2 2 2 2 2 2 2 2 2 2 2 2 2 2 2 2 2 2 2 2 2 2 2
left_child=-1 4 3 -3 12 8 7 11 10 -8 -6 -7 17 15 -15 16 20 18 19 -2 -14 24 -23 -24 25 -19 -26 29 -18 -17 -21
right_child=1 2 -4 -5 5 6 9 -9 -10 -11 -12 -13 13 14 -16 27 28 21 -20 30 -22 22 23 -25 26 -27 -28 -29 -30 -31 -32
leaf_value=-0.0059605302531402131 -0.25124230866790986 -0.14087375108995207 0.028318816693588832 0.01552930894333514 0.017952197123984007 -0.00082319850376657796 -0.12401802026974536 0.052802400401072119 0.059879088873638658 -0.025111050716188025 -0.058982217029862921 -0.13533250692870666 0.00081335344679209134 0.011711776629389941 -0.042687647007565777 0.10806487905323836 -0.020823680243055979 -0.003270579088111489 -0.0038548251209367481 0.0052208454332346946 -0.049694578015658741 -0.11982949738924058 0.047589932558298402 0.0088943748813464316 0.0099179744541982341 -0.029358735469192015 0.00088983073132066091 -0.0061847073784055268 0.021220583795906481 0.0037935770173653676 -0.038124487345073732
leaf_weight=9681 27 49 1302 70 2898 712 80 270 381 442 112 37 422 3255 387 113 1252 7808 8367 540 1645 62 882 2217 11593 1665 48577 3976 616 154 1219
leaf_count=9681 27 49 1302 70 2898 712 80 270 381 442 112 37 422 3255 387 113 1252 7808 8367 540 1645 62 882 2217 11593 1665 48577 3976 616 154 1219
internal_value=-6.93135e-07 0.000569625 0.021849 -0.0487356 0.000266134 0.0113133 -0.00805631 0.00845392 0.0201219 -0.0403238 0.0150812 -0.00750767 -0.000308522 -0.0071533 0.00592476 -0.0129801 -0.0239858 0.000666495 -0.00814845 -0.0282503 -0.0393728 0.0018961 0.0171649 0.0199151 0.00120274 -0.00785833 0.00262965 -0.0027681 -0.00694731 0.048019 -0.024806
internal_weight=110811 101130 1421 119 99709 4932 1541 1019 3391 522 3010 749 94777 11820 3642 8178 3935 82957 10153 1786 2067 72804 3161 3099 69643 9473 60170 4243 1868 267 1759
internal_count=110811 101130 1421 119 99709 4932 1541 1019 3391 522 3010 749 94777 11820 3642 8178 3935 82957 10153 1786 2067 72804 3161 3099 69643 9473 60170 4243 1868 267 1759
is_linear=0
shrinkage=0.0845865


Tree=221
num_leaves=32
num_cat=0
split_feature=38 58 7 0 54 59 93 72 62 61 88 29 89 71 69 35 26 42 42 96 49 54 68 77 57 52 76 66 64 19 71
split_gain=51.7073 81.3072 115.013 92.2714 88.9421 141.748 100.342 87.4121 116.929 94.972 89.4227 106.112 101.49 98.9812 116.083 98.6971 98.2135 114.494 104.706 89.2653 81.5073 79.9419 81.0471 82.676 77.4491 76.995 76.7026 75.8531 74.9437 74.5695 85.3164
threshold=0.056013218138260261 -0.0052830337549939497 -0.053761832459276092 0.07251470438803076 0.051636130345793653 0.044291513222251659 0.011530946705732301 0.054036359396492456 0.0016807029742406004 0.029686608951772702 0.0088032777333276017 0.089899597758974409 0.049054698478590862 0.016514649088481156 0.047817465757376956 -0.046662411338563893 -0.059383993821634139 -0.024129371255769898 -0.030812733243440797 -0.022768710024058395 -0.023244518122304148 0.041421237098623505 0.072641058396243921 -0.04242843302784529 0.08541018664323706 -0.020357511236290798 -0.033428489090766442 0.011840107293441052 -0.028268070737896295 0.025269154529364051 0.03935839352474841
decision_type=2 2 2 2 2 2 2 2 2 2 2 2 2 2 2 2 2 2 2 2 2 2 2 2 2 2 2 2 2 2 2
left_child=-1 2 20 -3 21 6 25 10 9 29 11 13 16 24 -15 -13 18 -18 -12 -10 -2 22 23 -4 -5 -6 -21 -25 -27 30 -9
right_child=1 3 4 7 5 -7 -8 8 19 -11 12 15 -14 14 -16 -17 17 -19 -20 26 -22 -23 -24 27 -26 28 -28 -29 -30 -31 -32
leaf_value=0.00054680957131266557 -0.026178444248225345 -0.13490695425836915 0.04227992051322696 0.016157494181226317 0.12527211421501869 -0.21365658039586105 -0.096550684429713374 0.062547110453478355 0.0028924880681188165 -0.095035558762090785 -0.20171302455277396 -0.21773055512303011 0.04740724045936167 -0.031870171032979094 0.074832043728048497 -0.03347491063640376 0.0086768830060066568 -0.03943193699055593 -0.043824598805632116 -0.0091604805186962495 0.049863493889101662 0.071310381940758796 0.092213736440811878 -0.020391072729430783 -0.12528490030528916 0.10867773564863645 -0.18011688081337712 0.0095556464374134363 -0.053874789178310317 -0.06843452178149341 -0.11204053193013301
leaf_weight=101676 124 44 251 1956 35 33 92 149 39 83 46 28 135 721 81 82 541 1020 88 24 532 111 64 1537 28 26 91 997 91 63 23
leaf_count=101676 124 44 251 1956 35 33 92 149 39 83 46 28 135 721 81 82 541 1020 88 24 532 111 64 1537 28 26 91 997 91 63 23
internal_value=-6.84333e-07 -0.00609679 0.00315893 -0.0129746 -0.00338031 -0.0492099 -0.02683 -0.0119367 -0.0466534 -0.0172673 -0.00846431 0.000777868 -0.0231013 0.00400328 -0.0210617 -0.0806727 -0.0287312 -0.0227454 -0.0982569 -0.107162 0.0354561 0.000902281 -0.00183501 -0.00400606 0.0141465 0.015253 -0.14465 -0.00860022 -0.017529 0.0101282 0.0390431
internal_weight=110811 9135 3893 5242 3237 277 244 5198 472 318 4726 2896 1830 2786 802 110 1695 1561 134 154 656 2960 2849 2785 1984 152 115 2534 117 235 172
internal_count=110811 9135 3893 5242 3237 277 244 5198 472 318 4726 2896 1830 2786 802 110 1695 1561 134 154 656 2960 2849 2785 1984 152 115 2534 117 235 172
is_linear=0
shrinkage=0.0845865


Tree=222
num_leaves=32
num_cat=0
split_feature=100 0 29 28 39 64 7 19 58 89 86 16 61 64 59 43 63 79 6 18 92 10 30 5 28 11 4 26 25 75 63
split_gain=50.9248 211.72 217.484 242.788 188.611 226.929 187.694 187.163 185.644 196.303 232.249 193.87 183.033 249.632 177.409 173.087 172.331 200.06 194.854 167.387 161.808 160.902 151.782 191.214 146.96 151.009 146.818 144.5 144.268 142.532 145.596
threshold=-0.12714999999999996 0.12478863389413276 0.0043375694570429004 -0.01357445872184075 0.013557580056249753 0.016465633933872705 -0.023846056572787998 -0.0026242057610582495 -0.0043468297599343489 0.054084668445776404 0.0070287518160548007 -0.022699345512264695 0.032626407248431556 -0.0073244931776094988 0.0081258563424643025 0.0079661447939358022 -0.023095668617660898 -0.015418982159552197 0.015417880071784051 -0.025467186893736695 0.020332120654063205 -0.024883951436218899 -0.014763738524692699 0.017437847474975454 -0.060643550149978291 0.041430604339363908 -0.0083769570594045481 -0.087780697106298933 0.066000761789460766 -0.029109255266141349 0.036758287688070553
decision_type=2 2 2 2 2 2 2 2 2 2 2 2 2 2 2 2 2 2 2 2 2 2 2 2 2 2 2 2 2 2 2
left_child=1 2 3 4 5 20 16 14 9 -4 -11 29 13 -6 21 -2 17 -5 -19 -7 -1 -8 23 27 -13 -26 -27 -3 -24 -10 -31
right_child=15 22 8 6 12 19 7 -9 11 10 -12 24 -14 -15 -16 -17 -18 18 -20 -21 -22 -23 28 -25 25 26 -28 -29 -30 30 -32
leaf_value=-0.031598359807689165 -0.0055899360778188306 -0.052133763771093987 0.025483244442531954 -0.24445971172934139 0.026789624776974882 -0.052223771813268462 0.01589592963839281 0.0028924004955683492 -0.14984035628665823 -0.25342863336721849 0.014999275220273932 -0.16298756348807383 -0.23725471225085068 -0.10351116991734298 0.002823988048975191 0.0038073958617070203 0.04720646199759565 0.085379287320047792 -0.19945577408362644 0.064898872726555146 -0.11759573355553152 -0.080173834078044265 0.0027638438912105357 0.027049139431345754 0.011651810846670874 -0.1408124520598576 0.037090593877747949 0.0071977490800382406 -0.019988040191840292 -0.019867926283054498 -0.1527262209248692
leaf_weight=784 34167 303 2347 32 142 129 151 1516 91 40 54 38 51 403 439 23784 644 60 24 269 196 707 26223 4143 1772 94 51 9434 2158 498 67
leaf_count=784 34167 303 2347 32 142 129 151 1516 91 40 54 38 51 403 439 23784 644 60 24 269 196 707 26223 4143 1772 94 51 9434 2158 498 67
internal_value=-7.25388e-07 0.00189772 -0.00879103 -0.0203549 -0.0441648 -0.0269445 -0.00719397 -0.0172758 0.00390179 0.0206745 -0.099097 -0.0117709 -0.0839364 -0.069523 -0.0408648 -0.00173276 0.0300923 -0.06471 0.0036514 0.0268811 -0.0488264 -0.0632417 0.00457895 0.0118278 0.00157055 0.00484916 -0.0781045 0.00534892 0.00103307 -0.0515593 -0.0356766
internal_weight=110811 52860 10599 5547 1974 1378 3573 2813 5052 2441 94 2611 596 545 1297 57951 760 116 84 398 980 858 42261 13880 1955 1917 145 9737 28381 656 565
internal_count=110811 52860 10599 5547 1974 1378 3573 2813 5052 2441 94 2611 596 545 1297 57951 760 116 84 398 980 858 42261 13880 1955 1917 145 9737 28381 656 565
is_linear=0
shrinkage=0.0845865


Tree=223
num_leaves=32
num_cat=0
split_feature=65 45 86 51 0 88 5 30 64 39 33 29 81 29 6 42 0 17 9 93 71 39 70 15 31 31 17 44 78 91 37
split_gain=50.9062 111.546 107.259 153.9 123.249 136.442 163.266 159.416 124.691 120.204 112.646 147.168 136.095 163.775 119.467 103.577 161.312 177.755 168.178 152.686 127.943 117.25 99.5731 97.9974 95.3754 94.1379 91.5449 99.9596 90.287 89.5923 88.0305
threshold=-0.027725897441189449 0.13932085995205892 0.011147028176636651 0.02696884228286615 0.14255091408695378 0.0073267621809876508 0.020752554110171902 -0.053744597461939991 0.056783854966302609 0.00078149226533000011 0.023088422292553753 0.052455190810147455 -0.05565824902060159 0.0090730158371433514 -0.12665026965396728 0.025245114969889505 0.16463560600226879 -0.024243434480234347 -0.061577147724922239 -0.01319680021880215 0.069603256575461223 0.069591778432053067 0.061706595671014858 -0.0067564994056995989 -0.051051286226748989 -0.12674992056515619 -0.053953245617819341 0.014845757119162003 0.015057530971893203 -0.0062394915804451492 -0.023510929902845246
decision_type=2 2 2 2 2 2 2 2 2 2 2 2 2 2 2 2 2 2 2 2 2 2 2 2 2 2 2 2 2 2 2
left_child=1 2 3 10 5 6 9 -8 24 -5 11 12 13 -1 -12 20 17 18 19 -17 30 28 -13 -3 -7 -16 27 -6 -19 -14 -4
right_child=-2 23 15 4 26 8 7 -9 -10 -11 14 22 29 -15 25 16 -18 21 -20 -21 -22 -23 -24 -25 -26 -27 -28 -29 -30 -31 -32
leaf_value=-0.0088711700201497736 0.00091143545818774365 0.15971245696464315 0.0065595115445155165 0.02279143806303854 -0.080803285992642873 -0.10911040427135361 0.051855730309521203 -0.16647100591190728 -0.17883831818592849 -0.081052841025158376 0.166805082924847 -0.044334119253570066 0.020304305487577775 -0.11011868504411548 -0.15050580313893067 -0.36313262271674052 -0.013130845776003736 -0.069840362079638715 -0.078436262379765073 -0.081021720380588913 0.047596048564887111 0.13665476298696172 0.051993798213007612 -0.0054580123154417022 0.014107849019729175 0.021108698511457726 0.0014372715085310146 0.017548394021937915 0.017217807750556272 -6.3591104177717297e-05 -0.015638000429280756
leaf_weight=504 88418 56 1883 146 212 50 28 158 29 175 40 699 2710 148 23 35 1719 297 131 23 306 27 86 47 439 2353 2274 113 119 3590 3973
leaf_count=504 88418 56 1883 146 212 50 28 158 29 175 40 699 2710 148 23 35 1719 297 131 23 306 27 86 47 439 2353 2274 113 119 3590 3973
internal_value=-7.63621e-07 -0.00360349 -0.00401035 0.000600602 -0.0143615 -0.0392026 -0.0703997 -0.133483 -0.00862173 -0.0337602 0.00594331 0.000961569 0.00488449 -0.0318953 0.0218876 -0.0114749 -0.0265823 -0.0631305 -0.131835 -0.251848 -0.00570729 -0.0337553 -0.0337504 0.0841817 0.00145222 0.0194343 -0.00455566 -0.046545 -0.0448867 0.00869458 -0.00849675
internal_weight=110811 22393 22290 13777 3624 1025 507 186 518 321 10153 7737 6952 652 2416 8513 2351 632 189 58 6162 443 785 103 489 2376 2599 325 416 6300 5856
internal_count=110811 22393 22290 13777 3624 1025 507 186 518 321 10153 7737 6952 652 2416 8513 2351 632 189 58 6162 443 785 103 489 2376 2599 325 416 6300 5856
is_linear=0
shrinkage=0.0845865


Tree=224
num_leaves=32
num_cat=0
split_feature=68 11 63 40 69 96 31 62 18 50 62 11 4 37 26 81 34 93 11 77 38 12 17 13 22 50 17 0 20 60 98
split_gain=50.654 72.1297 66.9668 83.4996 121.834 113.781 151.175 109.445 107.919 123.373 112.886 105.841 103.112 93.2885 92.2008 123.384 101.694 88.5462 86.6735 179.381 120.504 173.793 143.337 132.232 128.848 119.042 108.844 117.632 114.7 107.594 132.331
threshold=-0.083059174391951637 0.12286408967116695 -0.052886120383337842 -0.033068089332122443 0.027116421873483901 -0.020450028136503293 -0.03721433956500194 -0.0082744159475764481 0.051567203308307358 0.017487423062358554 -0.0072598927292589991 0.070533442334086358 -0.011845479958107948 -0.020435688821922197 -0.0098647202116160983 -0.061606243935264739 0.076514654030738816 0.062043593909732804 0.04206493927765801 0.059991272021651408 0.016249684598347403 -0.039703582313681339 0.058465853457975163 -0.071620997550081847 -0.079823189881145437 -0.031389394054073795 -0.00068186172674119985 0.11085437453111217 0.0054354558241520501 0.070976094306241314 -0.036731274245643195
decision_type=2 2 2 2 2 2 2 2 2 2 2 2 2 2 2 2 2 2 2 2 2 2 2 2 2 2 2 2 2 2 2
left_child=1 -1 -2 4 7 6 -6 14 10 -10 -9 17 -11 -12 16 -16 -4 -8 20 -20 29 22 23 -22 -23 -21 28 -28 -27 -5 -31
right_child=2 -3 3 18 5 -7 11 8 9 12 13 -13 -14 -15 15 -17 -18 -19 19 25 21 24 -24 -25 -26 26 27 -29 -30 30 -32
leaf_value=-0.014988278116959021 0.0082012325915957456 0.090810316627171442 0.016697764779232509 0.0026165076186721592 -0.029124645901523874 -0.00092115620214660188 0.060145438772689269 -0.085248430971195693 -0.066756242984990541 0.049670190040282891 -0.024574172660090952 -0.043438127853450845 -0.050174170394156226 -0.0044275746161499012 -0.089733874844905234 -0.0054541993273939495 -0.061007028923569656 -0.092438419222490728 0.0085061780349382256 0.02925112123825778 -0.048233053087581447 0.024192458607627247 0.065345627239617066 0.0098589960454243571 -0.011624282171166544 -0.043567157461258076 -0.19980524170425787 -0.0054847254736673104 -0.15856972349974913 -0.094230133964321339 -0.011931392534211611
leaf_weight=2151 7095 47 2301 44423 244 3185 804 147 560 151 2343 86 145 5528 128 4264 127 28 15153 166 305 754 306 3451 15148 144 24 306 110 162 1025
leaf_count=2151 7095 47 2301 44423 244 3185 804 147 560 151 2343 86 145 5528 128 4264 127 28 15153 166 305 754 306 3451 15148 144 24 306 110 162 1025
internal_value=-7.56787e-07 -0.0127136 0.000256325 -0.000298733 -0.00519024 0.00733839 0.0299946 -0.00866186 -0.0148544 -0.0434114 -0.0118027 0.0457324 0.000687715 -0.0104276 -0.000601097 -0.0079166 0.012623 0.0549779 0.00090418 0.00650638 -0.000454146 -0.00593517 0.00967731 0.00513528 -0.00992458 -0.0338663 -0.051845 -0.0197189 -0.0934836 0.0019445 -0.023186
internal_weight=110811 2198 108613 101518 20041 4347 1162 15694 8874 856 8018 918 296 7871 6820 4392 2428 832 81477 15903 65574 19964 4062 3756 15902 750 584 330 254 45610 1187
internal_count=110811 2198 108613 101518 20041 4347 1162 15694 8874 856 8018 918 296 7871 6820 4392 2428 832 81477 15903 65574 19964 4062 3756 15902 750 584 330 254 45610 1187
is_linear=0
shrinkage=0.0845865


Tree=225
num_leaves=32
num_cat=0
split_feature=19 47 96 48 36 77 32 57 100 28 68 69 9 18 17 36 100 52 32 22 63 33 60 37 88 49 37 20 0 9 57
split_gain=50.1616 101.454 131.327 121.377 111.537 134.95 143.444 119.067 118.43 133.199 116.535 123.006 116.356 113.543 125.198 113.465 111.802 125.211 104.572 102.692 101.954 100.353 99.4458 108.137 133.675 96.5803 106.652 123.848 142.971 153.245 118.763
threshold=0.021164155982204804 -0.016210816248566896 -0.016833677400057648 0.0025356512751507506 0.0029778967987228503 -0.024083481498327397 0.013933268061053652 0.095858317422411757 -0.63704999999999989 0.067946891411241009 0.043992072451873608 -0.014377538580585299 0.094949386485631324 -0.011324167774954248 0.0043594718565086515 -0.10200133148085692 -0.80189999999999995 0.041189926946671208 0.040384957910823853 0.10380358975687902 -0.050544111675938093 -0.07606565086468968 0.047315326108060607 -0.0073445943065048496 0.0031437528690052004 -0.046338464949938589 -0.025688560335136997 0.038727575202615307 0.17194073010779493 -0.094228828173285387 0.050311712996141504
decision_type=2 2 2 2 2 2 2 2 2 2 2 2 2 2 2 2 2 2 2 2 2 2 2 2 2 2 2 2 2 2 2
left_child=1 2 19 25 5 7 15 16 12 -10 11 -6 -8 14 -13 -7 18 -18 -5 -1 -17 -4 23 24 -21 -3 -27 30 29 -29 -28
right_child=-2 3 21 4 10 6 8 -9 9 -11 -12 13 -14 -15 -16 20 17 -19 -20 22 -22 -23 -24 -25 -26 26 27 28 -30 -31 -32
leaf_value=0.016674199611238255 -0.0027921209111523688 -0.011197948387109247 -0.027226417287601039 -0.041706870846997597 -0.017310328737609283 0.060551178620173153 0.0014845470270841564 -0.10346234941428221 -0.045771368816869558 0.052156987076569898 0.025959085219424104 0.0023779526063845489 -0.11548489645827065 -0.0058239202062010699 0.037191874151517861 0.026970565227826159 0.022553874593973015 -0.037747639525166986 0.05795217191930381 -0.2539904725647088 -0.01345176775291354 0.0030411539126956452 -0.19682817348064671 0.035352179492719599 -0.0046746633798646865 0.013968508949401912 0.0062511019873175899 0.053023471773864315 0.0042112052389425029 -0.039843039535035055 -0.021591314904390778
leaf_weight=7188 32542 3188 821 484 2787 166 934 71 2124 104 1172 1933 65 3979 1198 484 2090 279 89 26 5700 17206 27 96 38 6312 15368 139 1559 1462 1180
leaf_count=7188 32542 3188 821 484 2787 166 934 71 2124 104 1172 1933 65 3979 1198 484 2090 279 89 26 5700 17206 27 96 38 6312 15368 139 1559 1462 1180
internal_value=-8.78355e-07 0.00115937 0.00555287 -0.000951262 -0.00545484 -0.0109006 -0.0158131 0.00470697 -0.0303371 -0.0411892 0.000737374 -0.00224738 -0.00611191 0.00365416 0.015706 -0.00842862 0.00732696 0.0154422 -0.0261855 0.0150619 -0.0102844 0.00166141 -0.0467806 -0.021256 -0.10645 0.00269599 0.00439913 0.00133318 -0.0140096 -0.0317651 0.00426436
internal_weight=110811 78269 25402 52867 23659 12590 9577 3013 3227 2228 11069 9897 999 7110 3131 6350 2942 2369 573 7375 6184 18027 187 160 64 29208 26020 19708 3160 1601 16548
internal_count=110811 78269 25402 52867 23659 12590 9577 3013 3227 2228 11069 9897 999 7110 3131 6350 2942 2369 573 7375 6184 18027 187 160 64 29208 26020 19708 3160 1601 16548
is_linear=0
shrinkage=0.0845865


end of trees

feature_importances:
Sentiment=217
SVD_1=215
SVD_15=203
SVD_11=176
SVD_21=169
SVD_3=156
SVD_0=154
SVD_7=151
SVD_28=136
SVD_24=134
SVD_9=129
SVD_38=125
SVD_33=124
SVD_13=123
SVD_62=113
SVD_20=108
SVD_2=107
SVD_4=106
SVD_42=98
SVD_22=97
SVD_14=94
SVD_26=91
SVD_12=90
SVD_60=84
SVD_68=84
SVD_6=83
SVD_5=82
SVD_34=82
SVD_93=82
SVD_18=78
SVD_74=75
SVD_90=74
SVD_94=74
SVD_19=72
SVD_69=72
SVD_70=72
SVD_63=71
SVD_8=69
SVD_91=69
SVD_55=68
SVD_30=67
SVD_23=66
SVD_40=65
SVD_31=64
SVD_39=63
SVD_49=63
SVD_84=62
SVD_46=61
SVD_65=61
SVD_88=61
SVD_17=60
SVD_29=59
SVD_48=58
SVD_95=58
SVD_10=57
SVD_80=57
SVD_77=56
SVD_51=54
SVD_27=53
SVD_66=53
SVD_89=50
SVD_54=47
SVD_75=47
SVD_59=46
SVD_97=46
SVD_79=45
SVD_53=43
SVD_64=42
SVD_43=41
SVD_87=41
SVD_82=40
SVD_25=39
SVD_32=38
SVD_96=38
SVD_44=37
SVD_45=36
SVD_76=36
SVD_36=35
SVD_67=35
SVD_37=34
SVD_71=34
SVD_72=33
SVD_61=32
SVD_99=32
SVD_73=31
SVD_78=31
SVD_83=31
SVD_58=30
SVD_85=30
SVD_56=29
SVD_86=29
SVD_47=27
SVD_92=27
SVD_98=27
SVD_16=25
SVD_35=25
SVD_41=25
SVD_57=25
SVD_81=25
SVD_52=23
SVD_50=14

parameters:
[boosting: gbdt]
[objective: regression]
[metric: l2]
[tree_learner: serial]
[device_type: cpu]
[data_sample_strategy: bagging]
[data: ]
[valid: ]
[num_iterations: 226]
[learning_rate: 0.0845865]
[num_leaves: 32]
[num_threads: 8]
[seed: 42]
[deterministic: 0]
[force_col_wise: 0]
[force_row_wise: 0]
[histogram_pool_size: -1]
[max_depth: 8]
[min_data_in_leaf: 23]
[min_sum_hessian_in_leaf: 0.001]
[bagging_fraction: 0.837286]
[pos_bagging_fraction: 1]
[neg_bagging_fraction: 1]
[bagging_freq: 0]
[bagging_seed: 400]
[bagging_by_query: 0]
[feature_fraction: 0.875106]
[feature_fraction_bynode: 1]
[feature_fraction_seed: 30056]
[extra_trees: 0]
[extra_seed: 12879]
[early_stopping_round: 0]
[early_stopping_min_delta: 0]
[first_metric_only: 0]
[max_delta_step: 0]
[lambda_l1: 0.251829]
[lambda_l2: 0.066249]
[linear_lambda: 0]
[min_gain_to_split: 0]
[drop_rate: 0.1]
[max_drop: 50]
[skip_drop: 0.5]
[xgboost_dart_mode: 0]
[uniform_drop: 0]
[drop_seed: 17869]
[top_rate: 0.2]
[other_rate: 0.1]
[min_data_per_group: 100]
[max_cat_threshold: 32]
[cat_l2: 10]
[cat_smooth: 10]
[max_cat_to_onehot: 4]
[top_k: 20]
[monotone_constraints: ]
[monotone_constraints_method: basic]
[monotone_penalty: 0]
[feature_contri: ]
[forcedsplits_filename: ]
[refit_decay_rate: 0.9]
[cegb_tradeoff: 1]
[cegb_penalty_split: 0]
[cegb_penalty_feature_lazy: ]
[cegb_penalty_feature_coupled: ]
[path_smooth: 0]
[interaction_constraints: ]
[verbosity: 1]
[saved_feature_importance_type: 0]
[use_quantized_grad: 0]
[num_grad_quant_bins: 4]
[quant_train_renew_leaf: 0]
[stochastic_rounding: 1]
[linear_tree: 0]
[max_bin: 255]
[max_bin_by_feature: ]
[min_data_in_bin: 3]
[bin_construct_sample_cnt: 200000]
[data_random_seed: 175]
[is_enable_sparse: 1]
[enable_bundle: 1]
[use_missing: 1]
[zero_as_missing: 0]
[feature_pre_filter: 1]
[pre_partition: 0]
[two_round: 0]
[header: 0]
[label_column: ]
[weight_column: ]
[group_column: ]
[ignore_column: ]
[categorical_feature: ]
[forcedbins_filename: ]
[precise_float_parser: 0]
[parser_config_file: ]
[objective_seed: 16083]
[num_class: 1]
[is_unbalance: 0]
[scale_pos_weight: 1]
[sigmoid: 1]
[boost_from_average: 1]
[reg_sqrt: 0]
[alpha: 0.9]
[fair_c: 1]
[poisson_max_delta_step: 0.7]
[tweedie_variance_power: 1.5]
[lambdarank_truncation_level: 30]
[lambdarank_norm: 1]
[label_gain: ]
[lambdarank_position_bias_regularization: 0]
[eval_at: ]
[multi_error_top_k: 1]
[auc_mu_weights: ]
[num_machines: 1]
[local_listen_port: 12400]
[time_out: 120]
[machine_list_filename: ]
[machines: ]
[gpu_platform_id: -1]
[gpu_device_id: -1]
[gpu_use_dp: 0]
[num_gpu: 1]

end of parameters

pandas_categorical:[]
