tree
version=v4
num_class=1
num_tree_per_iteration=1
label_index=0
max_feature_idx=9
objective=regression
feature_names=Sentiment SVD_11 SVD_1 SVD_21 SVD_15 SVD_7 SVD_9 SVD_28 SVD_3 SVD_24
feature_infos=[-0.99560000000000004:0.99370000000000003] [-0.3640951246917738:0.27805317060144108] [-0.3289436129286557:0.51441455654519508] [-0.3004849575318822:0.33259067833044947] [-0.27525349882450462:0.29068197351417191] [-0.33103143607375091:0.40017464804058778] [-0.28492663753456748:0.32466029370721289] [-0.30981119841010868:0.29056032049602371] [-0.36751038813230819:0.3795489908236061] [-0.22940238932092091:0.30446590946594809]
tree_sizes=4332 4556 4554 4556 4558 4567 4579 4600 4563 4563 4574 4573 4581 4584 4572 4590 4576 4564 4574 4572 4554 4594 4571 4562 4555 4559 4542 4558 4587 4574 4557 4576 4540 4575 4580 4549 4524 4580 4540 4541 4553 4532 4507 4534 4491 4529 4510 4570 4440 4509 4468 4476 4467 4441 4462 4428 4452 4507 4412 4463 4549 4408 4457 4406 4545 4416 4437 4425 4397 4456 4456 4467 4414 4476 4404 4359 4347 4384 4377 4416 4352 4443 4423 4362 4467 4407 4466 4408 4301 4341 4504 4394 4321 4352 4361 4354 4319 4352 4381 4332 4490 4381 4422 4354 4408 4467 4317 4359 4372 4448 4435 4337 4398 4484 4397 4348 4351 4350 4423 4320 4366 4391 4347 4411 4380 4395 4391 4365 4457 4377 4373 4288 4379 4372 4398 4345 4369 4435 4311 4284 4318 4498 4305 4370 4334 4387 4347 4342 4382 4335 4470 4378 4398 4391 4307 4393 4373 4422 4395 4403 4390 4359 4328 4375 4332 4460 4388 4326 4325 4396 4433 4337 4373 4446 4359 4385 4331

Tree=0
num_leaves=48
num_cat=0
split_feature=0 1 0 0 5 4 2 4 2 4 2 2 8 4 2 8 1 4 1 4 8 4 1 7 7 6 8 2 5 1 2 8 0 0 5 7 1 8 5 6 0 6 5 2 4 5 2
split_gain=73580.7 25266 10828.4 7684.88 5718.65 4546.78 4533.74 4238.37 3886.25 3657.56 3363.13 3344.93 2734.36 2356.63 2310.49 2266.92 2164.14 1865.52 1679.33 1741.75 1675.7 1614.88 1344.76 1286.69 1213.56 1177.09 1070.37 962.253 953.213 940.085 909.298 1501.68 946.039 895.048 893.397 802.706 773.007 760.116 744.561 691.667 670.948 629.109 615.55 594.353 584.455 581.859 581.14
threshold=-0.24919999999999998 -0.0054274964605963991 0.5273000000000001 -0.84674999999999989 0.028030629676504104 -0.0021966686799221495 0.023233723475790755 -0.028850744153839199 0.036597395995265555 -0.046410671377038144 -0.0109481708729846 -0.041414832014725893 -0.022443628107096495 -0.0053881507231608988 0.036597395995265555 0.0047197979594731506 0.00094840894575840007 -0.026182659013875498 -0.040660793377104147 -0.0049323831614139996 0.036136025331986253 0.0022871527633664007 0.010550537796070401 0.0034629529078068506 -0.026300337724589496 -0.016915336223098345 -0.12665294288896967 0.045355472178381158 -0.0014992295605405998 0.013337114917788303 -0.07125389273233608 -0.049469788334955141 -0.66004999999999991 0.8690500000000001 0.029329672664128403 -0.006334566618732199 0.019275904391133403 -0.0054535788747952984 -0.023846056572787998 -0.033397706947845746 -0.79039999999999988 -0.035731711433673145 0.091448979704867608 -0.054664404364481195 -0.0026064745856046998 0.040064854192119456 0.010951438399460502
decision_type=2 2 2 2 2 2 2 2 2 2 2 2 2 2 2 2 2 2 2 2 2 2 2 2 2 2 2 2 2 2 2 2 2 2 2 2 2 2 2 2 2 2 2 2 2 2 2
left_child=1 3 6 10 11 30 15 -8 20 14 18 12 -3 27 -4 23 33 -10 38 45 24 -12 -9 44 -5 -18 -15 28 -13 -17 31 -6 -32 35 -26 46 -14 -7 -1 -23 -28 -22 -25 -39 -2 -20 -11
right_child=2 4 9 8 5 37 7 22 17 16 21 13 36 26 -16 29 25 -19 19 -21 41 39 -24 42 34 -27 40 -29 -30 -31 32 -33 -34 -35 -36 -37 -38 43 -40 -41 -42 -43 -44 -45 -46 -47 -48
leaf_value=6.8475228124295597 6.9562633471607453 6.9646968523540878 7.0841069057325452 6.8323406751117748 6.7671089700248688 6.9504439981827018 6.8430584826305587 6.9612692431458054 6.7291753614828806 7.0623591543690454 6.6521592515764292 6.9984759936249503 7.048682988576382 7.1570596124341623 6.9236258303902645 7.0631794828344798 7.1675276210635888 6.8703261815042769 6.8458437801259651 6.9522054740364947 7.0428446490108891 7.0281055067268543 7.063608478459825 7.0678606014220673 6.9420458738250481 7.1198817917347625 6.945487355998357 6.8498629538662161 6.8788921527219324 7.1245718167160801 6.7908193629574987 6.9977720470952631 6.9047352637622375 7.1322675900019048 6.8596965411249888 7.1003556141035844 7.1154730065873499 7.0926306634339014 6.7440911315338976 6.7752865381932237 7.0401341516950104 6.9507130718917667 6.9411324890694246 6.9830347809002671 7.0222926754611708 6.7352132460151299 6.9729498549844786
leaf_weight=897 2641 2134 2085 1963 386 1325 1973 2448 1634 2822 2129 1673 2622 528 1419 5826 9733 1918 1498 1389 1073 118 2387 4483 4585 9810 1071 1228 1004 3936 2134 851 1014 3600 1701 4935 4323 1097 2463 739 2062 1993 392 809 2416 641 903
leaf_count=897 2641 2134 2085 1963 386 1325 1973 2448 1634 2822 2129 1673 2622 528 1419 5826 9733 1918 1498 1389 1073 118 2387 4483 4585 9810 1071 1228 1004 3936 2134 851 1014 3600 1701 4935 4323 1097 2463 739 2062 1993 392 809 2416 641 903
internal_value=7.00762 6.91882 7.07801 6.84983 6.98918 6.91954 7.03114 6.96289 6.8939 7.1132 6.78347 7.02104 7.06075 6.9734 7.01911 7.05473 7.12357 6.80537 6.82078 6.86757 6.92171 6.69745 7.01179 7.0221 6.89894 7.14361 7.02932 6.92097 6.95361 7.08794 6.85519 6.92573 6.82749 7.0916 6.91975 7.07469 7.09026 7.00688 6.77168 6.8101 7.00777 6.98296 7.05766 7.04611 6.98781 6.81264 7.04068
internal_weight=110811 49002 61809 24741 24261 7616 26502 6808 14867 35307 9874 16645 9079 7566 3504 19694 31803 3552 6888 3528 11315 2986 4835 9932 8249 19543 3661 3905 2677 9762 4385 1237 3148 12260 6286 8660 6945 3231 3360 857 3133 3066 4875 1906 5057 2139 3725
internal_count=110811 49002 61809 24741 24261 7616 26502 6808 14867 35307 9874 16645 9079 7566 3504 19694 31803 3552 6888 3528 11315 2986 4835 9932 8249 19543 3661 3905 2677 9762 4385 1237 3148 12260 6286 8660 6945 3231 3360 857 3133 3066 4875 1906 5057 2139 3725
is_linear=0
shrinkage=1


Tree=1
num_leaves=48
num_cat=0
split_feature=0 1 0 0 9 5 1 1 6 1 3 8 3 6 0 7 3 9 5 3 3 1 9 5 0 1 3 8 5 0 5 6 9 1 0 3 3 9 0 0 7 8 6 7 0 9 3
split_gain=60301.3 21230.5 7641.97 6986.61 5557.24 4412.7 3542.41 2183.46 1978.93 1815.57 1774.29 1547.4 1497.45 1433.39 1410.32 1279.75 1639.12 1174.98 1112.04 1069.6 983.982 961.117 942.545 891.702 829.093 806.467 727.315 715.087 675.884 671.809 655.152 647.806 636.289 628.542 613.524 597.557 589.744 585.166 583.324 580.948 576.032 537.893 527.815 523.167 520.462 512.122 504.009
threshold=-0.12714999999999996 -0.014832961824089648 0.74330000000000018 -0.89139999999999986 -0.0031504678499456496 0.029329672664128403 -0.016008746476948197 -0.069640024415746085 -0.052953350146050744 0.0076801594257517513 -0.012497128650765599 -0.0054535788747952984 0.055485662395232255 -0.035152590185157442 -0.5422499999999999 -0.0018786184531011999 0.014634885021916151 -0.0046980945101937994 0.083068829820494461 -0.050257557827609343 0.015493467388554 0.032730082047951463 -0.013510453389806798 0.017703287300454302 -0.79619999999999991 0.022736740153580303 -0.018290733920946246 0.11096802937252122 0.099374248208709659 -0.72664999999999991 0.032032059847896054 -0.045993606210638145 0.057311372070685353 -0.0019755116716150497 -0.73484999999999989 0.037297872263256558 0.03370376118609316 0.040753127502359605 -0.5422499999999999 -0.91684999999999983 0.0046563955978958004 -0.0035813895334352998 -0.076847203255084887 -0.063267020099644786 -0.61224999999999985 0.010908478283305201 -0.015326141566675848
decision_type=2 2 2 2 2 2 2 2 2 2 2 2 2 2 2 2 2 2 2 2 2 2 2 2 2 2 2 2 2 2 2 2 2 2 2 2 2 2 2 2 2 2 2 2 2 2 2
left_child=1 3 6 17 11 9 15 14 -8 44 23 21 24 -4 36 16 43 -1 20 -15 27 38 -12 32 41 34 -11 29 -24 -9 -19 -22 -10 -21 -13 -16 40 -31 -3 -14 -5 -7 -18 -2 -6 -25 -26
right_child=2 4 13 7 5 12 8 18 10 26 22 25 39 19 35 -17 42 30 -20 33 31 -23 28 45 46 -27 -28 -29 -30 37 -32 -33 -34 -35 -36 -37 -38 -39 -40 -41 -42 -43 -44 -45 -46 -47 -48
leaf_value=-0.18675062224951008 -0.15555751559711853 -0.080891145617278781 0.1438215629799616 -0.27358096644845609 -0.11268619235331563 -0.25963326646349427 0.11456716656980136 -0.14814245702750792 0.045322004010305651 -0.044607124494024666 0.11037112303847101 -0.0112716667228251 -0.17643805540496746 0.020426952577060585 -0.12839791321123967 0.026334124610838536 0.14346892834284905 -0.23912923141493067 -0.19626652798271441 0.073847253526533693 0.046302447703247457 0.02782065157941371 0.057149492494496086 -0.00014429486801969974 -0.1697142901364283 0.07921615652373952 0.020577394125868113 0.045773289156804405 -0.07708095633466619 -0.068305209463287428 -0.32747825031472338 -0.059600133824527418 -0.079306765084065964 0.11824519063259381 0.061603638408343361 0.0080540556238854043 -0.13018506572107558 -0.16247076675547126 0.0087006328919898759 0.056294484130453203 -0.17673644775390476 -0.15802080126260559 0.0094451768898808092 -0.059972431920539741 -0.035826021091061387 -0.090400851176406671 -0.078959566247951224
leaf_weight=2848 668 2164 8296 1306 2227 882 5179 2545 4033 2345 3719 2562 128 1675 1293 6282 329 2199 855 4618 666 2510 6826 1343 1010 4124 5149 294 372 3493 1244 2954 426 8602 1889 394 723 756 1000 472 1046 1114 1728 2797 1323 1058 1345
leaf_count=2848 668 2164 8296 1306 2227 882 5179 2545 4033 2345 3719 2562 128 1675 1293 6282 329 2199 855 4618 666 2510 6826 1343 1010 4124 5149 294 372 3493 1244 2954 426 8602 1889 394 723 756 1000 472 1046 1114 1728 2797 1323 1058 1345
internal_value=-9.18397e-07 -0.0749435 0.0683579 -0.146051 -0.021769 -0.061024 0.0395772 -0.112567 0.0617878 -0.0268988 0.0464087 0.022296 -0.137135 0.111494 -0.167865 -0.00361717 -0.0376918 -0.232925 -0.0897882 0.0934847 -0.081278 -0.0170093 0.0707069 0.00773732 -0.156949 0.0483047 0.000177467 -0.102298 0.050207 -0.108709 -0.271089 -0.0401108 0.0334069 0.10274 0.0196574 -0.0965299 -0.206979 -0.0850761 -0.0525748 0.00654114 -0.230555 -0.202971 0.0309105 -0.078419 -0.0840524 -0.0399285 -0.117909
internal_weight=110811 52860 57951 22616 30244 15995 34760 16325 22956 11044 17777 14249 4951 23191 4762 11804 5522 6291 11563 14895 10708 5674 10917 6860 4351 8575 7494 7088 7198 6794 3443 3620 4459 13220 4451 1687 3075 4249 3164 600 2352 1996 2057 3465 3550 2401 2355
internal_count=110811 52860 57951 22616 30244 15995 34760 16325 22956 11044 17777 14249 4951 23191 4762 11804 5522 6291 11563 14895 10708 5674 10917 6860 4351 8575 7494 7088 7198 6794 3443 3620 4459 13220 4451 1687 3075 4249 3164 600 2352 1996 2057 3465 3550 2401 2355
is_linear=0
shrinkage=0.0970268


Tree=2
num_leaves=48
num_cat=0
split_feature=0 1 0 4 2 8 4 2 4 2 4 2 1 3 0 1 6 6 3 6 2 1 3 0 8 8 2 0 3 0 6 3 2 6 1 7 7 3 1 8 0 3 1 1 0 4 1
split_gain=49767.3 15501.1 10225.5 4974.66 4793.36 4812.4 4525.2 4148.2 3732.9 3088.8 2939.49 3198.52 2505.28 1782.41 1696.64 1290.12 1248.72 1230.42 1194.48 1188.49 1157.86 1110.51 1071.53 1065.77 1011.15 935.235 908.099 852.494 813.128 807.059 793.703 768.241 729.511 698.504 679.07 670.154 639.285 739.194 631.246 629.03 616.9 616.328 579.067 578.779 567.174 551.818 546.577
threshold=-0.45819999999999994 -0.014832961824089648 0.5273000000000001 0.0056078109465601015 -0.059107888248588737 -0.021787119744201399 -0.030123886687279947 0.03941418630084096 -0.0053881507231608988 0.018851818115529401 -0.025097330520276896 0.030608773561614001 -0.0049417004250916991 0.025393546253592806 -0.93364999999999987 -0.016008746476948197 -0.040382582018010045 -0.022554223766791549 0.084152524140046411 -0.028427146051390597 0.023233723475790755 0.022288339844471806 -0.012497128650765599 -0.89814999999999989 -0.081080349147271691 -0.018910360512447846 0.03941418630084096 -0.83594999999999986 0.0044383340405927006 -0.92004999999999992 -0.055768255183177538 0.0067753308193450506 -0.094820891016726791 -0.031806542934616044 -0.099494634212686825 0.041535044316147157 0.01322285481738465 -0.028161367144856248 -0.046743107410934091 0.057003391560279858 0.91525000000000012 -0.0033109757921191995 0.028258016989411053 -0.069640024415746085 -0.85204999999999986 0.083956405294052558 -0.045819074632108395
decision_type=2 2 2 2 2 2 2 2 2 2 2 2 2 2 2 2 2 2 2 2 2 2 2 2 2 2 2 2 2 2 2 2 2 2 2 2 2 2 2 2 2 2 2 2 2 2 2
left_child=1 3 6 9 5 -3 7 22 13 14 11 41 20 16 32 -12 -6 24 25 -14 36 -7 -2 38 -10 -16 44 -11 -19 -15 -17 39 -1 -24 -25 -9 37 -8 -5 -21 -32 -4 -35 -29 -18 -36 -13
right_child=2 4 10 23 8 21 12 35 17 27 15 46 19 29 18 30 26 28 -20 31 -22 -23 33 34 -26 -27 -28 43 -30 -31 40 -33 -34 42 45 -37 -38 -39 -40 -41 -42 -43 -44 -45 -46 -47 -48
leaf_value=-0.14109768938658249 -0.057613600228486633 -0.092643578480566355 0.039685410853128517 -0.19905544427338989 -0.063189774520168884 0.01912213787205426 -0.065100714446586244 -0.18744559086777407 0.17105672823358281 -0.31839549553479884 0.066227027251933482 -0.15746758266835734 0.094214662347819333 -0.14412093940935553 -0.19703747258268559 0.14860906540290758 -0.19183649354788293 -0.088617165566232017 0.03054005365679615 -0.0048499603927940147 -0.05956333355987662 0.09379626194834581 0.077106763103166595 -0.15243254437501952 0.011145418225845577 -0.11532407435272402 -0.24025800104917372 -0.28796546962524189 0.0047099994618186921 0.0018285825650310812 0.092730003410951875 0.072260815475503393 -0.27366799648584034 -0.046433113962140088 -0.059318427932451526 -0.06215255632153166 0.047947091373413721 0.015608586457097442 -0.082155242983433185 0.075171397650049404 0.13791806310713536 0.1097585368228403 0.062218417699495057 -0.17178451989784818 -0.1064575336380541 0.050346819551717749 -0.037942667675004912
leaf_weight=543 2368 2725 2196 1013 1410 3614 1445 1817 491 1659 7418 441 5612 473 2042 4670 1220 1877 393 4038 2519 3897 1495 659 1536 3734 1197 692 1652 1446 12360 3486 1411 1374 3679 517 3410 4094 764 1199 3699 2561 695 978 1841 489 1962
leaf_count=543 2368 2725 2196 1013 1410 3614 1445 1817 491 1659 7418 441 5612 473 2042 4670 1220 1877 393 4038 2519 3897 1495 659 1536 3734 1197 692 1652 1446 12360 3486 1411 1374 3679 517 3410 4094 764 1199 3699 2561 695 978 1841 489 1962
internal_value=-1.79078e-06 -0.0841395 0.0502498 -0.151668 -0.0319841 0.0177978 0.0123281 -0.0501465 -0.0707552 -0.190343 0.0868409 0.0313286 0.0323428 -0.115003 -0.158066 0.100961 -0.142367 -0.0103262 -0.13309 0.0593836 -0.00145842 0.0578703 -0.0070271 -0.0845918 0.0499126 -0.144226 -0.168575 -0.269068 -0.0449307 -0.0341642 0.113389 0.0369703 -0.236871 0.0265839 -0.0609298 -0.159712 0.0148982 -0.00544831 -0.148832 0.0134735 0.103142 0.0774186 -0.0099262 -0.219992 -0.140511 -0.0464463 -0.0599054
internal_weight=110811 41435 69376 18056 23379 10236 34069 8266 13143 11452 35307 7160 25803 7587 8123 28147 5668 5556 6169 14335 11468 7511 5932 6604 2027 5776 4258 3329 3529 1919 20729 8723 1954 3564 4827 2334 8949 5539 1777 5237 16059 4757 2069 1670 3061 4168 2403
internal_count=110811 41435 69376 18056 23379 10236 34069 8266 13143 11452 35307 7160 25803 7587 8123 28147 5668 5556 6169 14335 11468 7511 5932 6604 2027 5776 4258 3329 3529 1919 20729 8723 1954 3564 4827 2334 8949 5539 1777 5237 16059 4757 2069 1670 3061 4168 2403
is_linear=0
shrinkage=0.0970268


Tree=3
num_leaves=48
num_cat=0
split_feature=0 1 0 2 2 5 9 2 0 9 1 9 0 3 1 2 6 0 2 5 3 1 3 1 9 1 6 3 5 3 5 1 7 5 0 2 5 3 3 3 3 2 0 6 5 5 6
split_gain=40655.4 13834.9 7182.65 4279.41 3538.4 3327.23 2878.42 2376.03 2276.76 2266.09 2035.31 1860.65 1620.76 1459.38 1326.78 1307.07 1264.62 1214.79 1158.47 1113.69 1093.3 1082.32 986.033 947.127 894.147 850.505 813.313 774.887 743.384 725.121 713.45 693.971 692.857 701.681 666.092 873.283 662.055 628.204 610.518 606.912 538.084 977.852 775.534 536.936 535.747 530.768 527.862
threshold=-0.36109999999999992 0.0024245489919414507 0.57195000000000007 0.0074724399692202509 0.025563501414801303 0.0113560394668704 -0.0093164569532142982 0.036597395995265555 -0.9020999999999999 -0.0023737218490033495 0.008581205561819202 -0.0039656778690080495 -0.88329999999999986 0.028137802218828601 -0.055655428992582141 -0.043764128842901047 -0.067280322973575876 0.86590000000000011 -0.028504986156112896 0.10822796859505861 0.024292177185493206 -0.071257799742404079 0.11247527283319292 -0.077769624999195638 0.010511506568458902 -0.0049417004250916991 -0.022079742524729499 -0.057816508389308491 0.035145957361888906 -0.061735943666993691 0.077302694435499669 -0.020339911022023444 -0.057989191160742644 0.096436362004837364 -0.91684999999999983 -0.070567861621548489 -0.036623734746121746 0.005207122472866651 -0.041784884022097492 0.055485662395232255 0.059325650782122909 -0.059107888248588737 -0.63704999999999989 -0.026216722582171347 -0.013686311631270499 0.066330729236624017 -0.05230931845471249
decision_type=2 2 2 2 2 2 2 2 2 2 2 2 2 2 2 2 2 2 2 2 2 2 2 2 2 2 2 2 2 2 2 2 2 2 2 2 2 2 2 2 2 2 2 2 2 2 2
left_child=1 3 4 6 11 18 14 17 28 27 13 31 46 -6 36 30 -13 24 -3 25 -17 -14 32 -9 -4 -18 44 -7 -8 -25 38 -2 -10 -34 35 -16 -1 43 -11 45 41 -29 -43 -12 -20 -26 -5
right_child=2 5 7 12 10 9 8 23 22 15 37 16 21 -15 34 20 19 -19 26 -21 -22 -23 -24 29 39 -27 -28 40 -30 -31 -32 -33 33 -35 -36 -37 -38 -39 -40 -41 -42 42 -44 -45 -46 -47 -48
leaf_value=-0.024521663831072977 0.031100386030652044 0.048686943405944677 0.099051025813383153 -0.058376983599554365 -0.12255962065658529 -0.14785643714762983 -0.15730129917328445 -0.094863902892485585 -0.18563377244914436 -0.17704006350420728 0.044440171128511577 0.086160746309120143 -0.22318212883901234 -0.00072201184634346043 -0.0099531121532688473 -0.20276847882224938 -0.024233490192073815 0.12410330658279455 0.068922870617479759 -0.14581130033004522 -0.038540432802012192 -0.12128913051315132 0.11489087532881624 -0.033245792539408785 0.05136301901554368 0.029341785601724266 -0.054176745094196718 0.052560968042589015 -0.25284295346252256 0.055142636992618156 -0.13561878500538482 0.083295817099101832 -0.084192985951206056 -0.22547171292819751 0.0040182989588546329 -0.17318415660115177 -0.13989126788685821 0.062320268923240628 0.0065654931876464482 0.12806670366624068 0.10852288515046461 -0.092965000167962705 0.051559766143489234 -0.05292157503846829 -0.049079636508718889 -0.041690092044792626 -0.26324073060044989
leaf_weight=659 3669 7164 9144 126 2983 323 2243 488 816 195 822 1824 1382 1342 746 1520 5029 8974 1218 477 510 3397 204 996 5116 6263 2298 1505 1169 7099 691 6930 6707 348 3653 526 1621 1466 1336 864 447 1290 479 1516 515 650 2071
leaf_count=659 3669 7164 9144 126 2983 323 2243 488 816 195 822 1824 1382 1342 746 1520 5029 8974 1218 477 510 3397 204 996 5116 6263 2298 1505 1169 7099 691 6930 6707 348 3653 526 1621 1466 1336 864 447 1290 479 1516 515 650 2071
internal_value=-2.45664e-06 -0.0708637 0.0487398 -0.117661 0.0161485 -0.0092336 -0.093454 0.0803425 -0.123609 -0.0558011 -0.0392317 0.0347582 -0.182513 -0.0847606 -0.0453724 -0.105252 0.0109958 0.0955988 0.025275 -0.000655384 -0.16153 -0.150774 -0.0955188 0.0363494 0.0793788 0.00548069 -0.0163318 -0.00379899 -0.190065 0.0442651 -0.0538116 0.0652304 -0.100979 -0.0911761 -0.0170373 -0.0774947 -0.10656 0.012534 -0.0168559 0.0522413 0.0087186 -0.00491701 -0.0538232 -0.0186851 0.0338471 0.0408693 -0.251509
internal_weight=110811 45159 65652 25668 32321 19491 18692 33331 11487 8296 8129 24192 6976 4325 7205 4252 13593 24748 11195 11769 2030 4779 8075 8583 15774 11292 4031 4044 3412 8095 2222 10599 7871 7055 4925 1272 2280 3804 1531 6630 3721 3274 1769 2338 1733 5766 2197
internal_count=110811 45159 65652 25668 32321 19491 18692 33331 11487 8296 8129 24192 6976 4325 7205 4252 13593 24748 11195 11769 2030 4779 8075 8583 15774 11292 4031 4044 3412 8095 2222 10599 7871 7055 4925 1272 2280 3804 1531 6630 3721 3274 1769 2338 1733 5766 2197
is_linear=0
shrinkage=0.0970268


Tree=4
num_leaves=48
num_cat=0
split_feature=0 1 0 5 2 2 8 0 1 3 2 8 2 0 2 8 0 6 3 7 8 3 5 1 3 2 5 5 0 3 1 3 8 0 6 3 1 7 3 2 5 1 7 0 1 7 0
split_gain=33508 12524.2 4565.59 4110 3694.1 2624.22 2768.07 2249.53 2038.29 1975.24 3038.74 2261.32 1684.58 1623.47 1595.27 1480.49 1295.76 1232.83 1206.67 1093.03 988.496 858.761 849.117 838.483 819.055 748.866 723.081 720.853 716.125 706.497 704.353 695.368 681.606 656.839 642.364 618.856 590.06 659.268 677.533 547.424 593.635 511.408 508.751 507.249 492.112 476.587 466.488
threshold=1.0000000180025095e-35 -0.024092953130503997 -0.76479999999999981 0.029329672664128403 0.025563501414801303 -0.038601919834530297 0.022092794498701402 0.74330000000000018 0.017299062331333753 0.055485662395232255 -0.054664404364481195 -0.018201141239484946 0.036597395995265555 -0.93924999999999992 -0.015169470707859399 -0.0099790193594150988 -0.64819999999999989 -0.048728933350633989 -0.005589641090846499 -0.0018786184531011999 -0.072599118313715238 0.048580650556495859 0.035145957361888906 0.028258016989411053 -0.0029462045024882997 0.036597395995265555 -0.012680296350396199 -0.016235313855141948 0.68110000000000015 -0.0033109757921191995 0.016785010834436401 -0.016968690321947994 -0.057655863997381991 -0.9020999999999999 -0.048728933350633989 0.022714351160124102 -0.099494634212686825 0.049576637521498157 -0.011337306151504849 -0.093782590677497391 0.093828750910579212 0.019811914054329253 -0.019336317272619197 -0.93124999999999991 0.033331188912264061 0.024530531217677402 -0.58634999999999982
decision_type=2 2 2 2 2 2 2 2 2 2 2 2 2 2 2 2 2 2 2 2 2 2 2 2 2 2 2 2 2 2 2 2 2 2 2 2 2 2 2 2 2 2 2 2 2 2 2
left_child=1 2 14 5 7 6 32 15 18 10 11 -5 21 -7 22 19 24 20 28 31 -15 27 36 25 -12 26 -19 45 -6 -10 -17 -2 33 -3 -9 -14 -1 38 -38 -13 -41 -8 -24 -16 -26 -4 -22
right_child=4 3 12 9 8 13 41 34 29 -11 16 39 35 17 43 30 -18 23 -20 -21 46 -23 42 -25 44 -27 -28 -29 -30 -31 -32 -33 -34 -35 -36 -37 37 -39 -40 40 -42 -43 -44 -45 -46 -47 -48
leaf_value=-0.19593356119374855 -0.072426374173684999 -0.2203509055431945 -0.046046692219768398 -0.1093141946742056 -0.1140293997108263 -0.16929751759098147 0.04818762045336529 0.12704591091671538 0.022539718782983255 0.039815213298593527 -0.22579745969595152 0.08271320810354757 -0.16689096319669908 0.15023543549914645 -0.27314955374626515 0.053972026930037442 -0.076293701357488711 0.016838019700335081 0.0115781656793775 0.051099400536207734 -0.047622216142896939 0.03425517470346489 -0.27957154903596648 0.0029388057527509085 -0.15739952428173612 -0.1079871871282176 -0.071413780124663193 -0.08641350246778573 -0.020407243608797428 0.083421443976057177 0.099910420888012094 0.011916264655680105 0.0055075986436441985 -0.041676808958322237 0.08534262441896015 -0.07075134714988536 -0.16040940889404329 0.0078475172370969445 -0.073776885696454325 0.02091530532373383 -0.13944381911220263 0.10022678066351638 -0.15928773942492033 -0.19021757498741976 -0.028755222735744622 0.04184923162110913 0.046543988982810654
leaf_weight=650 1376 222 2204 1800 1630 742 3572 4969 4173 1403 1523 1128 1821 571 996 8273 2086 1511 3848 5070 875 1086 441 2961 1075 2028 2072 3843 1457 3149 5070 2776 5284 1505 11616 966 1497 501 1970 1288 261 3544 1344 2327 379 788 1140
leaf_count=650 1376 222 2204 1800 1630 742 3572 4969 4173 1403 1523 1128 1821 571 996 8273 2086 1511 3848 5070 875 1086 441 2961 1075 2028 2072 3843 1457 3149 5070 2776 5284 1505 11616 966 1497 501 1970 1288 261 3544 1344 2327 379 788 1140
internal_value=-3.05417e-06 -0.0514668 -0.112426 -0.0177725 0.0553121 0.00320443 0.031481 0.0707111 0.0130246 -0.0676633 -0.0834717 -0.0252316 -0.0687106 -0.030363 -0.160549 0.0507693 -0.134963 -0.0211172 -0.0246705 0.0208721 0.0375954 -0.0458769 -0.13222 -0.0388316 -0.176053 -0.0608747 -0.0341966 -0.0586116 -0.0698534 0.0487279 0.0714307 -0.0160377 -0.0117874 -0.0646979 0.0978407 -0.133587 -0.110229 -0.0961684 -0.111201 0.0313099 -0.00612894 0.0741105 -0.189069 -0.215109 -0.123891 -0.0228919 0.00564698
internal_weight=110811 57404 20434 36970 53407 26027 14127 39150 14257 10943 9540 4477 10708 11900 9726 22565 5063 11158 6935 9222 2586 7921 6403 8572 2977 5611 3583 6835 3087 7322 13343 4152 7011 1727 16585 2787 4618 3968 3467 2677 1549 7116 1785 3323 1454 2992 2015
internal_count=110811 57404 20434 36970 53407 26027 14127 39150 14257 10943 9540 4477 10708 11900 9726 22565 5063 11158 6935 9222 2586 7921 6403 8572 2977 5611 3583 6835 3087 7322 13343 4152 7011 1727 16585 2787 4618 3968 3467 2677 1549 7116 1785 3323 1454 2992 2015
is_linear=0
shrinkage=0.0970268


Tree=5
num_leaves=48
num_cat=0
split_feature=0 4 4 5 3 9 9 3 0 6 0 3 7 7 9 0 0 3 6 4 0 9 0 8 7 9 7 4 0 8 5 8 5 8 6 3 8 9 4 8 6 8 3 5 8 6 5
split_gain=27897.8 7086.98 6760.21 3389.1 3018.36 2600.14 2329.83 1938.32 1521.43 1380.11 1364.5 1362.87 1236.09 1211.11 1165.79 1055.46 1052.57 878.087 856.258 825.283 777.052 775.635 775.573 741.338 685.882 670.799 654.745 622.742 608.03 606.719 552.811 548.317 543.039 529.795 506.945 491.453 478.679 473.756 456.835 538.291 439.767 584.405 480.652 439.712 434.839 430.906 403.497
threshold=-0.45819999999999994 -0.0026064745856046998 -0.0062761940846778989 0.030025241328595905 -0.0025788049096728497 -0.0023737218490033495 0.0088507637863274018 0.084152524140046411 0.5273000000000001 -0.040920646698025143 0.74330000000000018 -0.038728203941459489 0.029254556500715553 -0.0018786184531011999 -0.012270081549489598 0.51075000000000015 -0.92864999999999986 -0.040953029330111239 -0.070619879363845742 -0.05551447834488369 -0.9061499999999999 0.058382160598445261 0.47730000000000006 -0.029245087569109148 0.025511977084653303 0.0054601411081470009 -0.007168902564005499 -0.053498587056858643 -0.93604999999999994 0.031543377519723005 0.13480056399582926 0.14025027765073383 -0.042012910933677095 0.0070559166237428505 -0.056571021815307591 -0.018290733920946246 -0.14289358475273709 0.0012201193948971503 -0.059785038021376594 -0.0023190882243054492 0.0032962987332410005 -0.12226994627433228 -0.032435441913664896 0.044903310782419957 0.094386076973428421 -0.074179124838454444 0.067630354290383263
decision_type=2 2 2 2 2 2 2 2 2 2 2 2 2 2 2 2 2 2 2 2 2 2 2 2 2 2 2 2 2 2 2 2 2 2 2 2 2 2 2 2 2 2 2 2 2 2 2
left_child=1 3 4 11 8 31 15 14 13 -6 21 12 25 38 19 33 23 36 -18 -5 -19 30 37 -13 27 -1 29 -10 -16 -20 -8 40 -25 -4 -22 -23 -7 -11 -2 -40 41 -3 -43 -15 -36 -37 -24
right_child=2 5 6 7 9 17 10 -9 24 22 -12 16 -14 43 28 -17 18 20 26 -21 34 35 46 32 -26 -27 -28 -29 -30 -31 -32 -33 -34 -35 44 45 -38 -39 39 -41 -42 42 -44 -45 -46 -47 -48
leaf_value=-0.1140077740901857 -0.16461614878836592 0.15514373038188095 0.037007261342504379 -0.18409485888034002 0.077734742082547409 0.10416072907978147 0.032135521191557659 0.016486540092689336 -0.080136244724076766 0.013928607538751516 0.069501413429059314 -0.22081426285026001 -0.040619423293486598 -0.0088861199670175039 -0.2583623448656216 0.098711317026754578 0.043157716608236044 -0.094688139660835363 -0.10884645327595857 -0.070645248103558794 0.059537995078345396 -0.091872841248253304 0.050902756719472378 -0.0036882949428297582 0.059491308779383995 -0.22131486208365922 -0.031737526967456249 0.0046929553183352396 -0.17468242808297052 -0.030752458033024753 -0.13514209716440223 0.10568802406547666 -0.11525034975287329 0.079641071305918021 -0.042398907185080659 0.11588845651275362 -0.13697604023181575 -0.045061973685472427 -0.12840982033504719 -0.042987409765018546 -0.0077934051790166494 -0.041461112466118027 0.04513116284860292 -0.098030472139454095 0.046369399351746624 -0.022126061060863053 -0.046105143257336646
leaf_weight=1055 851 366 5459 967 4237 82 7980 601 1076 2664 6573 487 1018 3120 1092 13887 945 1784 2778 1609 648 871 3963 538 1526 1147 5568 3350 3292 1414 190 694 1739 5522 4324 247 1318 2469 1317 1471 3813 769 2797 625 590 1529 449
leaf_count=1055 851 366 5459 967 4237 82 7980 601 1076 2664 6573 487 1018 3120 1092 13887 945 1784 2778 1609 648 871 3963 538 1526 1147 5568 3350 3292 1414 190 694 1739 5522 4324 247 1318 2469 1317 1471 3813 769 2797 625 590 1529 449
internal_value=-3.57363e-06 -0.0629983 0.0376202 -0.0967777 -0.0001883 -0.0153299 0.0618828 -0.150668 -0.0330954 0.0316532 0.0346367 -0.0723588 -0.129068 -0.0625174 -0.165104 0.0809345 -0.0587972 -0.0524019 -0.0450102 -0.113259 -0.0389743 0.0134483 0.0111943 -0.112176 0.00340565 -0.169939 -0.0535494 -0.0159333 -0.195551 -0.0825125 0.0282375 0.0230904 -0.0889005 0.0584495 -0.0210968 -0.0321924 -0.122819 -0.0144457 -0.102378 -0.0833559 0.0156826 0.0384489 0.0264525 -0.0237751 -0.031736 -0.0029035 0.0410249
internal_weight=110811 41435 69376 24250 27118 17185 42258 7561 13336 13782 17390 16689 3220 7384 6960 24868 13469 8746 10705 2576 7346 10817 9545 2764 5952 2202 9760 4426 4384 4192 8170 8439 2277 10981 5562 2647 1400 5133 3639 2788 7745 3932 3566 3745 4914 1776 4412
internal_count=110811 41435 69376 24250 27118 17185 42258 7561 13336 13782 17390 16689 3220 7384 6960 24868 13469 8746 10705 2576 7346 10817 9545 2764 5952 2202 9760 4426 4384 4192 8170 8439 2277 10981 5562 2647 1400 5133 3639 2788 7745 3932 3566 3745 4914 1776 4412
is_linear=0
shrinkage=0.0970268


Tree=6
num_leaves=48
num_cat=0
split_feature=0 1 4 2 4 0 2 4 5 9 5 1 5 1 9 1 2 9 2 1 1 9 6 6 0 0 9 4 0 4 7 7 1 2 7 9 7 1 7 0 5 0 2 7 9 9 9
split_gain=22902.4 8421.49 5860.54 5302.23 3849.64 2798.77 2459.74 2072.26 2179.79 1800.79 1591.39 1578.58 1293.84 1193.72 1062.16 1018 1008.45 997.457 994.123 928.759 830.882 801.013 787.82 775.652 664.965 629.434 622.539 591.95 566.71 565.742 564.856 557.96 549.925 581.386 543.382 535.96 508.369 498.467 480.534 455.311 430.623 426.456 422.658 420.527 415.618 409.451 407.393
threshold=-0.52614999999999978 0.0057539464899786013 -0.018889827030510797 0.03941418630084096 0.0083144628029031015 0.47730000000000006 0.020873159494971753 0.0087459754560187519 0.012416409094268251 0.038025008673170053 0.070765473541924112 0.016253589878105903 -0.017774727675819498 -0.024092953130503997 -0.0072149403448404986 -0.037683646759146046 -0.070567861621548489 0.0096773958339143509 -0.0069821464535533492 -0.045819074632108395 -0.047691926740275996 0.0096773958339143509 -0.029002966875096247 -0.069434401181189737 -0.94224999999999992 0.63705000000000012 -0.021811066751743498 0.04558573552231001 -0.82694999999999985 -0.038195205855435795 0.015782430852915454 -0.021638042004534144 -0.044034834418470496 -0.042057798850643598 0.013634829038544802 0.012146067248008601 0.0038764510346527004 -0.099494634212686825 -0.054522861436618643 0.83610000000000018 0.079163110103842318 0.91525000000000012 -0.019854513424471146 0.024012828108040705 -0.032140619575440843 0.04147810879812331 -0.035269126535192548
decision_type=2 2 2 2 2 2 2 2 2 2 2 2 2 2 2 2 2 2 2 2 2 2 2 2 2 2 2 2 2 2 2 2 2 2 2 2 2 2 2 2 2 2 2 2 2 2 2
left_child=1 4 3 10 6 9 12 8 18 13 11 23 30 27 37 -14 -10 39 45 -5 -19 29 -15 -2 -17 34 -24 43 46 -18 -1 -21 -16 -34 -25 -9 -26 -6 -11 -7 -23 -22 -40 -4 -20 -3 -8
right_child=2 7 5 19 14 17 28 35 16 38 -12 -13 15 22 32 24 21 20 44 31 41 40 26 25 36 -27 -28 -29 -30 -31 -32 -33 33 -35 -36 -37 -38 -39 42 -41 -42 -43 -44 -45 -46 -47 -48
leaf_value=-0.08258351125753273 0.068207993145918008 0.040291045364861305 -0.040439837041248587 -0.15681422522991273 -0.1106818291068575 0.071915594880969824 -0.15916033638026547 0.072037533561858699 -0.011673189603020953 -0.11917450406363214 -0.099798543110838078 0.06389231884096333 -0.16967104355557244 0.085107245096195522 -0.11073662589206131 -0.16642779568650171 -0.13347308837503513 -0.026630136073419335 0.0066581951639262463 -0.11914634682766566 0.047597983430823297 -0.13683289425243531 0.074115321077480478 -0.056474636407842664 -0.11381476220753875 0.033150985954432374 0.016436616845047144 0.043126325998240352 -0.15060082111302267 -0.021757367253682325 -0.0029643473302272101 -0.043610944586114427 0.0030843854662755649 -0.090638575494945181 0.012715540634968263 0.0035673630718520378 -0.04348210966225579 0.012915544726482436 0.0096947547135184334 0.10451204438809203 -0.2658058561347344 0.095820838700052202 -0.055856160921380689 0.032027867649787961 -0.10867682593516488 -0.036935480181056635 -0.25208835087299525
leaf_weight=2446 1268 4182 2793 1473 342 9414 633 3136 1382 522 990 6246 2960 4896 1959 1042 737 1229 457 1345 8244 967 2639 3179 1960 1870 5300 2110 1774 1014 1277 2921 1294 1201 1609 1639 1913 2985 2056 7072 327 2185 1684 1032 824 764 1519
leaf_count=2446 1268 4182 2793 1473 342 9414 633 3136 1382 522 990 6246 2960 4896 1959 1042 737 1229 457 1345 8244 967 2639 3179 1960 1870 5300 2110 1774 1014 1277 2921 1294 1201 1609 1639 1913 2985 2056 7072 327 2185 1684 1032 824 764 1519
internal_value=-3.86589e-06 -0.0601753 0.0323321 -0.0109597 -0.0969863 0.0500133 -0.124905 -0.00457167 -0.0283774 0.0249296 0.0191062 0.0274157 -0.102426 0.0378578 -0.0412808 -0.124709 -0.080425 0.0705398 0.00862653 -0.0903888 0.0488134 -0.11162 0.0544962 -0.00132995 -0.0976173 -0.0145781 0.0356136 0.00187272 -0.191291 -0.0688047 -0.0552798 -0.0674375 -0.0722612 -0.0420343 -0.0332224 0.0485397 -0.079086 0.00019522 -0.0320024 0.0859014 -0.169508 0.0577056 -0.0198212 -0.020884 -0.0675348 0.028358 -0.224795
internal_weight=110811 38734 72077 20901 23305 51176 15524 15429 10654 23032 15162 14172 11598 18770 7781 7875 4427 28144 6227 5739 11658 3045 12835 7926 4915 6658 7939 5935 3926 1751 3723 4266 4454 2495 4788 4775 3873 3327 4262 16486 1294 10429 3740 3825 1281 4946 2152
internal_count=110811 38734 72077 20901 23305 51176 15524 15429 10654 23032 15162 14172 11598 18770 7781 7875 4427 28144 6227 5739 11658 3045 12835 7926 4915 6658 7939 5935 3926 1751 3723 4266 4454 2495 4788 4775 3873 3327 4262 16486 1294 10429 3740 3825 1281 4946 2152
is_linear=0
shrinkage=0.0970268


Tree=7
num_leaves=48
num_cat=0
split_feature=1 6 2 9 5 5 1 9 3 3 6 2 3 3 9 7 3 1 5 7 1 8 2 8 1 1 1 8 2 3 7 3 1 3 5 1 8 7 2 2 8 5 3 3 9 6 2
split_gain=13657.4 3815.62 3646.76 3061.76 2520.93 2362.05 1654.15 1584.51 1229.73 1219.06 1078.78 1077.68 965.835 833.702 1095.62 827.341 821.391 769.564 748.584 700.813 691.309 666.334 660.575 798.111 639.55 630.508 625.412 611.737 590.974 585.468 574.309 536.005 514.812 487.214 480.076 466.465 427.668 423.724 418.145 411.441 400.717 396.243 382.842 355.706 352.531 360.274 346.582
threshold=-0.014289845541505799 -0.041524953795783547 0.016521050577421304 -0.0076421240825544487 -0.0057703504415643489 0.020706746912483105 -0.081646643084545792 -0.024870080604437145 -0.045826648680994099 -0.032435441913664896 -0.058091499495245495 0.045355472178381158 -0.023728779903941496 0.10525850206223876 0.038723488345155307 0.018403215921385104 0.05287311430924841 0.035064526129068407 0.069193759738756952 -0.066152099884724785 -0.057991675606111494 0.042096081610435959 0.023233723475790755 -0.060088790887049888 0.032134417775220005 0.014822430836596102 -0.069640024415746085 -0.10423203134174834 -0.019854513424471146 0.030527505839832606 -0.0015260381320967998 0.019279866450036803 -0.044034834418470496 -0.004438293604274399 0.079163110103842318 0.014320855405740502 -0.068077173305570379 0.046879372846273311 -0.029721733025971597 -0.13201138305391497 -0.018910360512447846 0.0019614815398792005 0.064148750514127967 0.031171157638930701 0.056237934562455155 -0.0084622106144956483 0.16684267536704997
decision_type=2 2 2 2 2 2 2 2 2 2 2 2 2 2 2 2 2 2 2 2 2 2 2 2 2 2 2 2 2 2 2 2 2 2 2 2 2 2 2 2 2 2 2 2 2 2 2
left_child=2 13 4 9 8 11 30 26 15 37 -9 25 40 14 21 -1 19 22 20 -10 39 27 23 43 34 -5 -6 -2 -23 46 -4 38 -21 -29 -14 -13 -28 41 -22 -12 -7 -3 -24 -11 45 -31 -8
right_child=1 3 6 5 7 12 29 10 16 17 18 35 24 -15 -16 -17 -18 -19 -20 32 31 28 42 -25 -26 -27 36 33 -30 44 -32 -33 -34 -35 -36 -37 -38 -39 -40 -41 -42 -43 -44 -45 -46 -47 -48
leaf_value=-0.097428817483455679 0.13434277934645286 0.013541291106920594 -0.19336322800545336 0.00071433763111939915 -0.064401997499088176 -0.12981283913980449 -0.10079152492709766 0.0074312005624630768 -0.078376433697087342 -0.054551509065833531 0.017483479310813815 -0.083736204346581175 -0.026479497202087046 0.14864855370302407 0.0081536714370771968 0.01142110094994637 0.077049340519408413 0.07871029208565089 -0.13756700239656694 -0.011911530861369859 -0.053602780297315925 0.11974553326167832 -0.021745651658271303 0.064229693308430924 0.012740988162399538 0.040900491839986022 -0.054059350397557458 0.023892300591473434 0.042473548491096989 0.043629292998976027 -0.10846776542071213 -0.0063737474342293468 0.034248659909998834 0.069227580259388438 -0.09292986747949554 -0.010832388936393995 0.046475865696162293 0.071171405400383497 -0.12399679400904307 -0.12768569665459237 -0.059860271499334317 -0.051677384243451682 0.079303980817418296 0.071872526636993991 -0.14085139761370397 -0.042426715263437852 -0.046097633381479326
leaf_weight=1724 842 1750 1591 6143 962 1300 4158 1419 866 865 201 1148 3565 1017 3334 1062 1751 6505 1913 4227 3223 3540 2227 6301 2741 9152 492 4226 1266 640 1425 1686 4923 4732 1436 2947 2084 568 1055 2122 1899 1757 419 276 243 1607 1481
leaf_count=1724 842 1750 1591 6143 962 1300 4158 1419 866 865 201 1148 3565 1017 3334 1062 1751 6505 1913 4227 3223 3540 2227 6301 2741 9152 492 4226 1266 640 1425 1686 4923 4732 1436 2947 2084 568 1055 2122 1899 1757 419 276 243 1607 1481
internal_value=-4.27609e-06 0.0260268 -0.0445774 0.0122109 -0.0268216 -0.00741351 -0.0919065 -0.0545153 0.00202159 0.0410105 -0.071826 0.0129252 -0.0434585 0.0631935 0.0583452 -0.0559373 0.0157465 0.0526879 -0.0828528 0.00502577 -0.070215 0.0698009 0.0359045 0.0507087 -0.0249235 0.0247614 0.00233302 0.0552817 0.0993979 -0.0691297 -0.153275 -0.0527159 0.0129236 0.0478435 -0.0455683 -0.0312791 0.027265 -0.00653731 -0.0709753 -0.11512 -0.0883035 -0.0191328 -0.00573072 -0.0239472 -0.0299316 -0.0179082 -0.0864331
internal_weight=110811 69956 40855 50999 29710 30331 11145 15157 14553 20668 11619 19390 10941 18957 17940 2786 11767 16593 10200 10016 8287 14606 10088 7442 7742 15295 3538 9800 4806 8129 3016 5964 9150 8958 5001 4095 2576 4075 4278 2323 3199 3507 2646 1141 2490 2247 5639
internal_count=110811 69956 40855 50999 29710 30331 11145 15157 14553 20668 11619 19390 10941 18957 17940 2786 11767 16593 10200 10016 8287 14606 10088 7442 7742 15295 3538 9800 4806 8129 3016 5964 9150 8958 5001 4095 2576 4075 4278 2323 3199 3507 2646 1141 2490 2247 5639
is_linear=0
shrinkage=0.0970268


Tree=8
num_leaves=48
num_cat=0
split_feature=0 1 4 4 4 2 2 5 0 0 0 2 8 9 8 1 9 4 2 7 2 5 5 9 9 4 7 9 5 5 0 4 8 7 9 0 0 1 5 7 2 2 8 4 9 5 4
split_gain=18208.3 7085.52 4299.25 2892.24 2338.92 2181.86 2061.45 1936.2 1487.37 1411.87 1335.06 1243.87 1151.91 1141.2 1044.95 957.627 839.128 796.66 790.574 744.205 734.787 718.563 713.461 705.827 678.833 643.08 639.612 615.264 567.889 563.755 554.359 552.586 535.557 665.682 485.644 481.962 428.535 421.734 471.083 468.16 411.499 401.24 627.217 382.265 381.461 372.483 371.638
threshold=1.0000000180025095e-35 0.0057539464899786013 -0.0044497366503048483 -0.034982634674192194 0.0087459754560187519 0.036597395995265555 0.03941418630084096 0.02534889633907365 -0.67039999999999988 0.83610000000000018 -0.72664999999999991 -0.0069821464535533492 -0.022443628107096495 0.038025008673170053 0.046354894821261504 -0.042279608257036541 -0.0080534529871273478 0.033166434836737306 -0.066597871914265985 0.019828326375400603 0.016521050577421304 -0.060945116964850443 0.066330729236624017 0.031769507147407908 0.011345021168158253 -0.053498587056858643 0.015782430852915454 0.0012201193948971503 -0.0053009710388603991 -0.033458643210595447 -0.93604999999999994 -0.031315377374797344 -0.0017903630970337499 -0.0018786184531011999 -0.048998132705355586 -0.92864999999999986 -0.89559999999999984 -0.045819074632108395 0.047795594144154761 -0.067757262390685344 -0.095894413325025782 0.025563501414801303 -0.065268669685374078 -0.073312548877460929 0.022703480646910152 0.11956118293705177 0.037202742735225704
decision_type=2 2 2 2 2 2 2 2 2 2 2 2 2 2 2 2 2 2 2 2 2 2 2 2 2 2 2 2 2 2 2 2 2 2 2 2 2 2 2 2 2 2 2 2 2 2 2
left_child=1 2 5 6 7 8 22 11 14 13 15 12 -3 17 19 46 41 20 -17 21 32 -1 -2 -12 -6 -7 -8 -14 -20 -10 -13 -18 33 -5 -27 -23 40 39 -39 -15 -16 42 -9 -43 -11 -33 -4
right_child=3 4 10 9 24 25 26 16 29 44 23 30 27 37 36 18 31 -19 28 -21 -22 35 -24 -25 -26 34 -28 -29 -30 -31 -32 45 -34 -35 -36 -37 -38 38 -40 -41 -42 43 -44 -45 -46 -47 -48
leaf_value=-0.02428866191257107 0.032633963341456421 -0.034532415611359876 -0.13202781115759149 -0.0083259314795151116 0.067470477371942048 -0.19305548142383991 -0.11413443231294214 -0.11588998421611636 0.013836005535007256 0.087985808316800945 0.01281430315474928 -0.22561636236476562 0.077071164954335622 -0.24151812727920402 0.030617897711641053 0.021029789916788704 -0.14909061844874261 0.073285281235129382 -0.008675054473536583 -0.077531318500313876 -0.00096086814659066932 -0.21117482459351103 -0.099360464838149865 -0.054910316296071612 0.0078183557537787312 -0.032830186137152537 -0.021347740193044605 0.014963924142074257 -0.10600377308154083 -0.057713870736136305 -0.043829786947048026 -0.045831271393841438 0.065107502887726043 0.056502398552430617 -0.14327599598108112 -0.13653260452117616 0.011359201278405236 0.026257436492368245 -0.049443811947790919 -0.032911975987305449 -0.11353300522939322 -0.2309537013380136 0.048951335523701817 -0.04436046104208026 0.052875567584376455 -0.181881990948597 -0.063337703795985648
leaf_weight=417 5353 2444 1655 2829 5033 2277 1747 279 1420 9253 6473 169 2858 116 240 1718 1316 8192 963 2325 3829 1151 415 1866 2793 477 1167 3165 1364 3837 2343 1395 7217 3152 1758 2810 839 4146 951 782 831 129 977 516 4258 219 1347
leaf_count=417 5353 2444 1655 2829 5033 2277 1747 279 1420 9253 6473 169 2858 116 240 1718 1316 8192 963 2325 3829 1151 415 1866 2793 477 1167 3165 1364 3837 2343 1395 7217 3152 1758 2810 839 4146 951 782 831 129 977 516 4258 219 1347
internal_value=-4.12644e-06 -0.0379411 -0.0664602 0.0407719 0.00280335 -0.098134 -0.0104746 -0.0186703 -0.0790626 0.05072 -0.0286167 0.00385298 0.0216426 0.0393767 -0.103886 -0.0597063 -0.069855 0.048422 -0.0288853 -0.121926 0.0364577 -0.145491 0.023129 -0.00234118 0.0461841 -0.156745 -0.0769867 0.0444395 -0.0657383 -0.0383858 -0.0560991 -0.102424 0.047314 0.0258388 -0.119719 -0.158245 -0.0405559 0.00132381 0.0121284 -0.0599691 -0.0812223 -0.0196397 0.0123008 -0.0818189 0.0769235 -0.0643398 -0.101223
internal_weight=110811 57404 33768 53407 23636 18382 8682 15810 13870 44725 15386 10979 8467 31214 8613 7047 4831 25219 4045 6703 17027 4378 5768 8339 7826 4512 2914 6023 2327 5257 2512 2930 13198 5981 2235 3961 1910 5995 5097 898 1071 1901 1256 645 13511 1614 3002
internal_count=110811 57404 33768 53407 23636 18382 8682 15810 13870 44725 15386 10979 8467 31214 8613 7047 4831 25219 4045 6703 17027 4378 5768 8339 7826 4512 2914 6023 2327 5257 2512 2930 13198 5981 2235 3961 1910 5995 5097 898 1071 1901 1256 645 13511 1614 3002
is_linear=0
shrinkage=0.0970268


Tree=9
num_leaves=48
num_cat=0
split_feature=0 4 2 2 4 8 3 2 0 0 5 5 3 0 6 3 8 8 6 4 0 8 8 3 8 4 7 0 3 8 7 8 3 7 6 5 7 3 8 7 3 2 3 7 8 7 3
split_gain=15114.3 4297 3943.23 3559.45 3290.7 2177.77 1812.03 1757.87 1498.44 1426.74 1393.99 1257.11 1028.46 967.351 833.747 1069.26 869.873 790.57 744.986 732.931 715.277 752.215 688.2 680.737 672.542 647.283 631.595 629.888 573.556 632.421 544.837 521.697 496.866 499.799 494.178 481.794 460.028 438.558 464.918 431.621 437.06 421.113 417.223 492.366 403.877 391.211 367.767
threshold=-0.58544999999999991 -0.0062761940846778989 -0.095894413325025782 0.03941418630084096 -0.0072207479575060992 -0.070993857370241539 0.10525850206223876 0.018851818115529401 0.43975000000000003 0.70065000000000011 0.037571758838667008 0.00049154994822640005 0.050612858482826158 0.82730000000000004 -0.035152590185157442 -0.025615522900114797 -0.077636584285353291 0.024460316476601754 -0.025704395309371849 -0.041011991029012838 -0.9020999999999999 -0.037802299367547039 -0.0054535788747952984 0.0099227034560154508 0.029649038669517253 -0.05065988093355394 0.0074624207576526507 -0.93924999999999992 0.094691000577307102 0.045631879357648709 0.011896528602841402 0.012079557883119952 -0.0029462045024882997 0.020739376983560903 0.035488849536434205 0.069193759738756952 0.028680670100665853 0.044624009550640609 0.10115501634649351 0.016193667397925906 -0.073118113585582525 -0.11487992520914898 0.064148750514127967 0.036879745068881309 -0.13667504780404063 0.0042937170105158502 -0.047458169566988895
decision_type=2 2 2 2 2 2 2 2 2 2 2 2 2 2 2 2 2 2 2 2 2 2 2 2 2 2 2 2 2 2 2 2 2 2 2 2 2 2 2 2 2 2 2 2 2 2 2
left_child=2 3 5 9 6 45 7 10 18 11 20 32 17 19 16 44 -6 30 -3 42 21 -4 41 31 -22 -9 -23 -17 29 39 -13 36 33 -2 -24 -11 -20 38 -29 40 -10 -7 43 -5 -16 -1 -26
right_child=1 8 4 13 14 22 -8 25 28 35 -12 12 -14 -15 15 27 -18 -19 23 -21 24 26 34 -25 46 -27 -28 37 -30 -31 -32 -33 -34 -35 -36 -37 -38 -39 -40 -41 -42 -43 -44 -45 -46 -47 -48
leaf_value=-0.18801081919813617 -0.021401115643761758 0.047953665088565904 -0.23922678562249877 -0.14589853582802775 0.13658715217951387 0.01853506294687517 0.082400549826884509 -0.19042266293492888 -0.050031479260623825 0.063356253722783001 -0.14016498717349865 -0.096172205806691835 0.056709251204760211 0.0054908877658152071 0.048979020987076453 -0.090828221443929727 -0.0080536393010449264 0.016755623392312406 -0.046339903367720439 -0.043472900577895615 -0.065585668558120452 -0.12690893880227258 0.083313808390791638 0.038806961601178733 -0.10811281046163164 -0.11678629100800267 -0.025407284577447255 -0.036660357141213851 0.13820966082217084 0.083253610764973798 -0.02415983218821036 0.021152990001748161 0.042959570131745582 0.050159400601169205 0.019454521268706636 -0.041470515816951041 0.030233007462018471 0.044603560485803405 0.051298820174537366 0.067986802855697193 0.040738961938507359 -0.076705786003592194 0.014826536980367757 -0.054221954323717951 -0.11421387757727459 -0.065910163826445947 0.022467932240652896
leaf_weight=458 3215 7210 334 2143 466 1143 514 2267 521 5634 2887 2642 1033 1575 153 1182 2434 1322 3538 2730 3780 1355 2347 4423 232 2237 1006 4342 834 6207 1582 3158 5261 1286 2221 445 933 1020 650 6385 11810 707 225 744 2076 538 1606
leaf_count=458 3215 7210 334 2143 466 1143 514 2267 521 5634 2887 2642 1033 1575 153 1182 2434 1322 3538 2730 3780 1355 2347 4423 232 2237 1006 4342 834 6207 1582 3158 5261 1286 2221 445 933 1020 650 6385 11810 707 225 744 2076 538 1606
internal_value=-4.67178e-06 0.02483 -0.0517088 -0.00372465 -0.0680855 0.011334 -0.0968037 -0.102672 0.0437551 0.0155505 -0.0820786 0.000620807 -0.0321589 -0.0619881 -0.0302873 -0.0442879 0.0152018 -0.0487162 0.0232839 -0.0801811 -0.0618988 -0.102992 0.0320528 0.00852349 -0.0421784 -0.153866 -0.0836761 -0.02609 0.0590631 0.056412 -0.0692089 -0.00903365 0.0227137 -0.000950442 0.0522715 0.0556788 -0.0303574 -0.0133551 -0.0252022 0.0475081 0.0369015 -0.0178665 -0.11237 -0.122287 -0.103001 -0.122121 0.00595961
internal_weight=110811 74856 35955 29837 28541 7414 16218 15704 45019 22420 11200 16341 6579 7417 12323 9423 2900 5546 19262 5842 8313 2695 6418 12052 5618 4504 2361 7194 25757 24923 4224 7629 9762 4501 4568 6079 4471 6012 4992 18716 12331 1850 3112 2887 2229 996 1838
internal_count=110811 74856 35955 29837 28541 7414 16218 15704 45019 22420 11200 16341 6579 7417 12323 9423 2900 5546 19262 5842 8313 2695 6418 12052 5618 4504 2361 7194 25757 24923 4224 7629 9762 4501 4568 6079 4471 6012 4992 18716 12331 1850 3112 2887 2229 996 1838
is_linear=0
shrinkage=0.0970268


Tree=10
num_leaves=48
num_cat=0
split_feature=0 1 9 0 1 3 5 6 8 7 3 6 3 9 3 6 1 3 1 1 3 1 3 7 9 7 8 7 0 5 0 0 6 7 5 5 1 0 8 5 5 9 8 9 5 1 3
split_gain=12410.1 5605.93 2628.99 2205.12 1654.9 1380.88 1262.04 1052.63 1027.02 930.51 1062.64 755.917 732.08 726.498 682.534 789.529 631.85 631.175 574.687 540.506 536.63 500.064 488.753 600.01 472.227 444.337 441.265 433.419 425.401 422.873 394.826 390.9 420.95 407.688 382.417 349.149 342.414 338.535 336.171 330.427 322.733 311.584 311.145 308.755 300.026 298.647 292.486
threshold=0.078100000000000017 -0.024092953130503997 0.0083995960139113517 -0.77804999999999991 0.00094840894575840007 0.090825141032628023 0.035957093045195308 -0.0048954986917168998 -0.0023190882243054492 0.011483278724515352 0.017887343662740505 -0.10448051949505939 -0.071252759403181584 -0.035269126535192548 0.014634885021916151 -0.039156868276879843 0.043426398862173456 -0.050257557827609343 0.024977767250954155 -0.046743107410934091 -0.057816508389308491 0.029394831604843404 0.050612858482826158 0.020739376983560903 0.038723488345155307 0.027597165890493703 -0.096041086116257737 0.054789541815318053 -0.91349999999999987 0.10233997228199336 0.86590000000000011 0.8690500000000001 -0.053633272910594339 -0.067757262390685344 -0.0048574820301523491 -0.012176368934110999 -0.076125887519388286 -0.95304999999999984 0.042096081610435959 0.079163110103842318 0.0055626408540700506 -0.034659106180244745 -0.03090695489089405 0.023201306501255854 0.089060067168469773 0.051753899536745855 -0.019159792641172044
decision_type=2 2 2 2 2 2 2 2 2 2 2 2 2 2 2 2 2 2 2 2 2 2 2 2 2 2 2 2 2 2 2 2 2 2 2 2 2 2 2 2 2 2 2 2 2 2 2
left_child=1 3 8 13 9 6 16 30 14 10 20 -5 -13 36 15 26 24 -9 25 35 -2 28 23 38 -4 -17 -3 42 -10 -8 40 32 -22 -34 -20 -15 -1 -7 39 -14 -6 -16 -26 -19 -21 -31 -42
right_child=4 2 5 11 7 37 29 17 21 -11 -12 12 22 19 41 18 -18 43 34 44 31 -23 -24 -25 27 -27 -28 -29 -30 45 -32 -33 33 -35 -36 -37 -38 -39 -40 -41 46 -43 -44 -45 -46 -47 -48
leaf_value=-0.11035683629165781 -0.082852229496999746 0.10847386896230343 -0.021130783904187645 0.092647135732524824 0.069208031208337351 -0.15781978469849958 -0.071335099204213173 -0.030192149289479098 -0.024287284824407344 0.039801572990367989 0.036739639024780398 -0.12075162842993778 -0.068869101044947603 -0.10523755680190167 0.069154082790654256 -0.10032099525784716 0.01438512635557441 0.047850550195947618 0.028849675277322948 -0.075796407480847927 0.03635124303813702 0.056902633242891326 0.010968027855041447 -0.0080185204476061357 -0.1435059972226306 -0.0096209891610805308 -0.0048059142551864368 0.011879171468115466 0.028603928062092061 -0.16731717542784991 0.089007683984166003 0.035359258536030058 -0.11977035451717206 -0.024945887276059158 -0.050300934888072774 -0.16012629588267246 -0.021282877228696585 0.11037913666240487 -0.019256580780567297 -0.17101097714370261 0.0020365343362115217 0.0027500086915272009 -0.065753968101965335 0.013559556068060884 -0.18488693780504323 -0.035765872929661095 0.0529862333865882
leaf_weight=606 1169 501 5238 378 7324 47 3118 1510 1827 8290 4435 1133 4563 1768 1097 2002 2662 7546 1136 2623 959 4605 1585 2547 611 682 913 551 6607 857 4841 1337 470 4622 1162 2872 1233 681 1256 319 1541 1690 2351 3678 261 201 3406
leaf_count=606 1169 501 5238 378 7324 47 3118 1510 1827 8290 4435 1133 4563 1768 1097 2002 2662 7546 1136 2623 959 4605 1585 2547 611 682 913 551 6607 857 4841 1337 470 4622 1162 2872 1233 681 1256 319 1541 1690 2351 3678 261 201 3406
internal_value=-4.53646e-06 -0.0300578 -0.00803136 -0.0702037 0.0350771 -0.0376048 -0.0437056 0.0498176 0.0136835 0.014404 -0.00180185 -0.0422662 -0.0467425 -0.105352 -0.0111708 -0.0286322 -0.0270033 0.0286919 -0.0467935 -0.118715 -0.0217794 0.0311882 -0.0385722 -0.0476144 -0.0395945 -0.0772828 0.0353444 -0.0671161 0.0171447 -0.0893435 0.0655367 -0.0121105 -0.0226024 -0.0337093 -0.0111713 -0.139225 -0.0506586 0.0929707 -0.0640418 -0.0755592 0.0562738 0.0288973 -0.0818137 0.0366155 -0.0856976 -0.142358 0.0371187
internal_weight=110811 59683 38539 21144 51128 16317 15589 29846 22222 21282 12992 11781 11403 9363 9183 6396 11413 12734 4982 7524 8557 13039 10270 8685 8751 2684 1414 3513 8434 4176 17112 7388 6051 5092 2298 4640 1839 728 6138 4882 12271 2787 2962 11224 2884 1058 4947
internal_count=110811 59683 38539 21144 51128 16317 15589 29846 22222 21282 12992 11781 11403 9363 9183 6396 11413 12734 4982 7524 8557 13039 10270 8685 8751 2684 1414 3513 8434 4176 17112 7388 6051 5092 2298 4640 1839 728 6138 4882 12271 2787 2962 11224 2884 1058 4947
is_linear=0
shrinkage=0.0970268


Tree=11
num_leaves=48
num_cat=0
split_feature=0 1 0 3 9 9 1 1 5 1 9 3 8 8 9 5 7 6 1 3 8 7 6 7 1 6 1 0 5 9 7 8 5 3 7 6 7 5 5 9 9 1 9 5 7 8 3
split_gain=10472.3 3727.3 2802.85 2071.75 1688.79 1426.66 1068.45 878.554 838.376 764.933 753.26 750.881 721.519 719.457 654.884 584.473 544.352 522.12 518.148 501.788 478.277 472.377 457.66 455.179 408.596 388.375 432.555 384.818 383.403 379.799 362.088 410.752 356.882 354.336 350.488 344.541 337.701 333.592 310.712 309.754 300.439 331.869 299.797 297.635 294.481 283.157 279.439
threshold=-0.62474999999999992 -0.027891336391990297 0.74330000000000018 0.0014670405244712503 0.0058722753564932504 0.036105039451948706 -0.019223962180686647 0.031567554202066909 0.077302694435499669 -0.099494634212686825 -0.030424801288873097 0.05287311430924841 0.021538407058638954 -0.018201141239484946 0.042200811811707102 -0.033458643210595447 -0.007168902564005499 -0.022554223766791549 0.029394831604843404 -0.0029462045024882997 -0.062551254405013093 -0.064682022486341986 -0.0054171620886451994 0.05593522980630896 0.029939802201082853 -0.054365884133055646 0.024416497966174552 -0.96934999999999993 0.091448979704867608 0.042200811811707102 0.046879372846273311 0.065915943949659675 -0.034732144809780839 0.10525850206223876 0.021199700384649803 -0.084329663943004188 -0.045756655710785993 0.089060067168469773 -0.00099775140616724964 0.07645789768128107 0.0020836027717366008 -0.052536165831333199 0.14512608310463124 0.0113560394668704 0.053802102423520008 0.082183349371925563 0.13497806032799703
decision_type=2 2 2 2 2 2 2 2 2 2 2 2 2 2 2 2 2 2 2 2 2 2 2 2 2 2 2 2 2 2 2 2 2 2 2 2 2 2 2 2 2 2 2 2 2 2 2
left_child=1 9 3 5 13 6 16 11 19 35 -11 14 32 25 20 -12 -2 -4 -15 30 36 45 -14 27 33 -3 -27 -17 39 -19 31 38 -8 -21 -34 -1 -5 -29 -6 44 41 -22 -9 -24 -23 -7 -13
right_child=2 4 17 7 8 21 12 42 -10 10 15 46 22 18 -16 23 -18 29 -20 24 40 28 43 -25 -26 26 -28 37 -30 -31 -32 -33 34 -35 -36 -37 -38 -39 -40 -41 -42 -43 -44 -45 -46 -47 -48
leaf_value=0.019982039386204353 -0.060892434525368945 0.059072572554183807 0.064150151013490198 -0.16553156563298388 -0.062701526909401492 -0.16545577101907921 0.028320592613259012 0.062175253746543827 -0.12600301303323641 -0.027368013522435876 -0.039544890540374716 0.045260296030200063 0.062906958573231656 0.00085146860098945587 -0.042525836472739185 -0.20769049059828767 -0.0072613529893184019 0.042931299540177506 0.05114240289366194 -0.045918265959660684 -0.0084292830465126176 -0.032637816004227299 0.034757103253817354 -0.032305768262867768 0.026389669659337339 -0.074035055430284921 -0.0054730795744779058 -0.099846583109416076 -0.1327530999071608 5.5363736857530564e-05 0.0060601076888433811 -0.012608855099528514 -0.026892028287396778 0.094957318532480559 0.024192058986423397 -0.15277812082882936 -0.019917548114495764 -0.18539879834970577 -0.12810975336783698 -0.07693196839393375 0.0011286335424858275 0.045750627362531077 -0.20974899778412398 -0.032504234907402139 0.047554652491343663 0.053230956288072721 0.13227210115748805
leaf_weight=115 3038 390 10436 171 1406 468 2647 6021 1250 2183 1579 4049 3668 5830 2137 396 4309 10360 2882 2900 1324 3231 1687 699 1342 1911 1585 4415 419 2395 570 729 4938 178 1699 1920 1200 476 1335 1301 3848 5418 38 978 497 63 380
leaf_count=115 3038 390 10436 171 1406 468 2647 6021 1250 2183 1579 4049 3668 5830 2137 396 4309 10360 2882 2900 1324 3231 1687 699 1342 1911 1585 4415 419 2395 570 729 4938 178 1699 1920 1200 476 1335 1301 3848 5418 38 978 497 63 380
internal_value=-4.57544e-06 -0.0447504 0.0198785 0.00767135 -0.0214324 -0.00992128 0.00107047 0.0283818 -0.0518397 -0.0888936 -0.07759 0.0178915 0.0154257 0.00200439 0.00694176 -0.0920788 -0.0294414 0.0480538 0.0174908 -0.0408749 0.0157818 -0.0521368 0.0406757 -0.105931 -0.0182778 -0.0327103 -0.0429578 -0.11566 -0.0436128 0.0348815 -0.0655908 -0.0773625 -0.00179836 -0.0377567 -0.013813 -0.143009 -0.0381312 -0.10819 -0.0945766 -0.0361737 0.0227636 0.0351095 0.0604539 0.0100689 -0.0219403 -0.139471 0.0527396
internal_weight=110811 34091 76720 53529 22308 28943 22964 24586 9710 11783 9748 18527 15617 12598 14098 7565 7347 23191 8712 8460 11961 5979 6333 5986 4420 3886 3496 5287 5448 12755 4040 3470 9284 3078 6637 2035 1371 4891 2741 5029 10590 6742 6059 2665 3728 531 4429
internal_count=110811 34091 76720 53529 22308 28943 22964 24586 9710 11783 9748 18527 15617 12598 14098 7565 7347 23191 8712 8460 11961 5979 6333 5986 4420 3886 3496 5287 5448 12755 4040 3470 9284 3078 6637 2035 1371 4891 2741 5029 10590 6742 6059 2665 3728 531 4429
is_linear=0
shrinkage=0.0970268


Tree=12
num_leaves=48
num_cat=0
split_feature=0 4 1 4 2 3 4 1 2 5 5 3 2 1 7 0 2 1 7 6 4 3 4 3 4 2 5 5 3 7 6 1 5 0 7 6 1 3 5 1 6 7 1 1 0 1 5
split_gain=8545.26 4066.34 3245.72 2269.27 2161.05 1552.53 1233.1 1212.04 1185.9 1138.65 1130.87 1026.81 960.195 841.566 740.913 677.302 596.359 590.174 572.486 559.469 649.338 630.25 550.346 548.017 530.891 515.414 508.386 501.579 490.454 617.373 481.703 480.619 426.989 425.475 414.102 410.772 466.498 401.926 397.32 395.274 370.885 369.107 359.715 322.764 341.977 320.786 341.39
threshold=-0.10264999999999998 0.0087459754560187519 -0.024092953130503997 -0.049754782208191746 -0.040311809538359146 0.045528706945639458 0.019943716421292654 -0.042279608257036541 0.025563501414801303 0.012416409094268251 0.056332968018799556 0.05174505621343576 0.048370956058493307 0.0072183644249842012 0.019828326375400603 -0.92864999999999986 0.045355472178381158 -0.068029734234783937 0.051571024577313856 -0.063437157008745235 -0.057564189976198041 -0.0040519328970489996 0.09118465142868247 -0.031893002421384743 0.056721917652989305 -0.039198989009521297 0.021995029554704604 0.093828750910579212 0.020669041436335005 -0.0067663485611202494 -0.010132685783385598 0.032134417775220005 0.12380481323308747 0.9084000000000001 0.014513839786318553 0.059598292638332252 0.024977767250954155 0.019279866450036803 -0.018812783794462499 0.037411666184969862 -0.0064870444723706495 -0.0018786184531011999 0.010983882846007752 -0.066770264626139039 -0.93124999999999991 -0.096374697003733731 -0.018268140411280546
decision_type=2 2 2 2 2 2 2 2 2 2 2 2 2 2 2 2 2 2 2 2 2 2 2 2 2 2 2 2 2 2 2 2 2 2 2 2 2 2 2 2 2 2 2 2 2 2 2
left_child=1 2 11 12 10 9 8 22 13 16 18 14 26 28 19 -11 38 -8 23 21 -21 -1 -3 -4 25 32 -2 -15 29 -5 -13 -25 -9 37 40 36 -27 42 -6 -18 -12 -14 -10 -22 -45 -16 -47
right_child=3 7 4 6 5 -7 17 24 33 15 34 30 41 27 45 -17 39 -19 -20 20 43 -23 -24 31 -26 35 -28 -29 -30 -31 -32 -33 -34 -35 -36 -37 -38 -39 -40 -41 -42 -43 -44 44 -46 46 -48
leaf_value=-0.11440557892247083 0.018562077581514669 -0.045141046593621975 -0.044408676463369282 -0.040178139542074727 0.014488992821427989 0.029435089782405367 0.0016967420705695257 0.038874836861364892 -0.082160556093746492 -0.20453816931580796 -0.035181155723291148 0.028857291992093911 -0.1267984251596104 0.050336920428546102 -0.13540676729703191 -0.095286101610118856 -0.12874454885487019 0.054778254037274279 0.072567453102828305 -0.18026328126377938 -0.14795361896804538 0.084266964996104463 0.045458701652913179 -0.0018864168607214658 0.060240665771161141 -0.024948763922865158 -0.068892362466464574 -0.038013302309867145 0.039066663837824853 0.019389128983086843 -0.065519708914712455 0.04921833829967566 -0.087103113958624273 0.043700242005054589 -0.015645032835838478 -0.091642974645651673 0.04507316761881433 0.010742917533475024 -0.050427216451706586 -0.025521626030114403 -0.14958603434064813 -0.046018038884317561 -0.020596508257379867 -0.16381480625823427 -0.076977855985783578 -0.0007216250883923266 -0.073129517381357603
leaf_weight=357 2781 4212 1689 2921 1574 1625 2185 5536 1543 641 441 882 986 12229 495 3218 1034 20251 1378 1635 1372 259 742 4742 3044 2517 807 636 3280 3728 1203 2729 265 897 885 522 1390 1684 2034 528 677 1160 2124 512 2584 886 1991
leaf_count=357 2781 4212 1689 2921 1574 1625 2185 5536 1543 641 441 882 986 12229 495 3218 1034 20251 1378 1635 1372 259 742 4742 3044 2517 807 636 3280 3728 1203 2729 265 897 885 522 1390 1684 2034 528 677 1160 2124 512 2584 886 1991
internal_value=-4.64025e-06 -0.027842 -0.0470268 0.0260746 -0.0257304 -0.0578614 0.0325239 0.00938544 0.019324 -0.0735743 0.00156629 -0.0875929 -0.0318222 0.0295892 -0.100401 -0.113456 -0.0437971 0.0496093 0.0142702 -0.119029 -0.127924 -0.0308573 -0.0315666 0.00549625 0.0246704 0.0140833 -0.00111103 0.0459674 0.00836591 -0.00677911 -0.025594 0.0167816 0.0331125 -0.0181232 -0.0652549 -0.0108393 -3.24229e-05 -0.0284912 -0.0221064 -0.0938744 -0.104497 -0.0831551 -0.0465104 -0.108754 -0.0913617 -0.0632699 -0.0508374
internal_weight=110811 53599 35371 57212 23195 10654 51478 18228 29042 9029 12541 12176 5734 22794 10091 3859 5170 22436 10538 6719 6103 616 4954 9160 13274 10230 3588 12865 9929 6649 2085 7471 5801 6248 2003 4429 3907 5351 3608 1562 1118 2146 3667 4468 3096 3372 2877
internal_count=110811 53599 35371 57212 23195 10654 51478 18228 29042 9029 12541 12176 5734 22794 10091 3859 5170 22436 10538 6719 6103 616 4954 9160 13274 10230 3588 12865 9929 6649 2085 7471 5801 6248 2003 4429 3907 5351 3608 1562 1118 2146 3667 4468 3096 3372 2877
is_linear=0
shrinkage=0.0970268


Tree=13
num_leaves=48
num_cat=0
split_feature=0 4 4 3 9 7 5 3 4 3 8 9 8 6 4 9 3 3 8 4 6 9 7 7 5 3 5 0 7 5 0 4 4 9 7 4 5 0 6 4 3 4 8 3 8 5 9
split_gain=7305.21 3326.55 1994.04 1488.32 1368.31 1187.65 1119.74 924.07 922.862 837.973 824.266 741.326 702.087 696.473 648.24 630.991 618.2 601.003 525.526 522.286 515.922 480.731 447.061 443.131 417.492 407.327 424.22 378.934 370.301 378.39 374.799 369.556 355.137 352.416 350.716 348.52 342.578 333.084 332.66 314.175 451.48 311.816 310.974 304.363 319.691 302.169 301.472
threshold=-0.68049999999999988 -0.014187407861517148 0.0087459754560187519 -0.00036272643196209994 0.050150687741229556 0.024530531217677402 -0.00099775140616724964 0.090825141032628023 0.034444313149233262 -0.004438293604274399 -0.022443628107096495 0.0025306936911618006 -0.0035813895334352998 -0.067280322973575876 -0.059785038021376594 -0.019491318007932894 0.094691000577307102 -0.045826648680994099 0.0017767987013364002 -0.082945630417784785 -0.05975098773632119 0.10994557259447872 -0.017106529275807695 0.0023373559090248503 0.099374248208709659 0.06234585811946361 0.056332968018799556 -0.40139999999999992 -0.057989191160742644 -0.0082006171525774978 -0.10264999999999998 -0.076708091414308774 -0.075025603548725089 0.029537174986280803 -0.09021659751123938 -0.065856962706443936 -0.013196052642705647 0.17810000000000001 -0.040920646698025143 0.015369711252886801 -0.018290733920946246 0.035052049108563757 0.11993638361799387 0.076116961735840413 0.076787835299662863 0.11544786664034272 -0.033331461174301441
decision_type=2 2 2 2 2 2 2 2 2 2 2 2 2 2 2 2 2 2 2 2 2 2 2 2 2 2 2 2 2 2 2 2 2 2 2 2 2 2 2 2 2 2 2 2 2 2 2
left_child=2 3 6 5 8 14 10 15 9 12 19 -4 23 -5 36 -8 21 22 28 -1 33 39 -12 -3 35 26 32 -20 -16 -30 -31 -7 -15 -17 -29 -22 -2 -34 -33 40 45 -13 -37 44 -11 -6 -10
right_child=1 4 11 13 16 31 7 -9 46 43 17 41 -14 25 18 20 -18 -19 27 -21 24 -23 -24 -25 -26 -27 -28 34 29 30 -32 38 37 -35 -36 42 -38 -39 -40 -41 -42 -43 -44 -45 -46 -47 -48
leaf_value=-0.17870918563312924 -0.054763156167140434 -0.047039158047147908 0.021026038183532141 0.06630503192206913 -0.087169492527620476 -0.04695410551179837 -0.047562223350439234 0.044537067413975999 0.073656950520480297 0.030968777885132612 -0.18813088706396652 -0.057473081990253652 0.02513791872007826 -0.060297367067827359 -0.14619244977563159 0.060294523783701579 0.096301719938400282 -0.0037746289558370214 -0.077867804489749351 -0.059905565539085173 -0.14458691702984036 -0.089441931991513596 -0.04362668908837198 0.010899484435282372 -0.16331059786741295 0.040367204660374606 -0.063453774288122752 -0.14278973639987699 -0.018640925532084105 -0.15219582475598142 -0.051944818085118451 0.069277544244901082 -0.014578020147391971 -0.096230971117777259 0.0084462144182559113 -0.091100467414443845 -0.12524235069733344 0.027945085040601867 0.0029589679911111153 0.0095636065214666985 -0.0084553478042169675 -0.0058345779240745448 0.0051499707413100197 0.089096722444591298 0.076628343743999336 -0.34962784373540207 0.045306483395405134
leaf_weight=417 1197 2858 5298 1875 607 808 3362 564 4883 13146 284 2305 7337 795 449 313 473 6135 688 2116 1118 790 694 2198 990 2135 1092 151 1590 530 1042 1109 3246 238 3093 4808 1423 3722 1989 3447 1507 2108 338 1091 1622 44 12786
leaf_count=417 1197 2858 5298 1875 607 808 3362 564 4883 13146 284 2305 7337 795 449 313 473 6135 688 2116 1118 790 694 2198 990 2135 1092 151 1590 530 1042 1109 3246 238 3093 4808 1423 3722 1989 3447 1507 2108 338 1091 1622 44 12786
internal_value=-4.89231e-06 0.0155519 -0.039899 -0.0121949 0.029709 -0.034005 -0.0564611 -0.0765979 0.0357501 0.0248712 -0.0319684 -0.00343889 0.00596699 0.0116559 -0.0514812 -0.0827182 -0.0106821 -0.0150392 -0.0370336 -0.0794938 -0.0978571 -0.0186023 -0.085661 -0.0218508 -0.104732 0.00232927 -0.00684236 -0.0124857 -0.0637566 -0.0520301 -0.0857818 0.0114647 0.00112281 -0.00732039 0.00138621 -0.0954622 -0.0930599 0.00813495 0.0267083 -0.00861015 -0.0376398 -0.0328114 -0.0847768 0.0396428 0.0359863 -0.105136 0.0531435
internal_weight=110811 79723 31088 26934 52789 14069 21377 11731 45921 28252 9646 9711 12393 12865 10163 11167 6868 7113 7543 2533 7805 6395 978 5056 7254 10990 8855 3932 3611 3162 1572 3906 7763 551 3244 6264 2620 6968 3098 5605 2158 4413 5146 15859 14768 651 17669
internal_count=110811 79723 31088 26934 52789 14069 21377 11731 45921 28252 9646 9711 12393 12865 10163 11167 6868 7113 7543 2533 7805 6395 978 5056 7254 10990 8855 3932 3611 3162 1572 3906 7763 551 3244 6264 2620 6968 3098 5605 2158 4413 5146 15859 14768 651 17669
is_linear=0
shrinkage=0.0970268


Tree=14
num_leaves=48
num_cat=0
split_feature=0 1 4 2 4 2 4 2 5 8 3 7 8 5 1 4 3 0 1 5 4 3 7 5 2 2 2 1 2 8 0 7 3 1 4 4 2 3 8 3 3 7 8 1 3 3 5
split_gain=6043.66 3281.81 2266.98 1232.26 1168.19 1676.49 1135.17 1003.26 838.87 838.617 795.847 787.116 759.528 828.861 672.751 636.781 537.508 526.568 513.063 521.322 484.882 522.469 464.106 443.282 410.137 406.794 404.556 394.414 393.003 407.128 382.795 375.558 383.791 453.681 368.654 368.56 359.971 356.97 355.02 354.494 347.194 344.606 336.414 342.395 331.99 325.387 323.549
threshold=0.078100000000000017 0.0072183644249842012 0.0087459754560187519 -0.0011303825497638498 0.017916390579034405 0.025563501414801303 -0.026696383359199497 0.051332671033917511 0.066330729236624017 0.045631879357648709 0.044624009550640609 0.020302535926193455 -0.030119355805494297 0.041940620523972703 0.022736740153580303 -0.053498587056858643 -0.018727755192716997 0.82730000000000004 -0.052536165831333199 0.14177564617113228 0.04558573552231001 -0.0022210438241292998 -0.08436367520802239 0.11956118293705177 -0.082414810638072031 -0.054044491410804495 -0.045503285490511594 -0.068029734234783937 -0.059107888248588737 -0.0011709492336022499 -0.96934999999999993 0.013634829038544802 0.014634885021916151 -0.025956082040251498 0.083956405294052558 -0.068701752432777943 -0.089159629001615087 0.11247527283319292 -0.14289358475273709 0.05287311430924841 0.0022027289066186002 0.036879745068881309 0.065915943949659675 0.017795254372634003 -0.045005053719187692 0.10525850206223876 -0.073811722070813282
decision_type=2 2 2 2 2 2 2 2 2 2 2 2 2 2 2 2 2 2 2 2 2 2 2 2 2 2 2 2 2 2 2 2 2 2 2 2 2 2 2 2 2 2 2 2 2 2 2
left_child=1 2 3 9 5 8 7 12 14 10 11 16 39 25 31 45 46 35 34 26 21 23 -18 28 -15 -14 -20 -6 29 -8 -11 32 33 -2 -4 -7 -25 -12 -30 -3 -10 42 43 -37 -16 -5 -1
right_child=4 6 18 15 27 17 20 -9 40 30 37 -13 13 24 44 -17 22 -19 19 -21 -22 -23 -24 36 -26 -27 -28 -29 38 -31 -32 -33 -34 -35 -36 41 -38 -39 -40 -41 -42 -43 -44 -45 -46 -47 -48
leaf_value=-0.00010800592331471854 -0.05998182547982292 -0.067827708707022871 -0.047563243897821579 -0.13265829099993076 0.00020417292852917439 -0.099735989541807291 -0.024220491915040523 -0.099787903352947224 -0.075440930436065451 -0.096915979039933167 -0.017171546288434789 -0.025514477334497118 0.06162200719970478 0.046088312054754915 -0.0040243681171608222 -0.067166170147199902 -0.1845153878622276 0.0093282772190255575 0.032123706705106718 -0.16642159394664618 0.059890873229012993 0.032890775685731809 -0.054995064553927081 0.011755545802259701 -0.11409772708708631 -0.0027557413010727764 -0.011080993730100823 0.046023569749389294 0.091615989158458019 0.058462351251120766 0.01309081546239362 0.042139423646440813 0.030562280843253443 0.0056969613438435998 0.021119437595030162 -0.098328312099772733 -0.19876722458014739 0.09229073794270691 -0.029426242377930931 0.04725590283236486 0.011682805337456019 0.022438648739578293 0.0060667166141210958 -0.025318809583529566 0.058920472573917936 0.038009056596217054 -0.12764823429389485
leaf_weight=203 1344 1995 3558 2809 1947 952 859 1325 1021 332 1824 3261 2171 200 882 4172 277 2465 4122 159 2648 6854 4303 125 604 1608 4039 19349 245 1612 2858 3727 3375 3756 927 1333 196 331 3233 288 744 846 837 1108 7442 109 2436
leaf_count=203 1344 1995 3558 2809 1947 952 859 1325 1021 332 1824 3261 2171 200 882 4172 277 2465 4122 159 2648 6854 4303 125 604 1608 4039 19349 245 1612 2858 3727 3375 3756 927 1333 196 331 3233 288 744 846 837 1108 7442 109 2436
internal_value=-5.15459e-06 -0.0209779 -0.0396131 -0.057885 0.0244766 0.0120843 0.00680021 -0.0225024 0.0254627 -0.0428216 -0.0540443 -0.0650863 -0.00758139 0.0151938 0.0309825 -0.0915008 -0.0829581 -0.0274599 -0.00691328 0.00734548 0.022019 0.0143753 -0.0628467 -0.00586417 -0.0742357 0.034229 0.0107405 0.041835 0.000130754 0.0297161 0.00162773 0.0164722 0.00518204 -0.011613 -0.0333646 -0.0453261 -0.116851 -0.000339612 -0.020887 -0.0532999 -0.0387164 -0.0327548 -0.0470032 -0.0652022 0.0522499 -0.126275 -0.117843
internal_weight=110811 59683 35720 22915 51128 29832 23963 8191 22291 15825 12635 10480 6866 4583 20526 7090 7219 7541 12805 8320 15772 13124 4580 6270 804 3779 8161 21296 5949 2471 3190 12202 8475 5100 4485 5076 321 2155 3478 2283 1765 4124 3278 2441 8324 2918 2639
internal_count=110811 59683 35720 22915 51128 29832 23963 8191 22291 15825 12635 10480 6866 4583 20526 7090 7219 7541 12805 8320 15772 13124 4580 6270 804 3779 8161 21296 5949 2471 3190 12202 8475 5100 4485 5076 321 2155 3478 2283 1765 4124 3278 2441 8324 2918 2639
is_linear=0
shrinkage=0.0970268


Tree=15
num_leaves=48
num_cat=0
split_feature=0 4 2 2 1 1 9 0 3 3 3 1 7 9 3 1 4 4 3 9 3 9 9 6 1 2 7 1 1 6 6 1 9 4 3 6 6 0 0 7 4 0 7 3 4 9 6
split_gain=5327.71 2547.75 2314 2103.49 1285.83 1166.53 1043.75 988.144 862.515 847.88 771.359 621.884 607.726 602.507 571.063 570.514 557.882 526.024 602.888 524.494 511.302 489.775 483.491 453.066 426.122 422.612 405.029 400.309 395.936 381.607 366.857 357.5 357.047 341.789 326.724 323.997 321.668 316.872 306.259 300.747 297.007 281.584 279.337 288.215 273.288 264.174 260.712
threshold=-0.77164999999999984 -0.0062761940846778989 -0.097962575394615142 0.03941418630084096 -0.047691926740275996 0.031567554202066909 0.036105039451948706 -0.94224999999999992 0.050612858482826158 0.0099227034560154508 -0.032435441913664896 0.016785010834436401 0.014513839786318553 0.013895872769405201 0.094691000577307102 -0.033951265674093546 0.025260250773585752 0.05568914402999716 -0.016968690321947994 0.10994557259447872 0.069581063249944966 -0.013057005415354598 -0.0046980945101937994 -0.027857127141151249 -0.006963023889682199 -0.059689191467348142 0.010230697427668852 -0.068029734234783937 -0.035411352165185296 -0.05975098773632119 -0.10448051949505939 -0.010022129077029799 0.046667772270699508 -0.05065988093355394 0.059325650782122909 -0.0064870444723706495 0.075766933679636966 -0.076299999999999993 0.75090000000000012 0.020302535926193455 -0.012185090194689998 0.89345000000000008 0.013634829038544802 0.034314449326678709 0.035052049108563757 0.032908849819729101 -0.036328493634105598
decision_type=2 2 2 2 2 2 2 2 2 2 2 2 2 2 2 2 2 2 2 2 2 2 2 2 2 2 2 2 2 2 2 2 2 2 2 2 2 2 2 2 2 2 2 2 2 2 2
left_child=2 3 21 5 23 8 11 33 13 16 -7 17 20 15 19 -2 25 18 26 28 31 -1 -11 34 -23 -9 27 -3 -8 -27 -15 41 46 -6 -4 -24 -26 -32 -14 -39 -25 -5 43 -17 -13 -31 -12
right_child=1 6 4 12 7 10 14 9 -10 22 32 44 38 30 -16 42 -18 -19 -20 -21 -22 24 35 40 36 29 -28 -29 -30 45 37 -33 -34 -35 -36 -37 -38 39 -40 -41 -42 -43 -44 -45 -46 -47 -48
leaf_value=0.051350107303042507 -0.04247501935981772 -0.11855510487596196 -0.067129354422315352 -0.11428039528578721 -0.13631326630405211 -0.019467926896157187 -0.039157002512536149 -0.020469242331626981 0.038438559166952123 0.040818884378175942 0.093986429768732838 0.037793724246559739 -0.035265955798124526 0.095927416917313796 0.090022387166272227 -0.0089331686078822185 0.0091709749668990939 0.046675447618445096 0.026100297922349785 -0.085445852918727971 0.046319905300391352 -0.048655537172252926 0.012537287320241834 -0.14105947170457453 0.053255448973177195 0.011484216644394913 0.019883302661446285 -0.020581926776277258 0.0099056199720707686 -0.075505763475229914 -0.067330336539791313 -0.05456144244026024 0.00024184461219471182 -0.067485864458742675 0.079009311999152662 -0.059287992809250539 -0.033978230383071642 -0.040052679983656775 0.031533330460573897 0.026050873870540035 -0.084857012497319612 0.056139692718031382 0.040686492203830374 0.078111781608835973 0.064128428172980811 -0.14323463820604188 0.047485453227389077
leaf_weight=2273 2336 456 1070 2154 921 1831 2004 1716 3105 2065 1681 10063 2474 182 595 3989 1321 6388 12278 756 329 1360 1180 1961 1168 403 2159 2814 6807 2938 2907 2676 1039 2598 166 1184 603 2680 874 854 1621 95 2291 393 5882 666 3505
leaf_count=2273 2336 456 1070 2154 921 1831 2004 1716 3105 2065 1681 10063 2474 182 595 3989 1321 6388 12278 756 329 1360 1180 1961 1168 403 2159 2814 6807 2938 2907 2676 1039 2598 166 1184 603 2680 874 854 1621 95 2291 393 5882 666 3505
internal_value=-5.02612e-06 0.0115417 -0.0392041 -0.00839366 -0.054556 0.00500852 0.0255973 -0.0405395 -0.0082663 -0.0267409 0.0358836 0.0326454 -0.0501373 -0.0175447 -0.00217251 -0.00121073 -0.0476553 0.0228073 0.0141952 -0.00791103 -0.0707238 0.0170714 0.00652129 -0.0981614 -0.00781446 -0.0607734 -0.0127271 -0.0342605 -0.00125361 -0.0780275 -0.0397603 -0.0785477 0.0521662 -0.0855162 -0.0474748 -0.0234363 0.0235474 -0.0436017 -0.0178234 -0.0240748 -0.115641 -0.107068 0.0132349 -0.00111772 0.0475104 -0.0880394 0.0625665
internal_weight=110811 85597 25214 35395 19810 26793 50202 14992 18737 11473 8056 40040 8602 15632 10162 9009 7044 24095 17707 9567 5254 5404 4429 4818 3131 5723 5429 3270 8811 4007 6623 4925 6225 3519 1236 2364 1771 6441 3348 3534 3582 2249 6673 4382 15945 3604 5186
internal_count=110811 85597 25214 35395 19810 26793 50202 14992 18737 11473 8056 40040 8602 15632 10162 9009 7044 24095 17707 9567 5254 5404 4429 4818 3131 5723 5429 3270 8811 4007 6623 4925 6225 3519 1236 2364 1771 6441 3348 3534 3582 2249 6673 4382 15945 3604 5186
is_linear=0
shrinkage=0.0970268


Tree=16
num_leaves=48
num_cat=0
split_feature=4 2 5 9 6 6 3 9 8 2 3 8 4 2 4 3 3 7 5 9 9 7 9 6 6 9 3 2 8 2 2 5 7 9 7 8 6 9 4 2 8 7 7 6 5 3 8
split_gain=4073.44 2520.18 1609.89 1590.47 1038.72 960.539 728.505 727.367 720 773.357 669.317 650.596 606.681 552.849 520.954 515.807 505.994 484.907 482.271 477.304 421.598 459.453 397.889 388.74 374.066 362.48 331.148 338.912 318.401 333.05 315.915 352.013 306.087 305.719 301.405 290.601 285.153 402.447 283.539 282.616 363.908 322.233 274.528 269.465 268.017 266.952 259.94
threshold=-0.014187407861517148 0.023233723475790755 0.038350382520869607 -0.011429291451000448 -0.034522170389873992 -0.063437157008745235 -0.054317581960501286 0.038025008673170053 -0.022443628107096495 -0.086653420511179483 0.090825141032628023 0.045631879357648709 -0.076708091414308774 -0.0099880315589697486 0.072805073274179413 0.094691000577307102 0.084152524140046411 -0.034021272143954444 0.099374248208709659 -0.034659106180244745 -0.038597385459428493 0.066349310368778711 0.061931270752288207 0.020579722632371702 0.029729573826439055 0.037359979089867407 0.044624009550640609 -0.11487992520914898 -0.081080349147271691 -0.10124865802229639 0.18295945040458778 -0.020272787634516298 0.093339623577784414 -0.047276228969332139 -0.026833814488234294 -0.057655863997381991 0.015603870952009753 -0.027575141132673547 0.035052049108563757 -0.069203642328287449 -0.018201141239484946 -0.00076368615081854989 -0.09800581402679738 -0.068292372760330025 0.069193759738756952 0.041145684358658903 0.076787835299662863
decision_type=2 2 2 2 2 2 2 2 2 2 2 2 2 2 2 2 2 2 2 2 2 2 2 2 2 2 2 2 2 2 2 2 2 2 2 2 2 2 2 2 2 2 2 2 2 2 2
left_child=1 2 5 23 15 -1 -6 8 17 24 12 13 32 18 25 -5 19 -7 34 -4 42 30 -16 46 -10 45 27 -19 -25 -30 43 -32 -3 -12 -8 -27 37 -11 -20 40 41 -21 -14 -22 -42 -15 -2
right_child=3 10 16 4 6 7 11 -9 9 36 33 -13 20 14 22 -17 -18 26 38 39 21 -23 -24 28 -26 35 -28 -29 29 -31 31 -33 -34 -35 -36 -37 -38 -39 -40 -41 44 -43 -44 -45 -46 -47 -48
leaf_value=0.045101419499329637 0.036948712894500885 -0.11465437113477357 0.010081959961165789 0.021234746026464666 -0.056921263657364621 -0.084412105017124844 -0.020286608826162362 -0.042265092064582475 0.10123657179525856 0.058342029123085989 0.16207827708803238 0.022685340550643689 -0.15530375356485149 -0.041812871843204945 0.056251593733983696 0.098933831172820869 0.040729972323120381 0.040232039878991002 -0.093380021790751583 -0.13534395007525102 0.031294612525628256 0.013616019920363442 -0.05509738471337098 -0.02823606274080934 0.026276605270107212 -0.14895009072901433 0.043801183167622278 -0.036277269877690074 0.062388472767920408 0.011897118138800537 -0.10065123361715943 0.012159851482971624 -0.0015212799830043111 -0.0076294034072909873 0.01549346970020004 -0.060101422151628989 -0.030709613784103664 -6.201693729597152e-05 -0.0006362213443194477 -0.090896995290599331 0.056195629824596957 -0.030957617532652235 -0.010376935168413141 -0.094854205118312759 -0.056379626486887796 0.027109994456563171 0.073536586759844771
leaf_weight=4023 16419 2677 759 11251 2512 1059 2963 4294 1278 1416 161 7197 130 2872 917 866 494 653 770 517 166 587 450 1312 1231 460 831 3285 1617 5137 421 681 246 262 8791 1410 1836 5145 520 3048 449 604 2184 3847 357 648 2058
leaf_count=4023 16419 2677 759 11251 2512 1059 2963 4294 1278 1416 161 7197 130 2872 917 866 494 653 770 517 166 587 450 1312 1231 460 831 3285 1617 5137 421 681 246 262 8791 1410 1836 5145 520 3048 449 604 2184 3847 357 648 2058
internal_value=-4.66704e-06 -0.023526 -0.00930879 0.0147081 0.00287341 0.00166664 -0.00694759 -0.00664343 0.00249748 0.0172102 -0.0626628 -0.00229669 -0.0672943 -0.0113776 -0.0339024 0.0267919 -0.0534541 -0.0250324 0.000290653 -0.0615723 -0.053489 -0.0676642 0.0195845 0.0332676 0.0644729 -0.0474698 -0.0118384 -0.0235852 0.0154928 0.0239899 -0.0769941 -0.0309511 -0.105138 0.0570384 0.00647268 -0.0819906 0.00308469 0.0125443 -0.0560144 -0.0725059 -0.0433978 -0.0791409 -0.0185495 -0.089631 0.00631807 -0.0291205 0.041026
internal_weight=110811 42641 31279 68170 41627 25051 29510 21028 16734 10906 11362 26998 10939 19801 6757 12117 6228 5828 13044 5734 8016 5702 1367 26543 2509 5390 4769 3938 8066 6754 5115 1102 2923 423 11754 1870 8397 6561 1290 4975 1927 1121 2314 4013 806 3520 18477
internal_count=110811 42641 31279 68170 41627 25051 29510 21028 16734 10906 11362 26998 10939 19801 6757 12117 6228 5828 13044 5734 8016 5702 1367 26543 2509 5390 4769 3938 8066 6754 5115 1102 2923 423 11754 1870 8397 6561 1290 4975 1927 1121 2314 4013 806 3520 18477
is_linear=0
shrinkage=0.0970268


Tree=17
num_leaves=48
num_cat=0
split_feature=0 1 2 8 4 3 4 3 0 8 2 3 1 1 7 1 7 2 6 7 1 6 2 6 6 8 0 3 4 6 3 3 8 6 2 8 0 3 2 8 2 0 7 1 7 3 1
split_gain=4235.02 1996.98 1649.8 1303.49 1204.52 1100.31 930.786 1011.13 808.083 755.692 1094.43 748.474 733.598 655.128 650.687 636.551 523.722 531.922 475.549 443.223 434.793 428.312 415.68 410.811 409.873 413.323 391.457 372.49 358.25 353.611 351.985 342.59 341.283 321.285 320.272 357.941 323.632 303.995 326.589 303.123 302.048 301.643 297.469 295.017 280.452 255.517 240.734
threshold=-0.78429999999999989 -0.031821152397015197 -0.070567861621548489 -0.019655016499419746 0.017916390579034405 -0.0025788049096728497 0.047246927038361856 0.014634885021916151 -0.93604999999999994 -0.0041888843839510996 -0.021189410923942498 0.06234585811946361 -0.055655428992582141 -0.053503364706735793 0.0012391603315140504 0.04206493927765801 -0.037291135030814597 -0.11199442759513609 0.081239476186472412 0.0042937170105158502 0.056196733770714755 -0.10448051949505939 -0.13420704563369165 -0.0048954986917168998 0.060805116615952261 -0.12226994627433228 0.49445000000000006 0.094691000577307102 0.071191168383034562 0.030566487320726303 0.0067753308193450506 -0.043278355832032898 0.098637426988032517 -0.10448051949505939 -0.030333181533519996 -0.029245087569109148 0.91525000000000012 0.10525850206223876 -0.013522962455048748 -0.066568939532590438 -0.015968022977862244 0.89575000000000016 -0.067757262390685344 -0.096374697003733731 -0.0015260381320967998 -0.071252759403181584 -0.068029734234783937
decision_type=2 2 2 2 2 2 2 2 2 2 2 2 2 2 2 2 2 2 2 2 2 2 2 2 2 2 2 2 2 2 2 2 2 2 2 2 2 2 2 2 2 2 2 2 2 2 2
left_child=2 6 3 16 5 9 7 14 28 19 -11 13 31 -10 21 27 -1 39 22 20 42 -2 -14 -6 25 29 -12 34 37 -15 44 -5 45 -9 35 -7 -36 38 -4 -18 -26 46 -3 -16 -27 -25 -23
right_child=1 4 8 12 23 15 -8 33 11 10 26 -13 18 24 43 -17 17 -19 -20 -21 -22 41 -24 32 40 30 -28 -29 -30 -31 -32 -33 -34 -35 36 -37 -38 -39 -40 -41 -42 -43 -44 -45 -46 -47 -48
leaf_value=-0.16732429122166795 0.11597428106113188 -0.14420292231051535 -0.075747140282909811 -0.16149386749466529 0.047476602351175574 -0.0084571972840700761 0.018178060995924835 0.093338102480562901 -0.099202346238420419 0.036353592974395652 -0.046694373580115453 0.033041752337589138 0.11950326843603411 0.10814831130396357 -0.082594781751822582 0.052015404376026489 -0.048808337346807319 -0.085564818788325225 -0.02321362892992623 -0.0049593308888894122 0.0011786540954521066 -0.11356322263130439 0.035248607536171477 -0.064117352197147731 -0.023782013786723101 -0.079096519665186868 0.0031925702542251583 0.07316530377517122 0.076592549075851404 -0.15732140128248609 -0.0062818134617094804 -0.02551501387318349 0.063211469276744411 -0.0035065203664625699 -0.01041399116863796 0.035982371679814516 0.073653044836997444 0.040959049262316083 -0.13224294100363326 0.057903569900893223 -0.14786988280311572 0.039435634937231102 -0.055927279362075352 -0.011665178233473272 -0.02890388154489772 0.017841208463264011 -0.066619389147621624
leaf_weight=373 108 405 2079 235 12864 2392 5311 342 2043 6288 2963 1131 644 320 650 5569 461 1249 1123 3913 1218 1658 3825 373 289 1985 2959 944 115 55 2443 675 1589 5541 6559 5948 461 145 1801 548 513 193 3194 3655 2223 8718 2721
leaf_count=373 108 405 2079 235 12864 2392 5311 342 2043 6288 2963 1131 644 320 650 5569 461 1249 1123 3913 1218 1658 3825 373 289 1985 2959 944 115 55 2443 675 1589 5541 6559 5948 461 145 1801 548 513 193 3194 3655 2223 8718 2721
internal_value=-4.37984e-06 0.0100419 -0.0358176 -0.00324656 0.01817 0.00847549 -0.016686 -0.0291406 -0.0554618 -0.00742152 0.0081635 -0.0417078 0.0200697 -0.0502744 -0.0496142 0.0236947 -0.0608657 -0.0432479 0.0332186 -0.0292195 -0.0489228 -0.0746566 0.0474021 0.035798 -0.0374991 -0.0299923 -0.0217677 0.0140194 -0.0920026 0.0690562 -0.0355823 -0.0606987 0.0217289 0.00212808 0.0103819 0.0232357 -0.00488797 -0.0968294 -0.101985 0.00913902 -0.103202 -0.0791719 -0.0658792 -0.0223838 -0.0525885 0.0144747 -0.0844048
internal_weight=110811 86536 24275 9133 66357 42813 20179 14868 15142 20940 12210 11002 6502 9871 8985 21873 2631 2258 5592 8730 4817 4680 4469 23544 7828 7026 5922 16304 4140 375 6651 910 10680 5883 15360 8340 7020 4025 3880 1009 802 4572 3599 4305 4208 9091 4379
internal_count=110811 86536 24275 9133 66357 42813 20179 14868 15142 20940 12210 11002 6502 9871 8985 21873 2631 2258 5592 8730 4817 4680 4469 23544 7828 7026 5922 16304 4140 375 6651 910 10680 5883 15360 8340 7020 4025 3880 1009 802 4572 3599 4305 4208 9091 4379
is_linear=0
shrinkage=0.0970268


Tree=18
num_leaves=48
num_cat=0
split_feature=0 1 4 9 0 3 0 2 2 1 1 5 9 3 4 2 8 3 5 9 0 4 1 8 4 3 3 0 1 2 2 8 3 9 5 9 8 3 4 2 3 1 5 4 4 2 8
split_gain=3567.94 2026.79 1226.26 914.388 837.65 862.381 711.589 661.886 574.725 568.332 502.83 476.473 463.265 443.336 378.439 447.468 816.462 553.599 472.707 374.743 344.73 334.84 428.263 331.462 325.234 359.585 318.275 315.698 311.037 304.189 288.962 308.465 285.815 285.168 283.37 286.942 273.425 282.428 280.376 347.758 269.401 268.412 261.838 247.441 245.444 313.227 244.549
threshold=0.17810000000000001 0.0047572588312820513 0.016914813614608951 0.0096773958339143509 -0.92864999999999986 0.015493467388554 0.86590000000000011 -0.070567861621548489 -0.13936677746106751 -0.045819074632108395 -0.06287865604579819 0.056332968018799556 0.034205711611230809 -0.051177289529574843 0.015892546733728152 -0.021877745748253147 -0.021079018721210045 0.025393546253592806 0.032783043108846159 -0.0035340879673727496 -0.87114999999999987 0.088755355054549304 -0.069640024415746085 0.064732455425072513 0.033802499164147307 0.04646544238297181 0.094691000577307102 -0.97464999999999991 0.040798591150504555 -0.0099880315589697486 0.016521050577421304 -0.040428486899337791 0.022232943027295605 0.08555634016996716 0.041003737999609255 0.0054601411081470009 0.044148753684022261 0.055485662395232255 0.033802499164147307 0.025563501414801303 0.090825141032628023 0.042738959712432509 -0.027581098768560148 0.03863197915548431 0.049840348538959606 0.048370956058493307 -0.033426030012159387
decision_type=2 2 2 2 2 2 2 2 2 2 2 2 2 2 2 2 2 2 2 2 2 2 2 2 2 2 2 2 2 2 2 2 2 2 2 2 2 2 2 2 2 2 2 2 2 2 2
left_child=1 2 4 14 8 10 9 46 -1 24 -6 27 21 43 15 16 -3 18 -17 30 -20 22 42 34 25 -2 -21 -9 36 -14 31 -7 -13 -26 35 -12 37 38 39 -15 44 -34 -4 -11 45 -29 -5
right_child=6 3 12 7 5 19 -8 11 -10 13 23 32 29 28 -16 17 -18 -19 20 26 -22 -23 -24 -25 33 -27 -28 40 -30 -31 -32 -33 41 -35 -36 -37 -38 -39 -40 -41 -42 -43 -44 -45 -46 -47 -48
leaf_value=0.062048832975017718 -0.052846672190029823 -0.021855973887551308 0.0083529279124995651 -0.027665888977830514 -0.085565088341439041 -0.03158322337461144 0.039837710198033713 -0.27452931877658432 -0.090019928505897434 -0.030913004438968116 -0.018290251115099049 -0.11432401517582613 -0.010483302687564939 0.0039646842904026347 0.043294625658298988 -0.014440866534068118 0.048293203855525622 0.042193775017386276 -0.21180731594248578 -0.040412918401840289 -0.063734742942390191 0.056582249373549255 0.011606078144280461 0.0076099712481535915 0.021049174252934653 0.027508715410888784 0.040057233377842484 -0.018810309568282408 0.038698780194464238 -0.080370221352619828 -0.02272700127014923 0.052246916582886341 -0.062877942581496205 -0.1433831644834356 -0.080645925866721771 -0.056857822622978747 0.036699526980310385 0.045527819544955994 0.02922735882936452 -0.046920699509040105 0.069927429968248064 0.13799342489428143 -0.073057982384976183 0.031605079227289792 0.029642056460503313 -0.076895674725679805 0.02983739103880851
leaf_weight=248 2513 2331 573 919 2808 529 12444 46 4039 2470 3697 962 1325 8561 4611 2242 4732 1152 201 3327 562 1113 6002 1249 2019 662 537 3518 7612 1052 1312 1882 227 104 1760 3572 4454 1789 3252 1483 294 86 1058 785 667 1163 2867
leaf_count=248 2513 2331 573 919 2808 529 12444 46 4039 2470 3697 962 1325 8561 4611 2242 4732 1152 201 3327 562 1113 6002 1249 2019 662 537 3518 7612 1052 1312 1882 227 104 1760 3572 4454 1789 3252 1483 294 86 1058 785 667 1163 2867
internal_value=-4.26374e-06 -0.0152656 -0.0302423 0.00506529 -0.0421826 -0.0340863 0.0198577 -0.0167737 -0.0812155 0.0128933 -0.0491754 -0.0345272 -0.00344683 0.0180034 0.0198943 0.0102755 0.0251407 -0.0149791 -0.0369028 -0.00805817 -0.102849 0.00687565 -0.000373779 -0.0392296 -0.0164311 -0.0360879 -0.0292241 -0.0225047 0.0220601 -0.0414261 0.0139077 0.0338475 -0.0881295 0.0129631 -0.0457101 -0.0372459 0.0155768 0.00933865 0.00446736 -0.00354928 -0.020428 -0.00754646 -0.0444564 -0.0158307 -0.025402 -0.0332492 0.0158753
internal_weight=110811 62663 36083 26580 24960 20673 48148 10749 4287 35704 13086 6963 11123 30406 15831 11220 7063 4157 3005 7587 763 8746 7633 10278 5298 3175 3864 5688 27151 2377 3723 2411 1275 2123 9029 7269 19539 15085 13296 10044 5642 313 1631 3255 5348 4681 3786
internal_count=110811 62663 36083 26580 24960 20673 48148 10749 4287 35704 13086 6963 11123 30406 15831 11220 7063 4157 3005 7587 763 8746 7633 10278 5298 3175 3864 5688 27151 2377 3723 2411 1275 2123 9029 7269 19539 15085 13296 10044 5642 313 1631 3255 5348 4681 3786
is_linear=0
shrinkage=0.0970268


Tree=19
num_leaves=48
num_cat=0
split_feature=0 2 4 8 1 8 3 0 0 2 4 5 2 3 5 2 4 8 0 3 5 1 2 3 4 8 2 6 2 8 6 6 3 5 2 6 1 6 1 6 1 5 5 4 5 0 8
split_gain=3046.84 1536.51 1115.69 979.202 971.302 891.566 1081.7 725.842 653.828 599.689 594.463 605.877 571.155 537.44 751.623 520.666 466.333 450.98 448.967 439.692 433.365 360.65 347.843 362.149 330.447 374.082 438.914 333.908 313.254 302.847 329.659 306.007 288.965 279.747 259.244 246.788 246.031 244.436 236.905 227.039 222.608 222.338 215.898 199.357 239.045 190.525 275.137
threshold=-0.62474999999999992 -0.094820891016726791 -0.05551447834488369 -0.070993857370241539 -0.026605335317379745 0.023877666434334702 0.05420432895338171 -0.94224999999999992 0.88080000000000014 0.045355472178381158 0.04558573552231001 0.055179646868793709 0.045355472178381158 -0.0011167975609298498 0.055179646868793709 -0.043764128842901047 0.027559728137641602 -0.13140843142842581 0.71865000000000012 0.11247527283319292 -0.017270520361984749 -0.044034834418470496 -0.044862229559394791 0.06234585811946361 -0.038195205855435795 -0.09115508704920379 -0.026579094057372146 0.0078371455206049014 -0.13936677746106751 -0.0072382504650337987 0.036269058284658255 0.010732798278587802 -0.019159792641172044 -0.017774727675819498 0.18295945040458778 -0.0027826278201059994 -0.096374697003733731 0.059598292638332252 -0.013212889189816899 0.059598292638332252 -0.085845825222668787 -0.073811722070813282 0.038350382520869607 -0.044853686502568442 0.012416409094268251 -0.93124999999999991 0.10845031373917167
decision_type=2 2 2 2 2 2 2 2 2 2 2 2 2 2 2 2 2 2 2 2 2 2 2 2 2 2 2 2 2 2 2 2 2 2 2 2 2 2 2 2 2 2 2 2 2 2 2
left_child=1 3 9 -1 16 6 8 37 10 20 11 12 21 14 24 -7 19 -14 35 33 -2 -4 -15 -24 -9 27 -27 -26 -5 31 40 -30 -13 -3 -11 -17 -18 38 -6 -8 -31 -37 -38 44 -40 -35 -47
right_child=2 4 5 28 7 15 39 13 -10 34 -12 32 17 22 -16 18 36 -19 -20 -21 -22 -23 23 -25 25 26 -28 -29 29 30 -32 -33 -34 45 -36 41 42 -39 43 -41 -42 -43 -44 -45 -46 46 -48
leaf_value=-0.07621168884245548 0.027585389188173891 -0.047658494863013039 -0.030496816673171931 0.064689667545058713 -0.12076946191667981 0.046203546783662473 0.053773085893858312 -0.052837246554909838 0.032197131988865854 -0.079744831496975921 0.020300773797905142 -0.079523286292593226 0.058663235222240727 0.03490577980754709 -0.096688269127522111 0.018535375125448159 -0.081530517863138585 -0.051792323279838667 0.03820248365040585 0.068940214979229406 -0.032679214833252056 0.0075405018149599561 -0.023969283587171524 0.047132309237923921 0.1148348184041468 0.015653586958325846 -0.051835457971744311 -0.068445176734778804 -0.092015270170124272 -0.073616617527524089 -0.0031968451565991896 0.010233430670715077 -0.025652822093047943 -0.11600957320456043 -0.015189559259574083 0.067366668369425897 0.016407018930576146 -0.12581708642228398 -0.011400667240994615 -0.021696421402239211 0.065978552865935666 -0.01926751347128618 -0.069057465383816075 -0.017679622108711015 -0.14036985677626998 -0.081585388911903894 0.03365714462942148
leaf_weight=954 2185 2536 2755 1710 392 9989 4757 1620 5301 1971 7156 1511 389 2680 1313 5250 462 3270 6160 208 2311 15817 3380 842 420 2190 1548 120 424 114 1497 785 2472 1514 834 300 1322 520 232 407 1794 3885 352 1344 325 3286 207
leaf_count=954 2185 2536 2755 1710 392 9989 4757 1620 5301 1971 7156 1511 389 2680 1313 5250 462 3270 6160 208 2311 15817 3380 842 420 2190 1548 120 424 114 1497 785 2472 1514 834 300 1322 520 232 407 1794 3885 352 1344 325 3286 207
internal_value=-4.16491e-06 -0.0241397 0.0107206 0.0153959 -0.0348715 0.0145152 0.00611441 -0.0207558 0.000544236 -0.0253572 -0.00448406 -0.0112505 -0.00500593 -0.0117837 -0.0303073 0.0289083 -0.059034 -0.0400416 0.0178288 -0.070096 -0.00338947 0.00189693 0.00756851 -0.00978393 -0.0155223 -0.00138585 -0.0122955 0.0740674 0.0292208 0.016069 0.0308815 -0.0256373 -0.0460978 -0.0739348 -0.0605593 0.0045249 -0.0188827 -0.0657578 -0.0521132 0.0478219 0.0576188 -0.0130489 -0.00157127 -0.0379274 -0.0867174 -0.0872365 -0.0747501
internal_weight=110811 34091 76720 7278 26813 69419 43835 16926 38671 7301 33370 26214 22231 14113 7211 25584 9887 3659 15595 7751 4496 18572 6902 4222 5898 4278 3738 540 6324 4614 3405 1209 3983 7543 2805 9435 2136 2813 2293 5164 1908 4185 1674 1901 557 5007 3493
internal_count=110811 34091 76720 7278 26813 69419 43835 16926 38671 7301 33370 26214 22231 14113 7211 25584 9887 3659 15595 7751 4496 18572 6902 4222 5898 4278 3738 540 6324 4614 3405 1209 3983 7543 2805 9435 2136 2813 2293 5164 1908 4185 1674 1901 557 5007 3493
is_linear=0
shrinkage=0.0970268


Tree=20
num_leaves=48
num_cat=0
split_feature=0 4 2 2 8 8 3 7 6 8 3 8 7 6 4 3 2 7 2 3 5 3 4 0 4 5 7 5 6 8 6 0 2 3 0 5 0 8 7 7 7 4 6 5 0 0 7
split_gain=2514.39 1182.07 1043.76 1037.29 863.644 812.177 825.694 734.415 664.802 624.03 587.93 602.405 538.377 443.443 408.121 438.157 398.646 375.209 354.064 350.392 347.863 341.585 344.324 341.045 337.707 347.891 308.647 339.427 288.61 286.805 273.674 266.338 256.073 249.908 252.546 247.117 244.118 239.481 240.247 236.754 236.682 231.032 276.504 217.582 213.178 207.646 204.658
threshold=-0.78429999999999989 -0.028329081345206748 -0.059107888248588737 0.033502415493766806 -0.020384300480516395 0.045631879357648709 0.050612858482826158 0.006671805578262701 0.059598292638332252 0.0011680757246627504 0.044624009550640609 -0.12226994627433228 -0.063267020099644786 0.021172770288804602 0.072805073274179413 -0.018727755192716997 -0.025267383403437347 0.036280117322040804 -0.11199442759513609 0.0014670405244712503 0.055179646868793709 -0.034327305991221545 -0.078546951473830284 0.89800000000000013 -0.05065988093355394 0.007654621366310301 0.048639296689698762 -0.045065122558056593 0.014453910998934101 -0.14289358475273709 0.028231206643493354 -0.95584999999999987 -0.077906377262156185 0.094691000577307102 0.8226500000000001 0.057402110332118554 0.5273000000000001 -0.066568939532590438 0.019828326375400603 0.017899829447127303 -0.047520554401314898 0.020936725407406102 0.0067174782386553505 0.086881013123040321 0.40205000000000007 -0.70924999999999983 -0.018932777041685146
decision_type=2 2 2 2 2 2 2 2 2 2 2 2 2 2 2 2 2 2 2 2 2 2 2 2 2 2 2 2 2 2 2 2 2 2 2 2 2 2 2 2 2 2 2 2 2 2 2
left_child=2 3 4 9 12 6 7 14 10 19 11 13 -1 -4 15 20 28 33 37 26 29 22 -6 -17 39 46 27 45 -11 -3 -23 43 -7 34 -5 44 -34 38 -14 -13 -24 -20 -43 -12 -9 -2 -26
right_child=1 5 8 17 21 32 -8 35 -10 16 31 24 18 -15 -16 23 -18 -19 41 -21 -22 30 40 -25 25 -27 -28 -29 -30 -31 -32 -33 36 -35 -36 -37 -38 -39 -40 -41 -42 42 -44 -45 -46 -47 -48
leaf_value=-0.20913245246722639 -0.1724463899423466 0.05222164089589041 0.10939310971322309 -0.073792860003478303 0.088112071233587136 0.055989772228913638 0.04286239795706686 0.011679282399605874 -0.10270123795794327 0.05490321971077166 -0.11655796684295737 -0.11264711667569402 -0.10814918274972175 -0.10842247614007974 0.028817199435584862 -0.007021562750878332 -0.010006379905536758 -0.0055176995430847586 -0.081241547774770648 0.0044620187520801394 -0.074517617494940624 0.039632657610451004 -0.18753499733495851 0.038013201593844047 -0.056388647141298112 -0.065235350955887825 0.028136882545910513 -0.064283520347763135 -0.0046075021411541867 -0.026302133655053159 -0.00053065509746652237 0.025118000554165219 0.013640347337458088 0.096148946437010913 -0.012206020871460659 -0.0082021080716968477 0.040951981256419599 0.046909393457411512 0.027348211052225728 -0.049649960300422999 -0.036373660836162752 -0.098625945318057975 0.091145827817072617 0.061738762658536957 0.034188232372243381 0.018534121284088358 -0.0058257141144172344
leaf_weight=186 57 472 370 3708 199 3582 5668 7964 1690 3312 245 1303 263 115 2662 13328 2152 1605 1478 3884 1362 3473 106 1796 1087 3269 600 2657 998 5985 2956 1711 6534 94 755 2839 5833 585 231 990 1177 123 174 87 7885 804 2457
leaf_count=186 57 472 370 3708 199 3582 5668 7964 1690 3312 245 1303 263 115 2662 13328 2152 1605 1478 3884 1362 3473 106 1796 1087 3269 600 2657 998 5985 2956 1711 6534 94 755 2839 5833 585 231 990 1177 123 174 87 7885 804 2457
internal_value=-4.13389e-06 0.0077368 -0.0275992 -0.0125342 -0.00540553 0.0140806 0.00799479 0.00353235 -0.0458388 0.00166759 -0.0375745 -0.0476411 -0.0493576 0.0576782 -0.00714103 -0.011314 0.0240941 -0.0458691 -0.0389125 -0.016442 -0.0299617 0.0114847 -0.0304995 -0.0016721 -0.053254 -0.0424067 -0.0361589 -0.0471293 0.041122 -0.0205577 0.0211656 0.00967939 0.0331435 -0.0600773 -0.0633785 0.0181566 0.0265238 0.00491192 -0.0448009 -0.0854662 -0.0489267 -0.0655529 0.0124943 -0.069789 0.0228788 0.00580247 -0.0213416
internal_weight=110811 86536 24275 20626 10951 65910 49961 44293 13324 14464 11634 9591 3040 485 25605 22943 6462 6162 2854 8002 7819 7911 1482 15124 9106 6813 4118 3518 4310 6457 6429 2043 15949 4557 4463 18688 12367 1079 494 2293 1283 1775 297 332 15849 861 3544
internal_count=110811 86536 24275 20626 10951 65910 49961 44293 13324 14464 11634 9591 3040 485 25605 22943 6462 6162 2854 8002 7819 7911 1482 15124 9106 6813 4118 3518 4310 6457 6429 2043 15949 4557 4463 18688 12367 1079 494 2293 1283 1775 297 332 15849 861 3544
is_linear=0
shrinkage=0.0970268


Tree=21
num_leaves=48
num_cat=0
split_feature=1 4 9 6 9 7 6 3 9 4 5 1 2 3 3 4 1 6 7 6 5 1 5 2 5 2 9 3 6 3 9 6 7 6 1 3 7 4 3 2 3 9 2 5 4 2 9
split_gain=2303.16 1436.14 937.006 931.313 770.719 729.366 700.456 685.188 590.149 572.353 531.746 472.774 451.477 444.432 405.197 384.301 564.501 350.229 343.015 308.716 303.536 293.495 275.705 269.301 285.444 401.402 267.643 265.042 259.556 257.119 252.901 260.831 243.762 239.801 290.391 236.195 264.335 234.613 233.458 238.105 249.34 230.438 234.463 255.076 227.661 216.718 211.565
threshold=0.0072183644249842012 -0.0035621910404385498 0.04147810879812331 -0.063437157008745235 0.07645789768128107 0.0012391603315140504 0.0032962987332410005 0.017356602069816051 -0.033944918277016442 -0.049754782208191746 0.14177564617113228 -0.046743107410934091 0.070421574323952615 -0.037344258362123996 0.094691000577307102 0.063903328562963421 -0.069640024415746085 -0.068292372760330025 -0.054522861436618643 -0.018438498402095497 0.0009822715782074002 -0.064138842112450675 0.14989649242999753 -0.075694134660588927 0.077302694435499669 0.15896989621037003 -0.0043373252611944987 -0.032435441913664896 0.1008234832522394 -0.010575273451671998 -0.068757667519251678 -0.0095715575942062481 0.052643329800541559 0.053553515088694055 0.092964030289628671 -0.066164460506163439 0.035578937714650004 0.088755355054549304 -0.10223703431751933 -0.11786597342299499 0.058027088639763656 0.0067192280350273506 -0.034424228213856496 0.0039487504022745002 0.023072568561417702 -0.0011303825497638498 0.058382160598445261
decision_type=2 2 2 2 2 2 2 2 2 2 2 2 2 2 2 2 2 2 2 2 2 2 2 2 2 2 2 2 2 2 2 2 2 2 2 2 2 2 2 2 2 2 2 2 2 2 2
left_child=1 3 6 35 8 7 38 21 -3 12 13 22 -8 18 20 16 -15 -4 -10 26 -13 -5 -7 28 33 -26 -9 44 -19 -6 -22 -32 37 34 -25 36 -1 -20 -2 -40 41 -41 -43 -44 -11 -18 -37
right_child=2 4 17 5 29 11 9 19 10 27 -12 14 -14 15 -16 -17 45 23 32 -21 30 -23 -24 24 25 -27 -28 -29 -30 -31 31 -33 -34 -35 -36 46 -38 -39 39 40 -42 42 43 -45 -46 -47 -48
leaf_value=-0.088884397970319787 -0.060230500266121666 0.031476019101881407 0.032176379632945847 -0.10432984481280107 -0.11469613213052594 -0.042544856261033499 -0.01266499511482695 0.059667022030186194 -0.11270064582487915 -0.032365372285089532 -0.12630293848911381 0.0096586421337468108 -0.1083922653690972 -0.050430634217965044 0.089854750965499885 0.034626799794282639 0.012850598099000939 0.020731993358445996 -0.038269908179697901 -0.039273677824390049 0.070834312497477667 -0.058849761775893038 -0.20964521781083567 -0.024027447809950198 -0.11981240045200232 0.077288136139451777 -0.02176845916059789 0.019910612051854092 -0.063905486246853688 -0.033238062208059783 -0.0055300133534741704 -0.055295068886352279 0.052068258154348554 -0.078407741064871181 0.060595987567088339 0.040272128134259046 0.060409184433396074 0.031391475312266624 0.075233133808810249 0.034657565300372693 0.065998218185339116 0.030997680032100256 0.01824558329885911 -0.035543872801277673 0.023307862218773245 -0.017114773500864492 -0.035476937208308468
leaf_weight=352 256 6207 1382 1681 610 3698 1805 678 411 1920 320 3806 624 1883 399 3579 10422 1995 3002 3029 230 6535 95 3642 620 115 863 12039 411 909 1754 2282 401 655 426 2485 163 536 1186 14513 1737 3390 1910 1467 1080 2905 403
leaf_count=352 256 6207 1382 1681 610 3698 1805 678 411 1920 320 3806 624 1883 399 3579 10422 1995 3002 3029 230 6535 95 3642 620 115 863 12039 411 909 1754 2282 401 655 426 2485 163 536 1186 14513 1737 3390 1910 1467 1080 2905 403
internal_value=-4.04575e-06 -0.0129616 0.0150967 -0.0287244 0.00142017 -0.0351944 0.0212623 -0.0514093 0.00487241 0.00642148 -0.00216666 -0.0182875 -0.0372752 -0.000447267 -0.00553791 0.00602261 -0.000708281 -0.0128606 -0.0283927 -0.0212874 -0.0102587 -0.068161 -0.0467552 -0.0207777 -0.0326985 -0.0889346 0.0140615 0.0134805 0.00626154 -0.0659786 -0.0280298 -0.0336728 -0.0195825 -0.0239379 -0.0151581 0.0188984 -0.0416037 -0.0277113 0.0318606 0.0328361 0.0306498 0.0277628 0.0129731 -0.00511983 -0.0123195 0.00631777 0.0296951
internal_weight=110811 59638 51173 28453 31185 25050 41927 12786 29666 17468 23459 12264 2429 23139 8471 18789 15210 9246 4350 4570 8072 8216 3793 7864 5458 735 1541 15039 2406 1519 4266 4036 3939 4723 4068 3403 515 3538 24459 24203 23017 21280 6767 3377 3000 13327 2888
internal_count=110811 59638 51173 28453 31185 25050 41927 12786 29666 17468 23459 12264 2429 23139 8471 18789 15210 9246 4350 4570 8072 8216 3793 7864 5458 735 1541 15039 2406 1519 4266 4036 3939 4723 4068 3403 515 3538 24459 24203 23017 21280 6767 3377 3000 13327 2888
is_linear=0
shrinkage=0.0970268


Tree=22
num_leaves=48
num_cat=0
split_feature=1 9 6 4 9 4 7 2 9 4 2 8 3 6 4 6 1 9 7 2 2 6 1 7 4 2 4 9 8 2 1 9 6 2 8 7 1 2 1 8 8 6 7 4 2 1 3
split_gain=1929.38 1330.54 965.002 830.304 720.4 603.429 544.858 466.814 442.179 430.11 508.168 671.068 470.154 417.433 413.933 351.918 335.91 306.478 304.175 278.622 272.732 253.759 295.054 281.008 247.53 240.141 224.222 249.043 223.862 215.307 214.562 217.656 212.426 209.326 205.918 334.547 205.169 201.545 201.467 198.167 198.063 256.99 192.528 210.752 191.706 188.115 186.993
threshold=-0.037683646759146046 -0.012270081549489598 -0.068292372760330025 -0.0049323831614139996 -0.038597385459428493 0.029294212489012855 -0.023675760200916798 -0.0109481708729846 0.058382160598445261 -0.028850744153839199 0.03941418630084096 -0.065268669685374078 0.090825141032628023 -0.10448051949505939 -0.075025603548725089 0.0084215845490301523 -0.083548118816796441 0.12697600067501177 0.016193667397925906 -0.090969180459749138 0.0074724399692202509 0.036269058284658255 0.059164201189952456 0.045190265286720703 0.033166434836737306 -0.023981481830705895 0.088755355054549304 0.082957297380862258 -0.055294504275847194 0.20726072816573907 0.057157880399787413 0.14512608310463124 0.035488849536434205 -0.090969180459749138 -0.10742709131411114 -0.041623356879940496 -0.022156606960369595 -0.062317348301983037 0.024977767250954155 -0.0011709492336022499 0.11683441370628826 0.019338599593822253 -0.09800581402679738 -0.032520778612505637 0.23449692913234538 0.048558466934788359 0.13497806032799703
decision_type=2 2 2 2 2 2 2 2 2 2 2 2 2 2 2 2 2 2 2 2 2 2 2 2 2 2 2 2 2 2 2 2 2 2 2 2 2 2 2 2 2 2 2 2 2 2 2
left_child=4 9 46 6 14 13 28 17 24 10 11 -2 38 -6 37 -9 -15 21 42 -13 -10 23 -23 -8 25 34 -7 -28 -4 -17 31 -22 36 -30 35 -5 -21 -1 44 -40 41 -11 43 -18 -12 -27 -3
right_child=1 2 3 8 5 26 7 15 20 40 12 19 -14 16 -16 29 18 -19 -20 32 30 22 -24 -25 -26 45 27 -29 33 -31 -32 -33 -34 -35 -36 -37 -38 -39 39 -41 -42 -43 -44 -45 -46 -47 -48
leaf_value=0.051421377799237805 -0.048197825145891326 0.027966255535352497 -0.089966404132677688 -0.34065180814530649 0.053614287871008678 -0.018452585881719399 0.00086607651611045886 -0.013933889807576271 -0.0021388517264814438 0.033126327602884975 -0.073388695186442893 0.078693695047413428 0.17694519389099386 -0.072614581406772946 0.021208571638482721 -0.082916287492787427 -0.050161251956050257 -0.16785727967807945 -0.013528949715881661 -0.032670155922037203 -0.068245957409094102 -0.044296168872965898 0.034350315391688806 0.047200735349316576 0.024442258100784351 -0.023426532537294383 0.033946136828555622 -0.10884494091435901 -0.00046105884490345739 0.00075961870019759326 -0.0018062268779727546 -0.26548405255270352 -0.039996115071708686 -0.04629772043446196 0.015495714250627906 -0.027003215383238917 0.04282525751986066 -0.081089900510149179 0.048429698595278396 -0.039514577626990434 0.059525981395138476 0.0095407593569799224 -0.046474838198144172 -0.21908892668673766 0.066913624159400664 0.023003550413921606 0.084433510622904176
leaf_weight=131 1088 5640 860 37 399 4795 7860 2657 2097 15781 1345 1119 97 3528 4161 1624 150 102 3257 393 1105 1972 581 1461 7791 4034 1515 124 1181 352 503 55 441 4565 8136 223 2443 608 376 671 1871 6006 5805 130 98 1031 612
leaf_count=131 1088 5640 860 37 399 4795 7860 2657 2097 15781 1345 1119 97 3528 4161 1624 150 102 3257 393 1105 1972 581 1461 7791 4034 1515 124 1181 352 503 55 441 4565 8136 223 2443 608 376 671 1871 6006 5805 130 98 1031 612
internal_value=-3.94765e-06 0.00683557 -0.00236341 -0.00701315 -0.0239694 -0.0322491 -0.0202277 -0.010852 0.00525176 0.0226304 0.00328793 0.0200104 -0.0321547 -0.0440729 0.00932142 -0.0370032 -0.0471038 -0.000733455 -0.0374658 0.0368968 -0.0254163 0.00070726 -0.0263919 0.00813149 0.0106785 0.00271111 -0.00786203 0.0231125 -0.0437969 -0.0680088 -0.0547552 -0.0776981 0.0226134 -0.036879 0.0127771 -0.0721489 0.0323569 -0.0575718 -0.0403325 -0.00791638 0.0292286 0.0266252 -0.0502747 -0.128835 -0.0638372 -0.0139726 0.0335005
internal_weight=110811 86208 54479 48227 24603 19703 23215 16609 25012 31729 8071 5484 2587 13269 4900 4633 12870 11976 9342 4396 3760 11874 2553 9321 21252 13461 6434 1639 6606 1976 1663 1160 3277 5746 8396 260 2836 739 2490 1047 23658 21787 6085 280 1443 5065 6252
internal_count=110811 86208 54479 48227 24603 19703 23215 16609 25012 31729 8071 5484 2587 13269 4900 4633 12870 11976 9342 4396 3760 11874 2553 9321 21252 13461 6434 1639 6606 1976 1663 1160 3277 5746 8396 260 2836 739 2490 1047 23658 21787 6085 280 1443 5065 6252
is_linear=0
shrinkage=0.0970268


Tree=23
num_leaves=48
num_cat=0
split_feature=0 9 2 6 4 8 9 0 0 2 2 7 4 9 7 5 9 8 8 4 7 9 2 4 2 5 7 8 6 5 6 8 6 8 2 4 4 8 2 7 0 7 8 8 5 2 6
split_gain=1896.65 1194.95 721.034 692.579 679.668 637.504 579.859 548.186 463.539 507.144 398.762 394.35 360.327 365.313 354.771 336.07 326.965 300.924 331.813 269.264 271.688 268.365 266.598 245.443 248.157 328.727 231.882 260.025 229.012 228.409 224.544 299.45 275.999 217.469 216.191 212.46 211.52 264.409 386.864 209.768 209.437 284.901 207.742 206.458 198.561 198.228 193.673
threshold=-0.86364999999999992 0.042200811811707102 -0.056609642482235392 -0.038567422464482443 -0.065856962706443936 -0.018201141239484946 -0.022823436917058997 0.57195000000000007 0.51075000000000015 -0.12267930713417503 -0.11635500304588028 -0.057989191160742644 -0.05065988093355394 -0.083828253339822092 0.045190265286720703 0.079163110103842318 0.027835511542855254 0.040075993953771809 -0.10423203134174834 -0.10510920546429559 -0.051276124288967641 0.10994557259447872 -0.020544636777111245 0.028143738365646206 -0.029124226164900648 0.099374248208709659 -0.039348472633845243 -0.074239912271120742 -0.10448051949505939 -0.010658947213939849 0.059598292638332252 -0.12665294288896967 0.021172770288804602 -0.093678183613809737 -0.021189410923942498 0.035723368315361458 -0.065856962706443936 -0.065268669685374078 -0.11350959996507208 0.013634829038544802 -0.95004999999999984 0.028179736554657605 -0.10742709131411114 0.068055665699648507 0.093828750910579212 -0.013522962455048748 0.013775329511998552
decision_type=2 2 2 2 2 2 2 2 2 2 2 2 2 2 2 2 2 2 2 2 2 2 2 2 2 2 2 2 2 2 2 2 2 2 2 2 2 2 2 2 2 2 2 2 2 2 2
left_child=2 3 5 17 10 14 26 11 9 42 -5 -3 -4 -14 36 39 40 18 -2 -20 -21 23 -19 24 25 -13 35 34 -23 -12 31 32 -15 -10 -28 -6 -1 -38 -39 -11 41 -7 -8 -17 -18 -32 -9
right_child=1 7 12 4 6 16 8 46 33 15 29 21 13 30 -16 43 44 22 19 20 -22 28 -24 -25 -26 -27 27 -29 -30 -31 45 -33 -34 -35 -36 -37 37 38 -40 -41 -42 -43 -44 -45 -46 -47 -48
leaf_value=-0.14043341696790337 0.070226288518778102 -0.083442445965390799 -0.082446575850826043 0.073416529298262825 -0.019630155213411746 -0.034658547147341102 -0.053056426714680062 0.016287118606185282 -0.031571102352229617 -0.015750182499040321 -0.016893967185378861 -0.006696672020359124 0.086792035171145143 0.13027789391715208 0.023648844284073794 -0.063012701636326801 -0.025373386577525182 0.053104750835741933 -0.083410451237252353 -0.019881785140253037 0.020250383941502231 0.10460860230344382 0.012204662663461345 0.0081710267745052963 -0.05385726804247442 -0.12705695382550575 -0.019202733643521812 0.033674743295091278 -0.091572641687473477 -0.065781818725787269 -0.013232212794603716 -0.03965843048480349 -0.11905910382674532 0.018520090184993194 0.044787717685121083 0.041945284862439924 -0.11225920993048004 0.062933159890680365 -0.069012713145812657 0.0066452563348694833 0.036040107978860154 0.044949333955000635 0.055076079711138363 0.04772284899846347 -0.17910269458232553 -0.11870446163232283 -0.020501545365785571
leaf_weight=349 1030 1229 2326 298 2008 1181 188 4235 876 12364 1669 3528 214 180 450 1645 1267 5094 266 1824 12251 60 2128 2195 2416 227 1761 11408 774 1954 234 4908 54 11808 692 715 516 310 641 5776 2785 659 1489 175 84 595 1975
leaf_count=349 1030 1229 2326 298 2008 1181 188 4235 876 12364 1669 3528 214 180 450 1645 1267 5094 266 1824 12251 60 2128 2195 2416 227 1761 11408 774 1954 234 4908 54 11808 692 715 516 310 641 5776 2785 659 1489 175 84 595 1975
internal_value=-4.00214e-06 0.0053532 -0.0300814 0.0104233 0.00453192 -0.00962434 0.00753038 -0.0182364 0.000331627 -0.0083015 -0.0343905 -0.0318259 -0.0498894 -0.0376393 -0.0534417 -0.0126078 0.00699152 0.024719 0.0170417 0.0132192 0.0150485 -0.0249262 0.041056 -0.0196901 -0.0296016 -0.0139886 0.0224275 0.0275126 -0.0774024 -0.0432679 -0.0421062 -0.034543 0.0725894 0.015059 -0.00114248 -0.00345445 -0.0725507 -0.0563596 -0.0259835 -0.0086187 0.019259 -0.00613806 0.0429382 -0.0523515 -0.034991 -0.0889659 0.00458494
internal_weight=110811 94058 16753 77419 54826 8242 50905 16639 34321 21637 3921 10429 8511 6185 2266 19960 5976 22593 15371 14341 14075 9200 7222 8366 6171 3755 16584 13861 834 3623 5971 5142 234 12684 2453 2723 1816 1467 951 18140 4625 1840 1677 1820 1351 829 6210
internal_count=110811 94058 16753 77419 54826 8242 50905 16639 34321 21637 3921 10429 8511 6185 2266 19960 5976 22593 15371 14341 14075 9200 7222 8366 6171 3755 16584 13861 834 3623 5971 5142 234 12684 2453 2723 1816 1467 951 18140 4625 1840 1677 1820 1351 829 6210
is_linear=0
shrinkage=0.0970268


Tree=24
num_leaves=48
num_cat=0
split_feature=0 9 1 4 7 7 1 6 4 6 7 1 6 9 8 9 4 8 0 0 7 9 4 5 5 7 9 6 4 0 8 7 5 4 7 6 5 8 6 6 5 9 8 7 0 1 1
split_gain=1587.39 1154.69 987.554 629.723 560.034 485.978 485.148 443.569 438.069 392.744 369.844 344.193 315.069 309.529 306.08 275.683 298.529 274.2 258.224 244.36 229.138 214.71 212.899 209.028 205.532 205.225 197.508 195.813 191.778 202.293 187.198 189.488 155.689 160.248 163.545 151.644 143.59 143.395 142.564 138.989 138.1 140.278 149.478 136.309 155.294 136.012 135.166
threshold=0.42215000000000008 0.038025008673170053 -0.046743107410934091 0.025260250773585752 0.056966002428429356 0.0046563955978958004 0.033331188912264061 -0.075528207345353246 -0.10109648475718803 0.036269058284658255 -0.057989191160742644 0.038097124121164054 -0.040382582018010045 -0.037963569732888044 0.034166496944118753 0.10994557259447872 0.028143738365646206 -0.060088790887049888 -0.8748999999999999 -0.89559999999999984 -0.093858034327351139 0.021276248663436054 -0.10510920546429559 0.032783043108846159 0.014685993180386303 -0.046618080012692645 -0.00040544614067119996 -0.099038535651871581 0.081809860011285221 -0.95834999999999992 0.098637426988032517 0.075295966775113007 0.17465723710244555 -0.049754782208191746 -0.08436367520802239 -0.10448051949505939 -0.019290509561501395 0.059751482287739903 0.021172770288804602 0.094949386485631324 -0.0024308957916794999 0.070992314440072826 -0.088985300486329535 -0.0088349392179974482 -0.97184999999999988 -0.00049727230734264991 -0.071257799742404079
decision_type=2 2 2 2 2 2 2 2 2 2 2 2 2 2 2 2 2 2 2 2 2 2 2 2 2 2 2 2 2 2 2 2 2 2 2 2 2 2 2 2 2 2 2 2 2 2 2
left_child=1 2 7 5 10 6 12 37 -9 30 14 17 25 -10 36 16 18 32 43 -15 -14 -19 -13 -11 -22 26 -4 -27 29 -5 31 -7 33 -2 -35 -23 -3 -1 -8 -16 -6 42 -42 -12 -45 -32 -20
right_child=11 4 3 28 40 9 38 8 13 23 15 22 20 19 39 -17 -18 21 46 -21 24 35 -24 -25 -26 27 -28 -29 -30 -31 45 -33 -34 34 -36 -37 -38 -39 -40 -41 41 -43 -44 44 -46 -47 -48
leaf_value=0.013153922462056515 -0.075700287842468794 -0.080050839285710801 0.0039292309566956981 -0.058703909260564673 0.038012719690206316 0.011853551628696397 0.023689474349920504 -0.10530606814050836 0.0021268111632158234 -0.0022130899874634857 -0.11360290695876972 -0.10009571564425447 -0.11322539365596739 -0.068206793018508793 -0.012015117198943973 -0.10137023176983112 -0.00092133167001329415 0.019840141469644784 -0.083008635829928859 -0.027647393850925264 -0.016740947837347881 0.061284246361368706 0.030647674912617412 -0.051418954934884957 -0.044641210591827553 0.11586677542412238 -0.086669732090003157 0.012108449107194585 0.05759264688390351 0.022294199038270113 0.13910711419274596 0.055316644768490339 -0.1691737788559847 -0.11403762686359538 -0.0015531196674271218 -0.0027331075636846452 -0.15497257425657546 0.098883189692883913 -0.0090301303851830928 -0.1625779643865487 -0.12947920742171712 -0.050787955258130915 0.035122401155178139 -0.16278250198890135 -0.039812364468556315 0.041540623170439925 -0.027319389448735382
leaf_weight=598 339 456 551 300 1002 10447 3454 730 2508 2794 585 118 305 1818 493 568 2246 16167 446 6068 6199 365 11788 1146 4152 187 384 1989 1452 8572 185 1038 60 126 3256 7456 516 265 1967 65 57 484 543 109 841 494 5122
leaf_count=598 339 456 551 300 1002 10447 3454 730 2508 2794 585 118 305 1818 493 568 2246 16167 446 6068 6199 365 11788 1146 4152 187 384 1989 1452 8572 185 1038 60 126 3256 7456 516 265 1967 65 57 484 543 109 841 494 5122
internal_value=-3.91581e-06 -0.00867671 -0.00268469 0.00382766 -0.0341801 -0.00233803 -0.0127688 -0.0274672 -0.0326665 0.0100898 -0.0426059 0.0155458 -0.0224502 -0.0275599 -0.0870083 -0.0357512 -0.0317591 0.0096276 -0.0415082 -0.0370021 -0.030381 0.0134556 0.0293476 -0.0165315 -0.0279346 0.00471257 -0.0332916 0.02105 0.0249048 0.0195516 0.0187136 0.0157844 -0.0146551 -0.0121423 -0.00576017 0.000256472 -0.119883 0.0395245 0.0118157 -0.029679 0.0120515 -0.0119428 0.0193905 -0.0767439 -0.0539967 0.0682064 -0.0317877
internal_weight=110811 71136 57603 45616 13533 35292 19188 11987 11124 16104 11447 39675 13767 10394 1530 9917 9349 27769 7103 7886 10656 23988 11906 3940 10351 3111 935 2176 10324 8872 12164 11485 3781 3721 3382 7821 972 863 5421 558 2086 1084 600 1535 950 679 5568
internal_count=110811 71136 57603 45616 13533 35292 19188 11987 11124 16104 11447 39675 13767 10394 1530 9917 9349 27769 7103 7886 10656 23988 11906 3940 10351 3111 935 2176 10324 8872 12164 11485 3781 3721 3382 7821 972 863 5421 558 2086 1084 600 1535 950 679 5568
is_linear=0
shrinkage=0.0970268


Tree=25
num_leaves=48
num_cat=0
split_feature=1 0 6 2 2 5 2 9 1 0 9 9 6 5 8 7 1 9 2 5 8 9 7 0 5 8 2 0 8 8 2 7 6 2 7 8 5 0 6 7 2 7 5 5 5 7 9
split_gain=1349.92 976.594 625.449 519.936 477.14 554.622 464.124 454.622 393.367 381.887 388.204 359.311 344.172 329.367 307.712 299.118 269.492 287.873 266.573 264.02 258.239 297.464 300.438 258.205 249.28 292.276 242.144 241.672 239.455 239.429 232.298 203.008 198.162 192.917 190.123 234.191 188.154 183.938 179.248 169.345 163.355 241.137 206.436 180.83 160.822 160.475 170.627
threshold=0.0072183644249842012 -0.72664999999999991 0.052464080104266959 -0.11939589641391414 0.0044119012768936506 -0.015217171140112399 -0.14208978606027103 -0.050084064582013095 -0.099494634212686825 0.64900000000000013 0.029537174986280803 0.019343722235856151 -0.061577147724922239 0.093828750910579212 0.068055665699648507 0.015782430852915454 -0.069640024415746085 0.07645789768128107 -0.088285608527577095 -0.12181406870462509 -0.14289358475273709 -0.020891189558520849 0.027597165890493703 -0.94224999999999992 -0.0024308957916794999 0.13083336982658827 -0.12095010378148298 -0.73484999999999989 -0.058970181921729294 -0.045413199718147897 0.067498221690603308 -0.0043113103254015994 0.070900865937373214 -0.046656018383281844 -0.072968728161537835 -0.039540041915860545 0.099374248208709659 -0.97784999999999989 -0.11534681073594064 -0.018456114965635147 -0.058464359534638098 -0.081492862151189685 0.007654621366310301 0.073910495520861166 0.060968070880206053 -0.09021659751123938 -0.0023737218490033495
decision_type=2 2 2 2 2 2 2 2 2 2 2 2 2 2 2 2 2 2 2 2 2 2 2 2 2 2 2 2 2 2 2 2 2 2 2 2 2 2 2 2 2 2 2 2 2 2 2
left_child=1 6 3 28 5 29 -1 34 -8 10 37 12 -10 40 19 -13 26 20 27 -9 -18 -22 -23 33 25 -20 -7 -14 39 -3 -25 -21 -33 44 35 -6 -35 -5 -31 -2 41 -12 -42 -43 -4 46 -40
right_child=2 4 23 9 7 16 8 14 11 -11 13 15 18 -15 -16 -17 17 -19 24 31 21 22 -24 30 -26 -27 -28 -29 -30 38 -32 32 -34 36 -36 -37 -38 -39 45 -41 42 43 -44 -45 -46 -47 -48
leaf_value=0.042726326918707029 -0.10798344204523851 -0.011343423955513134 -0.014914838410682115 -0.088844665678942961 0.089039822867186535 0.030211338132479105 -0.077969785085655663 -0.11496813194126528 0.047074436584872092 0.026677046580060718 -0.13008432008637147 -0.068702523139516289 0.015022316583425383 -0.088888270143125211 0.010179241713075474 -0.019333993094739928 -0.099634138312549886 -0.057742046942543111 -0.014376083026838691 -0.048414498789223451 0.027888311720997021 -0.012594094595124072 0.027177710987009444 0.0018165611604839837 -0.044425410673678174 0.1515760057787276 -0.055186316242429694 -0.23400357531215379 0.070843558384936056 0.078810567572257795 -0.037983607958658516 -0.011828046283656263 -0.09975037189234541 -0.22080670362468138 0.034513512383679543 -0.10668990113054799 0.010669854817586226 0.014201103607315267 0.071306721678194712 0.029239565299369139 2.721016364994086e-05 0.018950929479167867 -0.044294218004623118 0.15891425794961245 -0.14864946003249002 0.02570227569753504 -0.086685262791772105
leaf_weight=808 117 1856 449 164 80 384 1621 368 723 13795 97 2964 1872 512 1745 1895 235 823 2941 3474 3416 9097 2225 6052 4672 103 1672 37 2215 582 1788 4116 256 123 1808 202 45 19759 88 303 2417 1467 1674 92 104 9339 236
leaf_count=808 117 1856 449 164 80 384 1621 368 723 13795 97 2964 1872 512 1745 1895 235 823 2941 3474 3416 9097 2225 6052 4672 103 1672 37 2215 582 1788 4116 256 123 1808 202 45 19759 88 303 2417 1467 1674 92 104 9339 236
internal_value=-4.1316e-06 -0.0099242 0.0115567 0.0163648 -0.00187839 0.00468034 -0.0290851 -0.0181833 -0.0325347 0.0136125 0.00672827 -0.0276889 -0.0174663 -0.0143491 -0.0268175 -0.0494541 -0.00618943 -0.00188748 -0.0223172 -0.0346785 0.00118351 0.00279448 -0.00477661 -0.0123738 -0.0303488 -0.00873766 -0.0392292 0.0101407 0.0581087 0.0207164 -0.00726068 -0.0309055 -0.0169875 -0.0679231 0.022952 -0.0510814 -0.158877 0.0133506 0.0265255 -0.00903434 -0.00770083 0.0180045 -0.0181091 0.0272568 -0.0401757 0.0233722 -0.0437088
internal_weight=110811 59638 51173 42612 42002 29953 17636 12049 16828 39977 26182 15207 10348 6259 9959 4859 17852 15796 9625 8214 14973 14738 11322 8561 7716 3044 2056 1909 2635 12101 7840 7846 4372 721 2090 282 168 19923 10245 420 5747 1656 4091 1559 553 9663 324
internal_count=110811 59638 51173 42612 42002 29953 17636 12049 16828 39977 26182 15207 10348 6259 9959 4859 17852 15796 9625 8214 14973 14738 11322 8561 7716 3044 2056 1909 2635 12101 7840 7846 4372 721 2090 282 168 19923 10245 420 5747 1656 4091 1559 553 9663 324
is_linear=0
shrinkage=0.0970268


Tree=26
num_leaves=48
num_cat=0
split_feature=0 3 8 4 9 7 0 9 7 3 9 7 5 5 5 8 4 5 3 0 6 3 4 9 4 3 5 8 8 8 4 8 4 3 6 3 9 4 6 6 0 7 7 9 7 3 8
split_gain=1144.35 980.905 724.153 453.282 451.715 437.678 412.977 407.603 380.498 375.699 392.37 370.291 331.636 329.063 251.637 240.639 240.539 268.584 229.362 220.249 219.282 209.13 190.623 189.673 189.243 210.262 187.606 183.704 179.195 177.628 178.379 175.482 174.56 173.779 242.152 171.029 169.906 169.696 169.417 168.962 168.078 213.513 200.895 173.404 164.746 163.967 160.782
threshold=-0.86364999999999992 0.0022027289066186002 -0.017499244721326895 0.028729666194142203 -0.0080534529871273478 -0.08436367520802239 0.69105000000000005 -0.023330194865328144 -0.032120161791572892 0.12220770458534622 0.046667772270699508 0.0074624207576526507 -0.010658947213939849 0.093828750910579212 0.13480056399582926 0.069364821743613261 -0.075025603548725089 0.019438354217348606 -0.08003412965958133 -0.93364999999999987 0.034612091758803705 0.047493066980124309 0.058951670760192802 0.099487548053832406 0.022491598376849702 0.084152524140046411 0.066330729236624017 -0.07591813987519723 0.10845031373917167 -0.12226994627433228 0.086436990967349567 0.10115501634649351 -0.10510920546429559 -0.059089934398755241 -0.060666941076508739 0.10525850206223876 -0.0015753530006114996 -0.036885088530505795 -0.096587434381263687 -0.089855702594301784 -0.96934999999999993 0.085403255109252216 0.026473165639654007 -0.032697289104047088 0.037473753240431756 0.022714351160124102 0.058850980653093861
decision_type=2 2 2 2 2 2 2 2 2 2 2 2 2 2 2 2 2 2 2 2 2 2 2 2 2 2 2 2 2 2 2 2 2 2 2 2 2 2 2 2 2 2 2 2 2 2 2
left_child=4 2 3 7 35 28 12 37 39 10 16 18 33 19 15 22 17 -3 -9 38 21 -18 -14 29 25 27 -20 -21 -4 -5 -31 -19 -8 34 -7 40 -15 -2 -10 -6 42 -42 43 46 -25 -44 -1
right_child=1 9 5 23 8 6 32 11 13 -11 -12 -13 14 36 -16 -17 20 31 26 24 -22 -23 -24 44 -26 -27 -28 -29 -30 30 -32 -33 -34 -35 -36 -37 -38 -39 -40 -41 41 -43 45 -45 -46 -47 -48
leaf_value=0.027205802134201977 -0.037106500214825894 0.0052026039171697716 -0.069783137911866244 0.039297914180639916 0.088602137917297694 0.035842871494497767 -0.083700839817427125 -0.12374039844416283 -0.23019976645834933 0.062245054905174041 -0.0090649301665569754 -0.01891061512235763 -0.021825236602377004 -0.22917443472858592 -0.099740748520047939 0.015830586299073055 0.018339198577859268 -0.10387688379675095 -0.044227092301311721 -0.11244326661176358 0.0040894174824055397 0.038795326913523595 0.025745918461229294 -0.13975711308991784 0.038974778171465586 0.10624437122947521 -0.096836273465672029 -0.014459746087972587 0.063325129422039148 -0.014680599552503466 0.030434986952816278 0.095467206333942387 0.024151035689410613 0.016964485099448902 -0.039822161926874322 0.096187165410656958 -0.07278528491476717 0.0090874530394733366 -0.037079900757599635 -0.080388141023592818 -0.0045437654432820759 0.089926333252119239 0.044384684092763665 -0.11867535181395537 0.041424138363297058 -0.089568749159754574 -0.1187835339422616
leaf_weight=213 1055 1161 985 1133 57 582 143 485 43 1527 6293 3450 8506 72 302 2627 20015 401 3651 193 7260 6153 874 158 747 127 774 2635 105 3389 1090 46 9384 8609 1258 153 696 2575 3015 1899 5742 234 329 376 67 116 106
leaf_count=213 1055 1161 985 1133 57 582 143 485 43 1527 6293 3450 8506 72 302 2627 20015 401 3651 193 7260 6153 874 158 747 127 774 2635 105 3389 1090 46 9384 8609 1258 153 696 2575 3015 1899 5742 234 329 376 67 116 106
internal_value=-4.14467e-06 0.0041571 -0.00490779 -0.0206959 -0.0233671 0.00352518 0.00556735 -0.0314906 -0.037315 0.0149875 0.0132406 -0.0432785 -0.00153246 -0.0274038 -0.0123241 -0.0101212 0.0172473 -0.0194015 -0.0603956 -0.0205614 0.0190108 0.02315 -0.0173908 0.00147699 -0.00463991 -0.0156724 -0.0534396 -0.0211656 -0.0569329 0.00498344 -0.00369749 -0.083272 0.0225276 0.0111793 -0.0158813 -0.0051666 -0.0875756 -0.00433825 -0.0398296 -0.075441 -0.00735261 -0.000837054 -0.0414869 -0.074065 -0.0857877 0.00939443 -0.0213679
internal_weight=110811 94058 51202 17827 16753 33375 32285 11990 9484 42856 41329 8360 22758 7528 12309 12007 35036 1608 4910 6760 33428 26168 9380 5837 3702 2955 4425 2828 1090 5612 4479 447 9527 10449 1840 7269 768 3630 3058 1956 7116 5976 1140 695 225 445 319
internal_count=110811 94058 51202 17827 16753 33375 32285 11990 9484 42856 41329 8360 22758 7528 12309 12007 35036 1608 4910 6760 33428 26168 9380 5837 3702 2955 4425 2828 1090 5612 4479 447 9527 10449 1840 7269 768 3630 3058 1956 7116 5976 1140 695 225 445 319
is_linear=0
shrinkage=0.0970268


Tree=27
num_leaves=48
num_cat=0
split_feature=1 4 6 8 9 8 2 5 6 1 2 8 4 1 5 0 2 4 5 2 9 1 0 9 2 2 2 0 8 5 2 9 8 4 4 8 9 5 9 1 8 9 9 4 6 9 2
split_gain=1110.1 889.206 593.883 746.788 449.134 414.69 548.533 346.2 336.009 309.187 308.574 289.007 279.927 346.43 311.801 270.803 236.738 247.102 283.379 227.756 222.894 217.52 209.35 198.532 197.279 188.805 187.649 240.823 230.432 220.566 182.057 286.46 261.674 182.021 170.948 202.671 192.542 262.998 168.53 167.683 166.096 165.043 160.448 157.076 166.601 155.946 154.207
threshold=0.032134417775220005 0.0087459754560187519 0.0032962987332410005 0.046354894821261504 0.10994557259447872 -0.055294504275847194 -0.12786072227555087 0.030025241328595905 0.069482572948385363 -0.037683646759146046 0.20726072816573907 0.10845031373917167 0.088755355054549304 -0.069640024415746085 0.14177564617113228 -0.93924999999999992 -0.11939589641391414 -0.05551447834488369 0.010302122747379702 -0.077124693675511488 -0.04632313950314474 0.11045235322052467 -0.68049999999999988 0.10994557259447872 0.036597395995265555 0.030608773561614001 -0.028504986156112896 0.80220000000000014 -0.012025422060187198 0.086881013123040321 0.010951438399460502 0.063311869135761464 -0.098806263252529183 -0.049754782208191746 -0.10109648475718803 0.0011680757246627504 -0.021328879332117596 -0.017270520361984749 -0.037226981213606791 -0.023496582620215447 -0.058970181921729294 -0.078679476976378782 0.051083644951331754 -0.036242308413944539 0.0044757651045525511 0.050150687741229556 0.16300214299115282
decision_type=2 2 2 2 2 2 2 2 2 2 2 2 2 2 2 2 2 2 2 2 2 2 2 2 2 2 2 2 2 2 2 2 2 2 2 2 2 2 2 2 2 2 2 2 2 2 2
left_child=1 2 3 9 12 41 -7 11 16 34 20 22 13 -3 30 39 40 18 -18 42 25 -19 24 -10 -8 -9 29 28 -28 -17 -15 32 -32 -13 -1 -36 -37 -38 -20 -11 -2 -4 -5 -43 -45 -24 -21
right_child=8 4 5 19 -6 6 7 10 23 15 -12 33 -14 14 -16 26 17 21 38 46 -22 -23 45 -25 -26 -27 27 -29 -30 -31 31 -33 -34 -35 35 36 37 -39 -40 -41 -42 43 -44 44 -46 -47 -48
leaf_value=-0.077689076915854374 -0.0097529059040992946 -0.02340538075377397 0.026471037465004055 0.088238572893236222 -0.082234486762482559 0.04621643467240491 -0.027846044743581756 0.070673155595822573 -0.0073687993102293219 -0.1489080537837513 0.030546547736026681 -0.046140370050215096 0.031810575445771448 0.014131002741667155 -0.074007543103890377 0.009182459257054949 0.016312049815561103 0.018110442809169368 0.030141192765137017 0.011716477411917628 -0.066273236325249008 0.058687050870418596 -0.0026876001025924684 -0.15695560007171247 -0.085001009876309902 -0.044401571727380039 0.0025801139161378264 0.028693774571653098 -0.036625469055774101 -0.058794859093090172 0.066397205632473422 -0.074033760320072833 -0.0059327034331444553 0.059158615397284099 -0.042858640720187476 0.038773101627591094 0.017057391700527419 -0.057769456343487999 -0.069518483355599861 -0.039017499007229506 0.065011952989177779 -0.089180207911452633 -0.018331308364784072 -0.24352409645728318 -0.041915571477816375 -0.055224838359853104 0.073199124196313137
leaf_weight=683 337 3723 204 780 533 1060 2749 216 3794 161 419 197 3934 19480 426 8500 1413 20273 197 4050 3427 1325 4548 85 717 353 2192 999 3960 474 523 522 4690 711 3061 673 843 929 837 693 1637 1328 160 39 1930 602 424
leaf_count=683 337 3723 204 780 533 1060 2749 216 3794 161 419 197 3934 19480 426 8500 1413 20273 197 4050 3427 1325 4548 85 717 353 2192 999 3960 474 523 522 4690 711 3061 673 843 929 837 693 1637 1328 160 39 1930 602 424
internal_value=-4.11457e-06 -0.00590748 -0.0145296 -0.00576197 0.00609152 -0.0280744 -0.021054 -0.0261716 0.0159717 -0.0133438 -0.0486302 -0.0157579 0.00750664 0.00424984 0.00826597 -0.00657555 0.0199434 0.0172904 -0.0119274 0.0266797 -0.0569368 0.0206013 -0.0212457 -0.0106656 -0.039681 -0.000681634 -0.00375423 -0.0154794 -0.0226555 0.00558835 0.00965753 -0.00553577 0.00132685 0.036292 -0.0319089 -0.0262228 -0.00538824 -0.022171 -0.0505177 -0.0598082 0.0522441 -0.0581423 0.0700891 -0.0633832 -0.0459644 -0.00883463 0.0175515
internal_weight=110811 80913 47082 28582 33831 18500 14999 13939 29898 23168 4415 9524 33298 29364 25641 16979 26019 24045 2447 5414 3996 21598 8616 3879 3466 569 16125 7151 6152 8974 25215 5735 5213 908 6189 5506 2445 1772 1034 854 1974 3501 940 3297 1969 5150 4474
internal_count=110811 80913 47082 28582 33831 18500 14999 13939 29898 23168 4415 9524 33298 29364 25641 16979 26019 24045 2447 5414 3996 21598 8616 3879 3466 569 16125 7151 6152 8974 25215 5735 5213 908 6189 5506 2445 1772 1034 854 1974 3501 940 3297 1969 5150 4474
is_linear=0
shrinkage=0.0970268


Tree=28
num_leaves=48
num_cat=0
split_feature=0 2 9 0 6 3 7 9 3 5 2 0 2 6 9 3 8 2 2 3 7 8 2 8 7 3 5 8 2 2 8 7 8 6 5 5 8 5 7 3 0 7 2 2 8 7 6
split_gain=875.349 776.319 761.207 462.838 400.953 374.509 380.929 472.556 318.558 313.479 332.858 304.895 299.454 289.242 275.873 284.109 269.192 309.492 263.965 368.881 261.556 256.264 256.213 245.153 226.809 218.235 212.474 211.542 760.926 431.233 527.754 317.308 260.856 215.599 210.375 207.113 195.652 185.813 177.518 175.457 170.126 169.934 243.238 234.137 163.326 161.215 160.917
threshold=0.17810000000000001 -0.13936677746106751 -0.0046980945101937994 -0.9020999999999999 0.034612091758803705 0.041145684358658903 0.05593522980630896 0.040753127502359605 0.059325650782122909 -0.033458643210595447 -0.030333181533519996 0.92455000000000009 0.025563501414801303 -0.0090551842055570982 0.091931186692319714 0.05287311430924841 -0.0017903630970337499 -0.023313528556165596 -0.039198989009521297 0.0025728209754138005 0.035034385344793105 -0.096041086116257737 0.23449692913234538 -0.093678183613809737 0.032529171485274407 0.10525850206223876 0.11956118293705177 -0.0047829561281900988 -0.0099880315589697486 -0.018349973554545897 -0.047342504378506893 0.025985087069816552 -0.065268669685374078 -0.011740964979741397 0.034395952613936756 -0.024839229708823747 -0.04841213077412624 -0.024306421659905899 -0.09021659751123938 0.10525850206223876 0.44105000000000005 -0.034021272143954444 -0.0109481708729846 0.13869818967007372 -0.043372761206445593 -0.010058903171288899 -0.026216722582171347
decision_type=2 2 2 2 2 2 2 2 2 2 2 2 2 2 2 2 2 2 2 2 2 2 2 2 2 2 2 2 2 2 2 2 2 2 2 2 2 2 2 2 2 2 2 2 2 2 2
left_child=1 23 4 25 8 6 7 9 27 12 -11 14 -5 -7 15 16 20 -18 21 34 26 -6 45 24 -1 41 -2 29 -29 31 33 32 -3 -31 -20 -24 -9 -25 -16 -21 -28 -4 -43 -44 -8 -19 -40
right_child=11 2 3 5 18 13 44 36 -10 10 -12 -13 -14 -15 38 -17 17 22 19 39 -22 -23 35 37 -26 -27 40 28 -30 30 -32 -33 -34 -35 -36 -37 -38 -39 46 -41 -42 42 43 -45 -46 -47 -48
leaf_value=-0.061711166445648294 -0.0072640955569683108 -0.087561225615248026 -0.080480372021645527 0.028463789574942028 -0.077420124325960057 0.03628731330544762 -0.028695197310308479 -0.085132800643686377 0.048993819951440774 -0.0077200303093341296 -0.041472739396692791 0.030670125282068406 -0.034792067891584531 -0.016089422392012633 -0.14721999080315709 0.031965086102204159 0.024443100218565154 -0.018483560902055697 -0.051757415104230285 -0.018269126512167475 0.022355634419920688 0.0083434143407821876 -0.036326691212760831 0.027055772013003656 0.089850595351278942 0.070554647505211426 0.039603326686296896 0.0313819390000444 -0.024071011073298235 0.083050643896628057 -0.024650061424960117 0.016006573154475064 -0.025651141179469046 0.014110823972853213 -0.13541399155145878 0.095222469834033999 -0.0386989698260174 0.077455142839959676 0.012291578455253405 0.11013453417128342 -0.09769373496330537 -0.02589508481759235 -0.10349170051319738 -0.013581874778396801 0.033244672981365388 0.0072914455444862769 -0.053825311462089125
leaf_weight=376 12276 905 1153 2543 365 2216 523 1049 1712 6389 4831 5813 974 1797 119 4335 10689 3839 893 1707 2912 3202 150 1547 123 152 106 7387 3402 1047 1409 1146 2196 722 415 449 4618 1243 632 106 422 3536 873 397 1709 5640 766
leaf_count=376 12276 905 1153 2543 365 2216 523 1049 1712 6389 4831 5813 974 1797 119 4335 10689 3839 893 1707 2912 3202 150 1547 123 152 106 7387 3402 1047 1409 1146 2196 722 415 449 4618 1243 632 106 422 3536 873 397 1709 5640 766
internal_value=-4.07908e-06 -0.00756332 -0.0101053 -0.0200074 0.00208319 -0.0144837 -0.0193269 -0.0234901 0.00898306 -0.0143319 -0.0222548 0.0098338 0.010941 0.0128318 0.00697228 0.00848254 0.0056917 0.0129421 -0.0184719 -0.0390772 -0.00388842 -0.000437968 0.000742377 0.0383183 -0.0242898 -0.0440908 -0.00985833 0.00522076 0.0138953 -0.00738279 0.0196451 -0.0276097 -0.0437314 0.0549287 -0.0783417 0.0622625 -0.0473015 0.0495212 -0.0336493 -0.010733 -0.0701033 -0.0470214 -0.0389861 -0.075407 0.0187242 -0.00314683 -0.0239342
internal_weight=110811 62663 59374 32760 26614 26649 22636 20404 19926 14737 11220 48148 3517 4013 42335 40818 36483 20767 6688 3121 15716 3567 10078 3289 499 6111 12804 18214 10789 7425 3178 4247 3101 1769 1308 599 5667 2790 1517 1813 528 5959 4806 1270 2232 9479 1398
internal_count=110811 62663 59374 32760 26614 26649 22636 20404 19926 14737 11220 48148 3517 4013 42335 40818 36483 20767 6688 3121 15716 3567 10078 3289 499 6111 12804 18214 10789 7425 3178 4247 3101 1769 1308 599 5667 2790 1517 1813 528 5959 4806 1270 2232 9479 1398
is_linear=0
shrinkage=0.0970268


Tree=29
num_leaves=48
num_cat=0
split_feature=1 3 2 8 0 7 8 6 7 0 4 6 3 1 3 7 2 8 4 2 0 1 0 4 1 6 6 7 3 4 7 8 6 2 4 3 6 1 4 3 6 6 7 7 8 7 6
split_gain=875.885 677.121 652.893 1076.51 693.133 376.868 350.392 591.969 382.514 335.743 296.265 327.719 283.851 281.024 279.588 269.546 261.341 268.827 251.076 248.639 238.094 235.437 234.911 234.329 232.812 228.413 217.681 255.721 210.978 279.459 261.662 208.03 190.597 188.89 193.074 220.209 185.917 169.209 225.762 175.071 167.492 166.043 162.046 158.893 156.14 202.859 196.706
threshold=-0.045819074632108395 0.0095292185073733524 -0.064141237968972989 -0.05166673925610684 -0.51029999999999986 0.019828326375400603 -0.10742709131411114 -0.0074762196809996994 -0.014833294687495448 -0.96084999999999987 0.03643252794496251 -0.10448051949505939 -0.10878881064727379 0.036806377161544758 0.094691000577307102 -0.08436367520802239 -0.015169470707859399 -0.018201141239484946 -0.05065988093355394 -0.13420704563369165 -0.72664999999999991 0.030440858912344954 -0.85919999999999985 0.058951670760192802 0.040798591150504555 0.11613018544403932 -0.0017257213818673998 0.039556820870839705 0.0044383340405927006 -0.075025603548725089 -0.018932777041685146 -0.0011709492336022499 -0.084329663943004188 0.027897564576369851 -0.030695532482002647 0.064148750514127967 0.077573471606376107 0.087725925740820401 -0.093073355422520182 -0.061735943666993691 -0.0084622106144956483 -0.096587434381263687 0.035578937714650004 0.073119820141982803 -0.00059863951889184994 0.053802102423520008 0.036269058284658255
decision_type=2 2 2 2 2 2 2 2 2 2 2 2 2 2 2 2 2 2 2 2 2 2 2 2 2 2 2 2 2 2 2 2 2 2 2 2 2 2 2 2 2 2 2 2 2 2 2
left_child=10 2 3 5 6 12 7 -4 32 18 11 -1 -2 14 33 21 17 42 -3 25 36 41 -14 26 44 -5 27 31 30 -30 -13 -17 -8 -11 35 -35 -18 39 -39 -28 -23 -6 -10 -22 45 -21 -46
right_child=1 9 4 19 15 -7 8 -9 16 13 -12 28 22 -15 -16 23 20 -19 -20 24 43 40 -24 -25 -26 -27 37 -29 29 -31 -32 -33 -34 34 -36 -37 -38 38 -40 -41 -42 -43 -44 -45 46 -47 -48
leaf_value=0.053310201547294829 -0.27392579026193897 -0.11221037854727514 0.09002096943995902 0.070597267484718146 -0.29241296509973536 0.010260722469384972 0.057938754546306821 -0.065778024857100756 -0.075658293057238438 0.012950179152182021 3.0106772728144105e-05 -0.064949507158609907 -0.12843228919237124 0.031282270427526584 0.047010877368846613 -0.018811728239714321 -0.055336999527668018 0.0086343318988800592 -0.0089439791715000792 -0.014102469782894193 -0.018196347047494565 0.046136714606434322 -0.037531750614236213 0.026223905844569066 0.043233048561261408 -0.019988114710376651 -0.065178306467039912 0.032145847943539016 -0.062552977136951349 -0.0075303787285148274 -0.02629224441818068 0.0078538016643742818 -0.065827606333669922 -0.060972025688662154 0.0023572078154004807 0.046273723990311412 -0.16758859222313349 -0.1839989404220527 0.03847943292591903 -0.014986681845099816 -0.067217623411083352 -0.081971287334485693 0.013554855899749099 0.11163135600460901 0.030807013535496228 0.07559262252871074 -0.0096432892430606699
leaf_weight=476 53 308 561 1713 38 1357 121 388 683 17294 5898 2559 302 8931 1887 4245 1715 2981 789 2681 826 278 2344 2976 3043 309 724 2578 1028 5611 4638 7841 3345 1009 3843 219 151 45 785 6775 219 455 266 99 4671 260 1493
leaf_count=476 53 308 561 1713 38 1357 121 388 683 17294 5898 2559 302 8931 1887 4245 1715 2981 789 2681 826 278 2344 2976 3043 309 724 2578 1028 5611 4638 7841 3345 1009 3843 219 151 45 785 6775 219 455 266 99 4671 260 1493
internal_value=-3.85578e-06 0.00407026 -0.00247361 0.0126291 -0.00969957 -0.0314426 -0.0300626 0.0263117 -0.0353161 0.0148218 -0.0182682 -0.0258094 -0.0524119 0.016568 0.0111486 -0.00128749 -0.02181 -0.00568235 -0.0379778 0.0252453 -0.0445118 -0.0509663 -0.0479288 0.000606826 0.0199992 0.0567483 -0.00270883 0.00440568 -0.0285335 -0.016055 -0.0400417 -0.00151157 -0.0614977 0.00812155 -0.00834378 -0.0418292 -0.0644611 -0.0152353 0.0263196 -0.0198371 -0.00380816 -0.0984449 -0.0506476 -0.00424711 0.0122315 -0.00616019 0.0210079
internal_weight=110811 90601 56321 18226 38095 4056 11136 949 10187 34280 20210 14312 2699 33183 24252 26959 6721 3930 1097 14170 2791 990 2646 25969 12148 2022 22993 14664 13836 6639 7197 12086 3466 22365 5071 1228 1866 8329 830 7499 497 493 949 925 9105 2941 6164
internal_count=110811 90601 56321 18226 38095 4056 11136 949 10187 34280 20210 14312 2699 33183 24252 26959 6721 3930 1097 14170 2791 990 2646 25969 12148 2022 22993 14664 13836 6639 7197 12086 3466 22365 5071 1228 1866 8329 830 7499 497 493 949 925 9105 2941 6164
is_linear=0
shrinkage=0.0970268


Tree=30
num_leaves=48
num_cat=0
split_feature=1 0 9 7 5 9 6 1 4 7 9 0 4 8 1 6 9 6 4 7 0 8 4 4 8 5 0 7 4 8 9 5 5 8 1 5 0 8 4 9 7 9 5 8 4 6 9
split_gain=738.634 451.691 413.457 332.154 311.168 290.867 280.151 271.283 340.898 325.318 287.092 313.445 248.02 223.608 214.541 203.077 199.306 190.768 189.479 244.951 188.258 183.062 160.446 155.344 154.259 152.554 145.887 158.248 168.315 144.497 143.436 149.069 143.294 153.721 141.049 132.32 129.007 125.647 124.085 118.368 117.937 115.122 114.74 112.484 207.253 111.859 110.482
threshold=-0.0019755116716150497 -0.62474999999999992 0.04147810879812331 -0.057989191160742644 0.14177564617113228 -0.070470092302136536 0.072548590216308814 -0.099494634212686825 0.062598133732963204 0.077225608832147755 -0.030424801288873097 -0.97184999999999988 0.013558821068191751 0.11993638361799387 0.044838501870258306 -0.048728933350633989 0.080610931652623008 -0.089855702594301784 0.014421963947464752 -0.0067663485611202494 -0.85564999999999991 -0.018201141239484946 -0.034982634674192194 -0.11688891795680724 0.11683441370628826 0.021995029554704604 0.44105000000000005 -0.079324673208547886 -0.014688854341964248 -0.027716833595366197 -0.022326254118819847 0.0045007101044249017 0.17465723710244555 -0.045413199718147897 -0.0064470339305020994 0.15998967271130632 -0.85564999999999991 0.022092794498701402 0.11429078169592517 -0.076364914572620277 -0.081492862151189685 0.10994557259447872 -0.078970114533016084 0.066880848446210714 0.035723368315361458 0.0067174782386553505 0.14512608310463124
decision_type=2 2 2 2 2 2 2 2 2 2 2 2 2 2 2 2 2 2 2 2 2 2 2 2 2 2 2 2 2 2 2 2 2 2 2 2 2 2 2 2 2 2 2 2 2 2 2
left_child=1 4 6 17 7 -5 14 43 9 10 -9 34 26 -13 18 23 25 -3 19 21 -8 39 -17 -7 -22 29 27 28 -4 45 37 -32 38 -34 -12 46 -14 -23 42 -2 -41 -38 -24 -1 -45 -10 -29
right_child=2 3 12 5 -6 15 20 8 16 -11 11 13 36 -15 -16 22 -18 -19 -20 -21 24 30 32 -25 -26 -27 -28 35 -30 -31 31 -33 33 -35 -36 -37 41 -39 -40 40 -42 -43 -44 44 -46 -47 -48
leaf_value=-0.06282356875239338 0.046615956609496995 0.029775877076459612 -0.17763017759820582 0.040937715664020539 -0.1037933816933502 -0.086101206725769278 -0.045843046539104274 0.0047524350665680871 0.21943627803814406 0.041998717656558389 -0.10867118975681189 -0.02789300786721682 -0.056338215487736376 0.045334766461145884 0.022941687163011062 -0.023252146189076978 -0.1309610165062452 -0.03911646142184394 0.01948125565979569 0.012647040901454793 -0.0092608189079739656 0.062789685114660626 -0.030133640177814624 0.017933554867946865 0.044805071133331507 -0.0046413222846664829 -0.0033346131906480704 -0.023363423302790183 0.0099742108954066749 0.044558989793069846 0.0072356987251663103 -0.028824687588550748 -0.23407210988858174 -0.0043720295631072869 0.057576809220265916 -0.14894922694723936 0.020816426073135691 0.0039653832545392615 0.039209300394544504 -0.1239961198986088 -0.032369659591960934 -0.034382062334026749 2.783874452877931e-05 0.033841951342093314 -0.17186845415304342 0.074734786603119219 -0.15673729174171919
leaf_weight=1660 166 433 136 1670 414 138 1126 3000 93 792 586 10093 258 408 15120 3758 63 2978 9979 10654 3051 545 1281 5640 593 370 2699 3833 67 516 2365 1984 51 59 52 83 3180 917 709 141 2077 400 16174 274 55 111 59
leaf_count=1660 166 433 136 1670 414 138 1126 3000 93 792 586 10093 258 408 15120 3758 63 2978 9979 10654 3051 545 1281 5640 593 370 2699 3833 67 516 2365 1984 51 59 52 83 3180 917 709 141 2077 400 16174 274 55 111 59
internal_value=-3.92496e-06 -0.00852398 0.00736125 -0.00170307 -0.0206585 0.00161344 0.0111566 -0.0187513 -0.0145693 -0.0184953 -0.0218857 -0.0290607 -0.00989407 -0.0250453 0.0135807 -0.000748241 0.0362511 -0.0303658 0.0086704 0.00294614 -0.0111749 -0.00966451 -0.00499462 0.0154412 -0.000455835 0.0459707 -0.0209219 -0.0322797 -0.115773 0.0719801 -0.000373841 -0.009214 -0.00123906 -0.111436 -0.0950779 -0.0280017 0.00986355 0.0259117 -0.000568654 -0.0323026 -0.0382209 0.0146431 -0.00218581 -0.0525537 -0.000693969 0.141061 -0.0254043
internal_weight=110811 51378 59433 32891 18487 29480 48718 18073 16084 14931 14139 11139 10715 10501 43948 27810 1153 3411 28828 18849 4770 8195 22032 5778 3644 1090 6877 4178 203 720 5811 4349 18274 110 638 3975 3838 1462 18164 2384 2218 3580 17455 1989 329 204 3892
internal_count=110811 51378 59433 32891 18487 29480 48718 18073 16084 14931 14139 11139 10715 10501 43948 27810 1153 3411 28828 18849 4770 8195 22032 5778 3644 1090 6877 4178 203 720 5811 4349 18274 110 638 3975 3838 1462 18164 2384 2218 3580 17455 1989 329 204 3892
is_linear=0
shrinkage=0.0970268


Tree=31
num_leaves=48
num_cat=0
split_feature=3 1 7 9 0 0 0 8 8 6 7 6 3 7 7 9 1 6 6 3 8 8 8 3 3 9 1 5 3 5 3 7 1 8 0 7 3 8 3 3 1 0 3 0 7 5 8
split_gain=714.329 605.715 531.216 504 381.319 320.928 284.608 287.426 279.183 343.446 255.232 229.327 228.552 220.808 202.323 199.435 194.871 193.003 185.512 180.558 234.188 180.202 176.403 172.069 168.422 167.226 166.019 159.635 159.092 158.033 156.912 196.183 157.873 156.6 151.761 146.263 189.834 138.709 135.009 134.243 159.046 133.041 132.526 130.057 128.874 128.134 160.897
threshold=-0.030776207317564096 0.031567554202066909 0.05055352400025661 -0.0046980945101937994 -0.47649999999999998 -0.9020999999999999 -0.96934999999999993 -0.074239912271120742 -0.12665294288896967 -0.0074762196809996994 -0.081492862151189685 -0.0011237611883628997 0.10525850206223876 -0.018456114965635147 -0.10240213885675449 -0.08125201657299598 -0.17604839349501017 0.0072379848272470506 0.070900865937373214 0.084152524140046411 0.023877666434334702 0.049346520263134956 0.078074244089569367 -0.040953029330111239 0.05420432895338171 0.074672856087230108 -0.096374697003733731 0.15998967271130632 0.10525850206223876 -0.036623734746121746 -0.073118113585582525 0.028680670100665853 0.016253589878105903 0.11683441370628826 0.63705000000000012 0.026473165639654007 0.022714351160124102 -0.066568939532590438 0.019704540476303305 0.011571371925567802 -0.043122811708249692 -0.38109999999999994 -0.026078195844267897 -0.3824999999999999 -0.034021272143954444 0.0019614815398792005 0.070552166332178659
decision_type=2 2 2 2 2 2 2 2 2 2 2 2 2 2 2 2 2 2 2 2 2 2 2 2 2 2 2 2 2 2 2 2 2 2 2 2 2 2 2 2 2 2 2 2 2 2 2
left_child=2 3 4 6 8 28 35 15 9 -1 22 19 16 -10 -6 -8 -9 42 -3 20 -12 27 24 29 -7 -13 43 30 44 -15 31 -16 37 -31 38 -2 -37 -32 -19 40 -18 -34 -17 -4 -5 46 -46
right_child=1 18 26 5 14 10 7 12 13 -11 11 25 -14 23 21 17 39 34 -20 -21 -22 -23 -24 -25 -26 -27 -28 -29 -30 33 32 -33 41 -35 -36 36 -38 -39 -40 -41 -42 -43 -44 -45 45 -47 -48
leaf_value=0.087278577043503336 -0.07739928843017807 0.021155158143852004 -0.10348456025151009 -0.071618138079952959 -0.068996333562953691 -0.075778643855864525 0.053853256029573443 -0.11055062673431532 -0.06480280959278728 -0.053928417743372835 -0.0079674102262380225 -0.0098556436394764517 0.081357546224063312 -0.0040814656091344732 -0.046019744661733399 0.14446264345019286 -0.014906877887052698 -0.093774121550754361 -0.0050298817662547089 0.035958131145197164 0.017308431793447432 0.013389536770301512 0.043728550618104919 -0.0020374566796818286 0.015920487650595016 -0.051130244327340472 0.028191868112963321 -0.10800233039221661 0.068946677041550719 -0.059542715230001618 -0.052926974705462218 0.028365524901461926 0.097752812092726529 0.045892941974741204 0.007562023046709992 0.069860165974348395 -0.089475106724676096 -0.0093323026776735395 -0.022985158733787928 0.020534756336219845 0.011867320507853059 0.0061024702975927313 -0.0049077551738201386 0.026273621030821342 -0.01972287707002239 -0.043372442931267283 0.073608823586504724
leaf_weight=362 534 19862 169 818 528 1000 311 120 2590 293 9674 10960 463 794 2030 59 2663 712 2921 1537 5364 2954 182 1474 232 1009 3088 166 137 2393 840 399 156 140 317 180 115 3773 395 11895 9676 3203 948 127 1001 2037 210
leaf_count=362 534 19862 169 818 528 1000 311 120 2590 293 9674 10960 463 794 2030 59 2663 712 2921 1537 5364 2954 182 1474 232 1009 3088 166 137 2393 840 399 156 140 317 180 115 3773 395 11895 9676 3203 948 127 1001 2037 210
internal_value=-3.90667e-06 0.00425283 -0.0142604 -0.000680671 -0.0197434 -0.00862036 0.0088733 0.0105588 -0.0365865 0.0241045 -0.00509725 -0.00310329 0.0138528 -0.0419673 -0.0100958 -0.0192478 0.0125677 -0.0286112 0.0177975 0.00428661 0.00104801 -0.00779297 -0.0453294 -0.0296417 -0.0585036 -0.0133376 0.0215351 -0.0137157 -0.0337271 -0.0418669 -0.0122057 -0.0337943 -0.00562529 -0.053705 -0.0515964 -0.0471253 0.00767643 -0.0172767 -0.0685417 0.0131796 0.00608786 0.0103733 0.00389105 -0.0478217 -0.0371956 -0.0285154 -0.00351074
internal_weight=110811 85332 25479 62549 22095 34161 28388 27559 8046 655 29958 28544 24817 7391 14049 2742 24354 2431 22783 16575 15038 13521 1414 4801 1232 11969 3384 10567 4203 3327 10401 2429 7972 2533 1424 829 295 4613 1107 24234 12339 3359 1007 296 4066 3248 1211
internal_count=110811 85332 25479 62549 22095 34161 28388 27559 8046 655 29958 28544 24817 7391 14049 2742 24354 2431 22783 16575 15038 13521 1414 4801 1232 11969 3384 10567 4203 3327 10401 2429 7972 2533 1424 829 295 4613 1107 24234 12339 3359 1007 296 4066 3248 1211
is_linear=0
shrinkage=0.0970268


Tree=32
num_leaves=48
num_cat=0
split_feature=3 1 4 7 6 8 4 3 8 1 7 9 7 4 9 4 6 4 7 0 3 6 4 9 1 9 6 0 8 0 8 6 9 0 1 7 7 9 8 8 1 1 4 8 4 1 7
split_gain=582.465 512.938 567.776 433.132 372.899 360.841 332.579 326.931 290.459 275.467 316.181 250.168 249.665 222.888 211.995 198.851 193.385 187.125 248.972 215.861 178.506 196.617 169.965 168.88 168.373 165.003 198.636 156.973 155.798 152.728 147.397 142.25 142.1 168.967 141.908 144.188 140.766 139.75 138.674 138.009 135.401 132.983 131.716 184.227 129.134 122.086 121.694
threshold=-0.030776207317564096 0.04206493927765801 0.0087459754560187519 0.05055352400025661 0.0032962987332410005 0.059751482287739903 -0.037504484479936144 0.084152524140046411 -0.10152016796101658 0.0076801594257517513 -0.060643550149978291 -0.017602438214275148 -0.11484335384772799 0.081809860011285221 0.038025008673170053 -0.10991302374874019 -0.005964897038093349 -0.031315377374797344 0.085403255109252216 -0.86659999999999993 0.026968857824992153 0.070900865937373214 0.033166434836737306 0.022220070859312605 -0.0074907496222206991 0.078565514943708517 -0.017422101530692596 -0.86364999999999992 -0.14289358475273709 0.81775000000000009 0.12681663250519523 -0.0069727208777144991 -0.040836782488664895 -0.93364999999999987 -0.069640024415746085 0.071292518634747268 0.020739376983560903 -0.093325357103541742 -0.019655016499419746 0.098637426988032517 -0.096374697003733731 0.12286408967116695 0.034444313149233262 -0.016722833630594396 -0.053498587056858643 0.064238670046360621 0.024530531217677402
decision_type=2 2 2 2 2 2 2 2 2 2 2 2 2 2 2 2 2 2 2 2 2 2 2 2 2 2 2 2 2 2 2 2 2 2 2 2 2 2 2 2 2 2 2 2 2 2 2
left_child=3 2 4 6 5 7 38 12 37 10 22 24 -2 20 36 -9 28 18 19 -13 25 -22 -8 -24 -10 34 -27 -17 -11 -28 -18 -16 -12 39 35 -4 -14 -6 41 -34 -5 -1 43 45 -39 -30 -40
right_child=1 -3 13 40 8 -7 9 15 11 16 32 17 14 -15 31 27 30 -19 -20 -21 21 -23 23 -25 -26 26 29 -29 42 -31 -32 -33 33 -35 -36 -37 -38 44 46 -41 -42 -43 -44 -45 -46 -47 -48
leaf_value=-0.061625712213275431 -0.097214620635624083 0.019009341325741693 -0.030947282947874768 -0.043189246733233995 0.078565624014879903 0.031690523199526109 -0.10752732233877303 -0.17291180349569485 -0.012534816848009575 0.071271493376035749 0.019282309222510029 -0.077997690338589054 -0.0068727168118347358 0.033441993501470306 -0.035153074063149131 0.12101976464166694 -0.018456963828607943 -0.013688575926221015 0.082317042735981852 -0.028964846271438031 0.025951831587662354 -0.027652692548105682 0.019187688543813128 -0.11950618860094163 0.022586458925431506 0.022803397351406584 -0.1187333530076936 0.030794031247546129 -0.067670617918553846 0.037604607580502547 0.049676380135921211 0.026610847572983338 -0.10376772659157031 -0.016767196342963947 0.0067385666689485351 0.10326978898630366 0.014653085530840904 -0.1405730974030775 -0.035515182069549046 0.029402593862612708 0.025456873288152847 0.092030213211553011 0.042768245973539287 0.01785637744772639 -0.057389054619755304 0.016746205157081688 0.010149915236244629
leaf_weight=2092 289 16843 1467 296 57 3031 585 41 3173 465 949 1288 11384 3516 3063 208 3429 6066 148 2463 6302 717 263 120 2159 239 315 1418 507 72 327 396 370 6779 15809 79 3819 231 2687 91 3088 54 894 1557 739 236 690
leaf_count=2092 289 16843 1467 296 57 3031 585 41 3173 465 949 1288 11384 3516 3063 208 3429 6066 148 2463 6302 717 263 120 2159 239 315 1418 507 72 327 396 370 6779 15809 79 3819 231 2687 91 3088 54 894 1557 739 236 690
internal_value=-3.6516e-06 0.00384015 0.000109479 -0.0128772 -0.00735193 0.000433677 -0.0178283 -0.00416142 -0.0186314 -0.0109548 -0.0222114 -0.015276 -0.00778574 0.010569 -0.0063982 0.0370272 0.00294551 -0.0243521 -0.0409366 -0.0458108 0.00735123 0.0204734 -0.0746422 -0.0243263 0.0016852 0.00222803 -0.0466931 0.0423697 0.018821 -0.0896142 -0.0125179 -0.0280771 -0.0160091 -0.0206371 0.00399424 -0.0240568 -0.00146456 -0.0685744 -0.0384483 -0.0774575 0.019445 -0.0577378 0.0111737 -0.00110845 -0.0772604 -0.0408505 -0.0261819
internal_weight=110811 85332 68489 25479 39973 23649 22095 20618 16324 16572 9157 15297 18951 28516 18662 1667 7415 9965 3899 3751 25000 7019 968 383 5332 17981 626 1626 3659 387 3756 3459 8189 7240 17355 1546 15203 1027 5523 461 3384 2146 3194 2300 970 743 3377
internal_count=110811 85332 68489 25479 39973 23649 22095 20618 16324 16572 9157 15297 18951 28516 18662 1667 7415 9965 3899 3751 25000 7019 968 383 5332 17981 626 1626 3659 387 3756 3459 8189 7240 17355 1546 15203 1027 5523 461 3384 2146 3194 2300 970 743 3377
is_linear=0
shrinkage=0.0970268


Tree=33
num_leaves=48
num_cat=0
split_feature=9 2 8 6 4 7 3 4 3 8 7 8 2 2 3 5 7 3 2 4 5 8 6 8 5 9 2 8 5 3 5 8 5 4 2 7 5 4 4 2 6 9 6 6 2 6 5
split_gain=516.183 435.736 679.388 535.178 512.99 330.499 311.836 298.676 290.546 367.596 382.737 403.384 326.37 294.455 287.746 302.196 290.46 279.872 265.045 277.431 227.231 231.676 225.619 224.237 218.967 216.536 214.958 267.821 212.816 200.055 186.739 182.102 200.39 197.849 175.306 167.25 166.326 170.014 165.684 159.682 155.231 143.684 142.338 140.11 209.036 139.651 137.242
threshold=0.030063428752734555 -0.097962575394615142 -0.068077173305570379 -0.0017257213818673998 -0.049754782208191746 -0.050347038166644188 0.0056229932902896506 0.030471507042390853 0.048580650556495859 -0.098806263252529183 0.020739376983560903 0.026801450003916354 -0.042057798850643598 -0.025267383403437347 0.084152524140046411 0.15998967271130632 0.056966002428429356 -0.024625008396926946 -0.043764128842901047 0.025260250773585752 0.038350382520869607 0.11993638361799387 -0.022554223766791549 -0.10423203134174834 -0.12181406870462509 -0.044729341931188847 -0.16408927849770483 -0.15018081743147496 -0.037904189983701798 -0.089219937498871346 0.10822796859505861 -0.019655016499419746 -0.050202261381958144 -0.071648425880399144 0.10928211184081101 0.030887723120738755 0.083068829820494461 -0.030123886687279947 -0.042579438457429744 0.054498711844421358 -0.0048954986917168998 0.091931186692319714 0.070900865937373214 0.097911686297019365 -0.15482403420593177 0.026753184202400353 -0.059727494449313641
decision_type=2 2 2 2 2 2 2 2 2 2 2 2 2 2 2 2 2 2 2 2 2 2 2 2 2 2 2 2 2 2 2 2 2 2 2 2 2 2 2 2 2 2 2 2 2 2 2
left_child=1 2 5 8 28 22 7 20 9 12 11 17 -3 -13 15 16 18 30 31 -20 21 39 -1 -24 -21 -8 -7 -28 -5 -4 -11 32 -2 35 -22 -34 45 -38 -15 -6 -16 -26 -30 44 -31 -33 -10
right_child=14 3 29 4 6 26 25 -9 46 10 -12 13 -14 38 40 -17 -18 -19 19 24 34 -23 23 -25 41 -27 27 -29 42 43 -32 36 33 -35 -36 -37 37 -39 -40 -41 -42 -43 -44 -45 -46 -47 -48
leaf_value=-0.28754083517602758 0.021500199890800889 -0.038829703245512978 -0.053336260817319091 -0.0031395646952908896 -0.011757035220392573 0.046523329232614631 0.03384368948487846 0.0082041225441852744 -0.0094419428350537588 -0.031388974097008755 0.018496707230106001 0.026385832606479691 0.067522102154264449 -0.047842270787248502 0.037954056687522199 -0.09992091702969555 0.014678741729104314 -0.0051974267321460953 -0.038280727447819463 -0.09638736516321593 -0.060742514235580386 0.045518685527300679 -0.1768150852995862 0.017615331712789176 0.0069344777890001175 0.0012862896153844022 -0.11487478308234723 -0.01085368415415835 -0.042529859553701088 0.080363047042111613 -0.16465536458176538 0.015790927262613465 -0.16332098447772295 -0.028706433007121262 0.0019265822540502767 0.059720108384888199 -0.17489003212274878 -0.024725015014645826 0.0017649530068008428 -0.050220567317630353 -0.030213673343099726 -0.048679303934087141 -0.096989198366389945 0.0057466390494416665 0.033469296872370047 -0.014674235477255966 0.037520246225098718
leaf_weight=60 705 333 250 1171 5548 498 2478 4297 685 4242 10288 5479 1466 806 1566 382 3122 10444 7424 239 1994 571 107 116 3206 8587 268 1770 2892 1021 101 4721 182 2447 532 38 88 362 2960 1244 393 506 536 1370 7265 2023 4028
leaf_count=60 705 333 250 1171 5548 498 2478 4297 685 4242 10288 5479 1466 806 1566 382 3122 10444 7424 239 1994 571 107 116 3206 8587 268 1770 2892 1021 101 4721 182 2447 532 38 88 362 2960 1244 393 506 536 1370 7265 2023 4028
internal_value=-3.3829e-06 0.00379238 0.0203204 0.00081658 -0.00905769 -0.0217018 -0.00362868 -0.0131515 0.00803535 0.00507836 0.00283674 -0.00386705 0.0478265 0.0120301 -0.0115564 -0.0143154 -0.0130086 -0.0138068 -0.0169489 -0.0272267 -0.0224319 -0.013814 -0.121076 -0.0757915 -0.00645191 0.00857934 -0.0105905 -0.0245579 -0.0388608 0.0322802 -0.0345059 -0.00588265 -0.0244866 -0.0366478 -0.047542 -0.124714 0.00283713 -0.0542463 -0.00885368 -0.0188059 0.0242705 -0.000648644 -0.0510586 0.0345 0.0392524 0.00665057 0.0306924
internal_weight=110811 83407 12725 70682 29850 2819 25251 14186 40832 36119 34320 24032 1799 9245 27404 25445 25063 14787 21941 11375 9889 7363 283 223 3951 11065 2536 2038 4599 9906 4343 10566 3372 2667 2526 220 7194 450 3766 6792 1959 3712 3428 9656 8286 6744 4713
internal_count=110811 83407 12725 70682 29850 2819 25251 14186 40832 36119 34320 24032 1799 9245 27404 25445 25063 14787 21941 11375 9889 7363 283 223 3951 11065 2536 2038 4599 9906 4343 10566 3372 2667 2526 220 7194 450 3766 6792 1959 3712 3428 9656 8286 6744 4713
is_linear=0
shrinkage=0.0970268


Tree=34
num_leaves=48
num_cat=0
split_feature=1 9 2 8 6 4 5 9 9 2 4 7 6 1 5 8 5 2 7 2 4 7 8 6 7 4 2 5 2 8 2 2 7 8 4 6 2 1 4 4 1 4 4 6 8 2 4
split_gain=460.971 360.777 268.952 523.019 333.09 254.539 232.487 226.23 183.28 217.472 203.343 242.643 176.545 176.412 172.937 182.938 166.741 210.37 165.174 180.928 163.084 160.438 188.62 165.773 155.225 228.476 155.927 186.76 292.901 150.866 539.428 367.903 277.4 235.036 230.32 185.131 174.071 169.428 188.065 148.194 145.846 145.531 141.923 141.072 139.971 136.981 139.909
threshold=-0.045819074632108395 0.038025008673170053 -0.10457222095505159 -0.070993857370241539 0.045236436153842957 -0.073312548877460929 -0.011673705109794699 -0.04632313950314474 0.10994557259447872 -0.13936677746106751 0.025260250773585752 0.054789541815318053 -0.11534681073594064 -0.14225944842784791 0.028030629676504104 0.18320225866052992 0.099374248208709659 0.17472039115599697 -0.081492862151189685 -0.043764128842901047 0.09726600646401716 -0.050347038166644188 -0.15018081743147496 0.01312282302128835 0.015782430852915454 0.09118465142868247 0.2267042923305376 -0.039119030685482642 0.025563501414801303 -0.017499244721326895 -0.019854513424471146 -0.016764788148213697 -0.030211971035198296 -0.054093450323365641 0.020936725407406102 0.00157613886387135 0.16300214299115282 -0.020953018771042099 -0.027245351243788546 -0.064498075460903234 -0.068029734234783937 -0.0086090722231190967 -0.065856962706443936 -0.030638308240341246 0.031543377519723005 0.21980754745819697 0.031166254513523454
decision_type=2 2 2 2 2 2 2 2 2 2 2 2 2 2 2 2 2 2 2 2 2 2 2 2 2 2 2 2 2 2 2 2 2 2 2 2 2 2 2 2 2 2 2 2 2 2 2
left_child=7 2 3 21 20 -6 -5 42 9 -3 11 16 -9 -14 15 -7 18 -18 44 -20 29 23 -23 -2 25 26 27 28 -15 31 37 32 -4 35 36 -33 -32 -31 -39 -34 -29 -8 43 -1 -11 46 -16
right_child=1 8 4 6 5 14 41 12 -10 10 -12 -13 13 24 45 -17 17 -19 19 -21 -22 22 -24 -25 -26 -27 -28 40 -30 30 34 33 39 -35 -36 -37 -38 38 -40 -41 -42 -43 -44 -45 -46 -47 -48
leaf_value=0.03459689581327683 -0.23326944858464341 0.040627154682620265 -0.048656337193484389 0.016520499351326854 -0.073382153990462218 -0.0030629933680149492 0.080909456007884434 0.052608922086848947 -0.043686240214587002 -0.11637398625753978 0.0089765698294120132 0.020069621693960163 -0.057906048119174595 0.015535527848434465 -0.050194825314838612 0.0917074103134808 -0.084832151196340952 0.11779312488696933 -0.00064967240702690394 -0.028914783148805901 0.042412729116223166 -0.090120166639279603 -0.00095816424577012253 -0.040700426189785012 -0.0035562990675598251 0.029294066188739178 0.036187025344155389 -0.053233598901712496 -0.060254126869853895 0.00032451146761828978 -0.015911659626034885 0.047244485072588355 -0.050063337808263983 -0.0040251201593308177 0.016201148522911865 0.0017122038269156137 0.021043302489799829 0.043192379869273663 0.018207566022655355 -0.0023489630153998562 -0.024516120366017486 0.037856745595621508 0.020210248854783001 -0.06409463334444275 -0.021925342121753268 0.058670738921247419 0.0013472765946820852
leaf_weight=203 67 868 1754 3930 621 5707 1061 329 1360 287 4193 1516 1035 1647 1745 198 607 52 4263 4266 1171 269 1308 113 5574 710 345 3245 677 3666 10054 2489 666 3162 3754 1270 1362 3555 14046 7624 3425 2446 2607 413 305 154 692
leaf_count=203 67 868 1754 3930 621 5707 1061 329 1360 287 4193 1516 1035 1647 1745 198 607 52 4263 4266 1171 269 1308 113 5574 710 345 3245 677 3666 10054 2489 666 3162 3754 1270 1362 3555 14046 7624 3425 2446 2607 413 305 154 692
internal_value=-3.58719e-06 0.002952 0.0059708 0.0214837 0.00373116 -0.0134353 0.0327322 -0.0132536 -0.00946604 -0.0066192 -0.0092685 -0.0160418 -0.0177253 -0.0191163 -0.00904912 0.000119456 -0.0216411 -0.0687649 -0.0182323 -0.014789 0.00659925 -0.0261203 -0.0161929 -0.112805 -0.0165444 -0.0237474 -0.027782 -0.0302383 -0.00654552 0.00581344 0.0093324 -0.00174402 -0.013605 0.0154676 -0.00464512 0.0318655 -0.0115013 0.0193031 0.0232554 -0.00618568 -0.0384912 0.0508925 0.0103109 -0.0315549 -0.0677792 -0.0299449 -0.0355576
internal_weight=110811 90601 72884 9194 63690 9117 7437 20210 17717 16357 15489 11296 16987 16658 8496 5905 9780 659 9121 8529 54573 1757 1577 180 15623 10049 9339 8994 2324 53402 36437 16965 10044 6921 15170 3759 11416 21267 17601 8290 6670 3507 3223 616 592 2591 2437
internal_count=110811 90601 72884 9194 63690 9117 7437 20210 17717 16357 15489 11296 16987 16658 8496 5905 9780 659 9121 8529 54573 1757 1577 180 15623 10049 9339 8994 2324 53402 36437 16965 10044 6921 15170 3759 11416 21267 17601 8290 6670 3507 3223 616 592 2591 2437
is_linear=0
shrinkage=0.0970268


Tree=35
num_leaves=48
num_cat=0
split_feature=0 3 7 4 1 9 3 3 8 1 8 4 9 7 6 1 8 9 9 6 3 6 3 9 1 8 3 7 6 4 1 6 0 7 8 6 1 8 1 0 7 1 9 9 4 3 3
split_gain=423.276 447.069 353.757 362.166 321.525 256.009 233.729 224.732 220.568 208.657 216.714 238.471 195.33 186.503 177.774 173.35 159.921 159.499 153.378 152.214 149.487 144.409 142.467 139.664 211.488 136.408 135.263 152.786 132.146 131.427 126.016 122.172 116.736 167.135 165.095 123.92 149.798 116.026 160.163 122.468 115.462 197.284 114.758 150.294 114.277 141.031 113.594
threshold=-0.93364999999999987 0.0095292185073733524 0.052643329800541559 -0.021358192224854747 0.020789795979194951 0.021739855983089654 -0.030240521553267247 0.12220770458534622 0.022092794498701402 0.036806377161544758 0.082183349371925563 -0.075025603548725089 0.045848820802582659 -0.034021272143954444 0.034612091758803705 -0.068029734234783937 0.023261611600508502 0.10994557259447872 -0.054208726474098239 -0.036859393946041548 0.035007445768948806 -0.025127159098785497 -0.010575273451671998 0.0050111687950766511 -0.081646643084545792 0.10344145402664981 -0.097035994128117739 -0.03594534127811929 0.13409269157169382 0.12907256854163462 -0.14225944842784791 -0.0054171620886451994 -0.97184999999999988 0.0098547505178768514 -0.026954599962492495 0.048219016271894607 0.011464867805649851 -0.028456029678117094 0.062024827971586906 0.17810000000000001 -0.051276124288967641 0.036265088198967954 0.040753127502359605 0.12697600067501177 0.050749467654455462 0.005207122472866651 -0.023728779903941496
decision_type=2 2 2 2 2 2 2 2 2 2 2 2 2 2 2 2 2 2 2 2 2 2 2 2 2 2 2 2 2 2 2 2 2 2 2 2 2 2 2 2 2 2 2 2 2 2 2
left_child=18 2 3 4 28 15 -6 9 13 10 11 19 14 26 20 16 44 29 -1 -3 -13 22 -18 24 -21 40 -7 -28 42 -15 -4 -32 33 -20 -35 36 -34 38 39 -8 41 -17 -2 -44 45 -5 -46
right_child=1 7 30 5 6 8 37 -9 -10 -11 -12 12 -14 17 -16 25 21 -19 32 23 -22 -23 -24 -25 -26 -27 27 -29 -30 -31 31 -33 35 34 -36 -37 -38 -39 -40 -41 -42 -43 43 -45 46 -47 -48
leaf_value=0.016878050699854034 -0.02254899046826268 0.0101114157720799 -0.078602521384590118 -0.038173080042648501 -0.022011682480585135 -0.17930851556894509 -0.073535193391981168 0.045009254108078281 0.0034951331459724868 0.021890936687596275 0.02962618210526724 0.0038007670124646587 -0.015609153401958818 -0.014531585306359651 -0.010218697090489835 -0.033753390213510703 -0.046135920720772987 -0.096163749885434885 -0.076751322714525949 -0.14093777405817789 0.022189069664544925 -0.096911652864112213 0.10166613375580572 -0.10615811480339939 -0.0017830087452215999 0.029630645332066923 -0.038123582545337008 -0.15749030966223221 -0.17656954748162887 0.0689313648963501 0.030283021059310005 0.0024386091190631682 -0.022779736468097073 -0.1055178369695938 0.0038048867274341055 -0.042993657414025457 0.018887121238728835 0.026031047632954985 0.03653500428380551 0.011014580378707462 0.006672722891099615 0.020409882782439246 -0.053727136498951764 0.08501731419862267 -0.0093127541126556742 0.099260027099039888 0.064154041941362899
leaf_weight=866 8243 449 124 875 2814 75 413 1635 4532 8261 2898 9211 4054 4798 4193 1773 259 218 915 129 7595 407 80 360 501 2176 1491 108 56 184 4012 2355 2623 160 686 1478 1176 2636 405 264 21453 984 1928 76 457 76 349
leaf_count=866 8243 449 124 875 2814 75 413 1635 4532 8261 2898 9211 4054 4798 4193 1773 259 218 915 129 7595 407 80 360 501 2176 1491 108 56 184 4012 2355 2623 160 686 1478 1176 2636 405 264 21453 984 1928 76 457 76 349
internal_value=-3.34812e-06 0.00165853 -0.00336681 -0.00580571 -0.0177573 -0.000812044 -0.000915325 0.00979691 -0.0131201 0.00826708 0.00443709 0.00168085 0.00388766 -0.0240754 0.00765233 0.00404725 -0.0203528 -0.0150027 -0.0216405 -0.0367234 0.0121117 -0.0579786 -0.0111469 -0.0579692 -0.0303659 0.0063625 -0.0522418 -0.0462307 -0.0284336 -0.0114417 0.0180966 0.0199863 -0.0263821 -0.0480152 -0.0169019 -0.0191579 -0.00987846 0.0150498 -0.0116941 -0.0405645 0.0042703 -0.0144185 -0.027616 -0.0484441 -0.00436214 -0.0271415 0.0225039
internal_weight=110811 102907 63621 57130 16835 40295 6532 39286 11406 37651 29390 26492 25053 6874 20999 28889 2503 5200 7904 1439 16806 746 339 990 630 26386 1674 1599 10303 4982 6491 6367 7038 1761 846 5277 3799 3718 1082 677 24210 2757 10247 2004 1757 951 806
internal_count=110811 102907 63621 57130 16835 40295 6532 39286 11406 37651 29390 26492 25053 6874 20999 28889 2503 5200 7904 1439 16806 746 339 990 630 26386 1674 1599 10303 4982 6491 6367 7038 1761 846 5277 3799 3718 1082 677 24210 2757 10247 2004 1757 951 806
is_linear=0
shrinkage=0.0970268


Tree=36
num_leaves=48
num_cat=0
split_feature=0 2 3 5 2 2 2 8 8 5 7 4 7 2 3 3 9 5 5 2 0 7 9 8 7 4 5 3 9 9 5 5 5 7 4 8 2 8 4 8 7 5 9 5 7 8 9
split_gain=390.298 465.033 457.433 496.732 526.664 572.994 526.206 435.436 379.828 323.885 318.256 296.611 270.834 261.889 242.658 238.176 220.471 193.842 184.012 229.616 182.296 242.769 204.79 182.041 172.95 218.117 177.971 170.615 164.526 158.711 145.635 144.329 142.242 137.919 137.829 132.575 127.86 126.979 126.821 125.914 123.525 123.52 119.33 118.489 117.758 112.398 139.183
threshold=0.86590000000000011 -0.13936677746106751 0.044624009550640609 0.0024373400549338505 -0.08164353043515693 0.17472039115599697 0.070421574323952615 -0.066568939532590438 -0.12226994627433228 0.17465723710244555 -0.093858034327351139 0.04558573552231001 0.013634829038544802 0.24244760119426953 -0.092612507805162433 -0.069433627047456745 0.10994557259447872 -0.10489883199925575 -0.034042867948546891 -0.018349973554545897 -0.93364999999999987 0.013634829038544802 0.099487548053832406 -0.15018081743147496 0.093339623577784414 0.0078440992463386008 -0.027064709325834397 -0.073118113585582525 -0.0043373252611944987 -0.024332555525317694 -0.055642348335639295 -0.021770828630020295 0.0097592602912810016 -0.060643550149978291 0.042363550911077658 -0.0066055323419411992 -0.028504986156112896 -0.016068606144909497 0.048929881164400509 0.017121266251011406 0.021199700384649803 0.00049154994822640005 -0.052104289102219946 -0.022843405677679948 0.051571024577313856 0.031543377519723005 0.04923997004275861
decision_type=2 2 2 2 2 2 2 2 2 2 2 2 2 2 2 2 2 2 2 2 2 2 2 2 2 2 2 2 2 2 2 2 2 2 2 2 2 2 2 2 2 2 2 2 2 2 2
left_child=1 14 3 6 7 9 10 33 13 11 34 12 -6 17 -1 30 23 38 19 -17 21 28 -22 43 25 42 -27 -9 32 -29 35 -25 36 -5 45 -12 -4 -31 -8 -30 -7 -32 -10 -16 -20 46 -3
right_child=-2 2 20 4 5 40 8 27 24 -11 15 -13 -14 -15 16 18 -18 -19 44 -21 22 -23 -24 31 -26 26 -28 29 39 37 41 -33 -34 -35 -36 -37 -38 -39 -40 -41 -42 -43 -44 -45 -46 -47 -48
leaf_value=-0.11099012426066912 0.016186112306052033 -0.073941169001221968 0.069117032481820342 -0.13804564970406505 -0.035347500296721616 0.012819421079647541 -0.095655973014367582 -0.059062588097996513 -0.010775221188183869 -0.1228251432849671 -0.0288597674174551 0.0037240931708225947 -0.013133362864680675 -0.091794995465696347 0.078461229265634799 0.010877879556470349 -0.10281577750870126 0.071060410638776064 0.00071504420138560087 0.040724603902211914 0.019021704081691921 -0.078422645867264884 -0.047147780778623381 0.022072619742834729 0.03841200863157139 -0.030756369623334102 0.017981804886968648 0.048646734016330351 0.011684043444732449 -0.012597781301003223 -0.040838147469597311 0.057562732820593272 0.088987059903653368 -0.029540323135970856 0.054124565412598302 0.051349680104411224 -0.12999434099760512 0.023876725735684189 0.034931252201767578 -0.11735093043206903 0.064760354407960172 0.11172666458854266 -0.058859121008753172 -0.084081146992680073 0.02684183948579915 -0.02417699226411851 -0.21431948832005399
leaf_weight=116 12444 320 57 119 14682 1410 125 250 587 313 365 3271 7976 148 54 10205 113 771 17394 3184 11753 460 457 2306 330 2278 1021 1612 166 1284 1753 2030 288 1460 95 413 64 2989 158 124 621 51 2840 188 1791 291 84
leaf_count=116 12444 320 57 119 14682 1410 125 250 587 313 365 3271 7976 148 54 10205 113 771 17394 3184 11753 460 457 2306 330 2278 1021 1612 166 1284 1753 2030 288 1460 95 413 64 2989 158 124 621 51 2840 188 1791 291 84
internal_value=-3.3618e-06 -0.00205158 -0.00356388 -0.00633408 -0.0147975 -0.0209286 0.000555938 0.00767279 -0.0215297 -0.0247716 0.00563019 -0.0235856 -0.0275285 0.0288758 0.0273787 0.00699927 0.0308118 0.0458585 0.00924799 0.0179774 0.0130515 -0.0237137 0.0165428 0.0341213 -0.0301188 -0.0334847 -0.0156693 0.0193689 0.0123015 0.0227062 -0.0213634 0.0386942 0.0519275 -0.037758 -0.0552555 0.0137121 -0.0362072 0.0129141 -0.0227721 -0.0435474 0.0287155 -0.036495 -0.050628 -0.0477005 0.0031551 -0.0702436 -0.103343
internal_weight=110811 98367 93560 80191 35987 28273 44204 7714 8258 26242 35946 25929 22658 1202 4807 35156 4691 1054 32574 13389 13369 1159 12210 4578 7056 6726 3299 6135 699 5885 2582 4336 409 1579 790 778 121 4273 283 290 2031 1804 3427 242 19185 695 404
internal_count=110811 98367 93560 80191 35987 28273 44204 7714 8258 26242 35946 25929 22658 1202 4807 35156 4691 1054 32574 13389 13369 1159 12210 4578 7056 6726 3299 6135 699 5885 2582 4336 409 1579 790 778 121 4273 283 290 2031 1804 3427 242 19185 695 404
is_linear=0
shrinkage=0.0970268


Tree=37
num_leaves=48
num_cat=0
split_feature=2 4 0 9 9 2 3 7 0 7 0 3 7 2 3 6 1 0 9 9 1 7 3 9 7 2 0 1 7 3 2 1 6 3 6 4 2 4 9 1 9 4 3 0 6 6 3
split_gain=350.23 368.962 298.44 286.802 277.244 274.651 267.295 357.622 298.921 219.06 203.059 200.202 184.667 171.319 165.149 163.673 160.383 158.104 139.925 139.75 138.123 138.056 143.015 169.813 179.913 203.206 154.598 152.753 139.362 138.188 148.511 137.602 132.7 132.848 132.285 127.071 124.28 136.882 121.366 163.532 149.878 138.178 110.878 110.05 109.615 135.281 105.944
threshold=0.018851818115529401 0.04558573552231001 -0.97184999999999988 0.020773198553197102 -0.048998132705355586 0.14557294659921924 -0.019159792641172044 0.047671211795395907 -0.47649999999999998 -0.037291135030814597 -0.93124999999999991 0.087403027277073414 -0.023169593531404294 -0.15482403420593177 -0.040953029330111239 0.1008234832522394 -0.052536165831333199 -0.47729999999999995 -0.05107552380775169 -0.037226981213606791 -0.14225944842784791 0.085403255109252216 0.13497806032799703 -0.0043373252611944987 -0.081492862151189685 -0.030333181533519996 0.75090000000000012 -0.0019755116716150497 -0.018932777041685146 0.015028098917057453 -0.17782157951577041 -0.033160675033238239 0.06643797787568996 -0.071252759403181584 0.025254230812311856 0.022491598376849702 0.0044119012768936506 -0.076708091414308774 0.050150687741229556 -0.068029734234783937 0.052075151441863261 -0.059785038021376594 -0.0018580145758187998 -0.66004999999999991 -0.044760913323112141 0.034612091758803705 -0.071252759403181584
decision_type=2 2 2 2 2 2 2 2 2 2 2 2 2 2 2 2 2 2 2 2 2 2 2 2 2 2 2 2 2 2 2 2 2 2 2 2 2 2 2 2 2 2 2 2 2 2 2
left_child=2 4 9 -3 11 10 7 8 12 -1 -6 -2 18 46 -14 20 34 -16 -4 -11 -7 22 23 28 35 27 -27 -26 29 31 -31 -8 -5 -34 42 43 37 -20 39 -15 -40 -41 -12 -25 -30 -46 -10
right_child=1 3 6 32 5 15 21 -9 13 19 16 -13 14 38 17 -17 -18 -19 36 -21 -22 -23 -24 24 25 26 -28 -29 44 30 -32 -33 33 -35 -36 -37 -38 -39 40 41 -42 -43 -44 -45 45 -47 -48
leaf_value=-0.12624261451224578 0.00038769875681027972 0.029172673854989981 0.033283050422955381 -0.0038279494487928104 -0.075067732870154294 -0.072872153943076001 -0.028435570591291377 0.025581595276362321 -0.058033371254427368 0.035158874180420151 -0.059159570811058132 0.078066028195224804 -0.031993210155718772 -0.035455631133712924 0.0030056754945198185 -0.069358331768179002 -0.02040061126187075 -0.17369052757269013 0.027502944869439494 -0.038860049243392827 0.0016774213600999172 0.039772207637919763 0.042352622612688622 -0.090755086224296011 -0.0016817768322204372 -0.018583690722555939 0.01714269923371366 0.015232604876594561 -0.0063858049737197378 -0.15386174865202659 0.040521701085836095 0.020607169063226946 -0.23985536542152741 -0.04657181465412058 -0.093975389081311159 0.028652123290263957 0.073710409980264222 -0.069488817262604113 -0.15470213721117032 -0.037813714211362294 -0.020733775457941653 0.0078457927849799949 -0.0022722332914381091 -0.026397142383594679 0.018374256441636976 -0.0030282301287924114 0.07593930539124874
leaf_weight=225 4371 3662 178 2532 859 243 684 3275 64 303 787 336 2841 1037 3095 350 8575 48 149 1150 6024 1247 1063 339 8697 5469 1440 11906 3905 37 3304 2526 37 325 510 281 66 1652 83 666 1380 9784 547 956 9462 3936 405
leaf_count=225 4371 3662 178 2532 859 243 684 3275 64 303 787 336 2841 1037 3095 350 8575 48 149 1150 6024 1247 1063 339 8697 5469 1440 11906 3905 37 3304 2526 37 325 510 281 66 1652 83 666 1380 9784 547 956 9462 3936 405
internal_value=-3.31177e-06 -0.0091315 0.00325625 0.0111327 -0.0150099 -0.0205212 0.00410611 -0.00427918 -0.0088396 -0.0372344 -0.0297284 0.00594102 -0.0236474 2.01209e-05 -0.0150411 -0.00482626 -0.0259866 0.000281467 -0.0488181 -0.0234126 -0.0012164 0.00785835 0.00712097 0.00641307 0.00143643 0.00326326 -0.0111355 0.00809232 0.0124812 0.0245343 0.0383472 0.0101517 -0.0116924 -0.0666069 -0.0519472 -0.0304408 -0.0566563 -0.0614549 -0.00206637 0.00128541 -0.0283825 0.00493354 -0.0358481 -0.0432755 0.00791675 0.0120862 0.0576022
internal_weight=110811 29158 81653 6556 22602 17895 79975 24723 21448 1678 11278 4707 8029 13419 5984 6617 10419 3143 2045 1453 6267 55252 54005 52942 29088 27512 6909 20603 23854 6551 3341 3210 2894 362 1844 1576 1867 1801 12950 11487 1463 10450 1334 1295 17303 13398 469
internal_count=110811 29158 81653 6556 22602 17895 79975 24723 21448 1678 11278 4707 8029 13419 5984 6617 10419 3143 2045 1453 6267 55252 54005 52942 29088 27512 6909 20603 23854 6551 3341 3210 2894 362 1844 1576 1867 1801 12950 11487 1463 10450 1334 1295 17303 13398 469
is_linear=0
shrinkage=0.0970268


Tree=38
num_leaves=48
num_cat=0
split_feature=2 6 2 5 2 3 3 4 1 2 5 0 4 7 3 5 0 2 5 3 1 1 7 5 2 7 6 4 4 6 6 7 4 0 1 1 6 3 6 7 3 7 0 5 1 2 7
split_gain=295.221 339.178 282.546 329.237 243.831 237.369 233.271 230.571 216.618 193.53 305.133 186.228 178.25 176.614 168.279 194.884 166.392 229.937 274.254 263.579 158.362 157.551 153.234 152.73 163.957 140.865 134.009 132.743 126.91 142.296 125.566 203.711 178.033 132.987 124.507 138.824 124.265 114.478 118.052 112.103 126.359 105.857 115.636 104.682 102.23 126.303 99.5566
threshold=-0.15482403420593177 0.0032962987332410005 0.051332671033917511 0.020706746912483105 -0.043764128842901047 0.058027088639763656 0.042904976725482859 0.029294212489012855 -0.069640024415746085 0.17896003900554594 -0.051143327560334538 -0.96654999999999991 0.083956405294052558 -0.10240213885675449 -0.066164460506163439 -0.042745438222860789 0.63705000000000012 -0.05287900296199944 -0.010658947213939849 -0.089219937498871346 -0.069640024415746085 0.10197953666744641 0.067946891411241009 -0.0062612821356127493 0.14210695638873913 0.012330713277000851 0.08529041516287407 -0.0076202116060747494 -0.093073355422520182 0.097911686297019365 0.034612091758803705 -0.039348472633845243 -0.0090601681580128983 -0.9020999999999999 0.077835917033252919 0.049292746453985202 0.011299098060880501 -0.016530634129489796 -0.089855702594301784 0.0090375966546857502 -0.0068068241796669492 0.045190265286720703 0.8226500000000001 0.012416409094268251 0.031567554202066909 -0.084048729646192075 -0.12414715810516293
decision_type=2 2 2 2 2 2 2 2 2 2 2 2 2 2 2 2 2 2 2 2 2 2 2 2 2 2 2 2 2 2 2 2 2 2 2 2 2 2 2 2 2 2 2 2 2 2 2
left_child=26 5 3 14 11 8 7 21 23 27 -11 -5 13 44 15 -3 17 19 -19 -15 -8 22 -6 -2 37 36 -1 34 -12 -30 31 33 -32 -16 35 -4 -13 41 -39 40 -37 42 -25 -17 45 46 -10
right_child=1 2 9 4 6 -7 20 -9 12 10 28 25 -14 16 30 43 -18 18 -20 -21 -22 -23 -24 24 -26 -27 -28 -29 29 -31 32 -33 -34 -35 -36 39 -38 38 -40 -41 -42 -43 -44 -45 -46 -47 -48
leaf_value=0.046165158474101652 -0.0035671598647814902 0.014936183599661529 -0.041058376919882698 -0.061624953256414684 -0.072289339908909608 0.021460884348395444 -0.162746547761836 -0.0025324210455777555 -0.060947439972954862 -0.048442336132515695 -0.058668128151177244 -0.053090467923493929 0.029237017601048163 -0.062513559219175396 -0.11616295665713339 -0.088219222163167299 0.011806127103435251 0.0057422901537850495 -0.016039051739598569 0.012862452989512054 0.028867105664637762 0.099833612124615223 0.028360406328450622 -0.1053008553515421 0.029536863120299919 0.014930615978042645 0.0046460332327465338 -0.01721022296146997 0.027023485905574438 -0.045710404383903065 -0.015410018687687127 0.020694534059975053 0.0099631284206494666 -0.010848859738344407 0.022722263488767908 -0.22265898762071071 -0.0059534151718361799 0.13595044667741918 -0.033468210545936163 -0.03460180932943039 -0.07035743243046863 -0.0071746847489261249 0.05715013405127823 0.033235628917283565 0.0050249832010993405 -0.082291397337497546 0.083032702364660205
leaf_weight=1847 3018 429 3080 522 2180 6349 43 831 89 1013 212 621 2424 453 125 490 14657 9712 12376 11858 625 55 152 593 291 2865 1213 4102 2373 283 4472 7829 6229 1134 255 109 3453 40 917 126 98 167 44 77 364 525 91
leaf_count=1847 3018 429 3080 522 2180 6349 43 831 89 1013 212 621 2424 453 125 490 14657 9712 12376 11858 625 55 152 593 291 2865 1213 4102 2373 283 4472 7829 6229 1134 255 109 3453 40 917 126 98 167 44 77 364 525 91
internal_value=-3.46671e-06 -0.000847567 -0.00742756 -0.00273363 -0.0160261 0.00365599 -0.0357332 -0.0465639 0.00169378 -0.0203715 -0.00267451 -0.0057592 0.00354187 0.00229886 0.00452278 -0.0343821 0.00314936 -0.000539013 -0.00646154 0.0100861 0.0164247 -0.0618858 -0.0657211 -0.017458 -0.0378786 -0.0015518 0.0297127 -0.029209 0.0134925 0.0192641 0.00648205 0.0148685 -0.000639759 -0.0213474 -0.0426215 -0.0475085 -0.0131455 -0.0490284 -0.026321 -0.107013 -0.150887 -0.0760178 -0.0940351 -0.0716967 -0.0367079 -0.0582584 0.0118152
internal_weight=110811 107751 43783 32132 11347 63968 3886 3218 57619 11651 3881 7461 52549 50125 20785 996 49056 34399 22088 12311 668 2387 2332 5070 2052 6939 3060 7770 2868 2656 19789 9088 10701 1259 3668 3413 4074 1761 957 333 207 804 637 567 1069 705 180
internal_count=110811 107751 43783 32132 11347 63968 3886 3218 57619 11651 3881 7461 52549 50125 20785 996 49056 34399 22088 12311 668 2387 2332 5070 2052 6939 3060 7770 2868 2656 19789 9088 10701 1259 3668 3413 4074 1761 957 333 207 804 637 567 1069 705 180
is_linear=0
shrinkage=0.0970268


Tree=39
num_leaves=48
num_cat=0
split_feature=9 5 2 2 5 2 0 1 8 2 8 5 2 5 1 8 8 7 1 0 2 1 6 8 7 8 7 1 1 8 0 9 1 5 2 2 5 6 6 8 7 9 1 5 2 6 5
split_gain=291.172 334.993 520.957 483.536 237.008 332.576 301.059 296.182 257.152 244.712 243.21 237.417 175.536 173.687 217.623 165.473 157.956 162.328 149.862 155.296 148.897 153.76 138.53 137.283 135.231 134.104 132.099 131.521 138.612 129.774 125.93 124.999 120.233 119.239 244.613 170.322 150.419 184.914 131.957 174.443 167.914 147.999 128.09 122.709 118.117 117.638 117.579
threshold=-0.034659106180244745 0.056332968018799556 0.023233723475790755 0.16300214299115282 -0.0048574820301523491 -0.029124226164900648 -1.0000000180025095e-35 -0.027891336391990297 -0.07591813987519723 -0.046656018383281844 0.023877666434334702 -0.045065122558056593 -0.05287900296199944 0.14177564617113228 -0.019749686222752496 -0.052824085630567695 -0.040428486899337791 0.019372093498566206 0.017795254372634003 -0.69999999999999984 -0.075694134660588927 0.011464867805649851 0.052464080104266959 -0.034175651110265742 -0.10240213885675449 -0.021787119744201399 0.05055352400025661 -0.085845825222668787 -0.033951265674093546 -0.035864716425207589 -0.91684999999999983 0.0033454605403274505 -0.17604839349501017 -0.062141196798233996 0.10275012029562196 0.10928211184081101 0.026706145381960752 0.044182154909916303 -0.035152590185157442 -0.10423203134174834 0.089139299089848564 0.099487548053832406 -0.06287865604579819 -0.095873023297945531 0.036597395995265555 0.033752056305719112 -0.046695355500770044
decision_type=2 2 2 2 2 2 2 2 2 2 2 2 2 2 2 2 2 2 2 2 2 2 2 2 2 2 2 2 2 2 2 2 2 2 2 2 2 2 2 2 2 2 2 2 2 2 2
left_child=32 2 4 13 9 7 15 16 -9 10 24 -11 -10 20 -15 -7 17 -6 33 26 21 -3 -8 -23 -2 45 44 -5 -29 -18 31 -17 -1 34 42 -35 -37 -38 39 -36 -41 -40 43 -4 -20 -13 -26
right_child=1 3 18 27 5 6 22 8 12 11 -12 25 -14 14 -16 30 29 -19 19 -21 -22 23 -24 -25 46 -27 -28 28 -30 -31 -32 -33 -34 35 38 36 37 -39 41 40 -42 -43 -44 -45 -46 -47 -48
leaf_value=-0.095493925725936193 -0.076431865471904226 -0.019668414352941015 0.080222702394877402 -0.0539008687014347 -0.011915854100425505 0.026973701795974216 0.0026096894515821815 -0.033367842087971861 0.024430682628171638 0.042685901576272861 0.016317279667447105 0.044683892267689825 0.00095408429559821215 -0.11847390586165697 -0.032168395323194494 -0.14942522716369419 -0.12647042778931278 0.05742930870915143 -0.15741944278603595 0.0017007372322224293 -0.026045681064325317 -0.01634941157916725 -0.094009615405761818 0.042028848713143184 0.005514775727378126 0.0076838756309765815 -0.1252534015346872 0.11466755547614149 0.033300828947476102 -0.022794415699301494 -0.039733878906032812 -0.047527044639029209 0.010384216295365315 -0.032250573608425502 0.11480306297291601 -0.012699127020278027 0.062294278404760907 -0.042450593923966412 -0.066102249306825941 -0.06640455526644784 0.1028922622129506 -0.18305816340229392 0.059077276449977172 -0.088194134958381867 -0.016062534329148604 -0.042398578100132381 -0.014840727228815572
leaf_weight=101 254 2060 56 121 916 305 3551 1100 7899 3253 7333 1627 4834 364 1126 212 117 486 59 6065 7242 604 145 1017 5244 8675 142 258 836 3623 2646 245 22208 3556 78 3040 594 216 1117 383 64 112 291 146 886 160 5444
leaf_count=101 254 2060 56 121 916 305 3551 1100 7899 3253 7333 1627 4834 364 1126 212 117 486 59 6065 7242 604 145 1017 5244 8675 142 258 836 3623 2646 245 22208 3556 78 3040 594 216 1117 383 64 112 291 146 886 160 5444
internal_value=-3.43144e-06 -0.00250064 4.60067e-05 -0.0164925 0.0044 -0.00246504 -0.0203719 0.00423889 0.01163 0.00999679 0.00264449 0.0197925 0.015519 -0.0222112 -0.053286 -0.041171 -0.0156421 0.0121259 -0.0149982 -0.00435149 -0.0179696 -0.00207695 -0.00118856 0.0202723 -0.00651803 0.0126719 -0.0381165 0.0419124 0.0525346 -0.026054 -0.0478748 -0.0949107 0.00990268 -0.022885 -0.0424641 -0.0169413 -0.00279681 0.0343434 -0.0594344 -0.0186736 -0.042071 -0.0768267 0.0178935 -0.0413894 -0.0249635 0.0368737 -0.00485274
internal_weight=110811 88502 74874 13628 58069 26079 7104 18975 13833 31990 18275 13715 12733 12413 1490 3408 5142 1402 16805 7152 10923 3681 3696 1621 10942 10462 1087 1215 1094 3740 3103 457 22309 9653 2247 7406 3850 810 1754 525 447 1229 493 202 945 1787 10688
internal_count=110811 88502 74874 13628 58069 26079 7104 18975 13833 31990 18275 13715 12733 12413 1490 3408 5142 1402 16805 7152 10923 3681 3696 1621 10942 10462 1087 1215 1094 3740 3103 457 22309 9653 2247 7406 3850 810 1754 525 447 1229 493 202 945 1787 10688
is_linear=0
shrinkage=0.0970268


Tree=40
num_leaves=48
num_cat=0
split_feature=0 2 3 7 4 0 8 8 2 0 9 2 1 7 9 3 8 1 0 4 4 2 3 9 3 9 4 7 3 1 8 9 8 4 1 2 1 7 9 3 7 3 3 4 7 7 4
split_gain=250.735 302.441 372.765 255.004 292.657 213.465 203.334 202.001 302.258 229.965 221.394 204.108 190.658 183.202 180.18 182.171 179.542 165.775 145.131 144.731 134.742 134.517 131.671 123.503 115.994 134.187 115.256 112.994 111.923 111.78 111.748 107.233 152.464 134.212 163.898 131.745 105.51 107.097 105.348 104.345 101.218 98.3156 97.772 111.031 98.7873 97.7425 97.5797
threshold=0.86590000000000011 -0.12267930713417503 -0.0029462045024882997 0.0074624207576526507 0.04157052901458911 -0.96374999999999988 -0.081080349147271691 -0.0041888843839510996 0.033502415493766806 -0.58544999999999991 -0.068757667519251678 0.16300214299115282 0.030440858912344954 -0.039348472633845243 0.072813915946014163 0.044624009550640609 0.071710399043973153 -0.11004754385454064 -0.72664999999999991 0.011102350153100751 -0.076708091414308774 -0.11350959996507208 0.069581063249944966 0.040753127502359605 -0.092612507805162433 0.099487548053832406 -0.028850744153839199 -0.067757262390685344 0.076116961735840413 0.095797142332051458 -0.11081206617757354 0.082957297380862258 -0.039540041915860545 0.11429078169592517 -0.052536165831333199 -0.034424228213856496 0.12286408967116695 0.032529171485274407 0.0083995960139113517 -0.040224923145051945 0.11061197337159466 -0.021831231788993644 0.11247527283319292 -0.071648425880399144 0.075295966775113007 -0.00039405811183664994 -0.05065988093355394
decision_type=2 2 2 2 2 2 2 2 2 2 2 2 2 2 2 2 2 2 2 2 2 2 2 2 2 2 2 2 2 2 2 2 2 2 2 2 2 2 2 2 2 2 2 2 2 2 2
left_child=1 6 3 4 7 22 13 10 9 23 27 39 14 30 15 17 18 -7 21 -19 40 -5 46 -9 -8 28 -27 -3 -26 -12 -1 33 -33 34 35 -6 37 -14 -11 -10 -20 -13 43 -17 -44 -31 -4
right_child=-2 2 5 16 31 12 24 8 11 38 29 41 36 -15 -16 42 -18 19 20 -21 -22 -23 -24 -25 25 26 -28 -29 -30 45 -32 32 -34 -35 -36 -37 -38 -39 -40 -41 -42 -43 44 -45 -46 -47 -48
leaf_value=-0.15430466782293689 0.012972514387842617 -0.033932695398746014 -0.087061819750000824 0.058739432358577051 -0.066442120307604463 -0.048190727813904696 -0.062162799111005057 -0.015901630210077136 -0.084595622036500867 0.022124211558436035 -0.038954385837155298 0.02064620416740218 0.019156122734682451 -0.00016053484971684175 -0.027942404000575058 -0.023576191148769413 0.021915270927219597 -0.0069593225223220949 -0.047109116615998543 0.0091626914174005973 0.0036509558910098466 -0.023840831877733185 0.032328760398427331 -0.065875044841636046 0.030684564465338376 -0.15153949351509657 0.0011277798156439976 0.054077634927908076 -0.058841268976284507 0.039265224018562188 -0.026239584840760048 -0.14319138743184959 0.019559401817586686 0.059615458496560678 0.013695791981331935 0.0065282089989915724 0.080796081699480576 -0.0047043861901653909 -0.004376939744454654 -0.039411751095952137 0.070668033881830031 -0.053974414294305592 0.048704420626506817 0.01415078173448352 -0.0932550599603061 -0.11385266748454131 -0.028107989173357717
leaf_weight=127 12444 208 371 194 499 718 143 3001 788 2613 7677 603 8158 1309 1971 817 2747 13801 769 8452 10736 4125 246 551 5933 70 137 402 134 288 130 107 109 441 3234 436 227 2261 3071 1242 75 229 983 7219 48 45 922
leaf_count=127 12444 208 371 194 499 718 143 3001 788 2613 7677 603 8158 1309 1971 817 2747 13801 769 8452 10736 4125 246 551 5933 70 137 402 134 288 130 107 109 441 3234 436 227 2261 3071 1242 75 229 983 7219 48 45 922
internal_value=-3.5069e-06 -0.00164519 -0.00324421 -0.00961502 -0.0159122 0.00285004 0.0164571 -0.0209246 -0.0128356 -0.00429658 -0.0322752 -0.0403841 0.00407482 -0.0148824 0.000527318 0.00227943 -0.000987538 -0.00231691 -0.0049457 -0.000835485 0.000715107 -0.020124 -0.0326729 -0.0236631 0.0241071 0.0260788 -0.0506559 0.0240498 0.0287018 -0.0365668 -0.0897085 0.00560413 -0.0611409 0.00873871 0.00334928 -0.0324178 0.0154061 0.0139773 0.00780505 -0.0569695 -0.0366024 7.97062e-05 0.0139247 0.010313 0.0420512 0.018429 -0.0450534
internal_weight=110811 98367 90384 44190 25544 46194 7983 20718 12098 9236 8620 2862 44655 1566 34009 32038 18646 22971 15899 22253 11580 4319 1539 3552 6417 6274 207 610 6067 8010 257 4826 216 4610 4169 935 10646 10419 5684 2030 844 832 9067 8036 1031 333 1293
internal_count=110811 98367 90384 44190 25544 46194 7983 20718 12098 9236 8620 2862 44655 1566 34009 32038 18646 22971 15899 22253 11580 4319 1539 3552 6417 6274 207 610 6067 8010 257 4826 216 4610 4169 935 10646 10419 5684 2030 844 832 9067 8036 1031 333 1293
is_linear=0
shrinkage=0.0970268


Tree=41
num_leaves=48
num_cat=0
split_feature=6 2 8 3 9 7 2 1 3 2 8 5 6 7 5 2 2 6 5 1 2 5 3 5 8 2 9 2 9 8 5 5 1 8 3 1 8 9 2 9 1 2 8 7 2 5 1
split_gain=235.77 277.216 243.789 281.867 264.978 260.389 215.373 208.156 217.212 205.978 191.318 170.131 167.785 155.048 168.626 244.357 182.12 154.952 149.118 144.662 135.377 130.162 128.996 125.777 141.01 127.429 130.174 125.181 120.826 144.277 120.652 119.669 152.881 127.181 119.318 111.637 108.565 106.547 105.286 101.962 101.882 96.7574 93.9786 110.238 92.7239 120.73 147.022
threshold=0.075766933679636966 -0.15482403420593177 0.044148753684022261 0.05420432895338171 0.031769507147407908 -0.028524572768928697 -0.070567861621548489 0.061075131271739504 -0.10223703431751933 -0.10457222095505159 0.13083336982658827 0.15998967271130632 0.015023399779198601 -0.034021272143954444 0.04584389544947861 0.093235856417146365 0.036597395995265555 0.010732798278587802 0.072173438591567066 0.090411043541748962 -0.012671036047544099 0.0039487504022745002 -0.12964547996240158 0.020063640269672504 0.18320225866052992 0.21980754745819697 -0.023330194865328144 0.11913951407920341 -0.026422488281595647 -0.096041086116257737 -0.12778364816610263 0.044903310782419957 -0.014832961824089648 0.022690904490577004 -0.067745310251869084 -0.044922168986462195 0.050118616662371655 0.027835511542855254 0.17057609265983603 0.030063428752734555 -0.0019755116716150497 -0.074161972429285933 -0.082968728144152445 -0.040896945934992941 0.14210695638873913 -0.014179775463703198 -0.10246340893092402
decision_type=2 2 2 2 2 2 2 2 2 2 2 2 2 2 2 2 2 2 2 2 2 2 2 2 2 2 2 2 2 2 2 2 2 2 2 2 2 2 2 2 2 2 2 2 2 2 2
left_child=1 42 3 4 7 19 30 13 -9 28 12 -7 18 -3 16 -16 -15 -13 20 31 22 34 -8 24 -11 26 -25 -22 -2 -30 -4 33 -33 -6 -14 44 -23 -10 -20 -39 -40 -37 43 -1 45 -5 -47
right_child=9 2 6 35 5 11 10 8 37 23 -12 17 21 14 15 -17 -18 -19 38 -21 27 36 -24 25 -26 -27 -28 -29 29 -31 -32 32 -34 -35 -36 41 -38 39 40 -41 -42 -43 -44 -45 -46 46 -48
leaf_value=-0.10076735085005728 0.035346449643965286 -0.014428833505406696 -0.11020454078061231 0.032227252217507142 -0.041577010068968384 -0.0062146459844480565 0.16209042838750964 -0.11567595180048203 0.02236672127086763 -0.020105966021695638 0.036820905197216855 -0.19255150953655892 -0.093231749340371706 0.0062774886503185068 -0.019921164889158408 0.039602704142715765 -0.014823838051837101 -0.019499442172781191 0.0219752473338913 0.065220386841653766 -0.019816695246172307 0.027323000936512205 0.012013680456229541 -0.0146622205990587 0.072461418294943541 0.026872407527907111 -0.074314838968000757 0.015067778854576027 -0.065407836825975618 0.0016471407271201658 0.025322121403957048 -0.13364645245573192 -0.04490796170733919 0.0055119898432785253 0.0069790624191487542 -0.0098331041067344881 -0.035252244205550599 -0.13011586305602471 0.14177233558142227 0.03231900646827212 0.025551222773807645 0.024701382917910956 0.052674420973914553 0.024512486254394884 -0.053341825901574304 -0.1124873338468665 -0.0030906461948366328
leaf_weight=82 849 8945 62 715 2344 11044 54 113 5136 3836 1496 88 117 24999 6254 724 4551 109 604 127 3079 292 6036 497 161 195 1126 1412 342 2562 6547 261 612 701 2359 877 2426 85 169 63 123 5886 1310 334 330 141 636
leaf_count=82 849 8945 62 715 2344 11044 54 113 5136 3836 1496 88 117 24999 6254 724 4551 109 604 127 3079 292 6036 497 161 195 1126 1412 342 2562 6547 261 612 701 2359 877 2426 85 169 63 123 5886 1310 334 330 141 636
internal_value=-3.52399e-06 0.00137227 0.000703455 -0.00206139 -0.00420797 -0.0154098 0.00904436 -0.000841626 0.0171732 -0.0145617 0.00358725 -0.00781168 0.00060357 -0.00298008 -0.000176111 -0.013742 0.00302719 -0.0970929 0.0071523 -0.0365197 0.00393214 -0.0138646 0.013357 -0.0259981 -0.0163678 -0.0471572 -0.056062 -0.00884635 0.00315652 -0.00625494 0.0240424 -0.0398265 -0.0714999 -0.0307342 0.00222506 0.0144784 -0.0285231 0.0200249 0.0451497 -0.061013 0.0929544 0.0202214 0.0399196 -0.000236393 -0.00683329 0.00345935 -0.0230043
internal_weight=110811 101243 99517 74741 66156 15286 24776 50870 5397 9568 18167 11241 16671 45473 36528 6978 29550 197 11477 4045 10581 5194 6090 5815 3997 1818 1623 4491 3753 2904 6609 3918 873 3045 2476 8585 2718 5284 896 148 292 6763 1726 416 1822 1492 777
internal_count=110811 101243 99517 74741 66156 15286 24776 50870 5397 9568 18167 11241 16671 45473 36528 6978 29550 197 11477 4045 10581 5194 6090 5815 3997 1818 1623 4491 3753 2904 6609 3918 873 3045 2476 8585 2718 5284 896 148 292 6763 1726 416 1822 1492 777
is_linear=0
shrinkage=0.0970268


Tree=42
num_leaves=48
num_cat=0
split_feature=0 9 2 6 4 0 3 3 5 2 2 3 2 3 1 4 5 4 4 6 1 0 5 2 9 3 1 1 1 2 0 6 5 4 9 2 5 0 3 0 4 6 5 4 0 2 6
split_gain=216.013 222.742 201.876 284.069 241.895 221.089 199.131 195.646 193.315 317.242 375.282 207.785 188.138 185.093 209.761 195.572 167.037 160.2 146.924 135.119 135.869 131.081 103.543 129.248 103.234 100.382 94.4471 85.718 211.032 130.354 84.0699 86.987 164.8 130.372 108.848 110.644 150.384 99.9954 97.7453 151.487 115.903 93.8896 83.8873 81.7883 79.8278 75.8107 112.585
threshold=0.92455000000000009 0.07645789768128107 -0.13936677746106751 0.034612091758803705 0.11429078169592517 -0.97464999999999991 0.038032903402884712 -0.097035994128117739 -0.010658947213939849 -0.084854318606988485 0.10928211184081101 -0.030776207317564096 0.17057609265983603 -0.032435441913664896 0.083309252317881111 -0.049754782208191746 -0.017774727675819498 0.12907256854163462 -0.047143201534009041 0.13409269157169382 -0.061510597897883747 0.55785000000000007 -0.033458643210595447 -0.092867031417202942 -0.041598813093547148 0.10525850206223876 -0.050582545528229592 0.017795254372634003 -0.0058901815901666989 -0.06855066784985929 -0.93124999999999991 -0.074179124838454444 -0.016235313855141948 0.0018637105173908502 0.14512608310463124 -0.079382084060432331 0.14989649242999753 -0.5422499999999999 -0.042537425837813093 0.63705000000000012 -0.0062761940846778989 0.08529041516287407 -0.095873023297945531 0.013996783954891852 0.68110000000000015 -0.022623965933733295 0.07926248906008336
decision_type=2 2 2 2 2 2 2 2 2 2 2 2 2 2 2 2 2 2 2 2 2 2 2 2 2 2 2 2 2 2 2 2 2 2 2 2 2 2 2 2 2 2 2 2 2 2 2
left_child=1 2 7 5 13 24 8 -1 12 11 -11 -10 17 21 15 25 -14 -7 -17 44 -21 45 -8 -24 -4 -15 -25 28 -26 -30 -3 32 -32 37 35 -33 41 -34 43 40 -40 42 -37 -36 -9 -5 -47
right_child=-2 30 3 4 -6 6 22 19 9 10 -12 -13 16 14 -16 18 -18 -19 -20 20 -22 -23 23 26 27 -27 -28 -29 29 -31 31 34 33 -35 38 36 -38 -39 39 -41 -42 -43 -44 -45 -46 46 -48
leaf_value=-0.11629641520548488 0.018202525456414223 -0.069220437927522013 0.024894707057651958 -0.02826215669968199 0.066523289650690876 0.0078318918334779018 -0.00075702903534304034 0.03599829824012054 -0.013285820720054129 -0.012661821666335692 0.020259211478965367 0.0287748033921792 -0.031768673719859045 -0.040212526708627856 0.039580448827454137 0.082515608297804452 0.089407405563957765 0.084636167630389586 -0.0071465763735238091 0.111126940470578 -0.033374635921685041 -0.0010680753063593972 -0.022236122299425745 -8.1583467122517772e-05 -0.08330762024480412 0.06401719162065149 0.027286380832297785 -0.12927621391430172 0.17322318575214962 -0.023365883094158334 0.053228697053129784 0.0078074903450864545 -0.20683751791255331 0.037816763364042508 0.089113146153046427 -0.076598586338880614 -0.16530223053545628 -0.047269021439619349 -0.27772964444167714 -0.0038653430996095049 -0.099053954595867744 -0.10414134323371237 -0.015655280776420925 -0.096634493033207272 0.00015159349701875167 -0.042125813897072803 -0.10687655741482906
leaf_weight=97 5813 304 145 1519 370 24300 3381 3205 1539 25929 3728 3923 1669 2284 824 174 114 258 12613 68 584 952 656 1438 369 90 6785 152 55 74 428 1170 50 125 51 230 72 141 57 80 87 131 2779 39 716 889 354
leaf_count=97 5813 304 145 1519 370 24300 3381 3205 1539 25929 3728 3923 1669 2284 824 174 114 258 12613 68 584 952 656 1438 369 90 6785 152 55 74 428 1170 50 125 51 230 72 141 57 80 87 131 2779 39 716 889 354
internal_value=-3.36787e-06 -0.00101146 6.35546e-05 -0.000908711 -0.0111546 0.00185073 0.00239982 0.0197557 0.000147379 -0.00456518 -0.00852298 0.0169218 0.0064307 -0.0126155 -0.00808081 -0.0106728 -0.0239967 0.00864058 -0.00592311 0.0226539 -0.0182282 -0.0321271 0.0136903 0.0191924 -0.0490288 -0.0362466 0.0224995 -0.065539 -0.0459743 0.060669 -0.0195875 -0.0168071 0.0140038 -0.0390945 -0.0216913 -0.0177299 -0.0270348 -0.0894499 -0.0768478 -0.111111 -0.170443 -0.0238398 -0.0203267 0.00844577 0.0294555 -0.0428273 -0.0606037
internal_weight=110811 104998 99254 94584 20069 74515 73720 4670 61460 35119 29657 5462 26341 19699 15985 15161 1783 24558 12787 4573 652 3714 12260 8879 795 2374 8223 650 498 129 5744 5440 744 316 4696 4382 3212 191 314 224 144 3140 3009 90 3921 2762 1243
internal_count=110811 104998 99254 94584 20069 74515 73720 4670 61460 35119 29657 5462 26341 19699 15985 15161 1783 24558 12787 4573 652 3714 12260 8879 795 2374 8223 650 498 129 5744 5440 744 316 4696 4382 3212 191 314 224 144 3140 3009 90 3921 2762 1243
is_linear=0
shrinkage=0.0970268


Tree=43
num_leaves=48
num_cat=0
split_feature=9 2 5 4 0 3 9 5 1 2 2 0 2 1 2 5 6 3 2 6 6 4 6 1 3 4 4 5 2 2 5 5 6 1 2 2 6 0 6 1 5 3 5 4 9 0 5
split_gain=192.479 225.441 334.376 254.283 174.74 166.195 145.922 143.683 242.074 221.823 210.443 178.599 168.177 163.873 143.657 401.783 142.054 149.444 360.585 138.238 128.346 137.036 123.828 122.698 160.517 135.374 121.638 134.902 170.68 146.266 141.704 128.609 243.385 121.311 120.247 119.241 118.911 118.908 129.539 109.684 136.731 109.517 130.999 106.984 103.514 100.729 99.997
threshold=-0.04632313950314474 0.023233723475790755 0.057402110332118554 0.060081271848760505 -0.97464999999999991 -0.069433627047456745 0.082957297380862258 -0.017270520361984749 -0.027891336391990297 -0.036816370909091643 -0.05287900296199944 0.68110000000000015 -0.13201138305391497 -0.096374697003733731 0.14557294659921924 -0.020272787634516298 0.15757194212112088 0.014634885021916151 -0.06595760297835164 0.070900865937373214 0.094949386485631324 0.037202742735225704 -0.096587434381263687 0.022736740153580303 0.084152524140046411 -0.0017369293430576497 -0.031926877183129594 -0.012680296350396199 0.067498221690603308 0.096473599710589761 0.14989649242999753 0.018305065469154554 0.046214547988332508 0.074688595252285966 0.045355472178381158 0.18295945040458778 -0.0011237611883628997 -0.89139999999999986 -0.0154027784306552 -0.015405572447226948 0.17465723710244555 0.087403027277073414 0.033618389727050606 0.022491598376849702 0.07645789768128107 -0.95584999999999987 0.096436362004837364
decision_type=2 2 2 2 2 2 2 2 2 2 2 2 2 2 2 2 2 2 2 2 2 2 2 2 2 2 2 2 2 2 2 2 2 2 2 2 2 2 2 2 2 2 2 2 2 2 2
left_child=41 2 4 14 -2 45 -5 9 12 -7 19 -12 -9 -14 26 22 17 18 39 -10 21 -17 35 24 25 44 34 29 30 -28 -29 43 -33 36 -3 -16 -8 38 -11 40 -4 -1 -43 -30 -19 -6 -20
right_child=1 3 16 6 5 7 33 8 10 37 11 -13 13 -15 15 20 -18 23 46 -21 -22 -23 -24 -25 -26 -27 27 28 31 -31 -32 32 -34 -35 -36 -37 -38 -39 -40 -41 -42 42 -44 -45 -46 -47 -48
leaf_value=0.0083277770005238377 -0.039691272837655327 -0.0015324549528923743 -0.020186445810113727 0.019670874664887251 0.10352005818931247 0.0048713423325945464 -0.0069873182617880437 0.043770767494017662 0.019566099730421147 0.013703560865544384 -0.0085983652209745964 0.015243963981639715 -0.059602026989891595 -0.011788796726549715 0.20705029448657414 0.027399336691505027 -0.19454561438040618 -0.037543565947993761 -0.03446502260366794 -0.017978277701213137 -0.049630361395308978 -0.024945684568080533 -0.034556247356603988 0.029009577147649207 0.050798721073635228 0.0057585331810425175 0.016701407686476471 -0.043407607222415129 -0.015455471215399299 -0.026858299393705935 -0.18901421533947785 0.024891477130121419 -0.061495213687943036 0.070976118116789833 -0.044741416658698241 -0.012999922469348389 -0.10493972674675409 0.0220378704067281 0.13109364071987281 0.0086621995527603052 -0.19741859845103915 0.017689923083533222 0.10786700621319324 -0.085061478295666682 -0.15667451519561307 -0.01896688880872887 -0.071103685753253182
leaf_weight=14633 863 761 1229 3413 64 16919 246 464 10056 159 10195 4166 745 7146 39 3324 41 909 2030 1016 266 548 2930 1099 338 882 1989 1712 608 1142 65 1361 396 87 2992 56 222 7395 200 2599 42 449 229 316 74 3322 1074
leaf_count=14633 863 761 1229 3413 64 16919 246 464 10056 159 10195 4166 745 7146 39 3324 41 909 2030 1016 266 548 2930 1099 338 882 1989 1712 608 1142 65 1361 396 87 2992 56 222 7395 200 2599 42 449 229 316 74 3322 1074
internal_value=-3.38781e-06 -0.00162265 0.000992387 -0.0101206 0.00365556 0.00426082 0.0121655 0.00547144 0.00136063 0.0111004 0.00606804 -0.00168103 -0.0129674 -0.016307 -0.0149001 -0.0041407 -0.0151938 -0.0144694 -0.0225205 0.0161195 0.0155048 0.0199867 -0.0310159 0.0025327 -0.0106745 -0.0218293 -0.0216939 -0.0146244 -0.0254649 0.000809041 -0.0487821 -0.0100013 0.00540603 -0.0339523 -0.0359835 0.0777517 -0.0535239 0.0246899 0.0792041 -0.00275813 -0.0261134 0.0100957 0.0482093 -0.0392978 -0.0465839 -0.0166365 -0.047153
internal_weight=110811 95500 73027 22473 62710 61847 3968 58461 33788 24673 25433 14361 8355 7891 18505 7163 10317 10276 6974 11072 4138 3872 3025 3302 2203 1865 11342 7589 4458 3131 1777 2681 1757 555 3753 95 468 7754 359 3870 1271 15311 678 924 983 3386 3104
internal_count=110811 95500 73027 22473 62710 61847 3968 58461 33788 24673 25433 14361 8355 7891 18505 7163 10317 10276 6974 11072 4138 3872 3025 3302 2203 1865 11342 7589 4458 3131 1777 2681 1757 555 3753 95 468 7754 359 3870 1271 15311 678 924 983 3386 3104
is_linear=0
shrinkage=0.0970268


Tree=44
num_leaves=48
num_cat=0
split_feature=8 9 4 6 1 3 5 4 8 1 4 3 8 0 5 8 0 3 1 3 1 4 4 9 5 9 0 8 5 0 4 6 1 3 3 4 8 4 3 9 1 6 1 1 4 5 5
split_gain=189.482 246.414 205.567 181.186 168.426 182.871 169.116 167.44 162.803 166.896 135.238 153.665 134.086 130.483 138.734 137.772 125.81 124.577 123.653 120.769 115.163 121.249 113.818 112.583 111.754 110.877 108.478 109.297 107.278 105.238 105.038 101.411 98.9001 127.918 98.7748 98.4305 96.7518 138.061 106.386 199.519 93.5525 93.2118 89.3288 85.9233 98.6749 85.7914 84.0762
threshold=-0.018201141239484946 -0.08125201657299598 0.086436990967349567 0.094949386485631324 -0.096374697003733731 0.044624009550640609 0.10233997228199336 -0.063354224844603985 0.13083336982658827 0.04206493927765801 -0.10510920546429559 -0.067745310251869084 0.063745426108376815 -0.89814999999999989 -0.017774727675819498 0.016553662416510202 -0.93604999999999994 0.090825141032628023 0.081595564796800912 -0.044124012578734544 -0.035411352165185296 -0.031315377374797344 -0.03314659041892444 -0.0088896346320862484 0.17465723710244555 0.04923997004275861 -0.76479999999999981 0.056108528009499954 0.059711402461032161 -0.79619999999999991 -0.076708091414308774 -0.019945858869519845 0.0033654519663465503 -0.069433627047456745 -0.067745310251869084 0.04157052901458911 0.11683441370628826 -0.018388492479708345 -0.032435441913664896 0.014368745091709953 -0.10246340893092402 0.14286659993921658 0.070533442334086358 0.10604661995738372 0.0022871527633664007 -0.0087150917034061973 -0.032162915217615946
decision_type=2 2 2 2 2 2 2 2 2 2 2 2 2 2 2 2 2 2 2 2 2 2 2 2 2 2 2 2 2 2 2 2 2 2 2 2 2 2 2 2 2 2 2 2 2 2 2
left_child=1 -1 4 8 -3 6 7 18 9 13 11 -11 42 14 19 17 -4 40 -6 23 35 22 26 -2 -15 45 29 -28 36 -22 -20 -25 33 -8 -18 -5 38 -38 39 -23 -16 -7 -13 -9 -45 -17 -21
right_child=3 2 16 20 5 41 32 43 -10 10 -12 12 -14 24 15 25 34 -19 30 46 21 28 -24 31 -26 -27 27 -29 -30 -31 -32 -33 -34 -35 -36 -37 37 -39 -40 -41 -42 -43 -44 44 -46 -47 -48
leaf_value=0.029777022563717847 0.049206238494810421 -0.040632510160191607 0.1716698330012599 -0.0050153784194013444 -0.039494712554748415 0.0091757751138692254 0.084793874895990967 -0.0072039541670696093 0.025947496378092936 -0.18055042682425651 0.014856390312866053 0.14629887090266949 -0.12621463511230263 0.0027927265036590044 -0.10348371164508115 -0.075818997295809168 -0.038091990144565373 0.14091904032882491 0.075843712425626097 0.0054829865298437553 -0.071339284312382262 -0.011849685187779154 -0.22190718348583788 -0.14864949803180333 -0.073294040901548507 -0.081757228767995987 0.034311768529322183 -0.074502146620329224 -0.073343266538126048 -0.23779130840228613 -0.04950426000506386 -0.015333200873588894 -0.020307165490108279 -0.071540395924142339 0.023922925243760381 0.075758924216698068 0.14761003267613546 0.0066999525179907427 -0.01156853388971041 -0.21019048389990633 0.0032611746554987915 -0.10910377497664099 -0.028910276918090859 0.063657570993927021 -0.0089939080099469375 -0.019845158404664994 0.053696546475069017
leaf_weight=1763 86 1546 50 519 2311 5658 52 20446 3036 69 11675 52 59 47700 81 284 273 59 171 937 272 125 39 107 182 363 192 158 267 41 99 108 1338 826 2086 195 73 606 1169 77 1524 63 57 351 352 2779 535
leaf_count=1763 86 1546 50 519 2311 5658 52 20446 3036 69 11675 52 59 47700 81 284 273 59 171 937 272 125 39 107 182 363 192 158 267 41 99 108 1338 826 2086 195 73 606 1169 77 1524 63 57 351 352 2779 535
internal_value=-3.32728e-06 -0.00562628 -0.00737904 0.0028595 -0.00936435 -0.00783701 -0.0112994 -0.00890473 0.00397513 0.00297407 0.013382 -0.0591085 -0.00885118 0.000709146 -0.0118022 -0.0199442 0.0199855 0.00295545 -0.032234 0.0115665 -0.0179643 -0.0262527 -0.0615717 -0.0443827 0.00250269 -0.0310683 -0.0519922 -0.0148139 -0.0155386 -0.0934607 0.0298432 -0.081884 -0.0369321 -0.0622349 0.0167367 0.0170634 -0.00799201 0.0219445 -0.0228272 -0.0877786 -0.00214577 0.00786378 0.0548313 -0.00605663 0.0272833 -0.0250477 0.0230228
internal_weight=110811 37385 35622 73426 33213 31667 25946 23730 69693 66657 11912 237 168 54745 6863 5090 2409 1664 2581 1773 3733 3019 702 301 47882 3426 663 350 2317 313 270 215 2216 878 2359 714 2050 679 1371 202 1605 5721 109 21149 703 3063 1472
internal_count=110811 37385 35622 73426 33213 31667 25946 23730 69693 66657 11912 237 168 54745 6863 5090 2409 1664 2581 1773 3733 3019 702 301 47882 3426 663 350 2317 313 270 215 2216 878 2359 714 2050 679 1371 202 1605 5721 109 21149 703 3063 1472
is_linear=0
shrinkage=0.0970268


Tree=45
num_leaves=48
num_cat=0
split_feature=0 2 3 7 5 2 2 8 7 6 2 4 5 7 8 7 4 0 6 7 2 8 3 6 6 6 8 8 4 3 0 0 5 5 2 3 7 0 5 3 4 4 8 7 4 2 8
split_gain=157.019 162.779 175.319 209.837 223.09 278.796 379.786 256.456 175.965 162.986 162.578 161.063 158.096 154.025 153.867 160.628 130.32 128.586 130.925 123.632 120.502 96.6241 95.8845 95.0578 144.891 92.6136 91.4797 109.036 91.3346 96.7843 91.1281 113.593 89.1384 90.0189 102.443 87.7994 87.0465 86.5543 84.4884 84.0729 99.825 105.665 79.9327 78.9722 133.807 77.3165 75.906
threshold=0.92455000000000009 -0.15482403420593177 0.0063959367305837008 0.08225069400377126 0.038350382520869607 -0.043764128842901047 0.10928211184081101 -0.11081206617757354 -0.0092421616250388978 0.1008234832522394 -0.12605914524706577 -0.040290173996059442 0.039204377414098303 -0.037291135030814597 0.076787835299662863 0.025511977084653303 0.079879476216717468 -0.93924999999999992 0.11142375113730567 0.0034629529078068506 0.018851818115529401 -0.14289358475273709 -0.0071444223209031488 0.014453910998934101 0.010732798278587802 -0.039770614529429239 0.057856932788901208 0.13083336982658827 -0.031926877183129594 -0.038001164013311946 0.22715000000000005 -0.89139999999999986 0.19726722773292296 -0.11662074239669119 0.15896989621037003 -0.092612507805162433 -0.071174542850818326 0.69105000000000005 -0.068132371908980083 0.13497806032799703 -0.075025603548725089 -0.082945630417784785 -0.068077173305570379 -0.038584355920130743 -0.045630932116400395 0.2897945581049407 0.045631879357648709
decision_type=2 2 2 2 2 2 2 2 2 2 2 2 2 2 2 2 2 2 2 2 2 2 2 2 2 2 2 2 2 2 2 2 2 2 2 2 2 2 2 2 2 2 2 2 2 2 2
left_child=1 22 3 4 9 7 13 8 -6 14 11 -9 -12 25 15 16 -3 18 26 -20 -17 -10 35 24 -8 -7 -4 36 29 -16 31 -11 33 34 42 -1 -28 -15 -33 40 41 -35 -19 44 -24 -5 -42
right_child=-2 2 17 45 5 6 23 10 21 30 12 -13 -14 37 28 20 -18 32 19 -21 -22 -23 43 -25 -26 -27 27 -29 -30 -31 -32 38 -34 39 -36 -37 -38 -39 -40 -41 46 -43 -44 -45 -46 -47 -48
leaf_value=-0.06318508643374339 0.01551857947061137 -0.008967533477645671 0.00018936024077768584 0.022898371888650695 -0.15150699622397037 0.060021844097337337 0.014033778462284542 0.18349423369492598 -0.091598578771193942 -0.00062877607103210365 -0.13430536552904193 0.030767850624504902 -0.0012380776997342358 -0.067981531462153369 -0.0027592003263176598 0.014061956341785975 0.018226840455288201 0.064918090087606406 0.010573758784317972 -0.15118000330756257 -0.012433514229423476 0.0060873186184940151 -0.14487873035957344 -0.019785629015716882 0.17971108436027555 -0.027384667323738763 0.085775156286577947 0.031219241212028105 0.0079981321356933591 0.065078397079050027 -0.0021730482771881985 -0.029072558023013475 -0.081929207999358739 -0.0024979472359384354 -0.071021325840721017 0.045825137386552403 -0.066946318649791864 -0.026825573588052581 -0.10103878346369703 0.032712410741253153 0.0036039469975183056 -0.053438466335293505 -0.016901579906756971 0.017848317222697866 -0.0041349956470490661 0.15850345514640404 0.014031565810554021
leaf_weight=73 5813 27712 1994 2013 162 136 964 73 155 278 85 573 5279 2511 299 6640 1764 131 69 124 2135 246 79 977 52 697 37 164 4534 584 523 244 111 1398 293 1320 579 597 418 1062 26325 528 776 1164 320 40 8760
leaf_count=73 5813 27712 1994 2013 162 136 964 73 155 278 85 573 5279 2511 299 6640 1764 131 69 124 2135 246 79 977 52 697 37 164 4534 584 523 244 111 1398 293 1320 579 597 418 1062 26325 528 776 1164 320 40 8760
internal_value=-3.42392e-06 -0.000862914 -0.00151326 -0.00490092 -0.00598684 -0.0174534 -0.0326992 -0.00368718 -0.0662804 -0.0028088 0.00217905 0.0481483 -0.00335875 -0.0501535 -0.00174116 -0.00390878 -0.00733953 0.00326122 -0.0162153 -0.0934055 0.00761414 -0.0317047 0.0215811 0.00181386 0.0225929 -0.0130802 -0.0108282 -0.0389905 0.0135625 0.0421065 -0.0346603 -0.0527168 0.00472887 0.00497491 -0.0211845 0.0400886 -0.0577061 -0.0600837 -0.0745625 0.00579987 0.00502703 -0.0164763 -0.00504953 0.00507445 -0.0321472 0.0255767 0.00620791
internal_weight=110811 104998 102042 59691 57638 12507 5934 6573 563 45131 6010 646 5364 3941 43668 38251 29476 42351 2967 193 8775 401 2956 1993 1016 833 2774 780 5417 883 1463 940 39384 39273 1200 1393 616 3108 662 38073 37011 1926 907 1563 399 2053 35085
internal_count=110811 104998 102042 59691 57638 12507 5934 6573 563 45131 6010 646 5364 3941 43668 38251 29476 42351 2967 193 8775 401 2956 1993 1016 833 2774 780 5417 883 1463 940 39384 39273 1200 1393 616 3108 662 38073 37011 1926 907 1563 399 2053 35085
is_linear=0
shrinkage=0.0970268


Tree=46
num_leaves=48
num_cat=0
split_feature=1 9 7 3 2 0 2 8 1 3 7 3 1 7 5 2 3 8 5 8 0 8 2 0 5 2 8 5 2 8 8 2 2 5 7 7 8 0 2 2 5 8 3 3 7 2 0
split_gain=167.347 171.459 150.988 142.778 140.039 141.231 126.01 269.682 152.249 185.768 147.157 125.345 148.116 151.357 143.603 130.697 115.746 109.702 107.3 104.184 101.718 100.751 120.235 111.32 100.529 107.191 100.428 99.6656 124.778 147.329 99.1223 228.757 181.799 183.523 167.041 146.02 95.0514 110.126 95.4773 109.887 113.421 89.1634 87.9658 95.4603 87.0577 90.025 94.9195
threshold=0.11572786674830127 0.042200811811707102 -0.028524572768928697 -0.069433627047456745 -0.14805284272873262 -0.83144999999999991 -0.06855066784985929 0.0029348755915981502 -0.055655428992582141 -0.015751809012207945 0.059410508511804856 0.015493467388554 0.033912783975552953 0.034458974150977408 0.0050382235198150006 0.20726072816573907 0.12220770458534622 0.18320225866052992 0.089060067168469773 0.071710399043973153 0.90625000000000011 -0.11460074262759225 0.033502415493766806 -0.74274999999999991 -0.036623734746121746 -0.016764788148213697 -0.068077173305570379 -0.062141196798233996 -0.08164353043515693 0.027387715128839002 -0.019655016499419746 -0.019078718414951696 -0.017527250001704447 -0.15701326116810319 -0.025797763820079346 0.013634829038544802 -0.020384300480516395 -0.38109999999999994 0.020873159494971753 -0.018349973554545897 0.023221657379879853 -0.017499244721326895 0.055485662395232255 -0.050257557827609343 -0.029645303037379746 -0.12432649373478959 -0.93604999999999994
decision_type=2 2 2 2 2 2 2 2 2 2 2 2 2 2 2 2 2 2 2 2 2 2 2 2 2 2 2 2 2 2 2 2 2 2 2 2 2 2 2 2 2 2 2 2 2 2 2
left_child=1 3 17 20 -5 6 7 10 9 -9 26 14 -13 -14 19 -16 30 36 -10 -8 21 23 27 -1 -25 -26 -6 -23 29 -29 32 -32 34 -34 -7 -33 37 42 39 40 -39 -38 43 -3 45 -43 -47
right_child=-2 2 -4 4 5 16 11 8 18 -11 -12 12 13 -15 15 -17 -18 -19 -20 -21 -22 22 -24 24 25 -27 -28 28 -30 -31 31 35 33 -35 -36 -37 41 38 -40 -41 -42 44 -44 -45 -46 46 -48
leaf_value=0.084199317595987339 0.029951229081513434 -0.0218499057069549 -0.0033422156707180279 0.02329975562030126 -0.070822185838565685 -0.028990831164648626 -0.015308169329626786 -0.11052835070407917 0.031873061609859289 0.01668246193567214 0.052017387197294568 -0.0077308021893355752 0.0728298355377969 -0.0600877201944588 -0.040592882787866984 0.097048334689331314 0.04147483309445673 0.12598949740249965 -0.047904478812443099 0.034859401315183093 0.045811136592511181 0.027310892303996862 -0.049226538262831583 -0.044177204277496974 -0.023739594693255175 0.1373019343949505 -0.019106423707608209 -0.082764010764173154 -0.006729499395135223 0.009484198505107717 0.011450995313128091 -0.008655669046198973 -0.12311651306430964 0.011639817788470027 -0.00334160779427768 0.0089425575786090863 0.071572385261740493 0.015699597733614176 -0.068403286119005827 0.12468995681540362 -0.072663146035875439 0.029001685715164566 0.032020885843219452 -0.12769935530060461 -0.1080865309285247 -0.095915254705464192 -0.01753763922286744
leaf_weight=177 1728 110 13272 2866 475 3096 2342 175 3042 281 217 3233 427 99 2918 66 743 46 167 467 250 491 1175 262 80 75 1384 515 1843 238 26077 12593 96 7146 10488 6854 106 368 337 56 217 375 54 300 99 152 3233
leaf_count=177 1728 110 13272 2866 475 3096 2342 175 3042 281 217 3233 427 99 2918 66 743 46 167 467 250 491 1175 262 80 75 1384 515 1843 238 26077 12593 96 7146 10488 6854 106 368 337 56 217 375 54 300 99 152 3233
internal_value=-3.19168e-06 -0.000477902 -0.00892801 0.00127316 0.00221718 0.00148354 -0.00693052 0.00442866 0.0202563 -0.0321738 -0.0235077 -0.0137585 3.71388e-05 0.0477676 -0.0227113 -0.0375323 0.00340159 -0.0225202 0.0277128 -0.00696051 -0.0144857 -0.0175955 -0.022814 0.0198217 -0.00753899 0.0542843 -0.0323384 -0.0127524 -0.0203365 -0.0536059 0.00297484 0.00551142 -0.00256947 0.0098452 -0.00918885 -0.00245273 -0.023795 -0.0451279 -0.0266254 -0.00461637 -0.0170904 -0.0160304 -0.0840478 -0.0993744 -0.0184466 -0.0160722 -0.0210713
internal_weight=110811 109083 18725 90358 85252 82386 15293 5741 3665 456 2076 9552 3759 526 5793 2984 67093 5453 3209 2809 5106 4856 4262 594 417 155 1859 3087 2596 753 66350 45524 20826 7242 13584 19447 5407 1442 978 641 585 3965 464 410 3859 3760 3385
internal_count=110811 109083 18725 90358 85252 82386 15293 5741 3665 456 2076 9552 3759 526 5793 2984 67093 5453 3209 2809 5106 4856 4262 594 417 155 1859 3087 2596 753 66350 45524 20826 7242 13584 19447 5407 1442 978 641 585 3965 464 410 3859 3760 3385
is_linear=0
shrinkage=0.0970268


Tree=47
num_leaves=48
num_cat=0
split_feature=6 2 8 2 1 6 8 2 8 6 8 3 8 6 5 7 1 7 2 2 2 5 3 9 7 5 5 9 8 2 2 2 5 3 2 7 1 2 5 8 5 5 9 3 1 5 9
split_gain=141.674 151.698 142.449 298.662 319.891 204.79 201.197 199.881 229.445 203.304 193.238 188.272 213.184 505.304 176.835 168.262 164.717 159.434 146.667 146.426 219.1 280.316 143.077 157.574 171.133 155.698 131.007 124.811 170.097 129.81 116.692 115.055 113.932 140.26 124.045 113.357 104.187 103.873 162.142 125.504 120.665 99.4653 120.449 96.8278 115.463 95.3364 108.747
threshold=0.094949386485631324 -0.17083181571866912 -0.018201141239484946 -0.053425154210583241 -0.057991675606111494 0.019338599593822253 0.019907789041562002 -0.058464359534638098 -0.14289358475273709 0.016198139235758503 0.13083336982658827 0.00039001009675970007 -0.098806263252529183 -0.012759720328449698 0.04584389544947861 -0.087112539293808286 -0.093672532763851041 0.048639296689698762 0.19691911727626446 0.18295945040458778 0.036597395995265555 -0.045065122558056593 -0.016132703995419547 0.0016315608540918502 0.0046563955978958004 -0.012176368934110999 -0.0038245251556386995 0.033552013067749707 -0.11460074262759225 0.036597395995265555 0.11913951407920341 0.12901585534148372 -0.077163817965381534 -0.085782764465803088 -0.12987122033696444 0.059410508511804856 -0.054546037093781093 0.080261532039906172 -0.0048574820301523491 -0.041447995051943846 0.0081528391622223018 -0.070888068324469033 -0.086724941565127389 -0.0075526514470863485 -0.093672532763851041 -0.014179775463703198 -0.043159587714564143
decision_type=2 2 2 2 2 2 2 2 2 2 2 2 2 2 2 2 2 2 2 2 2 2 2 2 2 2 2 2 2 2 2 2 2 2 2 2 2 2 2 2 2 2 2 2 2 2 2
left_child=1 -1 7 4 5 22 -7 8 -3 17 15 12 13 41 -14 43 -13 32 -16 20 21 -17 25 -24 -25 -4 -21 29 -29 -15 -22 -2 34 -34 -10 36 -11 38 -18 -40 -39 -9 -43 44 -5 -6 -47
right_child=31 2 3 10 45 6 -8 11 9 35 -12 16 14 27 18 19 37 -19 -20 26 30 -23 23 24 -26 -27 -28 28 -30 -31 -32 -33 33 -35 -36 -37 -38 40 39 -41 -42 42 -44 -45 -46 46 -48
leaf_value=0.037956367792161591 -0.0096526353390259147 -0.069877701595262118 0.0049764479964610206 0.048509729586129618 0.0080461607411615853 -0.006299722306887569 -0.10950427343784835 0.023055071835761543 -0.11783912345314856 0.031986841407012995 0.031990286289420529 -0.043725137739001267 -0.0080515077382030242 -0.047481060528440429 -0.048152114299437977 0.026520674598725848 0.037902369685501362 0.014716857866518201 0.096735938481259803 -0.005080447759711614 -0.023933796344790679 -0.002777686197421061 0.04808236666289864 0.010586931383552267 -0.11620057262327005 -0.074565596623071884 0.032734377980451278 -0.14037584941863293 0.02938036092412102 0.021780773162760388 -0.0032914568903955809 -0.051048194712999317 -0.10150532945919032 -0.026632474278701586 0.057877110351799196 0.05408254088178268 -0.0068193549148512743 -0.016186087669778269 0.021094973421493295 -0.012031431704840707 0.026883953425755142 -0.024659336015227618 0.088778720673491157 -0.010506405857576702 -0.080264814742472962 0.046449059181356847 0.017946236296831723
leaf_weight=1024 4926 658 492 74 8896 321 399 540 44 784 1547 504 6694 509 1700 3516 2733 1006 68 1477 6271 24449 701 385 135 437 2071 180 80 509 4380 725 245 5955 254 392 3838 1946 2709 1786 893 99 781 603 552 1422 11101
leaf_count=1024 4926 658 492 74 8896 321 399 540 44 784 1547 504 6694 509 1700 3516 2733 1006 68 1477 6271 24449 701 385 135 437 2071 180 80 509 4380 725 245 5955 254 392 3838 1946 2709 1786 893 99 781 603 552 1422 11101
internal_value=-2.93519e-06 0.000801242 0.000435645 0.00298392 0.0116525 -0.0187632 -0.0635354 -0.00461791 -0.0140468 -0.0111091 -0.00170109 0.0010988 -0.0076902 0.0160558 -0.0152628 -0.00290272 0.0103783 -0.0212164 -0.0425527 -0.00187078 -0.00360419 0.000905967 -0.00375595 0.0180696 -0.0223783 -0.0324468 0.0169911 -0.0281963 -0.0881445 -0.0128464 -0.0154464 -0.0149685 -0.0267815 -0.0295993 0.0317727 0.00401612 -0.000232615 0.0130896 0.0192663 0.0079309 -0.00263331 0.0558857 0.0760008 -0.038286 -0.0650053 0.0157287 0.0211849
internal_weight=110811 105160 104136 69229 24289 2870 720 34907 13176 12518 44940 21731 11160 2698 8462 43393 10571 7504 1768 42164 38616 27965 2150 1221 520 929 3548 1278 260 1018 10651 5651 6498 6200 298 5014 4622 10067 7228 4495 2839 1420 880 1229 626 21419 12523
internal_count=110811 105160 104136 69229 24289 2870 720 34907 13176 12518 44940 21731 11160 2698 8462 43393 10571 7504 1768 42164 38616 27965 2150 1221 520 929 3548 1278 260 1018 10651 5651 6498 6200 298 5014 4622 10067 7228 4495 2839 1420 880 1229 626 21419 12523
is_linear=0
shrinkage=0.0970268


Tree=48
num_leaves=48
num_cat=0
split_feature=4 1 9 5 7 0 6 3 6 3 7 4 4 6 1 3 7 0 0 5 7 9 0 7 9 6 5 7 9 9 6 0 6 5 1 9 4 7 4 5 1 3 9 9 5 0 3
split_gain=139.357 152.233 152.539 138.896 161.778 149.305 144.249 119.92 114.284 110.074 131.257 184.197 117.664 100.137 99.2961 139.308 134.006 122.306 102.47 91.6396 91.4731 113.594 90.302 89.3079 86.1859 112.746 84.9757 84.0505 80.4894 77.2322 74.9851 73.3189 71.6407 70.567 69.8249 69.3544 68.3387 67.8903 144.812 62.0808 58.8068 74.3148 55.4891 144.206 54.4425 52.9445 49.795
threshold=0.11429078169592517 -0.15516119816725618 0.10994557259447872 0.14177564617113228 0.089139299089848564 -0.94494999999999985 -0.073000695689616091 -0.071252759403181584 -0.089855702594301784 0.014634885021916151 -0.007168902564005499 0.035052049108563757 -0.15353276532407442 0.13409269157169382 -0.019749686222752496 0.025393546253592806 0.0030727371430569503 -0.050699999999999988 0.43975000000000003 0.0034012453058115504 0.0098547505178768514 -0.083828253339822092 0.75090000000000012 -0.045756655710785993 0.024645087379780901 0.059598292638332252 -0.098542944152118936 -0.011833342826950298 -0.0043373252611944987 0.095511689039435951 0.0010551424996713002 -0.42139999999999994 0.047166723553374208 -0.054628295528291189 0.040798591150504555 -0.13460964807781728 0.063903328562963421 0.11061197337159466 -0.060994170341630592 -0.0071777288439672992 0.044838501870258306 0.011571371925567802 -0.019026718469520445 0.0054601411081470009 0.17465723710244555 0.92605000000000015 0.11247527283319292
decision_type=2 2 2 2 2 2 2 2 2 2 2 2 2 2 2 2 2 2 2 2 2 2 2 2 2 2 2 2 2 2 2 2 2 2 2 2 2 2 2 2 2 2 2 2 2 2 2
left_child=1 8 3 4 5 6 42 19 -1 10 11 -7 -12 28 17 23 -17 30 -19 33 26 -22 -20 -16 25 -25 -8 34 -11 35 -5 -32 44 -2 -9 -6 -26 45 -39 -15 46 -42 -3 -44 -18 -4 -37
right_child=7 2 37 14 29 9 20 27 -10 13 12 -13 -14 39 15 16 32 18 22 -21 21 -23 -24 24 36 -27 -28 -29 -30 -31 31 -33 -34 -35 -36 40 -38 38 -40 -41 41 -43 43 -45 -46 -47 -48
leaf_value=0.081090814886031107 -0.028798841339129175 -0.177256590340195 -0.041067667219512424 -0.17379782789018319 0.12880782495421275 -0.010301596018381581 0.078119086607717284 0.080293341338768309 -0.053721027925699529 0.011569989397467872 -0.11043485929961259 0.0087532659628225141 0.0029171008549752553 -0.017998574696842708 -0.089997500324553795 0.097507338925523462 0.070200652971840902 0.11043375596131176 -0.13332047837383587 0.04360266857066205 -0.10345781964999007 0.00630330028509264 0.026916736176447093 0.029584738748373741 -0.069136105061827574 -0.067504345716762726 -0.026160319010260457 0.019376212407001447 0.0017713946360622408 0.10914032936134388 -0.04821186840829908 -0.1820784531308656 -0.12700839358302257 -0.16034668931432333 -0.0073000599401736839 0.029572866697085566 0.06802020496355464 0.19448176706468828 -0.024730363545689343 -0.096375450105514432 0.016877553655515163 -0.057639827911774862 0.078358285063463345 -0.1447457595861697 -0.07533353411348799 0.044084576759289111 -0.083479022682804924
leaf_weight=64 94 60 1347 80 55 22254 75 459 730 14952 86 6080 35446 457 181 189 68 59 58 81 92 2243 76 466 312 148 2965 1353 16720 98 261 45 45 65 105 1817 38 38 108 120 368 191 43 73 37 72 37
leaf_count=64 94 60 1347 80 55 22254 75 459 730 14952 86 6080 35446 457 181 189 68 59 58 81 92 2243 76 466 312 148 2965 1353 16720 98 261 45 45 65 105 1817 38 38 108 120 368 191 43 73 37 72 37
internal_value=-2.78245e-06 -0.000487715 -0.000175943 0.000266771 0.000760336 0.000152914 -0.0153185 0.0244157 -0.042806 0.00104661 -0.00128653 -0.00621235 0.00264119 0.0056674 -0.024661 -0.01135 0.0432389 -0.0587289 0.00429309 -0.0401746 -0.012482 0.00195695 -0.0425702 -0.02753 -0.0157576 0.00613711 -0.0235742 0.0325139 0.00639759 0.0248191 -0.0902343 -0.06815 -0.025159 -0.0829139 0.0639764 0.0214492 -0.0541551 -0.0302431 0.0326546 -0.0343728 0.0189764 -0.00859124 -0.101658 -0.0619798 0.0187342 -0.0367288 0.0272934
internal_weight=110811 108654 107860 106295 104232 101666 5551 2157 794 96115 63866 28334 35532 32249 2063 1484 339 579 193 240 5375 2335 134 1145 964 614 3040 1917 31672 2566 386 306 150 159 564 2468 350 1565 146 577 2413 559 176 116 105 1419 1854
internal_count=110811 108654 107860 106295 104232 101666 5551 2157 794 96115 63866 28334 35532 32249 2063 1484 339 579 193 240 5375 2335 134 1145 964 614 3040 1917 31672 2566 386 306 150 159 564 2468 350 1565 146 577 2413 559 176 116 105 1419 1854
is_linear=0
shrinkage=0.0970268


Tree=49
num_leaves=48
num_cat=0
split_feature=1 9 6 4 8 2 1 9 6 3 8 7 3 4 7 2 9 4 1 8 2 4 9 4 3 3 9 4 6 6 7 7 9 6 3 3 7 7 6 8 8 9 4 1 1 2 6
split_gain=136.768 131.328 130.146 180.628 152.734 237.489 129.008 126.729 126.257 114.641 162.655 114.602 182.12 101.64 100.348 98.8552 96.7416 107.912 94.8529 92.376 208.616 337.747 135.769 133.594 120.556 91.0121 90.3343 83.5138 78.7581 76.5804 76.4789 100.134 79.7003 74.6133 74.0716 73.1623 83.688 72.1221 66.1049 64.9973 93.7618 64.8774 64.7381 77.3606 62.6739 68.9888 96.8762
threshold=0.11572786674830127 0.07645789768128107 0.034612091758803705 0.033166434836737306 -0.096041086116257737 -0.10346114762310114 -0.11004754385454064 -0.097984037980277841 0.14286659993921658 -0.034327305991221545 0.12302585330801862 -0.10240213885675449 0.026410649511256701 0.09118465142868247 0.077225608832147755 -0.15482403420593177 -0.022823436917058997 -0.10991302374874019 0.050008317568162056 0.026801450003916354 -0.019854513424471146 -0.03314659041892444 -0.08125201657299598 -0.042579438457429744 0.015028098917057453 -0.0094245490884503486 -0.053154468701694192 0.11429078169592517 0.036269058284658255 -0.034522170389873992 0.0046563955978958004 0.009450156682988901 -0.070470092302136536 0.097911686297019365 0.0071851921200944005 -0.038001164013311946 -0.032760649089473293 -0.052235595152872141 0.064812906823062816 0.063745426108376815 1.0000000180025095e-35 0.036105039451948706 0.016396566681383503 0.047759208922019708 0.05526725206849311 0.10928211184081101 0.059598292638332252
decision_type=2 2 2 2 2 2 2 2 2 2 2 2 2 2 2 2 2 2 2 2 2 2 2 2 2 2 2 2 2 2 2 2 2 2 2 2 2 2 2 2 2 2 2 2 2 2 2
left_child=1 2 6 4 7 16 30 -4 9 10 -7 12 13 39 -11 34 -6 -18 28 22 21 -21 29 -22 -24 -10 -27 44 -9 -17 32 -32 37 -19 42 38 -37 -1 -20 40 -8 -41 43 -13 45 -5 -47
right_child=-2 -3 3 27 5 8 11 18 25 14 -12 15 -14 -15 -16 19 17 33 35 20 23 -23 24 -25 -26 26 -28 -29 -30 -31 31 -33 -34 -35 -36 36 -38 -39 -40 41 -42 -43 -44 -45 -46 46 -48
leaf_value=-0.015851373810810879 0.027076956381329762 -0.014476473780446456 0.092036723641269566 0.0059782298665162015 0.038768043854867595 -0.044471526048351334 -0.03381216435538905 -0.17743538055245361 -0.16760578512916494 -0.010846204487585944 0.051884760427935682 0.11107897187000708 0.033448862111881125 0.083634954082819679 0.048475644830934896 0.0020761092539865657 -0.13166059136757322 0.018028116974231376 -0.14346828459479596 0.045427123855536294 -0.02311224910245372 0.0081870347704380286 -0.0039212072795409766 0.002987640497828081 0.0065506911645300345 -0.18005409285092494 -0.012475521007156626 0.048232742726386731 -0.053270922232535156 0.042823159326434636 -0.14740774438219284 -0.032100969421386953 -0.013048524405097656 -0.014265636285211842 -0.012571404852580979 -0.09950068181586931 0.042234802601314743 0.13294775774821485 0.017485488362246997 -0.028729865959255318 -0.096649277513720919 0.11910655933656282 0.021402546543471311 0.0033164927230353624 0.031641134636968403 0.0089375296632886701 -0.062293634989131486
leaf_weight=54 1728 5927 66 4159 988 1718 554 50 79 9265 182 241 392 56 276 722 54 1845 57 2762 2414 13493 31253 7844 15473 37 160 458 1125 1091 77 858 1298 1060 219 46 252 70 41 102 376 38 317 85 731 360 358
leaf_count=54 1728 5927 66 4159 988 1718 554 50 79 9265 182 241 392 56 276 722 54 1845 57 2762 2414 13493 31253 7844 15473 37 160 458 1125 1091 77 858 1298 1060 219 46 252 70 41 102 376 38 317 85 731 360 358
internal_value=-2.80358e-06 -0.000431965 0.000374952 -0.00599327 -0.0110447 -0.00809624 0.00224009 -0.0392426 -0.0150305 -0.0134635 -0.0352274 0.00292092 -0.0234715 -0.0433007 -0.00912714 0.00344892 0.0124859 0.00370298 -0.0447867 0.00307344 0.00767923 0.0145163 0.000557433 -0.0031542 -0.000453284 -0.0798358 -0.0443113 0.00841224 -0.0586237 0.0266056 -0.0201193 -0.0416684 -0.00593572 0.00624098 0.0361126 -0.0036883 0.0202164 0.0682386 -0.0762487 -0.0499828 -0.0592592 0.0115668 0.0527057 0.0830499 0.00515514 0.00118096 -0.0265816
internal_weight=110811 109083 103156 23367 17301 15664 79789 1637 11717 11441 1900 77432 1518 1126 9541 75914 3947 2959 1571 75052 26513 16255 48539 10258 46726 276 197 6066 1175 1813 2357 935 1422 2905 862 396 298 124 98 1070 930 140 643 326 5608 4877 718
internal_count=110811 109083 103156 23367 17301 15664 79789 1637 11717 11441 1900 77432 1518 1126 9541 75914 3947 2959 1571 75052 26513 16255 48539 10258 46726 276 197 6066 1175 1813 2357 935 1422 2905 862 396 298 124 98 1070 930 140 643 326 5608 4877 718
is_linear=0
shrinkage=0.0970268


Tree=50
num_leaves=48
num_cat=0
split_feature=0 5 0 9 3 1 4 8 6 4 6 6 6 5 0 8 6 8 1 8 5 1 0 0 1 4 6 8 6 8 6 3 5 9 9 9 9 1 6 9 6 8 8 8 8 0 6
split_gain=123.515 112.727 105.688 104.478 121.302 121.952 119.424 118.122 136.072 191.491 103.941 103.209 134.085 114.995 113.352 108.229 98.148 94.4363 107.019 94.0598 85.5219 84.5742 121.732 84.8977 80.1688 104.594 94.0337 75.2038 91.4212 74.5798 74.5204 72.7424 68.5207 63.8336 67.0759 68.3505 118.011 61.9505 65.7756 61.7052 58.8901 56.1072 74.2515 55.5585 69.9498 54.2028 51.9937
threshold=-0.97184999999999988 0.17465723710244555 0.93005000000000015 0.040753127502359605 -0.069433627047456745 0.061075131271739504 0.12907256854163462 0.13083336982658827 0.034612091758803705 0.04157052901458911 0.030566487320726303 -0.0043582996407434986 -0.0027826278201059994 0.091448979704867608 -0.72664999999999991 0.14025027765073383 -0.13359564314905317 -0.12665294288896967 0.019811914054329253 0.016553662416510202 -0.062141196798233996 0.049292746453985202 -0.95304999999999984 -0.8224499999999999 0.024977767250954155 0.031166254513523454 0.029729573826439055 -0.15825860116904453 -0.0064870444723706495 0.013694470897418601 -0.099038535651871581 0.031171157638930701 -0.072404737534692939 0.064538379485212419 0.039349476880075361 0.00040473644572695003 -0.015762694143431247 0.13286656687283852 0.094949386485631324 -0.037226981213606791 0.07926248906008336 0.058850980653093861 -0.042367823070205639 0.017121266251011406 0.042096081610435959 -0.75764999999999982 0.0078371455206049014
decision_type=2 2 2 2 2 2 2 2 2 2 2 2 2 2 2 2 2 2 2 2 2 2 2 2 2 2 2 2 2 2 2 2 2 2 2 2 2 2 2 2 2 2 2 2 2 2 2
left_child=39 2 3 4 11 7 16 8 31 -10 32 17 -13 15 -15 -14 -5 18 45 29 -21 22 -3 -24 25 -9 -26 28 -18 -19 -20 -6 -8 34 35 36 -25 38 -29 41 -12 42 -1 -44 -45 -2 -23
right_child=1 21 -4 6 5 -7 10 24 9 -11 40 12 13 14 -16 -17 27 19 30 20 -22 46 23 33 26 -27 -28 37 -30 -31 -32 -33 -34 -35 -36 -37 -38 -39 -40 -41 -42 -43 43 44 -46 -47 -48
leaf_value=-0.053130015685314058 0.20128087536923436 0.10289406984638584 0.014615545016950249 0.050414592418669142 0.00071668763469927808 0.013365747089147392 0.031875085693983028 0.053537500198622766 -0.013734751081690297 0.01446469079483023 -0.088996799668111873 -0.18222473019607421 -0.040249881749626945 0.17196733550857674 -0.0023443687867953284 0.11877004476124968 0.013329151585355576 -0.020039110906699447 -0.11411376813860195 0.080309153192044097 0.0019617949380968248 -0.044476211420132084 -0.13184328027421344 -0.060380912715155083 -0.039266713790694401 0.0023794789833499808 0.025589119374918045 -0.006943314965985571 -0.13125737339995691 -0.13361614409231928 0.030768684175131539 0.0094136624977800443 0.13468888572648863 -0.14588945295750885 0.086010293696704709 -0.099891924960006068 0.095428434181439953 0.052732574255519582 -0.032477677362219501 -0.032865672689286564 0.061549316438258984 -0.040336362143318656 0.10981851854488146 -0.04679836374520116 0.11090285111195866 0.063915175942847846 0.051126291713952755
leaf_weight=71 47 43 4913 270 42794 8547 121 1019 11368 2831 64 54 1475 49 121 41 69 1586 39 150 1027 85 138 142 366 597 494 16670 101 56 219 11484 124 51 41 130 67 157 1007 1567 39 148 109 70 42 65 143
leaf_count=71 47 43 4913 270 42794 8547 121 1019 11368 2831 64 54 1475 49 121 41 69 1586 39 150 1027 85 138 142 366 597 494 16670 101 56 219 11484 124 51 41 130 67 157 1007 1567 39 148 109 70 42 65 143
internal_value=-2.68147e-06 0.000437236 0.000712861 4.98981e-05 0.00150092 0.00241679 -0.00652817 0.00109768 0.000344684 -0.00811143 0.0497401 -0.0132683 -0.0322732 -0.027421 0.0481432 -0.0359115 -0.00760133 -0.00289297 0.0431618 -0.00894654 0.0119794 -0.0349601 -0.0537451 -0.0656657 0.0219153 0.0346494 -0.00200727 -0.00847304 -0.0726295 -0.0239513 0.00868283 0.002557 0.08409 -0.0443478 -0.0305501 -0.0447632 -0.0102975 -0.00785927 -0.00839918 -0.0238513 -0.0318863 0.00823185 0.0329027 0.060632 0.0124502 0.122176 0.0154284
internal_weight=110811 108804 107964 103051 84429 79500 18622 70953 68477 14199 348 4929 1740 1686 170 1516 18274 3189 370 2819 1177 840 612 569 2476 1616 860 18004 170 1642 258 54278 245 431 380 339 209 17834 17677 2007 103 440 292 221 112 112 228
internal_count=110811 108804 107964 103051 84429 79500 18622 70953 68477 14199 348 4929 1740 1686 170 1516 18274 3189 370 2819 1177 840 612 569 2476 1616 860 18004 170 1642 258 54278 245 431 380 339 209 17834 17677 2007 103 440 292 221 112 112 228
is_linear=0
shrinkage=0.0970268


Tree=51
num_leaves=48
num_cat=0
split_feature=4 1 3 7 3 1 2 2 5 5 2 2 6 4 0 7 3 5 6 2 1 2 4 0 5 3 2 1 2 6 3 3 4 3 1 4 2 5 3 7 7 7 3 3 7 0 7
split_gain=104.605 113.654 118.092 113.493 149.896 154.822 134.356 152.155 118.131 117.36 97.5384 96.7185 138.938 137.498 132.479 212.081 119.407 100.198 91.8806 118.021 105.261 91.8441 90.845 87.7606 87.0396 86.4256 97.105 198.906 121.819 83.5954 81.2052 107.255 79.1511 77.1136 75.9067 97.4929 72.7992 72.3185 70.9976 68.7162 66.4814 76.7502 70.8047 64.6234 64.2687 60.3675 53.5482
threshold=-0.11688891795680724 0.098886786864309809 0.13497806032799703 -0.060643550149978291 0.030527505839832606 0.036265088198967954 -0.077906377262156185 0.067498221690603308 -0.04347436313543699 0.17465723710244555 0.13869818967007372 -0.13936677746106751 0.034612091758803705 -0.0026064745856046998 -0.97464999999999991 0.08225069400377126 -0.092612507805162433 -0.059727494449313641 0.038815968397684204 -0.086653420511179483 0.064238670046360621 -0.17782157951577041 -0.0021966686799221495 0.36190000000000005 -0.15701326116810319 0.076116961735840413 -0.10568841082074489 -0.0089717381877628486 0.20186634959398828 -0.045380547267881745 0.020669041436335005 -0.040224923145051945 -0.059785038021376594 -0.0052157085562949991 0.054380513628015652 -0.013156848115637049 -0.11635500304588028 0.099374248208709659 -0.0036674705231667993 0.040927022839457705 -0.061956365179484295 -0.08436367520802239 -0.15318389442210548 0.076116961735840413 -0.055681929654777189 0.84825000000000006 -0.08436367520802239
decision_type=2 2 2 2 2 2 2 2 2 2 2 2 2 2 2 2 2 2 2 2 2 2 2 2 2 2 2 2 2 2 2 2 2 2 2 2 2 2 2 2 2 2 2 2 2 2 2
left_child=18 2 3 4 5 6 23 8 -8 11 36 16 14 17 15 -13 -5 -14 19 30 40 -6 -15 33 -16 26 27 -11 45 -9 31 -1 -4 -2 -12 -36 46 -23 -25 -34 41 -21 -42 44 -18 -28 -7
right_child=1 -3 32 9 21 10 7 29 -10 25 34 12 13 22 24 -17 43 -19 -20 20 -22 37 -24 38 -26 -27 28 -29 -30 -31 -32 -33 39 -35 35 -37 -38 -39 -40 -41 42 -43 -44 -45 -46 -47 -48
leaf_value=0.0140482862367136 -0.045818717736020594 0.017828397616791964 0.093728159547219025 -0.084892310284418793 -0.13130939786656773 -0.10661074180918208 0.0006382021166235353 0.033772570045034998 -0.059467546794995017 -0.13416722898866207 0.012411549685166466 -0.054308390280123325 0.0026982242108285525 0.10555681215024014 -0.066370159029117512 0.17224371338983099 -0.076715851349744124 -0.022260342061159927 -0.064923285359811039 -0.011879647419852377 -0.13584438931304785 0.0082567247688672112 -0.00062008309039669513 0.070219210497435874 0.0026504835196693543 0.088205782778340722 -0.1006877857778876 0.085281694239206535 0.062632153948209285 -0.022775839701125702 -0.057423884916402705 0.18832182358697222 0.030715780622967894 0.010272006449579721 -0.21306919549949072 -0.042251214475702646 0.025290063446816304 0.07715378046508177 -0.0035125893808381709 -0.039009150068515047 -0.13981851915276558 0.11696081401327145 -0.019288830513000441 -0.074334554695478977 0.020964116442974329 0.0038193195266988987 0.0060667294699919523
leaf_weight=68 466 3403 159 109 42 71 362 311 2045 57 123 639 1972 76 172 41 64 6513 391 111 72 2217 10412 241 70236 47 382 120 58 1172 40 65 889 456 43 116 1284 153 250 156 48 71 895 70 3974 60 89
leaf_count=68 466 3403 159 109 42 71 362 311 2045 57 123 639 1972 76 172 41 64 6513 391 111 72 2217 10412 241 70236 47 382 120 58 1172 40 65 889 456 43 116 1284 153 250 156 48 71 895 70 3974 60 89
internal_value=-2.27574e-06 0.000376512 -0.000185613 -0.000534051 -0.0106798 -0.0178418 -0.0260569 -0.035364 -0.0504256 0.000474148 0.00739343 0.000773174 0.000100566 -0.00727596 0.00206948 -0.0405375 0.0151342 -0.0164588 -0.0234585 -0.0116014 -0.0224382 0.0101871 0.000152616 -0.000424886 0.00248135 -0.0384297 -0.0472839 0.0144099 -0.0691357 -0.0109047 0.0631992 0.0996122 0.0300223 -0.0180755 -0.0447497 -0.0889432 0.0175929 0.0127212 0.0326878 0.0202868 -0.0151242 0.0384847 -0.025493 0.0177989 0.0194059 -0.0864903 -0.0440241
internal_weight=110811 109050 105647 104443 9441 7029 5303 3890 2407 95002 1726 94278 90061 18973 71088 680 4217 8485 1761 1370 1197 2412 10488 1413 70408 724 677 177 500 1483 173 133 1204 922 282 159 1444 2370 491 1045 1125 182 943 4108 4038 442 160
internal_count=110811 109050 105647 104443 9441 7029 5303 3890 2407 95002 1726 94278 90061 18973 71088 680 4217 8485 1761 1370 1197 2412 10488 1413 70408 724 677 177 500 1483 173 133 1204 922 282 159 1444 2370 491 1045 1125 182 943 4108 4038 442 160
is_linear=0
shrinkage=0.0970268


Tree=52
num_leaves=48
num_cat=0
split_feature=9 8 4 7 3 4 5 8 6 8 8 6 4 6 6 9 0 9 7 0 3 0 6 3 5 5 0 8 3 8 3 8 9 5 4 8 4 3 0 4 4 7 0 5 3 5 5
split_gain=96.0961 122.102 111.164 101.853 139.168 118.482 108.136 104.51 104.043 295.269 121.13 101.516 124.045 97.3011 96.722 95.0887 90.4236 82.9272 92.8317 145.499 87.9451 79.5312 78.7266 78.1255 86.919 82.1896 77.7239 74.904 74.7136 112.758 91.721 93.4155 92.7895 84.0951 77.0333 73.9393 73.5971 72.7953 201.037 113.901 77.6156 76.8678 120.121 85.3731 72.0004 98.7837 71.4951
threshold=-0.04632313950314474 -0.018201141239484946 0.081809860011285221 0.035034385344793105 0.015028098917057453 -0.10991302374874019 0.055179646868793709 -0.11081206617757354 -0.010132685783385598 -0.082968728144152445 -0.10152016796101658 0.059598292638332252 -0.029470645471271848 0.058319398525702011 -0.00059917749886634981 -0.029282816069933344 -0.63704999999999989 0.072813915946014163 0.0098547505178768514 0.49445000000000006 0.032476060363837655 -0.93604999999999994 0.0078371455206049014 -0.045005053719187692 0.12380481323308747 0.1288734819880071 -0.93364999999999987 -0.052824085630567695 0.059325650782122909 0.12681663250519523 0.040371801211136753 0.040746244011263609 -0.022823436917058997 0.039204377414098303 -0.11688891795680724 -0.022443628107096495 0.0318047636687337 -0.031893002421384743 0.15220000000000003 0.016396566681383503 -0.020350104226088246 0.025511977084653303 -0.89139999999999986 0.029329672664128403 0.087403027277073414 0.033618389727050606 -0.00099775140616724964
decision_type=2 2 2 2 2 2 2 2 2 2 2 2 2 2 2 2 2 2 2 2 2 2 2 2 2 2 2 2 2 2 2 2 2 2 2 2 2 2 2 2 2 2 2 2 2 2 2
left_child=44 2 3 4 6 -6 8 23 9 16 36 13 28 -3 35 -11 -2 -7 20 -20 -19 -4 -16 24 -8 -25 -12 -24 30 -30 31 34 -33 -34 -13 -5 -10 38 39 40 -14 43 -43 -41 -1 -46 -36
right_child=1 11 21 14 5 17 7 -9 10 15 26 12 37 -15 22 -17 -18 18 19 -21 -22 -23 27 25 -26 -27 -28 -29 29 -31 -32 32 33 -35 46 -37 -38 -39 -40 41 -42 42 -44 -45 45 -47 -48
leaf_value=0.0057000151424391812 0.068338246514375103 0.0025039818215887577 0.12876845796619968 0.019460307017127695 -0.11091062790566143 0.0036349574206297752 -0.061769349974276147 -0.024906287363873503 -0.04567327374520725 -0.075388353458336055 -0.043788019718968792 -0.12789757759045903 0.022060628974868442 0.065687296937219669 -0.050082704489048946 -0.029395131495800315 0.0049131335997579292 -0.091708427171120752 -0.15002609697607935 0.017140153178745288 0.017073269197759925 0.011159573485777391 -0.01646494769646353 -0.070632635166190394 0.1105452516304225 -0.18091176170158704 0.0043504132217420275 0.018073576723082973 -0.0086208770260802273 0.17149132616943763 -0.098525453401732105 0.017950423575586173 -0.091738712648187337 -0.0097498008128491399 0.023862222528825663 -0.034867792576617235 0.014202239001695083 0.0029953615153479633 0.021654191098450074 -0.015050953039748587 -0.12095247724925448 0.17182902345925691 -0.059181054690665903 -0.13264323780933698 0.011536618503999079 0.089840271574543482 -0.046926338438693045
leaf_weight=14633 298 55606 55 2928 90 7395 97 2748 908 485 335 44 41 230 388 3334 729 89 128 79 321 2374 1529 233 38 88 5383 963 220 38 206 139 442 161 480 256 245 5008 529 226 266 43 41 78 449 229 186
leaf_count=14633 298 55606 55 2928 90 7395 97 2748 908 485 335 44 41 230 388 3334 729 89 128 79 321 2374 1529 233 38 88 5383 963 220 38 206 139 442 161 480 256 245 5008 529 226 266 43 41 78 449 229 186
internal_value=-2.21453e-06 -0.00114638 -0.00608974 -0.0077552 -0.0107019 -0.000463412 -0.0162605 -0.0320572 -0.0119392 -0.022826 -0.00425865 0.00128841 -0.00882811 0.0027649 0.00343088 -0.0352461 0.0233462 0.000781835 -0.0333784 -0.086278 -0.00658727 0.0138481 -0.00945086 -0.0750684 -0.0130061 -0.10109 0.00152552 -0.0031135 -0.0304166 0.0181063 -0.0379754 -0.0293527 -0.0534174 -0.069885 -0.00417374 0.0150853 -0.0329418 -0.00218776 -0.0233958 -0.0576913 -0.101819 -0.0226801 0.0592304 -0.0453938 0.00713356 0.038037 0.00406155
internal_weight=110811 95500 31516 29087 23023 8102 14921 3204 11717 4846 6871 63984 8148 55836 6064 3819 1027 8012 617 207 410 2429 2880 456 135 321 5718 2492 1916 258 1658 1452 742 603 710 3184 1153 6232 1224 695 307 388 84 304 15311 678 666
internal_count=110811 95500 31516 29087 23023 8102 14921 3204 11717 4846 6871 63984 8148 55836 6064 3819 1027 8012 617 207 410 2429 2880 456 135 321 5718 2492 1916 258 1658 1452 742 603 710 3184 1153 6232 1224 695 307 388 84 304 15311 678 666
is_linear=0
shrinkage=0.0970268


Tree=53
num_leaves=48
num_cat=0
split_feature=2 1 3 9 7 3 1 8 2 4 2 4 1 5 7 8 5 2 5 9 8 1 2 4 8 4 2 2 2 4 5 8 8 8 9 7 8 5 5 7 1 2 3 8 9 7 9
split_gain=100.31 100.852 98.9731 96.3446 86.0115 96.0672 92.7477 137.064 163.078 111.448 111.5 90.8956 107.352 113.611 84.1931 81.6073 176.336 93.0506 72.5266 67.3932 68.2998 62.2132 61.9101 61.1029 59.2034 61.8092 70.292 54.4569 128.75 133.766 107.4 60.073 109.246 82.7962 69.3962 54.7511 53.3047 129.618 72.0177 123.423 100.909 95.8971 77.3008 113.107 57.2453 52.7222 51.8589
threshold=-0.18757174852965111 -0.15516119816725618 0.024830702605834254 0.10994557259447872 0.089139299089848564 0.11247527283319292 0.04206493927765801 0.10115501634649351 0.27393450363248512 0.088755355054549304 0.014690404804428502 -0.10510920546429559 0.063144735539944014 -0.084540219301190586 -0.019336317272619197 -0.039540041915860545 0.0097592602912810016 0.057502257722822456 0.14177564617113228 0.095511689039435951 -0.12665294288896967 -0.085845825222668787 -0.13936677746106751 -0.11688891795680724 -0.10423203134174834 -0.078546951473830284 -0.097962575394615142 -0.034424228213856496 0.042364295874524206 0.0083144628029031015 -0.064410038390160143 -0.054093450323365641 -0.011379828557408397 -0.034175651110265742 -0.028695206234808795 0.0098547505178768514 0.055228771759032555 -0.03538481254583959 -0.017270520361984749 0.089139299089848564 -0.027891336391990297 0.21332344831681074 -0.057816508389308491 0.0017767987013364002 0.12697600067501177 -0.033364455900177149 -0.13460964807781728
decision_type=2 2 2 2 2 2 2 2 2 2 2 2 2 2 2 2 2 2 2 2 2 2 2 2 2 2 2 2 2 2 2 2 2 2 2 2 2 2 2 2 2 2 2 2 2 2 2
left_child=2 27 -1 4 5 6 7 9 21 10 -3 12 23 -14 -11 16 -13 -17 19 20 -6 -9 -5 -8 -7 -26 -27 30 29 -29 -2 -30 33 -33 -34 -32 38 -38 39 41 -41 44 43 -40 -24 -4 -22
right_child=1 3 45 22 18 24 11 8 -10 14 -12 15 13 -15 -16 17 -18 -19 -20 -21 46 -23 36 -25 25 26 -28 28 31 -31 35 32 34 -35 -36 -37 37 -39 42 40 -42 -43 -44 -45 -46 -47 -48
leaf_value=0.048795097399600314 0.031025757339984403 -0.0017654436851981927 -0.098649405161282039 -0.098716824985024376 -0.06616958530584946 -0.028397995531848515 -0.028509832696376303 -0.031925665454191794 0.14511245297141426 0.038966362599731838 -0.010797806900407469 0.0096600732556922312 0.06071367231006513 -0.12251255793568845 0.0047462351118724433 0.01433114637459602 -0.024607012488964901 -0.0033132670471735411 -0.081011225319959801 0.099378887481730821 0.11299286127383697 0.013298120843060634 0.041085988658501743 0.11706146487148537 0.090657380565360768 -0.093457841710708284 0.025203335664230359 -0.045420171531224185 -0.11551427236639243 0.15007233915103169 -0.069675213496807858 -0.034000150037127232 0.023830407866823739 0.12119585014224778 -0.092608933252248421 -0.17777674239967953 -0.1057803875117546 0.061953439850311064 -0.020651042800146579 0.20276437871482209 0.01080977184115328 -0.088922947825108081 -0.034941936128702243 -0.23698008411557084 -0.036129318729243534 0.010860799648956457 0.01798247165482705
leaf_weight=704 74 56049 69 96 89 203 67 303 86 932 16701 3662 39 167 2473 11117 2302 3766 68 97 55 5074 192 45 132 48 1584 57 83 77 136 61 65 68 183 66 56 187 45 45 60 143 614 46 170 102 2353
leaf_count=704 74 56049 69 96 89 203 67 303 86 932 16701 3662 39 167 2473 11117 2302 3766 68 97 55 5074 192 45 132 48 1584 57 83 77 136 61 65 68 183 66 56 187 45 45 60 143 614 46 170 102 2353
internal_value=-2.23822e-06 -0.000262822 0.0327117 -2.05471e-07 0.000357604 -8.00355e-05 -0.000486648 -0.00197095 0.0128736 -0.00303602 -0.00383915 0.00523673 -0.0462088 -0.0877266 0.0141191 0.00602284 -0.00356568 0.00986581 0.0175795 0.0201802 0.0170838 0.0107457 -0.0232364 0.0301146 0.0211579 0.0268713 0.0216846 -0.0331588 -0.0165692 0.0669639 -0.06875 -0.0409616 -0.0244138 0.0478647 -0.0620647 -0.105336 -0.0185543 0.0231454 -0.026272 -0.00184101 0.0936419 -0.0217732 -0.0473841 -0.130689 0.00479936 -0.0334067 0.0201756
internal_weight=110811 109936 875 109066 107412 104750 102783 81618 5463 76155 72750 21165 318 206 3405 20847 5964 14883 2662 2594 2497 5377 1654 112 1967 1764 1632 870 594 134 276 460 377 129 248 202 1558 243 1315 610 105 505 705 91 362 171 2408
internal_count=110811 109936 875 109066 107412 104750 102783 81618 5463 76155 72750 21165 318 206 3405 20847 5964 14883 2662 2594 2497 5377 1654 112 1967 1764 1632 870 594 134 276 460 377 129 248 202 1558 243 1315 610 105 505 705 91 362 171 2408
is_linear=0
shrinkage=0.0970268


Tree=54
num_leaves=48
num_cat=0
split_feature=1 2 8 5 0 5 3 1 3 8 5 2 2 5 0 4 9 1 4 2 1 3 3 9 4 0 4 3 4 5 4 8 5 8 9 9 3 0 1 3 4 2 1 8 4 5 0
split_gain=86.7885 88.121 138.753 140.755 123 115.815 96.6637 89.0559 87.2309 109.163 88.7344 189.695 179.516 86.3029 84.7971 79.3906 83.2291 78.7362 73.5693 82.1437 74.9033 70.0231 68.7597 88.0161 66.1481 64.9228 64.7517 113.728 81.7262 76.7971 74.6941 62.0507 80.2641 83.7308 60.6502 133.826 60.0193 98.2096 139.429 60.9227 58.3549 57.6602 55.0789 86.116 74.4308 118.372 100.417
threshold=0.11572786674830127 -0.11635500304588028 -0.088985300486329535 -0.057609274129793192 -0.97184999999999988 0.17465723710244555 0.076116961735840413 -0.15516119816725618 -0.0029462045024882997 0.068055665699648507 -0.046695355500770044 0.067498221690603308 0.17057609265983603 -0.15701326116810319 -0.68049999999999988 -0.15353276532407442 -0.072304232977273439 -0.11978308526222209 0.018412923421023252 -0.15482403420593177 0.0057539464899786013 -0.037344258362123996 -0.041784884022097492 0.06924345615733736 -0.034982634674192194 -0.91684999999999983 -0.05065988093355394 0.071457395341224458 0.03643252794496251 0.036791423591399856 -0.063354224844603985 -0.018201141239484946 0.013523990410904402 0.017689323104727202 -0.058611010757857941 -0.062373971337688891 -0.034863905867948644 -0.97784999999999989 -0.022812517313069196 -0.010575273451671998 -0.080503657972338785 -0.066597871914265985 -0.057991675606111494 -0.096041086116257737 0.017916390579034405 -0.055642348335639295 -0.93124999999999991
decision_type=2 2 2 2 2 2 2 2 2 2 2 2 2 2 2 2 2 2 2 2 2 2 2 2 2 2 2 2 2 2 2 2 2 2 2 2 2 2 2 2 2 2 2 2 2 2 2
left_child=1 2 42 -4 26 7 17 -6 9 10 11 -9 -12 24 -8 -15 -17 21 19 20 -19 -5 -7 -24 -10 -2 30 28 36 -30 31 -3 -33 -34 35 -11 37 38 -28 -38 -21 -32 43 -1 45 -44 -47
right_child=25 4 3 6 5 22 14 8 13 34 12 -13 -14 15 -16 16 -18 18 -20 40 -22 -23 23 -25 -26 -27 27 -29 29 -31 41 32 33 -35 -36 -37 39 -39 -40 -41 -42 -43 44 -45 -46 46 -48
leaf_value=0.031864483274147953 -0.078077081545995894 -0.10702945379603478 -0.005366811947504299 -0.15990578398921682 -0.032549393460339172 -0.10162717998064667 -0.18567294142087781 0.016951185423086691 0.013147399418545759 -0.0070841402652610666 -0.0091917714162153066 -0.016614788575665153 0.021915811948346561 -0.095946987777378853 -0.0036735061459493255 0.019350477721153041 0.0020473161717704555 0.10460795290680835 0.013037421035298074 0.076280045515780923 0.037478656823519266 0.0016556352464304684 -0.011372475622743301 -0.14294264902552276 -0.090673337521407396 0.025116253532667474 -0.015956140528322778 0.089828489678592138 -0.038972163606737414 -0.20329814562948162 -0.20929958874157309 0.042802579425352455 0.048663017987332448 -0.10432805879257086 0.010287713086367903 -0.16670285621110706 0.045145296523879962 0.018791530366782893 -0.28027457515533338 -0.019463100879631805 0.022133577191632215 -0.065137282607969915 0.015538560805317061 -0.097388384369167108 0.0042826336699661816 0.055276923674733192 -0.080927004211057571
leaf_weight=346 59 91 2643 40 810 140 38 4359 89 461 30489 2490 1852 76 65 2773 46470 272 2664 205 371 67 464 53 163 1669 38 89 71 43 47 126 47 116 6596 55 183 60 37 547 2169 60 220 56 446 56 530
leaf_count=346 59 91 2643 40 810 140 38 4359 89 461 30489 2490 1852 76 65 2773 46470 272 2664 205 371 67 464 53 163 1669 38 89 71 43 47 126 47 116 6596 55 183 60 37 547 2169 60 220 56 446 56 530
internal_value=-2.13751e-06 -0.000344023 0.00824769 0.0132333 -0.00122925 -0.000796603 0.0215796 -0.000520527 -0.000249688 -0.00327802 -0.00528511 0.00474643 -0.00740986 0.00257875 -0.0713877 0.00286854 0.00302205 0.0232406 0.0247962 0.0351729 0.0659394 -0.0590429 -0.0413833 -0.0249829 -0.0540089 0.0215695 -0.0282988 -0.0149063 -0.0244714 -0.101552 -0.0576117 -0.0373336 -0.015233 -0.060146 0.00778026 -0.0242369 -0.0142579 -0.0735875 -0.147307 -0.00323753 0.0268257 -0.129115 -0.0174672 0.0137536 -0.0275004 -0.0450921 -0.067865
internal_weight=110811 109083 10188 8534 98895 97340 5891 96683 95873 46302 39190 6849 32341 49571 103 49319 49243 5788 5681 3017 643 107 657 517 252 1728 1555 1068 979 114 487 380 289 163 7112 516 865 135 75 730 2374 107 1654 402 1252 806 586
internal_count=110811 109083 10188 8534 98895 97340 5891 96683 95873 46302 39190 6849 32341 49571 103 49319 49243 5788 5681 3017 643 107 657 517 252 1728 1555 1068 979 114 487 380 289 163 7112 516 865 135 75 730 2374 107 1654 402 1252 806 586
is_linear=0
shrinkage=0.0970268


Tree=55
num_leaves=48
num_cat=0
split_feature=0 2 9 0 1 7 4 5 5 8 4 5 2 4 7 9 8 7 4 4 0 2 0 2 1 4 8 7 2 9 2 7 8 5 4 8 2 9 0 9 4 9 4 7 0 0 1
split_gain=81.9027 93.1395 90.4136 88.5416 81.5205 89.8825 81.3842 83.2258 138.642 79.712 74.9271 74.4354 107.44 72.4202 70.2137 81.7957 66.8895 63.7564 61.6534 59.9442 122.88 58.2721 57.9231 133.889 56.2805 64.6858 59.8544 59.4437 56.1055 55.5594 87.118 52.655 105.254 59.4836 54.4453 50.4165 55.1524 51.4203 62.2709 80.4353 80.9417 61.0356 52.9845 49.8272 48.6558 67.4686 50.3867
threshold=0.92455000000000009 -0.18757174852965111 0.07645789768128107 -0.96934999999999993 -0.15516119816725618 0.077225608832147755 -0.05065988093355394 -0.050202261381958144 -0.021770828630020295 -0.098806263252529183 0.11429078169592517 0.017703287300454302 0.016521050577421304 0.03787868221436471 -0.10240213885675449 -0.065400800889376831 0.12681663250519523 0.005044673245424001 -0.12409369541922739 -0.049754782208191746 -0.58634999999999982 0.20726072816573907 -0.70924999999999983 -0.034424228213856496 0.047759208922019708 -0.048811798612725339 0.037396280254615409 -0.030765836143119396 0.20726072816573907 0.031222079533316204 0.064256267873574413 -0.041623356879940496 0.028563002186104306 0.048715391090152209 -0.047908780707242839 0.11096802937252122 0.03941418630084096 0.0054601411081470009 0.93495000000000006 -0.030953139470935996 0.042363550911077658 -0.058611010757857941 -0.0067564994056995989 -0.061956365179484295 -0.93124999999999991 -0.97464999999999991 -0.066770264626139039
decision_type=2 2 2 2 2 2 2 2 2 2 2 2 2 2 2 2 2 2 2 2 2 2 2 2 2 2 2 2 2 2 2 2 2 2 2 2 2 2 2 2 2 2 2 2 2 2 2
left_child=1 24 3 6 18 10 7 -3 -9 19 14 13 -13 -11 16 -16 -6 28 -5 -7 -21 35 23 -20 25 -1 -27 -26 -12 -24 -31 32 43 -34 -33 36 -2 38 41 42 -41 -38 -40 -8 45 -4 -46
right_child=21 2 44 4 5 9 31 8 -10 11 17 12 -14 -15 15 -17 -18 -19 22 20 -22 -23 29 -25 27 26 -28 -29 -30 30 -32 34 33 -35 -36 -37 37 -39 39 40 -42 -43 -44 -45 46 -47 -48
leaf_value=0.12678233772224204 0.011671593445294906 -0.13224998547414824 0.069127743632644345 -0.10636830454263148 -0.023891945355941937 0.057732365296808683 -0.07124471643252428 0.066330903859818727 -0.05344601405798137 0.018257156822323047 0.054398549604121084 0.062311434156386979 3.0789071992416239e-05 -0.026894066786961528 0.010798505126761651 -0.0008582001109991215 0.067797328015762492 0.0031680472614783782 -0.15682830723980759 -0.17556001728906862 -0.013108822118499159 0.048559510220124905 0.017389707858307162 -0.0015340603375661225 -0.080097268830773644 0.018013513832397295 0.10185476189227402 0.022889725510419599 -0.026162354024071011 0.02769993034701896 -0.15936073009030163 0.11298001005544382 -0.16989006290488226 -0.019109741160301962 -0.0027491483594635152 0.047251764582547415 -0.19123211199002085 0.010262723038464993 0.09712411733694272 -0.094521830164923659 0.024051672531586746 -0.04794399312614861 -0.0044158761800224822 0.068346309989283108 0.013490126525060701 -0.068625970636692443 -0.01435098399735686
leaf_weight=84 4039 91 38 91 1659 54 37 109 539 1664 589 730 406 418 6084 82626 78 822 85 59 168 368 342 135 73 401 100 187 94 46 47 39 71 38 1312 301 39 499 69 158 82 99 159 67 704 260 4651
leaf_count=84 4039 91 38 91 1659 54 37 109 539 1664 589 730 406 418 6084 82626 78 822 85 59 168 368 342 135 73 401 100 187 94 46 47 39 71 38 1312 301 39 499 69 158 82 99 159 67 704 260 4651
internal_value=-2.54544e-06 -0.000623315 -0.000883753 -0.000198786 0.000251263 0.000501128 -0.0189981 -0.045525 -0.0332543 0.0157635 -7.96101e-05 0.0200936 0.040069 0.0091842 -0.000437031 -5.85969e-05 -0.019754 0.0213886 -0.0316891 -0.0337489 -0.0556177 0.0112078 -0.0212384 -0.0617598 0.0314514 0.048137 0.0348377 -0.00607268 0.0432884 -0.00068405 -0.0670277 -0.00644922 -0.0512362 -0.117683 0.000618788 0.00867818 0.0064156 -0.0127849 -0.0317723 -0.0148249 -0.0539995 -0.0889608 0.0263946 0.0185093 -0.0128164 -0.0509568 -0.0106883
internal_weight=110811 104998 104153 98500 96197 95451 2303 739 648 3499 91952 3218 1136 2082 90447 88710 1737 1505 746 281 227 5813 655 220 845 585 501 260 683 435 93 1564 213 109 1351 5445 5144 1105 606 468 240 138 228 104 5653 298 5355
internal_count=110811 104998 104153 98500 96197 95451 2303 739 648 3499 91952 3218 1136 2082 90447 88710 1737 1505 746 281 227 5813 655 220 845 585 501 260 683 435 93 1564 213 109 1351 5445 5144 1105 606 468 240 138 228 104 5653 298 5355
is_linear=0
shrinkage=0.0970268


Tree=56
num_leaves=48
num_cat=0
split_feature=6 1 9 6 6 4 4 3 0 5 4 4 9 5 8 3 9 9 9 8 3 8 1 3 8 9 6 9 5 1 3 5 8 3 0 1 8 9 4 0 1 8 1 8 8 9 5
split_gain=88.9799 88.7399 121.602 145.877 91.7206 85.9418 82.9897 81.9605 92.5128 79.2296 90.9098 110.186 96.6316 90.3191 86.7605 86.4496 94.1786 74.8479 74.0029 73.9211 88.3913 69.558 107.304 89.3717 68.3345 142.078 113.417 100.218 86.7317 82.7968 93.5482 94.5336 72.9964 71.1671 64.9374 86.4253 64.1858 69.7252 63.0568 62.9585 99.5282 118.533 87.2739 62.7816 61.4779 61.3976 58.3475
threshold=0.094949386485631324 -0.037683646759146046 0.14512608310463124 -0.068292372760330025 -0.11534681073594064 0.12907256854163462 0.094113792900192617 -0.037344258362123996 0.63705000000000012 -0.078970114533016084 -0.031926877183129594 -0.039579590793435641 0.08555634016996716 0.070765473541924112 0.12302585330801862 0.0036769627243127506 0.038025008673170053 0.045848820802582659 -0.030424801288873097 0.048642167148439754 -0.01019184781131525 0.14025027765073383 -0.064138842112450675 -0.013629671372748899 0.044148753684022261 -0.083828253339822092 0.042413382382144059 -0.093325357103541742 -0.026540078034410445 0.098886786864309809 0.048580650556495859 0.10233997228199336 -0.098806263252529183 0.032476060363837655 -0.62494999999999989 0.014822430836596102 -0.046400681798022488 0.045061002988820854 -0.084912377331672284 -0.86659999999999993 0.0052259029511499506 -0.041447995051943846 0.020312486113742253 -0.093678183613809737 0.060749889871070308 0.013024665101398252 0.038350382520869607
decision_type=2 2 2 2 2 2 2 2 2 2 2 2 2 2 2 2 2 2 2 2 2 2 2 2 2 2 2 2 2 2 2 2 2 2 2 2 2 2 2 2 2 2 2 2 2 2 2
left_child=1 4 5 -4 19 24 9 -5 -9 14 11 -11 13 39 -2 16 18 -7 -15 20 -1 -6 -23 -24 25 26 28 33 38 30 31 -27 -30 44 35 -17 37 -31 -3 40 41 -12 -42 -32 -26 -13 -8
right_child=6 2 3 7 21 17 46 8 -10 10 12 45 -14 15 -16 34 -18 -19 -20 -21 -22 22 23 -25 27 29 -28 -29 32 36 43 -33 -34 -35 -36 -37 -38 -39 -40 -41 42 -43 -44 -45 -46 -47 -48
leaf_value=-0.084022073524391172 -0.0024491516149117067 0.082041092284162329 0.068883798188892231 0.0042939356308981961 -0.0061533140433580854 0.016444365469426837 0.010450413153797087 -0.18505642191359958 -0.037908112138193305 -0.033259715026343027 -0.080217461135220824 -0.073631559362862031 -0.1002707649262357 0.051292923670847375 0.085644587953779688 -0.21417866523245774 0.12029559272205526 0.090948757657094009 -0.08350222380977966 0.067932869246653538 0.038424846792974851 -0.019272615819144807 0.0017715338482842931 0.15971240298453729 -0.13186728666362824 -0.0016013567982808615 0.086149723019086327 0.0078486885930374572 -0.03231448979001398 0.014404561548627105 -0.016400607751822737 -0.019448606248753175 0.04152829968367356 0.019481688008994278 -0.021906666134437088 -0.048889118287061002 0.036068772134483423 -0.048807938529644171 -0.021236365760555709 -0.012619392012892848 -0.11707601464098871 0.080575822529439095 0.0097854243030861109 0.012558755025521022 -0.036747019014155446 -0.1983159022193727 0.10988485042939979
leaf_weight=85 1459 61 64 57 22616 425 176 107 65 688 50 95 117 55 113 69 41 181 124 292 158 136 54 90 88 45632 253 20625 143 804 794 2976 1037 142 64 53 1012 206 591 1818 66 300 220 6231 235 62 81
leaf_count=85 1459 61 64 57 22616 425 176 107 65 688 50 95 117 55 113 69 41 181 124 292 158 136 54 90 88 45632 253 20625 143 804 794 2976 1037 142 64 53 1012 206 591 1818 66 300 220 6231 235 62 81
internal_value=-2.45091e-06 0.000634844 0.00214407 -0.0602048 -0.00462901 0.00236882 -0.0118627 -0.096382 -0.129729 -0.0144316 -0.0219728 -0.0500574 -0.0139922 -0.0104453 0.00389853 -0.0528129 -0.0115496 0.0387599 -0.0420103 0.035066 -0.0044393 -0.00555757 0.0424659 0.100725 0.00209568 0.000419277 0.025299 0.00684374 0.0168727 -0.000480474 -0.00118167 -0.00269439 0.0325635 -0.0376777 -0.101434 -0.14286 0.0188038 0.00148771 -0.0115133 -0.00342421 0.0228367 0.0575107 -0.0195864 0.00928353 -0.0628278 -0.123325 0.0419532
internal_weight=110811 105160 81729 293 23431 81436 5651 229 172 5394 3822 845 2977 2860 1572 406 220 606 179 535 243 22896 280 144 80830 59740 2085 21090 1832 57655 55633 48608 1180 465 186 122 2022 1010 652 2454 636 350 286 7025 323 157 257
internal_count=110811 105160 81729 293 23431 81436 5651 229 172 5394 3822 845 2977 2860 1572 406 220 606 179 535 243 22896 280 144 80830 59740 2085 21090 1832 57655 55633 48608 1180 465 186 122 2022 1010 652 2454 636 350 286 7025 323 157 257
is_linear=0
shrinkage=0.0970268


Tree=57
num_leaves=48
num_cat=0
split_feature=6 2 0 2 4 3 9 6 7 3 9 7 0 4 4 1 3 0 0 2 4 0 3 4 4 1 4 3 0 2 7 1 4 0 0 4 9 1 7 2 6 7 1 7 1 2 6
split_gain=73.481 103.196 88.3022 79.5196 76.8538 76.715 92.1456 105.19 83.535 83.1723 80.7742 76.0233 72.0832 73.7053 97.1028 70.9129 79.7508 139.914 80.36 71.9114 139.897 73.6477 69.4954 88.4021 78.4416 99.5862 95.2452 65.6992 98.4526 77.576 71.2054 65.687 64.6836 146.131 137.442 86.3357 84.7436 78.9306 95.7565 117.131 80.3105 75.2041 102.475 72.357 69.652 66.2512 62.1301
threshold=0.075766933679636966 -0.17083181571866912 0.89800000000000013 -0.10457222095505159 -0.012185090194689998 -0.057816508389308491 -0.072304232977273439 0.042413382382144059 0.026473165639654007 -0.12964547996240158 0.07645789768128107 -0.10240213885675449 -0.93124999999999991 -0.068701752432777943 0.010255899236185102 -0.053503364706735793 -0.050257557827609343 -0.89559999999999984 -0.98494999999999988 -0.05287900296199944 0.04558573552231001 0.69105000000000005 -0.11763871127020718 -0.040290173996059442 0.0027388579702582504 0.05812016165821491 0.027559728137641602 -0.040953029330111239 -0.10264999999999998 0.0027752352565235503 0.041535044316147157 -0.052536165831333199 -0.034379304198200546 0.67085000000000006 0.70990000000000009 -0.045630932116400395 0.063311869135761464 -0.072744005660425687 -0.039348472633845243 -0.0047669855225582992 -0.019446293347743945 -0.10240213885675449 0.069082316464759222 0.014926716464409651 -0.006963023889682199 -0.13671645205053365 0.12080838836048725
decision_type=2 2 2 2 2 2 2 2 2 2 2 2 2 2 2 2 2 2 2 2 2 2 2 2 2 2 2 2 2 2 2 2 2 2 2 2 2 2 2 2 2 2 2 2 2 2 2
left_child=1 4 5 11 -1 8 7 -7 32 -10 15 -2 -12 -14 -15 16 17 -8 -18 21 -21 -17 23 -11 25 -24 -26 28 29 -5 -30 -13 33 35 -35 43 -37 38 40 -40 -34 42 -39 -3 -36 -43 -33
right_child=3 2 -4 27 -6 6 10 -9 9 22 12 31 13 14 -16 19 18 -19 -20 20 -22 -23 24 -25 26 -27 -28 -29 30 -31 -32 46 37 34 44 36 -38 41 39 -41 -42 45 -44 -45 -46 -47 -48
leaf_value=0.071374532688894599 -0.1033017937241732 0.0012922458030398803 0.010117182144612723 -0.029971450985711291 0.011665530647447455 0.0086215572064314034 -0.087813453179670722 0.054580993900854149 0.053748720124020016 -0.15256346282105343 -0.06640768343495923 0.038258224971939092 0.032882343093900146 -0.02973354931675069 0.0022948655564192537 0.008276365464771316 -0.12299270714819105 0.059271376708599936 -0.0078708936246216863 -0.0030862755370178836 0.014045884932247451 -0.005919018846799926 0.026119601663028836 0.014338961142598533 -0.070818768838018062 -0.043800096404371082 0.0011133918443711366 -0.010849959383930611 -0.020872220538125253 -0.11556952514535104 0.11839545381085653 0.010797363407538228 -0.16007409493412569 -0.24986653376976389 -0.13383009476967433 -0.08034464176723205 0.061927333357803947 -0.086220152184019364 -0.040717034140415068 0.071733477531121054 -0.027927163050189573 -0.072617610813608277 0.065442130733264839 -0.060754830756141909 -0.029917012609121798 0.0041529767135063123 -0.016688759744943518
leaf_weight=325 62 1237 8214 190 541 3936 73 532 297 62 228 477 339 1864 1706 20295 57 356 10206 34123 5166 4142 1316 57 252 224 552 4926 451 211 37 1915 95 43 90 299 45 195 414 110 80 109 53 206 187 3217 1299
leaf_count=325 62 1237 8214 190 541 3936 73 532 297 62 228 477 339 1864 1706 20295 57 356 10206 34123 5166 4142 1316 57 252 224 552 4926 451 211 37 1915 95 43 90 299 45 195 414 110 80 109 53 206 187 3217 1299
internal_value=-2.37166e-06 0.000765654 0.000477761 -0.00812981 0.0341079 -0.000381291 0.000547431 0.0141006 -0.00881797 0.00528191 -0.000223389 0.00287839 -0.0134186 -0.0103188 -0.014427 0.0005101 -0.0068017 0.0341603 -0.00851616 0.00173706 -0.000833256 0.00586985 -0.00056684 -0.0727713 0.00310723 0.0159343 -0.0214462 -0.0152358 -0.039511 -0.0751083 -0.0102017 0.00467597 -0.014919 -0.0288319 -0.0891802 -0.0180018 -0.0616541 -0.00805429 -0.0378633 -0.017055 -0.0999274 -0.00221793 -0.0537157 -0.00757413 -0.0638636 0.00162545 -0.000309539
internal_weight=110811 101243 100377 9568 866 92163 83023 4468 9140 2760 78555 3753 4137 3909 3570 74418 10692 429 10263 63726 39289 24437 2463 119 2344 1540 804 5815 889 401 488 3691 6380 2107 320 1787 344 4273 699 524 175 3574 248 1443 277 3326 3214
internal_count=110811 101243 100377 9568 866 92163 83023 4468 9140 2760 78555 3753 4137 3909 3570 74418 10692 429 10263 63726 39289 24437 2463 119 2344 1540 804 5815 889 401 488 3691 6380 2107 320 1787 344 4273 699 524 175 3574 248 1443 277 3326 3214
is_linear=0
shrinkage=0.0970268


Tree=58
num_leaves=48
num_cat=0
split_feature=8 0 7 0 4 7 7 9 1 3 4 7 1 3 4 8 5 4 7 7 3 4 9 1 9 7 7 3 3 5 0 4 1 9 7 5 0 3 7 9 7 3 4 5 4 0 1
split_gain=62.29 67.3208 90.9819 94.6999 72.06 87.5407 79.5445 76.7742 72.407 77.6854 78.7555 72.3831 102.815 64.8001 64.617 82.1439 72.8047 62.3207 61.1214 60.5706 59.5154 55.0687 71.8496 57.6943 86.4839 53.4117 62.3953 68.9666 93.0036 53.8427 60.9733 50.1965 57.0643 55.5652 49.6852 46.3409 45.8314 44.3159 97.9199 43.6563 47.4755 87.8509 42.3712 42.2134 60.4231 45.8471 54.8146
threshold=0.18320225866052992 -0.93364999999999987 0.10332497346923532 -0.86364999999999992 -0.11688891795680724 -0.061956365179484295 -0.09021659751123938 0.10994557259447872 0.11572786674830127 0.13497806032799703 -0.071648425880399144 -0.060643550149978291 0.031567554202066909 -0.15318389442210548 0.071191168383034562 -0.021787119744201399 -0.0071777288439672992 -0.10109648475718803 -0.040896945934992941 -0.093858034327351139 -0.061735943666993691 0.058951670760192802 -0.010607942092972599 -0.13294320776811239 0.045061002988820854 -0.020202799864519744 -0.006334566618732199 0.041971733065572205 0.023717075115344353 -0.03538481254583959 -0.55684999999999996 0.058951670760192802 -0.010022129077029799 0.018385679462737854 0.040927022839457705 0.046811610602709608 -0.89559999999999984 0.10525850206223876 0.014513839786318553 0.078565514943708517 0.059410508511804856 0.05420432895338171 -0.0080955067557432481 -0.095873023297945531 -0.028850744153839199 -0.17699999999999996 0.013825348847855251
decision_type=2 2 2 2 2 2 2 2 2 2 2 2 2 2 2 2 2 2 2 2 2 2 2 2 2 2 2 2 2 2 2 2 2 2 2 2 2 2 2 2 2 2 2 2 2 2 2
left_child=1 14 4 -4 5 6 -3 8 9 11 -11 12 -6 -13 21 16 -16 20 42 -10 -5 23 -23 24 -1 29 -27 28 -28 30 -7 33 -33 -20 -12 -17 -21 39 -39 40 -25 -42 -2 44 -9 -46 -47
right_child=18 2 3 17 7 25 -8 43 19 10 34 13 -14 -15 15 35 -18 -19 31 36 -22 22 -24 37 -26 26 27 -29 -30 -31 -32 32 -34 -35 -36 -37 -38 38 -40 -41 41 -43 -44 -45 45 46 -48
leaf_value=-0.11674933292607607 0.1663936036291109 -0.021811729896934737 0.098399775607906387 0.0096028237916955233 -0.015015438362913618 -0.097569249643039396 0.093156625651340988 -0.17326706347819817 0.12966377029103091 0.12384227223839732 0.028057032070882258 0.046381862868237936 0.0083113231149825901 0.00078428172730556035 0.016448902578091309 0.034373796191973172 0.19504609424959576 0.0089705851284284741 0.011879781754548362 -0.087787669830677581 0.13599582956104275 -0.17562927736831246 -0.017725774391969595 -0.010996794809118016 0.050484520837670958 0.052617241862073005 -0.03249621322385797 0.04647958904724879 -0.17200523706280013 -0.10803891108024347 0.041412118980698825 0.1430540945036507 0.025240776190829376 -0.07810390717748765 -0.03162439149172408 -0.078548057778771496 0.020951154755213808 0.10578182914552826 -0.051176516997751442 -0.052520076891499602 0.023937742249757907 -0.089479676638668335 0.048779425107985427 -0.015351320498512778 0.035765342359462583 -0.14389117041596791 0.00021666303279671862
leaf_weight=104 42 122 146 66 6216 54 105 38 47 72 875 294 2491 86414 39 106 48 1197 450 37 75 43 73 6054 40 93 512 90 49 160 65 52 150 75 154 50 1444 93 62 214 737 70 93 1248 53 52 47
leaf_count=104 42 122 146 66 6216 54 105 38 47 72 875 294 2491 86414 39 106 48 1197 450 37 75 43 73 6054 40 93 512 90 49 160 65 52 150 75 154 50 1444 93 62 214 737 70 93 1248 53 52 47
internal_value=-2.56523e-06 -0.000206386 0.00045391 0.0242999 0.000102417 -0.0230447 0.0314005 0.00039345 0.000720019 0.000388108 0.0260089 9.22585e-05 -0.00834071 0.000939219 -0.00893502 0.0402565 0.115553 0.0161791 0.0259717 0.0216733 0.0771019 -0.0105343 -0.0767591 -0.00948702 -0.0702199 -0.0351428 -0.0215264 -0.0321595 -0.0448171 -0.0713335 -0.0216987 0.0147989 0.0558476 -0.00100944 0.0191069 -0.00187345 0.0182043 -0.00827213 0.0429704 -0.00939854 -0.00804908 0.0140471 0.0858397 -0.0218596 -0.0644327 -0.0367626 -0.0756706
internal_weight=110811 109949 102216 1484 100732 1250 227 99482 98044 96516 1101 95415 8707 86708 7733 243 87 1338 862 1528 141 7490 116 7374 144 1023 744 651 561 279 119 727 202 525 1029 156 1481 7230 155 7075 6861 807 135 1438 190 152 99
internal_count=110811 109949 102216 1484 100732 1250 227 99482 98044 96516 1101 95415 8707 86708 7733 243 87 1338 862 1528 141 7490 116 7374 144 1023 744 651 561 279 119 727 202 525 1029 156 1481 7230 155 7075 6861 807 135 1438 190 152 99
is_linear=0
shrinkage=0.0970268


Tree=59
num_leaves=48
num_cat=0
split_feature=6 2 2 5 6 9 4 2 1 1 1 1 1 6 5 7 9 7 5 5 2 2 2 4 5 7 4 2 9 5 9 7 1 6 3 5 2 9 3 5 4 4 6 3 7 5 2
split_gain=61.8436 126.037 106.946 173.358 104.745 89.2281 102.618 95.3536 85.6664 81.0838 89.7389 79.7475 75.9019 74.6554 74.6152 72.3304 91.353 73.7368 69.6025 67.5335 129.882 74.4631 73.9206 89.8073 67.4003 91.6212 79.5075 78.7563 84.2694 104.303 76.3571 66.5906 75.9666 69.2373 66.4046 134.81 164.581 123.087 122.561 99.3149 81.4204 96.3905 84.7282 146.828 88.8825 71.9221 157.312
threshold=0.0032962987332410005 0.051332671033917511 0.18295945040458778 -0.051143327560334538 0.0038808374162708505 0.059483732108407052 -0.029470645471271848 0.083428549065415622 0.090411043541748962 0.095797142332051458 0.049292746453985202 0.041430604339363908 0.074688595252285966 0.15757194212112088 0.036791423591399856 0.023101352936410451 0.06924345615733736 0.01322285481738465 -0.062141196798233996 -0.0014992295605405998 -0.032733569892181395 -0.079382084060432331 -0.06029507852451569 -0.0035621910404385498 -0.12181406870462509 0.05810655260572601 0.063903328562963421 0.15224762072515693 0.099487548053832406 -0.13463856201376623 0.017002221839542003 0.045190265286720703 -0.13294320776811239 -0.12540519002426134 -0.019159792641172044 0.041940620523972703 0.15896989621037003 0.039349476880075361 -0.051177289529574843 0.070765473541924112 -0.033814909551103042 -0.03314659041892444 -0.0043582996407434986 -0.063115392590249994 0.024530531217677402 0.023221657379879853 0.073757912339646264
decision_type=2 2 2 2 2 2 2 2 2 2 2 2 2 2 2 2 2 2 2 2 2 2 2 2 2 2 2 2 2 2 2 2 2 2 2 2 2 2 2 2 2 2 2 2 2 2 2
left_child=24 4 5 -4 19 6 9 14 -6 10 11 -3 -12 -10 -7 17 -17 18 -9 20 -2 -21 -23 -24 25 27 30 -1 29 -29 -27 33 -33 -26 35 40 37 -37 -39 -38 42 -42 44 -44 -35 -36 -47
right_child=1 2 3 -5 8 7 -8 15 13 -11 12 -13 -14 -15 -16 16 -18 -19 -20 21 -22 22 23 -25 31 26 -28 28 -30 -31 -32 32 -34 34 45 36 39 38 -40 -41 41 -43 43 -45 -46 46 -48
leaf_value=0.019436426883721856 -0.076754758123885186 -0.031117814431556572 -0.032541238070556484 0.015009293159198569 -0.00026054348074866041 -0.16441770187946836 -0.006333424288258011 -0.13636219020711865 0.029953930480028226 0.059117651897413567 -0.11869062200305945 0.069319207217354184 -0.011089262607069078 -0.052999220737132466 -0.028917269980291031 0.15561019550091085 -0.015240413303169343 -0.1644970252422889 -0.020045753110064075 0.025940018774333499 0.12052043489217036 -0.22661119874677782 0.00087320809614033126 -0.16066665871389907 0.023113163414138056 -0.21121818249761529 0.016889750536173809 0.024880534951803347 -0.16597237697466366 -0.1043003415044749 -0.051020559634512366 -0.053945276867621517 0.011053728392983646 -0.024476484542397845 -2.5741778862408452e-06 -0.019356801581013983 -0.02168339367898427 -0.017925811781398779 -0.10707130410945188 0.094585161557719968 0.11038634528020258 0.0030855504292843037 -0.0711574549795847 0.071065263992318869 0.017444012292389319 0.0044188531091428011 0.036704391419830694
leaf_weight=378 78 1911 986 2690 32743 104 4850 57 1356 90 198 77 90 110 61 37 138 49 313 44 52 42 66 63 1300 59 45 153 47 95 54 172 9184 2827 24947 2255 116 254 340 170 79 10498 93 254 572 9028 1686
leaf_count=378 78 1911 986 2690 32743 104 4850 57 1356 90 198 77 90 110 61 37 138 49 313 44 52 42 66 63 1300 59 45 153 47 95 54 172 9184 2827 24947 2255 116 254 340 170 79 10498 93 254 572 9028 1686
internal_value=-2.19519e-06 -0.0027127 -0.0114395 0.00225023 0.00022965 -0.0177506 -0.0144184 -0.0493926 0.000766702 -0.0309837 -0.0345608 -0.0272092 -0.0851621 0.02371 -0.114579 -0.0312018 0.0211147 -0.0530736 -0.0381235 -0.0529323 0.0022181 -0.0862614 -0.115179 -0.0782115 0.00193617 -0.0255103 -0.0919061 -0.00986144 -0.047408 -0.0246593 -0.135216 0.00229411 0.00985545 0.000993894 0.00045221 -0.00445056 -0.0226736 -0.0297204 -0.0690068 0.0474323 -0.000460735 0.00389219 -0.0127529 0.0328816 -0.0174179 0.00285266 0.00950154
internal_weight=110811 46205 11651 3676 34554 7975 7216 759 34209 2366 2276 1988 288 1466 165 594 175 419 370 345 130 215 171 129 64606 831 158 673 295 248 113 63775 9356 54419 53119 17458 3135 2849 594 286 14323 10577 3746 347 3399 35661 10714
internal_count=110811 46205 11651 3676 34554 7975 7216 759 34209 2366 2276 1988 288 1466 165 594 175 419 370 345 130 215 171 129 64606 831 158 673 295 248 113 63775 9356 54419 53119 17458 3135 2849 594 286 14323 10577 3746 347 3399 35661 10714
is_linear=0
shrinkage=0.0970268


Tree=60
num_leaves=48
num_cat=0
split_feature=2 6 3 4 9 5 4 6 9 3 4 2 2 8 2 4 2 1 2 5 2 8 4 8 2 5 6 9 6 4 5 4 6 8 8 3 9 6 1 5 4 5 8 6 3 6 3
split_gain=59.4102 76.3559 74.5845 68.0052 68.4738 92.917 82.9272 70.3341 68.3524 104.009 67.5525 69.5229 67.1161 64.1953 191.919 185.159 153.564 152.879 147.856 158.723 191.946 163.32 133.859 133.369 132.762 171.508 139.983 177.349 132.392 119.754 116.959 112.966 105.858 131.966 114.576 105.048 104.902 102.79 121.978 102.541 124.514 191.051 101.488 134.844 100.163 99.7927 100.619
threshold=-0.18757174852965111 0.094949386485631324 0.024830702605834254 0.03863197915548431 -0.022326254118819847 0.032783043108846159 0.032520273062718708 0.12668831342996836 -0.040061921763724945 0.0059956422325103511 0.028143738365646206 0.2267042923305376 0.13869818967007372 -0.018201141239484946 -0.019078718414951696 -0.080503657972338785 0.18295945040458778 -0.014832961824089648 -0.017527250001704447 -0.058571778259935488 0.067498221690603308 -0.14289358475273709 -0.036885088530505795 -0.14289358475273709 -0.11350959996507208 -0.093127398655208388 -0.070619879363845742 0.0050111687950766511 0.042413382382144059 -0.11688891795680724 -0.0029006298167118497 -0.070203836539899839 0.023242013014339653 0.026801450003916354 0.076787835299662863 -0.0068068241796669492 -0.0072149403448404986 0.035488849536434205 0.013337114917788303 -0.022318607472598145 -0.027245351243788546 0.073910495520861166 -0.13667504780404063 -0.0054171620886451994 -0.054317581960501286 -0.089855702594301784 -0.014897930880033399
decision_type=2 2 2 2 2 2 2 2 2 2 2 2 2 2 2 2 2 2 2 2 2 2 2 2 2 2 2 2 2 2 2 2 2 2 2 2 2 2 2 2 2 2 2 2 2 2 2
left_child=2 13 -1 4 6 -6 7 8 12 -10 11 -7 -3 18 15 28 22 32 23 20 -20 37 -16 -2 26 -26 27 -25 -15 -30 -18 -27 34 36 -17 -28 -34 38 -21 -19 41 -41 43 -22 -32 -23 -47
right_child=1 3 -4 -5 5 10 -8 -9 9 -11 -12 -13 -14 14 16 17 30 39 19 21 42 45 -24 24 25 31 35 -29 29 -31 44 -33 33 -35 -36 -37 -38 -39 -40 40 -42 -43 -44 -45 -46 46 -48
leaf_value=0.03913772813211832 -0.043544340550376079 0.017954980436156367 -0.032216826425318063 0.0084444917287070601 -0.017192669727558688 -0.086186345276033374 -0.10970182159634204 -0.024884726345995201 0.0039399913614136537 0.12035228207450335 0.028235601110720855 0.036390157951718474 -0.087426865304592163 0.05176480237452593 -0.019607110578645365 -0.0024025706185794031 -0.0066697424641533236 0.00064354169781370794 0.039027462433346517 0.1423719335386637 0.036341134423810803 0.071579945001438772 -0.0028718954949247867 0.0060246694000681616 0.042875017646600282 -0.03873534608933972 0.032788096545895117 -0.20338649284885993 -0.16877149890035414 0.0092389181398332323 -0.020236967479950817 -0.0090499112042906373 0.038485781185350058 -0.038981140872031479 0.029286450594068987 -0.002092293123400802 -0.019079079736111434 -0.023767832052306034 0.044163803494149528 0.039048337642715154 0.0097351990272273141 -0.037230359110840563 -0.034343014283645105 -0.051850421760471534 0.036064207705713669 -0.0071451025073794019 0.014468433009237633
leaf_weight=704 941 364 171 1218 2289 440 59 396 144 145 69 48 67 1255 6028 9928 1582 8610 558 175 499 227 17750 95 568 1305 1655 63 47 142 350 16030 488 1551 1204 1596 764 119 374 2868 14616 346 2060 242 1966 3219 5476
leaf_count=704 941 364 171 1218 2289 440 59 396 144 145 69 48 67 1255 6028 9928 1582 8610 558 175 499 227 17750 95 568 1305 1655 63 47 142 350 16030 488 1551 1204 1596 764 119 374 2868 14616 346 2060 242 1966 3219 5476
internal_value=-2.47302e-06 -0.000203034 0.0251737 -0.0116336 -0.0177181 -0.0258528 0.0019798 0.00793128 0.0259969 0.062469 -0.0613858 -0.0740899 0.00148282 0.000368906 0.00207893 0.006227 -0.00418855 0.00500554 -0.00300671 0.00523612 -0.0129124 0.0115941 -0.00711513 -0.00780362 -0.00622428 -0.00956626 0.0113231 -0.0777332 0.0403618 -0.0352546 0.0136602 -0.0112861 -0.00321798 -0.0200695 0.00102495 0.0156635 0.00335634 0.0578561 0.0755701 0.00934001 0.0135389 0.03083 -0.0232672 0.00751358 0.0275497 0.0081268 0.00646581
internal_weight=110811 109936 875 5239 4021 2846 1175 1116 720 289 557 488 431 104697 69495 41819 27676 40375 35202 12949 3359 9590 23778 22253 21312 17903 3409 158 1444 189 3898 17335 13935 2803 11132 3251 1252 668 549 26440 17830 3214 2801 741 2316 8922 8695
internal_count=110811 109936 875 5239 4021 2846 1175 1116 720 289 557 488 431 104697 69495 41819 27676 40375 35202 12949 3359 9590 23778 22253 21312 17903 3409 158 1444 189 3898 17335 13935 2803 11132 3251 1252 668 549 26440 17830 3214 2801 741 2316 8922 8695
is_linear=0
shrinkage=0.0970268


Tree=61
num_leaves=48
num_cat=0
split_feature=0 2 8 6 5 1 0 1 8 6 1 3 6 8 9 9 8 9 8 5 3 1 8 0 5 2 6 9 5 2 5 8 3 2 9 6 5 8 1 6 3 2 2 2 9 3 9
split_gain=51.6478 85.4406 148.985 253.686 179.491 121.595 138.998 134.55 118.408 178.659 157.217 146.586 177.771 133.52 126.709 97.9795 91.071 89.9277 95.1959 90.383 88.7789 131.773 86.5488 83.2681 100.645 134.828 89.2686 85.1566 80.6963 81.5051 79.6648 103.624 79.1984 78.3392 77.9329 82.0387 77.3253 92.0244 127.412 161.92 107.457 100.885 68.1563 161.165 86.4155 93.9718 84.0434
threshold=-0.83144999999999991 -0.012671036047544099 -0.047342504378506893 -0.0074762196809996994 0.070765473541924112 -0.018075545003391046 -0.93924999999999992 0.021277210818736205 -0.018201141239484946 0.010732798278587802 -0.039936154043184395 0.049522134067640354 -0.046650152471472993 -0.13667504780404063 0.039349476880075361 -0.024332555525317694 -0.046400681798022488 0.019800801003517856 -0.0017903630970337499 -0.029329676685485598 0.0059956422325103511 -0.0094938411084211482 -0.056443928249199492 -0.93124999999999991 -0.036623734746121746 0.13869818967007372 0.024625607837935704 0.034880395704190305 0.14177564617113228 0.13553097061586228 0.12380481323308747 0.026801450003916354 -0.0094245490884503486 -0.04090022911237879 -0.032697289104047088 -0.015872799073694297 -0.042745438222860789 -0.055294504275847194 0.019275904391133403 -0.022079742524729499 0.015493467388554 -0.022623965933733295 -0.092001772999865686 -0.11199442759513609 -0.026422488281595647 0.013284309889026251 -0.013979438958943149
decision_type=2 2 2 2 2 2 2 2 2 2 2 2 2 2 2 2 2 2 2 2 2 2 2 2 2 2 2 2 2 2 2 2 2 2 2 2 2 2 2 2 2 2 2 2 2 2 2
left_child=1 8 3 -3 5 -4 -7 -8 9 14 11 42 -13 -11 36 32 -16 19 -19 -9 21 28 23 24 -5 26 -26 -25 29 -6 -12 -32 -15 -18 -22 -36 -1 38 39 -38 -40 -39 43 -10 -45 -46 -44
right_child=-2 2 4 22 20 6 7 17 10 13 30 12 -14 15 16 -17 33 18 -20 -21 34 -23 -24 27 25 -27 -28 -29 -30 -31 31 -33 -34 -35 35 -37 37 41 40 -41 -42 -43 46 44 45 -47 -48
leaf_value=-0.12282841067962962 0.00098707940781261232 0.065804528588935512 -0.014877277737563739 -0.099341782675968521 0.019628052668859582 -0.09326249964015601 -0.061762445805930835 -0.11772850970618061 -0.042411833622044801 -0.084017116814533985 0.013261547496016025 0.15913486619099221 -0.0014002711191187212 0.082589957736613456 0.053601432729589039 -0.0027420879869324189 -0.071087297986592787 -0.046720943523124767 0.10506518745130705 -0.0012838322437743884 0.082414720271233352 -0.086673368967994158 0.068875795503346243 -0.034126418768619791 0.086545756390586009 0.15564240818358752 -0.067399165981137737 -0.13510257452469396 -0.093711341243364082 0.17973393531952706 0.012428243299122815 -0.13874014693457687 0.010588950445076288 0.060466503371037497 0.13121656096480419 -0.0064719492434162163 0.092163023032751035 -0.075713659407496303 -0.1510400816006634 -0.037437473046287695 0.034183138116765717 0.048579215629196829 -0.071035767430513305 0.13653147068470667 0.057081003370097805 -0.093407917700935802 -0.021371948485316011
leaf_weight=128 90597 537 1835 62 109 510 703 78 359 148 7694 92 218 275 216 1360 157 56 125 315 226 166 90 322 56 66 95 104 38 41 98 75 302 58 46 332 158 702 92 212 43 67 454 85 162 51 1096
leaf_count=128 90597 537 1835 62 109 510 703 78 359 148 7694 92 218 275 216 1360 157 56 125 315 226 166 90 322 56 66 95 104 38 41 98 75 302 58 46 332 158 702 92 212 43 67 454 85 162 51 1096
internal_value=-2.29423e-06 -0.00443695 -0.0142479 0.0143057 -0.0225547 -0.0324332 -0.0504478 -0.0333165 -0.000380467 -0.0147527 0.00504183 -0.0160616 0.046363 0.00467042 -0.0368472 0.0114682 0.00913787 0.00152586 0.0580534 -0.0245191 0.014782 -0.023766 -0.020485 -0.0319399 0.00923059 0.0404252 -0.0101647 -0.0589079 0.0318001 0.0638299 0.0117954 -0.0532306 0.0449558 -0.035507 0.0373908 0.010386 -0.0509889 -0.0437259 -0.0115104 0.0179221 -0.0920516 -0.064852 -0.0248412 0.00133493 0.054053 0.0208927 -0.0359398
internal_weight=110811 20214 5912 1332 4580 3622 1787 1277 14302 3918 10384 2517 310 2085 1833 1937 431 574 181 393 958 354 795 705 279 217 151 426 188 150 7867 173 577 215 604 378 1402 1274 505 370 135 769 2207 657 298 213 1550
internal_count=110811 20214 5912 1332 4580 3622 1787 1277 14302 3918 10384 2517 310 2085 1833 1937 431 574 181 393 958 354 795 705 279 217 151 426 188 150 7867 173 577 215 604 378 1402 1274 505 370 135 769 2207 657 298 213 1550
is_linear=0
shrinkage=0.0970268


Tree=62
num_leaves=48
num_cat=0
split_feature=7 8 8 5 0 7 8 5 3 3 5 3 7 5 5 6 6 1 1 3 6 6 3 0 0 3 1 0 3 7 0 3 1 8 1 3 7 3 3 6 5 3 8 1 9 7 9
split_gain=55.6681 79.8877 94.0383 55.2332 52.3941 66.644 100.018 85.1056 131.306 77.2664 69.6377 63.8111 55.899 69.7608 121.785 97.8697 82.9776 73.8967 63.463 59.1266 54.156 53.9022 67.2566 60.5211 111.409 127.569 111.705 107.478 100.438 77.6964 70.8095 69.0035 58.452 54.2912 82.3236 88.7302 57.9903 56.6511 56.5855 76.719 69.7368 82.3659 64.8165 56.0436 80.5995 55.5526 54.3855
threshold=-0.14131868294878788 0.023261611600508502 0.043381359287571759 -0.017774727675819498 -0.97184999999999988 0.012330713277000851 -0.040428486899337791 -0.017774727675819498 -0.009064132442271897 0.058027088639763656 0.042955413539179511 -0.054317581960501286 0.00079615341766600017 -0.015687330121158246 0.023221657379879853 0.087630667783161906 0.040600851217534602 0.010010345992893051 0.028258016989411053 0.0036769627243127506 0.018734057918436704 0.097911686297019365 -0.097035994128117739 0.36190000000000005 -0.024899999999999995 -0.05217014475160079 -0.053503364706735793 -0.95834999999999992 -0.051177289529574843 0.020739376983560903 0.27400000000000008 0.076116961735840413 -0.099494634212686825 0.13083336982658827 0.031567554202066909 -0.020455303895357099 0.10332497346923532 0.10525850206223876 0.059325650782122909 0.089887634626038007 0.15998967271130632 -0.03952779187125284 -0.09115508704920379 -0.036194883533769047 0.14512608310463124 0.015782430852915454 -0.014424886171044798
decision_type=2 2 2 2 2 2 2 2 2 2 2 2 2 2 2 2 2 2 2 2 2 2 2 2 2 2 2 2 2 2 2 2 2 2 2 2 2 2 2 2 2 2 2 2 2 2 2
left_child=1 -1 -3 -4 5 9 -7 8 -8 12 -11 -9 13 15 17 16 -2 -15 19 -16 -14 33 -23 24 26 -26 27 -24 29 -28 -27 -30 -29 36 -35 -36 38 -38 40 42 43 -42 -40 45 -45 -6 -37
right_child=4 2 3 -5 21 6 7 11 -10 10 -12 -13 20 14 18 -17 -18 -19 -20 -21 -22 22 23 -25 25 30 28 32 31 -31 -32 -33 -34 34 35 46 37 -39 39 -41 41 -43 -44 44 -46 -47 -48
leaf_value=0.0039010141255982366 -0.076737106398493099 -0.18294735759894418 0.038358496117725946 -0.083969070631902065 -0.0084928236490895165 -0.076655330304323435 0.14318343966656824 -0.093653657260006254 -0.0029221918438107485 -0.046041105755647072 0.09038594475564575 0.0071807227555430947 -0.15510004099492819 0.0059329328739139127 -0.031242899975202118 0.053885495187935693 -0.24519634208308821 0.13018648881233619 0.032553165512864045 -0.12250589849042226 -0.038174807589342677 -0.1357124590286479 0.18946240314090212 0.0076880225892974148 0.10350258770604127 -0.095547305347861294 -0.14180481626505426 -0.032572421095893742 -0.0077941367990542031 0.0047989465181612536 -0.010427657865202103 -0.091254507989218914 0.046587499644184419 0.027965808576141067 0.032208219581648774 0.0017669108204869026 0.022276526875402717 -0.094111381673122385 -0.01733852300863515 0.093670925258697135 -0.07463233763901285 -0.010104665251100991 0.0095132351168175939 0.0012654285914916364 -0.06366980926558935 0.0022103223879655302 -0.047575705722514641
leaf_weight=237 108 58 56 90 13000 128 108 66 124 60 84 534 75 170 146 38 37 61 66 124 75 39 39 1514 42 337 101 128 2205 51 127 97 277 1677 407 419 1497 40 947 96 246 765 7916 68764 180 7034 421
leaf_count=237 108 58 56 90 13000 128 108 66 124 60 84 534 75 170 146 38 37 61 66 124 75 39 39 1514 42 337 101 128 2205 51 127 97 277 1677 407 419 1497 40 947 96 246 765 7916 68764 180 7034 421
internal_value=-2.13809e-06 -0.0343899 -0.078837 -0.0370104 0.00013531 -0.0154084 0.00303506 0.0153386 0.0651882 -0.0323712 0.0335088 -0.00395324 -0.0429329 -0.0320656 -0.0152075 -0.084094 -0.120369 0.0389604 -0.0524775 -0.0733151 -0.0969676 0.000422902 -0.00946017 -0.00844565 -0.0156242 -0.0576158 -0.00828191 0.0364738 -0.0163881 -0.0926768 -0.0722997 -0.0113309 0.0215385 0.000896781 0.0139288 -0.00494424 0.000517416 0.0192168 0.000226778 0.00758035 -0.000505248 -0.0258393 0.00664244 -0.00021717 0.00109538 -0.00473449 -0.0229635
internal_weight=110811 441 204 146 110370 2004 960 832 232 1044 144 600 900 750 567 183 145 231 336 270 150 108366 4957 4918 3404 506 2898 444 2454 152 464 2302 405 103409 2924 1247 100485 1537 98948 8959 89989 1011 8863 88978 68944 20034 840
internal_count=110811 441 204 146 110370 2004 960 832 232 1044 144 600 900 750 567 183 145 231 336 270 150 108366 4957 4918 3404 506 2898 444 2454 152 464 2302 405 103409 2924 1247 100485 1537 98948 8959 89989 1011 8863 88978 68944 20034 840
is_linear=0
shrinkage=0.0970268


Tree=63
num_leaves=48
num_cat=0
split_feature=4 0 9 1 6 0 7 8 6 6 0 7 7 1 4 4 5 4 7 8 0 5 9 0 6 4 6 5 5 8 9 7 0 8 1 7 8 0 9 6 6 4 5 6 7 8 4
split_gain=57.6999 56.2708 52.9193 78.732 90.1696 86.1496 66.7697 95.207 98.5949 103.888 89.0944 89.2407 78.727 76.0578 75.7376 93.7317 74.5381 103.392 82.0459 80.1609 67.4101 70.1161 67.3919 92.3482 95.5222 86.9034 76.8627 70.2318 69.7253 77.9709 62.2239 64.5778 64.3408 61.6967 60.9261 69.6472 57.6287 59.4685 56.3043 98.66 65.5439 55.6145 120.313 84.5498 96.3069 80.323 96.9005
threshold=0.11429078169592517 -0.93924999999999992 0.050150687741229556 -0.17604839349501017 0.0044757651045525511 -0.57239999999999991 -0.018932777041685146 0.018810074384022952 0.083247578169780109 0.14286659993921658 -0.94224999999999992 -0.14131868294878788 -0.030765836143119396 -0.014289845541505799 -0.071648425880399144 -0.080503657972338785 -0.013686311631270499 0.065447939653179563 0.0038764510346527004 0.024460316476601754 0.75090000000000012 -0.011160907394266199 0.059483732108407052 0.59945000000000015 0.018024559016611204 -0.032520778612505637 0.019338599593822253 0.044903310782419957 -0.017270520361984749 0.0058981344311635009 0.052075151441863261 0.010625455517355451 -0.8123999999999999 0.10115501634649351 0.023872907263590152 -0.055681929654777189 0.14025027765073383 -0.59979999999999989 0.091931186692319714 -0.041524953795783547 0.039686871576720857 -0.075025603548725089 -0.036623734746121746 -0.066321557817352286 0.063416130858917313 -0.0099790193594150988 -0.084912377331672284
decision_type=2 2 2 2 2 2 2 2 2 2 2 2 2 2 2 2 2 2 2 2 2 2 2 2 2 2 2 2 2 2 2 2 2 2 2 2 2 2 2 2 2 2 2 2 2 2 2
left_child=2 -2 3 4 5 -1 7 22 10 12 13 -12 36 -9 15 -13 -8 20 19 -19 21 -18 23 24 25 -4 -25 -27 38 34 32 -32 -23 -16 35 -30 37 -10 -24 -40 -41 42 -5 44 45 -44 -47
right_child=1 -3 6 41 -6 -7 16 8 9 -11 11 14 -14 -15 33 -17 17 18 -20 -21 -22 30 28 26 -26 27 -28 -29 29 -31 31 -33 -34 -35 -36 -37 -38 -39 39 40 -42 -43 43 -45 -46 46 -48
leaf_value=-0.092168632486961458 0.13369472736692545 0.013620523491360321 -0.037572602244413777 0.013141391963530475 -0.10469466519994507 0.054430157493480923 0.0096731811392709952 0 0.019969145346497748 0.069261229393283982 -0.1064934162077979 0.032004948247838866 -0.21032017082274251 -0.19498290199038218 0.0013828177535027009 0.20515934422409118 -0.098542986478273101 -0.090818370000514681 0.069806235438090156 0.081530428355606255 0.010753197132847349 0.0061265041116320305 0.019670096757749351 0.029223286916417044 -0.01895690745777948 -0.11552349276645889 -0.097921349989387035 -0.25858290035415482 -0.083623057606413323 -0.087878310007078062 0.007164341867620003 -0.02043228081499656 -0.095812706237750844 0.052454101964513486 0.016292577569194108 -0.014594175046737374 0.05046438946648036 -0.12035984533228097 0.059365334952580361 -0.11315204920827164 0.0022052469462326136 0.0013051412164281932 -0.033214740323335892 -0.021640876784019464 -0.069597759270965107 0.10034889506850489 -0.018209772613571654
leaf_weight=59 37 2120 114 1770 143 103 3735 38 38 51 59 103 38 37 1540 41 97 71 268 39 1012 88 593 181 184 175 59 40 211 205 1146 2626 171 260 276 396 37 110 77 123 74 87860 104 3901 91 218 92
leaf_count=59 37 2120 114 1770 143 103 3735 38 38 51 59 103 38 37 1540 41 97 71 268 39 1012 88 593 181 184 175 59 40 211 205 1146 2626 171 260 276 396 37 110 77 123 74 87860 104 3901 91 218 92
internal_value=-2.29842e-06 0.01571 -0.000314364 0.000519602 -0.048663 0.000882535 -0.00581177 -0.0147729 -0.000487398 -0.0551526 0.00672584 0.0106259 -0.0837237 -0.0967915 0.0142074 0.0818213 -0.000909923 -0.00807523 0.0408674 -0.0295519 -0.0116793 -0.0171816 -0.027175 -0.0518382 -0.0750638 -0.106351 -0.00211077 -0.142633 -0.0176618 -0.0340148 -0.0152114 -0.0120456 -0.0611874 0.00877538 -0.0214635 -0.0386457 -0.0572544 -0.0843126 0.00285543 -0.0334763 -0.0698603 0.000679437 -0.00821984 -0.0168037 0.0205309 0.0404143 0.0651569
internal_weight=110811 2157 108654 94341 305 162 14313 5060 2352 274 2078 2003 223 75 1944 144 9253 5518 378 110 5140 4128 2708 753 513 329 240 215 1955 1088 4031 3772 259 1800 883 607 185 148 867 274 197 94036 6176 4406 505 414 310
internal_count=110811 2157 108654 94341 305 162 14313 5060 2352 274 2078 2003 223 75 1944 144 9253 5518 378 110 5140 4128 2708 753 513 329 240 215 1955 1088 4031 3772 259 1800 883 607 185 148 867 274 197 94036 6176 4406 505 414 310
is_linear=0
shrinkage=0.0970268


Tree=64
num_leaves=48
num_cat=0
split_feature=2 8 5 6 5 6 3 8 4 6 4 6 8 8 3 3 0 2 5 2 5 4 8 2 3 3 9 0 9 2 3 4 5 2 8 2 9 2 2 5 6 2 8 6 4 9 3
split_gain=51.358 103.687 97.9711 103.815 87.7932 82.1664 83.4541 70.6003 72.5731 70.2731 68.0357 74.9542 62.075 64.358 90.5601 68.7098 61.4719 123.416 112.823 88.595 117.243 83.3217 82.4763 112.262 131.171 93.4471 93.2853 90.484 99.4158 88.3919 79.955 97.786 87.0259 187.425 238.937 164.918 145.321 133.177 124.152 123.901 116.647 113.856 139.204 243.961 117.96 113.443 172.625
threshold=-0.11635500304588028 -0.15018081743147496 -0.073811722070813282 -0.05975098773632119 -0.023846056572787998 -0.053633272910594339 0.076116961735840413 0.035439392551654757 -0.0035621910404385498 -0.075528207345353246 0.03643252794496251 0.022523747213298553 -0.082968728144152445 0.024460316476601754 -0.033694264172632542 0.019279866450036803 0.47730000000000006 0.23449692913234538 -0.058571778259935488 0.045355472178381158 0.0055626408540700506 0.056721917652989305 0.036746886502257152 -0.089159629001615087 -0.026621527383901198 -0.038001164013311946 0.065880069186582471 -0.10264999999999998 -0.0080534529871273478 0.0074724399692202509 0.076116961735840413 -0.10991302374874019 -0.010658947213939849 -0.055310993442765695 -0.018201141239484946 -0.056609642482235392 -0.039289152148419944 0.096473599710589761 0.1228346226945554 -0.0038245251556386995 0.01312282302128835 -0.05003017432751649 -0.0093031145950122976 -0.055055693942660744 -0.016951046635354145 0.042200811811707102 0.019279866450036803
decision_type=2 2 2 2 2 2 2 2 2 2 2 2 2 2 2 2 2 2 2 2 2 2 2 2 2 2 2 2 2 2 2 2 2 2 2 2 2 2 2 2 2 2 2 2 2 2 2
left_child=1 4 -3 7 -1 -5 12 -4 -9 -10 11 -6 -7 15 -15 -14 21 19 -19 20 -18 30 23 24 25 -23 -24 -26 -29 -28 32 -32 37 34 35 -34 -36 41 45 -40 -41 42 43 -2 -43 46 -35
right_child=16 2 3 5 10 6 -8 8 9 -11 -12 -13 13 14 -16 -17 17 18 -20 -21 -22 22 26 -25 27 -27 29 28 -30 -31 31 -33 33 38 36 -37 -38 -39 39 40 -42 44 -44 -45 -46 -47 -48
leaf_value=0.045988320693456437 -0.097495112538518572 -0.0088486621085565216 -0.04744064643366791 0.096988075880477351 -0.016853160727662679 -0.0020626968395339594 -0.063935090974704609 0.070290613574325422 0.010520445223903973 -0.10034303602893899 0.0032373611489446012 -0.13832149337075114 0.038411494009951141 -0.03432387565389021 0.018123275606457857 0.0053946939097916881 0.0097239598682769598 -0.013367023738294121 0.048526988385443941 -0.0076089822818142944 -0.0037063843919022833 -0.046796332251380524 -0.0034560139737716609 0.020327259895697641 0.051983208856112351 -0.19493600627425337 -0.0032270542516583578 0.027191408347060152 -0.14497203964823507 -0.16930048653478771 -0.072763510813917062 0.013818375280576171 -0.019249012218349609 -0.019262587924004922 0.051166579115747186 0.1091600904169806 0.008133937639891075 -0.017017986296704077 -0.059050054361122609 0.027845680130710586 -0.0094187075457419014 -0.0014112946247461099 0.0036432447846719731 -0.011853612491245178 0.018839647291468347 -0.034988322669603507 0.0041618120252746435
leaf_weight=82 356 2384 410 120 73 1236 120 127 209 72 91 140 2501 375 1775 779 14983 385 987 7762 10342 135 1743 4105 193 57 57 67 59 64 127 3374 3996 11235 837 96 6284 3627 271 1585 1577 4887 5843 2584 6070 2608 4021
leaf_count=82 356 2384 410 120 73 1236 120 127 209 72 91 140 2501 375 1775 779 14983 385 987 7762 10342 135 1743 4105 193 57 57 67 59 64 127 3374 3996 11235 837 96 6284 3627 271 1585 1577 4887 5843 2584 6070 2608 4021
internal_value=-2.44598e-06 0.00645567 0.00834181 0.013649 -0.0428674 0.0175211 0.0161086 -0.0190226 0.00953142 -0.01796 -0.0668956 -0.0968494 0.0175549 0.0220218 0.00896633 0.0305745 -0.000678135 0.00264216 0.0311533 0.00145924 0.00423906 -0.00241556 0.00803066 0.014987 -0.027876 -0.0911515 -0.00919059 0.0102489 -0.0535649 -0.0914243 -0.00355578 0.0106666 -0.00444713 -0.00769342 0.00245885 -0.0162234 0.013196 6.90352e-05 -0.013039 0.00385741 0.00925892 0.00320934 -0.00502023 -0.0222393 0.00980685 -0.0162866 -0.0130881
internal_weight=110811 10494 10108 7724 386 6906 6786 818 408 281 304 213 6666 5430 2150 3280 100317 34459 1372 33087 25325 65858 6480 4616 511 192 1864 319 126 121 59378 3501 55877 32510 11213 4092 7121 23367 21297 3433 3162 19740 8783 2940 10957 17864 15256
internal_count=110811 10494 10108 7724 386 6906 6786 818 408 281 304 213 6666 5430 2150 3280 100317 34459 1372 33087 25325 65858 6480 4616 511 192 1864 319 126 121 59378 3501 55877 32510 11213 4092 7121 23367 21297 3433 3162 19740 8783 2940 10957 17864 15256
is_linear=0
shrinkage=0.0970268


Tree=65
num_leaves=48
num_cat=0
split_feature=2 3 6 4 2 4 8 7 9 8 7 7 3 4 1 2 6 6 2 4 6 8 1 8 9 2 8 4 8 7 7 7 4 9 6 2 1 9 4 6 2 3 4 9 7 4 9
split_gain=49.4522 64.7154 53.4421 85.2225 85.3942 53.2057 53.0952 60.1417 80.0801 51.2767 66.8107 51.0015 60.9454 54.3278 53.0487 77.8873 114.126 86.9106 68.4443 85.1432 52.3948 115.033 123.607 97.7394 92.8539 89.8838 68.7445 48.104 48.0813 80.3829 46.4222 55.3276 44.0522 77.4765 83.5413 40.5345 40.1146 39.8523 73.8302 52.0545 39.7829 39.5135 37.4303 36.5065 35.9424 48.418 56.0733
threshold=-0.18757174852965111 0.05420432895338171 0.14286659993921658 0.03863197915548431 0.13553097061586228 0.14000864188583392 0.0023689424779034505 -0.029645303037379746 0.024645087379780901 0.18320225866052992 -0.040896945934992941 -0.10240213885675449 0.056761667711641657 0.09118465142868247 -0.15516119816725618 -0.034424228213856496 -0.087970043441695581 -0.0084622106144956483 0.042364295874524206 0.0083144628029031015 0.0032962987332410005 -0.15825860116904453 0.090411043541748962 -0.16908308015165413 -0.097984037980277841 -0.034998678087981891 0.023877666434334702 0.076092079706672713 0.046354894821261504 -0.025797763820079346 -0.048400260557343394 0.011052333734449851 0.033166434836737306 0.018385679462737854 0.018734057918436704 -0.074930816667031039 0.0047572588312820513 0.045848820802582659 -0.013664102955108198 0.07926248906008336 0.11244613717525535 -0.025615522900114797 -0.0080955067557432481 -0.0031504678499456496 0.052643329800541559 0.013043340474188252 0.034205711611230809
decision_type=2 2 2 2 2 2 2 2 2 2 2 2 2 2 2 2 2 2 2 2 2 2 2 2 2 2 2 2 2 2 2 2 2 2 2 2 2 2 2 2 2 2 2 2 2 2 2
left_child=1 6 5 4 28 9 7 8 -1 11 42 12 13 37 15 16 -13 -18 19 -17 23 24 -23 25 -22 -16 -25 -20 -4 -30 36 41 33 34 -12 -14 -7 39 -39 -2 -36 -32 -11 -8 45 46 -9
right_child=2 -3 3 -5 -6 30 43 44 -10 10 32 14 35 -15 20 18 17 -19 27 -21 21 22 -24 26 -26 -27 -28 -29 29 -31 31 -33 -34 -35 40 -37 -38 38 -40 -41 -42 -43 -44 -45 -46 -47 -48
leaf_value=-0.11197640610361874 -0.013320558668964942 -0.079485389476454268 -0.043828086842117246 0.030045304504002324 -0.12022228455045855 -0.096356125752172436 0.020163893795252866 0.10718141756826127 0.033375358839308138 0.17218727420015245 -0.08516084584398545 0.07924476619793204 0.080145967905214152 0.066227846608189367 -0.046892737324436287 -0.028937091413468521 -0.17793808132645703 -0.04196463050235559 -0.013557847621001139 0.1371492316170303 0.086123712230475269 -0.0029210178731598358 0.022665928492889356 -0.00096470203007696523 -0.047411565267340812 0.059914256846086478 0.0057269230753386876 -0.12616156623021299 0.09276923966471752 -0.024898246611759347 0.10281442582933085 0.011882083916550922 0.040236268425659673 -0.1190511414127252 0.052105877117973876 -0.00013987383612712922 0.035154401618549845 -0.091184627389863562 -0.007110988726922546 -0.11785025166713882 -0.050010079657790987 0.029594519464899417 0.054087609494851648 0.095692709502241222 -0.02438043138953884 0.0061797419461014427 -0.026246315522479614
leaf_weight=73 1362 54 462 233 100 52 99 144 69 37 70 37 93 64 88 54 85 93 386 62 52 39814 1860 38021 755 460 23314 39 75 198 140 469 300 52 207 161 37 209 186 46 43 139 81 156 86 157 37
leaf_count=73 1362 54 462 233 100 52 99 144 69 37 70 37 93 64 88 54 85 93 386 62 52 39814 1860 38021 755 460 23314 39 75 198 140 469 300 52 207 161 37 209 186 46 43 139 81 156 86 157 37
internal_value=-2.49035e-06 0.0229671 -0.00018548 -0.0217799 -0.0362602 2.6361e-05 0.029754 0.0131515 -0.0413924 -0.000162403 0.0244597 -0.000343965 -0.0152387 -0.0213086 -4.32884e-05 -0.0256457 -0.0749901 -0.107213 -0.00597577 0.0599279 0.000142186 -0.00248161 -0.00177858 0.00194351 -0.0387555 0.0427233 0.00157872 -0.0240265 -0.0247623 0.00748676 0.024389 0.0322803 0.0125937 -0.00969404 0.00817997 0.0293033 -0.0416714 -0.0244356 -0.0516683 -0.0167761 0.0344509 0.0664677 0.0916744 0.066487 0.0314631 0.0457117 0.0798577
internal_weight=110811 875 109936 1068 835 108868 821 566 142 108031 790 107241 2121 1867 105120 756 215 178 541 116 104364 42481 41674 61883 807 548 61335 425 735 273 837 748 672 372 320 254 89 1803 395 1408 250 279 118 255 424 338 181
internal_count=110811 875 109936 1068 835 108868 821 566 142 108031 790 107241 2121 1867 105120 756 215 178 541 116 104364 42481 41674 61883 807 548 61335 425 735 273 837 748 672 372 320 254 89 1803 395 1408 250 279 118 255 424 338 181
is_linear=0
shrinkage=0.0970268


Tree=66
num_leaves=48
num_cat=0
split_feature=2 0 6 3 1 3 4 0 8 6 6 6 9 4 1 9 0 0 9 3 4 0 4 4 4 1 9 6 1 3 3 0 3 0 3 0 0 4 1 4 4 0 0 3 8 3 0
split_gain=41.6811 63.8764 81.2419 51.1935 74.3914 55.9379 111.35 66.8372 53.9321 52.6305 52.5002 49.4531 67.0157 59.2427 66.0113 66.2172 105.15 111.897 57.7176 74.7705 60.8938 49.9888 48.516 63.7645 91.056 57.4003 63.1835 55.9632 52.219 42.8814 42.5378 64.1668 41.7344 41.4411 48.0752 47.0987 65.9936 56.7039 46.1882 111.461 82.3092 52.7746 46.5888 43.0432 98.1783 76.9319 81.9135
threshold=-0.15482403420593177 -0.98494999999999988 -0.026216722582171347 -0.0071444223209031488 -0.099494634212686825 -0.067745310251869084 0.017420125581310755 -0.97784999999999989 -0.096041086116257737 0.035488849536434205 -0.0038225045772092496 0.094949386485631324 0.088546654434736263 0.03863197915548431 -0.11467891774724588 -0.022326254118819847 -0.76479999999999981 -0.79619999999999991 -0.041598813093547148 0.031788814264381605 -0.031315377374797344 -0.17874999999999999 -0.076708091414308774 0.024697481547703102 0.031166254513523454 0.0057539464899786013 -0.034659106180244745 -0.0033183031622648997 -0.061510597897883747 -0.060384456199259397 0.0022027289066186002 -0.8748999999999999 0.0029588239411497503 0.92455000000000009 0.15175264210056619 -0.9020999999999999 -0.83594999999999986 -0.0021966686799221495 0.095797142332051458 -0.10510920546429559 0.0022871527633664007 -0.9061499999999999 -0.25014999999999993 -0.12964547996240158 -0.046400681798022488 -0.057816508389308491 -0.97784999999999989
decision_type=2 2 2 2 2 2 2 2 2 2 2 2 2 2 2 2 2 2 2 2 2 2 2 2 2 2 2 2 2 2 2 2 2 2 2 2 2 2 2 2 2 2 2 2 2 2 2
left_child=3 2 -2 5 -5 6 9 -7 32 -1 -8 33 13 14 -13 18 17 -17 20 -20 -16 -18 -10 25 -25 30 -27 -28 -26 -9 -24 -32 -6 34 38 -36 -37 -38 43 -40 42 -42 -41 44 -3 46 -45
right_child=1 11 -4 4 8 7 10 29 22 -11 -12 12 -14 -15 15 16 21 -19 19 -21 -22 -23 23 24 28 26 27 -29 -30 -31 31 -33 -34 -35 35 36 37 -39 39 40 41 -43 -44 45 -46 -47 -48
leaf_value=0.115836866565893 -0.16575865119150313 -0.044460374779803941 -0.024004632994053896 0.10508426460676243 0.022611949054321363 0.15798341383166969 -0.021630084631253928 0.091447358118756428 -0.06086424669719586 -0.030833087737373057 -0.17137346472639137 -0.10837304602722159 -0.072286237556545244 0.012693519595639219 -0.052312138796286101 -0.037011307693544167 0.02010573014082339 -0.16221125146988177 0.011555137033682709 0.10248953839435114 0.013318577714714412 -0.01810579256980694 0.14659418031738261 -0.16003701913011467 -0.10750157308441731 -0.082727431020992517 -0.08373324724592536 0.027957748730099801 0.0061345681845184864 0.022603038825802779 0.13207033622434253 0.011709110343348301 -0.070695798248826006 0.0084234209626271438 0.11794614226464854 -0.097885001331700763 0.062395386302676284 0.0034730221981117181 -0.095373592497864854 0.057603517919650474 -0.10947374201466009 0.0017547245087988171 0.019525566594689191 -0.13325201665607975 0.03874364665441133 -9.3955079571022451e-05 -0.0091784752894090976
leaf_weight=50 43 168 313 60 60 38 41 92 103 42 48 68 157 1016 218 810 494 73 343 113 340 925 45 41 43 66 46 466 308 1116 56 161 178 5532 47 43 246 410 88 451 41 1317 923 50 643 84744 8135
leaf_count=50 43 168 313 60 60 38 41 92 103 42 48 68 157 1016 218 810 494 73 343 113 340 925 45 41 43 66 46 466 308 1116 56 161 178 5532 47 43 246 410 88 451 41 1317 923 50 643 84744 8135
internal_value=-2.28513e-06 -0.000319505 -0.041327 0.0111634 -0.000563435 0.0245858 -0.0257434 0.0319105 -0.00462597 0.0489426 -0.102918 -0.000183325 -0.0100738 -0.00784514 -0.0140151 -0.012064 -0.0211638 -0.0474443 0.00858584 0.0341828 -0.0123256 -0.00479462 0.00295804 0.00832018 -0.0239643 0.0234017 0.0062933 0.0178448 -0.00787186 0.0278836 0.0610392 0.0430069 -0.0471357 0.000254894 -0.000209439 0.0243199 0.0179446 0.0256087 -0.000399147 0.0118345 0.0153052 -0.00162932 0.0320447 -0.000767324 0.0214824 -0.000961695 -0.00994431
internal_weight=110811 107751 356 3060 1633 1427 181 1246 1573 92 89 107395 4557 4400 3384 3316 2302 883 1014 456 558 1419 1335 1232 392 840 578 512 351 1208 262 217 238 102838 97306 746 699 656 96560 2820 2732 1358 1374 93740 811 92929 8185
internal_count=110811 107751 356 3060 1633 1427 181 1246 1573 92 89 107395 4557 4400 3384 3316 2302 883 1014 456 558 1419 1335 1232 392 840 578 512 351 1208 262 217 238 102838 97306 746 699 656 96560 2820 2732 1358 1374 93740 811 92929 8185
is_linear=0
shrinkage=0.0970268


Tree=67
num_leaves=48
num_cat=0
split_feature=7 1 2 1 8 9 8 4 5 5 2 9 0 8 4 4 4 2 7 9 5 4 4 2 4 5 5 2 2 7 0 1 9 2 7 7 7 8 8 4 7 0 8 9 1 1 4
split_gain=45.0253 57.704 66.0042 47.9632 107.499 71.4094 62.2555 57.0892 63.2576 67.2244 50.6808 44.7324 82.1369 97.3219 91.4273 85.1422 173.943 78.5962 75.6972 91.09 95.6811 102.784 96.6868 74.7371 64.7335 79.8981 77.3882 110.827 109.942 80.4407 84.4206 71.8804 104.684 78.396 69.245 95.2669 95.0364 67.9428 87.7737 58.8574 55.9154 55.7403 55.1744 52.2557 67.7964 87.8561 50.1516
threshold=0.08225069400377126 -0.12536486058254201 0.2897945581049407 -0.0064470339305020994 -0.098806263252529183 -0.10288265813691254 0.087245703818664602 -0.15353276532407442 0.077302694435499669 0.093828750910579212 0.014690404804428502 0.040753127502359605 -0.96374999999999988 0.0035007748178709007 -0.013664102955108198 -0.00044412313895209992 -0.037504484479936144 -0.069203642328287449 -0.028524572768928697 0.044344800303994805 -0.082710000460716096 -0.019818623304950395 -0.0058485304194104493 -0.079382084060432331 0.058951670760192802 -0.075419008893203035 -0.013686311631270499 0.15224762072515693 0.21332344831681074 0.077225608832147755 0.75090000000000012 -0.031821152397015197 0.063311869135761464 -0.022623965933733295 0.0042937170105158502 -0.0055115477126928989 0.028680670100665853 -0.0054535788747952984 -0.020384300480516395 0.062598133732963204 0.056966002428429356 -0.63704999999999989 0.18320225866052992 0.048352625685690605 -0.088466563217258196 0.035673121564302808 -0.075025603548725089
decision_type=2 2 2 2 2 2 2 2 2 2 2 2 2 2 2 2 2 2 2 2 2 2 2 2 2 2 2 2 2 2 2 2 2 2 2 2 2 2 2 2 2 2 2 2 2 2 2
left_child=11 -2 3 4 -3 -5 -7 -6 -9 -10 -11 46 13 15 17 16 -13 -15 19 20 -14 -22 -23 -16 26 37 27 31 29 30 -28 32 -20 -33 35 -29 -36 38 41 -24 -30 -26 43 44 -21 -46 -1
right_child=1 2 -4 5 7 6 -8 8 9 10 -12 12 18 14 23 -17 -18 -19 24 42 21 22 39 -25 25 -27 28 34 40 -31 -32 33 -34 -35 36 -37 -38 -39 -40 -41 -42 -43 -44 -45 45 -47 -48
leaf_value=-0.0085299073189122419 -0.049700312742785524 -0.079698117406512003 0.10633548558055106 0.078263092741705176 -0.073780176912316753 0.0028299624992199732 -0.053814638658982117 0.026033603400293558 0.19389824432369232 0.11177369858079662 -0.014662632256235021 -0.036874412404710795 -0.1797606374342039 -0.1988235772722986 0.092114839628262238 -0.098549594669199658 0.21771853037628919 -0.060554938683533122 -0.04249998739584275 -0.084228002462186091 -0.094499095350701653 0.092757698401259969 -0.050303674135454716 -0.096820095397321629 0.067374938506050225 0.027799618470894728 -0.018423620941266729 -0.027910172137815725 0.069608289564074707 0.076069565758530952 0.0093437822059120532 0.013625054921034068 0.027550230523674016 0.053161102539196654 -0.10163470900483373 0.10674291147338047 -0.012516810111881627 -0.10257652411292377 0.1383676918322567 0.074795131280563795 -0.056770400969290188 -0.039809053583619851 0.10133006189766898 -0.013542200727895241 0.048243811223419843 -0.039177060334468515 0.0011294862077520522
leaf_weight=5389 145 89 69 107 48 1788 203 1275 43 63 56 67 48 79 39 46 40 77 434 57 192 73 243 39 56 1452 5055 147 232 97 1294 1993 373 619 189 74 279 77 37 41 38 239 42 4384 431 144 82809
leaf_count=5389 145 89 69 107 48 1788 203 1275 43 63 56 67 48 79 39 46 40 77 434 57 192 73 243 39 56 1452 5055 147 232 97 1294 1993 373 619 189 74 279 77 37 41 38 239 42 4384 431 144 82809
internal_value=-2.27854e-06 0.0102563 0.012588 0.010812 0.0236124 0.00120146 -0.00295092 0.029831 0.0333188 0.0903841 0.0523541 -0.000375235 -0.00468207 -0.0488953 -0.0881886 0.0112168 0.058692 -0.130979 -0.00374751 -0.0130831 -0.048917 -0.0373321 -0.00648642 -0.00224755 0.000413889 0.0171284 -0.00245957 0.00802874 -0.00887647 -0.0114196 -0.0127626 0.0151849 -0.0101135 0.023005 -0.0274564 0.0172522 -0.0485851 -0.0207231 -0.00160603 -0.0321277 0.0517272 -0.0193644 -0.00884808 -0.00978084 0.0162878 0.026322 0.000539144
internal_weight=110811 3886 3741 3672 1574 2098 1991 1485 1437 162 119 106925 18727 387 234 153 107 156 18340 5655 597 549 357 78 12685 1861 10824 4108 6716 6446 6349 3419 807 2612 689 221 468 409 332 284 270 295 5058 5016 632 575 88198
internal_count=110811 3886 3741 3672 1574 2098 1991 1485 1437 162 119 106925 18727 387 234 153 107 156 18340 5655 597 549 357 78 12685 1861 10824 4108 6716 6446 6349 3419 807 2612 689 221 468 409 332 284 270 295 5058 5016 632 575 88198
is_linear=0
shrinkage=0.0970268


Tree=68
num_leaves=48
num_cat=0
split_feature=2 5 5 1 4 7 4 7 4 9 0 3 1 0 2 7 0 9 4 3 3 0 7 4 3 5 9 5 5 5 4 1 9 9 4 7 0 1 2 2 0 9 7 7 2 0 1
split_gain=39.3428 67.7798 62.032 60.9548 67.2654 75.8843 72.8656 60.7588 67.9973 61.5569 67.5107 58.4724 57.2698 169.853 102.553 52.3432 54.0376 50.7596 50.5383 65.775 50.3878 49.9947 67.2721 49.9154 66.2292 51.7746 85.9983 71.5013 51.724 100.039 51.2486 45.3591 45.5638 81.1726 44.3983 44.0209 45.4307 41.8509 60.8394 80.2456 61.7686 45.5532 41.1515 40.9699 40.7724 61.3513 46.9746
threshold=-0.11350959996507208 -0.073811722070813282 0.17465723710244555 -0.10246340893092402 0.0092995181482817529 -0.10240213885675449 0.013558821068191751 -0.038584355920130743 -0.087349392908086396 0.070992314440072826 0.79660000000000009 0.0124331527549733 -0.10611799478017864 -0.92004999999999992 -0.14805284272873262 -0.14131868294878788 -0.79619999999999991 0.014368745091709953 -0.0086090722231190967 -0.031893002421384743 0.037297872263256558 -0.97184999999999988 0.059410508511804856 -0.05065988093355394 0.071457395341224458 0.027313371148728106 -0.021328879332117596 0.050792605644242005 -0.033458643210595447 -0.00099775140616724964 -0.093073355422520182 -0.036931703115824589 0.027288592052113602 -0.048998132705355586 0.16072840484116965 -0.048400260557343394 0.51075000000000015 -0.15516119816725618 -0.034424228213856496 -0.020544636777111245 -0.69114999999999982 -0.03655899064599314 0.079645261818414914 -0.033364455900177149 -0.11939589641391414 -0.51074999999999993 -0.025956082040251498
decision_type=2 2 2 2 2 2 2 2 2 2 2 2 2 2 2 2 2 2 2 2 2 2 2 2 2 2 2 2 2 2 2 2 2 2 2 2 2 2 2 2 2 2 2 2 2 2 2
left_child=1 3 15 -1 5 -5 -6 35 -9 10 11 -10 13 -3 -15 16 -2 -16 19 -7 -13 22 23 28 25 26 -25 -27 -17 -30 -31 -18 33 -33 37 36 -4 38 40 -40 -23 -42 -41 -20 46 -46 -21
right_child=2 12 7 4 6 18 -8 8 9 -11 -12 20 -14 14 17 21 31 -19 43 44 -22 34 -24 24 -26 27 -28 -29 29 30 -32 32 -34 -35 -36 -37 -38 -39 39 42 41 -43 -44 -45 45 -47 -48
leaf_value=0.07927994611063964 -0.11900463772984674 -0.18336094252740706 0.035891854504354864 -0.11774963378972508 -0.13062835506484838 0.043120944265975653 -0.025585558302782814 0.058675234899339977 -0.096897202081233133 -0.15718513693413835 0.033767597475420359 0.035178254328034737 0.011018282417074643 0.070407329256655118 -0.0093639127823579946 -0.15914096438814482 0.034722307036602965 -0.12288483175693002 0.1051082279249493 -0.071149094955324815 -0.080464356104146262 -0.13555910539318203 0.033070310070339365 -0.063913334315454776 0.070418507865808527 -0.10790902075465046 0.02540103285796164 -0.018794411032995232 0.065419790851642512 -0.00029122083416098244 -0.09815846850043701 -0.10611304988004139 -0.11603333761717113 0.049770326058902158 0.034315068893985536 0.10803513930675429 -0.093718110313810027 4.2989584503104674e-05 0.13119165769562746 -0.0076616898429602998 0.056361158095152006 -0.066148864340366834 -0.10635689197072211 0.01987365851919172 0.031297548364359551 -0.12077087147066845 -0.001794647735888781
leaf_weight=72 63 56 75 50 68 218 693 53 203 51 83 80 8462 117 109 41 95 56 65 102 63 78 210 144 79 128 341 251 63 70 181 53 61 76 353 42 38 95780 37 479 42 87 43 286 37 75 902
leaf_count=72 63 56 75 50 68 218 693 53 203 51 83 80 8462 117 109 41 95 56 65 102 63 78 210 144 79 128 341 251 63 70 181 53 61 76 353 42 38 95780 37 479 42 87 43 286 37 75 902
internal_value=-2.02836e-06 0.00540504 -0.00062026 -0.00846103 -0.0110086 -0.000452151 -0.0350505 -0.0296449 -0.0451924 -0.0567214 -0.0446151 -0.0634626 0.00945267 -0.029681 0.00103078 -0.000417835 -0.0379588 -0.0481614 0.00305138 -0.00556448 -0.015791 -0.000284823 -0.0178131 -0.0260605 -0.0143607 -0.0221535 -0.00113028 -0.0490013 -0.0570596 -0.0435071 -0.0709474 -0.0198629 -0.0472203 -0.0143395 -1.18666e-05 0.0237365 -0.00779744 -0.00013762 -0.0227206 -0.0060456 -0.0676035 -0.0261373 -0.0158881 0.0357905 -0.0150956 -0.0705224 -0.00887651
internal_weight=110811 11368 99443 2568 2496 1735 761 688 533 480 429 346 8800 338 282 98755 348 165 1685 1334 143 98407 1508 1298 943 864 485 379 355 314 251 285 190 129 96899 155 113 96546 766 559 207 129 522 351 1116 112 1004
internal_count=110811 11368 99443 2568 2496 1735 761 688 533 480 429 346 8800 338 282 98755 348 165 1685 1334 143 98407 1508 1298 943 864 485 379 355 314 251 285 190 129 96899 155 113 96546 766 559 207 129 522 351 1116 112 1004
is_linear=0
shrinkage=0.0970268


Tree=69
num_leaves=48
num_cat=0
split_feature=7 5 6 4 5 7 9 5 5 4 4 4 8 1 5 8 5 4 4 4 1 0 7 8 8 0 5 1 9 9 1 5 7 0 6 8 6 0 9 8 7 0 4 9 6 4 4
split_gain=36.1437 52.2769 40.4757 56.3103 81.4052 99.9529 85.5023 52.6526 73.2384 72.117 55.1644 47.5057 50.2572 42.8921 40.1143 58.6722 85.3454 60.5702 98.2091 67.6472 57.0902 80.3787 118.604 57.1847 53.0796 43.9484 76.6064 64.4943 43.6231 41.8658 39.8743 87.7108 108.261 90.7588 86.951 122.752 92.7687 89.0049 88.3852 77.1664 70.917 91.2159 81.3629 92.9969 103.043 80.4207 79.8452
threshold=0.08225069400377126 -0.15701326116810319 0.075766933679636966 -0.073312548877460929 -0.12778364816610263 0.062053895241523611 0.00040473644572695003 -0.093127398655208388 -0.039815345904330494 -0.096975438815718226 -0.082945630417784785 -0.070203836539899839 0.0023689424779034505 -0.011121590453480998 0.06371074052120386 0.11683441370628826 -0.070888068324469033 0.012566723584907803 0.016396566681383503 -0.049754782208191746 -0.066770264626139039 -0.84674999999999989 -0.011833342826950298 0.0082059095705291022 0.037396280254615409 -0.31834999999999997 0.086881013123040321 0.050848171604593755 -0.10288265813691254 -0.035269126535192548 -0.0054274964605963991 -0.0057703504415643489 0.079645261818414914 0.8690500000000001 -0.047328747237486292 -0.062551254405013093 -0.049390437701246043 -0.95834999999999992 0.14512608310463124 0.20047409453257917 -0.048400260557343394 -0.96934999999999993 0.04558573552231001 -0.0080534529871273478 -0.0074762196809996994 0.088755355054549304 -0.054463850725262143
decision_type=2 2 2 2 2 2 2 2 2 2 2 2 2 2 2 2 2 2 2 2 2 2 2 2 2 2 2 2 2 2 2 2 2 2 2 2 2 2 2 2 2 2 2 2 2 2 2
left_child=2 -2 30 4 6 7 -4 -6 9 -9 13 12 -5 -10 15 28 -17 19 -19 -18 24 22 23 -22 -16 27 -27 -23 -13 -24 31 32 -1 39 36 40 37 -32 -37 -33 42 -42 43 44 -36 -44 -45
right_child=1 -3 3 11 5 -7 -8 8 10 -11 -12 14 -14 -15 20 16 17 18 -20 -21 21 25 29 -25 -26 26 -28 -29 -30 -31 34 33 -34 -35 35 38 -38 -39 -40 -41 41 -43 45 46 -46 -47 -48
leaf_value=0.00303422356377233 -0.084359171990645951 0.010543498520495272 0.15990382688486254 -0.014317151473311659 -0.14054622178797599 0.06606339801609383 -0.021951632719301239 -0.072148670088525796 -0.0079581999522953407 0.081738415325260508 -0.1499389231322043 0.082514644701333337 0.1358167423032309 -0.09141267711363775 0.10025077380933281 0.078535133721619771 -0.079423850038550362 -0.15591931437620143 -0.0031486202650854713 0.043656390489404333 0.11222136828318863 0.00096500856669328057 -0.021394535337468001 -0.032667394510957841 -0.038126389287784654 -0.080524005320703015 0.0024071969473682467 0.13409538754103245 -0.0072235313463944054 -0.12588408364413234 -0.077455339518978941 -0.008196186782502949 -0.10772153156680693 0.015866763269350947 0.035760719835963094 0.0068846279579774274 -0.038066490014869822 -0.0018945866236626339 -0.084728226318472474 0.12943116459286882 -0.12436237694132739 -0.0024927696221502763 0.049333964707936655 2.1485193412930513e-05 -0.065894372911909943 -0.059480263796065753 -0.12273061786182227
leaf_weight=20548 55 3831 38 38 71 63 66 50 110 66 71 51 46 123 65 178 46 42 602 444 37 199 45 81 43 163 292 41 6039 191 148 20571 83 1626 171 33908 738 13200 99 38 58 5672 182 65 207 98 212
leaf_count=20548 55 3831 38 38 71 63 66 50 110 66 71 51 46 123 65 178 46 42 602 444 37 199 45 81 43 163 292 41 6039 191 148 20571 83 1626 171 33908 738 13200 99 38 58 5672 182 65 207 98 212
internal_value=-2.28973e-06 0.00918899 -0.000336452 -0.00645227 -0.0338067 -0.0485991 0.0447818 -0.0633739 -0.0501793 0.0153076 -0.0751847 -0.00436714 0.0680555 -0.052138 -0.00508228 -0.00245416 0.0161519 0.00632628 -0.013221 0.0320252 -0.021881 -0.0288048 -0.0664132 0.012922 0.0451366 -0.00960725 -0.0273287 0.0239403 -0.0064649 -0.106072 0.000246156 -0.00197002 0.00258602 -0.00619778 0.00198121 0.00425668 -0.00458829 -0.00273548 0.00661662 -0.00793935 -0.00778276 -0.00373696 -0.0325542 -0.0512608 -0.0198945 0.0111842 -0.0939361
internal_weight=110811 3886 106925 9301 658 554 104 491 420 116 304 8643 84 233 8559 7402 1312 1134 644 490 1157 1049 354 118 108 695 455 240 6090 236 97624 42866 20631 22235 54758 40672 14086 13348 34007 20609 6665 5730 935 655 378 280 277
internal_count=110811 3886 106925 9301 658 554 104 491 420 116 304 8643 84 233 8559 7402 1312 1134 644 490 1157 1049 354 118 108 695 455 240 6090 236 97624 42866 20631 22235 54758 40672 14086 13348 34007 20609 6665 5730 935 655 378 280 277
is_linear=0
shrinkage=0.0970268


Tree=70
num_leaves=48
num_cat=0
split_feature=2 0 3 6 2 0 1 0 9 0 8 8 7 9 8 8 7 2 3 2 1 3 9 9 6 3 6 7 3 1 2 8 8 1 2 8 9 3 3 8 9 6 0 0 2 8 2
split_gain=35.5042 58.2822 67.9715 41.0345 47.2987 48.6748 37.5609 85.9377 46.769 43.433 44.5777 68.0977 59.8007 50.0804 39.5533 36.5661 50.659 43.2225 43.3219 42.6844 36.073 125.509 110.632 96.1978 56.3754 77.2341 89.9381 70.19 122.987 93.2619 118.647 90.5502 66.0838 86.535 75.527 140.659 66.7808 62.0039 60.3439 71.0473 59.6154 65.0114 63.171 57.7368 54.2207 142.567 129.509
threshold=-0.18757174852965111 0.81775000000000009 0.056761667711641657 0.14286659993921658 0.13553097061586228 0.69045000000000012 0.0038081962513300503 0.27400000000000008 -0.040836782488664895 -0.31744999999999995 -0.04841213077412624 0.029133736221182555 0.0090375966546857502 0.0071053813123662509 0.050118616662371655 0.18320225866052992 -0.035283514860087038 0.064256267873574413 -0.0098435437360073989 0.12901585534148372 0.07321444452892191 -0.097035994128117739 0.048352625685690605 -0.054208726474098239 0.034612091758803705 0.10525850206223876 0.062060404716679861 -0.044068015676719648 0.048580650556495859 0.036806377161544758 0.10597570361302826 -0.082968728144152445 -0.082968728144152445 0.056196733770714755 -0.10457222095505159 0.010383773857768052 -0.11906704889823173 -0.054317581960501286 0.067582588606121763 0.042096081610435959 0.07645789768128107 -0.11534681073594064 0.10280000000000002 -0.22714999999999999 0.12596055925824673 -0.16908308015165413 0.033502415493766806
decision_type=2 2 2 2 2 2 2 2 2 2 2 2 2 2 2 2 2 2 2 2 2 2 2 2 2 2 2 2 2 2 2 2 2 2 2 2 2 2 2 2 2 2 2 2 2 2 2
left_child=1 2 -1 15 6 -6 8 9 -5 10 -8 12 -12 -13 -10 20 17 18 -17 -18 24 22 23 -22 27 32 -27 28 29 31 -31 -2 33 36 35 -34 -26 -36 39 -30 44 -42 -43 -40 46 -46 -29
right_child=3 -3 -4 4 5 -7 7 -9 14 -11 11 13 -14 -15 -16 16 19 -19 -20 -21 21 -23 -24 -25 25 26 -28 40 38 30 -32 -33 34 -35 37 -37 -38 -39 43 -41 41 42 -44 -45 45 -47 -48
leaf_value=0.035194934892640188 0.014749595569704078 -0.048929052691929133 -0.097176418956818417 -0.074113865344180102 -0.032698959664778197 -0.16715796389981519 0.041851464792884707 0.024781938721073347 0.00044947710529795009 -0.12074009874633976 -0.041997794797603918 -0.06035018637505396 -0.20335936833834795 0.042128892942712784 0.073252974641580912 0.11940911907726731 0.016693336054378689 0.15638819382265154 -0.0089789143049816954 -0.072319296617228107 0.020053151238080911 0.0080858053265726627 0.052220272827324124 -0.14775987272012447 0.10195119746096025 0.093049658074334421 -0.016875379427405746 0.0031506617533051404 0.015641400283100574 0.021246549718393858 -0.039569966101555422 -0.017859260191007899 0.02430237744559419 0.037171625253110047 -0.029143778591967213 -0.012880120762158991 -0.028753142086587177 -0.0052310427763327429 0.027528292982468609 0.074748561192232693 0.052105625300192311 -0.025589190877944697 0.001094027476606593 -0.017676728058763191 0.13297627520193842 0.0094998741374900213 -0.011933994214759528
leaf_weight=734 893 103 38 49 76 38 55 203 188 72 43 115 44 73 112 39 595 41 66 55 43 7961 56 125 37 160 124 51332 572 1526 376 7791 2204 220 1108 1693 2187 12957 455 288 149 1812 1548 639 89 5745 5982
leaf_count=734 893 103 38 49 76 38 55 203 188 72 43 115 44 73 112 39 595 41 66 55 43 7961 56 125 37 160 124 51332 572 1526 376 7791 2204 220 1108 1693 2187 12957 455 288 149 1812 1548 639 89 5745 5982
internal_value=-2.33331e-06 0.0194602 0.0286182 -0.000157396 -0.0190797 -0.0780467 -0.0119926 -0.0266134 0.0133281 -0.0525885 -0.037557 -0.0535117 -0.124294 -0.0205036 0.0277243 2.82204e-05 0.0207424 0.0723127 0.0389053 0.00910563 -0.000124343 0.00606796 -0.065487 -0.10481 -0.000631872 -0.00514165 0.0450676 0.000546199 -0.00611312 -0.010242 0.00921303 -0.0145044 -0.0058418 -0.0208101 -0.00380418 0.00814692 -0.0265557 -0.00711629 0.0162481 0.0354729 0.00179917 -0.010509 -0.0132945 0.00111917 0.00248332 0.0113945 0.001576
internal_weight=110811 875 772 109936 1068 114 954 605 349 402 330 275 87 188 300 108868 796 146 105 650 108072 8185 224 168 99887 20690 284 79197 12540 10586 1902 8684 20406 2444 17962 3897 2224 14065 1954 860 66657 3509 3360 1094 63148 5834 57314
internal_count=110811 875 772 109936 1068 114 954 605 349 402 330 275 87 188 300 108868 796 146 105 650 108072 8185 224 168 99887 20690 284 79197 12540 10586 1902 8684 20406 2444 17962 3897 2224 14065 1954 860 66657 3509 3360 1094 63148 5834 57314
is_linear=0
shrinkage=0.0970268


Tree=71
num_leaves=48
num_cat=0
split_feature=4 3 5 7 3 2 0 0 8 2 8 6 2 5 8 7 3 2 6 4 7 0 4 5 5 2 3 5 3 5 7 5 2 3 5 4 4 8 6 3 8 3 6 5 8 2 2
split_gain=32.8015 87.3043 82.0916 57.2582 48.9412 46.4715 41.2323 39.7585 52.2802 38.049 163.269 262.62 233.289 175.487 137.219 218.953 122.649 150.356 116.117 105.49 104.015 99.169 92.5036 89.9211 88.6013 101.769 83.9294 99.6795 81.2172 80.9072 85.8591 78.9333 74.2974 111.007 74.2253 73.5309 72.6312 73.6577 72.5715 70.5853 69.7191 64.646 88.756 77.8388 63.5956 86.8782 82.853
threshold=0.11429078169592517 -0.071252759403181584 0.030025241328595905 -0.011833342826950298 -0.07510852646201073 -0.042057798850643598 -0.59889999999999988 0.62535000000000018 -0.022443628107096495 0.014690404804428502 -0.077636584285353291 0.0010551424996713002 0.18295945040458778 0.060968070880206053 -0.070993857370241539 -0.054522861436618643 0.017356602069816051 0.17472039115599697 0.075766933679636966 -0.13554570028972837 -0.057989191160742644 -0.95304999999999984 -0.0086090722231190967 -0.070888068324469033 -0.025420964496136848 0.030608773561614001 -0.021831231788993644 0.099374248208709659 0.042904976725482859 -0.052803277565442487 -0.015317030825566397 -0.052803277565442487 0.067498221690603308 -0.060384456199259397 -0.095873023297945531 0.05568914402999716 -0.076708091414308774 0.088883316588964312 -0.030638308240341246 -0.0033109757921191995 -0.074239912271120742 -0.045005053719187692 0.013775329511998552 -0.068132371908980083 0.11683441370628826 0.13227427737351585 0.21332344831681074
decision_type=2 2 2 2 2 2 2 2 2 2 2 2 2 2 2 2 2 2 2 2 2 2 2 2 2 2 2 2 2 2 2 2 2 2 2 2 2 2 2 2 2 2 2 2 2 2 2
left_child=9 2 4 7 6 -5 -2 -3 -9 14 11 12 24 21 15 23 17 18 20 -16 39 22 -12 -1 25 -11 27 -19 32 34 -31 41 33 -26 -13 -22 37 -18 -28 -15 -25 42 -17 -43 46 -46 -23
right_child=1 3 -4 5 -6 -7 -8 8 -10 10 13 29 -14 16 19 31 36 26 -20 -21 35 44 -24 40 28 -27 38 -29 -30 30 -32 -33 -34 -35 -36 -37 -38 -39 -40 -41 -42 43 -44 -45 45 -47 -48
leaf_value=0.022079825891139913 -0.13741902536606804 0.063656030008179931 0.055754948268342062 -0.010798849084515368 -0.17471639550172136 0.025178638052752635 -0.018855186667843873 -0.047683417947028024 0.052808123877080775 -0.081436689538558232 -0.023892307861076212 -0.0063315106698441171 -0.024135056059513375 -0.078670795067495344 0.067129988779089836 -0.1107302631481256 -0.057742999842056185 0.011727927875403055 -0.093224932812770014 0.0020703455690669636 -0.0047633901792544526 -0.013122306708215882 -0.11171306224957842 -0.067829291840308614 -0.067064294772567118 0.045186756069820595 0.10860080052848647 0.10711580457378958 -0.0029301603767695199 0.039628508164261611 -0.018205964523006175 -0.010202377807646115 0.12894012764415072 0.095219789730919616 -0.075739174847260005 0.070088851102000985 0.036735642702416124 0.080596828716253691 -0.013779489966950206 0.039658143865931729 -0.19213369497535324 0.0083414483253612531 0.016665111899801983 0.065267535203551844 0.022160860444856181 -0.031758964270524548 0.0057582987795657872
leaf_weight=99 37 366 59 649 37 704 107 85 113 63 358 277 451 274 235 83 153 188 165 70480 1527 15792 165 538 53 1032 52 229 86 374 681 6915 309 154 305 134 1662 47 351 57 46 733 134 327 1221 365 2539
leaf_count=99 37 366 59 649 37 704 107 85 113 63 358 277 451 274 235 83 153 188 165 70480 1527 15792 165 538 53 1032 52 229 86 374 681 6915 309 154 305 134 1662 47 351 57 46 733 134 327 1221 365 2539
internal_value=-2.09635e-06 0.0118446 -0.0432636 0.0187567 -0.0756454 0.00791633 -0.0496933 0.0447206 0.00961174 -0.000237407 -0.00324209 0.0155499 0.0378595 -0.00605636 0.000859711 -0.0105119 0.0105569 -0.00165725 -0.0151047 0.00228708 -0.00861106 -0.00999001 -0.0516835 -0.063276 0.0543427 0.0378648 0.0336946 0.0641882 0.0842525 -0.0137204 0.00229534 -0.00610864 0.0987914 0.0535728 -0.0427491 0.00128584 0.0300861 -0.0250867 0.00208492 -0.0582417 -0.0777667 0.0160479 -0.0321391 0.0259301 -0.00889365 0.0097409 -0.0105066
internal_weight=110811 2157 240 1917 181 1353 144 564 198 108654 29064 3785 2148 25279 79590 8875 4839 2977 2157 70715 1992 20440 523 683 1697 1095 820 417 602 1637 1055 8192 516 207 582 1661 1862 200 403 331 584 1277 217 1060 19917 1586 18331
internal_count=110811 2157 240 1917 181 1353 144 564 198 108654 29064 3785 2148 25279 79590 8875 4839 2977 2157 70715 1992 20440 523 683 1697 1095 820 417 602 1637 1055 8192 516 207 582 1661 1862 200 403 331 584 1277 217 1060 19917 1586 18331
is_linear=0
shrinkage=0.0970268


Tree=72
num_leaves=48
num_cat=0
split_feature=1 5 7 1 6 2 5 9 9 9 4 3 4 4 7 4 5 4 7 3 5 3 5 2 3 9 4 2 6 3 1 2 7 9 7 7 7 2 7 1 5 4 5 5 5 3 6
split_gain=32.8894 41.5709 88.4981 63.2627 54.2703 56.8927 64.4291 56.3171 55.6425 55.5899 54.6628 51.8094 50.9721 64.3187 75.6795 45.4802 60.5653 44.0251 42.593 45.428 93.3489 48.6432 44.0149 48.2603 42.3893 45.4548 68.0439 62.0897 59.2468 58.5546 60.0273 54.2223 42.1279 67.5005 38.6275 44.7029 38.2431 37.4923 47.3591 38.7478 49.3514 40.9925 36.3201 34.7851 62.5363 41.836 71.0911
threshold=0.13286656687283852 -0.13463856201376623 0.05810655260572601 -0.023496582620215447 0.1777796226144763 -0.17083181571866912 0.020063640269672504 -0.011030411509313947 -0.024332555525317694 0.088546654434736263 -0.01557486765853945 0.015957399507415506 -0.036242308413944539 -0.026182659013875498 -0.0059055762139725992 0.024181560287199855 0.079163110103842318 -0.026696383359199497 0.10332497346923532 0.060758625435256862 0.0009822715782074002 0.043725651568457209 0.11544786664034272 0.17472039115599697 0.11247527283319292 0.058382160598445261 0.12907256854163462 -0.031543230271249841 0.028231206643493354 -0.069433627047456745 -0.096374697003733731 -0.14509134096151591 -0.03594534127811929 0.025145067431292353 -0.066152099884724785 -0.039348472633845243 -0.018932777041685146 -0.097962575394615142 0.0046563955978958004 0.0033654519663465503 0.06371074052120386 -0.049754782208191746 0.050792605644242005 0.031347900195552704 0.058519025415882359 -0.077313997612385679 0.038815968397684204
decision_type=2 2 2 2 2 2 2 2 2 2 2 2 2 2 2 2 2 2 2 2 2 2 2 2 2 2 2 2 2 2 2 2 2 2 2 2 2 2 2 2 2 2 2 2 2 2 2
left_child=1 2 12 -4 5 6 9 8 36 10 -3 -5 34 14 -14 16 -9 -6 24 21 -21 22 23 -20 25 29 27 -27 -28 31 -31 -7 33 -12 -1 -36 -8 38 -26 40 -39 -41 -22 45 -45 46 -2
right_child=43 4 3 11 17 18 7 15 -10 -11 32 -13 13 -15 -16 -17 -18 -19 19 20 42 -23 -24 -25 37 26 28 -29 -30 30 -32 -33 -34 -35 35 -37 -38 39 -40 41 -42 -43 -44 44 -46 -47 -48
leaf_value=0.077133309629132313 0.026479598581494842 0.031381445046818127 -0.18591185602417401 0.0032705712497187664 -0.10814135679776866 -0.077945658667131518 -0.043325339192072536 0.1839167603087109 -0.071766766485884412 0.12096130472841543 -0.13923253468874247 -0.10566037848905625 -0.14932170507601933 -0.010033621187133204 0.0007118064416969074 0.039455133905104654 0.032471794022823269 -0.020075989187010739 0.012949086836750709 -0.12355597640925917 0.079534992728943918 0.09086370634633667 -0.057037303312283204 0.066771679236809434 0.027276320107580604 -0.0007502283148933187 0.083076212262861895 -0.016599180161144696 -0.028477058797947916 -0.011610919701515577 0.0012071830473928903 -0.0083057854141432175 -0.0056717934919809348 0.021166016493282803 -0.074134729932323798 0.019144001787428203 0.06575399814305885 0.021676350890206204 -0.11885452043010361 -0.056031006188449112 0.088900146006937172 0.0090921526213434863 -0.04365189521300037 0.1376027478082838 0.012164047104498279 0.018284870503259349 -0.15198521325086942
leaf_weight=87 46 328 39 86 71 107 38 70 51 37 61 78 72 835 56 101 39 215 1091 64 54 88 72 183 39 4976 142 4373 65 3585 84413 5340 437 41 56 338 142 894 44 101 116 884 38 60 99 621 38
leaf_count=87 46 328 39 86 71 107 38 70 51 37 61 78 72 835 56 101 39 215 1091 64 54 88 72 183 39 4976 142 4373 65 3585 84413 5340 437 41 56 338 142 894 44 101 116 884 38 60 99 621 38
internal_value=-2.01257e-06 -0.000150312 -0.0154473 -0.075369 8.22949e-05 0.000194225 0.0200218 0.0504097 0.017248 0.00517095 0.000162884 -0.048619 -0.00699766 -0.0198831 -0.0838218 0.0867369 0.130146 -0.0420966 -5.57745e-05 0.0157036 -0.0339356 0.0211185 0.0165249 0.0207069 -0.000294387 -0.000571297 -0.00694498 -0.00816498 0.0480162 8.04276e-05 0.000684822 -0.00968136 -0.0188272 -0.0748455 0.0187757 0.00579813 0.0426279 0.0134242 -0.0502877 0.0160895 0.0294399 0.00238423 0.0285864 0.0188499 0.0597942 0.00957256 -0.0544984
internal_weight=110811 109947 1647 203 108300 108014 1345 441 231 904 867 164 1444 963 128 210 109 286 106669 1590 156 1434 1346 1274 105079 103001 9556 9349 207 93445 87998 5447 539 102 481 394 180 2078 83 1995 1010 985 92 864 159 705 84
internal_count=110811 109947 1647 203 108300 108014 1345 441 231 904 867 164 1444 963 128 210 109 286 106669 1590 156 1434 1346 1274 105079 103001 9556 9349 207 93445 87998 5447 539 102 481 394 180 2078 83 1995 1010 985 92 864 159 705 84
is_linear=0
shrinkage=0.0970268


Tree=73
num_leaves=48
num_cat=0
split_feature=3 1 1 1 9 9 2 0 9 6 2 2 4 4 3 8 8 0 8 1 4 6 2 9 9 2 2 1 9 9 8 2 3 6 9 3 4 9 4 2 8 8 6 6 1 8 4
split_gain=30.3739 108.297 58.6558 53.0836 50.4603 63.3558 45.5771 38.2633 32.0986 61.2524 58.0416 47.912 94.2427 75.3236 106.013 117.496 114.577 75.2513 69.7398 70.6233 73.8241 84.4665 73.4054 66.996 66.8132 64.7467 79.8312 112.702 65.3747 63.9491 60.688 58.3294 56.0065 55.8234 58.3149 57.883 56.8893 55.139 87.6452 55.0873 98.7118 92.6952 197.219 78.7721 86.5343 73.4849 102.029
threshold=-0.15318389442210548 -0.093672532763851041 -0.074359162551747737 -0.053503364706735793 0.0012201193948971503 0.051083644951331754 -0.043764128842901047 -0.44049999999999995 -0.04632313950314474 -0.069434401181189737 0.1228346226945554 0.023233723475790755 -0.13554570028972837 -0.10991302374874019 0.0091389964893789522 -0.043372761206445593 -0.082968728144152445 -0.79619999999999991 -0.093678183613809737 0.046962314179796551 -0.0080955067557432481 -0.033953573498802188 -0.18757174852965111 -0.04554059317593414 0.10994557259447872 -0.056609642482235392 -0.06595760297835164 -0.0064470339305020994 0.010908478283305201 0.010083569862977553 -0.025519095618117497 -0.074161972429285933 -0.020455303895357099 -0.073000695689616091 -0.027575141132673547 0.018814861228179856 -0.0035621910404385498 0.14512608310463124 -0.10109648475718803 0.17896003900554594 -0.057655863997381991 -0.13667504780404063 0.0072379848272470506 -0.051508719244332944 -0.031821152397015197 0.11683441370628826 0.062598133732963204
decision_type=2 2 2 2 2 2 2 2 2 2 2 2 2 2 2 2 2 2 2 2 2 2 2 2 2 2 2 2 2 2 2 2 2 2 2 2 2 2 2 2 2 2 2 2 2 2 2
left_child=1 4 -3 -4 -1 -6 7 -5 9 10 -2 12 -10 14 15 16 -14 32 25 22 21 -21 29 30 -24 26 31 -28 -27 -20 -13 -15 -17 34 -25 37 -37 38 -36 41 -41 42 -35 44 -42 46 -43
right_child=8 2 3 6 5 -7 -8 -9 11 -11 -12 23 13 18 -16 17 -18 -19 19 20 -22 -23 24 33 -26 28 27 -29 -30 -31 -32 -33 -34 39 35 36 -38 -39 -40 40 43 45 -44 -45 -46 -47 -48
leaf_value=0.042379073699695249 -0.016724652870797184 0.15916064598292592 -0.026122330227676523 0.19168509230495315 -0.13688085673493769 0.011926352387684145 0.01620595740868775 0.060192647666637671 0.067050801917477823 0.0065079362333671986 0.034513107372739139 0.028703391579361519 0.026926845134629278 -0.019144748327549668 -0.091801640489741848 0.033914415996186144 -0.17026791578430575 0.10164112026447114 0.00060190271557949613 0.036217507932784734 0.00091985524217403779 0.0085177536692143067 7.4537750567267715e-05 -0.030122394988861143 -0.030161304773293651 -0.011027089198338677 -0.17125854314512423 -0.032713113966366114 0.03500341619859778 0.087199823089958689 -0.11651096458788147 0.032812495017363399 -0.099608297397029977 0.072380364003140185 -0.076448893987073441 -0.097385354261605536 0.0080337594015231859 0.14371592401427827 0.037805442037541097 -0.02089550282979797 0.037773081706266469 -0.015459224734234172 -0.044312460223220392 0.012762493695118672 -0.072662593475666823 0.013121080365788467 0.010486920904755608
leaf_weight=50 1916 48 74 39 64 46 72 46 199 13137 233 38 49 2263 200 88 63 97 153 1548 5255 3139 57010 233 696 756 74 217 471 169 92 223 44 368 68 63 200 41 827 1319 97 11608 216 4197 212 1167 1626
leaf_count=50 1916 48 74 39 64 46 72 46 199 13137 233 38 49 2263 200 88 63 97 153 1548 5255 3139 57010 233 696 756 74 217 471 169 92 223 44 368 68 63 200 41 827 1319 97 11608 216 4197 212 1167 1626
internal_value=-1.91648e-06 0.0254569 0.06193 0.041435 -0.0380811 -0.0747595 0.0733208 0.121276 -0.000103358 0.00402331 -0.0111594 -0.000766872 0.000441107 0.0002578 -0.0357968 -0.00285006 -0.0841341 0.0369453 0.000529143 0.00126234 0.00881811 0.0176707 -3.20909e-05 -0.00469342 -0.000290197 -0.0119138 -0.0201151 -0.0681716 0.00664072 0.0461352 -0.0740371 -0.0144756 -0.0106976 -0.00428632 0.0142393 0.0228752 -0.0172983 0.0341759 0.0290827 -0.00556183 0.00244365 -0.00867434 0.0292034 0.00927886 -0.0379611 -0.0102118 -0.0122704
internal_weight=110811 439 279 231 160 110 157 85 110372 15286 2149 95086 72714 72515 541 341 112 229 71974 67970 9942 4687 58028 22372 57706 4004 2777 291 1227 322 130 2486 132 22242 1432 1199 263 936 895 20810 5825 14985 584 4506 309 14401 13234
internal_count=110811 439 279 231 160 110 157 85 110372 15286 2149 95086 72714 72515 541 341 112 229 71974 67970 9942 4687 58028 22372 57706 4004 2777 291 1227 322 130 2486 132 22242 1432 1199 263 936 895 20810 5825 14985 584 4506 309 14401 13234
is_linear=0
shrinkage=0.0970268


Tree=74
num_leaves=48
num_cat=0
split_feature=2 5 6 4 5 6 1 1 1 5 0 9 6 9 3 2 3 9 5 3 9 2 6 6 6 0 4 6 0 4 9 4 3 2 1 1 1 3 5 2 2 2 5 9 0 6 4
split_gain=28.3985 58.3446 68.9816 70.9573 55.9247 54.351 50.2265 54.1163 66.4918 49.3106 46.2957 57.3974 46.0003 45.1097 43.3156 43.2431 42.8951 42.5843 89.6407 42.5562 49.6326 100.592 61.6886 52.2736 47.1687 44.6382 41.6043 40.6666 46.1524 73.6925 42.908 55.2601 39.4014 54.3424 38.8581 46.3779 38.5543 38.1008 90.1924 175.964 262.7 105.775 222.559 89.2166 117.529 199.231 87.5605
threshold=-0.11350959996507208 -0.073811722070813282 -0.05975098773632119 -0.030695532482002647 0.0071457353399621013 -0.053633272910594339 -0.10246340893092402 0.023872907263590152 0.019275904391133403 0.17465723710244555 0.51075000000000015 0.0050111687950766511 -0.11534681073594064 0.052075151441863261 0.076116961735840413 -0.20260137548602794 -0.0075526514470863485 0.0088507637863274018 0.047795594144154761 0.069581063249944966 -0.040836782488664895 0.080261532039906172 0.022523747213298553 0.0078371455206049014 -0.0069727208777144991 0.051650000000000008 -0.023426825148863444 0.087630667783161906 -0.9061499999999999 -0.0099521616891134479 -0.0076421240825544487 0.04558573552231001 -0.097035994128117739 -0.13936677746106751 0.045557988990703811 0.14678926978451887 0.13286656687283852 -0.0029462045024882997 -0.045871093620569792 0.067498221690603308 -0.03212242909321824 0.17057609265983603 0.10822796859505861 -0.024332555525317694 -0.66004999999999991 -0.017957790037774198 -0.068701752432777943
decision_type=2 2 2 2 2 2 2 2 2 2 2 2 2 2 2 2 2 2 2 2 2 2 2 2 2 2 2 2 2 2 2 2 2 2 2 2 2 2 2 2 2 2 2 2 2 2 2
left_child=1 6 3 4 -3 -4 -1 8 15 37 12 -12 -5 17 32 -8 -13 18 -14 20 22 23 -11 24 -22 -25 -16 28 -17 -30 -29 -32 33 -7 -9 36 -36 38 39 40 46 -40 -43 44 45 -42 -2
right_child=9 2 5 10 -6 14 7 34 -10 19 11 16 13 -15 26 27 -18 -19 -20 -21 21 -23 -24 25 -26 -27 -28 30 29 -31 31 -33 -34 -35 35 -37 -38 -39 41 -41 43 42 -44 -45 -46 -47 -48
leaf_value=0.071371726993365067 0.049234687555832629 0.091342494809374092 0.071805376047910291 0.046800642813465861 -0.02642478644691117 -0.10588303687329859 0.048782249869930225 0.028420837487470371 -0.11490714922768692 -0.003042379364999374 -0.0216165365083308 -0.050741260353661138 -0.00040566131089668603 -0.11836622239966818 -0.1153153669523999 -0.11943774227923866 -0.16069242575262754 0.055499678092247137 -0.14394144753686933 0.04997864132510503 -0.06007175991437038 0.042050426753837952 -0.16325365054069008 -0.054630283551364268 -0.19224573748159152 0.030397905191432373 -0.0024796434699689307 0.043259867232374301 0.015093198450296131 -0.063829446901416745 -0.048012412055289042 0.061875824586816931 0.012086838319694693 0.022163049062252662 -0.0083982072321153525 0.082927337888192301 -0.10297791836988546 0.0015061324533097683 -0.0056304913643583131 -0.012132560208652466 0.075163693301097928 0.0056145314681036104 0.104043814127131 0.058081516679646811 0.033851139984345989 -0.17536686276971 -0.0043805532870759816
leaf_weight=72 315 92 137 107 64 63 78 379 75 38 185 69 188 43 49 66 66 67 52 62 78 159 56 169 38 88 82 129 183 283 206 54 7475 61 951 50 42 50774 36703 3030 51 2431 237 1402 586 71 3155
leaf_count=72 315 92 137 107 64 63 78 379 75 38 185 69 188 43 49 66 66 67 52 62 78 159 56 169 38 88 82 129 183 283 206 54 7475 61 951 50 42 50774 36703 3030 51 2431 237 1402 586 71 3155
internal_value=-1.62751e-06 0.00459221 0.00834764 -0.016588 0.0430273 0.0113068 -0.00827253 -0.0105852 -0.0270204 -0.00052689 -0.0285857 -0.056869 -0.00872713 -0.0257647 0.0102296 -0.0203677 -0.104894 -0.012621 -0.0317399 -0.0264049 -0.0340131 -0.0224646 -0.0988856 -0.0500066 -0.103985 -0.0254777 -0.0449884 -0.0262536 -0.0436779 -0.0328307 -0.0023789 -0.0250913 0.0111851 -0.0429558 0.00182567 -0.00783703 -0.0124495 -0.000346401 -0.00230696 0.00668797 0.0169095 -0.00427434 0.0143765 0.0439037 0.0157976 -0.0706626 0.000489228
internal_weight=110811 11368 8800 933 156 7867 2568 2496 1074 99443 777 320 457 350 7730 999 135 307 240 688 626 532 94 373 116 257 131 921 532 466 389 260 7599 124 1422 1043 993 98755 47981 8610 5580 39371 2668 2110 708 122 3470
internal_count=110811 11368 8800 933 156 7867 2568 2496 1074 99443 777 320 457 350 7730 999 135 307 240 688 626 532 94 373 116 257 131 921 532 466 389 260 7599 124 1422 1043 993 98755 47981 8610 5580 39371 2668 2110 708 122 3470
is_linear=0
shrinkage=0.0970268


Tree=75
num_leaves=48
num_cat=0
split_feature=0 6 5 7 1 5 8 2 7 1 3 5 3 5 5 5 5 6 3 3 6 3 3 8 3 1 1 0 5 1 2 3 7 7 8 6 1 3 3 8 7 2 5 7 8 3 3
split_gain=27.8864 61.7766 50.5292 39.1284 70.5716 58.7135 36.4232 41.0717 29.2604 43.0496 49.9613 40.1316 37.8259 100.421 38.5371 55.4172 32.9267 50.2333 32.2272 32.0376 28.6658 41.7554 65.1853 31.097 98.1686 38.3858 28.5422 60.3657 33.0266 66.7946 150.662 79.0395 91.7478 78.3768 90.3661 78.1727 77.692 71.5842 67.3143 100.658 64.6354 60.4183 50.4 89.8418 49.3237 133.375 83.3037
threshold=-0.98494999999999988 -0.026216722582171347 0.083068829820494461 -0.031465894177249092 -0.076125887519388286 0.043908403179957804 0.10115501634649351 -0.12605914524706577 0.10332497346923532 0.04206493927765801 0.011571371925567802 -0.028729697365365795 0.060758625435256862 0.0009822715782074002 0.099374248208709659 0.08113326105371936 -0.0048574820301523491 -0.038567422464482443 -0.043278355832032898 0.0022027289066186002 -0.092033038725406788 -0.00073512634347449983 -0.042537425837813093 -0.030119355805494297 -0.040224923145051945 -0.12536486058254201 0.13286656687283852 -0.79619999999999991 0.14177564617113228 -0.019749686222752496 0.23449692913234538 0.025393546253592806 0.010625455517355451 -0.044902978838901687 -0.044296478870036696 -0.0074762196809996994 0.090411043541748962 0.043725651568457209 -0.024182531111656694 -0.049469788334955141 -0.024182301337033446 0.067498221690603308 0.1288734819880071 0.063416130858917313 -0.057655863997381991 -0.019566044812236796 -0.0048258181491542497
decision_type=2 2 2 2 2 2 2 2 2 2 2 2 2 2 2 2 2 2 2 2 2 2 2 2 2 2 2 2 2 2 2 2 2 2 2 2 2 2 2 2 2 2 2 2 2 2 2
left_child=1 -1 3 -3 -5 6 7 -6 26 12 11 -11 14 -14 15 20 17 -12 -13 -16 21 22 -10 24 -22 -25 28 -28 42 30 35 33 -33 41 40 -30 -36 -34 39 -37 -35 -31 -2 44 -44 -46 -47
right_child=8 2 -4 4 5 -7 -8 -9 9 10 16 18 13 -15 19 -17 -18 -19 -20 -21 23 -23 -24 25 -26 -27 27 -29 29 31 -32 32 37 34 36 38 -38 -39 -40 -41 -42 -43 43 -45 45 46 -48
leaf_value=-0.13222472661807724 -0.00019718427201701841 -0.10405734336753765 0.077975546010915386 -0.12830795967868891 0.085571237158045058 -0.08861733427295139 0.11216971595122001 -0.032304035852098512 0.11269005464350423 0.047143593284371406 -0.16092464675420626 -0.091697509738657673 -0.1289032134137231 0.041325600558560847 -0.086160781722173965 0.12881966887089483 -0.0024129413399182325 -0.011634964423192959 0.006309062586585981 0.031938156884976886 -0.12036734354923496 0.12955321920797622 -0.044080173912691221 -0.059239451928554863 0.02770527535950992 0.037376532786538033 -0.074055717035740501 0.025106467889752276 -0.13336040092690343 -0.10831357647650426 0.11055547692758533 0.075162509441728628 0.065121573511830233 0.13709112055604949 -0.038389981837384818 -0.068198405330643863 0.099715442986923614 -0.092154207624835671 -0.061820771032840609 0.11047890398325763 0.017730819172928843 0.011501809428711044 -0.023803669728454629 0.15200183254716063 0.098647727026825852 -0.083711754315949793 0.022846762682634796
leaf_weight=45 104960 51 50 40 43 43 45 77 45 137 50 47 54 81 49 53 56 37 94 38 57 59 55 41 158 588 62 776 100 128 56 227 44 48 515 57 41 70 310 61 367 57 215 48 184 89 303
leaf_count=45 104960 51 50 40 43 43 45 77 45 137 50 47 54 81 49 53 56 37 94 38 57 59 55 41 158 588 62 776 100 128 56 227 44 48 515 57 41 70 310 61 367 57 215 48 184 89 303
internal_value=-1.76081e-06 -0.0257553 -0.0118588 -0.0270001 -0.0109679 0.0117656 0.0381398 0.0100086 9.01489e-05 0.0127234 -0.0141625 0.00979079 0.0215892 -0.0268857 0.0273303 0.0324501 -0.0606862 -0.0978988 -0.0264692 -0.0345659 0.027297 0.0650691 0.0265502 0.0201416 -0.0116659 0.031029 -0.000107242 0.0177256 -0.000245919 -0.0123495 -0.0401685 -0.00148258 0.0395309 -0.0135988 -0.00254967 -0.0562467 -0.028122 -0.0313545 -0.0380953 0.0241548 0.0316827 -0.0714051 -7.71419e-06 0.0236725 0.0157973 0.0306014 -0.00138633
internal_weight=110811 394 349 299 248 208 165 120 110417 1699 421 278 1278 135 1143 1056 143 87 141 87 1003 159 100 844 215 629 108718 838 107880 2081 584 1497 341 1156 971 528 556 114 428 118 415 185 105799 839 791 576 392
internal_count=110811 394 349 299 248 208 165 120 110417 1699 421 278 1278 135 1143 1056 143 87 141 87 1003 159 100 844 215 629 108718 838 107880 2081 584 1497 341 1156 971 528 556 114 428 118 415 185 105799 839 791 576 392
is_linear=0
shrinkage=0.0970268


Tree=76
num_leaves=48
num_cat=0
split_feature=7 8 8 5 0 1 8 1 6 9 3 8 7 9 1 8 0 1 8 0 8 0 1 8 0 5 8 1 8 5 1 6 1 7 9 6 5 7 7 7 1 3 1 1 1 6 1
split_gain=27.4167 61.3145 68.0723 40.8656 32.7192 38.0627 95.2954 64.8461 29.3791 26.788 80.3259 69.601 67.9349 85.0874 66.0188 64.0195 63.3718 65.3813 62.2563 61.788 60.7269 57.957 55.6769 54.3003 55.5911 50.9584 77.5268 62.5271 59.9425 61.2588 56.4262 56.2224 68.0889 60.7746 66.1926 56.4546 92.572 77.3023 53.7427 51.5375 48.7572 69.962 45.5463 43.6381 85.3113 45.4331 43.4232
threshold=-0.14131868294878788 0.023261611600508502 0.043381359287571759 -0.017774727675819498 -0.68049999999999988 -0.050582545528229592 -0.074239912271120742 0.015796691893644653 -0.086105361843978739 -0.072304232977273439 -0.046634456181304997 -0.044296478870036696 0.06070177414684786 -0.08125201657299598 0.0052259029511499506 -0.060088790887049888 0.20235000000000003 0.064238670046360621 0.025605468925480903 -0.5422499999999999 0.022092794498701402 -0.2967499999999999 -0.041439864055435989 0.032152788056008304 0.79660000000000009 0.0019614815398792005 0.065915943949659675 -0.057991675606111494 0.14025027765073383 0.0113560394668704 -0.045819074632108395 -0.025704395309371849 -0.064138842112450675 0.027019105125103953 -0.083828253339822092 -0.049390437701246043 -0.017774727675819498 0.051571024577313856 -0.0079848888777889985 0.023101352936410451 0.0033654519663465503 -0.006428281505703899 -0.028525268217581595 0.022736740153580303 0.056196733770714755 -0.019446293347743945 -0.015405572447226948
decision_type=2 2 2 2 2 2 2 2 2 2 2 2 2 2 2 2 2 2 2 2 2 2 2 2 2 2 2 2 2 2 2 2 2 2 2 2 2 2 2 2 2 2 2 2 2 2 2
left_child=1 4 -3 -4 -1 -6 -7 -8 -5 10 16 12 13 15 21 -12 20 23 -19 -17 -2 -14 -15 24 42 31 30 -28 29 -29 -27 32 39 34 38 37 -37 -34 -33 -13 41 -32 -18 45 -45 -24 -35
right_child=9 2 3 8 5 6 7 -9 -10 -11 11 25 14 22 -16 19 17 18 -20 -21 -22 -23 43 -25 -26 26 27 28 -30 -31 40 33 35 46 -36 36 -38 -39 -40 -41 -42 -43 -44 44 -46 -47 -48
leaf_value=-0.050246045018782826 -0.022455980045642535 -0.15165079843107124 0.037302396256192021 -0.1242197474689425 0.10530252613419726 0.12659308153031298 -0.15020133279585882 0.01841862777287389 -0.013203353098172898 -0.00026932932468814677 0.042611837763941472 0.083878684550045948 -0.17220109107802109 -0.077442154412046729 0.040196756575566303 0.20765950966433036 0.00092333238736385813 -0.099519258328220034 0.045162711029005577 0.071432488092948082 -0.097449557264996947 -0.0091020477171415773 0.1473155908553698 -0.041615964167188033 -0.0083446489155991552 -0.014684944525736571 0.065271143815591987 0.057070303858246726 0.051282131973994914 -0.0653451659317308 0.0077827774415490112 -0.032128028263693958 -0.040617192636411274 -0.049933423248894819 0.068716743807154215 -0.041637183154298131 -0.18925661908785316 0.03788516785099881 0.041383840936151661 -0.043274781227680338 0.022569052284351829 0.095268668828684289 0.12021125721817233 -0.11196447582684821 0.040721323659095005 0.021799110725092486 0.011331022948448779
leaf_weight=63 431 58 56 44 47 40 37 50 46 104314 666 88 40 72 67 45 41 82 42 105 133 42 38 71 85 229 73 44 67 288 130 193 400 211 240 183 51 167 181 45 673 256 115 56 88 94 224
leaf_count=63 431 58 56 44 47 40 37 50 46 104314 666 88 40 72 67 45 41 82 42 105 133 42 38 71 85 229 73 44 67 288 130 193 400 211 240 183 51 167 181 45 673 256 115 56 88 94 224
internal_value=-1.6224e-06 -0.0241345 -0.0630785 -0.0274964 0.00940024 0.0311179 0.00333573 -0.0535635 -0.0679038 9.48116e-05 0.00636821 0.0113391 0.0305575 0.0384571 -0.0310283 0.0555814 -0.0187495 0.00901014 -0.0504529 0.112826 -0.0402161 -0.0892449 -0.00168838 0.0327083 0.0546771 0.00459236 0.0166088 -0.0170074 -0.0321366 -0.0490423 0.0289365 -0.00606937 -0.0233812 0.00933894 0.0289939 -0.034063 -0.0741304 -0.0174685 0.00343043 0.0407869 0.03838 0.0658687 0.0890053 0.0181274 -0.018745 0.0583537 -0.018384
internal_weight=110811 441 204 146 237 174 127 87 90 110370 6056 5056 1313 1164 149 816 1000 436 124 150 564 82 348 312 241 3743 1760 472 399 332 1288 1983 934 1049 614 801 234 567 374 133 1059 386 156 276 144 132 435
internal_count=110811 441 204 146 237 174 127 87 90 110370 6056 5056 1313 1164 149 816 1000 436 124 150 564 82 348 312 241 3743 1760 472 399 332 1288 1983 934 1049 614 801 234 567 374 133 1059 386 156 276 144 132 435
is_linear=0
shrinkage=0.0970268


Tree=77
num_leaves=48
num_cat=0
split_feature=4 7 7 7 1 7 6 3 1 8 1 9 9 6 1 8 8 8 1 8 7 6 1 8 6 1 6 3 0 9 4 9 9 4 4 1 0 6 8 9 6 6 0 4 7 0 4
split_gain=27.4332 64.0114 61.6758 78.7156 62.902 55.5849 48.5192 46.2539 80.0458 54.9725 45.3291 44.1617 67.4666 71.4328 42.025 106.474 72.2098 35.9944 33.561 33.4956 31.0565 72.5159 70.4745 40.481 40.3491 66.6612 43.5995 30.2276 57.93 58.9136 63.6303 49.2777 105.01 47.7212 45.8561 35.2286 45.7475 33.5794 31.1209 79.4821 68.2278 170.088 68.7558 62.3828 153.654 109.373 81.5239
threshold=-0.11688891795680724 -0.061956365179484295 -0.020202799864519744 -0.010488563263260699 -0.038400346959895491 -0.09021659751123938 -0.061577147724922239 -0.15318389442210548 -0.093672532763851041 0.030853137949238503 -0.074359162551747737 0.099487548053832406 0.06924345615733736 -0.043474204523873045 -0.061510597897883747 0.055228771759032555 -0.0066055323419411992 0.021012693223322953 -0.053503364706735793 0.012079557883119952 0.047671211795395907 0.031334909680231157 -0.12536486058254201 0.027387715128839002 -0.041524953795783547 -0.027258055345550498 -0.011740964979741397 0.094691000577307102 -0.8748999999999999 0.051083644951331754 -0.049754782208191746 0.0037490071266637506 0.017887794658556604 -0.014187407861517148 -0.065856962706443936 0.13286656687283852 -0.79619999999999991 -0.0022702337887500492 -0.018201141239484946 -0.078679476976378782 -0.034522170389873992 -0.053633272910594339 -0.59889999999999988 -0.025097330520276896 0.046011906146956862 -0.64819999999999989 -0.10510920546429559
decision_type=2 2 2 2 2 2 2 2 2 2 2 2 2 2 2 2 2 2 2 2 2 2 2 2 2 2 2 2 2 2 2 2 2 2 2 2 2 2 2 2 2 2 2 2 2 2 2
left_child=1 5 6 4 -4 17 -3 8 9 -2 -10 12 20 -14 16 -16 -8 -1 -12 -7 21 22 -5 -23 25 -22 -26 35 29 31 -31 33 -33 34 -29 38 -37 -34 39 40 41 -9 -43 44 45 -41 -46
right_child=7 2 3 11 -6 19 14 27 10 -11 18 -13 13 -15 15 -17 -18 -19 -20 -21 24 23 -24 -25 26 -27 -28 28 -30 30 -32 32 37 -35 -36 36 -38 -39 -40 43 -42 42 -44 -45 46 -47 -48
leaf_value=0.032017815510658236 -0.076476150423055486 0.036806340167155137 0.0032029608441894852 -0.096607831040706818 0.1724828862767718 0.037960106821270566 0.060652578936590394 0.028897478180573054 0.15250397630479226 0.059440515386311794 -0.0089929943415909142 0.061581360517185768 -0.0099694936695349547 -0.18908549889994217 -0.1568117088580866 0.033067107751923862 -0.093255450527132494 -0.069888193676612337 0.072229967705961767 0.14447556383415111 -0.1697393293071344 -0.013756309685180454 0.040785731660110361 -0.11974165413058507 0.04745882446201833 -0.023888856186405651 -0.033797057104645555 0.011232625177081269 0.0041031086121056746 0.19236668843130372 0.033112622693256336 -0.14912047977159171 0.094737336257974231 -0.010231868530885996 0.12637493251724033 -0.062166432269855763 0.026208658064673575 -0.018237094625857916 0.00079625043095567954 -0.030116052064432217 0.029527756376016605 0.025674464950697574 -0.1193011448567621 -0.0010654261177992447 0.12425113296485804 -0.0069908143718521417 0.012782245506490068
leaf_weight=81 82 43 45 39 38 67 48 330 45 42 71 64 40 44 109 37 70 54 145 48 47 86 323 56 81 79 262 51 2935 45 50 42 45 75 91 59 761 54 70174 3081 1249 39 142 22719 64 5137 1522
leaf_count=81 82 43 45 39 38 67 48 330 45 42 71 64 40 44 109 37 70 54 145 48 47 86 323 56 81 79 262 51 2935 45 50 42 45 75 91 59 761 54 70174 3081 1249 39 142 22719 64 5137 1522
internal_value=-1.45491e-06 -0.0120137 -0.019543 -0.0096262 0.0812917 0.0334135 -0.0583389 0.000192485 0.0337455 -0.0303206 0.0642181 -0.0163939 -0.0211464 -0.104374 -0.0739046 -0.108672 -0.0305778 -0.00876648 0.0455233 0.0828613 -0.0139101 0.00279651 0.0258638 -0.0558471 -0.0318696 -0.0787481 -0.014547 7.33929e-05 0.00909365 0.0413736 0.109158 0.0232538 -0.0213202 0.0522444 0.0852403 -0.000216842 0.0198103 0.0332048 -0.000374225 -0.00277032 0.0173092 -0.0125375 -0.0880253 -0.00385743 -0.0103261 -0.0156629 0.0173178
internal_weight=110811 1761 1511 1204 83 250 307 109050 385 124 261 1121 1057 84 264 146 118 135 216 115 973 504 362 142 469 126 343 108665 3388 453 95 358 141 217 142 105277 820 99 104457 34283 1760 511 181 32523 9804 8218 1586
internal_count=110811 1761 1511 1204 83 250 307 109050 385 124 261 1121 1057 84 264 146 118 135 216 115 973 504 362 142 469 126 343 108665 3388 453 95 358 141 217 142 105277 820 99 104457 34283 1760 511 181 32523 9804 8218 1586
is_linear=0
shrinkage=0.0970268


Tree=78
num_leaves=48
num_cat=0
split_feature=6 0 0 3 3 0 4 5 0 5 2 2 0 2 3 6 4 3 0 0 4 5 9 3 5 5 0 5 9 3 4 2 4 2 3 5 0 1 0 4 0 1 1 3 9 3 4
split_gain=25.9885 50.5678 82.3702 62.2045 65.6215 61.2061 59.5527 55.8881 50.8838 47.2359 53.2778 99.8902 79.4212 71.3238 91.4579 70.9423 59.0324 50.1714 75.9129 98.8915 59.1946 53.5511 96.8694 54.1969 47.4839 47.8926 45.8255 45.6319 45.1164 49.2977 70.5532 43.3465 40.8448 38.9892 46.047 42.5425 110.428 58.9929 56.2317 52.5889 41.6919 50.045 112.718 41.7398 49.0414 39.5773 38.0708
threshold=0.094949386485631324 0.36190000000000005 1.0000000180025095e-35 -0.048374830744031795 -0.032435441913664896 0.62535000000000018 0.10905010520579432 -0.078970114533016084 0.64900000000000013 -0.066760159288869178 -0.083193953618881392 0.070421574323952615 -0.45944999999999997 -0.12432649373478959 -0.019566044812236796 0.1777796226144763 -0.018889827030510797 -0.05534494268742244 -0.89814999999999989 -0.69114999999999982 -0.028329081345206748 0.058519025415882359 -0.023330194865328144 -0.030240521553267247 -0.060945116964850443 0.070765473541924112 -0.95304999999999984 -0.13463856201376623 -0.025383819001118097 -0.040953029330111239 0.00090938788463340006 -0.042057798850643598 -0.018889827030510797 -0.20260137548602794 -0.040953029330111239 -0.13463856201376623 0.8226500000000001 0.14678926978451887 0.89345000000000008 -0.096975438815718226 -0.25014999999999993 -0.074359162551747737 0.016253589878105903 -0.07510852646201073 -0.013057005415354598 -0.014067164592165298 0.0097867021620765011
decision_type=2 2 2 2 2 2 2 2 2 2 2 2 2 2 2 2 2 2 2 2 2 2 2 2 2 2 2 2 2 2 2 2 2 2 2 2 2 2 2 2 2 2 2 2 2 2 2
left_child=33 2 6 -4 -5 7 9 27 -7 10 13 31 -13 15 -15 26 -17 18 -11 -20 21 23 -23 -19 -22 -26 -2 -3 -10 30 -30 -12 -31 34 -1 36 37 39 -38 -35 41 -41 -43 -42 -45 -36 -16
right_child=1 5 3 4 -6 8 -8 -9 28 17 11 12 -14 14 46 16 -18 20 19 -21 24 22 -24 -25 25 -27 -28 -29 29 32 -32 -33 -34 35 45 -37 38 -39 -40 40 43 42 -44 44 -46 -47 -48
leaf_value=0.11540732984949525 -0.052973087649133152 0.011726049026946303 0.056775599777764967 -0.18266621079531503 -0.04956543271253145 -0.1045444476133803 0.083816217334737653 0.012075894483682251 0.034337233330015836 0.011272264208663394 0.047266402515554473 -0.13364450250616122 0.051163341549882536 -0.18714625266337212 -0.001886181397351876 -0.10974302103982519 0.015944356455116281 0.042879206020089031 -0.24045214483969199 -0.033858176466080539 -0.10218507703322693 0.14308493511357601 -0.03827183541935672 -0.065562377810129552 0.0072898946373444636 -0.037377223589291818 0.045332906559242374 0.11796619998505788 -0.14584097090986187 0.039490390684074637 -0.0080320304461673452 0.1493014206347863 -0.013521825868017388 0.058620774623084841 -0.05741078274407032 0.00046821359582637206 -0.15515614982485934 0.10440022746620523 -0.023482972738918556 0.029444675110306389 0.082103041254461259 -0.1331795173887228 -0.0095047583503141062 0.030385264989116461 -0.032512640147598686 0.048629547027103814 -0.10470030607961017
leaf_weight=58 50 58 46 38 396 45 66 296 276 62 89 41 46 37 170 68 72 48 40 48 44 39 93 419 1302 273 388 112 57 182 90 71 547 89 49 103776 77 42 51 67 49 123 159 176 344 100 42
leaf_count=58 50 58 46 38 396 45 66 296 276 62 89 41 46 37 170 68 72 48 40 48 44 39 93 419 1302 273 388 112 57 182 90 71 547 89 49 103776 77 42 51 67 49 123 159 176 344 100 42
internal_value=-1.18192e-06 -0.00641094 -0.0123385 -0.0500209 -0.0614054 0.00779767 -0.00717438 0.0376155 -0.003812 -0.00893178 0.0079379 0.0474426 -0.0360473 -0.00386783 -0.0472453 0.0148237 -0.0451832 -0.0165869 -0.0708322 -0.128562 -0.0129016 -0.0389508 0.015524 -0.0543682 -0.00325057 -0.000454422 0.0340499 0.0818915 0.000151392 -0.0106202 -0.061793 0.0928733 -0.000259242 0.000343197 0.0423688 0.000260053 -0.0180793 -0.00766997 -0.103012 -0.0123948 -0.0193133 -0.0456957 -0.0635981 -0.00309364 -0.0111991 0.0136324 -0.0224646
internal_weight=110811 5651 3988 480 434 1663 3508 466 1197 3442 1074 247 87 827 249 578 140 2368 150 88 2218 599 132 467 1619 1575 438 170 1152 876 147 160 729 105160 207 104953 1177 1049 128 1007 918 349 282 569 520 149 212
internal_count=110811 5651 3988 480 434 1663 3508 466 1197 3442 1074 247 87 827 249 578 140 2368 150 88 2218 599 132 467 1619 1575 438 170 1152 876 147 160 729 105160 207 104953 1177 1049 128 1007 918 349 282 569 520 149 212
is_linear=0
shrinkage=0.0970268


Tree=79
num_leaves=48
num_cat=0
split_feature=2 8 5 6 8 0 5 7 6 3 5 3 3 7 8 2 6 6 7 2 3 0 7 4 8 3 7 0 8 8 3 6 8 7 4 6 6 5 2 3 5 2 2 7 2 4 6
split_gain=24.1705 126.741 78.2259 75.1139 80.733 83.1825 69.8359 67.261 63.0362 49.1657 72.3867 47.4096 51.0229 50.2451 45.9891 88.1752 48.4902 42.9482 58.9112 92.827 57.1343 61.7544 56.1934 89.8516 63.1453 66.2207 70.3114 62.3068 56.1543 71.156 75.7005 55.5533 50.5269 49.664 51.2496 45.0361 44.9004 44.1162 60.6716 97.9146 51.0253 46.0071 42.8713 49.4543 42.7423 42.4323 48.6237
threshold=-0.10808640908723294 -0.15018081743147496 -0.073811722070813282 -0.05975098773632119 -0.034986805841587039 0.59945000000000015 -0.025420964496136848 0.019828326375400603 -0.053633272910594339 -0.097035994128117739 -0.0014992295605405998 -0.031893002421384743 0.015028098917057453 -0.087112539293808286 -0.069451308512330043 -0.13201138305391497 -0.084329663943004188 0.072548590216308814 0.077225608832147755 -0.060980954983817788 -0.012892311691464547 -0.97464999999999991 -0.047520554401314898 -0.0095231539277669999 0.16978894556136356 -0.040953029330111239 0.017501695339239103 -0.22549999999999998 0.13083336982658827 0.019907789041562002 -0.020031250633619494 0.07926248906008336 0.096604976774522525 -0.051276124288967641 -0.020350104226088246 0.077573471606376107 0.097911686297019365 -0.084540219301190586 0.15224762072515693 0.012870030474788052 -0.15701326116810319 0.14210695638873913 -0.12987122033696444 0.031442314973884104 0.13553097061586228 -0.021885835399852099 -0.075528207345353246
decision_type=2 2 2 2 2 2 2 2 2 2 2 2 2 2 2 2 2 2 2 2 2 2 2 2 2 2 2 2 2 2 2 2 2 2 2 2 2 2 2 2 2 2 2 2 2 2 2
left_child=1 6 11 4 14 45 -1 -8 -5 10 -10 42 -13 -14 16 -16 -4 -2 20 -20 22 -22 33 28 25 27 -27 -25 29 30 -24 -31 37 34 -19 -34 -26 40 41 -40 -23 -39 -3 -44 -42 -6 -47
right_child=17 2 3 8 5 -7 7 -9 9 -11 -12 12 13 -15 15 -17 -18 18 19 -21 21 32 23 24 36 26 -28 -29 -30 31 -32 -33 35 -35 -36 -37 -38 38 39 -41 44 -43 43 -45 -46 46 -48
leaf_value=0.0280224105945669 2.2200823137193895e-05 0.042590979719410581 -0.1064638743724 0.070518633474378395 0.059063679219104832 -0.043664760604634971 -0.10108016793890358 -0.013039354219759143 0.029491955538377298 0.012489033970588065 -0.1162531814698633 -0.028872552590298351 -0.077890317546129267 0.0049826263616763802 -0.013462078319588584 -0.19166741339455776 0.032482713473997726 0.055179565809901326 0.14696977230092392 -3.1514737385130499e-05 -0.061900455003251711 -0.053639973844716284 -0.013240246215948916 -0.07804168266074768 -0.021109879762123893 0.026886310813517406 -0.045110928645289858 -0.0088918509628609539 0.032391153321927608 -0.019657089192056124 -0.13095031242316468 -0.12927434652099265 0.074896701999478968 0.11390275937709229 -0.025079641850148545 0.010718798997155639 -0.16590674913824516 -0.018382757581758516 0.081271925184207755 -0.013063803258057765 0.042130376614818964 -0.1074577902600423 0.01211139526364686 -0.11145166895876514 -0.032671903481748872 0.023501797466510807 -0.045246045150233866
leaf_weight=91 91069 287 38 174 174 300 213 133 60 8466 68 1144 73 1112 47 59 61 109 58 131 159 82 257 196 39 559 165 328 58 56 64 201 115 40 237 961 42 1754 154 314 404 56 115 41 87 322 138
leaf_count=91 91069 287 38 174 174 300 213 133 60 8466 68 1144 73 1112 47 59 61 109 58 131 159 82 257 196 39 559 165 328 58 56 64 201 115 40 237 961 42 1754 154 314 404 56 115 41 87 322 138
internal_value=-1.30983e-06 0.00390945 0.00568145 0.00971317 -0.0137199 -0.00159688 -0.0474381 -0.0673212 0.0127588 0.0115849 -0.0479898 -0.00872369 -0.0142603 -0.00014054 -0.0687927 -0.113102 -0.0209812 -0.000526456 -0.00806822 0.0452563 -0.00963818 -0.00270105 -0.0216883 -0.0283372 -0.0139669 -0.00855465 0.0104488 -0.0348163 -0.0583223 -0.0674578 -0.0368776 -0.105495 -0.000295437 0.0121295 0.000213814 0.017613 -0.0967699 -0.00705911 -0.0131146 0.0180035 0.0169907 -0.021168 0.0203491 -0.0205158 0.0288409 0.0183102 0.00283503
internal_weight=110811 13116 12679 9907 1139 934 437 346 8768 8594 128 2772 2329 1185 205 106 99 97695 6626 189 6437 4086 2351 1965 1329 1248 724 524 636 578 321 257 3927 386 346 1076 81 2851 2278 468 573 1810 443 156 491 634 460
internal_count=110811 13116 12679 9907 1139 934 437 346 8768 8594 128 2772 2329 1185 205 106 99 97695 6626 189 6437 4086 2351 1965 1329 1248 724 524 636 578 321 257 3927 386 346 1076 81 2851 2278 468 573 1810 443 156 491 634 460
is_linear=0
shrinkage=0.0970268


Tree=80
num_leaves=48
num_cat=0
split_feature=4 5 9 9 2 9 1 1 3 3 3 5 0 2 8 3 1 8 1 5 2 2 9 1 3 4 2 0 3 1 4 2 9 9 5 2 5 3 4 3 5 0 3 9 2 8 4
split_gain=23.7475 70.0209 45.6926 103.873 87.071 57.96 38.7902 141.042 105.445 138.229 73.5735 61.3642 60.9399 53.6078 71.5512 37.8482 65.9287 44.3618 36.6672 49.1372 44.8677 28.2757 27.9924 56.4937 52.4755 73.8099 50.8131 41.5346 38.2463 124.409 67.7086 58.1305 53.6272 94.3513 39.253 59.5235 52.0498 35.1348 34.0961 50.966 83.7602 47.9289 41.8904 48.7215 39.9503 47.3961 35.6695
threshold=-0.11688891795680724 0.11544786664034272 0.095511689039435951 0.070992314440072826 0.11244613717525535 0.059483732108407052 -0.052536165831333199 -0.071257799742404079 0.031788814264381605 -0.031893002421384743 0.043725651568457209 -0.029329676685485598 -0.83144999999999991 0.20726072816573907 0.063745426108376815 -0.15318389442210548 -0.093672532763851041 0.030853137949238503 -0.074359162551747737 -0.023330763589271997 -0.082414810638072031 -0.043196284172829495 0.14512608310463124 -0.033951265674093546 -0.037344258362123996 -0.0044497366503048483 -0.047762383340843942 -0.22714999999999999 -0.11763871127020718 0.00043933169297050005 -0.056602689056735343 -0.074161972429285933 0.0054601411081470009 -0.037226981213606791 0.041940620523972703 0.064256267873574413 -0.023330763589271997 -0.12964547996240158 0.11429078169592517 -0.071252759403181584 0.030025241328595905 0.31885000000000002 -0.07510852646201073 0.0083995960139113517 -0.034998678087981891 0.018256997508574253 0.1204577279991124
decision_type=2 2 2 2 2 2 2 2 2 2 2 2 2 2 2 2 2 2 2 2 2 2 2 2 2 2 2 2 2 2 2 2 2 2 2 2 2 2 2 2 2 2 2 2 2 2 2
left_child=1 2 3 5 -4 6 7 8 9 -1 13 -10 -9 14 -8 16 17 -2 -18 20 -20 -21 28 27 -25 -26 -27 -24 29 30 37 -31 33 -33 35 36 -32 -17 -30 40 42 46 43 -40 45 -43 -41
right_child=15 -3 4 -5 -6 -7 10 12 11 -11 -12 -13 -14 -15 -16 22 18 -19 19 21 -22 -23 23 24 25 26 -28 -29 38 31 34 32 -34 -35 -36 -37 -38 -39 39 41 -42 44 -44 -45 -46 -47 -48
leaf_value=-0.027054763463009959 -0.069074050557543107 -0.092471881504135045 -0.032590713661686484 -0.10781813200251968 0.14100195514853317 0.094860934627275864 0.00084142071648314121 -0.047563560865446303 0.0067079874670660884 0.10105590076467279 0.092643508790834161 -0.11966701946198635 -0.18144566418513511 0.084225406973583744 -0.090696291070104948 -0.0050718539805874787 0.13760193623535133 0.0530156123228568 -0.079407332915631818 0.14889403994999548 0.042313953108854177 0.034830366784896448 -0.04193243216251246 0.027392075978075848 -0.13647193547573114 0.058594948552497986 -0.066030927767720085 0.081497854871284553 7.8295857951907701e-05 -0.17377113329404537 -0.014805314496037864 -0.011090129912447635 0.0062026940660518722 -0.20665660881632841 -0.070949860116490404 0.1194371698492159 0.066165304225977536 -0.10237082689388663 -0.1101451710415004 0.073450147608758731 0.070601822214154383 0.0094237549798890496 -0.15889681921106485 0.015391747348969555 0.021992767841423937 -0.05130308550807184 0.024438413677597016
leaf_weight=180 82 94 54 97 54 53 575 63 60 141 82 90 66 59 93 68 45 42 41 47 91 37 41 68 92 46 91 67 105394 51 202 49 74 44 38 61 118 72 52 176 54 284 37 65 527 210 684
leaf_count=180 82 94 54 97 54 53 575 63 60 141 82 90 66 59 93 68 45 42 41 47 91 37 41 68 92 46 91 67 105394 51 202 49 74 44 38 61 118 72 52 176 54 284 37 65 527 210 684
internal_value=-1.55944e-06 -0.0111777 -0.00656607 -0.010804 0.0543298 -0.00433205 -0.00809683 -0.0267843 -0.00211194 0.0292478 0.00575817 -0.0691777 -0.116498 -0.00407681 -0.0119376 0.000178877 0.0305303 -0.0276077 0.0581868 0.0413652 0.00430546 0.0991827 7.11401e-05 -0.0253764 -0.0472255 -0.0694324 -0.0240676 0.034574 0.000166522 -0.0212767 0.00296731 -0.0833725 -0.0553453 -0.104226 0.0225049 0.0319176 0.0150712 -0.055333 0.000321704 0.0125952 -0.03292 0.0176394 -0.0693726 -0.0405176 0.0034115 -0.0163942 0.0345103
internal_weight=110811 1761 1667 1559 108 1462 1409 600 471 321 809 150 129 727 668 109050 385 124 261 216 132 84 108665 405 297 229 137 108 108260 777 559 218 167 93 419 381 320 140 107483 2089 208 1881 154 117 1021 494 860
internal_count=110811 1761 1667 1559 108 1462 1409 600 471 321 809 150 129 727 668 109050 385 124 261 216 132 84 108665 405 297 229 137 108 108260 777 559 218 167 93 419 381 320 140 107483 2089 208 1881 154 117 1021 494 860
is_linear=0
shrinkage=0.0970268


Tree=81
num_leaves=48
num_cat=0
split_feature=0 5 2 4 5 2 5 5 4 1 1 5 6 4 5 4 2 5 2 3 7 1 1 3 3 3 4 0 1 7 2 3 6 7 7 7 7 1 0 1 2 4 6 6 1 2 0
split_gain=23.398 41.445 30.3652 34.9283 30.1762 63.3251 50.7171 48.2579 43.0655 39.1367 42.1131 67.3374 38.9721 33.3585 34.594 30.3049 29.8493 65.1286 144.878 102.554 89.4399 81.7156 124.227 83.7289 80.3218 112.179 82.48 76.153 78.8156 75.213 74.9303 79.9479 73.1362 67.7591 65.8658 65.847 87.7142 73.6773 138.399 85.5523 66.9633 73.7123 141.092 75.7459 67.4419 147.098 119.016
threshold=0.93005000000000015 0.15998967271130632 0.20726072816573907 -0.046410671377038144 0.0034012453058115504 0.14557294659921924 -0.020766880159267847 0.032032059847896054 0.042363550911077658 -0.048710526922936946 1.0000000180025095e-35 0.015934443586919051 0.077573471606376107 -0.05254629867796954 -0.038518908611530144 -0.030123886687279947 -0.023313528556165596 0.072173438591567066 0.2897945581049407 0.017356602069816051 -0.010924158878630947 -0.0074907496222206991 -0.024092953130503997 0.014218486568828952 -0.023280096730588448 -0.03668695881755079 -0.028329081345206748 -0.93364999999999987 -0.029149518043964047 -0.017535379457569295 0.17472039115599697 -0.00073512634347449983 0.046214547988332508 0.022610040268520305 -0.014405670519513797 0.006671805578262701 0.0086215996996771519 -0.038400346959895491 -0.44024999999999997 0.0033654519663465503 0.012719415840708201 -0.075025603548725089 -0.055055693942660744 -0.032867586610028844 -0.010022129077029799 0.31697431919119173 0.69105000000000005
decision_type=2 2 2 2 2 2 2 2 2 2 2 2 2 2 2 2 2 2 2 2 2 2 2 2 2 2 2 2 2 2 2 2 2 2 2 2 2 2 2 2 2 2 2 2 2 2 2
left_child=16 2 4 -4 5 13 8 9 -7 -6 11 -11 -9 14 -2 -15 -1 27 19 21 29 22 24 30 25 -19 -26 28 -18 -21 34 -32 -24 -20 -23 -29 37 -37 39 -39 41 42 -38 -43 45 -42 -46
right_child=1 -3 3 -5 7 6 -8 12 -10 10 -12 -13 -14 15 -16 -17 17 18 33 20 -22 23 32 -25 26 -27 -28 35 -30 -31 31 -33 -34 -35 -36 36 40 38 -40 -41 44 43 -44 -45 46 -47 -48
leaf_value=0.0010399661392101174 0.021057012629818957 -0.070183772543792822 -0.047560572414971976 0.049011185424688228 0.0729469882087109 -0.13749539484959111 0.05126159635731227 0.012596303294305777 -0.020508533658777767 -0.0066339281504911324 -0.011776454026202476 -0.11627602140318079 -0.070430194173633817 0.064097180486331354 -0.10072175181402965 0.017306422199007899 0.00052642992927592132 -0.0020019211455496542 0.062035410822758097 0.034057458677958355 0.0028411590598599445 -0.0029872090718193731 0.099363996738622368 -0.13720405757963311 -0.07077995263605974 0.12113012715261642 0.0089378829037025671 -0.0062578644792197369 -0.040353108471746377 0.11494646266364966 0.057249728006316544 -0.08207506080222754 -0.013954813371724922 0.21856632919450958 -0.04634204604905072 -0.023601909394672816 0.066969995183921452 0.2359639157530195 0.02342214171571173 0.077571344203106393 0.0078356756315383878 -0.0033115302691684141 -0.079874461266256747 0.020742780024026231 -0.020875219516891544 -0.12391090182617064 0.0096833710173495902
leaf_weight=62902 43 65 40 275 41 57 38 1331 62 106 684 105 55 140 44 1860 771 265 79 764 958 645 207 55 239 94 249 20583 1045 126 212 47 72 39 676 150 86 51 386 88 3960 1974 214 3277 3822 81 1748
leaf_count=62902 43 65 40 275 41 57 38 1331 62 106 684 105 55 140 44 1860 771 265 79 764 958 645 207 55 239 94 249 20583 1045 126 212 47 72 39 676 150 86 51 386 88 3960 1974 214 3277 3822 81 1748
internal_value=-1.5615e-06 0.00652094 0.00755023 0.036672 0.00553597 0.0135592 -0.0457729 -0.0022148 -0.076907 -0.0192345 -0.0234997 -0.0613609 0.00927468 0.0180353 -0.0406141 0.0205991 -0.000306404 -0.00227783 0.00846529 0.00574004 0.0234292 -0.00609814 0.0140081 -0.0199507 -0.00448652 0.0303166 -0.0301126 -0.00360628 -0.0229961 0.0455682 -0.015828 0.0318397 0.0701103 0.114438 -0.025188 -0.00263895 0.00206394 0.036276 0.0534067 0.136287 0.000539278 0.00902402 -0.0377137 0.0116988 -0.00436045 0.00518004 -0.0112835
internal_weight=110811 4946 4881 315 4566 2244 157 2322 119 936 895 211 1386 2087 87 2000 105865 42963 4727 4609 1848 2761 1126 1635 847 359 488 38236 1816 890 1580 259 279 118 1321 36420 15837 675 525 139 15162 5551 300 5251 9611 4041 5570
internal_count=110811 4946 4881 315 4566 2244 157 2322 119 936 895 211 1386 2087 87 2000 105865 42963 4727 4609 1848 2761 1126 1635 847 359 488 38236 1816 890 1580 259 279 118 1321 36420 15837 675 525 139 15162 5551 300 5251 9611 4041 5570
is_linear=0
shrinkage=0.0970268


Tree=82
num_leaves=48
num_cat=0
split_feature=7 0 0 5 1 1 6 2 0 6 3 9 5 3 3 9 2 2 2 3 3 9 0 3 9 9 3 7 9 7 9 7 9 0 0 6 3 5 6 7 7 5 1 1 5 5 0
split_gain=21.7196 40.7076 39.02 51.1236 51.8495 63.9456 43.2327 32.6087 26.747 21.1741 45.9035 96.9178 52.0548 49.6882 35.5075 32.9353 41.5835 29.0295 28.8147 36.8412 32.6638 58.489 49.2701 62.2713 27.5896 97.1489 24.4299 90.6881 105.869 92.8427 93.4094 90.7846 104.44 85.1382 87.1074 84.5173 83.4486 137.535 82.7325 81.8266 79.9849 100.901 78.9312 84.7649 105.55 95.052 78.4769
threshold=-0.14131868294878788 -0.67039999999999988 0.5273000000000001 0.0055626408540700506 -0.036931703115824589 0.016253589878105903 -0.066321557817352286 0.018851818115529401 0.80220000000000014 0.14286659993921658 0.026968857824992153 0.031222079533316204 -0.13463856201376623 0.04646544238297181 -0.067745310251869084 -0.056369347099016344 0.16684267536704997 -0.17782157951577041 -0.20260137548602794 -0.047458169566988895 -0.0068068241796669492 -0.0043373252611944987 1.0000000180025095e-35 0.012001795624079051 -0.018082059247106198 -0.039289152148419944 0.014634885021916151 -0.010924158878630947 1.0000000180025095e-35 -0.010058903171288899 -0.13460964807781728 -0.023169593531404294 0.032332685491219808 -0.076299999999999993 -0.97784999999999989 0.083247578169780109 0.029949610635245354 0.12380481323308747 -0.084329663943004188 0.027597165890493703 0.033191085322249507 0.14989649242999753 0.016253589878105903 0.015796691893644653 -0.0092061164156351481 0.052929717533569058 -0.22714999999999999
decision_type=2 2 2 2 2 2 2 2 2 2 2 2 2 2 2 2 2 2 2 2 2 2 2 2 2 2 2 2 2 2 2 2 2 2 2 2 2 2 2 2 2 2 2 2 2 2 2
left_child=1 7 3 4 -3 -6 -4 -1 -8 18 14 12 -12 -13 -11 -16 -17 -14 19 -2 21 -21 -22 -24 25 -19 39 28 33 46 -31 36 -33 34 -28 -36 38 -38 -30 42 41 -41 43 -20 -45 -46 -29
right_child=9 2 6 -5 5 -7 8 -9 -10 10 11 13 17 -15 15 16 -18 24 26 20 22 -23 23 -25 -26 -27 27 29 31 30 -32 32 -34 -35 35 -37 37 -39 -40 40 -42 -43 -44 44 45 -47 -48
leaf_value=-0.11067402966508431 0.098678141729923327 0.06453689723906221 -0.11214612673357109 0.098665897264934355 -0.15155958151265678 0.021561789912259745 -0.057916811697656036 0.0010328346534584762 0.049335495226151861 -0.085895612486497464 0.0013523867459205813 -0.04607951162382929 -0.17187651836705065 0.0833546615317068 0.065732199899493263 0.0037093617571442136 -0.091920880684691578 -0.13548763818633944 -0.005399726967198505 -0.0973371947134649 0.10804205133735734 0.048447642865315554 0.082298064302834539 -0.091382536865144789 -0.12314072789674568 0.063434052923709808 -0.061578435330663137 -0.12757467469784897 -0.10881081061871774 0.083514315720279106 -0.0014769561094748313 0.040683225666838067 -0.0065274768959139758 0.0057129520070918344 0.025733894814234239 0.087956683903484295 -0.00023719169742725978 0.12300692430661957 -0.017525907250269201 0.021762998189731396 0.0019697381502797335 -0.13652487912225214 0.0017274758233059072 0.022140507425923685 -0.17210265348142578 0.0093034651311053405 -0.017841323336769369
leaf_weight=72 59 53 53 59 37 43 41 37 46 43 68 45 39 72 74 743 45 49 32195 54 62 49 37 40 72 43 101 98 98 122 21810 963 813 3420 3301 219 3421 87 1887 2834 14982 38 22013 78 94 38 164
leaf_count=72 59 53 53 59 37 43 41 37 46 43 68 45 39 72 74 743 45 49 32195 54 62 49 37 40 72 43 101 98 98 122 21810 963 813 3420 3301 219 3421 87 1887 2834 14982 38 22013 78 94 38 164
internal_value=-1.30661e-06 -0.0214809 -0.00453008 0.0238247 -0.0095117 -0.0587642 -0.0434375 -0.072812 -0.00113847 8.4516e-05 -0.0122568 -0.0401579 -0.0719981 0.0335069 -0.000271521 0.00402866 -0.00178595 -0.0965664 0.000230941 0.0301891 0.0133117 -0.0279786 0.0439665 -0.00781274 -0.0782093 -0.0425473 0.000147841 0.00219388 0.00821661 -0.00168906 -0.00100217 1.58997e-06 0.0190699 0.0166958 0.0270647 0.0296178 -0.0061629 0.002831 -0.0220593 -0.000885474 0.00481404 0.0196459 -0.00275562 -0.00580129 -0.0671879 -0.119946 -0.0590598
internal_weight=110811 441 332 192 133 80 140 109 87 110370 1293 388 271 117 905 862 788 203 109077 301 242 103 139 77 164 92 108776 36504 14310 22194 21932 7269 1776 7041 3621 3520 5493 3508 1985 72272 17854 2872 54418 32405 210 132 262
internal_count=110811 441 332 192 133 80 140 109 87 110370 1293 388 271 117 905 862 788 203 109077 301 242 103 139 77 164 92 108776 36504 14310 22194 21932 7269 1776 7041 3621 3520 5493 3508 1985 72272 17854 2872 54418 32405 210 132 262
is_linear=0
shrinkage=0.0970268


Tree=83
num_leaves=48
num_cat=0
split_feature=4 7 2 3 7 0 3 5 4 4 7 2 4 3 2 9 5 9 9 0 4 7 9 7 3 9 0 6 6 4 4 9 7 7 2 6 6 2 9 5 3 9 0 7 6 9 6
split_gain=20.9997 31.7042 39.624 33.093 32.2383 45.2876 34.6337 22.0495 39.6152 50.7815 69.4825 52.6405 50.8401 58.9654 43.7199 47.4004 34.7687 49.8581 99.0764 63.1547 53.7594 63.9639 73.9103 86.4046 62.743 47.4444 71.0583 55.8141 47.1371 41.8093 35.8192 48.3565 31.2887 51.5121 43.9402 41.2367 96.847 31.1642 53.2841 61.9975 68.6416 59.0616 51.9819 51.301 67.7986 50.3497 48.2127
threshold=0.14000864188583392 -0.044902978838901687 -0.15110723426715963 -0.060384456199259397 0.014102101358978001 -0.71824999999999994 -0.024182531111656694 0.14177564617113228 0.062598133732963204 0.043162409923802408 0.036280117322040804 0.051332671033917511 0.035723368315361458 -0.0014788537466881499 -0.13201138305391497 0.013024665101398252 0.1288734819880071 0.019800801003517856 -0.033331461174301441 -0.88839999999999986 0.057782437639797256 0.017899829447127303 0.0083995960139113517 -0.011833342826950298 -0.012497128650765599 0.036105039451948706 -0.076299999999999993 -0.0038225045772092496 0.019989025967572103 0.0092995181482817529 0.012566723584907803 -0.065400800889376831 0.075295966775113007 0.052643329800541559 -0.038035899186096844 -0.033953573498802188 -0.022554223766791549 -0.13936677746106751 0.10994557259447872 0.019438354217348606 -0.092612507805162433 0.018864382119864655 0.68110000000000015 -0.038584355920130743 0.14286659993921658 0.0029313011052758005 0.013775329511998552
decision_type=2 2 2 2 2 2 2 2 2 2 2 2 2 2 2 2 2 2 2 2 2 2 2 2 2 2 2 2 2 2 2 2 2 2 2 2 2 2 2 2 2 2 2 2 2 2 2
left_child=7 3 -3 -2 6 -6 -4 16 9 12 11 -11 32 -14 -10 -16 37 18 30 -19 21 22 23 -20 -23 29 28 -28 -27 -21 31 -18 33 35 -35 -9 -37 38 39 41 -41 43 45 44 -1 -42 -40
right_child=1 2 4 -5 5 -7 -8 8 14 10 -12 -13 13 -15 15 -17 17 19 20 25 -22 24 -24 -25 -26 26 27 -29 -30 -31 -32 -33 -34 34 -36 36 -38 -39 46 40 42 -43 -44 -45 -46 -47 -48
leaf_value=-0.02671986057729336 -0.10656103726888738 -0.056945201363706337 0.089058364586459271 0.0062428798949179364 -0.086417462062000266 0.021572700460479939 0.020752425262581985 0.040706295194010644 -0.057834807693898038 -0.11971255491542902 0.046094950602841897 0.011643798198929885 0.13936249631909017 -0.022902947583767586 0.091042978742373701 -0.00014310802152730283 0.0088619791607709945 -0.043374844971724232 0.024589511541704707 0.19915890815125184 0.068722819143448036 0.11118967004439881 -0.17132798319877432 -0.120622629508662 -0.037383775427378842 0.030672369166900495 0.067937092932506785 -0.088650432248642289 0.18487740110996265 0.062866760484642611 0.010540709766342381 0.14573758482992061 -0.066971703962378851 0.10466661968721194 -0.006561163650732167 -0.14699296686457164 -0.014589672221901679 -0.00044735744971762155 -0.14575093414943779 -0.094850672811229497 0.025448492249471408 0.018753868718975518 -0.0053906556286369752 -0.0015514553726551964 -0.16333374704666004 0.071037085718830634 -0.01454558260094386
leaf_weight=263 38 55 135 67 40 381 146 113 48 125 45 37 45 39 104 110 38 54 88 42 48 42 53 68 72 37 38 48 38 44 79 68 95 65 68 54 1190 102001 38 42 677 1277 294 1893 39 345 85
leaf_count=263 38 55 135 67 40 381 146 113 48 125 45 37 45 39 104 110 38 54 88 42 48 42 53 68 72 37 38 48 38 44 79 68 95 65 68 54 1190 102001 38 42 677 1277 294 1893 39 345 85
internal_value=-1.41841e-06 0.0150799 0.0220198 -0.0347548 0.0282499 0.0112148 0.0536849 -0.000119797 -0.009876 -0.0148156 -0.0601029 -0.0897019 -0.00917961 0.0641756 0.0254252 0.0442198 7.36303e-05 0.0195342 0.00228808 0.0513129 -0.0266137 -0.0408805 -0.0727287 -0.0388025 0.0174797 0.0720895 0.0407473 -0.0193599 0.109518 0.130177 0.0602269 0.0969835 -0.0130889 -0.00962943 0.0478869 -0.0152864 -0.020392 -8.2293e-05 0.00743331 0.00904284 0.026617 0.00216404 0.0305296 -0.00748508 -0.0445942 0.0408698 -0.0555121
internal_weight=110811 862 757 105 702 421 281 109949 2138 1876 207 162 1669 84 262 214 107811 857 556 301 371 323 209 156 114 247 161 86 75 86 185 106 1585 1490 133 1357 1244 106954 4953 4830 1358 3472 1316 2195 302 1022 123
internal_count=110811 862 757 105 702 421 281 109949 2138 1876 207 162 1669 84 262 214 107811 857 556 301 371 323 209 156 114 247 161 86 75 86 185 106 1585 1490 133 1357 1244 106954 4953 4830 1358 3472 1316 2195 302 1022 123
is_linear=0
shrinkage=0.0970268


Tree=84
num_leaves=48
num_cat=0
split_feature=8 2 4 6 4 2 8 7 2 6 7 8 0 3 2 2 6 8 0 2 4 4 8 5 0 0 2 3 2 8 3 0 4 7 3 3 5 0 2 4 2 8 3 3 5 8 2
split_gain=21.5838 101.825 129.248 122.793 120.38 102.252 87.9528 143.768 87.074 156.692 90.473 102.318 118.649 111.518 123.101 106.925 102.9 90.142 87.3053 115.738 146.833 105.205 98.3517 85.1755 129.906 120.153 101.705 113.95 94.1745 92.8674 81.9108 81.1494 97.1259 84.3305 80.4781 175.583 115.675 124.464 78.5027 78.2912 77.9667 77.4161 77.4428 91.1585 76.9249 136.276 108.392
threshold=-0.018201141239484946 -0.019078718414951696 -0.080503657972338785 0.042413382382144059 -0.11688891795680724 -0.06855066784985929 -0.0079147708356419981 -0.0051118010775125988 -0.058464359534638098 0.016198139235758503 -0.043285164286910489 -0.069451308512330043 0.051650000000000008 0.024830702605834254 -0.090076306864767086 -0.080866679206453837 -0.041524953795783547 -0.14289358475273709 -0.71824999999999994 -0.066597871914265985 0.0027388579702582504 -0.078546951473830284 -0.024770198103083296 0.060968070880206053 -0.80189999999999995 -0.81754999999999989 0.067498221690603308 0.010751070128590001 0.21980754745819697 0.021012693223322953 -0.064555988206008136 -0.93604999999999994 0.03643252794496251 -0.034021272143954444 -0.0029462045024882997 -0.020031250633619494 -0.017270520361984749 -1.0000000180025095e-35 -0.088285608527577095 -0.0099521616891134479 -0.077906377262156185 -0.088985300486329535 -0.011337306151504849 -0.016132703995419547 0.035145957361888906 1.0000000180025095e-35 -0.10346114762310114
decision_type=2 2 2 2 2 2 2 2 2 2 2 2 2 2 2 2 2 2 2 2 2 2 2 2 2 2 2 2 2 2 2 2 2 2 2 2 2 2 2 2 2 2 2 2 2 2 2
left_child=8 2 3 44 -5 -6 7 31 9 10 11 13 -13 16 -15 -14 -1 38 22 20 21 -20 -19 24 25 28 27 -27 -8 -30 -9 -3 34 -34 35 39 37 -36 -12 -33 -18 -11 43 -43 -2 -46 -47
right_child=1 6 -4 4 5 -7 23 30 -10 41 17 12 15 14 -16 -17 40 18 19 -21 -22 -23 -24 -25 -26 26 -28 -29 29 -31 -32 32 33 -35 36 -37 -38 -39 -40 -41 -42 42 -44 -45 45 46 -48
leaf_value=-0.24287483189432793 0.056209526286355144 0.09761017939397873 0.002894939501881627 -0.13247700240854432 0.048153719091649762 -0.10154630034705604 -0.023330478296580571 0.12347468618050242 0.0019902958532176948 -0.012296306842234513 -0.027250250948533214 -0.060644818935031201 0.055254018712155926 -0.090648246708762842 0.1261427376893387 -0.045932834049604188 -0.060173945934239755 -0.022666113095535331 -0.065442503099876009 -0.035230618760483869 -0.01436209899262522 0.02784250602872284 -0.1036165218563411 0.0076107908852012466 -0.0043430981919197111 -0.21641827937737768 -0.021052157907734417 -0.041374937172780957 0.15011517517210435 -0.0094516138038417789 0.029503750232079101 0.021873680522844871 -0.021949000370075893 0.083091585127693254 0.028310788980969698 -0.16509303400060651 0.042459932066810202 -0.15812249183250721 -0.13494128417882895 -0.083894843860504567 -0.2031823651029826 0.0164337397437576 0.00011612629696288846 0.078486069978220371 0.11653322658265175 0.096608426359002769 -0.087182282450371684
leaf_weight=48 1021 60 42683 73 170 57 2971 94 22121 2237 173 382 244 55 44 164 193 1196 121 947 2282 1811 160 4207 19240 83 118 61 59 81 1187 153 146 141 62 119 209 73 101 115 44 1630 3174 258 64 38 141
leaf_count=48 1021 60 42683 73 170 57 2971 94 22121 2237 173 382 244 55 44 164 193 1196 121 947 2282 1811 160 4207 19240 83 118 61 59 81 1187 153 146 141 62 119 209 73 101 115 44 1630 3174 258 64 38 141
internal_value=-1.27197e-06 0.000964889 0.00389915 0.0312909 -0.0244679 0.0104056 -0.00348429 0.0144748 -0.0018991 -0.00753621 -0.0169466 -0.0418168 -0.0218097 -0.0828847 0.00573592 0.0145529 -0.113664 -0.0126435 -0.0103473 -0.00458773 0.00229919 0.0219824 -0.0322536 -0.00506446 -0.00742311 -0.0249864 -0.0880498 -0.142667 -0.0196613 0.0579757 0.0364446 -0.0116278 -0.0181127 0.0296701 -0.0368916 -0.0672202 -0.002705 -0.0726103 -0.0671254 -0.0235377 -0.0870742 0.002732 0.0093756 0.0249337 0.0445358 -0.00448732 -0.0479795
internal_weight=110811 73426 44247 1564 300 227 29179 2359 37385 15264 7965 1174 790 384 99 408 285 6791 6517 5161 4214 1932 1356 26820 22613 3373 262 144 3111 140 1281 1078 1018 287 731 387 344 135 274 268 237 7299 5062 1888 1264 243 179
internal_count=110811 73426 44247 1564 300 227 29179 2359 37385 15264 7965 1174 790 384 99 408 285 6791 6517 5161 4214 1932 1356 26820 22613 3373 262 144 3111 140 1281 1078 1018 287 731 387 344 135 274 268 237 7299 5062 1888 1264 243 179
is_linear=0
shrinkage=0.0970268


Tree=85
num_leaves=48
num_cat=0
split_feature=0 5 2 2 3 1 1 1 3 3 4 8 5 2 2 5 1 5 0 0 3 8 8 3 3 5 0 0 0 3 0 9 2 3 2 2 8 5 4 4 3 1 0 8 3 5 4
split_gain=19.9076 45.8905 37.4854 37.129 59.5167 51.3422 41.7956 39.0109 31.1377 19.8332 39.2048 30.8564 30.5734 35.5714 22.1448 25.1324 21.2938 36.7624 29.1137 36.0077 53.8948 58.2285 54.2151 46.6734 29.5063 28.1348 74.9086 59.8971 55.8984 49.3353 46.6965 50.5433 28.0589 31.8092 31.2691 27.9088 75.6481 49.263 71.0988 68.8672 61.6721 64.348 61.2318 42.7118 39.4578 57.0203 55.2355
threshold=-0.98494999999999988 0.099374248208709659 -0.15482403420593177 -0.08748175022996374 -0.0014788537466881499 0.023292619382112453 -0.0029424101448219998 -0.0074907496222206991 -0.005589641090846499 0.15175264210056619 -0.017405078428784599 -0.0054535788747952984 -0.040544960095568038 -0.033372561083813847 0.0012141272189985003 -0.063254453973402389 0.11572786674830127 0.13480056399582926 -0.91684999999999983 0.3604500000000001 -0.031313150953097245 -0.017499244721326895 -0.096041086116257737 -0.043278355832032898 0.05420432895338171 -0.13463856201376623 0.8226500000000001 0.92605000000000015 -0.94494999999999985 -0.10878881064727379 0.64900000000000013 -0.014869158795739747 -0.045503285490511594 -0.073118113585582525 -0.093782590677497391 -0.11635500304588028 -0.15018081743147496 0.019438354217348606 0.010682734020678953 0.011635344298762302 0.049522134067640354 0.026066780807279605 0.42080000000000001 -0.11081206617757354 -0.054317581960501286 0.14177564617113228 0.03643252794496251
decision_type=2 2 2 2 2 2 2 2 2 2 2 2 2 2 2 2 2 2 2 2 2 2 2 2 2 2 2 2 2 2 2 2 2 2 2 2 2 2 2 2 2 2 2 2 2 2 2
left_child=1 2 -1 4 7 6 8 -4 -5 16 12 14 13 -11 15 -12 25 18 -18 20 21 22 -20 -23 32 26 28 -28 -2 -30 31 -31 34 -34 -21 36 44 38 43 -40 42 -42 -39 -38 -27 46 -46
right_child=9 -3 3 5 -6 -7 -8 -9 -10 10 11 -13 -14 -15 -16 -17 17 -19 19 24 -22 23 -24 -25 -26 35 27 -29 29 30 -32 -33 33 -35 -36 -37 37 40 39 -41 41 -43 -44 -45 45 -47 -48
leaf_value=0.05808056476070466 0.10531703728327374 0.080447124336953765 -0.09240986580197888 -0.070843042344425192 -0.15028193508529528 0.087387064511681073 -0.1252447316019048 0.043211114663149156 0.037966149341428716 -0.071407149780962478 0.030308910616883296 0.039177642745019434 0.070942319540854296 0.056348287558688634 -0.079684812202244409 -0.020696248065289257 -0.061287631656975865 0.10217652434281424 -0.022206631901989161 0.00043314626956075314 0.052288003900356241 -0.00063107186958950325 0.099667120976908427 -0.14963785131677718 -0.067779481827933835 0.032566091071738551 -0.10503324679849518 0.032804195346441342 0.097933040217348069 0.0091226930368514883 0.038421556447201015 -0.032825715798853475 -0.03193992378110555 0.023433850213868859 -0.070106066501285813 -0.00050759249654612839 -0.032896976575413968 0.029026152586706662 -0.13520641225052552 -0.0090025491466628627 0.00044498317982307058 -0.12478952375806926 -0.00034095541404020332 0.013273303705317985 -0.059116602689823237 -0.15628905894867379 0.051964494037068223
leaf_weight=38 41 37 39 42 63 37 39 40 59 37 133 153 167 45 40 285 54 40 81 178 373 40 59 39 57 60 131 38 39 409 152 795 117 578 88 96809 200 2075 41 2419 122 56 985 3186 199 43 53
leaf_count=38 41 37 39 42 63 37 39 40 59 37 133 153 167 45 40 285 54 40 81 178 373 40 59 39 57 60 131 38 39 409 152 795 117 578 88 96809 200 2075 41 2419 122 56 985 3186 199 43 53
internal_value=-1.54614e-06 -0.0217611 -0.0324617 -0.0433382 -0.0802338 -0.0135668 -0.0404941 -0.023759 -0.0072959 7.6097e-05 0.0147497 0.00150026 0.0471672 -0.00125541 -0.0110904 -0.00443121 -3.90592e-05 0.0107212 0.00849204 0.0108535 0.0298723 -0.00829096 0.0292327 -0.0747084 -0.000205171 -0.00020919 -0.0129578 -0.0739813 -0.0057502 -0.00905175 -0.0121648 -0.0185699 0.00382104 0.0140851 -0.022942 -1.64696e-05 0.00501944 0.00673813 0.00141839 -0.0111323 0.0163383 -0.0391032 0.0195712 0.0105397 -0.0388896 -0.0534798 -0.0356703
internal_weight=110811 394 357 319 142 177 140 79 101 110417 860 611 249 82 458 418 109557 1704 1664 1610 592 219 140 79 1018 107853 1605 169 1436 1395 1356 1204 961 695 266 106248 9439 9084 5846 2460 3238 178 3060 3386 355 295 252
internal_count=110811 394 357 319 142 177 140 79 101 110417 860 611 249 82 458 418 109557 1704 1664 1610 592 219 140 79 1018 107853 1605 169 1436 1395 1356 1204 961 695 266 106248 9439 9084 5846 2460 3238 178 3060 3386 355 295 252
is_linear=0
shrinkage=0.0970268


Tree=86
num_leaves=48
num_cat=0
split_feature=6 6 5 5 2 2 8 3 5 0 1 1 3 3 8 4 8 4 3 1 1 6 3 8 4 8 8 3 8 4 1 2 8 0 3 3 4 1 3 1 1 4 2 8 6 0 8
split_gain=20.7464 85.5884 82.5517 107.446 105.076 87.5077 167.977 76.8731 72.5149 80.3167 69.2132 63.5599 60.3383 116.958 75.1743 73.9002 68.2142 61.4877 60.7148 56.543 61.3772 62.4107 101.948 64.5892 70.1457 60.4383 84.232 94.1757 144.337 142.946 77.1849 70.216 101.183 98.6243 124.113 106.325 66.3239 84.9652 115.594 85.2193 74.2812 65.7098 113.74 96.0315 80.1038 74.7471 65.2955
threshold=0.0032962987332410005 0.0067174782386553505 -0.0019459421536821497 0.026706145381960752 0.086836523181043512 -0.05287900296199944 0.0035007748178709007 -0.025110274875677397 -0.069502760244261441 0.12890000000000004 -0.0089717381877628486 0.032134417775220005 0.00039001009675970007 -0.020455303895357099 0.013119923566158901 0.011635344298762302 0.036136025331986253 0.019943716421292654 -0.035447503911086288 0.090411043541748962 0.092964030289628671 0.052464080104266959 -0.042537425837813093 -0.030119355805494297 -0.0076202116060747494 -0.070993857370241539 0.015358293580428702 -0.040224923145051945 0.12681663250519523 0.054702812461245205 0.064238670046360621 0.025563501414801303 0.0076024320992744508 0.74275000000000013 -0.014485766389790699 -0.021375067792139799 -0.058612931508121344 -0.027891336391990297 -0.029189182027744495 -0.014832961824089648 -0.011669967651378899 -0.011716298399649447 -0.10929477172956968 -0.036810257497380296 0.052464080104266959 -0.92304999999999993 -0.0072382504650337987
decision_type=2 2 2 2 2 2 2 2 2 2 2 2 2 2 2 2 2 2 2 2 2 2 2 2 2 2 2 2 2 2 2 2 2 2 2 2 2 2 2 2 2 2 2 2 2 2 2
left_child=-1 2 4 12 5 6 8 -8 -2 10 -10 -7 13 17 15 -14 -16 18 -4 25 -21 22 -22 -23 -25 -3 31 28 -28 30 -30 41 46 35 -35 -34 37 38 -29 -39 -38 42 -27 -44 45 -43 -33
right_child=1 19 3 -5 -6 11 7 -9 9 -11 -12 -13 14 -15 16 -17 -18 -19 -20 20 21 23 -24 24 -26 26 27 36 29 -31 -32 32 33 34 -36 -37 40 39 -40 -41 -42 44 43 -45 -46 -47 -48
leaf_value=0.0011210907342017972 0.027286922125625116 -0.010075297215514686 0.035115543405675638 -0.013973688238886166 -0.058334310498798239 0.054507104797724464 -0.072273040904027613 0.070706125265455139 -0.2659672802397352 -0.03388460076769588 -0.085764813386065439 -0.031753364419080679 -0.024701165137148436 -0.17582960854687807 0.13202171078433958 -0.18108993990048858 -0.029514609821501114 -0.15532561414177154 -0.088856278675074951 0.066133151922509362 0.080023336984592047 0.022900743241941874 0.0085598039620082538 -0.058421885104467761 0.0053371882662178504 0.024240420448879405 -0.031151164438435758 0.16480644589164728 0.097819894276255967 -0.058167750893875089 -0.050003332562968454 -0.0039727883317850418 0.13389814657417889 -0.17839434547416289 0.052447017517613916 0.024260967447668265 -0.0087974489228634795 -0.10724786212407215 -0.0038563630206367183 -0.026314692677783958 0.0058419776358722333 0.069952367841806196 -0.031191510090039946 0.0021991825678132231 0.00034974020672736593 0.018996309875395169 -0.034292269582183996
leaf_weight=64606 39 6344 81 916 229 460 45 160 44 58 38 97 77 112 38 45 68 41 68 197 254 420 721 318 331 1392 2165 40 214 108 39 2645 114 42 45 308 5049 143 713 848 9222 288 1177 2603 2399 4555 895
leaf_count=64606 39 6344 81 916 229 460 45 160 44 58 38 97 77 112 38 45 68 41 68 197 254 420 721 318 331 1392 2165 40 214 108 39 2645 114 42 45 308 5049 143 713 848 9222 288 1177 2603 2399 4555 895
internal_value=-1.56299e-06 -0.00157151 -0.0186162 -0.0341169 0.000538434 0.014895 -0.0207115 0.0391923 -0.0892991 -0.121827 -0.18343 0.039456 -0.0688745 -0.0973136 -0.0310555 -0.0828827 0.0285994 -0.0506973 -0.0214909 -0.000548183 0.0144606 0.00946342 0.0272128 -0.00672087 -0.0259071 -0.001362 0.000217005 -0.00426764 -0.021678 0.0350796 0.0749516 0.00526825 -0.00582518 0.0346022 -0.0592086 0.0540037 -0.00152049 -0.0193798 0.00517747 -0.0380429 0.000661878 0.00888735 0.000532196 -0.00819773 0.0148527 0.0220342 -0.0116441
internal_weight=110811 46205 2616 1446 1170 941 384 205 179 140 82 557 530 302 228 122 106 190 149 43589 2241 2044 975 1069 649 41348 35004 18541 2526 361 253 16463 4049 509 87 422 16015 1744 753 991 14271 12414 5172 3780 7242 4843 3540
internal_count=110811 46205 2616 1446 1170 941 384 205 179 140 82 557 530 302 228 122 106 190 149 43589 2241 2044 975 1069 649 41348 35004 18541 2526 361 253 16463 4049 509 87 422 16015 1744 753 991 14271 12414 5172 3780 7242 4843 3540
is_linear=0
shrinkage=0.0970268


Tree=87
num_leaves=48
num_cat=0
split_feature=0 5 1 1 4 3 3 5 4 5 4 6 4 2 5 6 6 0 2 3 5 2 2 4 5 9 0 0 0 2 1 2 2 4 1 9 5 6 6 6 1 1 0 2 4 6 0
split_gain=18.8487 32.6469 27.353 26.5305 59.6718 46.1904 32.626 32.166 41.1381 31.4637 37.333 44.7648 35.0899 33.6274 30.7256 21.7953 69.8103 71.2963 72.8606 100.782 72.6861 93.3463 144.898 134.599 96.2349 65.212 67.5574 60.9968 81.4791 75.8 66.544 59.3555 55.9142 85.8592 48.8509 57.5335 47.7954 50.1923 94.2765 72.3681 51.4206 53.873 45.9731 42.9542 47.8323 42.909 153.877
threshold=0.93005000000000015 0.15998967271130632 -0.096374697003733731 -0.045819074632108395 -0.0099521616891134479 -0.10878881064727379 -0.085782764465803088 -0.010196716959634597 0.050749467654455462 0.0019614815398792005 -0.047908780707242839 0.0067174782386553505 -0.032520778612505637 0.17057609265983603 0.032032059847896054 0.0032962987332410005 0.0067174782386553505 -0.97464999999999991 0.16684267536704997 -0.035447503911086288 -0.0019459421536821497 0.036597395995265555 -0.0011303825497638498 -0.0012871454647949998 0.0113560394668704 -0.0088896346320862484 0.12890000000000004 0.74330000000000018 0.31885000000000002 -0.034998678087981891 -0.046743107410934091 0.11913951407920341 0.21332344831681074 0.00046480098009930008 -0.17604839349501017 -0.025939538626586097 -0.12181406870462509 -0.0069727208777144991 -0.00059917749886634981 -0.042845470769760891 -0.074359162551747737 0.0081466362428805009 0.82730000000000004 0.17472039115599697 0.043986972928689312 -0.047328747237486292 -0.95584999999999987
decision_type=2 2 2 2 2 2 2 2 2 2 2 2 2 2 2 2 2 2 2 2 2 2 2 2 2 2 2 2 2 2 2 2 2 2 2 2 2 2 2 2 2 2 2 2 2 2 2
left_child=15 2 -2 4 -4 -5 -7 8 -6 10 11 -8 -12 14 -11 36 17 -17 20 -20 27 22 24 -24 -22 26 -23 28 29 -19 -30 -27 33 -21 35 -18 37 39 -39 40 -1 -42 -29 -41 -45 46 -38
right_child=1 -3 3 5 7 6 9 -9 -10 13 12 -13 -14 -15 -16 16 34 18 19 32 21 25 23 -25 -26 31 -28 42 30 -31 -32 -33 -34 -35 -36 -37 45 38 -40 43 41 -43 -44 44 -46 -47 -48
leaf_value=0.036044954655654327 -0.060386178262313982 -0.062223927935709723 0.13486393649273654 -0.097426370826529649 0.031499096698394763 0.078802933956535662 0.0069564334501441803 0.046571896256253402 -0.10169610100628171 -0.019985013724506426 0.069119944743009171 -0.1239318546424767 0.014012387409417768 0.032609008323759694 0.0039568291135753629 -0.14090681102262978 -0.12528258800929867 -0.030014083867287503 0.049818219899948973 -0.059395270478224592 -0.087548433271958701 -0.075151102102252731 -0.033345588090338968 -0.22655989472425253 -0.0083852794474513648 0.029466851781914938 0.066746680885075571 -0.1205130729212405 -0.035612404763214207 0.037052848364457783 0.097649955543504099 0.17608320906383707 -0.048423136038725292 -0.26401800217989735 -0.00074226883365841707 -0.012968770112446584 -0.062022715787018033 -0.15469477049844946 0.021303462394903532 0.050093188813738865 -0.11925181429719771 -0.031138475481959624 -0.007417780918276687 -0.082084399426772009 0.031057022369657801 0.0032280139154029423 -0.001039406083207428
leaf_weight=65 56 65 48 40 47 58 65 127 40 864 115 39 1935 236 1211 43 63 337 48 37 181 79 67 69 714 74 52 53 44 299 172 40 71 41 41688 134 396 68 49 192 95 210 93 64 77 37816 22434
leaf_count=65 56 65 48 40 47 58 65 127 40 864 115 39 1935 236 1211 43 63 337 48 37 181 79 67 69 714 74 52 53 44 299 172 40 71 41 41688 134 396 68 49 192 95 210 93 64 77 37816 22434
internal_value=-1.69964e-06 0.00585246 0.00676617 0.00755264 0.0375602 0.00582435 0.00674843 0.0154714 -0.0298282 0.00580309 0.0142389 -0.0423383 0.0171218 -0.00205684 -0.00600978 -0.000275314 -0.00191342 -0.0176163 -0.0154436 -0.0719948 -0.0105281 -0.0258677 -0.038662 -0.131835 -0.0244385 0.0279094 -0.0187219 0.00907791 0.0190195 0.00150495 0.0704449 0.0814477 -0.111328 -0.167906 -0.000970527 -0.0491225 0.000907803 -0.0223537 -0.0810943 -0.012522 -0.0420415 -0.0587396 -0.048763 0.0202613 -0.0203237 0.00122263 -0.00209872
internal_weight=110811 4946 4881 4825 262 4563 4523 214 87 4465 2154 104 2050 2311 2075 105865 44399 2514 2471 197 2274 1276 1031 136 895 245 131 998 852 636 216 114 149 78 41885 197 61466 820 117 703 370 305 146 333 141 60646 22830
internal_count=110811 4946 4881 4825 262 4563 4523 214 87 4465 2154 104 2050 2311 2075 105865 44399 2514 2471 197 2274 1276 1031 136 895 245 131 998 852 636 216 114 149 78 41885 197 61466 820 117 703 370 305 146 333 141 60646 22830
is_linear=0
shrinkage=0.0970268


Tree=88
num_leaves=48
num_cat=0
split_feature=7 3 2 5 5 6 8 5 2 5 9 6 3 9 7 2 9 6 8 5 5 7 9 5 2 2 4 8 6 4 3 2 5 2 2 6 7 8 4 6 6 6 3 7 2 3 2
split_gain=20.1008 48.8532 69.4226 51.8089 73.5947 63.781 73.2268 62.0406 60.1327 59.3844 57.4462 50.7158 49.5682 48.2344 48.1826 53.7495 45.5779 43.1395 69.6208 55.0464 43.036 79.1991 46.6852 40.1828 61.4821 49.4157 41.8341 38.1021 37.3873 36.7536 36.6349 36.6217 64.7589 36.5752 33.3836 33.0824 31.2656 30.7588 39.6374 30.4528 30.3929 34.3235 30.3759 30.2966 28.5544 28.5381 28.1571
threshold=0.08225069400377126 0.011571371925567802 -0.047762383340843942 0.037571758838667008 0.046811610602709608 0.015603870952009753 0.046354894821261504 -0.023330763589271997 -0.031543230271249841 0.069193759738756952 0.095511689039435951 -0.11128268620473254 0.023204656285503503 0.065880069186582471 0.10332497346923532 -0.069866340071900984 0.078565514943708517 -0.031806542934616044 -0.006020978440609199 0.021332178233381651 0.00049154994822640005 0.097875694511217456 -0.018082059247106198 0.060968070880206053 -0.011864941912789797 0.14900288664619432 -0.078546951473830284 -0.035864716425207589 0.041504534938077355 -0.031926877183129594 -0.028161367144856248 -0.10346114762310114 0.015307926922273151 -0.074930816667031039 -0.038035899186096844 0.053553515088694055 0.11061197337159466 -0.043372761206445593 -0.0090601681580128983 0.013775329511998552 -0.058091499495245495 -0.050798421671469793 0.025393546253592806 0.11061197337159466 0.042364295874524206 -0.027173662711741046 -0.063504922880780593
decision_type=2 2 2 2 2 2 2 2 2 2 2 2 2 2 2 2 2 2 2 2 2 2 2 2 2 2 2 2 2 2 2 2 2 2 2 2 2 2 2 2 2 2 2 2 2 2 2
left_child=-1 3 20 7 -5 6 8 10 43 -10 16 -9 13 39 15 -7 35 19 28 40 46 42 -23 24 34 -25 -26 36 30 -12 -19 -20 -33 -16 -14 -2 -28 -24 -39 -4 45 -42 -22 -6 -29 -13 -3
right_child=1 2 12 4 5 14 -8 11 9 -11 29 17 23 -15 33 -17 -18 18 31 -21 21 22 37 25 26 -27 27 44 -30 -31 -32 32 -34 -35 -36 -37 -38 38 -40 -41 41 -43 -44 -45 -46 -47 -48
leaf_value=-0.00025124255170593516 0.012708452189662378 -0.02016556187847756 -0.0686988291590057 0.11212407589508076 0.09633605815177361 -0.050691390029016493 0.13685168695114214 -0.093418620602895311 -0.13009972595696559 0.029902647697724868 0.13719479248889072 -0.034742393035713186 -0.023821648210110017 -0.15737072282491243 -0.0020893817096031427 0.078075990664915607 -0.08834920212236072 0.057029782246350046 -0.1231858215038503 -0.068649249408776786 0.043621559081624635 0.00059411392590029714 0.053098501429769476 -0.13166557681987801 0.056021363201739061 0.010086554291716952 -0.11137839982630518 -0.059073449835790826 0.09309263402552817 0.034359579639711792 -0.05301386776182912 -0.072902833742245182 0.029881515533701442 -0.13012329282740315 0.083885734717338858 0.076861647184919987 -0.0060910969193538594 0.23045902825433504 0.089426715414248292 0.03412297374523527 0.14185169801563355 0.035231348374678478 -0.063107589868742653 -0.00019981002262282083 0.0063565512124434346 0.042809121095805612 0.060409282190846188
leaf_weight=106925 673 234 98 108 94 54 73 65 37 52 63 75 37 44 38 69 38 50 55 55 43 40 41 54 60 40 80 87 53 69 65 159 90 47 98 85 40 37 40 37 44 81 59 45 222 109 49
leaf_count=106925 673 234 98 108 94 54 73 65 37 52 63 75 37 44 38 69 38 50 55 55 43 40 41 54 60 40 80 87 53 69 65 159 90 47 98 85 40 37 40 37 44 81 59 45 222 109 49
internal_value=-2.02185e-06 0.00685231 -0.00732065 0.0151998 0.0395057 0.0239999 0.0525303 0.00698813 0.025291 -0.0368096 0.0245941 -0.0111382 -0.0238966 -0.0695278 -0.0172651 0.021489 0.0147275 -0.00468621 -0.0240415 0.0203853 0.0200421 0.0485107 0.0914594 -0.0124739 -0.00352986 -0.0714705 -0.019551 -0.0301864 0.0260074 0.0837881 -0.00505558 -0.0517281 -0.0357271 -0.0732832 0.0543154 0.019953 -0.0765024 0.122072 0.158194 -0.0404316 0.0363341 0.0731833 -0.0180295 0.0651105 -0.0120907 0.0111413 -0.0061133
internal_weight=110811 3886 1440 2446 617 509 301 1829 228 89 928 901 897 179 208 123 796 836 472 364 543 260 158 718 624 94 489 429 168 132 115 304 249 85 135 758 120 118 77 135 309 125 102 139 309 184 283
internal_count=110811 3886 1440 2446 617 509 301 1829 228 89 928 901 897 179 208 123 796 836 472 364 543 260 158 718 624 94 489 429 168 132 115 304 249 85 135 758 120 118 77 135 309 125 102 139 309 184 283
is_linear=0
shrinkage=0.0970268


Tree=89
num_leaves=48
num_cat=0
split_feature=4 5 7 3 9 9 2 7 6 2 4 2 3 5 1 4 1 1 3 3 9 6 2 7 2 6 3 4 3 1 4 5 9 5 2 9 9 5 6 9 7 4 7 9 3 9 7
split_gain=18.2254 55.713 41.7823 44.6069 61.6603 81.4203 52.8805 43.8502 42.0707 35.3864 60.3861 56.0465 30.7097 53.7579 48.3639 59.1454 44.4599 27.8219 26.3471 36.3724 23.081 60.872 86.611 61.3681 35.6108 34.4854 30.0282 40.3843 29.4992 99.183 55.5903 54.0864 71.3131 73.9609 48.8083 45.4032 84.7357 45.1609 44.5739 35.8002 27.7056 26.5122 31.8127 37.1237 40.6579 32.7262 40.6917
threshold=-0.11688891795680724 0.11544786664034272 -0.061956365179484295 -0.15318389442210548 0.095511689039435951 0.06924345615733736 0.11244613717525535 -0.09021659751123938 0.11142375113730567 0.030608773561614001 -0.13554570028972837 0.15556962042993769 -0.15318389442210548 -0.0076816021444839995 -0.093672532763851041 -0.043322623439996287 -0.072744005660425687 -0.031165429262406796 0.038032903402884712 -0.040953029330111239 0.14512608310463124 -0.034522170389873992 0.19220902801063269 0.0046563955978958004 0.19691911727626446 0.018024559016611204 0.034314449326678709 -0.01042230348841885 -0.11763871127020718 0.0014409928868787004 -0.084912377331672284 -0.063254453973402389 0.045061002988820854 -0.017270520361984749 -0.074161972429285933 0.0054601411081470009 -0.037226981213606791 -0.032804706983796741 -0.057295912137371542 0.014368745091709953 -0.060643550149978291 0.14000864188583392 -0.044902978838901687 0.012146067248008601 -0.053204390611007742 0.0025306936911618006 0.029254556500715553
decision_type=2 2 2 2 2 2 2 2 2 2 2 2 2 2 2 2 2 2 2 2 2 2 2 2 2 2 2 2 2 2 2 2 2 2 2 2 2 2 2 2 2 2 2 2 2 2 2
left_child=1 2 7 -4 5 8 -6 18 9 10 -5 -11 13 14 15 -2 -16 -15 19 -1 28 22 26 40 25 -25 27 -22 29 30 -14 38 37 -34 -31 36 -36 -33 -32 -40 -23 -30 -43 45 -45 46 -44
right_child=12 -3 3 4 6 -7 -8 -9 -10 11 -12 -13 20 17 16 -17 -18 -19 -20 -21 21 23 -24 24 -26 -27 -28 -29 41 34 31 32 33 -35 35 -37 -38 -39 39 -41 -42 42 43 44 -46 -47 -48
leaf_value=-0.028054849491466319 0.055940885187726094 -0.082307393014161803 -0.10175526931780321 0.05094136890245797 -0.0032737179999346947 -0.11108914970663157 0.15386793361598353 0.075503930907251576 -0.096438660663913267 -0.043450502581997903 -0.014032056925736345 0.016507669927677441 -0.093473954828311168 0.13886357843205829 0.12770247822507322 -0.09393906751106755 0.012487680515826154 0.029074601555165468 -0.074340961378625309 0.09252518624309769 -0.054199497541077196 -0.070394848478696495 0.14958524292670222 -0.12547771103422034 -0.1736373164746885 0.0030056488093682613 -0.075813439502190036 0.082583561790960575 0.00014752931473061345 -0.15743617130416079 0.15626560106522122 -0.033841887060023633 -0.16583212088347643 0.0094650708432105178 -0.0090838678100467057 0.0074525308990323535 -0.19915408167752194 0.0444559616228732 -0.038755072684922891 0.092823586877378114 0.029521257775749991 -0.03395552558281572 0.052018871403722619 0.12229482677137635 0.032783723342603238 -0.071774335936699074 -0.013715562414929702
leaf_weight=58 37 94 50 235 41 76 39 113 48 376 314 240 51 52 40 73 145 38 38 39 37 39 38 40 43 38 49 44 106651 51 38 105 46 44 49 74 40 202 38 39 77 99 156 58 269 46 204
leaf_count=58 37 94 50 235 41 76 39 113 48 376 314 240 51 52 40 73 145 38 38 39 37 39 38 40 43 38 49 44 106651 51 38 105 46 44 49 74 40 202 38 39 77 99 156 58 269 46 204
internal_value=-1.67784e-06 -0.00979259 -0.00567841 -0.0121064 -0.00879532 -0.0139397 0.0736202 0.0310224 -0.00780904 -0.00411612 0.0137807 -0.0200799 0.000156384 0.0274962 0.00738973 -0.0434204 0.0376807 0.0929594 -0.00626049 0.0205203 5.93285e-05 -0.0230482 0.0215606 -0.0546907 -0.10291 -0.0630836 -0.0161512 0.0200317 0.000145947 -0.0186862 0.00268348 0.0123482 -0.00462202 -0.0803821 -0.074845 -0.0486102 -0.0951441 0.0176369 0.0708166 0.027911 -0.00412428 0.000282244 0.017531 0.0245128 0.0488245 0.00487895 0.0147711
internal_weight=110811 1761 1667 1419 1369 1289 80 248 1213 1165 549 616 109050 385 295 110 185 90 135 97 108665 405 168 237 121 78 130 81 108260 777 563 512 397 90 214 163 89 307 115 77 116 107483 832 733 327 406 360
internal_count=110811 1761 1667 1419 1369 1289 80 248 1213 1165 549 616 109050 385 295 110 185 90 135 97 108665 405 168 237 121 78 130 81 108260 777 563 512 397 90 214 163 89 307 115 77 116 107483 832 733 327 406 360
is_linear=0
shrinkage=0.0970268


Tree=90
num_leaves=48
num_cat=0
split_feature=7 8 2 8 3 0 8 6 6 8 2 4 6 4 2 1 6 1 6 4 6 0 0 1 3 2 8 7 3 7 3 0 0 6 2 6 1 8 6 6 7 7 3 2 2 7 8
split_gain=17.0988 48.2847 53.2021 45.0417 25.1622 22.7695 39.7667 24.0077 25.38 17.8073 73.9203 119.822 91.8575 96.789 88.954 111.725 77.7775 109.028 142.202 117.495 99.6666 120.785 114.992 104.506 108.091 172.172 135.245 97.87 97.7564 81.4499 81.3922 72.6505 106.455 89.2013 72.03 122.26 107.613 77.8315 186.299 128.828 96.7276 92.6509 86.7093 78.8583 133.829 84.8084 160.184
threshold=-0.14131868294878788 0.023261611600508502 -0.090969180459749138 0.043381359287571759 0.0029588239411497503 -0.29519999999999996 -0.015317050799766448 -0.053633272910594339 -0.022079742524729499 -0.018201141239484946 -0.019078718414951696 -0.080503657972338785 0.042413382382144059 -0.11688891795680724 -0.11939589641391414 -0.0029424101448219998 0.017364970334903151 -0.035411352165185296 0.10755794141091836 -0.076708091414308774 -0.047328747237486292 -0.95584999999999987 -0.91349999999999987 -0.0038964096732031499 -0.025615522900114797 -0.08164353043515693 -0.014607084514512749 -0.049367784495548642 0.050612858482826158 -0.064682022486341986 -0.0025788049096728497 -0.92304999999999993 -0.89814999999999989 0.012519532288509201 -0.058464359534638098 0.016198139235758503 -0.053503364706735793 -0.05166673925610684 -0.0027826278201059994 -0.012759720328449698 0.053802102423520008 0.035034385344793105 0.025918838091008155 0.18295945040458778 0.030608773561614001 -0.055681929654777189 -0.061246959893921843
decision_type=2 2 2 2 2 2 2 2 2 2 2 2 2 2 2 2 2 2 2 2 2 2 2 2 2 2 2 2 2 2 2 2 2 2 2 2 2 2 2 2 2 2 2 2 2 2 2
left_child=1 5 -3 -4 -5 6 -1 -7 -9 34 11 12 -11 -14 -15 -16 20 18 28 -19 21 27 30 24 26 -26 -22 -13 29 -18 -23 33 -33 -25 35 -2 -37 38 43 41 42 -39 -40 44 45 46 -36
right_child=9 2 3 4 -6 7 -8 8 -10 10 -12 16 13 14 15 -17 17 19 -20 -21 23 22 -24 31 25 -27 -28 -29 -30 -31 -32 32 -34 -35 37 36 -38 39 40 -41 -42 -43 -44 -45 -46 -47 -48
leaf_value=-0.068641647159146224 -0.015117544155694209 0.013321835695229774 -0.16244530146987959 -0.097412607842958146 0.0095743822981303843 0.099726513947167847 0.055345401833707827 -0.047967931675698502 0.053904984435933521 0.041645978970601308 -0.0028410543265285021 -0.20324088981583427 -0.11595795276857065 0.087495836763247833 0.048081722668404908 -0.12801788011575266 -0.12479843854910773 -0.1487926347517925 0.045904646341484778 0.001215047864917243 0.10176691391006891 0.0067241736626071904 -0.0018652311048195612 0.056199618551618195 0.041520807349440567 0.0002878000345647533 -0.019783796850480567 -0.040723820470989193 0.029233696897789419 -0.033991669455486234 0.090687461556193283 -0.045164178915677193 0.015996961169879916 -0.056316764902227444 -0.083832676923077054 0.027659462255500585 -0.0031904192682216353 -0.021743968248455495 -0.0083524362066917778 0.0065624006906670378 -0.038537526570634174 0.0089343252950293255 0.01978897329739826 -0.0094591933229792573 0.042115636191542662 0.015157002668760657 0.12894046222671998
leaf_weight=66 7935 72 50 42 40 40 38 40 53 1242 29089 42 72 90 70 65 98 49 250 9238 89 217 12323 687 1207 4533 2367 200 222 1741 218 276 8660 73 189 1294 5991 4096 3550 5332 706 1197 1452 749 2204 2517 40
leaf_count=66 7935 72 50 42 40 40 38 40 53 1242 29089 42 72 90 70 65 98 49 250 9238 89 217 12323 687 1207 4533 2367 200 222 1741 218 276 8660 73 189 1294 5991 4096 3550 5332 706 1197 1452 749 2204 2517 40
internal_value=-1.68047e-06 -0.01906 -0.0536223 -0.0901336 -0.0453283 0.0106931 -0.0232101 0.0372626 0.00997134 7.44582e-05 0.000954222 0.00346189 0.0300546 -0.0183779 0.0129641 -0.0367724 0.00249819 -0.00427623 -0.0231328 0.000415917 0.00504188 -0.00142297 -0.000133073 0.00973957 0.00167271 0.00896223 -0.0153587 -0.0692695 -0.0315191 -0.0388631 0.0488702 0.0165571 0.0141049 0.0453549 -0.00165208 -0.00678538 0.00228931 0.00189371 0.00745959 -0.004081 -0.00492893 -0.0148042 -0.000180622 0.0198687 0.0243087 0.0100089 -0.0464595
internal_weight=110811 441 204 132 82 237 104 133 93 110370 73118 44029 1539 297 225 135 42490 11598 2311 9287 30892 13000 12758 17892 8196 5740 2456 242 2061 1839 435 9696 8936 760 37252 15220 7285 22032 11407 10625 5708 5293 5002 5699 4950 2746 229
internal_count=110811 441 204 132 82 237 104 133 93 110370 73118 44029 1539 297 225 135 42490 11598 2311 9287 30892 13000 12758 17892 8196 5740 2456 242 2061 1839 435 9696 8936 760 37252 15220 7285 22032 11407 10625 5708 5293 5002 5699 4950 2746 229
is_linear=0
shrinkage=0.0970268


Tree=91
num_leaves=48
num_cat=0
split_feature=7 3 1 2 5 5 4 5 5 3 0 8 8 2 4 3 2 0 5 7 8 5 1 1 0 4 3 5 2 2 8 3 0 2 3 7 5 7 7 7 4 0 5 2 8 0 1
split_gain=17.3063 45.3289 46.7203 53.3652 37.7088 64.1877 62.3179 68.4401 67.6768 40.0472 39.495 36.0447 33.0821 60.185 57.5503 76.6389 50.9648 67.755 83.5795 41.0408 38.5089 54.5267 36.8646 31.437 31.0796 26.7679 22.9226 65.3683 86.5142 155.78 123.821 121.222 100.287 98.1847 94.9315 82.3921 80.4433 88.2112 126.955 71.1429 71.1102 102.432 74.7547 70.3309 68.8137 163.665 117.604
threshold=0.08225069400377126 -0.12964547996240158 -0.12536486058254201 0.2897945581049407 0.037571758838667008 0.046811610602709608 0.019454241742854452 0.077302694435499669 0.091448979704867608 0.028137802218828601 -0.58634999999999982 -0.056443928249199492 0.034166496944118753 0.15224762072515693 -0.10109648475718803 -0.046634456181304997 0.20726072816573907 0.85920000000000007 -0.024306421659905899 0.11061197337159466 -0.12665294288896967 -0.025963452155089394 0.017795254372634003 1.0000000180025095e-35 -0.45944999999999997 0.018412923421023252 0.014634885021916151 0.055179646868793709 -0.073400848999863696 0.070421574323952615 -0.11081206617757354 -0.066164460506163439 0.47730000000000006 -0.014339463034966648 0.0087749483720950521 0.066349310368778711 0.060968070880206053 -0.0067663485611202494 -0.055681929654777189 0.067946891411241009 -0.034982634674192194 -0.31834999999999997 0.093828750910579212 -0.053425154210583241 0.075400957160247611 0.026050000000000004 0.00043933169297050005
decision_type=2 2 2 2 2 2 2 2 2 2 2 2 2 2 2 2 2 2 2 2 2 2 2 2 2 2 2 2 2 2 2 2 2 2 2 2 2 2 2 2 2 2 2 2 2 2 2
left_child=26 -2 24 4 12 25 7 9 -9 -7 -8 -12 16 14 22 -16 20 18 -18 -15 21 -4 -14 -22 -3 -6 27 -1 30 31 -29 32 33 -30 -32 40 37 38 -31 44 41 -33 -42 -37 46 -46 -38
right_child=1 2 3 -5 5 6 10 8 -10 -11 11 -13 13 19 15 -17 17 -19 -20 -21 23 -23 -24 -25 -26 -27 -28 28 29 36 34 35 -34 -35 -36 43 39 -39 -40 -41 42 -43 -44 -45 45 -47 -48
leaf_value=2.2639268004093969e-05 0.089754282231437763 -0.090574827804243419 0.029727191792491506 0.09136297489778572 0.10629717499641587 -0.018213118899714449 0.13148600064551202 0.11568380467621361 0.0023181311386128224 -0.10316186624804358 0.09523141299257902 -0.0065043874292943305 0.091871607252136722 0.095650883923102878 -0.10876355830734676 -0.020775171200604087 -0.025102826529580392 0.065856263478650506 -0.19571748876280354 -0.012522618643639924 0.030783601095854304 -0.13383614546267261 -0.029693159349970889 0.0029498366607175488 0.0038802014628039694 0.019317324058465864 0.0017632209864044373 -0.039572533277913213 0.094771969831416156 -0.14022675010880781 0.014764216822632299 -0.034211139138761976 -0.049356773973149415 -0.025544705956655794 -0.045945703020804689 0.1549452356619189 0.053605192329467838 -0.12179551997709709 0.051499520724576406 -0.094858791411926241 -0.014389658159575726 -0.10618259879362646 -0.04509055663816091 -0.0020356560867929624 -0.078127140530416972 0.023588643765172675 -8.3173129060275757e-05
leaf_weight=59893 60 78 37 69 107 197 51 63 228 71 52 87 60 71 110 603 87 40 39 61 729 39 38 804 56 49 35947 546 197 45 3184 583 120 94 262 39 714 93 114 58 2014 274 1188 84 232 414 830
leaf_count=59893 60 78 37 69 107 197 51 63 228 71 52 87 60 71 110 603 87 40 39 61 729 39 38 804 56 49 35947 546 197 45 3184 583 120 94 262 39 714 93 114 58 2014 274 1188 84 232 414 830
internal_value=-1.65089e-06 0.00635839 0.00503848 0.00708564 0.00546767 0.0226174 0.0107908 -0.00552011 0.0270237 -0.0408783 0.0587343 0.0316605 -0.000241794 -0.0149274 -0.0248267 -0.0344186 0.00755666 -0.04355 -0.0784582 0.0457104 0.012845 -0.0543592 0.0447147 0.0161967 -0.0511433 0.0791603 -0.000232906 -0.00124398 -0.00808821 -0.0145187 0.00333553 -0.0251268 0.0251227 0.0558943 0.0101407 -0.0300694 0.0049677 -0.046963 -0.00293043 0.0108009 -0.0324428 -0.0572732 -0.0257875 0.0480206 0.013621 -0.0129535 0.024746
internal_weight=110811 3886 3826 3692 3623 905 749 559 291 268 190 139 2718 943 811 713 1775 166 126 132 1609 76 98 1533 134 156 106925 70978 11085 7093 3992 4593 411 291 3446 4182 2500 252 159 2248 4059 857 3202 123 2190 646 1544
internal_count=110811 3886 3826 3692 3623 905 749 559 291 268 190 139 2718 943 811 713 1775 166 126 132 1609 76 98 1533 134 156 106925 70978 11085 7093 3992 4593 411 291 3446 4182 2500 252 159 2248 4059 857 3202 123 2190 646 1544
is_linear=0
shrinkage=0.0970268


Tree=92
num_leaves=48
num_cat=0
split_feature=6 4 2 0 4 8 3 8 7 8 0 1 3 8 7 4 6 2 3 3 6 1 7 1 3 8 4 6 1 8 7 1 8 6 3 3 2 2 4 4 2 8 2 8 6 0 6
split_gain=17.7496 47.7526 49.3201 54.1339 42.7676 39.3874 39.2414 33.5898 63.0017 34.3977 31.2 31.8054 45.8247 23.6227 42.4069 39.6772 52.8232 33.0371 37.5389 66.0476 30.1054 23.3768 25.5549 22.9658 22.3048 31.2092 25.5447 22.0665 20.8393 33.9309 18.9631 50.3741 76.1719 48.1589 47.0117 133.011 74.985 103.86 96.9441 59.9773 59.3984 73.7679 56.1646 84.6664 83.6142 56.1234 49.5761
threshold=0.14286659993921658 0.040123463886980355 0.13553097061586228 0.54235000000000011 0.0318047636687337 -0.13667504780404063 0.031171157638930701 0.046354894821261504 -0.025797763820079346 0.10115501634649351 0.75090000000000012 0.092964030289628671 -0.0079268221862089493 0.18320225866052992 -0.043285164286910489 0.033166434836737306 0.018734057918436704 0.11244613717525535 0.011571371925567802 -0.013261733837876948 0.089887634626038007 0.016253589878105903 0.029784228521251805 0.033912783975552953 -0.044124012578734544 0.064732455425072513 0.094113792900192617 -0.014342543383057899 0.045557988990703811 0.098637426988032517 -0.10240213885675449 -0.099494634212686825 0.035439392551654757 -0.031806542934616044 -0.038001164013311946 -0.041784884022097492 -0.016764788148213697 0.057502257722822456 0.019454241742854452 0.09118465142868247 -0.051740389369441843 0.013694470897418601 -0.072666026837171424 0.10591325163891717 -0.042845470769760891 -1.0000000180025095e-35 -0.036328493634105598
decision_type=2 2 2 2 2 2 2 2 2 2 2 2 2 2 2 2 2 2 2 2 2 2 2 2 2 2 2 2 2 2 2 2 2 2 2 2 2 2 2 2 2 2 2 2 2 2 2
left_child=13 2 4 -4 5 -2 24 10 9 -9 11 12 -7 30 23 16 27 18 19 -18 -20 -17 -23 -15 -3 26 -26 -16 29 -10 31 32 33 -1 35 39 38 45 42 40 -33 -42 43 -36 -44 -38 -39
right_child=1 6 3 -5 -6 7 -8 8 28 -11 -12 -13 -14 14 15 21 17 -19 20 -21 -22 22 -24 -25 25 -27 -28 -29 -30 -31 -32 34 -34 -35 36 -37 37 46 -40 -41 41 -43 44 -45 -46 -47 -48
leaf_value=0.1364129835637162 0.083483129248729665 -0.022575676071260146 -0.030533215421662548 -0.17792555611318814 -0.10166062305616913 -0.087650563544960675 -0.057700282752492019 0.016094494789435126 0.022376705177550801 0.14326513895823209 0.031745568345849733 -0.094012717323754061 -0.008110354647892495 0.11920281344663668 -0.032116312957318385 0.059618752515691154 0.052853655153845144 -0.064463275650690807 0.010705650136859776 -0.079632980460573086 0.11739292695664993 0.03069056925640621 -0.055690754529959592 0.030021923793732135 0.12229114346527195 0.0038868490485443209 0.028945250910671384 -0.13155301192665028 0.02042330968738065 -0.083196878260231449 0.00019216931004010154 0.05241654989041121 -0.050686535795747292 0.026458464892570973 -0.02390966824484626 -0.20892000117816206 0.16774506999950725 -0.084899565976295513 0.050330468937948659 0.081175730785066805 -0.019959456041307288 -0.10486144192698872 -0.025440396068334807 0.11394005183167803 -0.1270879105636547 0.041601372285331208 0.019298562907874083
leaf_weight=64 41 42 64 37 49 87 45 37 47 44 72 76 312 52 44 157 73 51 48 68 52 117 44 58 71 70 46 41 89 72 106542 65 68 91 434 39 63 56 162 46 309 140 209 46 120 71 180
leaf_count=64 41 42 64 37 49 87 45 37 47 44 72 76 312 52 44 157 73 51 48 68 52 117 44 58 71 70 46 41 89 72 106542 65 68 91 434 39 63 56 162 46 309 140 209 46 120 71 180
internal_value=-1.56298e-06 -0.0112662 -0.0208718 -0.0851307 -0.0138177 -0.00885311 0.0246808 -0.0134321 0.0132908 0.0856694 -0.027567 -0.0365969 -0.0255505 0.000132221 0.0166877 0.00779373 -0.0134755 0.00611922 0.0211798 -0.011022 0.0665329 0.0330227 0.00694293 0.0725557 0.0409851 0.0553286 0.0859036 -0.0805974 -0.0149663 -0.0414902 9.47261e-06 -0.00898358 0.0346364 0.0721634 -0.0140088 -0.0365997 -0.00390266 0.0332337 -0.0180712 -0.0244353 -0.0339632 -0.0465258 -0.0317988 -0.0105921 -0.0626578 0.101314 -0.00549391
internal_weight=110811 1301 1027 101 926 877 274 836 289 81 547 475 399 109510 805 695 377 292 241 141 100 318 161 110 229 187 117 85 208 119 108705 2163 223 155 1940 599 1341 370 971 560 514 449 809 480 329 134 236
internal_count=110811 1301 1027 101 926 877 274 836 289 81 547 475 399 109510 805 695 377 292 241 141 100 318 161 110 229 187 117 85 208 119 108705 2163 223 155 1940 599 1341 370 971 560 514 449 809 480 329 134 236
is_linear=0
shrinkage=0.0970268


Tree=93
num_leaves=48
num_cat=0
split_feature=6 6 3 5 1 7 5 2 7 7 3 1 1 4 6 1 3 4 7 5 4 3 4 6 4 8 5 8 3 1 5 3 8 8 3 8 7 8 3 3 4 4 4 6 3 4 4
split_gain=16.634 35.8093 64.9238 65.6953 134.628 60.5062 52.5684 44.2441 68.415 65.1156 54.4228 34.8988 69.0021 46.6447 47.8919 97.4855 82.2899 91.4805 107.17 56.061 55.6566 114.751 55.7523 55.0467 54.5011 53.0135 46.3054 43.997 42.8939 42.5013 49.0288 77.3514 49.6711 45.3134 49.2839 42.9059 59.8918 42.3852 36.8863 35.3702 34.8644 33.4504 43.0193 46.6892 65.7841 34.0353 58.9245
threshold=0.094949386485631324 0.089887634626038007 0.059325650782122909 -0.086590833002044273 -0.0054274964605963991 -0.006334566618732199 -0.073811722070813282 0.13869818967007372 0.05055352400025661 -0.032760649089473293 -0.020933196745335246 0.05812016165821491 -0.0064470339305020994 0.083956405294052558 0.10755794141091836 -0.048710526922936946 0.059325650782122909 0.06674470763089721 0.0046563955978958004 -0.082710000460716096 0.0051284804858257515 -0.014067164592165298 0.040772024051045859 0.13409269157169382 -0.027245351243788546 -0.084918813479366237 -0.038518908611530144 0.082183349371925563 0.094691000577307102 -0.0044783415250820987 -0.064410038390160143 -0.0033109757921191995 -0.0066055323419411992 0.062587273729508008 -0.015326141566675848 0.11096802937252122 -0.040896945934992941 0.0093226246243657013 0.012870030474788052 -0.032435441913664896 0.12907256854163462 -0.0095231539277669999 -0.020892644623853946 0.14286659993921658 -0.034327305991221545 -0.036242308413944539 -0.048811798612725339
decision_type=2 2 2 2 2 2 2 2 2 2 2 2 2 2 2 2 2 2 2 2 2 2 2 2 2 2 2 2 2 2 2 2 2 2 2 2 2 2 2 2 2 2 2 2 2 2 2
left_child=1 -1 3 4 -3 -6 -5 8 9 -8 -11 12 13 14 15 -2 17 23 -19 -18 21 -17 38 25 -23 -16 -25 37 -21 -14 31 33 -33 34 39 36 -34 40 -22 -31 -15 42 43 44 -13 46 -45
right_child=11 2 -4 6 5 -7 7 -9 -10 10 -12 41 29 27 16 20 19 18 -20 28 22 24 -24 26 -26 -27 -28 -29 -30 30 -32 32 35 -35 -36 -37 -38 -39 -40 -41 -42 -43 -44 45 -46 -47 -48
leaf_value=0.00011033891840803932 -0.067689306834605584 0.087297173144340157 0.102938908949871 0.12741223981965843 -0.19163205870427644 -0.033752973872167212 0.06827366341254773 0.07644501017294178 0.1062073802754669 0.033765932528516056 -0.048389074398565705 -0.05009481075189106 -0.098317546664753591 0.071527931914628667 -0.022103708424903817 0.17547978086050553 0.021197987530308337 -0.17795387688949726 0.029616131263343243 -0.11523407215334994 -0.12901656872347994 -0.054773511236541325 0.041088513366769955 -0.03179490565442851 0.05998272521664412 0.058705966378066472 0.038900971201874898 -0.050543257439491313 0.0022967414083273235 -0.10369399062191209 -0.028033811402823981 0.058855132096984217 -0.13274879319974789 0.020107832466435986 -0.15534161107163016 0.063954497192236393 -0.00074198380075476468 0.14297828168692461 -0.011600083970176804 0.021537541215341509 -0.031519814981968701 0.025848039433164206 -0.058759414806333947 -0.014799231823808365 0.054985423182977791 0.040110475174667197 -0.16094042580330983
leaf_weight=104289 267 45 80 43 48 44 87 98 56 106 264 74 64 92 89 47 78 45 48 100 56 77 60 200 78 526 154 37 41 38 1555 208 38 61 51 71 206 48 46 47 46 597 119 81 227 41 38
leaf_count=104289 267 45 80 43 48 44 87 98 56 106 264 74 64 92 89 47 78 45 48 100 56 77 60 200 78 526 154 37 41 38 1555 208 38 61 51 71 206 48 46 47 46 597 119 81 227 41 38
internal_value=-1.40393e-06 0.000274094 0.0198612 0.0113973 -0.0495776 -0.116719 0.0242079 0.0168474 0.00539134 -0.00702818 -0.0248163 -0.00512944 -0.0090413 0.00356711 -0.00132984 -0.0232049 0.00944231 0.0206176 -0.0710695 -0.0446441 0.00944014 0.0433965 -0.0328465 0.0294537 0.00292145 0.0469895 -0.00100456 0.0455187 -0.0810876 -0.0205526 -0.0183432 0.00257727 0.0221078 -0.0491631 -0.0802671 -0.00217372 -0.0215302 0.0647478 -0.0764179 -0.0345741 0.0371206 0.00973036 -0.00685051 0.00657011 0.0290875 -0.0356985 -0.0619439
internal_weight=110811 105160 871 791 137 92 654 611 513 457 370 5651 4474 2135 1912 631 1281 1062 93 219 364 202 162 969 155 615 354 223 141 2339 2275 720 523 197 136 315 244 186 102 85 138 1177 580 461 301 160 119
internal_count=110811 105160 871 791 137 92 654 611 513 457 370 5651 4474 2135 1912 631 1281 1062 93 219 364 202 162 969 155 615 354 223 141 2339 2275 720 523 197 136 315 244 186 102 85 138 1177 580 461 301 160 119
is_linear=0
shrinkage=0.0970268


Tree=94
num_leaves=48
num_cat=0
split_feature=3 4 7 7 7 4 8 9 4 5 1 9 5 1 3 1 9 8 6 6 7 7 3 7 4 7 4 8 6 8 5 5 7 9 6 5 6 5 6 7 3 6 7 6 1 9 1
split_gain=15.9119 31.4662 33.7548 28.2199 27.6636 43.0446 22.9832 19.1862 61.5742 78.4374 75.1206 68.0202 106.024 60.8121 117.518 82.482 83.8889 88.9289 79.4275 98.4291 84.2273 49.1249 46.072 68.5232 61.4936 59.2023 56.8929 49.5594 45.6339 118.667 92.1379 144.754 81.8019 60.2197 57.2173 53.9067 41.4414 41.3601 41.9064 51.7055 41.1378 45.8334 92.2874 68.4914 39.728 38.0667 34.1969
threshold=0.15175264210056619 -0.0030590357167551998 0.041535044316147157 0.05593522980630896 0.018886018254594805 -0.057564189976198041 0.012079557883119952 0.058382160598445261 -0.068701752432777943 0.096436362004837364 0.014320855405740502 0.065880069186582471 0.028030629676504104 -0.0089717381877628486 -0.085782764465803088 -0.017005040669566897 0.070992314440072826 0.066880848446210714 -0.051508719244332944 -0.029002966875096247 0.038148433565600909 -0.006334566618732199 -0.10223703431751933 0.0086215996996771519 -0.031315377374797344 -0.029645303037379746 0.035052049108563757 0.014749523844017001 -0.037390380973211797 -0.05166673925610684 0.099374248208709659 0.072173438591567066 0.071292518634747268 0.064538379485212419 -0.036328493634105598 0.19726722773292296 -0.042845470769760891 -0.095873023297945531 -0.036859393946041548 0.005044673245424001 0.047493066980124309 -0.0069727208777144991 0.00079615341766600017 0.022523747213298553 0.057157880399787413 0.063311869135761464 -0.093672532763851041
decision_type=2 2 2 2 2 2 2 2 2 2 2 2 2 2 2 2 2 2 2 2 2 2 2 2 2 2 2 2 2 2 2 2 2 2 2 2 2 2 2 2 2 2 2 2 2 2 2
left_child=7 3 -3 4 6 -6 -2 -1 9 11 -11 12 21 15 -15 16 -13 -18 20 -20 -16 -9 23 24 -10 -26 28 36 29 32 31 -31 33 -24 -30 45 -25 38 39 -28 41 42 -39 -43 46 -36 -40
right_child=1 2 -4 -5 5 -7 -8 8 22 10 -12 13 -14 14 18 -17 17 -19 19 -21 -22 -23 26 27 25 -27 37 -29 34 30 -32 -33 -34 -35 35 -37 -38 40 44 -41 -42 43 -44 -45 -46 -47 -48
leaf_value=0.00032218914426657526 0.042762017513522134 0.0084069578568945688 -0.061342282979243053 -0.038774033244696103 0.17138528979745832 0.033717224353986684 -0.039458019820615586 0.16515899076077717 0.080057515407420898 0.18604262403301439 0.0021348131812791954 -0.10934920903717715 -0.051413087553384626 -0.17339720162153993 -0.15879764442955008 0.14866672643794893 0.0061347434458965157 0.14393419321642872 0.13853983359650593 -0.012159217843318658 0.019779135125702427 0.053154736580893085 0.086894808669229481 -0.044141884872479602 0.0084813086103255973 -0.14411862197833797 0.098016688717841638 0.15360018963847635 0.093690136404466481 -0.036012292849155997 -0.15837703307793297 0.10323011019929122 0.11690645476564358 -0.02734158113585208 -0.026483415467507081 -0.1158627940810569 0.086191848679066582 0.057811473230650293 0.0063589638081657969 -0.030303031156748841 0.040806316850548946 -0.040316500989654239 -0.0055082335159575228 0.00913990146216004 0.037948113924852735 -0.0031992876443720079 -0.092849572468621064
leaf_weight=98981 169 449 76 41 37 51 39 66 42 48 37 50 58 47 58 43 353 50 51 197 43 85 58 37 53 43 47 52 52 1642 54 73 78 169 799 43 59 363 42 78 327 420 536 706 38 3827 144
leaf_count=98981 169 449 76 41 37 51 39 66 42 48 37 50 58 47 58 43 353 50 51 197 43 85 58 37 53 43 47 52 52 1642 54 73 78 169 799 43 59 363 42 78 327 420 536 706 38 3827 144
internal_value=-1.33133e-06 0.0131265 -0.00171333 0.0362458 0.0467083 0.0922419 0.0272532 -0.000104387 -0.00395474 0.0169178 0.106499 0.00995569 0.0597203 -0.0017166 -0.030062 0.0209016 0.00862747 0.0233859 -0.010548 0.0189754 -0.082911 0.102492 -0.00648695 0.0318483 -0.0172664 -0.0601039 -0.00764386 0.0776261 -0.012379 -0.024376 -0.0340151 -0.0300562 0.0314707 0.0019122 -0.00710487 -0.00823772 0.0358898 0.00426507 -0.0268778 0.0180377 0.00889407 0.00372891 0.0200639 -0.00930736 -0.0519703 -0.00722493 -0.0704342
internal_weight=110811 862 525 337 296 88 208 109949 10968 1186 85 1101 209 892 396 496 453 403 349 248 101 151 9782 286 138 96 9496 148 6795 2074 1769 1715 305 227 4721 4669 96 2701 349 125 2352 2025 899 1126 224 4626 186
internal_count=110811 862 525 337 296 88 208 109949 10968 1186 85 1101 209 892 396 496 453 403 349 248 101 151 9782 286 138 96 9496 148 6795 2074 1769 1715 305 227 4721 4669 96 2701 349 125 2352 2025 899 1126 224 4626 186
is_linear=0
shrinkage=0.0970268


Tree=95
num_leaves=48
num_cat=0
split_feature=4 5 7 7 7 1 3 8 2 9 7 8 8 8 8 9 3 4 3 1 7 8 8 7 9 3 3 4 2 1 4 1 3 3 9 3 3 7 7 2 8 4 1 9 7 7 8
split_gain=16.1134 44.1037 33.6613 39.3321 61.1646 45.2224 39.7619 41.2577 37.215 35.2459 35.0385 34.4885 43.6958 31.3557 26.9902 26.9226 24.5553 23.7288 23.6638 42.9813 43.0586 28.8707 29.0669 24.2926 20.6792 41.2708 59.0813 140.318 91.0055 116.731 70.0815 55.5421 73.7245 100.8 47.0929 45.1715 61.3087 40.4783 40.0357 39.8583 39.8504 39.5099 34.3753 29.256 27.0386 35.8293 57.2197
threshold=-0.11688891795680724 0.11544786664034272 -0.061956365179484295 -0.020202799864519744 -0.010488563263260699 -0.042279608257036541 -0.10878881064727379 0.098637426988032517 -0.033372561083813847 -0.03655899064599314 -0.09021659751123938 0.083866006326343612 0.069364821743613261 0.012079557883119952 -0.00059863951889184994 0.013024665101398252 -0.082512809636560089 -0.15353276532407442 -0.15318389442210548 -0.093672532763851041 -0.00039405811183664994 -0.046400681798022488 -0.012025422060187198 0.0086215996996771519 0.10994557259447872 -0.10223703431751933 -0.027657507117706346 -0.0076202116060747494 0.096473599710589761 -0.030486284205371996 0.048080993872540757 0.028258016989411053 0.016396591115845151 0.0091389964893789522 0.14512608310463124 0.023717075115344353 0.031171157638930701 0.00040888887211815004 -0.024742706626761698 0.17057609265983603 0.063745426108376815 0.071191168383034562 0.013825348847855251 0.10439905251003316 0.06476296255140436 -0.059299416812386943 -0.020384300480516395
decision_type=2 2 2 2 2 2 2 2 2 2 2 2 2 2 2 2 2 2 2 2 2 2 2 2 2 2 2 2 2 2 2 2 2 2 2 2 2 2 2 2 2 2 2 2 2 2 2
left_child=1 2 10 8 5 -5 17 11 -4 -10 14 12 -8 -12 -1 -11 -17 -6 19 20 -2 -21 -23 -24 43 -26 27 28 42 -30 39 32 33 38 40 -34 -37 -36 -28 -29 41 -33 -27 -20 45 -45 -47
right_child=18 -3 3 4 6 -7 7 -9 9 15 13 -13 -14 -15 -16 16 -18 -19 24 21 -22 22 23 -25 25 26 31 30 29 -31 -32 34 35 -35 37 36 -38 -39 -40 -41 -42 -43 -44 44 -46 46 -48
leaf_value=0.043064475867291375 -0.093160010844840602 -0.073727493580711886 -0.10632187345411126 0.0088468542422282699 -0.0078335544033632139 0.15671387808460285 -0.0087840297555073481 0.078632749766604948 0.038725012431693254 -0.087534059431478184 0.024353810329206079 -0.093039515774406334 0.08710958301083091 0.12852209389108488 -0.044104644868434385 -0.062302626963056731 0.042097267235094812 -0.097494025637966802 0.00012779346403421913 -0.01796181751158845 0.023333207406002355 0.13049418161054968 -0.0034169604996439041 0.073068323568531546 0.064188061611024222 -0.0041996646689962365 0.051053781279350612 -0.20086258132108115 -0.041897698273100865 0.1661338045728985 -0.044162585490437077 0.012779818557965224 -0.13688972130157839 0.13704083387746335 0.037855951609328094 0.080826785053926931 -0.04503912691329881 -0.09073145849914839 -0.030393358238241866 -0.079317293259996619 0.12898592828007785 0.11622226810494263 -0.11851514028215913 -0.032075872689448247 -0.029587066559669632 -0.00053767562549513403 0.086425986213660835
leaf_weight=59 49 94 67 41 46 37 788 55 61 80 67 42 47 46 76 41 43 71 106596 52 75 46 64 99 66 60 80 66 44 59 113 195 43 55 42 40 368 50 193 43 47 42 42 59 69 121 172
leaf_count=59 49 94 67 41 46 37 788 55 61 80 67 42 47 46 76 41 43 71 106596 52 75 46 64 99 66 60 80 66 44 59 113 195 43 55 42 40 368 50 193 43 47 42 42 59 69 121 172
internal_value=-8.61985e-07 -0.00920702 -0.00554567 -0.0113156 -0.00307839 0.0795685 -0.00926179 -0.00254666 -0.0430262 -0.0239749 0.0273946 -0.00768331 -0.00333445 0.0671577 -0.00592504 -0.0473915 -0.0088068 -0.062475 0.000147754 0.0241471 -0.0227848 0.0464803 0.0625617 0.043049 6.25471e-05 -0.010722 -0.0138692 -0.0446896 0.0131524 0.0773668 -0.0980679 -0.00245489 -0.0172424 0.0177262 0.0281426 -0.0426874 -0.0326066 -0.0320231 -0.00645072 -0.153485 0.0476838 0.0313228 -0.0516527 0.00022875 0.0257433 0.0366377 0.0505317
internal_weight=110811 1761 1667 1419 1127 78 1049 932 292 225 248 877 835 113 135 164 84 117 109050 385 124 261 209 163 108665 1648 1582 427 205 103 222 1155 779 328 376 451 408 92 273 109 284 237 102 107017 421 352 293
internal_count=110811 1761 1667 1419 1127 78 1049 932 292 225 248 877 835 113 135 164 84 117 109050 385 124 261 209 163 108665 1648 1582 427 205 103 222 1155 779 328 376 451 408 92 273 109 284 237 102 107017 421 352 293
is_linear=0
shrinkage=0.0970268


Tree=96
num_leaves=48
num_cat=0
split_feature=0 6 1 9 3 6 4 9 0 4 3 4 2 4 6 9 2 8 4 4 3 3 1 8 3 4 3 2 8 3 9 6 6 0 1 0 0 2 0 9 6 6 1 9 6 0 4
split_gain=15.9262 57.9427 49.1529 104.176 55.2728 37.8363 52.1013 47.1526 29.3915 27.0307 24.9251 22.1217 16.7034 106.636 60.1302 84.4036 65.5276 63.9467 75.429 62.2562 54.6119 36.3592 78.891 30.4259 29.4101 36.0735 41.6984 26.6483 60.8158 50.513 42.0838 33.7526 36.4866 29.3627 36.5874 24.5843 21.6415 17.5081 74.1956 57.7986 54.3135 63.737 68.4072 57.5581 134.377 63.4918 56.366
threshold=0.96475000000000011 -0.025704395309371849 -0.0034061057182067493 -0.0046980945101937994 -0.018290733920946246 0.013775329511998552 -0.030695532482002647 -0.044729341931188847 0.9699000000000001 -0.0062761940846778989 -0.020031250633619494 0.019454241742854452 0.2897945581049407 0.029858113612524804 0.06643797787568996 0.06063633258993411 0.31697431919119173 -0.040428486899337791 0.09118465142868247 0.063903328562963421 -0.073118113585582525 0.048580650556495859 -0.042279608257036541 -0.020384300480516395 0.024830702605834254 0.0087459754560187519 -0.035447503911086288 0.27393450363248512 0.092572173936269916 -0.063115392590249994 0.0016315608540918502 -0.036328493634105598 0.027518713943351255 0.78475000000000017 -0.0044783415250820987 0.49445000000000006 -0.050699999999999988 0.23449692913234538 0.36190000000000005 0.088546654434736263 0.039686871576720857 0.058319398525702011 0.044838501870258306 0.00080144080836265009 -0.04405656825647309 0.15220000000000003 -0.014688854341964248
decision_type=2 2 2 2 2 2 2 2 2 2 2 2 2 2 2 2 2 2 2 2 2 2 2 2 2 2 2 2 2 2 2 2 2 2 2 2 2 2 2 2 2 2 2 2 2 2 2
left_child=12 2 3 -2 8 7 -7 -3 -4 -6 11 -8 27 20 15 16 23 18 -17 -18 -14 24 -23 -15 25 26 -22 37 29 -29 33 -32 36 34 -31 -28 -33 -1 40 -40 43 -42 -43 46 -45 -46 -39
right_child=1 5 4 -5 9 6 10 -9 -10 -11 -12 -13 13 14 -16 17 19 -19 -20 -21 21 22 -24 -25 -26 -27 35 28 -30 30 31 32 -34 -35 -36 -37 -38 38 39 -41 41 42 -44 44 45 -47 -48
leaf_value=-0.00028681694212849264 0.041214636492685454 -0.045475483758310793 -0.12233874028245345 -0.17447848062707627 0.074571360904160874 -0.093784687663099275 -0.066273061218157084 0.069484392605128606 -0.016023124258466099 0.0052433277034183426 0.043531010230123464 0.020301437118260022 -0.052411843690721001 -0.049699841238881465 -0.11827484152931574 -0.10828580593846326 -0.20864911341315676 0.11279264021370511 0.078006366469026256 -0.0359759226072357 0.13735713354403073 -0.10275571568596811 0.078196207381564367 0.059656004428204568 0.14317884180292714 -0.011005664315428437 0.0065809699677445059 -0.1349894048731532 0.075710294615337029 -0.01839888073789624 -0.13624960617892279 -0.044490412326397534 -0.081300354719722343 -0.046590058984526492 0.10525551805412994 0.082961474099057644 0.054172150894861507 -0.009933891648947488 0.040231628510435928 -0.041673233862730918 0.087959961050951219 0.024693094881106468 -0.11464440578626096 0.12457083659267618 -0.0077368783080903449 -0.12732436386183224 -0.099972637969937217
leaf_weight=106668 37 38 43 48 68 41 45 268 57 236 192 71 49 53 55 40 38 69 41 41 71 39 53 43 45 56 74 44 50 41 37 37 78 45 49 86 47 119 717 91 100 140 43 66 246 50 146
leaf_count=106668 37 38 43 48 68 41 45 268 57 236 192 71 49 53 55 40 38 69 41 41 71 39 53 43 45 56 74 44 50 41 37 37 78 45 49 86 47 119 717 91 100 140 43 66 246 50 146
internal_value=-7.25329e-07 0.011386 -0.0138668 -0.0807386 0.000248923 0.0302497 0.00836362 0.0551356 -0.06215 0.0208624 0.0221 -0.0133218 -0.000119634 0.0134014 -0.0248425 -0.00887078 -0.0546122 0.0444364 -0.0139602 -0.119812 0.0441402 0.0553608 0.00127057 -0.000575539 0.0703014 0.0586507 0.0755663 -0.000225762 -0.0243769 -0.0377094 -0.0247136 -0.0530489 -0.0336874 0.0170214 0.0489976 0.0478023 0.0105993 -0.000130214 0.00958538 0.030979 -0.00940565 0.0258363 -0.00818398 -0.0253336 -0.000144046 -0.0281198 -0.0596543
internal_weight=110811 1144 489 85 404 655 349 306 100 304 308 116 109667 853 380 325 175 150 81 79 473 424 92 96 332 287 231 108814 428 378 334 199 162 135 90 160 84 108386 1718 808 910 283 183 627 362 296 265
internal_count=110811 1144 489 85 404 655 349 306 100 304 308 116 109667 853 380 325 175 150 81 79 473 424 92 96 332 287 231 108814 428 378 334 199 162 135 90 160 84 108386 1718 808 910 283 183 627 362 296 265
is_linear=0
shrinkage=0.0970268


Tree=97
num_leaves=48
num_cat=0
split_feature=0 4 2 4 2 9 4 1 7 4 3 7 0 3 8 8 0 0 4 3 8 0 9 9 2 0 3 9 8 8 4 3 2 4 4 8 8 7 8 2 1 1 3 7 0 0 4
split_gain=15.3782 30.7445 47.8807 39.0969 29.919 29.3287 65.5515 79.1373 16.8628 46.3617 58.1843 103.471 88.3843 53.4146 48.2805 46.6494 38.6747 62.4894 58.0551 33.0592 32.2617 78.6651 43.2841 33.8255 53.0607 33.8597 32.2428 67.1969 48.133 101.457 64.1744 32.9305 31.1961 29.746 29.194 27.4599 34.5166 50.464 48.2211 40.5489 28.2503 26.7237 25.15 43.7895 88.5562 63.0429 58.3951
threshold=-0.98494999999999988 -0.056602689056735343 -0.058464359534638098 0.018412923421023252 -0.12605914524706577 -0.039289152148419944 -0.013664102955108198 -0.0029424101448219998 0.077225608832147755 -0.05254629867796954 -0.07510852646201073 0.11061197337159466 -0.76479999999999981 0.099553380021896107 0.087245703818664602 0.076787835299662863 0.20145000000000005 -0.25014999999999993 -0.010852579258290399 -0.10878881064727379 -0.098806263252529183 -0.58634999999999982 0.048352625685690605 0.080610931652623008 -0.04090022911237879 0.20145000000000005 -0.018290733920946246 -0.07430053697130258 -0.021079018721210045 0.037396280254615409 -0.087349392908086396 -0.034327305991221545 0.1228346226945554 0.013558821068191751 -0.0072207479575060992 0.096604976774522525 0.029649038669517253 0.08225069400377126 0.038033399284052007 -0.024627921359129699 -0.012727259319531297 -0.012187474749259098 0.059325650782122909 -0.010924158878630947 -0.15219999999999997 -0.10264999999999998 -0.075025603548725089
decision_type=2 2 2 2 2 2 2 2 2 2 2 2 2 2 2 2 2 2 2 2 2 2 2 2 2 2 2 2 2 2 2 2 2 2 2 2 2 2 2 2 2 2 2 2 2 2 2
left_child=1 2 4 5 -1 -3 7 -7 42 10 11 12 -10 14 15 20 17 18 -16 -14 21 -11 -23 25 -25 -22 27 -12 30 31 -29 -30 -13 -15 -18 36 37 -28 -38 -40 -39 -17 -2 44 46 -46 -44
right_child=8 3 -4 -5 -6 6 -8 -9 9 13 26 32 19 33 16 41 34 -19 -20 -21 23 22 -24 24 -26 -27 35 28 29 -31 -32 -33 -34 -35 -36 -37 38 40 39 -41 -42 -43 43 -45 45 -47 -48
leaf_value=-0.031503334954469331 -0.00065355681713670391 -0.050183789030477585 0.030067791095064338 -0.06601783743487831 -0.14123705799064337 -0.078092590735221193 0.13661887156888408 0.089389814670968973 0.034005145160637358 -0.11197554407635778 -0.038291514657403741 0.0016740933335446682 -0.072457342201740021 -0.12544645946543978 -0.10613870130612706 0.13523689445573081 0.077596373538849836 -0.14884893759496706 0.0026969322769457332 -0.19840747489503702 0.023130677119466359 -0.025812597941519178 0.069820790602410782 -0.069664983743219194 0.0062842012424471592 -0.0012491258186976615 0.11207171621946788 0.033001198524107198 -0.050889333375555498 0.10957555411279371 0.18666332026055843 0.056488150242141912 0.11703417895366942 -0.014804965717096944 -0.022139130651328512 0.083464417552262138 -0.11442736125784453 -0.018297632274914367 0.067431251054169777 -0.038312304995231056 0.03560475833960635 0.026825635949394896 -0.019445351243865532 -0.00086789086240959899 -0.1024013982932605 0.001615879644021066 0.03472701357931969
leaf_weight=42 96298 41 42 62 54 57 47 49 40 75 65 49 37 48 64 39 45 49 162 44 1191 144 64 129 261 974 56 44 84 116 62 39 40 44 70 54 42 154 56 86 224 48 212 5596 56 1975 1581
leaf_count=42 96298 41 42 62 54 57 47 49 40 75 65 49 37 48 64 39 45 49 162 44 1191 144 64 129 261 974 56 44 84 116 62 39 40 44 70 54 42 154 56 86 224 48 212 5596 56 1975 1581
internal_value=-9.16449e-07 -0.0191256 -0.0559665 0.000756934 -0.0936693 0.0222409 0.0417929 -0.000537733 6.73146e-05 0.00575446 0.0214016 -0.0252746 -0.0835932 -0.000178433 0.00184699 0.00612651 -0.030198 -0.0499427 -0.0282222 -0.141656 0.0039721 -0.0270804 0.00364991 0.00741906 -0.0188616 0.0121602 0.0304756 0.0519193 0.0689681 0.0446386 0.123346 -0.016692 0.0539296 -0.0729374 0.0169477 0.0173544 0.0115103 0.0264441 -0.0236438 0.00340021 0.0136242 0.075944 -0.000185405 0.00459922 0.0126014 -0.00126811 0.0283136
internal_weight=110811 394 138 256 96 194 153 106 110417 4699 1292 210 121 3407 3315 2925 390 275 226 81 2838 283 208 2555 390 2165 1082 410 345 239 106 123 89 92 115 672 618 434 184 142 378 87 105718 9420 3824 2031 1793
internal_count=110811 394 138 256 96 194 153 106 110417 4699 1292 210 121 3407 3315 2925 390 275 226 81 2838 283 208 2555 390 2165 1082 410 345 239 106 123 89 92 115 672 618 434 184 142 378 87 105718 9420 3824 2031 1793
is_linear=0
shrinkage=0.0970268


Tree=98
num_leaves=48
num_cat=0
split_feature=0 3 1 1 2 7 8 2 1 8 1 2 8 8 5 2 8 3 2 7 8 7 3 0 7 8 0 1 2 7 9 0 5 2 3 5 9 7 2 7 8 2 9 3 8 2 8
split_gain=15.8186 59.7949 63.0832 59.4591 49.8078 63.7431 99.8987 43.8437 80.0298 103.143 83.3862 72.0692 71.4213 70.1947 59.0388 65.2081 68.6198 63.5869 57.9041 151.732 132.594 104.519 118.299 188.572 121.856 93.5458 90.942 125.871 77.6007 87.581 78.1778 67.1614 67.8834 65.3866 62.3693 60.4134 153.451 59.0279 55.0534 53.6884 73.7857 56.4831 46.5013 45.8463 67.5624 45.416 44.7989
threshold=-0.86364999999999992 0.10525850206223876 -0.081646643084545792 0.0028725317434983503 0.25269711691732732 0.024530531217677402 -0.0011709492336022499 0.13869818967007372 1.0000000180025095e-35 -0.03090695489089405 0.063144735539944014 0.15556962042993769 0.035439392551654757 0.068055665699648507 0.069193759738756952 0.2267042923305376 0.060749889871070308 0.021205448641670854 -0.0099880315589697486 -0.036610024597338288 -0.011379828557408397 -0.034638508081320095 0.031171157638930701 -0.96654999999999991 -0.10240213885675449 -0.088985300486329535 -0.93364999999999987 0.066601887491051809 -0.0047669855225582992 0.015782430852915454 0.0054601411081470009 -0.8748999999999999 0.038350382520869607 0.11913951407920341 -0.024182531111656694 0.093828750910579212 -0.04632313950314474 -0.0018786184531011999 -0.027230076655978343 0.046879372846273311 -0.10423203134174834 -0.12605914524706577 0.065880069186582471 -0.0022210438241292998 0.078074244089569367 0.096473599710589761 -0.082968728144152445
decision_type=2 2 2 2 2 2 2 2 2 2 2 2 2 2 2 2 2 2 2 2 2 2 2 2 2 2 2 2 2 2 2 2 2 2 2 2 2 2 2 2 2 2 2 2 2 2 2
left_child=1 4 -3 -4 7 6 -6 18 11 -10 12 -9 -11 -14 15 16 -13 -16 21 20 33 22 26 -24 -25 39 38 -28 29 37 -31 34 -33 46 -30 42 -37 -21 -1 40 -23 -41 -27 45 -45 -22 -20
right_child=-2 2 3 -5 5 -7 -8 8 9 10 -12 14 13 -15 17 -17 -18 -19 19 28 43 25 23 24 -26 35 27 -29 31 30 -32 32 -34 -35 -36 36 -38 -39 -40 41 -42 -43 -44 44 -46 -47 -48
leaf_value=-0.016187585166549029 0.00048827146473929363 -0.054208031907064566 0.087076640784370246 -0.0023496170950907821 -0.10159841813148994 -0.14569968054565333 0.098665795416767663 0.091886651341637954 0.035555011688114847 -0.15040157448054084 0.054500075813703551 0.0050690042667792057 0.059955656771490312 -0.11255871079980968 0.15028835783197297 0.098649409936967386 -0.10959427205650296 -0.0011120209135525247 0.13490668531360336 -0.071284910080661332 -0.023516839935044893 -0.025594316667509213 -0.10802059033766838 -0.094123658890631193 0.076192105778194782 0.0086727580865358506 -0.063843285097585592 0.10958326121524932 0.011530592834684874 0.084885168910153921 -0.10972048115345151 -0.13037881541908525 0.0046892267681367108 -0.046086741159478674 -0.027335258378172713 0.11039974816063218 -0.037781507020555619 -0.21564085300045371 0.084579555672170237 0.11281930289783708 -0.11656700642123075 -0.026103269169949633 -0.025881888019887851 0.046574951845630694 -0.065927427122412438 -0.13674706983428273 0.055482400921708398
leaf_weight=644 94058 60 191 110 52 52 42 166 187 93 46 283 43 45 58 55 59 47 102 54 136 248 83 45 306 8328 811 41 508 40 37 102 53 42 1648 73 632 54 55 39 127 91 383 169 71 44 198
leaf_count=644 94058 60 191 110 52 52 42 166 187 93 46 283 43 45 58 55 59 47 102 54 136 248 83 45 306 8328 811 41 508 40 37 102 53 42 1648 73 632 54 55 39 127 91 383 169 71 44 198
internal_value=-9.00265e-07 -0.0027478 0.0362876 0.0544075 -0.00360894 -0.0599497 -0.0119803 -0.00310052 0.0157636 -0.0177295 -0.0616498 0.0365332 -0.0912771 -0.0282728 0.0181494 0.000985673 -0.0147949 0.0826958 -0.00444754 -0.0159085 0.0219726 -0.00131009 -0.0216319 0.0231168 0.0542444 0.00275573 -0.0341622 -0.0554371 -0.0274787 -0.0878981 -0.0085951 -0.0226229 -0.0842466 0.0667918 -0.0181729 0.00493916 -0.0223684 -0.144102 -0.00819979 -0.0379077 -0.0565239 0.015731 0.00715125 -0.0145313 0.0131978 -0.0514994 0.0826677
internal_weight=110811 16753 361 301 16392 146 94 16246 1082 414 227 668 181 88 502 397 342 105 15164 3258 762 11906 1985 434 351 9921 1551 852 2496 185 77 2311 155 342 2156 9416 705 108 699 505 375 130 8711 420 240 180 300
internal_count=110811 16753 361 301 16392 146 94 16246 1082 414 227 668 181 88 502 397 342 105 15164 3258 762 11906 1985 434 351 9921 1551 852 2496 185 77 2311 155 342 2156 9416 705 108 699 505 375 130 8711 420 240 180 300
is_linear=0
shrinkage=0.0970268


Tree=99
num_leaves=48
num_cat=0
split_feature=4 8 6 6 5 9 6 6 2 4 1 1 6 1 4 9 5 7 1 1 1 8 5 8 9 7 8 8 9 6 7 1 8 4 2 9 1 1 7 1 6 1 6 6 6 9 9
split_gain=15.1948 42.3762 28.0059 49.5796 67.6234 42.5884 38.5038 33.121 18.138 41.8525 34.6585 22.5312 22.7182 38.3491 22.6543 21.6797 17.1538 54.7505 55.609 43.0193 38.6813 55.421 75.8766 44.7142 60.0493 37.8991 33.1023 77.6026 59.0727 39.3787 27.0283 25.8982 23.3379 22.64 51.8174 83.6833 33.2301 83.7515 27.7173 30.469 24.4319 22.6874 82.6852 104.338 61.9597 33.3956 40.5433
threshold=0.16072840484116965 0.092572173936269916 -0.052953350146050744 -0.017422101530692596 0.030025241328595905 0.011345021168158253 0.042413382382144059 -0.10448051949505939 -0.20260137548602794 0.019943716421292654 0.04206493927765801 -0.027258055345550498 0.081239476186472412 0.060044182131756406 -0.0095231539277669999 -0.0067739491542473992 -0.13463856201376623 0.05810655260572601 -0.022156606960369595 0.14678926978451887 -0.033951265674093546 -0.018201141239484946 -0.1441432172832007 -0.047342504378506893 -0.027025715966651497 0.089139299089848564 -0.11081206617757354 -0.065268669685374078 0.026698098364816705 -0.0022702337887500492 -0.060643550149978291 0.029394831604843404 -0.0047829561281900988 -0.15353276532407442 -0.0090879461792783989 0.095511689039435951 -0.081646643084545792 -0.010571239841904599 0.035034385344793105 -0.11978308526222209 0.0032962987332410005 -0.17604839349501017 0.018024559016611204 -0.0064870444723706495 -0.031806542934616044 -0.017602438214275148 0.014818901220761202
decision_type=2 2 2 2 2 2 2 2 2 2 2 2 2 2 2 2 2 2 2 2 2 2 2 2 2 2 2 2 2 2 2 2 2 2 2 2 2 2 2 2 2 2 2 2 2 2 2
left_child=8 2 7 -4 5 -5 -7 -2 9 11 15 -1 -13 14 -14 -11 17 19 -19 20 21 23 -23 24 -10 32 28 31 29 -22 -29 -28 -20 34 40 36 38 -38 39 -36 -18 42 43 44 -35 -44 -47
right_child=1 -3 3 4 -6 6 -8 -9 16 10 -12 12 13 -15 -16 -17 33 18 25 -21 26 22 -24 -25 -26 -27 27 30 -30 -31 -32 -33 -34 41 35 -37 37 -39 -40 -41 -42 -43 45 -45 -46 46 -48
leaf_value=0.088852821824738068 0.051768133301294879 -0.07635309821937647 0.10977887941371461 -0.0986663727465239 0.099386664698287025 0.062990167335281441 -0.058155811205560418 -0.061666727766527575 -0.086947926563996358 -0.031970892847022266 -0.099269142347990141 0.069960513351199446 -0.081033083426091279 0.06275790225400571 0.019020432559503659 0.057942052812176938 0.088037461545459966 -0.16453241566472443 -0.02823640936943193 0.088450274371691437 0.062492434608173109 0.1203582313155929 -0.034304108743618188 -0.078493840145010818 0.052485780389180649 0.029509785764561796 0.11254726161636636 0.052396355687960895 -0.11713654456523764 -0.056648609779670164 -0.025751772557567765 0.025465268671727083 -0.12250023379050777 0.019063177849999089 -0.10121862876611316 0.083247197720985544 -0.16396297950964006 -0.0019014318335090869 0.025810488119004972 0.0047512910712398399 -0.01053278026592252 0.00016549623448136627 -0.14618998213556136 0.12066732176262186 -0.10952299657545432 0.028941833091545077 -0.10815163798660463
leaf_weight=70 40 40 77 43 67 63 40 60 38 58 40 72 49 60 37 44 49 37 59 46 45 91 44 62 119 58 52 44 78 61 663 85 43 91 64 44 73 51 54 42 45 107564 51 60 57 37 44
leaf_count=70 40 40 77 43 67 63 40 60 38 58 40 72 49 60 37 44 49 37 59 46 45 91 44 62 119 58 52 44 78 61 663 85 43 91 64 44 73 51 54 42 45 107564 51 60 57 37 44
internal_value=-1.01882e-06 0.0181937 0.0279859 0.0432467 0.0189838 -0.018029 0.015809 -0.0161743 -7.20505e-05 0.0198067 -0.0232154 0.0410538 0.0255225 0.0034075 -0.0379964 0.00680329 -0.000149952 -0.0100436 -0.0579399 -0.00341455 -0.0065048 0.0211295 0.0699314 -0.00898785 0.0185375 -0.0328679 -0.0160346 -0.00788046 -0.0532844 -0.00593634 -0.0208471 0.0588275 -0.0684033 -1.41402e-06 -0.0224202 -0.040628 -0.0599466 -0.0976134 -0.0305189 -0.0592903 0.0409143 8.62642e-05 -0.0249222 0.0131688 -0.0305669 -0.0848661 -0.0455885
internal_weight=110811 430 390 290 213 146 103 100 110381 430 142 288 218 146 86 102 109951 1625 197 1428 1382 354 135 219 157 160 1028 844 184 106 707 137 102 108326 422 328 284 124 160 106 94 107904 340 208 148 132 81
internal_count=110811 430 390 290 213 146 103 100 110381 430 142 288 218 146 86 102 109951 1625 197 1428 1382 354 135 219 157 160 1028 844 184 106 707 137 102 108326 422 328 284 124 160 106 94 107904 340 208 148 132 81
is_linear=0
shrinkage=0.0970268


Tree=100
num_leaves=48
num_cat=0
split_feature=2 5 8 2 1 9 4 3 2 8 9 5 7 4 7 1 3 4 9 5 1 9 5 9 5 9 4 2 7 8 2 2 5 2 9 3 1 8 9 4 7 2 1 4 7 9 2
split_gain=14.2134 122.157 188.425 142.584 136.787 135.711 113.165 102.007 101.975 101.942 115.229 112.23 95.1616 99.3456 90.8883 117.511 79.9502 79.3754 74.7216 82.9095 74.5976 87.5354 83.1302 112.752 74.4431 73.3783 70.4418 69.2982 64.0326 64.024 103.84 64.5951 61.4145 135.955 140.169 118.903 104.584 108.954 115.71 113.082 108.616 146.205 96.128 129.312 94.5285 93.4314 95.4975
threshold=0.045355472178381158 -0.051143327560334538 -0.077636584285353291 0.12596055925824673 -0.035411352165185296 0.039349476880075361 0.060081271848760505 0.021205448641670854 0.067498221690603308 0.065915943949659675 -0.00040544614067119996 0.011916101677242151 -0.057989191160742644 -0.093073355422520182 -0.033364455900177149 0.081595564796800912 -0.10878881064727379 -0.063354224844603985 0.025621113949828703 -0.069502760244261441 0.029394831604843404 -0.042376003915205789 -0.0029006298167118497 -0.037963569732888044 -0.0092061164156351481 0.06063633258993411 -0.05254629867796954 0.054498711844421358 0.035034385344793105 -0.061246959893921843 0.20726072816573907 0.2897945581049407 -0.046695355500770044 -0.017527250001704447 -0.0031504678499456496 0.090825141032628023 -0.046743107410934091 -0.070993857370241539 -0.034659106180244745 -0.076708091414308774 -0.053374714707522496 -0.0023420014699473495 0.07321444452892191 -0.10109648475718803 -0.0026989795449965997 -0.042376003915205789 0.0044119012768936506
decision_type=2 2 2 2 2 2 2 2 2 2 2 2 2 2 2 2 2 2 2 2 2 2 2 2 2 2 2 2 2 2 2 2 2 2 2 2 2 2 2 2 2 2 2 2 2 2 2
left_child=32 8 5 4 -4 14 7 9 18 11 -11 -6 17 20 15 -3 -10 -5 -2 -20 22 -22 28 -24 -17 -9 -19 -16 -14 30 -15 -31 33 -1 -35 -36 -34 40 39 -39 41 -38 -40 -44 -41 46 -42
right_child=1 2 3 12 6 -7 -8 25 16 10 -12 -13 13 29 27 24 -18 26 19 -21 21 -23 23 -25 -26 -27 -28 -29 -30 31 -32 -33 36 34 35 -37 37 38 42 44 45 -43 43 -45 -46 -47 -48
leaf_value=0.0021555097489567598 0.048836225020930671 0.086216455103884149 0.010989118745173375 0.03856040689890141 -0.062819499705346046 -0.026078880552497793 0.021780007732751943 0.0016732774075502608 0.042039380501503625 -0.035285677983371698 0.032585723764995488 -0.023680307436607248 -0.12144709599006327 0.0095961288416408202 -0.073045450623453773 0.049464931276978874 -0.02074553492904823 -0.12462106158760206 0.049291601170637349 -0.14176924420769721 0.014786209085261766 -0.14834319468006435 -0.054723260265856943 0.058074909775699839 -0.12199948302443546 -0.095645370204288691 -0.023127791588590629 0.030106211134642478 -0.003340006492414969 0.013200464360259635 -0.12211471006400214 0.054251387594372348 -0.0091414112931052158 0.0091466326469262695 0.068719409313801133 -0.046774976435222791 -0.082070402686989827 0.063476865003405311 -0.00046594513092406347 0.024179747121735418 -0.041418492956156648 0.038023805560288108 -0.15831714292658997 0.023616289533407577 0.0019183980679483479 -0.0010966813905741711 0.056879896875065089
leaf_weight=12800 365 578 2006 187 1230 323 598 1599 198 511 436 1574 89 169 66 51 5029 69 40 45 48 86 130 231 44 76 904 794 84 6773 84 381 11367 1540 827 93 399 400 43044 2935 1014 125 37 2130 4628 4572 102
leaf_count=12800 365 578 2006 187 1230 323 598 1599 198 511 436 1574 89 169 66 51 5029 69 40 45 48 86 130 231 44 76 904 794 84 6773 84 381 11367 1540 827 93 399 400 43044 2935 1014 125 37 2130 4628 4572 102
internal_value=-1.01528e-06 -0.00204763 0.00166263 -0.00149514 -0.0109512 0.0310357 -0.0182592 -0.0226749 -0.0145452 -0.0315643 -0.00402727 -0.0408592 0.00672622 0.0104601 0.0430795 0.0697836 -0.0183623 -0.0192528 0.0297479 -0.0519493 -0.025361 -0.089976 -0.00907176 0.0174132 -0.0300403 -0.00275966 -0.0303851 0.0221475 -0.0642999 0.0136932 -0.034227 0.015391 0.000588935 0.00617154 0.0270603 0.0570185 -0.00061502 0.0010169 0.00243756 0.013222 -0.0111416 -0.0533969 0.00053778 0.0204757 0.0105595 -0.0072436 -0.032408
internal_weight=110811 24798 19121 17265 8030 1856 6024 5426 5677 3751 947 2804 9235 8075 1533 673 5227 1160 450 85 668 134 534 361 95 1675 973 860 173 7407 253 7154 86013 15260 2460 920 70753 59386 53174 7963 6212 524 45211 2167 7563 5688 1116
internal_count=110811 24798 19121 17265 8030 1856 6024 5426 5677 3751 947 2804 9235 8075 1533 673 5227 1160 450 85 668 134 534 361 95 1675 973 860 173 7407 253 7154 86013 15260 2460 920 70753 59386 53174 7963 6212 524 45211 2167 7563 5688 1116
is_linear=0
shrinkage=0.0970268


Tree=101
num_leaves=48
num_cat=0
split_feature=0 6 3 6 2 6 4 5 3 4 2 5 5 3 9 2 7 7 7 2 9 0 4 2 6 0 6 9 2 5 3 6 3 3 3 4 0 4 5 5 9 0 6 6 5 3 2
split_gain=14.4799 60.4813 97.7652 58.3979 43.8492 35.145 77.0138 56.2347 67.25 53.5788 62.3592 67.6737 49.3815 93.0183 76.0176 71.9954 69.0899 62.4392 47.2344 55.852 43.3581 30.4209 127.021 68.7739 75.776 68.9898 63.436 117.896 94.4202 74.3854 72.2731 158.741 78.9995 67.8185 77.076 58.6235 55.2639 54.4916 49.1184 55.9664 51.2447 48.1126 126.664 72.4819 118.684 129.333 101.898
threshold=-0.93364999999999987 -0.096587434381263687 -0.0071444223209031488 -0.087970043441695581 -0.20260137548602794 0.047166723553374208 0.086436990967349567 -0.093127398655208388 -0.020455303895357099 -0.075025603548725089 0.20726072816573907 0.018857238602710855 0.0092518209822499507 0.04646544238297181 -0.0072149403448404986 -0.031543230271249841 0.0074624207576526507 0.059410508511804856 0.046011906146956862 0.010951438399460502 0.0025306936911618006 -0.92304999999999993 -0.064498075460903234 -0.054044491410804495 -0.028427146051390597 -0.92594999999999994 0.026015819343054254 0.011345021168158253 0.10597570361302826 -0.0014992295605405998 0.0029588239411497503 0.043369003686560256 -0.025615522900114797 -0.013629671372748899 0.024292177185493206 -0.053498587056858643 -0.92864999999999986 0.0037102486790430004 0.020063640269672504 0.0097592602912810016 0.029537174986280803 -0.91684999999999983 0.036269058284658255 -0.061577147724922239 -0.011160907394266199 -0.011726561487439799 -0.062317348301983037
decision_type=2 2 2 2 2 2 2 2 2 2 2 2 2 2 2 2 2 2 2 2 2 2 2 2 2 2 2 2 2 2 2 2 2 2 2 2 2 2 2 2 2 2 2 2 2 2 2
left_child=1 2 -1 -3 -5 7 9 8 -6 18 11 -11 13 20 17 -15 -16 -14 19 -7 -9 22 -2 24 25 37 27 28 33 -29 32 -32 -28 36 -35 -26 -25 -24 39 40 -37 42 43 -23 45 -45 -46
right_child=21 3 -4 4 5 6 -8 12 -10 10 -12 -13 14 15 16 -17 -18 -19 -20 -21 -22 41 23 26 35 -27 30 29 -30 -31 31 -33 -34 34 -36 38 -38 -39 -40 -41 -42 -43 -44 44 46 -47 -48
leaf_value=-0.18655559273708214 -0.046297728166772301 0.11631723496455595 0.0012546497537837473 0.097191393462417258 -0.0029382052078617874 -0.11748149537764768 0.10717453438513889 -0.018443273695200536 0.17133131365355037 0.0043569181147027217 0.097337824163181361 -0.031943938595710146 0.032922683585824515 -0.014479203477649078 -0.02531766204026523 -0.1307638141680546 0.013766880565355695 -0.029097548974626287 -0.0045712981283127629 -0.016905395172592902 0.010032253920399959 0.04884414767957547 0.080314313149533023 0.24833193855140367 0.096740364676386803 0.17232046731393133 0.12700461148108699 0.033031549610676669 -0.065611992707575673 -0.09894698179441315 0.28493374805498306 0.054487379036588096 -0.050329390242893762 -0.011660321915884486 0.13244451671651561 -0.0076200253525777594 0.084567982347696483 -0.066529010790421395 0.01428202994234112 -0.15280828162255483 -0.11473714441081241 0.00028602556052295718 0.037773707414529407 -0.2116101792720976 0.048025755641119001 -0.05013241940722421 -0.063075159171319589
leaf_weight=44 278 38 63 40 44 135 48 1125 39 1009 49 927 1139 97 881 104 823 176 128 85 910 66 62 38 44 42 42 74 42 87 45 75 53 79 62 214 41 38 233 39 52 100438 231 82 119 109 222
leaf_count=44 278 38 63 40 44 135 48 1125 39 1009 49 927 1139 97 881 104 823 176 128 85 910 66 62 38 44 42 42 74 42 87 45 75 53 79 62 214 41 38 233 39 52 100438 231 82 119 109 222
internal_value=-1.1448e-06 -0.00400316 -0.0763158 -0.00300558 -0.00359739 -0.00412612 -0.0139279 0.00024496 0.0792856 -0.0164422 -0.0102743 -0.0130231 -0.0010079 -0.0119373 0.00708434 -0.0748388 -0.0064364 0.0246082 -0.0515434 -0.0787703 -0.00570577 0.000306165 0.0134134 0.0256184 0.0051304 0.0685777 0.0488351 0.0269458 0.0670722 -0.0383005 0.0917222 0.141671 0.0281874 0.0925212 0.0518441 -0.0103722 0.16435 0.0243773 -0.0192178 -0.0448242 -0.0287422 9.3749e-05 -0.0231789 -0.0467495 -0.0586553 -0.119817 -0.0242655
internal_weight=110811 7904 107 7797 7759 7719 2381 5338 83 2333 1985 1936 5255 2236 3019 201 1704 1315 348 220 2035 102907 1640 1362 724 142 638 423 262 161 215 120 95 220 141 582 79 100 538 305 266 101267 829 598 532 191 341
internal_count=110811 7904 107 7797 7759 7719 2381 5338 83 2333 1985 1936 5255 2236 3019 201 1704 1315 348 220 2035 102907 1640 1362 724 142 638 423 262 161 215 120 95 220 141 582 79 100 538 305 266 101267 829 598 532 191 341
is_linear=0
shrinkage=0.0970268


Tree=102
num_leaves=48
num_cat=0
split_feature=6 6 8 3 8 8 4 4 2 5 8 3 1 5 4 1 4 3 1 8 9 8 3 5 2 2 2 2 4 8 3 6 2 3 1 5 1 2 5 2 2 4 3 3 1 3 1
split_gain=13.6828 113.486 136.744 96.5299 93.1026 84.9569 84.2617 83.6414 90.1729 86.1246 82.4657 81.7114 71.2537 64.4416 73.9546 67.7558 63.0674 111.644 118.868 87.9095 101.352 97.1754 83.9119 101.398 83.2612 71.6038 63.2543 62.8521 62.2546 60.1383 95.2704 88.617 58.8132 57.7504 57.2899 56.6098 54.4125 54.1331 80.1764 57.6667 57.1671 82.6506 76.8778 76.5295 73.4572 53.3732 116.355
threshold=-0.047328747237486292 -0.048728933350633989 -0.025519095618117497 -0.009064132442271897 -0.086885028250852633 0.069364821743613261 -0.040290173996059442 -0.064498075460903234 0.030608773561614001 0.028030629676504104 0.10115501634649351 0.084152524140046411 -0.048710526922936946 0.057402110332118554 -0.029470645471271848 0.044838501870258306 -0.017405078428784599 -0.056559068184671192 0.092964030289628671 -0.025519095618117497 -0.070470092302136536 -0.063923874482755133 -0.053204390611007742 -0.018812783794462499 0.27393450363248512 0.25269711691732732 0.0027752352565235503 0.060896187002409612 -0.062054601658982245 -0.020384300480516395 -0.08003412965958133 -0.078284845295899089 0.18295945040458778 0.067582588606121763 -0.041439864055435989 0.0045007101044249017 -0.012187474749259098 -0.057891413705310091 -0.070888068324469033 -0.062904083691998028 0.086836523181043512 0.010255899236185102 -0.042537425837813093 -0.064555988206008136 0.053503017515305909 0.041145684358658903 -0.010022129077029799
decision_type=2 2 2 2 2 2 2 2 2 2 2 2 2 2 2 2 2 2 2 2 2 2 2 2 2 2 2 2 2 2 2 2 2 2 2 2 2 2 2 2 2 2 2 2 2 2 2
left_child=1 4 -3 13 37 16 -5 8 11 -10 12 35 33 14 -4 36 17 18 19 21 -21 -6 23 -19 25 29 28 -28 -24 30 -18 -31 -12 -9 -14 -7 -16 39 -39 -1 42 -42 43 -40 -45 46 -8
right_child=-2 2 3 6 5 7 45 10 9 -11 32 -13 34 -15 15 -17 24 22 -20 20 -22 -23 26 -25 -26 -27 27 -29 -30 31 -32 -33 -34 -35 -36 -37 -38 38 40 -41 41 -43 -44 44 -46 -47 -48
leaf_value=0.003443111012607805 0.00057340814116340114 0.031009089574292215 -0.15826150416355536 0.088223938795812279 0.056328007852039438 0.087990544193215781 0.086310700590724973 0.085301033180328417 -0.082934398001038995 0.088270894091923499 -0.011347505590477236 -0.031156064242846688 -0.098851793520250586 -0.21656413717561021 -0.082968399984482577 -0.16105052144431006 -0.1238993491777053 -0.02005382231687906 -0.17685392482404472 -0.15792838249452476 0.0032335042903900752 -0.097900750722238292 -0.0085669871682400329 0.19015866805568177 -0.11572791094979272 0.10476761486498606 -0.046571003514849385 0.0034880522407264476 0.017762737703486367 -0.016526588775995169 -0.018920781901245944 0.0024071748567635965 -0.12706545937773236 -0.045228288379094664 0.014139352741323549 0.21157024392166637 0.037205756323821122 -0.00092204196221915946 0.047518321581462762 -0.12015867574751671 0.17640140168058049 0.05613983634335163 0.062322177480061219 -0.16808542850785915 0.0098450910471379136 -0.13301598888944169 -0.063564863990073064
leaf_weight=293 86321 214 81 53 47 149 65 218 68 46 881 42 43 38 63 38 84 37 46 38 837 204 1109 51 68 52 378 627 3548 3972 2309 5617 43 37 1546 46 80 417 78 40 71 223 263 46 41 52 191
leaf_count=293 86321 214 81 53 47 149 65 218 68 46 881 42 43 38 63 38 84 37 46 38 837 204 1109 51 68 52 378 627 3548 3972 2309 5617 43 37 1546 46 80 417 78 40 71 223 263 46 41 52 191
internal_value=-7.90687e-07 -0.00202505 -0.0363297 -0.0581505 -0.000752955 -0.00232428 -0.0242701 0.0125167 0.0571107 -0.0137008 0.00685075 0.0911748 0.0187068 -0.0987986 -0.0813649 -0.0466161 -0.00475817 0.0026275 -0.0246589 -0.0183698 -0.00382714 -0.0689389 0.00819218 0.101993 -0.00898326 -0.00837532 0.00672525 -0.0153425 0.0114905 -0.00887075 -0.0226307 -0.00543507 -0.0167977 0.0662823 0.0110507 0.117581 -0.0157614 0.0228718 0.0329319 -0.0115085 0.0524866 0.0854234 0.0297789 -0.0220637 -0.0844819 -0.0437512 -0.0253958
internal_weight=110811 24490 875 661 23615 22143 361 3119 351 114 2768 237 1844 300 262 181 19024 6922 1172 1126 875 251 5750 88 12102 12034 5662 1005 4657 11982 2393 9589 924 255 1589 195 143 1472 1139 333 722 294 428 165 87 308 256
internal_count=110811 24490 875 661 23615 22143 361 3119 351 114 2768 237 1844 300 262 181 19024 6922 1172 1126 875 251 5750 88 12102 12034 5662 1005 4657 11982 2393 9589 924 255 1589 195 143 1472 1139 333 722 294 428 165 87 308 256
is_linear=0
shrinkage=0.0970268


Tree=103
num_leaves=48
num_cat=0
split_feature=9 6 6 6 5 8 6 0 1 2 1 2 0 6 6 2 8 1 2 5 8 6 2 8 5 8 0 4 5 9 8 2 6 1 5 9 2 4 4 4 5 9 1 5 2 2 4
split_gain=14.1671 67.192 60.9555 46.4955 46.4331 53.6982 82.5501 54.6563 52.3395 71.1519 110.003 62.7733 68.2519 60.3684 93.7536 54.6968 51.0945 50.8865 49.7284 48.2352 62.6609 77.5308 45.0939 83.7718 104.653 54.4106 61.4874 53.0082 46.3955 44.9583 42.2616 42.1437 41.9032 41.2966 40.4493 36.1176 33.2606 47.7207 42.8549 63.4584 43.7487 54.8623 33.0397 31.48 31.0512 30.4974 29.252
threshold=-0.072304232977273439 0.042413382382144059 0.052464080104266959 0.037937565608675804 -0.026540078034410445 0.071710399043973153 0.0055953255415349011 -0.88839999999999986 -0.11467891774724588 0.070421574323952615 0.026575122396695353 0.027897564576369851 -0.15219999999999997 -0.044760913323112141 -0.058841439165573599 0.15224762072515693 -0.029245087569109148 -0.034684865799351546 0.080261532039906172 0.091448979704867608 0.0064618689704486502 -0.061577147724922239 0.03941418630084096 0.032849906534460911 0.032032059847896054 -0.068077173305570379 -0.77164999999999984 0.044730928456852857 -0.0092061164156351481 -0.076364914572620277 -0.0047829561281900988 0.083428549065415622 0.024625607837935704 -0.0019755116716150497 -0.050202261381958144 -0.093325357103541742 0.12901585534148372 -0.042579438457429744 0.039351971848029556 0.028729666194142203 0.058519025415882359 -0.093325357103541742 -0.031165429262406796 -0.037252088783610492 0.060896187002409612 -0.016764788148213697 -0.014688854341964248
decision_type=2 2 2 2 2 2 2 2 2 2 2 2 2 2 2 2 2 2 2 2 2 2 2 2 2 2 2 2 2 2 2 2 2 2 2 2 2 2 2 2 2 2 2 2 2 2 2
left_child=1 3 43 4 8 18 7 -7 45 11 15 13 -13 14 -10 33 -12 -15 22 20 21 -20 25 28 -25 26 -6 -27 -24 -22 -21 -5 -8 -11 35 -4 38 -38 39 40 44 -42 -9 -3 -36 -1 -18
right_child=-2 2 34 31 5 6 32 42 9 10 16 12 -14 17 -16 -17 46 -19 19 30 29 -23 23 24 -26 27 -28 -29 -30 -31 -32 -33 -34 -35 36 -37 37 -39 -40 -41 41 -43 -44 -45 -46 -47 -48
leaf_value=0.0022860426493030591 -0.00026655047628514744 0.0018411518205759933 0.095393967030541774 -0.021862690898814305 -0.14019412080021265 -0.10523012495769954 -0.13981651409600987 0.082361214156169274 -0.01502550339105891 -0.09380320913661952 0.037078636696032188 -0.019439835137879256 0.12030993982838613 -0.037518799843221519 -0.12130959794674716 -0.030175387472724035 0.00034499456047145196 0.027776150174716029 0.14500509693169733 0.0024318544196926177 -0.016381616695200496 0.030955413511875803 0.098422725654117249 -0.23375507209716667 -0.011492584779799602 0.035738034745332541 -0.0082251390574380641 -0.012701338320017906 -0.018703865153764956 0.084980764170995399 0.12777465586284203 -0.14488573795801754 -0.024498501513378134 -0.20384030507377271 -0.017937535139246737 0.016617860698297085 -0.030222583949011617 0.096653723029789043 0.035927941414612058 -0.14436511658507134 -0.038063870713819552 0.11264907772916045 0.00049234586181256461 0.083964091669454538 -0.10716158085228007 0.1165424058304521 -0.11880269708117576
leaf_weight=43 104683 56 92 89 37 38 70 59 397 98 135 58 75 153 97 78 37 419 65 37 365 401 37 37 43 745 300 297 213 46 81 37 52 49 216 136 45 72 144 38 41 50 213 208 44 45 40
leaf_count=43 104683 56 92 89 37 38 70 59 397 98 135 58 75 153 97 78 37 419 65 37 365 401 37 37 43 745 300 297 213 46 81 37 52 49 216 136 45 72 144 38 41 50 213 208 44 45 40
internal_value=-1.02242e-06 0.00453313 0.0257578 -0.000328111 0.00118102 0.00821424 -0.0235276 0.00307995 -0.0116061 -0.0155368 -0.0490349 -0.00330721 0.0594275 -0.0111632 -0.0359987 -0.0962219 0.00109321 0.0102801 0.0132917 0.0305324 0.0226572 0.0469992 0.00324353 -0.0289448 -0.115085 0.0109595 -0.0228976 0.021923 -0.00119679 -0.0049396 0.0886976 -0.0584215 -0.0909917 -0.131019 0.013438 0.0485616 0.00108027 0.0478428 -0.00919686 -0.0259455 -0.0129422 0.0447811 0.0183838 0.0666094 -0.0332203 0.061092 -0.0617384
internal_weight=110811 6128 1142 4986 4860 3136 432 310 1724 1636 437 1199 133 1066 494 225 212 572 2704 995 877 466 1709 330 80 1379 337 1042 250 411 118 126 122 147 878 228 650 117 533 389 351 91 272 264 260 88 77
internal_count=110811 6128 1142 4986 4860 3136 432 310 1724 1636 437 1199 133 1066 494 225 212 572 2704 995 877 466 1709 330 80 1379 337 1042 250 411 118 126 122 147 878 228 650 117 533 389 351 91 272 264 260 88 77
is_linear=0
shrinkage=0.0970268


Tree=104
num_leaves=48
num_cat=0
split_feature=6 9 6 6 3 3 8 0 8 6 9 9 9 9 0 2 2 0 2 9 6 1 1 0 5 5 1 5 6 8 2 2 8 5 6 1 1 1 9 0 0 1 5 8 3 1 9
split_gain=14.3835 46.1521 67.6449 53 63.975 51.3678 64.3196 46.5109 42.3828 45.2093 56.3055 100.757 68.8726 59.912 55.5854 52.5951 114.205 117.515 65.0671 52.4655 46.7867 51.3943 49.2384 42.8379 42.4154 76.8784 83.549 64.4168 90.5341 49.2403 42.2666 41.9743 64.494 71.0906 58.3314 252.67 70.3707 127.109 85.8598 60.8076 57.5159 67.3015 45.5849 44.4356 42.1636 42.4463 75.7892
threshold=0.034612091758803705 -0.068757667519251678 0.042413382382144059 0.057124506846949759 -0.030776207317564096 0.05420432895338171 0.013119923566158901 -0.75764999999999982 -0.082968728144152445 0.039686871576720857 -0.0067739491542473992 0.036105039451948706 -0.043159587714564143 0.013024665101398252 -0.38109999999999994 -0.090969180459749138 -0.017527250001704447 -0.51029999999999986 1.0000000180025095e-35 0.034880395704190305 0.055944067633863011 0.013337114917788303 -0.0094938411084211482 -0.92594999999999994 0.049763378616733009 0.0092518209822499507 -0.023496582620215447 -0.056653254265463047 0.052464080104266959 -0.098806263252529183 -0.030333181533519996 -0.10457222095505159 0.010383773857768052 -0.082710000460716096 0.063419403229069207 -0.066770264626139039 0.0095421383640936514 0.019811914054329253 0.029537174986280803 -0.51029999999999986 0.078100000000000017 0.034479150597148955 -0.090661455407631292 0.00056478572980800011 0.10525850206223876 0.071834311008968615 -0.029282816069933344
decision_type=2 2 2 2 2 2 2 2 2 2 2 2 2 2 2 2 2 2 2 2 2 2 2 2 2 2 2 2 2 2 2 2 2 2 2 2 2 2 2 2 2 2 2 2 2 2 2
left_child=-1 2 5 4 30 6 7 -2 9 10 12 13 -3 -12 -14 24 20 23 -19 -20 21 22 -17 -18 25 27 -27 -11 -29 -26 -4 32 33 42 35 -34 38 -38 -36 -40 41 -37 43 -10 45 -33 -47
right_child=1 8 3 -5 -6 -7 -8 -9 31 15 11 -13 14 -15 -16 16 17 18 19 -21 -22 -23 -24 -25 29 26 -28 28 -30 -31 -32 44 34 -35 36 40 37 -39 39 -41 -42 -43 -44 -45 -46 46 -48
leaf_value=0.00059951996976397471 -0.096592374186562815 0.0058879991427499478 0.046389756470311211 0.010284666176741548 0.032127055118130368 0.058377098641602433 -0.10827342379480659 0.028584360780303155 -0.008330065538698174 0.0012792352549135509 -0.026182432937488766 -0.11771542574298065 -0.05102269677805342 0.11530314709716594 -0.19943734614676611 -0.0012058025615402127 -0.00047874343528561962 -0.093248401729805849 0.053162582388406689 -0.029624486225094372 0.057165124003834888 0.045393749453341764 -0.130303065519348 -0.084444512055759632 -0.032924001691359943 0.10632978769754313 -0.014461050866213042 0.055605976672936888 -0.082529454027263832 -0.11893668195131439 0.18401988354350593 -0.0064074484966168696 -0.22606589029296792 0.025908227478021444 0.048229376051077751 -0.056111029993771329 -0.095214107518416066 0.0020658257508971377 0.010809248334332165 -0.10931678516793156 0.037219677053748498 0.016970419328368624 -0.068109181086719081 0.05664966698394077 0.039519659113341134 -0.036119301873585204 0.021087367937085787
leaf_weight=85547 38 45 37 910 315 52 97 102 699 319 58 55 41 54 58 95 74 47 237 103 351 136 39 255 277 93 127 53 273 81 50 13792 56 1986 508 314 148 853 115 60 166 190 101 115 205 265 1219
leaf_count=85547 38 45 37 910 315 52 97 102 699 319 58 55 41 54 58 95 74 47 237 103 351 136 39 255 277 93 127 53 273 81 50 13792 56 1986 508 314 148 853 115 60 166 190 101 115 205 265 1219
internal_value=-1.13069e-06 -0.00203535 0.0139047 0.0232687 0.0525964 -0.0285467 -0.0477267 -0.0055131 -0.00311444 -0.0141645 -0.04908 -0.0106232 -0.0934554 0.0421271 -0.138539 -0.00991185 0.00338351 -0.0230123 0.0132103 0.0280503 0.0338271 0.00341209 -0.0391362 -0.0656112 -0.0244502 -0.0127997 0.0366636 -0.029698 -0.0600011 -0.0525269 0.126095 -0.00158793 0.00585402 0.0155993 -0.00587352 -0.0288565 0.00403405 -0.0123418 0.0280407 -0.0304868 -0.0122287 -0.028551 -0.00676774 0.000863183 -0.0041417 -0.00472929 0.0108584
internal_weight=110811 25264 1601 1312 402 289 237 140 23663 2871 311 167 144 112 99 2560 1337 716 387 340 621 270 134 329 1223 865 220 645 326 358 87 20792 5311 2901 2410 726 1684 1001 683 175 670 504 915 814 15481 15276 1484
internal_count=110811 25264 1601 1312 402 289 237 140 23663 2871 311 167 144 112 99 2560 1337 716 387 340 621 270 134 329 1223 865 220 645 326 358 87 20792 5311 2901 2410 726 1684 1001 683 175 670 504 915 814 15481 15276 1484
is_linear=0
shrinkage=0.0970268


Tree=105
num_leaves=48
num_cat=0
split_feature=7 7 5 6 9 1 7 4 3 3 4 2 9 7 3 4 2 1 7 4 6 6 2 3 7 5 2 9 1 9 5 5 5 6 6 3 1 1 7 1 6 7 5 2 3 5 5
split_gain=15.8443 80.1905 92.1647 79.0431 77.7224 101.77 65.6727 102.094 83.2584 100.487 81.9089 62.5424 57.823 78.5767 86.6906 59.9897 77.0637 100.444 73.6214 69.5943 63.343 137.159 101.646 95.9733 97.4053 102.535 78.7918 96.6495 76.0255 65.281 64.7759 57.4892 67.2752 56.0152 74.8382 69.9711 86.3106 135.807 89.1173 82.0643 95.0827 84.9845 75.9013 71.1768 70.4845 68.9916 62.8291
threshold=-0.032120161791572892 -0.03594534127811929 -0.095873023297945531 -0.071776494748993336 -0.0072149403448404986 0.077835917033252919 -0.034021272143954444 -0.047143201534009041 -0.037344258362123996 -0.029189182027744495 -0.035635790281660189 -0.024627921359129699 1.0000000180025095e-35 -0.039348472633845243 -0.071252759403181584 0.03863197915548431 0.093235856417146365 -0.088466563217258196 -0.051276124288967641 0.065447939653179563 -0.017957790037774198 -0.0079791068551546482 -0.084854318606988485 0.041971733065572205 -0.079324673208547886 -0.026540078034410445 -0.088285608527577095 0.036105039451948706 -0.14225944842784791 0.061931270752288207 -0.038518908611530144 -0.052803277565442487 -0.034042867948546891 -0.015872799073694297 0.064812906823062816 0.018369957580725054 0.013825348847855251 -0.10246340893092402 -0.060643550149978291 0.028258016989411053 -0.052953350146050744 -0.051276124288967641 -0.019290509561501395 0.045355472178381158 -0.016530634129489796 -0.063254453973402389 0.048715391090152209
decision_type=2 2 2 2 2 2 2 2 2 2 2 2 2 2 2 2 2 2 2 2 2 2 2 2 2 2 2 2 2 2 2 2 2 2 2 2 2 2 2 2 2 2 2 2 2 2 2
left_child=1 12 -3 -4 31 6 8 -8 10 -10 -6 -9 13 33 -15 20 17 18 19 -17 22 -22 26 24 25 -24 -14 -28 -26 30 -25 -5 -33 35 46 39 37 38 -37 41 -41 44 -39 -42 -1 -36 -35
right_child=-2 2 3 4 5 -7 7 11 9 -11 -12 -13 15 14 -16 16 -18 -19 -20 -21 21 -23 23 29 28 -27 27 -29 -30 -31 -32 32 -34 34 45 36 -38 42 -40 40 43 -43 -44 -45 -46 -47 -48
leaf_value=-0.0048723048367621154 0.00061884769954359097 0.064755332267933591 0.031775577926310826 -0.073933381970443121 0.10297064406548163 0.063603673247057235 -0.13016278360661612 0.012799943873612257 -0.22616801632722805 -0.073503314539004869 -0.0523965628313511 -0.05099157523501379 0.0021680795926775926 -0.089637321976835396 0.037333566535651667 -0.1746046286539458 -0.017532124856784247 0.031875143057779477 0.03751304597028414 -0.022908690471602731 0.040556143001697 -0.0069303409524746791 -0.00044342773542254516 -0.063091966309808734 0.11120279393844709 -0.088879180342893632 0.18346928248286043 -0.0030761422062917597 -0.024765241460116997 0.065619276285896103 0.013752631771021172 0.085284045087429511 -0.0053998827548303813 -0.019258355165930535 0.069252012728294149 0.010112072023964665 -0.0077170685782516658 0.026159663576565871 -0.13855835869757349 -0.0020818042723266443 0.088573759414653244 0.02123619441577209 0.08222388333952213 0.016013738423175661 -0.049113344623444868 0.0044151955284538616 0.0083346299477895548
leaf_weight=787 86183 120 232 97 46 82 78 365 44 499 102 239 735 53 963 52 664 1278 64 63 653 4630 168 142 39 467 53 51 2132 148 375 87 646 2651 210 120 485 423 55 703 259 546 494 251 596 583 1098
leaf_count=787 86183 120 232 97 46 82 78 365 44 499 102 239 735 53 963 52 664 1278 64 63 653 4630 168 142 39 467 53 51 2132 148 375 87 646 2651 210 120 485 423 55 703 259 546 494 251 596 583 1098
internal_value=-1.2819e-06 -0.00217171 -0.0181588 -0.0221256 -0.0276071 -0.04112 -0.0473987 -0.0259931 -0.0684836 -0.0860555 -0.00389043 -0.0124446 -0.000253924 0.00505729 0.0306668 -0.00491439 0.009849 0.0223352 -0.0456408 -0.0919659 -0.00817981 -0.00105633 -0.0169084 -0.0242345 -0.0320886 -0.0655122 0.0133866 0.0922562 -0.0222975 0.00889161 -0.00736975 -0.00389883 0.00539336 0.00224548 -0.00544458 0.00964888 0.0263231 0.0414472 -0.0367794 0.00127463 0.0210475 -0.0111561 0.056396 0.0529233 -0.0239536 0.0216242 -0.0111745
internal_weight=110811 24628 2637 2517 2285 1455 1373 682 691 543 148 604 21991 10277 1016 11714 2121 1457 179 115 9593 5283 4310 3471 2806 635 839 104 2171 665 517 830 733 9261 4542 4719 1577 1092 175 3142 1213 1929 917 510 1383 793 3749
internal_count=110811 24628 2637 2517 2285 1455 1373 682 691 543 148 604 21991 10277 1016 11714 2121 1457 179 115 9593 5283 4310 3471 2806 635 839 104 2171 665 517 830 733 9261 4542 4719 1577 1092 175 3142 1213 1929 917 510 1383 793 3749
is_linear=0
shrinkage=0.0970268


Tree=106
num_leaves=48
num_cat=0
split_feature=8 4 1 4 4 4 0 4 5 7 1 7 9 1 0 5 7 1 7 9 7 8 2 5 4 9 0 4 1 7 4 4 8 8 9 2 8 4 8 2 5 2 5 5 4 9 2
split_gain=13.5026 25.6393 26.0969 26.6906 33.6268 32.9741 33.6272 27.9163 22.2328 51.4113 21.067 19.041 18.5909 36.0266 15.9635 42.3694 29.2717 29.4771 19.4382 25.8172 28.816 18.3857 48.3524 62.8451 114.554 62.1482 59.6577 55.5849 29.07 17.5195 36.293 71.2812 43.7594 84.019 42.1145 40.6435 35.9892 33.7303 30.1913 60.3961 29.603 27.927 23.4421 21.1622 18.819 26.5814 15.8617
threshold=0.18320225866052992 0.11429078169592517 -0.066770264626139039 0.010255899236185102 0.033166434836737306 -0.053498587056858643 -0.94224999999999992 0.077906462644233315 0.010837783379395302 -0.0067663485611202494 0.020789795979194951 0.0015916102490158002 -0.022823436917058997 0.038712187538076655 -0.98494999999999988 0.099374248208709659 -0.032760649089473293 -0.076125887519388286 0.0026947940783250504 -0.037963569732888044 0.040228363842722957 0.16978894556136356 -0.021877745748253147 0.023221657379879853 0.034444313149233262 0.0088507637863274018 0.75090000000000012 0.014898559158629801 0.031567554202066909 0.10332497346923532 -0.016040362075139647 0.0037102486790430004 -0.036810257497380296 -0.058970181921729294 0.0016315608540918502 0.11593223069399201 0.098637426988032517 -0.053498587056858643 0.076787835299662863 -0.0047669855225582992 0.032783043108846159 -0.042631229192707794 -0.022318607472598145 0.052929717533569058 -0.028850744153839199 0.099487548053832406 -0.0069821464535533492
decision_type=2 2 2 2 2 2 2 2 2 2 2 2 2 2 2 2 2 2 2 2 2 2 2 2 2 2 2 2 2 2 2 2 2 2 2 2 2 2 2 2 2 2 2 2 2 2 2
left_child=14 2 -2 5 12 -4 -7 10 9 -8 -6 -10 -5 -14 15 16 -1 -18 -19 -20 -21 29 23 27 -25 26 28 -23 -24 -16 32 35 33 34 -31 41 40 -35 44 -40 42 -32 -33 -42 45 -34 -12
right_child=1 -3 3 4 7 6 8 -9 11 -11 46 -13 13 -15 21 -17 17 18 19 20 -22 22 25 24 -26 -27 -28 -29 -30 30 31 36 38 37 -36 -37 -38 -39 39 -41 43 -43 -44 -45 -46 -47 -48
leaf_value=-0.090188711654005271 -0.067587521152835228 0.088563882083474627 -0.045902261601006425 0.0052503136525356804 0.063536504427069027 0.12630263286782145 -0.057244807727843558 -0.036985317401258773 0.11834968269723142 0.064204294064189565 -0.018128482622188871 0.022582826980700153 -0.11987451603185117 -0.0056386445041751772 -0.00010216240174156206 0.078078442936553319 -0.094865396064337026 0.038580187235419408 -0.083750749953581519 -0.040205242892999066 0.053319803032773089 -0.019552524643669831 -0.0145156730509728 0.06256613421945538 -0.15725947957208225 -0.14812250240529604 0.071194980506899277 0.098299447628335715 -0.1244719194981742 0.1053849209340761 -0.077168068820774108 0.02616182706124015 0.026480571398621248 -0.15193263911671062 -0.011166342736016814 -0.14624508552124577 -0.062177758450897583 -0.028593974344057388 0.083341939163202344 -0.058341239103357999 0.11741880647118413 0.0089183570403256716 -0.021784472922598778 0.033020590309328982 0.089701669345482155 0.084107584246982253 0.047911198100939245
leaf_weight=63 40 39 40 61 110 43 61 71 41 70 89 38 51 53 107466 37 39 70 46 70 55 67 48 41 48 51 43 85 43 48 71 216 419 42 73 39 57 42 43 81 39 70 172 100 73 92 55
leaf_count=63 40 39 40 61 110 43 61 71 41 70 89 38 51 53 107466 37 39 70 46 70 55 67 48 41 48 51 43 85 43 48 71 216 419 42 73 39 57 42 43 81 39 70 172 100 73 92 55
internal_value=-1.17521e-06 0.012092 0.00841383 0.0123422 -0.00149707 0.035487 0.0484458 0.0165912 0.0322403 0.00757926 0.0316398 0.0727625 -0.0371331 -0.0620024 -9.61154e-05 -0.0199376 -0.0306198 -0.0170694 -0.00429913 -0.0219572 0.000912831 -2.71426e-05 -0.0201351 0.00847612 -0.0560695 -0.0573917 -0.0224376 0.04638 -0.0669059 5.13339e-05 0.0098908 -0.00570197 0.0229456 -0.0164743 0.0351968 -0.0590182 0.0107458 -0.09082 0.0343755 -0.00901997 0.0186937 -0.034465 0.00488296 0.0570482 0.0436053 0.0369341 0.00709687
internal_weight=110811 862 823 783 490 293 253 325 210 131 254 79 165 104 109949 380 343 280 241 171 125 109569 426 241 89 185 134 152 91 109143 1677 764 913 205 121 180 584 84 708 124 527 141 388 139 584 511 144
internal_count=110811 862 823 783 490 293 253 325 210 131 254 79 165 104 109949 380 343 280 241 171 125 109569 426 241 89 185 134 152 91 109143 1677 764 913 205 121 180 584 84 708 124 527 141 388 139 584 511 144
is_linear=0
shrinkage=0.0970268


Tree=107
num_leaves=48
num_cat=0
split_feature=6 9 9 0 1 1 0 7 5 0 7 5 7 5 6 1 9 7 1 5 3 3 6 0 1 4 3 0 7 6 6 6 1 5 7 7 5 6 6 3 5 5 3 5 6 3 1
split_gain=14.0823 27.3584 30.5024 24.7729 29.0248 51.5591 19.0026 18.6623 25.1642 14.7877 35.5471 72.7121 76.1517 79.4918 69.5693 66.5851 53.887 62.8422 51.5588 47.7738 137.428 72.8767 60.2859 51.373 50.6724 49.6118 45.2918 68.9577 40.7418 36.4624 49.0913 33.0878 30.8827 27.2947 21.8097 16.1802 47.221 47.0159 46.0555 34.7366 46.2199 50.2414 45.7616 45.151 54.4778 52.6546 34.271
threshold=0.1777796226144763 0.016554207945642354 0.028357509213902555 0.051650000000000008 0.065495788473799318 0.027120588788063702 -0.8224499999999999 -0.012664833912809748 -0.12778364816610263 -0.97184999999999988 0.0098547505178768514 -0.015687330121158246 0.00040888887211815004 -0.0067273550386075997 0.018024559016611204 -0.0094938411084211482 -0.032697289104047088 -0.026833814488234294 0.028855998894256506 -0.024306421659905899 0.015028098917057453 -0.047458169566988895 -0.036859393946041548 -0.98114999999999986 -0.010571239841904599 -0.022937270401440297 0.039567361343812453 -0.98494999999999988 -0.0034897416379703495 -0.020515419641408048 -0.0022702337887500492 0.03707589437244601 0.031567554202066909 -0.051143327560334538 -0.012234400851942398 0.077225608832147755 -0.1441432172832007 0.0078371455206049014 0.081239476186472412 0.060758625435256862 0.037571758838667008 0.15998967271130632 0.0063959367305837008 -0.072404737534692939 0.0072379848272470506 0.055485662395232255 -0.06287865604579819
decision_type=2 2 2 2 2 2 2 2 2 2 2 2 2 2 2 2 2 2 2 2 2 2 2 2 2 2 2 2 2 2 2 2 2 2 2 2 2 2 2 2 2 2 2 2 2 2 2
left_child=9 3 -3 4 5 6 -2 8 -4 10 11 15 13 -13 -14 34 17 31 28 20 25 24 -23 26 -21 33 27 -24 -18 -25 -31 -15 -17 -12 -1 -11 37 -37 39 40 43 42 -42 44 -38 -45 -41
right_child=1 2 7 -5 -6 -7 -8 -9 -10 35 19 12 14 16 -16 32 18 -19 -20 21 -22 22 23 29 -26 -27 -28 -29 -30 30 -32 -33 -34 -35 -36 36 38 -39 -40 46 41 -43 -44 45 -46 -47 -48
leaf_value=-0.050404325204151647 -0.088764658204893723 0.085427552132889842 0.073535042619136001 0.015493330618222743 0.0092367172797680509 -0.17732681651990148 -0.0017551648269794056 -0.048733987521477111 -0.027379001607733669 -2.8531816121284819e-05 -0.0023836034489616558 0.11536518091050606 -0.15856819140873013 0.048271515666811558 -0.0075655941597237214 -0.18574673775497139 -0.043433706767061944 0.12360390744786949 0.058673238745291047 -0.026206775383117234 -0.065849317310294253 0.11332021024541857 0.00021776839301902463 -0.11214778562726542 -0.16338080802934687 0.19152900033222289 -0.041223599048587758 0.1198658878091743 0.060304041604931892 0.080484017989987056 -0.029045625438046178 -0.07492535801953322 -0.07694778249680316 0.099140989545688507 0.03840886287461881 -0.13017877470975359 0.048620501730556674 0.0088204174370236071 0.048793969110164939 -0.0758794818021504 0.047442846619462485 -0.067920158630235067 0.0014834429035914649 -0.0058069697073479991 -0.028057331511113417 0.094400052190779807 -0.007206164703081352
leaf_weight=76 44 39 42 57 45 37 51 67 51 103843 38 56 55 45 60 47 370 59 66 64 71 45 97 40 42 39 59 85 39 44 289 37 54 71 39 47 347 44 238 87 591 50 312 2349 116 50 317
leaf_count=76 44 39 42 57 45 37 51 67 51 103843 38 56 55 45 60 47 370 59 66 64 71 45 97 40 42 39 59 85 39 44 289 37 54 71 39 47 347 44 238 87 591 50 312 2349 116 50 317
internal_value=-1.13101e-06 -0.0174564 0.00894644 -0.0399253 -0.0578184 -0.0807046 -0.0423635 -0.00981254 0.0182216 6.73261e-05 -0.00822633 -0.0210783 -0.00736447 0.00512447 -0.0801772 -0.0708915 -0.00495396 0.0476118 -0.0206053 0.00486784 0.0447848 -0.00656557 0.00544898 -0.00251368 -0.0810742 0.0979575 0.0323527 0.0562947 -0.0334678 -0.025077 -0.0144627 -0.00730358 -0.128225 0.063789 -0.0201751 0.00021948 0.00588376 -0.0631367 0.00730084 0.00495336 0.00782073 0.0263238 0.0315814 0.00165334 0.0293817 -0.00369851 -0.0220807
internal_weight=110811 433 199 234 177 132 95 160 93 110378 1987 1003 787 672 115 216 616 141 475 984 219 765 659 614 106 148 241 182 409 373 333 82 101 109 115 108391 4548 91 4457 4219 3815 953 903 2862 463 2399 404
internal_count=110811 433 199 234 177 132 95 160 93 110378 1987 1003 787 672 115 216 616 141 475 984 219 765 659 614 106 148 241 182 409 373 333 82 101 109 115 108391 4548 91 4457 4219 3815 953 903 2862 463 2399 404
is_linear=0
shrinkage=0.0970268


Tree=108
num_leaves=48
num_cat=0
split_feature=6 0 5 1 0 8 7 6 0 0 1 3 1 0 7 3 7 1 5 5 3 5 5 3 1 3 7 7 5 7 7 7 7 3 6 3 0 1 7 7 6 5 9 5 5 9 7
split_gain=14.1732 27.869 68.2712 71.8417 57.9051 53.7376 67.2094 46.9462 43.2314 75.5009 66.9596 59.7332 124.534 65.5592 54.7595 53.0266 94.5154 99.1899 47.7011 47.5825 99.3273 97.9588 83.1961 82.1976 63.0712 61.4955 59.5813 54.249 53.1133 44.598 71.6388 75.9069 51.5602 42.6815 47.6034 41.1257 41.0859 40.609 49.0189 63.0959 67.8073 38.5565 38.4573 38.371 43.6831 52.4053 36.6217
threshold=0.075766933679636966 -0.94224999999999992 0.010837783379395302 0.026066780807279605 -0.96654999999999991 0.0052811130631240004 0.021632324732104753 0.08529041516287407 -0.29519999999999996 0.27400000000000008 -0.077769624999195638 -0.031313150953097245 -0.018075545003391046 -0.91684999999999983 -0.10240213885675449 -0.025110274875677397 -0.0067663485611202494 0.011464867805649851 0.027313371148728106 0.024619952112044905 0.0018239348244711003 0.011916101677242151 -0.039119030685482642 0.039567361343812453 0.050848171604593755 0.041145684358658903 0.062053895241523611 0.036280117322040804 0.08113326105371936 0.037473753240431756 0.006671805578262701 -0.034021272143954444 0.025511977084653303 0.043725651568457209 0.083247578169780109 -0.040224923145051945 -0.76479999999999981 -0.059185804647293748 1.0000000180025095e-35 0.028680670100665853 0.10755794141091836 -0.051143327560334538 -0.00120445082512875 0.028030629676504104 0.10233997228199336 -0.023330194865328144 0.054789541815318053
decision_type=2 2 2 2 2 2 2 2 2 2 2 2 2 2 2 2 2 2 2 2 2 2 2 2 2 2 2 2 2 2 2 2 2 2 2 2 2 2 2 2 2 2 2 2 2 2 2
left_child=-1 2 5 7 -5 6 -2 -4 11 10 -10 12 35 -14 -11 16 -13 -18 41 20 21 26 27 -24 25 28 -17 -22 -21 30 31 -20 -32 -12 -35 -3 -27 -7 -39 40 -40 -16 -36 -9 45 -45 -31
right_child=1 8 3 4 -6 37 -8 43 9 14 33 15 13 -15 18 19 17 -19 29 24 22 -23 23 -25 -26 36 -28 -29 -30 46 32 -33 -34 34 42 -37 -38 38 39 -41 -42 -43 -44 44 -46 -47 -48
leaf_value=0.0003361330897875472 0.11127118576214017 0.0063491118022895691 -0.084518469474832644 -0.041998504423751144 -0.16510093528132902 0.062433201098640367 -0.015472663913345579 -0.066216995018104505 -0.10210550825299143 -0.090117133760756502 -0.013502324718156267 -0.019143818588257693 0.055927072508969236 -0.067736760691457218 -0.0037288749514487749 -0.024741474015760698 0.22033323695277307 0.027923171586512974 -0.072596665774145586 0.055543893984036821 0.045495158544392685 -0.13789095270416546 -0.033373049146404564 0.04146129179971806 0.097933014668273352 -0.068028056830256783 0.086847523565877605 -0.012996527163091449 -0.007277978330696158 0.097311865427108485 -0.1298240093013984 0.019810238386399979 -0.003798949868371549 0.032160983666834779 -0.028928431811604208 0.091988073871682979 0.026224203140542916 0.016275215799339396 -0.027294345649869736 -0.00031734954292412295 -0.18586063869781019 0.020590012140966497 -0.130282181216966 0.10459092657842146 -0.057577466778257001 -0.0022574383832560628 -0.017230404488318266
leaf_weight=101243 86 167 86 76 69 57 72 71 105 62 1009 76 45 363 1299 643 50 51 126 363 732 69 471 195 105 111 48 187 194 48 101 247 44 38 60 77 71 149 49 95 53 1162 87 69 59 114 57
leaf_count=101243 86 167 86 76 69 57 72 71 105 62 1009 76 45 363 1299 643 50 51 126 363 732 69 471 195 105 111 48 187 194 48 101 247 44 38 60 77 71 149 49 95 53 1162 87 69 59 114 57
internal_value=-1.1241e-06 -0.00357061 -0.0180602 -0.0425397 -0.100948 0.005675 0.053568 -0.0212069 -0.00167683 -0.00827053 -0.0279456 0.0056154 -0.0212509 -0.0540315 -0.000141008 0.0108242 0.0624607 0.123783 0.00167684 0.00794747 0.000831668 -0.0279928 0.0146624 -0.011436 0.0276971 0.0176555 -0.0169288 0.0335826 0.0336578 -0.0222937 -0.0339893 -0.0114266 -0.0917663 -0.0213828 -0.0641862 0.0335235 -0.0312329 -0.0131151 -0.025648 -0.0573703 -0.110199 0.00775147 -0.0891754 -0.00369237 0.0146962 0.0381261 0.0352227
internal_weight=110811 9568 1105 544 145 561 158 399 8463 4445 1299 4018 652 408 3146 3366 177 101 3084 3189 2345 760 1585 666 844 739 691 919 557 623 518 373 145 1194 185 244 182 403 346 197 102 2461 147 313 242 183 105
internal_count=110811 9568 1105 544 145 561 158 399 8463 4445 1299 4018 652 408 3146 3366 177 101 3084 3189 2345 760 1585 666 844 739 691 919 557 623 518 373 145 1194 185 244 182 403 346 197 102 2461 147 313 242 183 105
is_linear=0
shrinkage=0.0970268


Tree=109
num_leaves=48
num_cat=0
split_feature=3 4 7 5 1 5 8 4 6 8 4 3 9 6 8 3 6 9 3 6 7 7 4 7 5 1 1 7 8 1 7 4 1 7 3 7 9 9 4 1 5 1 1 5 3 8 5
split_gain=13.1602 24.3459 26.4388 22.7583 18.7907 17.4475 16.7536 16.1034 15.9883 69.4488 72.9227 96.5812 79.265 65.6851 62.9443 89.2462 85.5898 98.5943 86.5055 62.9435 70.337 75.8296 62.882 73.8658 103.199 60.5278 56.4432 55.8268 84.232 68.9231 54.0895 82.2862 65.4929 52.8148 90.2256 51.1827 50.9115 91.7638 100.015 128.118 88.9683 68.4024 111.308 65.4071 84.1276 74.1303 63.7854
threshold=0.15175264210056619 -0.0030590357167551998 0.041535044316147157 0.066330729236624017 -0.041439864055435989 -0.051143327560334538 -0.0054535788747952984 0.004182429908162851 -0.046650152471472993 -0.086885028250852633 -0.031315377374797344 -0.063115392590249994 0.12697600067501177 -0.048728933350633989 -0.019655016499419746 -0.10223703431751933 -0.052953350146050744 -0.026422488281595647 -0.050257557827609343 -0.050798421671469793 -0.037291135030814597 0.029254556500715553 -0.013664102955108198 -0.027921103548000946 -0.018812783794462499 -0.071257799742404079 0.066601887491051809 -0.011833342826950298 0.069364821743613261 -0.11978308526222209 0.035034385344793105 -0.051600915397789743 -0.11467891774724588 0.016193667397925906 -0.0071444223209031488 0.026473165639654007 0.030063428752734555 0.031769507147407908 -0.05551447834488369 -0.06287865604579819 -0.028166174634295847 -0.056828247590030294 -0.10246340893092402 -0.033458643210595447 0.0056229932902896506 -0.0047829561281900988 0.028030629676504104
decision_type=2 2 2 2 2 2 2 2 2 2 2 2 2 2 2 2 2 2 2 2 2 2 2 2 2 2 2 2 2 2 2 2 2 2 2 2 2 2 2 2 2 2 2 2 2 2 2
left_child=8 3 6 4 -2 -6 7 -3 9 -1 11 12 26 14 15 -12 18 -18 -17 27 -21 -22 23 -15 -25 -24 30 28 -16 -29 32 -32 -11 34 -27 -35 40 -38 39 -39 43 42 -42 45 -45 -13 -40
right_child=1 2 -4 -5 5 -7 -8 -9 -10 10 13 36 -14 22 19 16 17 -19 -20 20 21 -23 25 24 -26 33 -28 29 -30 -31 31 -33 -34 35 -36 -37 37 38 46 -41 41 -43 -44 44 -46 -47 -48
leaf_value=0.018336049559716825 -0.0264100559908968 -0.060667418733423899 -0.053889198275086335 0.10068291144817619 -0.0022701363470246775 0.053314057484234338 0.042547251622376728 0.0051712951821541011 0.00052726425570056581 0.044068231941932129 -0.13010560239791383 -0.042640977978474763 0.10560946140739835 -0.19456170513265864 -0.0018941780802639583 0.040616635395360631 -0.13685147886255986 -0.027641010275106754 -0.016248738630527563 0.093625877492599166 -0.010498698828120349 0.065537895547776281 -0.11824459038208618 -0.16936163277174424 0.025149635875318006 -0.042846556212640725 -0.10048779678226583 -0.084312941498582011 0.032520552002427948 -0.0081186885660405553 -0.014433701593401181 0.11047136462877231 -0.05162880485868275 -0.13824133389193888 0.042794861766759153 -0.026247349005885462 -0.12517235311638514 0.062723393335347224 0.0085001120824578953 -0.043718466140184299 -0.040496507822865929 0.021993955364026742 0.099832970382350866 -0.12326828114185878 0.016577876845228948 0.018794717361460465 0.071985213117152641
leaf_weight=1444 58 39 76 40 79 160 101 309 85705 78 66 237 43 44 3740 289 108 278 1937 118 422 174 55 40 70 205 92 113 815 7833 216 64 475 50 265 164 56 129 559 599 67 1945 253 90 73 835 203
leaf_count=1444 58 39 76 40 79 160 101 309 85705 78 66 237 43 44 3740 289 108 278 1937 118 422 174 55 40 70 205 92 113 815 7833 216 64 475 50 265 164 56 129 559 599 67 1945 253 90 73 835 203
internal_value=-1.21414e-06 0.0119377 -0.00111369 0.0322735 0.0229003 0.0349307 0.0078407 -0.00224471 -9.49441e-05 -0.00229487 -0.00360221 0.0055641 -0.0224997 -0.00688687 -0.00544698 -0.0190106 -0.0161795 -0.0583363 -0.00885556 -0.00269713 0.0253118 0.0117148 -0.0324881 -0.0888266 -0.045872 -0.0206916 -0.0285101 -0.0042984 0.00426385 -0.00920779 -0.0205031 0.0142054 -0.0380911 -0.0127665 0.00541613 -0.0526759 0.010951 -0.00370756 0.000885239 -0.0248193 0.0174282 0.0288497 0.0704082 -0.00351434 -0.0606993 0.00519244 0.0254551
internal_weight=110811 862 525 337 297 239 449 348 109949 24244 22800 6014 968 16786 15893 2678 2612 386 2226 13215 714 596 893 154 110 739 925 12501 4555 7946 833 280 553 684 470 214 5046 1546 1490 728 3500 2265 320 1235 163 1072 762
internal_count=110811 862 525 337 297 239 449 348 109949 24244 22800 6014 968 16786 15893 2678 2612 386 2226 13215 714 596 893 154 110 739 925 12501 4555 7946 833 280 553 684 470 214 5046 1546 1490 728 3500 2265 320 1235 163 1072 762
is_linear=0
shrinkage=0.0970268


Tree=110
num_leaves=48
num_cat=0
split_feature=7 8 2 0 9 0 8 9 7 2 6 9 6 6 6 7 5 7 5 5 9 5 9 9 3 9 6 0 8 8 2 2 2 2 5 7 9 5 9 3 8 0 0 0 5 6 3
split_gain=14.159 66.0161 115.936 98.5868 94.8691 106.111 186.903 90.7563 85.7779 81.7452 100.479 80.8596 206.158 77.6674 70.0777 69.6394 84.4801 69.3451 67.2526 129.644 83.0733 90.3372 79.1289 79.9378 66.9806 65.618 65.0773 64.8412 123.019 64.5974 93.7098 64.5393 62.8684 176.726 92.6879 62.392 64.89 107.097 59.0872 68.851 58.461 56.8575 62.9927 65.852 56.5961 55.7626 55.667
threshold=-0.032120161791572892 0.023877666434334702 -0.011864941912789797 -0.96374999999999988 -0.0055240150477405487 -0.57174999999999987 0.019907789041562002 -0.011429291451000448 -0.037291135030814597 -0.019854513424471146 0.011299098060880501 0.006291937825715751 -0.027857127141151249 0.064812906823062816 -0.063437157008745235 -0.036610024597338288 0.04584389544947861 -0.03594534127811929 0.007654621366310301 0.012985596000153402 -0.016672259711647996 0.0113560394668704 -0.0080534529871273478 -0.0088896346320862484 0.014634885021916151 0.031769507147407908 -0.045993606210638145 -0.31834999999999997 1.0000000180025095e-35 0.015358293580428702 -0.045503285490511594 -0.0090879461792783989 -0.011864941912789797 -0.044862229559394791 -0.080894361179849536 -0.034021272143954444 0.051083644951331754 0.021995029554704604 -0.011429291451000448 -0.0014788537466881499 -0.084918813479366237 0.88080000000000014 0.84825000000000006 0.85565000000000013 0.017703287300454302 -0.040382582018010045 -0.038728203941459489
decision_type=2 2 2 2 2 2 2 2 2 2 2 2 2 2 2 2 2 2 2 2 2 2 2 2 2 2 2 2 2 2 2 2 2 2 2 2 2 2 2 2 2 2 2 2 2 2 2
left_child=1 4 3 8 13 6 9 -5 38 10 11 12 -6 18 -13 27 35 46 22 20 21 45 23 29 -21 -18 -19 28 32 40 -31 -11 33 -7 -34 36 37 -17 -3 -40 -1 42 -29 -44 -26 -20 -4
right_child=-2 2 17 7 5 15 -8 -9 -10 31 -12 14 -14 -15 -16 16 25 26 19 24 -22 -23 -24 -25 44 -27 -28 41 -30 30 -32 -33 34 -35 -36 -37 -38 -39 39 -41 -42 -43 43 -45 -46 -47 -48
leaf_value=0.0044399763205252279 0.00058483852501865991 -0.15145914832315177 -0.024583068842353298 0.035037630818073949 -0.22284570083212552 0.014035757256078231 -0.1459081388373594 0.0076365678618658377 0.067198685393210736 0.087526974415799721 -0.0053880499554809138 0.030582815467900495 -0.014025308734829014 0.042805405759388349 -0.055706324834034739 -0.092664376084629227 -0.038213046382079188 0.075887780823611597 0.094533142692206293 -0.0077409878675986123 0.194220373756263 0.17040919716043079 0.056792004661153979 -0.12204901151427869 -0.077834080451231302 -0.16319313042856926 -0.05614514207382109 -0.0073995545805594356 0.095083016440472623 0.10665729966338461 -0.013833622618742773 -0.008168339861511574 -0.064133088759316739 -0.16674097257547488 0.099956913961111393 0.017463945993433195 0.031540173184933767 0.076909613759754525 -0.12217485291917279 0.022188502718551602 -0.024186592916098249 0.017543450854162337 -0.13678591233454468 -0.027647823226345868 0.030917431075273605 -0.048437383548756457 0.0032949499034184452
leaf_weight=1027 86183 66 930 1550 87 229 124 4284 48 72 556 103 91 423 618 229 87 38 40 1457 50 42 163 61 47 73 412 3334 180 105 143 791 46 65 107 280 82 41 53 74 1937 798 70 202 895 70 2448
leaf_count=1027 86183 66 930 1550 87 229 124 4284 48 72 556 103 91 423 618 229 87 38 40 1457 50 42 163 61 47 73 412 3334 180 105 143 791 46 65 107 280 82 41 53 74 1937 798 70 202 895 70 2448
internal_value=-1.38028e-06 -0.00205314 0.00407176 0.0124056 -0.00617294 -0.0130581 -0.0300339 0.0149202 -0.0483474 -0.0238061 -0.0378355 -0.057881 -0.116424 0.00263491 -0.0433559 -0.00593576 -0.0326714 -0.00915148 -0.000180995 0.0115868 0.0861582 0.0501153 -0.00909207 -0.0123828 0.00529001 -0.0955697 -0.0449151 -0.00172273 0.0274571 -0.0102816 0.0372373 -0.000135254 0.000141158 -0.0260807 0.0505222 -0.0166805 -0.0438555 -0.066801 -0.0772152 -0.0381886 -0.0142654 -0.00588139 -0.0110692 -0.0559357 0.0254495 0.00362959 -0.00437953
internal_weight=110811 24628 9903 6075 14725 8265 2442 5834 241 2318 1455 899 178 6460 721 5823 792 3828 6037 2601 202 152 3436 3273 2399 160 450 5031 627 3212 248 863 447 294 153 632 352 270 193 127 2964 4404 3606 272 942 110 3378
internal_count=110811 24628 9903 6075 14725 8265 2442 5834 241 2318 1455 899 178 6460 721 5823 792 3828 6037 2601 202 152 3436 3273 2399 160 450 5031 627 3212 248 863 447 294 153 632 352 270 193 127 2964 4404 3606 272 942 110 3378
is_linear=0
shrinkage=0.0970268


Tree=111
num_leaves=48
num_cat=0
split_feature=4 8 3 5 6 6 9 3 2 5 7 9 3 7 5 6 9 5 6 9 4 6 4 7 4 4 3 9 6 3 9 8 5 5 7 9 7 2 2 7 8 2 4 9 6 3 3
split_gain=13.2324 34.9305 24.7581 49.5606 25.2595 21.321 21.6606 21.4512 15.397 55.0198 54.1869 99.2477 68.5246 63.842 52.9757 49.5335 43.2559 41.5075 36.4213 35.6537 31.3315 29.7163 24.3078 23.3885 27.3796 39.7842 35.8889 27.4195 22.9631 21.5081 21.2044 36.6091 23.6017 29.989 19.8736 17.7456 23.4935 15.4806 48.2856 47.3328 13.8968 58.3678 120.603 131.756 111.736 83.6727 132.633
threshold=0.16072840484116965 0.092572173936269916 -0.060384456199259397 0.010302122747379702 -0.052953350146050744 -0.017422101530692596 0.067498372905795204 -0.022736723945372048 -0.17083181571866912 0.020063640269672504 -0.040131024204365796 0.025145067431292353 0.024830702605834254 -0.060643550149978291 0.044903310782419957 0.051415078185774406 -0.015306466685540749 -0.095873023297945531 0.011909216203632103 -0.04632313950314474 0.03863197915548431 0.07926248906008336 0.032520273062718708 0.044349122678033155 0.033802499164147307 0.04157052901458911 -0.05217014475160079 -0.0031504678499456496 0.1777796226144763 -0.013629671372748899 -0.010190132763321499 0.0023689424779034505 -0.036623734746121746 -0.10489883199925575 -0.012664833912809748 -0.060997752525241491 -0.020683376266956297 -0.13420704563369165 -0.10682896109224828 0.025036516320670953 -0.021079018721210045 -0.029124226164900648 -0.027245351243788546 0.095511689039435951 0.11142375113730567 0.064148750514127967 0.032476060363837655
decision_type=2 2 2 2 2 2 2 2 2 2 2 2 2 2 2 2 2 2 2 2 2 2 2 2 2 2 2 2 2 2 2 2 2 2 2 2 2 2 2 2 2 2 2 2 2 2 2
left_child=8 2 3 -2 -4 -6 7 -7 9 10 11 12 16 17 19 18 -1 -13 29 -11 -21 -17 -23 24 26 -26 -12 -27 40 -16 32 -32 33 -25 -30 -28 -37 39 -39 -36 -10 42 43 44 -42 46 -45
right_child=1 -3 4 -5 5 6 -8 -9 28 14 23 13 -14 -15 15 21 -18 -19 -20 20 -22 22 -24 30 25 27 35 -29 34 -31 31 -33 -34 -35 37 36 -38 38 -40 -41 41 -43 -44 45 -46 -47 -48
leaf_value=0.025404979941423364 -0.061756354216742401 -0.06885636254211866 -0.01420989907881577 0.076401574063044708 0.10378836305159064 0.11478800804697871 -0.026632437360433577 0.027808219676479201 -0.0017572203841762894 0.0008467442138510473 0.094105607865952443 -0.0098850190479511761 -0.20574471846677445 -0.079015357993831234 0.057475836674166954 -0.083697228088042711 -0.11551013674023507 0.12370180716147645 0.1062460867075298 0.14996007331518707 0.045932234329458373 0.051182531178790784 -0.046958795756037904 -0.021398396630106148 -0.097924309005604462 -0.027295717323289628 0.077626546832643778 0.062814033030603955 0.0097021388610534949 -0.038568825717520044 -0.10700615923911408 0.012236994859495557 -0.054773046826882818 0.090072993115399763 -0.15700073711437459 0.053727204023658048 0.0022756490128826869 0.057348417201453387 -0.084966256853077279 -0.0029485375714528111 0.016830292251887966 -0.0023095037608961665 0.0001686980581563826 -0.037813793646204692 -0.04851754385948772 0.073068213430121973 -0.21749263260646068
leaf_weight=37 70 40 61 37 63 40 38 81 34379 37 65 39 41 43 45 53 45 49 67 72 45 52 43 45 43 78 43 53 80 42 53 44 40 45 38 105 405 40 50 37 8750 34540 30158 235 253 46 46
leaf_count=37 70 40 61 37 63 40 38 81 34379 37 65 39 41 43 45 53 45 49 67 72 45 52 43 45 43 78 43 53 80 42 53 44 40 45 38 105 405 40 50 37 8750 34540 30158 235 253 46 46
internal_value=-1.38998e-06 0.0169778 0.0258694 -0.0137847 0.040893 0.0560736 0.0368871 0.0569344 -6.76819e-05 0.00901523 -0.00133993 -0.0414033 -0.103852 0.017306 0.0379183 0.0142227 -0.0520084 0.0646276 0.052697 0.0841621 0.110334 -0.0257848 0.00665287 0.00865026 0.0165251 -0.0174109 0.0261001 0.00917464 -0.000212339 0.0110413 -0.0187641 -0.0530016 0.00679968 0.0343942 -0.0298582 0.0180249 0.0129221 -0.0490708 -0.0216406 -0.081562 -0.000145139 0.000603401 0.00315154 0.0127918 0.0149907 -0.0476639 -0.0675399
internal_weight=110811 430 390 107 283 222 159 121 110381 1729 1273 254 123 131 456 302 82 88 154 154 117 148 95 1019 792 174 618 131 108652 87 227 97 130 90 245 553 510 165 90 75 108407 74028 39488 9330 9003 327 281
internal_count=110811 430 390 107 283 222 159 121 110381 1729 1273 254 123 131 456 302 82 88 154 154 117 148 95 1019 792 174 618 131 108652 87 227 97 130 90 245 553 510 165 90 75 108407 74028 39488 9330 9003 327 281
is_linear=0
shrinkage=0.0970268


Tree=112
num_leaves=48
num_cat=0
split_feature=6 0 6 5 0 5 0 5 5 6 2 7 5 0 2 2 7 6 5 4 2 0 2 4 4 7 0 1 7 2 4 3 7 1 2 2 5 6 7 2 4 2 2 3 0 3 4
split_gain=13.3392 113.515 82.6851 129.096 85.1922 124.773 88.9382 91.4583 121.651 100.43 106.094 75.6226 178.62 102.111 100.584 75.221 72.3213 67.937 61.5385 58.5351 55.4016 55.2553 62.466 83.1717 126.883 54.8435 65.7257 50.0358 48.5597 48.5036 93.9529 77.4288 73.9869 100.632 82.8021 62.7795 68.3248 73.1721 69.6649 58.5567 46.8287 71.5175 47.1281 45.9974 68.1023 53.0222 65.1902
threshold=-0.047328747237486292 -0.94714999999999994 -0.048728933350633989 0.079163110103842318 -0.69114999999999982 0.096436362004837364 -0.62474999999999992 0.029329672664128403 0.0024373400549338505 -0.05230931845471249 -0.039719878089841593 0.0015916102490158002 0.077302694435499669 -0.75764999999999982 -0.080866679206453837 0.17896003900554594 -0.0067663485611202494 -0.096587434381263687 0.032783043108846159 -0.0012871454647949998 -0.0059103188447005997 0.82730000000000004 -0.029721733025971597 -0.045630932116400395 0.019943716421292654 -0.0084255025660312493 -0.93604999999999994 0.00043933169297050005 -0.0031166339909662493 0.18295945040458778 -0.0086090722231190967 0.0011277009095607001 0.052643329800541559 0.010550537796070401 0.21980754745819697 0.1228346226945554 -0.051143327560334538 -0.096587434381263687 0.033191085322249507 0.21332344831681074 -0.10109648475718803 0.023233723475790755 -0.090969180459749138 -0.043278355832032898 -0.96084999999999987 0.058027088639763656 0.0018637105173908502
decision_type=2 2 2 2 2 2 2 2 2 2 2 2 2 2 2 2 2 2 2 2 2 2 2 2 2 2 2 2 2 2 2 2 2 2 2 2 2 2 2 2 2 2 2 2 2 2 2
left_child=1 17 4 18 5 11 7 8 9 10 -6 16 13 15 -15 -13 25 -1 21 -9 27 22 -4 -24 -25 26 -3 -18 -23 35 31 -31 33 -32 -34 40 37 -37 -38 -33 41 -8 -42 44 -19 46 -45
right_child=-2 2 3 -5 6 -7 29 19 -10 -11 -12 12 -14 14 -16 -17 20 43 -20 -21 -22 28 23 24 -26 -27 -28 -29 -30 30 32 39 34 -35 -36 36 38 -39 -40 -41 42 -43 -44 45 -46 -47 -48
leaf_value=-0.13444113182978046 0.00056562813971224751 0.10990255476748216 -0.015742831925906153 -0.18626792125118397 0.0043528428146423223 -0.10235044598066742 -0.001576296345420292 -0.0097012617622964977 -0.12748170683115839 0.09365480567340724 -0.084007001565968922 -0.019139880557577368 0.18955119535597892 -0.070131301109534513 0.071694512960029211 0.10157424312422596 0.0037837678535665958 0.12538385513741396 0.031900616559285611 0.12665041329615997 0.17982010088994943 -0.042038379875054155 0.031268749608153824 -0.15889274412505 0.0048842200343677342 -0.080959798365895591 0.02141776857717867 0.11001302318027704 0.086220281364929971 0.047867668052618641 -0.14868040308775785 -0.14373946046942274 0.090785255619428171 -0.036826609017938661 -0.052642668018547993 0.070948358041980408 0.019595346818395937 -0.03696829459747699 0.088360482277644953 0.023800806948396147 -0.013604032055759243 -0.10591494484737678 0.0013065893756665805 -0.085622638659520953 -0.045584435896086066 0.054676733909316023 0.013154699428338936
leaf_weight=71 86321 83 277 47 251 85 159 76 141 58 260 1335 46 57 261 50 83 39 162 48 44 51 49 145 64 46 1537 84 60 219 118 41 62 212 96 77 402 250 212 37 2320 101 14252 247 49 42 84
leaf_count=71 86321 83 277 47 251 85 159 76 141 58 260 1335 46 57 261 50 83 39 162 48 44 51 49 145 64 46 1537 84 60 219 118 41 62 212 96 77 402 250 212 37 2320 101 14252 247 49 42 84
internal_value=-1.31245e-06 -0.00199999 -0.00101483 -0.0306373 8.15762e-05 0.0135497 -0.00249555 -0.0334839 -0.0469167 -0.0268572 -0.0406191 0.0162807 0.00175806 -0.00335435 0.0461852 -0.0147459 0.0298046 -0.0463122 -0.0214814 0.0432543 0.0832877 -0.0348945 -0.0478209 -0.0821443 -0.108787 0.0230062 0.0259842 0.057413 0.0272713 -0.00110171 -0.0246977 0.0182913 -0.0508732 -0.0769884 0.00367209 -5.84406e-05 0.0243243 -0.0114704 0.0433974 -0.0644447 -0.00142269 -0.0422483 -0.00078056 -0.0326095 0.0303161 -0.0474973 -0.0605425
internal_weight=110811 24490 23958 855 23103 3711 19392 834 710 569 511 3626 1749 1703 318 1385 1877 532 808 124 211 646 535 258 209 1666 1620 167 111 18558 785 297 488 330 158 17773 941 327 614 78 16832 260 16572 461 88 373 331
internal_count=110811 24490 23958 855 23103 3711 19392 834 710 569 511 3626 1749 1703 318 1385 1877 532 808 124 211 646 535 258 209 1666 1620 167 111 18558 785 297 488 330 158 17773 941 327 614 78 16832 260 16572 461 88 373 331
is_linear=0
shrinkage=0.0970268


Tree=113
num_leaves=48
num_cat=0
split_feature=7 9 6 9 3 8 5 7 7 5 9 9 1 1 4 3 5 7 6 6 4 5 5 9 6 1 7 6 3 7 3 7 8 9 1 8 6 9 9 5 1 6 3 9 7 4 7
split_gain=12.1365 60.0359 61.2677 92.2081 76.0777 126.443 69.0603 56.9552 64.6443 76.8609 63.9402 79.7001 103.845 64.9797 69.2342 64.8654 62.7937 60.345 55.8469 55.4728 55.4008 87.8561 64.33 53.5241 69.4579 53.5021 53.485 75.8104 52.9399 52.6842 51.9973 59.9429 61.3303 50.3483 91.3484 49.7229 49.17 47.7079 47.6923 69.6272 66.1957 47.0421 57.4446 53.0118 64.9121 67.6973 50.446
threshold=0.013634829038544802 -0.13460964807781728 -0.050798421671469793 0.14512608310463124 -0.018727755192716997 -0.026954599962492495 -0.1441432172832007 0.033191085322249507 0.027597165890493703 0.14989649242999753 0.026698098364816705 0.025621113949828703 -0.023496582620215447 -0.12536486058254201 -0.059785038021376594 0.015028098917057453 0.091448979704867608 0.017054644400635203 0.039686871576720857 -0.051508719244332944 0.035052049108563757 -0.058571778259935488 -0.034732144809780839 0.0041884082699683014 -0.030638308240341246 0.00043933169297050005 -0.061956365179484295 -0.067280322973575876 -0.097035994128117739 -0.079324673208547886 -0.03668695881755079 0.035034385344793105 -0.058970181921729294 -0.063843110505587178 0.0081466362428805009 0.071710399043973153 -0.0069727208777144991 -0.083828253339822092 -0.05971474394498244 0.056332968018799556 -0.068029734234783937 0.040600851217534602 0.039567361343812453 0.017002221839542003 -0.066152099884724785 0.10086165016168817 -0.046618080012692645
decision_type=2 2 2 2 2 2 2 2 2 2 2 2 2 2 2 2 2 2 2 2 2 2 2 2 2 2 2 2 2 2 2 2 2 2 2 2 2 2 2 2 2 2 2 2 2 2 2
left_child=20 -2 4 7 5 30 -6 8 17 38 11 16 -13 15 18 -12 36 -4 -15 -7 -1 23 26 -22 25 -25 27 -23 -24 33 -3 32 -32 34 -30 -16 -9 -19 39 -10 -40 43 46 -26 -45 -46 -43
right_child=1 2 3 -5 6 19 -8 10 9 -11 13 12 -14 14 35 -17 -18 37 -20 -21 21 22 28 24 41 -27 -28 -29 29 -31 31 -33 -34 -35 -36 -37 -38 -39 40 -41 -42 42 -44 44 45 -47 -48
leaf_value=-0.0022052663945217633 0.055974575101496796 -0.056307302919600184 0.016365033157016672 -0.076511610397429722 -0.12491160049313825 0.016024805142515655 -0.011916347606934424 0.002842840093307097 0.0032719127608181581 -0.09388296678256397 -0.015453977538716544 -0.21666775453092121 -0.022055543890835427 0.052437139906123621 0.0023513776068938312 -0.15836711136995982 0.019208926818046479 0.052099970279977557 -0.011627748348425861 -0.097098524161121372 -0.029207099437940691 -0.10004432732763889 -0.053387209357607941 0.075829228936006493 0.034147181127300301 0.0043678368822070678 0.030845841498540836 0.015911585697131046 -0.1394968033262878 0.0037969408868384923 0.02240836815227604 0.041077173130980832 -0.15220853996432851 0.044431989094257773 0.03804097538207378 0.036947070559445731 -0.01031923545333902 -0.0013774735662967078 0.06563948486697202 -0.13125251720915476 0.019901858701576867 0.1087124971129593 -0.087025610639956022 -0.15774792730085832 -0.064128446856434915 0.021349854341037339 0.0080722661671802712
leaf_weight=54989 188 383 2816 136 51 2711 5527 4311 247 55 116 37 84 579 3633 40 1076 160 164 41 1039 73 145 166 89 243 1612 191 42 10055 37 139 38 546 76 438 7023 7470 333 42 2826 55 50 45 255 132 307
leaf_count=54989 188 383 2816 136 51 2711 5527 4311 247 55 116 37 84 579 3633 40 1076 160 164 41 1039 73 145 166 89 243 1612 191 42 10055 37 139 38 546 76 438 7023 7470 333 42 2826 55 50 45 255 132 307
internal_value=-1.14445e-06 0.00133147 0.0010771 0.00308322 -0.00601986 0.00553755 -0.0129604 0.00342872 0.0080536 0.0194597 -0.000257071 -0.00395103 -0.0821827 0.00905432 0.0110548 -0.052483 -0.00318477 0.00422712 0.0382853 0.0143216 -0.000774903 0.00442606 0.00762384 -0.0126787 0.000116086 0.0334421 0.0242148 -0.0162247 0.00475724 0.00554669 -0.0349207 0.00334758 -0.0662955 0.0320103 -0.0253422 0.00607922 -0.00531217 -0.000252055 0.0212815 -0.016408 0.0247342 -0.0144916 0.00998633 -0.0338587 -0.0479099 -0.0349577 0.0234962
internal_weight=110811 40701 40513 31586 8927 3349 5578 31450 13949 3503 17501 12531 121 4970 4814 156 12410 10446 743 2752 70110 15121 12740 2381 1342 409 1876 264 10864 10719 597 214 75 664 118 4071 11334 7630 3448 289 3159 933 412 521 432 387 362
internal_count=110811 40701 40513 31586 8927 3349 5578 31450 13949 3503 17501 12531 121 4970 4814 156 12410 10446 743 2752 70110 15121 12740 2381 1342 409 1876 264 10864 10719 597 214 75 664 118 4071 11334 7630 3448 289 3159 933 412 521 432 387 362
is_linear=0
shrinkage=0.0970268


Tree=114
num_leaves=48
num_cat=0
split_feature=2 5 9 2 4 8 8 4 6 9 8 8 1 8 1 4 7 1 8 1 4 1 1 1 1 1 1 8 1 7 4 4 9 9 7 5 2 2 4 2 8 7 7 6 2 2 7
split_gain=13.9917 101.203 47.089 60.618 131.408 46.4967 56.1086 55.6396 45.4558 44.62 43.9881 41.2102 46.7444 37.9823 35.8815 60.8873 36.886 47.4437 35.281 79.9234 63.5186 42.6048 52.9884 35.0609 52.2341 63.9453 77.6056 52.0747 42.9137 24.6612 33.2297 22.4681 30.6153 20.6367 20.0449 20.0443 123.938 172.399 93.0945 89.6793 120.505 118.379 92.777 99.9089 98.1233 91.6916 97.0928
threshold=0.23449692913234538 -0.060945116964850443 0.058382160598445261 0.24244760119426953 -0.020350104226088246 0.024460316476601754 0.00056478572980800011 0.051744909285531056 0.042413382382144059 -0.0067739491542473992 0.071710399043973153 -0.024770198103083296 0.031567554202066909 0.15284858503778329 -0.099494634212686825 -0.071648425880399144 0.062053895241523611 -0.032498994794595941 -0.008594555201221649 0.069082316464759222 -0.039579590793435641 -0.007972693452045548 0.029394831604843404 -0.12536486058254201 -0.074359162551747737 -0.049676999189882297 -0.034684865799351546 -0.065268669685374078 -0.014832961824089648 0.044349122678033155 -0.073312548877460929 -0.025616384132959996 0.074672856087230108 -0.017150641286812148 0.05055352400025661 -0.013196052642705647 0.10275012029562196 -0.047230820793381346 0.020430735882204704 -0.080866679206453837 -0.068077173305570379 0.0030727371430569503 -0.054522861436618643 -0.022554223766791549 -0.14805284272873262 0.11593223069399201 0.037473753240431756
decision_type=2 2 2 2 2 2 2 2 2 2 2 2 2 2 2 2 2 2 2 2 2 2 2 2 2 2 2 2 2 2 2 2 2 2 2 2 2 2 2 2 2 2 2 2 2 2 2
left_child=35 10 3 4 33 6 7 8 -4 -6 18 12 -9 14 15 -5 29 -18 23 20 -20 -22 -23 -2 27 -26 -27 -25 -28 30 -16 -7 -33 -3 -31 36 37 38 -1 40 42 -42 43 -37 -45 46 -41
right_child=1 2 5 13 9 31 -8 11 -10 -11 -12 -13 -14 -15 16 -17 17 -19 19 -21 21 22 -24 24 25 26 28 -29 -30 34 -32 32 -34 -35 -36 39 -38 -39 -40 45 41 -43 -44 44 -46 -47 -48
leaf_value=0.0012828562497995729 0.071948968130152835 0.21558958748110574 -0.10867725625547073 -0.010360694432140743 -0.040000016027152592 -0.020708395364061789 -0.10939369907818532 -0.072817433310711624 0.02510121393796767 0.062473396147771018 0.077032353858836833 0.11939718071647056 0.075951441649918155 -0.055182156907304734 -0.040928951244330318 0.1270312765617545 -0.12361534407277913 0.0033769183926500631 0.022688799124912139 0.070147250096045249 -0.18023613370982822 0.012195804056548177 -0.14706523083870296 -0.0020597869651752827 0.089645620059857448 -0.1347810128760159 0.069397805882979724 -0.15455587093583209 -0.018134013419272486 0.12151288761456494 0.023586054643358445 0.11865779971937492 0.015936161939326541 0.12111681768176999 0.032490537797198925 -0.16165454091012657 -0.011347962511427528 0.010100554199221077 -0.013500145325761071 -0.0070361879553472919 0.019713953089260949 -0.00045902374668447529 -0.0059822758160942031 -0.1408166521711201 0.009542829641710944 0.0072953646757847783 0.0054206976213667865
leaf_weight=14257 42 37 66 51 74 53 68 42 37 86 42 38 37 63 82 74 37 106 39 37 58 38 40 37 56 49 60 49 413 40 847 44 72 61 60 73 6200 18753 5579 35080 5864 5136 2873 55 155 6673 7078
leaf_count=14257 42 37 66 51 74 53 68 42 37 86 42 38 37 63 82 74 37 106 39 37 58 38 40 37 56 49 60 49 413 40 847 44 72 61 60 73 6200 18753 5579 35080 5864 5136 2873 55 155 6673 7078
internal_value=-1.38332e-06 0.00649513 0.0185477 0.0263157 0.0694114 -0.00893346 -0.0326401 -0.00871179 -0.0606246 0.0150412 -0.0195431 0.0369639 -0.00299166 0.0181146 0.0216986 0.0710543 0.0164032 -0.0296817 -0.0240047 -0.0586913 -0.0860864 -0.117321 -0.0697079 -0.0135473 -0.019011 -0.00846758 -0.0190742 -0.0893815 -0.0069596 0.0228261 0.0178657 0.0313924 0.0552652 0.157644 0.0685493 -0.000184437 0.00138461 0.00343066 -0.00287469 -0.00130031 0.00549904 0.0102945 -0.0112114 -0.0641777 -0.0299949 -0.00327164 -0.00494452
internal_weight=110811 3035 2075 1618 258 457 288 220 103 160 960 117 79 1360 1297 125 1172 143 918 212 175 136 78 706 664 578 522 86 473 1029 929 169 116 98 100 107776 44789 38589 19836 62987 14156 11000 3156 283 210 48831 42158
internal_count=110811 3035 2075 1618 258 457 288 220 103 160 960 117 79 1360 1297 125 1172 143 918 212 175 136 78 706 664 578 522 86 473 1029 929 169 116 98 100 107776 44789 38589 19836 62987 14156 11000 3156 283 210 48831 42158
is_linear=0
shrinkage=0.0970268


Tree=115
num_leaves=48
num_cat=0
split_feature=6 6 7 3 4 7 1 0 1 3 2 2 7 7 6 9 2 7 7 6 3 6 2 7 1 9 9 3 7 1 6 9 1 0 2 9 3 6 4 2 2 2 7 7 3 3 1
split_gain=12.6108 43.9109 120.079 79.0859 70.2143 63.8612 55.935 53.139 47.8606 43.7855 42.0494 41.2755 81.5338 91.9057 67.7817 61.3293 90.7649 72.5074 80.2839 68.645 78.1748 99.146 61.2719 57.8316 62.6356 56.872 47.1863 45.1738 76.3146 62.7066 52.6616 41.894 41.2802 40.281 45.7932 39.6942 39.6774 37.3366 36.8327 36.6593 51.1919 39.2597 36.415 35.7716 55.6418 37.1125 35.3946
threshold=0.059598292638332252 0.064812906823062816 -0.028524572768928697 0.020175123619115404 -0.048811798612725339 -0.015799476643803947 0.0062391604819923008 0.63705000000000012 -0.038400346959895491 -0.063115392590249994 0.096473599710589761 0.080261532039906172 -0.071174542850818326 -0.087112539293808286 0.075766933679636966 -0.04632313950314474 0.15224762072515693 -0.021638042004534144 -0.057989191160742644 0.081239476186472412 -0.015326141566675848 0.094949386485631324 0.064256267873574413 0.033796842637072305 0.020312486113742253 0.0033454605403274505 -0.013979438958943149 -0.034863905867948644 -0.040131024204365796 0.028855998894256506 0.11142375113730567 0.012578530295758701 0.064238670046360621 0.63705000000000012 -0.030905040091320547 -0.041598813093547148 -0.082512809636560089 0.11613018544403932 0.016396566681383503 0.027897564576369851 0.12596055925824673 -0.050552783436867393 -0.049367784495548642 -0.0022766277410646496 -0.0022210438241292998 1.0000000180025095e-35 0.047759208922019708
decision_type=2 2 2 2 2 2 2 2 2 2 2 2 2 2 2 2 2 2 2 2 2 2 2 2 2 2 2 2 2 2 2 2 2 2 2 2 2 2 2 2 2 2 2 2 2 2 2
left_child=-1 2 4 5 42 33 8 9 -6 -7 -8 14 13 -13 22 27 17 18 -17 23 -21 -22 32 38 -25 26 -19 -14 -29 30 -30 -27 36 34 -4 -34 -3 -20 -18 41 -41 -5 -2 44 -11 -45 -38
right_child=1 11 3 39 6 7 10 -9 -10 43 -12 12 15 -15 -16 16 19 25 37 20 21 -23 -24 24 -26 31 -28 28 29 -31 -32 -33 35 -35 -36 -37 46 -39 -40 40 -42 -43 -44 45 -46 -47 -48
leaf_value=0.00039807180515436311 -0.078394385277380879 0.10748804648114547 0.020913607868048488 0.033466929223079971 -0.028955218142481146 -0.12761635347064085 -0.032613194044514314 0.018303524905957474 -0.13763952686638797 -0.14083825119931115 0.07818419441584093 -0.013727378681894829 0.11827624121287099 0.12766937519265695 -0.0023623538065119585 -0.11311955745578026 -0.047786091453029915 -0.068782703931874578 -0.00197707938094585 -0.034818711733819535 0.082493242059296326 -0.0019685333034500686 0.095128419890747051 -0.01933904112213827 -0.1661382617977836 0.032486852154962137 -0.154949378726948 -0.11504284418193185 0.085138795387017782 -0.063091006185627671 -0.023513556707577626 -0.056832355643111218 -0.026938068472462162 -0.03353036127313587 0.15360868058220364 0.066095383045994688 0.010223042000643326 0.092934876747642087 0.01599268492558005 -0.066962743217036977 0.044631608376343057 0.12261742226280922 -0.2160792110470944 -0.0049456162873913086 0 -0.067664347139762868 -0.039469502528532846
leaf_weight=96452 37 37 63 196 72 53 145 166 82 66 41 92 40 81 7634 52 172 166 161 239 217 328 89 52 58 62 95 40 143 55 59 237 53 49 40 225 1864 51 168 69 87 61 37 312 44 124 145
leaf_count=96452 37 37 63 196 72 53 145 166 82 66 41 92 40 81 7634 52 172 166 161 239 217 328 89 52 58 62 95 40 143 55 59 237 53 49 40 225 1864 51 168 69 87 61 37 312 44 124 145
internal_value=-1.21995e-06 -0.00268391 -0.0171128 -0.00289464 -0.0627184 -0.0187779 -0.0439296 -0.0301983 -0.087102 -0.0436583 -0.00801995 -0.000687906 -0.0116652 0.0525709 0.00211732 -0.0163174 -0.0226025 -0.0475312 -0.00555983 -0.00593854 0.0113898 0.0316818 0.0162914 -0.0361314 -0.0971621 -0.0672823 -0.100379 0.0220177 0.00887436 0.0283526 0.0533751 -0.038261 0.0132517 0.0385643 0.0729479 0.0483118 0.00847455 0.0209502 -0.0162639 0.0323326 -0.00471556 0.0548279 -0.148189 -0.0354002 -0.0847782 -0.022852 0.00662441
internal_weight=110811 14359 1744 1330 414 917 340 765 154 599 186 12615 2568 173 10047 2395 2058 824 264 1234 784 545 2413 450 110 560 261 337 297 257 202 299 2324 152 103 278 2046 212 340 413 156 257 74 546 110 436 2009
internal_count=110811 14359 1744 1330 414 917 340 765 154 599 186 12615 2568 173 10047 2395 2058 824 264 1234 784 545 2413 450 110 560 261 337 297 257 202 299 2324 152 103 278 2046 212 340 413 156 257 74 546 110 436 2009
is_linear=0
shrinkage=0.0970268


Tree=116
num_leaves=48
num_cat=0
split_feature=4 8 0 7 5 9 8 1 5 5 0 9 5 9 6 8 4 0 5 0 1 6 7 4 0 9 7 9 0 1 1 4 5 5 5 5 5 4 4 7 0 0 8 9 9 1 1
split_gain=11.4807 24.7698 43.4349 21.5903 19.8517 24.0792 37.0265 38.0288 21.843 18.4384 17.9117 16.7414 31.1541 12.9981 12.7979 11.8232 45.3575 136.47 43.281 42.3449 60.3804 57.3492 41.072 43.1729 59.797 41.946 56.0118 52.0231 47.1662 44.0789 41.6511 86.2072 45.0853 40.9141 63.932 39.0937 38.2059 33.255 49.6212 31.3069 31.6643 29.6869 27.6819 95.2679 75.492 58.294 56.1636
threshold=0.14000864188583392 0.090767803853695816 -0.050699999999999988 -0.051276124288967641 -0.1441432172832007 0.038025008673170053 -0.066568939532590438 -0.023496582620215447 0.018857238602710855 -0.041250738774449743 -0.22549999999999998 -0.019026718469520445 -0.064410038390160143 -0.048998132705355586 0.010732798278587802 0.092572173936269916 -0.087349392908086396 0.10280000000000002 0.012416409094268251 -0.96374999999999988 0.036265088198967954 0.06643797787568996 0.097875694511217456 -0.080503657972338785 -0.29519999999999996 0.017002221839542003 0.051571024577313856 0.040753127502359605 0.10280000000000002 -0.096374697003733731 0.024977767250954155 0.021959364104884454 -0.058571778259935488 0.040064854192119456 -0.019290509561501395 0.017703287300454302 -0.0014992295605405998 0.046407788851012356 -0.00044412313895209992 0.063416130858917313 -0.86364999999999992 -0.51074999999999993 0.087245703818664602 -0.013979438958943149 -0.03655899064599314 -0.044922168986462195 -0.018621223504154696
decision_type=2 2 2 2 2 2 2 2 2 2 2 2 2 2 2 2 2 2 2 2 2 2 2 2 2 2 2 2 2 2 2 2 2 2 2 2 2 2 2 2 2 2 2 2 2 2 2
left_child=15 3 -3 9 -5 8 7 -7 11 -2 -10 13 -13 -6 -14 42 17 19 -19 -17 21 33 23 24 -18 29 27 28 -27 37 31 -31 -32 34 -21 -24 -29 38 -25 41 -41 -28 -1 44 45 -44 -46
right_child=1 2 -4 4 5 6 -8 -9 10 -11 -12 12 14 -15 -16 16 22 18 -20 20 -22 -23 35 25 -26 26 39 36 -30 30 32 -33 -34 -35 -36 -37 -38 -39 -40 40 -42 -43 43 -45 46 -47 -48
leaf_value=-0.00022047594497606401 -0.07583282088453458 -0.11699533785703299 0.017331926770372579 -0.04443084712284686 -0.0074390265493022127 -0.06798331795482182 0.086712882841301464 0.060701651992332642 0.099718355567715578 0.01808946663703595 0.023622403707542539 0.028583925726423254 -0.10180782805614007 0.054333075385478741 -0.024504285834846141 -0.013565863895273951 -0.12544563629718827 0.016130366520492927 -0.095092555410029062 0.046049827751346251 -0.017100372030433651 0.22450610835815069 -0.086205626598723481 -0.051868889389348902 0.025506302599641772 0.039239994634325738 0.15677498575613133 -0.027427096717077378 -0.00040052104279936684 0.020009186930046094 -0.036151703059417506 -0.010301487250331212 -0.0027268890666651119 0.018539960277672088 0.20918847784472228 0.005411874478073753 0.0092594734448150483 -0.10879099508809904 0.074747429778033697 -0.036728926458594491 0.060723622755763054 0.0457820196427738 -0.10674394867949936 -0.0366179506398197 0.12923122737863138 0.0043581102663172028 0.026835342940025993
leaf_weight=98811 41 37 57 39 69 38 126 49 37 37 136 55 43 59 39 41 57 60 72 46 38 37 96 120 43 711 47 453 468 2155 453 1496 2349 51 45 80 650 55 38 45 101 45 55 757 70 224 180
leaf_count=98811 41 37 57 39 69 38 126 49 37 37 136 55 43 59 39 41 57 60 72 46 38 37 96 120 43 711 47 453 468 2155 453 1496 2349 51 45 80 650 55 38 45 101 45 55 757 70 224 180
internal_value=-1.38433e-06 0.0111497 -0.0357281 0.0169157 0.0223956 0.0264391 0.0531823 0.00433253 0.0133745 -0.0313035 0.0401518 -0.00410748 -0.0276687 0.0210465 -0.0654645 -8.89348e-05 0.00311797 0.0355287 -0.0445758 0.0765539 0.0936169 0.117158 0.0017796 0.00266151 -0.0606086 0.00335401 0.0140167 0.00933475 0.0235024 -0.000676133 0.000757228 0.00758708 -0.00813857 0.0885442 0.127412 -0.044595 -0.00580396 -0.0440605 -0.0212416 0.0587745 0.0306048 0.103038 -0.000404677 -0.0145461 0.0170254 -0.0176378 0.0557111
internal_weight=110811 862 94 768 690 651 213 87 438 78 173 265 137 128 82 109949 9852 390 132 258 217 179 9462 9286 100 9186 2520 2282 1179 6666 6453 3651 2802 142 91 176 1103 213 158 238 146 92 100097 1286 529 279 250
internal_count=110811 862 94 768 690 651 213 87 438 78 173 265 137 128 82 109949 9852 390 132 258 217 179 9462 9286 100 9186 2520 2282 1179 6666 6453 3651 2802 142 91 176 1103 213 158 238 146 92 100097 1286 529 279 250
is_linear=0
shrinkage=0.0970268


Tree=117
num_leaves=48
num_cat=0
split_feature=2 5 4 4 7 9 9 6 4 1 8 8 4 1 4 1 2 5 8 6 6 7 1 9 9 2 8 5 9 9 8 5 6 6 9 9 9 9 6 4 1 5 2 2 5 2 8
split_gain=11.6563 98.6747 44.526 59.6587 77.2112 61.5832 59.0482 85.7938 52.9084 75.2621 48.3084 46.1004 61.3082 38.3933 46.7544 37.9541 16.8701 43.1202 47.6751 38.786 72.0676 47.9274 48.3817 33.3732 59.5401 15.578 58.3695 52.702 69.9535 48.7906 41.5979 31.7016 68.2189 47.8234 57.4127 31.2762 27.3543 32.3506 79.3803 64.953 23.1284 17.436 100.127 139.824 88.0805 75.4616 119.023
threshold=0.2897945581049407 0.072173438591567066 0.029858113612524804 -0.038195205855435795 0.0054421246791521508 -0.024332555525317694 0.06063633258993411 0.054757322898495213 0.071191168383034562 0.010983882846007752 -0.008594555201221649 -0.024770198103083296 0.09118465142868247 0.0090591554382262515 -0.041011991029012838 0.051753899536745855 0.27393450363248512 -0.12778364816610263 -0.081080349147271691 -0.011740964979741397 -0.039156868276879843 -0.044902978838901687 -0.053503364706735793 0.0025306936911618006 0.04923997004275861 0.23449692913234538 0.15284858503778329 -0.060945116964850443 0.10439905251003316 0.12697600067501177 0.061641368474216911 -0.048447054000698396 0.019989025967572103 0.048219016271894607 -0.023330194865328144 -0.019026718469520445 -0.021811066751743498 0.018385679462737854 -0.0095715575942062481 0.010682734020678953 0.017299062331333753 -0.013196052642705647 0.10275012029562196 -0.042057798850643598 -0.020272787634516298 -0.05287900296199944 -0.050567580174565745
decision_type=2 2 2 2 2 2 2 2 2 2 2 2 2 2 2 2 2 2 2 2 2 2 2 2 2 2 2 2 2 2 2 2 2 2 2 2 2 2 2 2 2 2 2 2 2 2 2
left_child=16 2 3 4 -2 -5 8 11 9 -4 15 12 -8 14 -3 -7 25 -18 -19 20 -20 -21 -23 -24 -25 41 27 30 31 -30 36 32 -29 34 -33 -35 40 38 -38 -39 -27 42 43 -1 -44 -43 -47
right_child=1 13 6 5 -6 10 7 -9 -10 -11 -12 -13 -14 -15 -16 -17 17 18 19 21 -22 22 23 24 -26 26 -28 28 29 -31 -32 33 -34 35 -36 -37 37 39 -40 -41 -42 45 44 -45 -46 46 -48
leaf_value=-0.0020957141857048025 0.062209705644930932 0.20775130786001883 -0.20311765445258526 -0.064857935672048367 -0.098077562503938287 0.068068776473572318 -0.07879860021050504 -0.11402228389071015 -0.013661452225744872 -0.030989538503797032 0.015288663562521976 0.13158340264390245 0.084929626931676896 0.014622408154872436 0.063771089278799931 0.18336804626309663 -0.11735140469557448 -0.10088847873325234 0.025131179769107378 -0.068481492788998524 -0.13683118743672448 0.14034620474947085 0.078240271984101856 -0.08862610520242109 0.058356591653924497 -0.12690759122597978 -0.099430267762100774 0.14609878483150707 -0.13725696466867696 0.0108682076947009 0.084109164998049629 -0.028187842914198347 -0.020784855968188624 0.11436218354014592 0.029909875666257156 0.039027012503072764 -0.055772994494550712 -0.1180393131605325 0.11038564311211402 -0.0043457788679010989 -0.021582796043061524 0.002859690081307785 -0.01368987226144624 0.0096542942072166456 0.027547609323914524 0.0096991468634407291 -0.0061684994748876206
leaf_weight=21388 46 37 46 38 72 77 39 37 102 50 91 45 47 45 51 42 38 47 58 43 46 39 59 50 53 39 45 60 41 42 37 230 37 73 524 182 50 60 58 219 40 25578 5667 17201 533 5162 32247
leaf_count=21388 46 37 46 38 72 77 39 37 102 50 91 45 47 45 51 42 38 47 58 43 46 39 59 50 53 39 45 60 41 42 37 230 37 73 524 182 50 60 58 219 40 25578 5667 17201 533 5162 32247
internal_value=-1.11332e-06 0.0112153 -0.00275826 0.0211457 -0.0355158 0.0481571 -0.0266842 0.0155664 -0.062537 -0.114087 0.0687396 0.0524845 0.010552 0.0879588 0.125109 0.10934 -8.94844e-05 -0.0191941 -0.00961363 0.00279361 -0.046679 0.0239618 0.0438853 0.0203046 -0.0129749 -1.37899e-05 0.00910041 0.0120162 0.0231545 -0.062513 -0.0142919 0.029613 0.0825316 0.0244845 0.0121697 0.0607817 -0.022193 -0.0115068 0.0334569 -0.0289692 -0.0740895 -0.000160802 0.0013026 0.00314165 -0.0101417 -0.00120155 -0.00397862
internal_weight=110811 865 732 366 118 248 366 168 198 96 210 131 86 133 88 119 109946 433 395 348 104 244 201 162 103 109513 1737 1692 1189 83 503 1106 97 1009 754 255 466 387 108 279 79 107776 44789 38589 6200 62987 37409
internal_count=110811 865 732 366 118 248 366 168 198 96 210 131 86 133 88 119 109946 433 395 348 104 244 201 162 103 109513 1737 1692 1189 83 503 1106 97 1009 754 255 466 387 108 279 79 107776 44789 38589 6200 62987 37409
is_linear=0
shrinkage=0.0970268


Tree=118
num_leaves=48
num_cat=0
split_feature=6 9 8 8 1 8 8 0 1 7 1 9 6 6 7 0 9 5 7 7 6 8 0 9 6 1 0 1 2 7 6 6 1 2 5 2 2 0 5 0 9 2 0 0 2 6 9
split_gain=11.6984 34.1416 52.6451 38.3194 66.3517 42.8105 37.0657 52.0059 39.9946 34.9913 34.2796 91.2628 63.4823 54.4718 59.591 53.6187 63.2307 47.4379 46.2209 63.8841 61.6394 47.9887 49.6779 42.3341 42.2357 41.5996 70.7766 41.0418 62.1268 61.5969 42.9216 44.7088 41.0153 38.9966 38.808 98.4212 112.443 73.0601 42.1335 78.2351 55.3036 37.9875 55.9425 53.373 36.4746 35.4556 48.0698
threshold=0.034612091758803705 -0.068757667519251678 0.025605468925480903 0.074100252000834463 -0.068029734234783937 0.061641368474216911 -0.015317050799766448 -0.94224999999999992 -0.076125887519388286 0.017054644400635203 0.071834311008968615 -0.038597385459428493 0.12080838836048725 0.051415078185774406 -0.045756655710785993 -0.076299999999999993 -0.05107552380775169 -0.0092061164156351481 -0.039348472633845243 -0.037906486932539542 0.067971776550280708 0.14025027765073383 0.51075000000000015 0.10994557259447872 0.08529041516287407 0.069082316464759222 -0.75764999999999982 0.00094840894575840007 -0.092867031417202942 -0.044068015676719648 0.12668831342996836 0.059598292638332252 0.0038081962513300503 -0.067251102024118145 -0.059727494449313641 0.10275012029562196 -0.046656018383281844 0.54235000000000011 0.0086866589146874004 -0.96934999999999993 -0.00080610914997004989 -0.10808640908723294 -0.75764999999999982 -0.34074999999999994 -0.064141237968972989 0.11613018544403932 0.034205711611230809
decision_type=2 2 2 2 2 2 2 2 2 2 2 2 2 2 2 2 2 2 2 2 2 2 2 2 2 2 2 2 2 2 2 2 2 2 2 2 2 2 2 2 2 2 2 2 2 2 2
left_child=-1 2 6 5 -5 -4 7 -2 -9 -8 18 12 15 14 -13 16 -12 -16 21 20 -20 27 45 -15 -22 34 -27 29 41 30 31 -3 -30 -28 35 36 -21 -37 39 -36 -40 42 -29 -43 -34 46 -23
right_child=1 10 3 4 -6 -7 9 8 -10 -11 11 13 -14 23 17 -17 -18 -19 19 25 24 22 -24 -25 -26 26 33 28 32 -31 -32 -33 44 -35 38 37 -38 -39 40 -41 -42 43 -44 -45 -46 -47 -48
leaf_value=0.0005406760474693399 -0.061926920548755419 0.021221560755444457 -0.021232754805164202 0.12931033352703986 -0.0052100686232460468 -0.12737127210387211 0.087287265929610211 -0.036763556832860804 0.032716370400393484 0.015572943925147652 -0.031104111688918863 -0.026009282825954178 0.067807191594199137 0.0080917481727457077 0.026375838532574504 -0.020946880467568405 -0.1737859620099951 0.087554639730478459 -0.12200350866353417 0.00096904277203919335 0.067583589017850429 0.14401344380866979 -0.017718352132203963 -0.086803737759736488 -0.076329462577670718 -0.16294759855305668 0.038251792770028152 0.040652731574211558 -0.085167236352262463 0.06125683450461325 0.072225331593676015 -0.015883644755577714 0.050289390013514297 -0.062665483478450676 0.042887787540128355 -0.012023848288701847 0.046423764329804995 -0.09297982229660906 -0.010760658527220437 -0.015178668742914212 0.0061152920392594356 -0.15572385236337946 -0.04223002474799583 -0.023493456319906687 0.0011361011151941579 0.0096586026610090987 0.017775431530686836
leaf_weight=85547 75 574 187 38 339 44 151 90 565 112 55 106 43 1715 264 156 63 219 87 2487 39 85 80 45 37 41 63 102 44 223 86 653 174 83 226 360 645 148 3659 6159 3652 53 304 63 770 57 43
leaf_count=85547 75 574 187 38 339 44 151 90 565 112 55 106 43 1715 264 156 63 219 87 2487 39 85 80 45 37 41 63 102 44 223 86 653 174 83 226 360 645 148 3659 6159 3652 53 304 63 770 57 43
internal_value=-1.00888e-06 -0.00183556 0.0118742 -0.0105959 0.00845292 -0.0416832 0.0256402 0.0143554 0.0231381 0.0568556 -0.00276373 0.00759817 -0.0412282 0.0141974 0.0397298 -0.0584505 -0.107705 0.0541862 -0.00407995 -0.0060499 -0.0664396 0.00643937 0.0460108 0.00564015 -0.00239295 -0.00548605 -0.0509588 0.00298781 -0.00836641 0.0141551 0.00613132 0.00146826 0.00593238 -0.0190711 -0.00499379 0.003909 0.0103378 -0.0356847 -0.00736062 -0.0131193 -0.00232963 -0.0354308 -0.0213641 -0.0843309 0.0102242 0.0735969 0.101873
internal_weight=110811 25264 1601 608 377 231 993 730 655 263 23663 2666 317 2349 589 274 118 483 20997 17686 163 3311 265 1760 76 17523 187 3046 1510 1536 1313 1227 988 146 17336 3640 3132 508 13696 6385 7311 522 406 116 944 185 128
internal_count=110811 25264 1601 608 377 231 993 730 655 263 23663 2666 317 2349 589 274 118 483 20997 17686 163 3311 265 1760 76 17523 187 3046 1510 1536 1313 1227 988 146 17336 3640 3132 508 13696 6385 7311 522 406 116 944 185 128
is_linear=0
shrinkage=0.0970268


Tree=119
num_leaves=48
num_cat=0
split_feature=3 9 9 0 4 0 1 7 6 9 3 5 1 6 6 4 4 5 0 6 1 5 9 6 6 3 4 9 7 9 5 9 6 4 3 5 6 6 5 1 1 4 3 9 6 6 9
split_gain=11.4809 45.983 50.0162 63.4028 55.2826 47.5793 38.8294 38.0577 38.2691 33.7424 33.0832 81.8851 112.679 66.5838 85.3006 43.3281 80.2176 29.653 51.5383 34.7236 22.4771 20.749 25.0012 20.4434 19.6377 19.2201 16.105 38.8876 40.7465 68.6202 38.4403 25.3383 20.0752 15.9767 68.165 88.7009 59.2712 48.6049 47.6136 36.4512 23.8221 21.687 52.7272 63.1847 64.5099 46.936 39.2156
threshold=-0.12964547996240158 0.067498372905795204 0.044344800303994805 -0.17699999999999996 -0.024013788872722146 0.45865000000000006 -0.085845825222668787 -0.00039405811183664994 -0.015872799073694297 0.0037490071266637506 -0.11763871127020718 -0.048447054000698396 -0.047691926740275996 -0.055768255183177538 -0.03125499123685594 -0.062054601658982245 -0.01557486765853945 0.023221657379879853 -0.15219999999999997 -0.055768255183177538 -0.022156606960369595 -0.031034366247404795 0.0075437739424964014 -0.024642580812344297 0.0095783331332645518 -0.15318389442210548 -0.15353276532407442 -0.032697289104047088 0.06070177414684786 -0.0031504678499456496 -0.017270520361984749 0.038723488345155307 0.0078371455206049014 -0.13554570028972837 -0.00036272643196209994 0.019438354217348606 -0.017422101530692596 0.024625607837935704 -0.0067273550386075997 -0.008481721443424798 -0.045819074632108395 -0.11688891795680724 -0.0014788537466881499 0.021276248663436054 -0.022079742524729499 0.020579722632371702 0.067498372905795204
decision_type=2 2 2 2 2 2 2 2 2 2 2 2 2 2 2 2 2 2 2 2 2 2 2 2 2 2 2 2 2 2 2 2 2 2 2 2 2 2 2 2 2 2 2 2 2 2 2
left_child=1 2 4 -4 17 6 -3 9 21 -6 11 12 -2 -13 20 -16 -17 18 19 -1 -15 22 -9 -21 -18 -20 27 30 29 -29 -12 -31 -32 34 35 38 -36 -38 40 -37 -28 42 43 -35 46 -46 -45
right_child=10 5 3 -5 7 -7 -8 8 -10 -11 26 13 -14 14 15 16 24 -19 25 23 -22 -23 -24 -25 -26 -27 33 28 -30 31 32 -33 -34 41 36 39 37 -39 -40 -41 -42 -43 -44 44 45 -47 -48
leaf_value=-0.090405338594883089 0.14291311157838199 0.039582262000675605 0.0074796872705879206 -0.14074742618937508 -0.058441402145527427 -0.017871380126401035 0.16288806113196139 0.05694365619346009 0.14716763960277396 0.056975121320565959 -0.00094818951213198612 -0.13509595216008671 -0.040353985075535087 0.0031086541131135005 -0.1471083635914841 0.078049999598055281 -0.14165633496453484 -0.07888886709350687 0.10565459784616375 0.042122303920863954 0.10730065841828813 0.082849892411453754 -0.048153361070915307 -0.036013606269888712 -0.042101907723874538 0.013159858275907464 -0.059894883203347835 0.13686919284000429 -0.053212694663176116 -0.045213784822499749 -0.15510531120310148 0.048201853536877212 -0.058505030268278725 0.030070948121783882 0.13972562048156686 -0.030743019974757872 -0.059106420819937937 0.07503667558437134 0.12742563364279047 -0.14649034441946959 0.037719938955198887 0.00013427797615665293 -0.044582495353329608 -0.17420287712252072 0.074774719566186518 -0.068628834674918857 -0.03604283541421141
leaf_weight=61 55 50 60 49 54 48 47 49 43 42 62 72 73 40 47 38 39 57 43 56 38 70 37 71 37 42 37 43 76 66 37 46 47 321 64 60 42 63 39 45 63 107872 345 40 50 37 38
leaf_count=61 55 50 60 49 54 48 47 49 43 42 62 72 73 40 47 38 39 57 43 56 38 70 37 71 37 42 37 43 76 66 37 46 47 321 64 60 42 63 39 45 63 107872 345 40 50 37 38
internal_value=-1.05331e-06 0.0110409 0.00115207 -0.0593537 0.0117517 0.0608882 0.0998661 0.0422517 0.0664202 -0.00782288 -8.9469e-05 -0.0266592 0.0385309 -0.0535351 -0.0287328 -0.0690477 -0.0363639 -0.0155046 -0.00213624 -0.0305072 0.0542882 0.0437698 0.0116065 -0.0014624 -0.0938057 0.0603477 1.70764e-05 -0.0199911 0.00475943 0.0333106 -0.0591159 -0.00672798 -0.101722 8.63664e-05 0.0191241 -0.0136525 0.0664179 0.0212703 0.0371105 -0.0808211 0.00141151 1.38772e-05 -0.0155964 0.00498177 -0.0437249 0.0136449 -0.107563
internal_weight=110811 879 734 109 625 145 97 295 199 96 109932 439 128 311 239 161 114 330 273 188 78 156 86 127 76 85 109493 377 231 155 146 112 84 109116 413 244 169 105 139 105 100 108703 831 486 165 87 78
internal_count=110811 879 734 109 625 145 97 295 199 96 109932 439 128 311 239 161 114 330 273 188 78 156 86 127 76 85 109493 377 231 155 146 112 84 109116 413 244 169 105 139 105 100 108703 831 486 165 87 78
is_linear=0
shrinkage=0.0970268


Tree=120
num_leaves=48
num_cat=0
split_feature=0 5 3 1 7 7 3 4 1 7 5 6 7 7 8 6 7 4 7 4 1 7 8 5 0 7 3 7 4 8 7 4 4 6 1 6 6 3 3 3 3 8 0 7 1 3 6
split_gain=11.151 32.1449 54.634 42.7668 56.0381 38.0833 33.093 64.4582 54.7008 71.2653 62.2172 49.9519 79.5088 94.7729 63.7441 43.4317 47.1723 38.3939 41.4681 37.1156 30.8691 29.2521 58.1621 28.0418 43.1228 27.8428 27.6666 111.709 66.1752 110.905 94.1688 58.2222 75.8126 50.3163 115.991 92.9073 88.1911 92.3759 60.211 49.7919 40.4872 27.3375 26.1663 136.676 168.933 95.311 98.7138
threshold=-0.83144999999999991 -0.12181406870462509 0.05420432895338171 -0.018075545003391046 -0.020683376266956297 -0.010488563263260699 0.084152524140046411 -0.11688891795680724 0.0019174798202291003 0.013634829038544802 0.029329672664128403 -0.0022702337887500492 0.032529171485274407 0.014513839786318553 -0.028456029678117094 -0.047328747237486292 0.019828326375400603 -0.029470645471271848 -0.019336317272619197 0.016914813614608951 0.036265088198967954 -0.12414715810516293 0.0076024320992744508 0.19726722773292296 -0.93924999999999992 0.051571024577313856 0.041145684358658903 -0.024182301337033446 -0.026696383359199497 0.094386076973428421 -0.027921103548000946 0.004182429908162851 0.013043340474188252 -0.096587434381263687 0.023292619382112453 -0.11534681073594064 -0.089855702594301784 -0.010575273451671998 -0.015326141566675848 0.044624009550640609 0.038032903402884712 0.019382283294947403 -0.8123999999999999 -0.064682022486341986 0.020312486113742253 -0.010575273451671998 0.031334909680231157
decision_type=2 2 2 2 2 2 2 2 2 2 2 2 2 2 2 2 2 2 2 2 2 2 2 2 2 2 2 2 2 2 2 2 2 2 2 2 2 2 2 2 2 2 2 2 2 2 2
left_child=1 2 3 5 -5 -1 21 -8 11 17 -11 15 13 14 -13 16 -9 18 -10 20 -19 22 -3 26 -25 -6 33 28 30 -30 -28 39 -33 34 35 -23 37 -35 -36 -29 -38 -14 43 -2 -45 -46 -47
right_child=42 6 -4 4 25 -7 7 8 9 10 -12 12 41 -15 -16 -17 -18 19 -20 -21 -22 23 -24 24 -26 -27 27 31 29 -31 -32 32 -34 36 38 -37 40 -39 -40 -41 -42 -43 -44 44 45 46 -48
leaf_value=0.16977459333866785 -0.080299047573100246 0.012898512141842339 -0.068482562918829482 -0.061026836227682679 0.07859495432882635 0.034552236970505287 -0.09410209442886458 0.077344513193544739 0.0014531667317074716 -0.16774589778209492 0.0020070698739463396 -0.06755794746917268 0.12236181168489953 -0.15666538573633948 0.065954638837594309 0.1093958447159679 -0.050316577924579567 -0.099647682172142413 0.14658346573192998 0.053001537142808947 0.013420514536670937 0.0049406813947204661 -0.11972596088399994 0.019834289782035081 -0.10920248409935043 -0.0056025823984846455 0.032439041575737175 -0.090128451624944719 0.012427888916103453 -0.14501757550066777 0.19247913499499164 0.074848036130025983 -0.018900553128384026 0.16120930095823102 -0.042244693044916078 -0.13463753903276882 -0.0019699237585845963 -0.029629985853961142 0.11472077329284423 -0.029669867624395607 0.032922980923352788 0.016268482788701528 0.00023143983992127387 0.041740282518419478 -0.079071555615819938 -0.037638725647326288 0.082288694539855919
leaf_weight=40 137 65 48 58 107 39 47 70 37 43 38 56 61 40 83 136 44 50 37 53 41 70 59 42 57 56 289 145 323 48 39 108 323 63 40 124 15678 38 53 1110 319 37 88911 1081 198 164 106
leaf_count=40 137 65 48 58 107 39 47 70 37 43 38 56 61 40 83 136 44 50 37 53 41 70 59 42 57 56 289 145 323 48 39 108 323 63 40 124 15678 38 53 1110 319 37 88911 1081 198 164 106
internal_value=-1.02999e-06 -0.00206166 0.0271523 0.0425586 0.0205173 0.103669 -0.00257443 0.0158904 0.0222047 -0.0109109 -0.0883944 0.0410044 0.012552 -0.0258717 0.0120579 0.0724192 0.0279874 0.0179508 0.0745585 -0.0112071 -0.0487757 -0.00342397 -0.0503214 -0.00311418 -0.0545138 0.0496715 -0.00284138 -0.0126047 0.019992 -0.00805802 0.0517173 -0.026126 0.00461941 -0.00141939 -0.0416588 -0.0843246 -0.000700351 0.0894914 0.0472232 -0.0366902 -0.0012727 0.0826394 0.000458643 0.0124317 0.0206586 -0.0280107 0.00946426
internal_weight=110811 20214 348 300 221 79 19866 873 826 299 81 527 277 179 139 250 114 218 74 144 91 18993 124 18869 99 163 18770 2385 699 371 328 1686 431 16385 287 194 16098 101 93 1255 15997 98 90597 1686 1549 468 270
internal_count=110811 20214 348 300 221 79 19866 873 826 299 81 527 277 179 139 250 114 218 74 144 91 18993 124 18869 99 163 18770 2385 699 371 328 1686 431 16385 287 194 16098 101 93 1255 15997 98 90597 1686 1549 468 270
is_linear=0
shrinkage=0.0970268


Tree=121
num_leaves=48
num_cat=0
split_feature=7 7 4 2 7 9 2 7 5 4 4 1 6 9 1 2 0 2 6 5 9 2 6 6 4 4 2 7 1 5 6 2 4 9 2 1 4 4 6 2 5 2 4 0 1 4 9
split_gain=11.3637 80.3282 67.732 107.917 69.4362 66.5932 116.674 156.353 106.923 104.018 88.2217 99.7833 82.4028 115.087 87.6583 92.654 87.8931 79.8615 77.9707 73.7438 71.7675 75.1633 70.6845 118.064 64.7462 93.584 111.546 77.0523 110.79 72.2687 71.1275 60.9469 66.798 60.1512 55.8008 55.4373 52.4566 96.9884 102.566 70.7063 69.3711 197.457 125.909 115.132 101.7 81.3576 68.697
threshold=-0.021153922894160949 -0.019745430994174598 0.033166434836737306 0.10275012029562196 -0.10738742524112273 0.00080144080836265009 -0.069866340071900984 -0.023169593531404294 -0.0067273550386075997 -0.10510920546429559 0.013558821068191751 -0.017506917774079346 -0.039156868276879843 -0.10288265813691254 0.052653032725073157 0.080261532039906172 -0.84004999999999985 0.2897945581049407 0.025254230812311856 0.072173438591567066 -0.031571393612131744 -0.015169470707859399 0.064812906823062816 0.058319398525702011 -0.015120989747338448 -0.011290135971798098 -0.078638157427229433 -0.026833814488234294 0.020312486113742253 0.0009822715782074002 0.010166383131484501 -0.13420704563369165 -0.029470645471271848 -0.058611010757857941 0.11244613717525535 0.008581205561819202 -0.03314659041892444 -0.031315377374797344 0.051415078185774406 0.0044119012768936506 0.060968070880206053 -0.019854513424471146 -0.05551447834488369 -0.84379999999999988 -0.016008746476948197 -0.068701752432777943 0.0016315608540918502
decision_type=2 2 2 2 2 2 2 2 2 2 2 2 2 2 2 2 2 2 2 2 2 2 2 2 2 2 2 2 2 2 2 2 2 2 2 2 2 2 2 2 2 2 2 2 2 2 2
left_child=2 -2 5 -4 -5 6 9 12 18 -1 11 -10 13 34 22 16 -16 36 20 -15 -9 -22 23 -14 27 30 -27 31 -29 -28 -26 32 -11 -17 -8 -13 40 38 39 -38 46 43 -43 44 -42 -45 -7
right_child=1 -3 3 4 -6 17 7 8 10 24 -12 35 14 19 15 33 -18 -19 -20 -21 21 -23 -24 -25 25 26 29 28 -30 -31 -32 -33 -34 -35 -36 -37 37 -39 -40 -41 41 42 -44 45 -46 -47 -48
leaf_value=-0.10419426914053655 0.02439861070619535 0.00023315956622293508 0.013930090911261269 -0.080480055506083392 -0.0075623807615692335 -0.11060001172116807 -0.11649596271834343 -0.12857993520605993 -0.029355241603677959 -0.065332680846829111 0.018668031899780665 -0.26054329691568634 -0.014047172406455258 0.013910977827338997 0.1398737212636314 0.038898106436510455 0.02874839275225758 0.092460645616896098 0.071925083070255649 0.090487227703358944 0.070182556049033784 -0.10283965041973145 0.019947723685978639 -0.10920014364881621 -0.16548320066768193 0.00033590011001997884 0.018777661563526001 0.15525242273549691 0 0.12058863609827794 0.0021105342261501848 0.035611376397675906 0.059698285100546845 -0.04549943959014871 0.0041084566570824951 -0.13001938871805499 -0.075810096164482768 -0.011580020235813095 -0.21401951635304811 0.0705905182439103 0.11784691313995881 -0.02482680672914192 0.12092290042423984 -0.0082338632163212605 -0.080453112484291711 -0.149746495445434 0.0056923182988775668
leaf_weight=64 1317 76081 5359 131 1919 48 92 63 66 124 47 47 4298 2477 77 116 505 73 74 124 61 38 555 126 50 1209 131 110 71 132 45 1066 59 250 59 94 146 9034 41 39 43 132 96 49 55 177 3841
leaf_count=64 1317 76081 5359 131 1919 48 92 63 66 124 47 47 4298 2477 77 116 505 73 74 124 61 38 555 126 50 1209 131 110 71 132 45 1066 59 250 59 94 146 9034 41 39 43 132 96 49 55 177 3841
internal_value=-8.95452e-07 0.000644606 -0.0014964 0.006687 -0.012242 -0.00382843 0.00138171 -0.00409324 -0.0573934 0.0177828 -0.101033 -0.128238 -0.00108033 0.0127919 -0.00752341 0.0195089 0.0435563 -0.0084551 -0.0102911 0.0175792 -0.047992 0.00352388 -0.0126734 -0.0167694 0.0204049 0.00677103 0.0128093 0.0353321 0.0944515 0.0700221 -0.0863389 0.0267286 -0.0249276 -0.0187114 -0.0694303 -0.174235 -0.00899627 -0.0131538 -0.0758851 -0.0448079 -0.000324809 -0.0325009 0.0366102 -0.0811476 0.00659348 -0.119177 0.00424286
internal_weight=110811 77398 33413 7409 2050 26004 12230 9169 490 3061 254 207 8679 2752 5927 948 582 13774 236 2601 162 99 4979 4424 2997 1567 1472 1430 181 263 95 1249 183 366 151 141 13701 9260 226 185 4441 552 228 324 98 226 3889
internal_count=110811 77398 33413 7409 2050 26004 12230 9169 490 3061 254 207 8679 2752 5927 948 582 13774 236 2601 162 99 4979 4424 2997 1567 1472 1430 181 263 95 1249 183 366 151 141 13701 9260 226 185 4441 552 228 324 98 226 3889
is_linear=0
shrinkage=0.0970268


Tree=122
num_leaves=48
num_cat=0
split_feature=2 3 9 9 5 8 9 3 6 0 5 8 8 3 0 8 5 3 3 9 5 0 7 8 8 9 5 5 6 8 6 9 8 0 5 3 5 7 6 5 0 9 8 8 0 5 6
split_gain=11.2389 51.4039 36.3491 51.5376 48.9409 59.9193 56.7459 63.6791 47.328 52.1608 47.261 57.4421 42.8111 41.0815 39.6912 52.0061 44.429 55.0177 39.0681 40.2185 37.9782 34.8018 34.4211 33.5215 34.3478 31.9393 30.8494 74.8077 30.0663 29.7921 29.6987 40.749 29.3132 28.8952 48.1778 27.3917 26.5571 53.061 40.37 36.4969 39.5917 36.986 24.1725 35.3115 32.8239 23.6046 21.6288
threshold=-0.13936677746106751 -0.092612507805162433 0.0134830252621319 0.10994557259447872 0.0019614815398792005 -0.15018081743147496 0.0054601411081470009 -0.024182531111656694 0.01312282302128835 0.22715000000000005 0.10233997228199336 -0.010658901481515349 -0.093678183613809737 -0.00073512634347449983 0.54235000000000011 -0.12226994627433228 0.019438354217348606 0.022232943027295605 0.015493467388554 -0.056369347099016344 0.057402110332118554 -0.63704999999999989 0.036879745068881309 -0.050567580174565745 -0.008594555201221649 -0.038597385459428493 -0.047596506372296697 -0.10879683178704964 0.077573471606376107 -0.034986805841587039 0.07412651642884481 -0.08125201657299598 -0.096041086116257737 -0.96084999999999987 -0.069502760244261441 -0.048374830744031795 -0.0024308957916794999 -0.0018786184531011999 0.064812906823062816 -0.053761832459276092 -0.024899999999999995 0.07645789768128107 0.062587273729508008 0.14025027765073383 -0.79619999999999991 0.072173438591567066 0.075766933679636966
decision_type=2 2 2 2 2 2 2 2 2 2 2 2 2 2 2 2 2 2 2 2 2 2 2 2 2 2 2 2 2 2 2 2 2 2 2 2 2 2 2 2 2 2 2 2 2 2 2
left_child=1 21 4 14 6 13 30 -8 -5 -10 11 18 -12 -6 16 -16 36 23 19 -7 -19 -1 28 -18 -25 -24 27 -9 -13 -14 31 -3 -17 -33 -35 -32 39 38 -38 40 -4 -41 44 -44 -37 -34 -2
right_child=46 2 3 8 5 10 7 26 9 -11 12 22 29 -15 15 32 17 20 -20 -21 -22 -23 25 24 -26 -27 -28 -29 -30 -31 35 33 45 34 -36 42 37 -39 -40 41 -42 -43 43 -45 -46 -47 -48
leaf_value=0.0034214957450882022 0.00016719291520201601 0.037440642809923548 0.025663461658537081 -0.1355088626895955 -0.0097282806188416487 0.012091409864861428 0.029907087432687832 -0.15440724873955183 -0.090337039323837687 0.059720676751583629 -0.091620584859988793 0.040890859991950523 0.061702366429656361 -0.11902576249141794 -0.10013985234474777 0.088654820631781081 0.035234053825453096 0.060884149841984148 -0.0039710104755744744 0.077776334029124775 -0.071302849576871732 -0.10223159308101609 0.0091813249830755995 0.18792871402904582 0.083102268978396288 -0.079802093116840542 -0.15214362507493756 0.015720106301032159 -0.03119756912125542 -0.035109020323106685 0.082994214055449794 -0.091786466605781325 0.0075140247529559999 -0.049030110124025632 0.0005150482613458492 0.053541346644493205 0.092461789788663276 -0.098111107580317769 -0.039815952032076322 0.069442828408897456 -0.033648932586034373 -0.029925539299669027 -0.072917130001297514 0.038307036179378341 -0.0015284035279799874 -0.06765394236397114 -0.0052125801781673755
leaf_weight=50 97985 118 473 37 103 118 55 43 38 50 60 210 54 47 46 38 76 40 106 348 41 70 76 43 98 75 52 55 73 66 46 54 417 300 479 146 43 51 43 238 136 41 76 41 334 43 7579
leaf_count=50 97985 118 473 37 103 118 55 43 38 50 60 210 54 47 46 38 76 40 106 348 41 70 76 43 98 75 52 55 73 66 46 54 417 300 479 146 43 51 43 238 136 41 76 41 334 43 7579
internal_value=-1.03917e-06 0.00438163 0.00585455 0.0161022 -0.000655223 0.0134069 -0.0111041 -0.0591059 -0.0440933 -0.00509352 0.0207227 0.0289191 -0.0249959 -0.044272 0.0201464 -0.0018994 0.029216 0.0621843 0.0491039 0.0611892 -0.0059346 -0.058274 0.00227329 0.0876161 0.115597 -0.0350532 -0.0917978 -0.059173 0.0222445 0.00844253 -0.00491101 -0.0158023 0.00723297 -0.0233706 -0.0185695 0.0111827 0.0196006 -0.0200768 0.0263436 0.025739 0.0123889 0.0547843 0.00557983 -0.033865 0.0152348 0.000412315 -0.000218981
internal_weight=110811 5247 5127 1992 3135 1336 1799 205 125 88 1186 1006 180 150 1867 544 1323 298 572 466 81 120 434 217 141 151 150 98 283 120 1594 951 498 833 779 643 1025 137 86 888 609 279 597 117 480 460 105564
internal_count=110811 5247 5127 1992 3135 1336 1799 205 125 88 1186 1006 180 150 1867 544 1323 298 572 466 81 120 434 217 141 151 150 98 283 120 1594 951 498 833 779 643 1025 137 86 888 609 279 597 117 480 460 105564
is_linear=0
shrinkage=0.0970268


Tree=123
num_leaves=48
num_cat=0
split_feature=3 8 1 4 3 4 9 4 3 5 8 2 8 6 3 3 6 8 8 5 8 1 2 6 2 2 9 4 4 6 5 5 9 8 3 5 9 4 2 4 8 5 6 4 9 6 6
split_gain=10.9184 50.1693 52.3 59.1638 57.2145 51.6515 92.6679 73.5273 107.692 120.622 89.421 71.5503 65.6129 63.758 64.1252 62.5749 86.877 73.6068 67.3761 61.9794 76.3501 192.827 86.4622 125.827 96.3715 76.3065 71.4195 71.0258 69.8785 59.4188 58.6582 93.9242 106.825 105.82 61.8026 57.3679 56.2263 74.7769 71.8271 53.6206 106.511 57.6017 51.1718 51.1325 49.9234 48.9156 48.435
threshold=-0.030776207317564096 -0.183077265801426 -0.0038964096732031499 0.034444313149233262 -0.051177289529574843 0.010682734020678953 0.12697600067501177 0.023072568561417702 -0.059089934398755241 -0.056653254265463047 -0.11081206617757354 0.19220902801063269 -0.055294504275847194 0.021855221700811601 -0.043278355832032898 -0.097035994128117739 0.010166383131484501 0.0023689424779034505 -0.022443628107096495 -0.095873023297945531 0.018256997508574253 -0.11004754385454064 -0.03212242909321824 0.083247578169780109 -0.033900420502086047 0.025563501414801303 0.10994557259447872 0.025841001827096002 0.030471507042390853 -0.0027826278201059994 -0.078970114533016084 -0.086590833002044273 0.07645789768128107 -0.074239912271120742 -0.049317320814781539 -0.0057703504415643489 0.038723488345155307 -0.012666343032437148 0.076995206897744417 0.0087459754560187519 -0.054093450323365641 -0.077163817965381534 0.035488849536434205 0.022491598376849702 -0.029830578061153395 -0.049390437701246043 0.048219016271894607
decision_type=2 2 2 2 2 2 2 2 2 2 2 2 2 2 2 2 2 2 2 2 2 2 2 2 2 2 2 2 2 2 2 2 2 2 2 2 2 2 2 2 2 2 2 2 2 2 2
left_child=1 2 42 4 -4 6 30 8 9 -7 -10 29 13 14 -12 17 -17 -11 -18 -9 22 35 24 25 27 -24 28 -21 -23 45 31 32 36 -33 -35 -22 38 -38 -3 41 -41 -32 -1 44 -14 -8 -43
right_child=-2 5 3 -5 -6 7 11 19 10 15 12 -13 43 -15 -16 16 18 -19 -20 20 21 26 23 -25 -26 -27 -28 -29 -30 -31 39 33 -34 34 -36 -37 37 -39 -40 40 -42 46 -44 -45 -46 -47 -48
leaf_value=0.16194734193515725 0.0005250844099432395 0.021697518752268444 0.083713479651087941 -0.023966256374546368 -0.028216958604693282 0.033159960907089094 0.059181257748036231 -0.041580525708343627 -0.11132886608702329 -0.11252610021941686 0.17945559524668678 0.18706557360454235 0.039292145292328412 -0.03640934247988882 0.031968331703265615 -0.12493624593241824 0.063026162587332721 0.047230885164924533 -0.078461320303986948 -0.081341367871357498 -0.17258335211827477 0.029476786966576518 0.054467849822232524 -0.090311448218334325 -0.14805800393679788 0.013369303521845743 -0.13017479521317887 0.00031444448895378706 -0.012240490476181778 0.14104713312158373 -0.10278604528651294 -0.071863752746623225 -0.099859237672966769 0.14060842543237609 0.030434384570328592 -0.037299171020440357 0.10308387094571139 -0.051278940403306481 -0.05643036890977441 -0.079642171657051328 0.070625386840905316 0.00024558345901894873 0.018481863630601673 -0.12262193573884142 -0.016742639094810337 -0.08095700548470651 -0.018179443185102701
leaf_weight=49 85332 498 143 200 61 115 52 385 75 43 48 39 180 50 66 279 47 72 95 105 88 441 616 91 44 1376 44 2054 2628 37 53 39 80 135 75 45 128 38 142 55 223 11931 45 37 877 42 1513
leaf_count=49 85332 498 143 200 61 115 52 385 75 43 48 39 180 50 66 279 47 72 95 105 88 441 616 91 44 1376 44 2054 2628 37 53 39 80 135 75 45 128 38 142 55 223 11931 45 37 877 42 1513
internal_value=-1.1105e-06 -0.00176374 0.0287155 0.0134793 0.0502097 -0.00237219 0.00120222 -0.00781704 -0.0245185 -0.056855 -0.00870642 0.0723452 -0.00254591 0.0545958 0.0945781 -0.0761959 -0.0935117 -0.0126158 -0.0315186 -0.00362943 -0.00168612 -0.0129114 0.00681361 0.020985 -0.00658313 0.0260919 -0.00801168 -0.0036675 -0.00623972 0.0376346 0.000388442 0.0215862 0.00676493 0.0741867 0.101443 -0.12714 0.0174057 0.0676523 0.00432294 -0.00135809 0.040788 -0.0022281 0.0937511 -0.011138 -0.00717979 -0.00341731 -0.0018278
internal_weight=110811 25479 498 404 204 24981 15080 9901 1984 651 1333 170 1258 164 114 536 421 115 142 7917 7532 3246 4286 2083 2203 1992 3113 2159 3069 131 14910 1135 886 249 210 133 806 166 640 13775 278 13497 94 1094 1057 94 13444
internal_count=110811 25479 498 404 204 24981 15080 9901 1984 651 1333 170 1258 164 114 536 421 115 142 7917 7532 3246 4286 2083 2203 1992 3113 2159 3069 131 14910 1135 886 249 210 133 806 166 640 13775 278 13497 94 1094 1057 94 13444
is_linear=0
shrinkage=0.0970268


Tree=124
num_leaves=48
num_cat=0
split_feature=8 4 5 7 5 7 7 4 5 4 0 2 7 9 4 5 0 7 7 4 5 8 9 3 8 8 2 8 2 0 7 3 3 9 4 4 5 0 0 2 8 2 5 0 7 8 7
split_gain=11.0774 20.6606 16.2755 32.3529 25.2588 20.0801 28.089 57.2787 36.1786 27.847 40.2424 26.4145 27.2275 20.234 19.231 14.7483 12.0346 11.8158 52.1985 87.1159 50.9506 80.7492 52.8387 104.268 65.1328 75.8466 55.7469 53.1522 86.4626 50.1009 43.8654 57.9777 65.1546 81.5212 65.4971 62.3648 56.4833 42.8635 50.0213 40.2866 176.284 107.256 93.0622 84.3598 83.4929 91.0439 80.578
threshold=0.18320225866052992 0.11429078169592517 0.046811610602709608 0.010625455517355451 0.032783043108846159 0.006671805578262701 -0.01357445872184075 0.023072568561417702 0.015934443586919051 -0.013664102955108198 -0.27239999999999992 -0.11350959996507208 0.036879745068881309 -0.038597385459428493 0.015369711252886801 -0.010196716959634597 -0.82694999999999985 -0.032120161791572892 -0.03594534127811929 0.088755355054549304 -0.095873023297945531 -0.026244251983342546 0.040753127502359605 -0.05217014475160079 0.023877666434334702 0.043381359287571759 0.2267042923305376 0.070552166332178659 -0.075694134660588927 0.79080000000000006 -0.039348472633845243 -0.067745310251869084 -0.042537425837813093 0.0029313011052758005 0.00046480098009930008 -0.05551447834488369 0.043908403179957804 -0.55789999999999995 0.20145000000000005 -0.072666026837171424 -0.042367823070205639 -0.065356263075296989 -0.12778364816610263 -0.94494999999999985 -0.063267020099644786 0.018256997508574253 -0.069348512894181188
decision_type=2 2 2 2 2 2 2 2 2 2 2 2 2 2 2 2 2 2 2 2 2 2 2 2 2 2 2 2 2 2 2 2 2 2 2 2 2 2 2 2 2 2 2 2 2 2 2
left_child=17 2 4 14 5 6 8 -8 9 -2 -11 13 15 -7 -4 -13 -14 18 30 20 21 -20 26 -24 -25 -26 27 29 -29 -22 39 -32 34 -34 37 -35 -37 -33 -39 40 42 43 -1 -41 46 -46 -45
right_child=1 -3 3 -5 -6 11 7 -9 -10 10 -12 12 16 -15 -16 -17 -18 -19 19 -21 22 -23 23 24 25 -27 -28 28 -30 -31 31 32 33 35 -36 36 -38 38 -40 41 -42 -43 -44 44 45 -47 -48
leaf_value=0.072296740936027754 0.066155314310767696 0.079602064181995613 0.12208730365946426 -0.016300856274297046 -0.054808526357741617 -0.068241033548365748 -0.12227277801706959 0.018019753093674942 0.094083719014282988 -0.096016973708879003 0.012840250621235453 0.039594136013181055 0.040866009630439667 0.025607041756764627 0.031983570043632559 0.11047994126795911 -0.034466162862828109 0.00045058680499800928 -0.065191591564798035 0.084494760419885143 -0.017500120651196792 0.10781401552346005 0.071114118930228398 -0.10204632005229086 0.065741510985427243 -0.071793843086229533 0.087571801549764267 0.032735687425119502 -0.082623621462772301 0.027432162515488551 -0.045882622527899306 0.036365269190228568 0.031297016723121178 -0.089358271991392346 0.0085723722681018411 0.011444374240689333 -0.05123125141966195 0.23776431217144933 0.082611150774218892 -0.1664188861373212 0.014613544544810949 -0.0024529500544958451 -0.033045838612894847 -0.039468988946011682 -0.041031568919561612 0.045715827077000046 -0.14650524637200441
leaf_weight=84 37 39 41 65 68 40 52 57 40 51 84 54 39 46 50 59 40 85502 39 80 1327 71 57 230 59 103 49 82 237 283 148 45 903 84 104 643 171 37 43 45 4280 13203 1214 277 260 202 87
leaf_count=84 37 39 41 65 68 40 52 57 40 51 84 54 39 46 50 59 40 85502 39 80 1327 71 57 230 59 103 49 82 237 283 148 45 903 84 104 643 171 37 43 45 4280 13203 1214 277 260 202 87
internal_value=-1.16453e-06 0.0109523 0.00764913 0.0358197 0.00102837 0.00741635 -0.00909081 -0.0490362 0.0114598 -0.00788322 -0.0283851 0.0264949 0.0464936 -0.0180556 0.0730537 0.0769577 0.00262636 -8.71648e-05 -0.00196827 -0.0149161 -0.0180679 0.0463775 -0.0210001 -0.0510424 -0.0688854 -0.0216067 -0.0141666 -0.0167741 -0.0529372 -0.00959128 -0.000415394 0.0126474 0.0169278 0.0107155 0.0656358 -0.00997525 -0.00173036 0.112852 0.155348 -0.00186383 0.00511324 -0.00462981 -0.0262004 -0.0375999 -0.0304901 -0.00307606 -0.065216
internal_weight=110811 862 823 156 667 599 321 109 212 172 135 278 192 86 91 113 79 109949 24447 2617 2537 110 2427 449 392 162 1978 1929 319 1610 21830 2178 2030 1801 229 898 814 125 80 19652 5578 14074 1298 871 826 462 364
internal_count=110811 862 823 156 667 599 321 109 212 172 135 278 192 86 91 113 79 109949 24447 2617 2537 110 2427 449 392 162 1978 1929 319 1610 21830 2178 2030 1801 229 898 814 125 80 19652 5578 14074 1298 871 826 462 364
is_linear=0
shrinkage=0.0970268


Tree=125
num_leaves=48
num_cat=0
split_feature=6 0 8 8 6 8 9 4 0 0 4 9 6 7 7 0 6 6 3 0 9 3 8 8 8 0 9 9 9 8 1 8 7 3 1 0 8 6 8 3 4 9 6 8 1 1 1
split_gain=11.1312 93.1234 85.7975 98.3698 76.7706 106.195 72.6718 91.896 66.6593 70.8138 79.7875 63.2116 67.6087 66.0263 97.8156 88.6231 77.3741 66.5032 61.9987 75.0201 63.4333 78.2937 61.1415 101.622 135.256 84.1278 59.8171 55.1511 50.6422 49.0322 48.8708 97.3333 76.9902 55.3105 45.7289 67.8302 44.7226 53.7341 44.5925 42.6048 42.4942 55.2596 75.3332 52.564 49.599 145.789 63.2596
threshold=-0.047328747237486292 -0.95584999999999987 -0.055294504275847194 0.072906406083546857 -0.048728933350633989 -0.025519095618117497 0.019800801003517856 -0.057564189976198041 -0.69114999999999982 -0.62474999999999992 0.047246927038361856 0.065880069186582471 -0.12540519002426134 0.0015916102490158002 -0.0067663485611202494 -0.71824999999999994 -0.050083424453311438 -0.054365884133055646 -0.0094245490884503486 -0.42139999999999994 0.011750007044492103 -0.042537425837813093 0.094386076973428421 0.055228771759032555 0.069364821743613261 -0.63649999999999995 -0.019966404481659046 -0.032140619575440843 0.037359979089867407 0.030299220900313905 -0.006963023889682199 -0.05166673925610684 -0.021153922894160949 0.036566295319370057 0.048558466934788359 -0.85919999999999985 -0.043372761206445593 -0.048046979069551694 0.16978894556136356 0.010751070128590001 -0.0049323831614139996 -0.093325357103541742 -0.055768255183177538 -0.081080349147271691 -0.11004754385454064 -0.13294320776811239 -0.065416308036392742
decision_type=2 2 2 2 2 2 2 2 2 2 2 2 2 2 2 2 2 2 2 2 2 2 2 2 2 2 2 2 2 2 2 2 2 2 2 2 2 2 2 2 2 2 2 2 2 2 2
left_child=1 2 -1 6 8 36 7 -4 11 10 22 12 27 14 17 16 -15 -14 19 29 21 -21 23 25 -25 -10 -23 -3 -8 -7 32 -32 -13 -34 35 -33 37 -6 40 -29 44 42 -42 -43 45 -11 -46
right_child=-2 4 3 -5 5 18 28 -9 9 38 -12 30 13 15 -16 -17 -18 -19 -20 20 -22 26 -24 24 -26 -27 -28 39 -30 -31 31 34 33 -35 -36 -37 -38 -39 -40 -41 41 43 -44 -45 46 -47 -48
leaf_value=0.08951905726353819 0.00051702573232552135 0.006063435863386017 -0.0071933500038903475 0.045729677349932447 0.065239899774246671 -0.21683487751288336 0.062936084476869214 -0.16311817538195089 -0.018128569223500837 0.031191233285153146 0.037606212801147648 -0.093483922141532713 0.02726503845159409 -0.01352980407297898 0.089384183059219219 0.088505463922741487 0.085603298563283872 -0.022847229136711552 -0.02222651761660005 0.023913749310822078 0.019889830254736864 -0.067235260417576437 0.077393817644540092 -0.23023794332048952 -0.0040297889837500982 -0.12547483648239324 -0.2342483213248886 0.063753928095370518 -0.073648720425723166 -0.071612477390702048 0.060057677804097216 -0.23020934259296297 0.09282828746190952 -0.041717534997710477 -0.002299830528972935 -0.072754763562863353 0.10492451722089299 -0.048062318846501216 -0.098171177555579761 0.19316828170720834 -0.025488564100411417 0.020668638597734209 -0.1614135190075339 -0.0054722829164594866 0.038813965959302719 -0.11561569899769587 0.0036702567495785461
leaf_weight=38 86321 63 48 64 72 52 40 139 477 136 137 48 1264 1348 200 95 78 310 363 37 77 44 37 61 42 80 38 54 69 39 49 39 89 42 37 77 55 86 44 44 287 782 44 9708 518 119 6920
leaf_count=38 86321 63 48 64 72 52 40 139 477 136 137 48 1264 1348 200 95 78 310 363 37 77 44 37 61 42 80 38 54 69 39 49 39 89 42 37 77 55 86 44 44 287 782 44 9708 518 119 6920
internal_value=-8.64235e-07 -0.00182665 -0.0483525 -0.0630183 -0.00105683 -0.0294657 -0.0865938 -0.123249 -4.82527e-07 -0.00231296 -0.0299642 0.0116832 0.0158203 0.0128117 0.0255275 -0.00201618 -0.00807739 0.0173861 -0.0489474 -0.0826305 -0.0485803 -0.0928762 -0.0432734 -0.0500968 -0.138476 -0.0336455 -0.14554 0.0771449 -0.0233925 -0.15531 -0.0257958 -0.0584649 0.0110701 0.0496258 -0.0965436 -0.126409 0.0299218 0.00354679 -0.00106916 0.122526 -0.000835678 -0.00475543 -0.043766 -0.00352192 0.00467662 -0.0373597 0.00612103
internal_weight=110811 24490 398 360 24092 863 296 187 23229 19392 834 3837 3456 3295 1774 1521 1426 1574 650 287 196 119 697 660 103 557 82 161 109 91 381 202 179 131 153 116 213 158 18558 98 18514 10821 331 10490 7693 255 7438
internal_count=110811 24490 398 360 24092 863 296 187 23229 19392 834 3837 3456 3295 1774 1521 1426 1574 650 287 196 119 697 660 103 557 82 161 109 91 381 202 179 131 153 116 213 158 18558 98 18514 10821 331 10490 7693 255 7438
is_linear=0
shrinkage=0.0970268


Tree=126
num_leaves=48
num_cat=0
split_feature=7 3 1 2 4 4 1 2 9 5 5 9 1 3 6 6 4 1 1 3 9 9 4 7 2 7 2 3 6 2 6 5 7 1 7 3 9 2 2 1 2 3 5 6 4 2 6
split_gain=10.5671 25.5038 27.8794 38.2236 28.8882 31.3629 25.0157 51.1788 51.0315 45.8297 67.7969 48.2232 49.7445 38.1202 38.1017 30.6937 26.5804 26.3155 23.7965 67.0446 41.7578 21.6977 12.3499 56.4448 67.4202 65.8772 60.0405 67.2172 68.045 54.7106 91.0857 107.977 55.9287 55.2728 52.2258 107.731 52.7356 48.7461 92.3552 101.689 93.5208 89.7553 66.9319 73.3151 86.1313 76.5687 97.1811
threshold=0.08225069400377126 -0.12964547996240158 -0.12536486058254201 0.2897945581049407 0.030471507042390853 -0.056602689056735343 -0.0064470339305020994 0.21980754745819697 -0.10288265813691254 0.083068829820494461 0.096436362004837364 -0.012270081549489598 -0.029814156810626897 -0.017863805363148449 0.027518713943351255 -0.013826940947988298 -0.063354224844603985 0.11045235322052467 0.050008317568162056 0.011571371925567802 0.10439905251003316 0.0029313011052758005 -0.076708091414308774 -0.052235595152872141 0.23449692913234538 -0.039348472633845243 -0.11635500304588028 0.087403027277073414 -0.089855702594301784 -0.086653420511179483 -0.022079742524729499 0.055179646868793709 -0.042478532613070198 0.0072183644249842012 -0.057989191160742644 0.0071851921200944005 0.0096773958339143509 -0.032733569892181395 -0.042057798850643598 -0.021537758034925646 -0.037441542283869596 -0.022736723945372048 -0.082710000460716096 -0.084329663943004188 -0.082945630417784785 -0.016764788148213697 -0.051508719244332944
decision_type=2 2 2 2 2 2 2 2 2 2 2 2 2 2 2 2 2 2 2 2 2 2 2 2 2 2 2 2 2 2 2 2 2 2 2 2 2 2 2 2 2 2 2 2 2 2 2
left_child=22 -2 4 6 5 -3 7 9 16 11 -11 12 -4 -13 -12 -9 -8 18 20 -20 -10 -19 23 24 26 29 -1 28 -28 -25 33 32 -32 -31 36 -36 -30 38 -27 -40 -41 -42 -39 44 -44 46 -45
right_child=1 2 3 -5 -6 -7 8 15 17 10 14 13 -14 -15 -16 -17 -18 21 19 -21 -22 -23 -24 25 -26 37 27 -29 34 30 31 -33 -34 -35 35 -37 -38 42 39 40 41 -43 43 45 -46 -47 -48
leaf_value=-0.068126101903597053 0.067526118081544337 -0.019335064482371208 -0.035283965026857725 0.07688607202021705 0.025792108865128113 -0.13420549856061531 0.12585082860134211 -0.00084817889237566674 0.0033192920754696069 0.17929409544177705 -0.021652864351422985 0.0013456173818546023 0.034861789597392161 0.042664309376682377 0.088340830668166684 -0.12331141211432756 0.0252719675308479 -0.0048486302176096851 -0.0018613028573395449 -0.073054840128556495 -0.060365145803308574 0.082651603017542569 7.9457061700677548e-05 -0.15105436416937751 0.14392224235006243 -0.0011604009942112392 0.10650454084262787 -0.063399838939607642 0.028982837957833654 -0.056606535724337145 0.083163307780510107 -0.11185564138633847 -0.0497725440861609 -0.1937924754976742 0.14357936849791086 -0.05195063133839882 -0.026888007401098733 0.041348360456375161 0.16465843969546473 0.096042026282142159 -0.16223566283281227 0.047598401438323876 -0.036178609072730725 0.036969430957212328 -0.21391704891564553 -0.0080487612098208081 -0.093589736004779142
leaf_weight=82 60 51 314 69 43 40 39 38 1202 38 62 366 136 495 56 39 68 51 372 187 105 55 100605 42 37 1796 89 86 394 102 113 53 40 38 77 40 266 194 67 78 37 39 83 71 37 2243 216
leaf_count=82 60 51 314 69 43 40 39 38 1202 38 62 366 136 495 56 39 68 51 372 187 105 55 100605 42 37 1796 89 86 394 102 113 53 40 38 77 40 266 194 67 78 37 39 83 71 37 2243 216
internal_value=-1.09495e-06 0.00496865 0.00397792 0.00555981 -0.0394195 -0.0703117 0.00419013 0.0135449 -0.00275422 0.0176029 0.0672601 0.0116674 -0.0140512 0.0251202 0.0305974 -0.0633254 0.0623649 -0.00630472 -0.00898333 -0.0257307 -0.00180753 0.0406122 -0.000181817 -0.00434209 0.0159505 -0.00848527 0.011306 0.0181844 0.0263237 -0.0469405 -0.0341086 0.00691275 0.0483077 -0.094375 0.0170752 0.076706 0.00644846 -0.00541014 0.00612345 0.0652491 0.0216109 -0.0547659 -0.0135928 -0.0176243 -0.0916108 -0.0140969 -0.0612522
internal_weight=110811 3886 3826 3692 134 91 3623 1544 2079 1467 156 1311 450 861 118 77 107 1972 1866 559 1307 106 106925 6320 1071 5249 1034 952 866 388 346 206 153 140 777 117 660 4861 2017 221 154 76 2844 2650 120 2530 287
internal_count=110811 3886 3826 3692 134 91 3623 1544 2079 1467 156 1311 450 861 118 77 107 1972 1866 559 1307 106 106925 6320 1071 5249 1034 952 866 388 346 206 153 140 777 117 660 4861 2017 221 154 76 2844 2650 120 2530 287
is_linear=0
shrinkage=0.0970268


Tree=127
num_leaves=48
num_cat=0
split_feature=0 6 1 9 1 6 4 9 5 9 4 2 7 1 5 4 7 4 2 2 1 9 2 6 4 2 4 0 4 0 4 7 4 4 6 0 9 0 2 6 7 5 2 2 0 9 5
split_gain=10.7442 44.3188 39.2945 39.6698 33.2247 30.8958 42.4147 38.7957 29.4507 21.7478 22.8712 17.9964 25.3793 18.3942 17.4649 16.3037 13.2011 28.6971 28.7804 43.2988 47.3926 39.6014 33.7587 22.3243 18.3124 13.6251 45.3206 23.9257 22.2889 15.102 29.0357 19.293 20.9536 13.3513 18.2435 43.6738 21.6849 41.903 26.6566 21.0137 21.9458 13.0623 76.1656 71.2798 95.1714 80.4075 57.2311
threshold=0.96475000000000011 -0.025704395309371849 -0.006963023889682199 0.0020836027717366008 0.019811914054329253 0.01312282302128835 -0.030695532482002647 -0.044729341931188847 0.029329672664128403 0.025145067431292353 -0.012185090194689998 -0.062904083691998028 0.0098547505178768514 0.049292746453985202 -0.019756777133535196 0.019943716421292654 -0.14131868294878788 0.043986972928689312 -0.092867031417202942 0.093235856417146365 0.045557988990703811 0.04003451456653126 -0.049500171521901691 -0.071776494748993336 -0.039579590793435641 -0.20260137548602794 0.034444313149233262 -0.93124999999999991 0.076092079706672713 -0.83144999999999991 -0.048811798612725339 -0.044068015676719648 -0.012666343032437148 0.16072840484116965 -0.052953350146050744 0.49445000000000006 -0.032697289104047088 0.70990000000000009 0.073757912339646264 0.059598292638332252 0.014102101358978001 -0.058571778259935488 0.067498221690603308 -0.067251102024118145 -0.89139999999999986 0.046667772270699508 -0.048447054000698396
decision_type=2 2 2 2 2 2 2 2 2 2 2 2 2 2 2 2 2 2 2 2 2 2 2 2 2 2 2 2 2 2 2 2 2 2 2 2 2 2 2 2 2 2 2 2 2 2 2
left_child=16 2 3 -2 -4 7 -7 -3 14 10 -6 -12 13 -13 -8 -10 17 18 23 20 21 22 -20 -1 -25 26 27 -18 -28 -29 -31 -32 -33 41 35 -35 -36 39 -39 40 -38 42 43 -27 -45 -46 -43
right_child=1 5 4 -5 9 6 8 -9 15 -11 11 12 -14 -15 -16 -17 25 -19 19 -21 -22 -23 -24 24 -26 33 28 29 -30 30 31 32 -34 34 36 -37 37 38 -40 -41 -42 46 -44 44 45 -47 -48
leaf_value=-0.048971972638017579 -0.0042039971517021171 -0.042540949819193867 0.048130795997171766 -0.14259511386564117 0.028018435075709076 -0.085917523114300051 0.016740110308120906 0.061817241006934372 -0.072311558663937722 0.023829652756428631 0.010332503996800991 -0.14629309996253578 -0.0074476978535218431 -0.056519778920482232 0.075265872758876973 0.0052918321844033431 0.10846974830827154 0.051817792957809243 -0.012089134904093088 0.027246089645867281 0.024434345580635987 -0.1742761089600858 -0.11749047245067662 -0.0024460447266855391 0.085837857398781497 -0.0052841348326942931 -0.073494695767196042 -0.029988499954378724 0.016427761065738882 0.09652775251078563 -0.033533936891660475 -0.020513212534659965 0.060633882090845713 -0.079714935137383494 -0.029568816063928364 0.040681696798100325 0.12460789307912143 0.038044062317079221 -0.077724739624112471 0.0047218621698854437 0.046306540877104688 0.010668189274581932 -0.013753612157356409 0.074479711843063762 0.0029203855997400737 0.044083973133549038 -0.0002912621750382071
leaf_weight=39 38 38 99 40 46 41 117 264 38 90 38 38 48 52 82 75 37 50 61 60 42 40 54 47 41 6251 64 39 43 55 52 43 96 53 48 60 67 37 37 40 70 4725 4292 209 3975 503 88437
leaf_count=39 38 38 99 40 46 41 117 264 38 90 38 38 48 52 82 75 37 50 61 60 42 40 54 47 41 6251 64 39 43 55 52 43 96 53 48 60 67 37 37 40 70 4725 4292 209 3975 503 88437
internal_value=-1.03953e-06 0.00935147 -0.0127322 -0.0756737 -0.000699853 0.02585 0.00631355 0.0486149 0.018562 -0.0162674 -0.0325787 -0.0484978 -0.0647464 -0.0950277 0.0410098 -0.0208941 -9.87204e-05 -0.0169791 -0.0260077 -0.0446646 -0.0666244 -0.091357 -0.0619084 0.0116972 0.0387935 -3.15028e-05 0.0172175 0.0354032 -0.0373485 0.0257399 0.0346483 0.0166093 0.0354784 -9.96639e-05 0.0173246 -0.015792 0.0298756 0.0413105 -0.019828 0.0669097 0.0849299 -0.000166046 -0.0028004 0.00149709 0.0105428 0.00754991 0.000264527
internal_weight=110811 1144 489 78 411 655 353 302 312 312 222 176 138 90 199 113 109667 434 384 257 197 155 115 127 88 109233 429 322 107 285 246 191 139 108804 412 113 299 251 74 177 137 108392 15230 10938 4687 4478 93162
internal_count=110811 1144 489 78 411 655 353 302 312 312 222 176 138 90 199 113 109667 434 384 257 197 155 115 127 88 109233 429 322 107 285 246 191 139 108804 412 113 299 251 74 177 137 108392 15230 10938 4687 4478 93162
is_linear=0
shrinkage=0.0970268


Tree=128
num_leaves=48
num_cat=0
split_feature=7 9 6 9 3 0 5 5 3 6 5 7 7 6 3 1 5 1 1 7 3 4 7 7 0 5 9 7 4 6 4 9 0 0 0 9 1 1 5 5 4 9 1 1 4 1 3
split_gain=10.2386 46.0103 45.7576 70.2161 62.0813 66.317 92.4834 93.5416 63.6072 62.9307 54.7531 51.431 73.3812 114.432 99.6981 83.6245 66.8142 59.5577 89.7109 83.8492 58.347 64.0239 50.0346 53.1232 77.536 51.8258 49.9958 56.6155 61.6771 74.3442 61.7823 47.9541 64.08 59.8376 47.081 46.0346 57.3308 75.9027 44.8927 91.0169 75.0512 60.5226 56.1061 47.386 43.9848 47.4041 43.1516
threshold=0.013634829038544802 -0.13460964807781728 -0.050798421671469793 0.14512608310463124 -0.018727755192716997 -0.86364999999999992 -0.053761832459276092 0.031347900195552704 -0.0094245490884503486 -0.094228828173285387 -0.1441432172832007 0.014926716464409651 0.018886018254594805 -0.055055693942660744 -0.027657507117706346 0.020312486113742253 0.028030629676504104 -0.034684865799351546 -0.0010147927478828997 0.071292518634747268 -0.023280096730588448 -0.0086090722231190967 0.033191085322249507 0.031442314973884104 0.79660000000000009 0.041940620523972703 0.095511689039435951 0.06476296255140436 -0.016509357246211099 0.015023399779198601 0.040772024051045859 -0.010190132763321499 0.91975000000000007 -0.80189999999999995 -0.90994999999999993 0.05516564797992491 -0.093672532763851041 -0.049676999189882297 0.015307926922273151 0.014685993180386303 -0.11688891795680724 0.08555634016996716 -0.14225944842784791 -0.034684865799351546 0.10473253066218606 -0.054546037093781093 0.064148750514127967
decision_type=2 2 2 2 2 2 2 2 2 2 2 2 2 2 2 2 2 2 2 2 2 2 2 2 2 2 2 2 2 2 2 2 2 2 2 2 2 2 2 2 2 2 2 2 2 2 2
left_child=-1 -2 4 22 11 6 -6 8 -8 -10 -7 -3 13 14 15 -13 20 19 -19 -18 21 -14 23 35 -25 -26 38 -28 29 -29 -30 32 33 -12 -9 46 -37 -38 39 41 43 -24 -42 -40 45 -33 -4
right_child=1 2 3 -5 5 10 7 34 9 -11 31 12 16 -15 -16 -17 17 18 -20 -21 -22 -23 26 24 25 -27 27 28 30 -31 -32 44 -34 -35 -36 36 37 -39 40 -41 42 -43 -44 -45 -46 -47 -48
leaf_value=-0.00071166540311666938 0.049059480972084034 0.076687494926292926 0.0090397357468954154 -0.066722998107896003 0.070431470270290647 -0.10789205819757293 0.014570890205795439 0.075788376962163589 -0.21304149367518438 -0.086312821057291184 0.068399626466944197 -0.023932941200993707 0.026730048330759756 -0.19625933274813245 -0.13237172456861845 0.12951555529941045 -0.15596820501606884 0.066379351024765609 -0.035598099909281589 0.020121793506583364 0.059887841389061121 -0.0060596690119609081 -0.003867101123900458 0.039909474108197923 -0.00076571857886051267 -0.12714177184467348 0.059141852361439561 0.07687084293282867 -0.10451938334924542 -0.064823376787528739 0.02864116912935832 -0.049102843351019963 0.034317927406712766 -0.027478264408943614 -0.060874875016498894 -0.10667490004130176 0.06565287175935583 -0.017029040406219442 -0.00032879014012332855 -0.12049306903306928 -0.071671775181363043 -0.067361053090692458 0.0074644278560322044 -0.092971726326280049 0.064001133858987924 0.0015898846221600645 -0.014441325561803922
leaf_weight=70110 188 92 11005 136 55 51 46 57 45 209 63 119 1054 40 54 46 66 112 292 41 237 1196 9823 872 117 41 278 124 80 48 55 185 194 1798 40 58 117 950 93 64 85 143 6590 118 99 2736 789
leaf_count=70110 188 92 11005 136 55 51 46 57 45 209 63 119 1054 40 54 46 66 112 292 41 237 1196 9823 872 117 41 278 124 80 48 55 185 194 1798 40 58 117 950 93 64 85 143 6590 118 99 2736 789
internal_value=-9.69275e-07 0.00122302 0.0010003 0.00273402 -0.00513286 -0.0114026 -0.0470174 -0.0633689 -0.0901248 -0.109114 -0.00825681 0.00530726 0.00327857 -0.0462238 -0.018456 0.0190103 0.00756406 -0.0243711 -0.00726488 -0.0885931 0.0141324 0.00929851 0.00303555 0.00737037 0.0285742 -0.033867 -0.000419032 0.0274567 -0.00124687 0.0372134 -0.0502798 -0.00724492 -0.018677 -0.0242129 0.0193183 0.00567825 -0.0130686 -0.00793188 -0.00138425 -0.00552613 0.00464736 -0.00478188 0.00645089 -0.0522637 0.000532678 -0.00162413 0.00746765
internal_weight=110811 40701 40513 31586 8927 5578 452 397 300 254 5126 3349 3257 259 219 165 2998 511 404 107 2487 2250 31450 13949 1030 158 17501 585 307 172 135 5075 2055 1861 97 12919 1125 1067 16916 10030 6886 9966 6675 211 3020 2921 11794
internal_count=110811 40701 40513 31586 8927 5578 452 397 300 254 5126 3349 3257 259 219 165 2998 511 404 107 2487 2250 31450 13949 1030 158 17501 585 307 172 135 5075 2055 1861 97 12919 1125 1067 16916 10030 6886 9966 6675 211 3020 2921 11794
is_linear=0
shrinkage=0.0970268


Tree=129
num_leaves=48
num_cat=0
split_feature=2 8 9 9 4 6 8 4 2 7 8 1 4 7 7 7 1 0 8 0 6 6 6 2 9 9 4 7 8 9 1 9 1 8 9 8 6 2 6 8 8 9 6 7 8 6 6
split_gain=9.67438 42.7684 44.015 53.0899 47.0602 36.9659 33.8124 31.4473 76.2744 57.9592 58.6696 62.9452 56.4925 55.844 49.993 55.5601 43.1049 48.1753 34.075 32.7388 45.7387 37.5141 41.1826 32.6118 31.3109 42.1845 31.3042 29.7583 27.5157 24.6498 24.0646 20.1438 17.013 38.1989 114.697 114.855 90.0881 135.303 145.328 84.3779 76.5702 70.8367 91.0736 98.166 91.0326 71.7585 100.396
threshold=0.2267042923305376 -0.10742709131411114 0.017002221839542003 0.051083644951331754 0.024697481547703102 0.0078371455206049014 0.15284858503778329 -0.060994170341630592 0.24244760119426953 0.05593522980630896 0.092572173936269916 -0.043122811708249692 -0.090166730873787779 -0.038584355920130743 -0.024742706626761698 -0.0015260381320967998 -0.033951265674093546 -0.45819999999999994 0.056108528009499954 0.72720000000000018 -0.028427146051390597 0.0032962987332410005 0.024625607837935704 0.25269711691732732 0.10994557259447872 0.064538379485212419 0.054702812461245205 -0.029645303037379746 0.010947161251270002 -0.048172911599818943 0.065495788473799318 -0.017150641286812148 -0.045819074632108395 0.034166496944118753 0.091931186692319714 0.036136025331986253 0.016198139235758503 -0.058464359534638098 0.055944067633863011 0.085636336890669254 0.035439392551654757 0.010511506568458902 -0.0064870444723706495 -0.036610024597338288 0.10845031373917167 0.011299098060880501 -0.018953114610829897
decision_type=2 2 2 2 2 2 2 2 2 2 2 2 2 2 2 2 2 2 2 2 2 2 2 2 2 2 2 2 2 2 2 2 2 2 2 2 2 2 2 2 2 2 2 2 2 2 2
left_child=32 2 4 26 -2 -5 7 8 12 10 13 -12 -3 18 27 -16 17 -11 23 20 -10 -22 -23 -9 25 28 -4 -15 -18 -13 -31 -8 33 -1 35 40 41 38 39 -38 -35 45 44 -44 -43 46 -37
right_child=1 6 3 5 -6 -7 31 9 19 16 11 29 -14 14 15 -17 24 -19 -20 -21 21 22 -24 -25 -26 -27 -28 -29 -30 30 -32 -33 -34 34 -36 36 37 -39 -40 -41 -42 42 43 -45 -46 -47 -48
leaf_value=-4.4810085855733716e-05 -0.055023825541473476 0.025647609383273425 -0.17830245415230742 0.039937922204386966 0.072284025171755098 -0.064431467292127773 -0.10513750996055055 -0.071163906803511756 -0.092860565338134762 -0.0034295470040260562 0.15251769972783488 -0.038889254284722667 0.15240668546043895 0.030913533872597928 -0.020364942247786615 0.021931123511043097 -0.047474129290426173 -0.14951301908227227 0.040138569221499568 0.067198841008015001 0.08285262717822571 -0.1007988324600097 0.015829425408498469 -0.011166288390945982 -0.094568720386665417 0.069018207885707492 -0.053469864137074642 0.10765556724116819 0.021518734734491934 0.077331351394522255 -0.011546142608334911 -0.0098357535224331029 0.00040822958924351674 -0.038108771643840765 0.082882792937422636 0.02062284826019067 -0.16603955578971477 -0.0097805631835250657 -0.01942690769503715 -0.046966305077511102 -0.1602996619126891 -0.043615577110192427 0.13986668652592174 -0.0011286033877035617 0.08294788956077799 0.088263360928652779 -0.026160719405778181
leaf_weight=13823 46 61 40 58 66 70 37 148 48 37 52 37 73 126 426 929 136 50 64 69 52 37 119 202 37 64 37 77 90 93 41 48 88000 136 123 1475 154 1365 273 89 75 782 59 213 57 107 610
leaf_count=13823 46 61 40 58 66 70 37 148 48 37 52 37 73 126 426 929 136 50 64 69 52 37 119 202 37 64 37 77 90 93 41 48 88000 136 123 1475 154 1365 273 89 75 782 59 213 57 107 610
internal_value=-1.24909e-06 0.00504066 -0.0289015 -0.0555975 0.0199046 -0.0170912 0.00845949 0.0101372 0.0335499 0.00600994 0.0122941 0.0594235 0.095031 0.00694839 0.0153688 0.00862463 -0.0272647 -0.0878049 -0.0247012 0.00808273 -0.0078986 0.0118108 -0.0119691 -0.0366177 -0.0110379 -0.000227812 -0.11905 0.0602295 -0.0199694 0.0307571 0.0501176 -0.0517399 -0.000164343 -0.00276993 -0.00959438 -0.0117107 -0.00884912 -0.025796 -0.0681024 -0.122622 -0.0818165 0.0008011 -0.0191502 0.0295889 -0.0349691 0.0109192 0.00692864
internal_weight=110811 3470 317 205 112 128 3153 3068 459 2609 2195 223 134 1972 1558 1355 414 87 414 325 256 208 156 350 327 290 77 203 226 171 134 85 107341 19341 5518 5395 5184 1881 516 243 211 3303 1111 272 839 2192 2085
internal_count=110811 3470 317 205 112 128 3153 3068 459 2609 2195 223 134 1972 1558 1355 414 87 414 325 256 208 156 350 327 290 77 203 226 171 134 85 107341 19341 5518 5395 5184 1881 516 243 211 3303 1111 272 839 2192 2085
is_linear=0
shrinkage=0.0970268


Tree=130
num_leaves=48
num_cat=0
split_feature=3 0 7 7 5 4 4 9 6 7 2 2 7 4 6 2 3 3 3 0 4 4 4 5 0 2 0 6 6 6 2 6 7 9 6 5 2 7 2 2 6 5 0 6 2 7 7
split_gain=10.0277 44.7257 78.3509 75.877 84.6169 70.5161 112.952 106.009 122.024 70.6913 62.8477 56.8047 108.317 169.284 94.4088 81.1856 78.5116 72.0909 67.9157 66.9889 110.119 121.363 114.343 56.1475 80.0447 70.911 68.9667 56.0593 79.3179 71.8743 69.4126 89.1226 58.3887 53.6002 96.3044 81.778 50.2797 49.0964 48.371 55.9391 47.99 54.7552 65.2529 45.126 41.705 41.3076 58.0796
threshold=-0.030776207317564096 -0.47649999999999998 0.05593522980630896 0.06070177414684786 -0.0029006298167118497 -0.11688891795680724 -0.044853686502568442 -0.067141298367751387 -0.027857127141151249 0.093339623577784414 -0.06855066784985929 -0.05229940136752604 0.040228363842722957 -0.080503657972338785 0.059598292638332252 -0.048917904234424846 -0.038001164013311946 -0.034863905867948644 -0.064555988206008136 -0.75764999999999982 0.0046389072738198507 0.033802499164147307 -0.016509357246211099 0.047795594144154761 -0.84004999999999985 -0.10682896109224828 -0.80719999999999992 -0.10448051949505939 -0.12540519002426134 -0.089855702594301784 -0.055946555025681792 -0.023052484926141998 -0.046618080012692645 0.025621113949828703 0.030566487320726303 0.093828750910579212 0.073757912339646264 0.046011906146956862 0.0012141272189985003 0.03941418630084096 0.017364970334903151 0.015934443586919051 -0.85564999999999991 0.081239476186472412 -0.033372561083813847 -0.10240213885675449 -0.09800581402679738
decision_type=2 2 2 2 2 2 2 2 2 2 2 2 2 2 2 2 2 2 2 2 2 2 2 2 2 2 2 2 2 2 2 2 2 2 2 2 2 2 2 2 2 2 2 2 2 2 2
left_child=1 2 11 4 44 10 40 -8 9 -9 -5 12 27 -14 15 16 18 38 -13 33 22 -22 -21 24 25 -15 -25 28 -1 -29 32 -32 -31 35 -35 -17 -12 -26 43 -40 41 42 -7 -16 -4 -3 -47
right_child=-2 45 3 5 -6 6 7 8 -10 -11 36 14 13 23 17 19 -18 -19 -20 20 21 -23 -24 26 37 -27 -28 29 -30 30 31 -33 -34 34 -36 -37 -38 -39 39 -41 -42 -43 -44 -45 -46 46 -48
leaf_value=0.004705631186141381 0.0005030197799428133 -0.025247027297845493 0.07852011899356591 0.024916310976431242 0.0074673651223996097 0.18512844074412466 -0.14992175962680809 0.10584693551155645 -0.039034801172281093 -0.037756729920617869 -0.18862311215793393 0.11131939314077953 0.08644050428236813 -0.035778445573651479 -0.063459506730708173 0.023311020406539693 0.17627001776899118 0.072588256152603281 -0.025213092745424132 -0.014121734750841055 -0.09257215284248746 -0.008958186762674519 0.062840723777350241 -0.079557006442754832 -0.073785928148267316 -0.18412035257415368 -0.25504421501358515 0.087855055806268401 -0.17210202187567511 -0.050273440569199759 -0.15422116947549194 -0.013564815514772594 -0.0050547961043758355 -0.026999298515518549 0.085956940510708027 -0.077004417329815333 -0.037948094177426006 0.042080334640648143 -0.14667959887235507 -0.052173720716574147 0.0066461785677317817 0.026109818904010873 0.058667917308025758 0.070666106489300454 0.21669955589247331 0.080754382168934075 0.0018880713639414029
leaf_weight=46 85332 528 44 52 84 69 49 118 278 44 40 56 58 51 50 1563 44 42 87 808 303 355 234 47 71 76 39 67 49 300 73 101 2566 609 80 80 44 66 85 195 135 114 88 44 40 88 15419
leaf_count=46 85332 528 44 52 84 69 49 118 278 44 40 56 58 51 50 1563 44 42 87 808 303 355 234 47 71 76 39 67 49 300 73 101 2566 609 80 80 44 66 85 195 135 114 88 44 40 88 15419
internal_value=-1.25162e-06 -0.00169046 -0.00698753 0.0161807 0.0765667 0.00630488 0.0162109 -0.0151792 -2.46891e-05 0.0667899 -0.0586679 -0.0103585 -0.0194838 -0.0665476 -0.00324802 0.00109998 0.0635264 -0.0473236 0.0283587 -0.0017993 -0.0164468 -0.0475096 0.00317102 -0.0919992 -0.0695634 -0.124936 -0.160095 -0.0134761 -0.0867481 -0.0112214 -0.0134198 -0.0728571 -0.00979795 0.00887565 -0.0138263 0.0184025 -0.110387 -0.0179419 -0.0608804 -0.081072 0.0540177 0.0775355 0.114649 -0.000544665 0.145177 0.00142885 0.00233839
internal_weight=110811 25479 9444 1199 168 1031 895 489 440 162 136 8245 3610 408 4635 4219 187 416 143 4032 1700 658 1042 350 264 127 86 3202 95 3107 3040 174 2866 2332 689 1643 84 137 374 280 406 271 157 94 84 16035 15507
internal_count=110811 25479 9444 1199 168 1031 895 489 440 162 136 8245 3610 408 4635 4219 187 416 143 4032 1700 658 1042 350 264 127 86 3202 95 3107 3040 174 2866 2332 689 1643 84 137 374 280 406 271 157 94 84 16035 15507
is_linear=0
shrinkage=0.0970268


Tree=131
num_leaves=48
num_cat=0
split_feature=7 6 6 1 1 5 9 1 8 7 0 5 8 9 1 9 0 0 5 8 3 9 8 8 8 3 0 0 1 9 9 8 1 0 1 8 3 8 9 6 3 0 9 1 6 7 9
split_gain=9.62707 21.8027 34.259 46.8594 63.2844 41.0092 60.9322 53.2 59.876 51.9944 56.4986 41.4857 41.4054 47.1015 40.3165 36.114 33.4474 40.7793 31.6538 30.741 37.4119 29.7527 28.6227 54.9603 34.5879 31.7534 33.2369 27.1042 26.6543 23.8296 23.231 23.1658 20.5157 20.4822 19.0095 18.3609 32.2523 43.7969 20.8235 32.1058 17.4225 32.1514 17.0035 30.7515 20.1185 16.9649 16.2885
threshold=0.08225069400377126 0.040600851217534602 -0.005964897038093349 0.050008317568162056 0.071834311008968615 0.042955413539179511 0.045061002988820854 0.013825348847855251 -0.088985300486329535 0.10332497346923532 -0.73484999999999989 0.11956118293705177 -0.032573852171360544 0.016554207945642354 -0.038400346959895491 0.024195610504655702 -0.96374999999999988 -0.89814999999999989 0.05186478119257356 -0.047342504378506893 -0.032435441913664896 -0.011030411509313947 -0.054093450323365641 -0.043372761206445593 -0.037802299367547039 -0.11763871127020718 -0.77804999999999991 -0.55789999999999995 -0.0089717381877628486 0.082957297380862258 0.0134830252621319 0.026801450003916354 0.0062391604819923008 1.0000000180025095e-35 0.0081466362428805009 -0.05166673925610684 0.06234585811946361 0.0070559166237428505 0.032332685491219808 0.063419403229069207 0.025918838091008155 -0.62474999999999992 0.014818901220761202 -0.0044783415250820987 -0.032867586610028844 0.11061197337159466 -0.030424801288873097
decision_type=2 2 2 2 2 2 2 2 2 2 2 2 2 2 2 2 2 2 2 2 2 2 2 2 2 2 2 2 2 2 2 2 2 2 2 2 2 2 2 2 2 2 2 2 2 2 2
left_child=-1 2 3 22 19 7 11 9 -9 12 -11 14 -4 21 -7 31 45 18 32 -5 -21 -14 29 -24 -25 -26 -27 -6 -8 42 46 -10 -18 -12 -16 38 37 -37 39 -19 41 -39 44 -44 -2 -3 -22
right_child=1 16 5 4 27 6 28 8 15 10 33 -13 13 -15 34 -17 17 35 -20 20 30 -23 23 24 25 26 -28 -29 -30 -31 -32 -33 -34 -35 -36 36 -38 40 -40 -41 -42 -43 43 -45 -46 -47 -48
leaf_value=-0.00017378196455975316 0.015285314410216544 0.0027761442582593587 -0.14475585124213744 0.015714690323431764 -0.047153486391823776 0.086429137915926088 0.14387286776437436 -0.1035945245434617 0.034602105510262132 0.068026753892658803 -0.10255346395809435 -0.096192709847330679 -0.054677527170401058 -0.1267515352993101 -0.065686300813472889 0.084517728362340255 0.14509972781156086 0.075223340859945489 0.0046925706222186482 -0.15640786157774747 -0.043284629326637257 0.049458887228365681 -0.074441233197068815 0.10238950985017094 0.077074858116711942 -0.017535026899245732 0.016588793679509536 0.029323133370169535 0.02911481345408241 0.10111459429709441 -0.00088728021750220717 -0.048572495691377192 0.051236519811341537 -0.0046874150135676118 0.020261132084931733 0.071653173413673263 0.11198879418071943 0.066191081704130197 -0.07324790149978827 -0.03219225412191988 -0.067386740407413631 -0.034222186982721545 -0.062178885879457128 0.05832679817270895 0.11036941596585925 -0.083535574606605489 -0.13053388212181818
leaf_weight=106925 47 48 66 43 55 46 40 38 71 58 43 43 71 55 49 70 55 42 41 41 46 40 69 40 66 352 1129 204 37 57 54 56 38 38 47 88 38 49 39 68 41 76 41 38 38 38 37
leaf_count=106925 47 48 66 43 55 46 40 38 71 58 43 43 71 55 49 70 55 42 41 41 46 40 69 40 66 352 1129 204 37 57 54 56 38 38 47 88 38 49 39 68 41 76 41 38 38 38 37
internal_value=-1.2819e-06 0.00474227 0.00144786 0.0075191 -0.0195146 -0.0150233 0.0170102 -0.0288901 0.00719266 -0.0517529 -0.00472519 -0.0131636 -0.0798301 -0.0536618 0.012123 0.0287838 0.0207905 0.0292416 0.0760494 -0.0576112 -0.0753718 -0.0170233 0.0144401 0.0100494 0.0137474 0.0114224 0.00846945 0.0129975 0.089304 0.0472174 -0.0506505 -0.00203999 0.107247 -0.0570144 -0.0236069 0.0149393 0.0290772 0.016473 -0.0127093 0.00886708 -0.0128303 0.00515578 0.028219 -0.00409607 0.058234 -0.0354747 -0.0827492
internal_weight=110811 3886 3225 2357 480 868 262 606 235 371 139 185 232 166 142 197 661 575 134 221 178 111 1877 1656 1587 1547 1481 259 77 221 137 127 93 81 96 441 292 254 149 110 166 125 164 79 85 86 83
internal_count=110811 3886 3225 2357 480 868 262 606 235 371 139 185 232 166 142 197 661 575 134 221 178 111 1877 1656 1587 1547 1481 259 77 221 137 127 93 81 96 441 292 254 149 110 166 125 164 79 85 86 83
is_linear=0
shrinkage=0.0970268


Tree=132
num_leaves=48
num_cat=0
split_feature=8 6 3 5 6 5 5 3 7 5 7 9 2 5 6 7 6 3 6 7 7 2 0 0 2 9 7 5 5 9 9 3 5 5 2 2 8 6 5 5 0 3 7 3 3 0 5
split_gain=9.36101 22.2042 32.6555 32.2223 23.1036 65.526 34.9769 33.2725 31.1183 28.3304 18.4389 15.7183 16.0743 15.4066 19.2978 20.395 11.9057 35.9677 73.693 35.0405 82.9289 44.045 74.4606 63.2013 74.2691 78.0237 60.2024 48.0958 123.849 42.075 38.1967 38.1855 35.1856 79.6374 83.9968 110.962 79.3406 47.809 44.631 41.984 80.5225 62.2585 61.6411 50.5839 49.2943 30.3046 29.9381
threshold=0.18320225866052992 0.018734057918436704 0.023717075115344353 0.013523990410904402 0.10399567262603616 -0.037904189983701798 0.038350382520869607 0.0099227034560154508 -0.0018786184531011999 0.039204377414098303 -0.00076368615081854989 0.022220070859312605 -0.13201138305391497 -0.039815345904330494 0.067971776550280708 0.013634829038544802 0.034612091758803705 0.10525850206223876 0.062060404716679861 -0.039348472633845243 -0.034021272143954444 -0.057249291409967339 0.67085000000000006 0.57195000000000007 0.027897564576369851 0.012146067248008601 -0.03594534127811929 -0.040544960095568038 -0.095873023297945531 0.023683556086155206 -0.013510453389806798 -0.027173662711741046 -0.062141196798233996 -0.065632037704277987 0.10275012029562196 0.027897564576369851 0.094386076973428421 0.092309441303198222 -0.093127398655208388 0.0086866589146874004 -0.98114999999999986 -0.018290733920946246 -0.031465894177249092 0.084152524140046411 -0.034327305991221545 -0.89814999999999989 -0.090661455407631292
decision_type=2 2 2 2 2 2 2 2 2 2 2 2 2 2 2 2 2 2 2 2 2 2 2 2 2 2 2 2 2 2 2 2 2 2 2 2 2 2 2 2 2 2 2 2 2 2 2
left_child=16 2 3 -2 6 -6 11 9 -8 -7 -9 12 -3 -14 -15 -16 -1 19 45 46 21 22 27 24 26 -26 -23 28 -21 30 -25 -29 33 34 35 -22 37 -35 -36 40 -34 -42 44 -44 -41 -19 -18
right_child=1 4 -4 -5 5 7 8 10 -10 -11 -12 -13 13 14 15 -17 17 18 -20 20 32 23 -24 29 25 -27 -28 31 -30 -31 -32 -33 39 36 38 -37 -38 -39 -40 42 41 -43 43 -45 -46 -47 -48
leaf_value=0.00046300522556802271 -0.033520615337637526 -0.032711817985544199 -0.098332291579208045 0.052856232690073918 0.078838196786755715 -0.13161961551049881 0.1459464706995858 -0.040816815811835501 0.033310951952602266 -0.019656723139811812 0.054244014376910288 -0.02995254994061099 -0.0025006869748025536 0.08146681649071294 0.059710788065969085 -0.036509212039324571 -0.015055707060437889 0.1412270581665836 -0.019281488679165053 0.079691452968340723 0.0029062827026827562 -0.081787400914240013 -0.1082340517609653 -0.036176987885460241 0.0012525599486421987 -0.13873601926286541 -0.22726634530548714 0.1247335664270819 -0.10570525887622159 -0.084102422422036333 0.081700885227238854 0.017487961895274507 0.086930112827940373 0.10416452803216844 -0.0047710482820760838 0.075794287364447793 -0.062774552009733295 -0.0078833539386665014 -0.059663534504543397 0.14343281332548424 -0.02462778399387654 -0.0052089508078439015 -0.00015621862869703032 -0.054875023182100663 0.025286577382261088 0.0486025416104649 0.0092892931005174005
leaf_weight=85262 102 37 38 67 61 46 42 37 52 40 39 55 71 92 46 37 551 47 145 55 3227 64 61 46 120 54 47 40 87 43 58 140 79 172 270 209 43 45 289 46 2264 4963 7678 162 119 116 3447
leaf_count=85262 102 37 38 67 61 46 42 37 52 40 39 55 71 92 46 37 551 47 145 55 3227 64 61 46 120 54 47 40 87 43 58 140 79 172 270 209 43 45 289 46 2264 4963 7678 162 119 116 3447
internal_value=-1.13302e-06 0.010068 -0.0175848 0.000714986 0.0188269 -0.00649472 0.031913 -0.0388034 0.084159 -0.079998 0.00787361 0.0172697 0.0265104 0.0354956 0.0509331 0.016739 -8.01972e-05 -0.00195662 0.0309681 -0.00237348 -0.00400297 -0.0343211 -0.0103181 -0.0555497 -0.0821721 -0.0423679 -0.144092 0.00831895 -0.0338087 -0.0037854 0.0295382 0.0416055 -0.00273892 0.0050647 0.00167326 0.00735118 0.0570536 0.0809159 -0.0331901 -0.00490827 -0.0102263 -0.0112946 -5.31376e-05 -0.00129093 0.0585596 0.0756599 0.00593056
internal_weight=110811 862 207 169 655 223 432 162 94 86 76 338 283 246 175 83 109949 24687 308 24379 20381 815 383 432 285 174 111 322 142 147 104 180 19566 4255 3995 3436 260 217 559 15311 7306 7227 8005 7840 165 163 3998
internal_count=110811 862 207 169 655 223 432 162 94 86 76 338 283 246 175 83 109949 24687 308 24379 20381 815 383 432 285 174 111 322 142 147 104 180 19566 4255 3995 3436 260 217 559 15311 7306 7227 8005 7840 165 163 3998
is_linear=0
shrinkage=0.0970268


Tree=133
num_leaves=48
num_cat=0
split_feature=1 0 9 4 3 3 3 6 4 4 0 4 5 0 0 5 0 4 4 4 0 4 6 0 3 1 6 6 3 7 7 7 4 3 4 9 5 1 9 0 7 6 7 3 1 6 6
split_gain=9.32159 55.0986 44.3302 29.2932 25.7985 28.7952 17.9324 13.247 23.7346 26.2941 16.7812 31.5727 20.978 16.4169 20.2697 13.3151 64.819 40.5057 50.1927 34.8691 36.6622 51.2801 46.5571 33.7376 23.5546 31.8163 38.2551 27.2543 36.2359 22.9148 22.563 21.9118 21.6903 22.5477 13.6953 27.6932 46.6766 22.8048 20.8227 47.9672 22.743 38.8383 13.7962 49.1084 52.8085 89.9641 115.598
threshold=0.14678926978451887 0.55785000000000007 0.011345021168158253 0.042363550911077658 -0.014897930880033399 -0.060384456199259397 -0.024182531111656694 0.1777796226144763 -0.028850744153839199 -0.05065988093355394 -0.44024999999999997 0.014421963947464752 -0.080894361179849536 -1.0000000180025095e-35 0.67085000000000006 -0.13463856201376623 0.8226500000000001 -0.03314659041892444 -0.026182659013875498 -0.022937270401440297 -0.27239999999999992 -0.015120989747338448 -0.0090551842055570982 0.92455000000000009 0.056761667711641657 -0.039144089443705697 0.026753184202400353 0.11142375113730567 0.014634885021916151 -0.0051118010775125988 -0.019336317272619197 -0.020683376266956297 -0.027757079694464299 0.023717075115344353 -0.15353276532407442 -0.025383819001118097 -0.017270520361984749 -0.059185804647293748 -0.0031504678499456496 -0.89559999999999984 0.035034385344793105 -0.014853777317753997 0.013634829038544802 0.048580650556495859 -0.068029734234783937 -0.066321557817352286 -0.04215061278612129
decision_type=2 2 2 2 2 2 2 2 2 2 2 2 2 2 2 2 2 2 2 2 2 2 2 2 2 2 2 2 2 2 2 2 2 2 2 2 2 2 2 2 2 2 2 2 2 2 2
left_child=7 2 6 4 5 -3 -2 15 9 -9 11 12 -10 -12 -15 16 17 24 29 -20 22 -22 -21 32 25 26 -1 30 -29 -19 -27 -26 -18 -34 35 36 -17 -38 -37 -40 41 -41 43 44 45 -36 -47
right_child=1 3 -4 -5 -6 -7 -8 8 10 -11 13 -13 -14 14 -16 34 23 18 19 20 21 -23 -24 -25 31 27 -28 28 -30 -31 -32 -33 33 -35 42 38 37 -39 39 40 -42 -43 -44 -45 -46 46 -48
leaf_value=0.018699335974542253 -0.022342280782256155 -0.056118694036720485 0.11011342187664133 0.038794827329001177 -0.095145472943927833 0.033259328383995042 0.059945671698317313 -0.019934761492465321 -0.032330091899265029 -0.11963123880562423 0.070020621894598942 -0.076451879641204645 0.062146773653151882 -0.037291153562575105 0.042742653089454775 0.013049144210949274 -0.14582193431319151 -0.13842963410289816 0.082708929113093868 0.013976897732968927 -0.10364224129766052 0.013181662435798045 -0.070690522368790185 0.014088672030798513 0.023089021471175482 -0.036933074741879644 0.15570511394282802 0.12332252843394539 0.0059836696027159948 -0.033225040317495388 0.022363375927505827 -0.073264490070353475 -0.010594084435249129 -0.11009223209223799 0.027531010014419641 0.059513010154319645 -0.034684695460384656 -0.13316141608635085 -0.090694838515753148 -0.056070597310014895 0.063115937471713374 0.067169042743986912 0.0016484031222199441 0.0063941216797217806 -0.00067249742697852717 -0.053343823131627811 -0.0090082643803290306
leaf_weight=40 58 70 78 69 49 65 43 69 47 39 42 67 41 64 55 66 43 41 38 94 38 445 173 38 43 98 37 45 55 38 156 45 43 43 527 48 38 55 53 67 59 37 39538 8245 54629 633 4407
leaf_count=40 58 70 78 69 49 65 43 69 47 39 42 67 41 64 55 66 43 41 38 94 38 445 173 38 43 98 37 45 55 38 156 45 43 43 527 48 38 55 53 67 59 37 39538 8245 54629 633 4407
internal_value=-1.05195e-06 0.0142168 0.0553593 -0.0148989 -0.0351264 -0.0130469 0.012703 -5.68347e-05 -0.0171655 -0.0563441 -0.00368943 -0.0264659 0.011669 0.0181928 -0.000203337 9.11976e-06 -0.00891006 -0.00201417 -0.0148512 -0.00742472 -0.0120474 0.0038897 -0.0408728 -0.0659386 0.0194073 0.0287554 0.0851382 0.0163792 0.0591719 -0.0883828 -0.000501643 -0.0261919 -0.0895531 -0.0607421 0.000137018 -0.0172785 -0.0492128 -0.093358 0.00196723 -0.0108685 0.0151967 -0.0120439 0.000205394 -0.000628095 -0.00159011 -0.0105923 -0.0145824
internal_weight=110811 432 179 253 184 135 101 110379 424 108 316 155 88 161 119 109955 1553 1386 867 788 750 483 267 167 519 431 77 354 100 79 254 88 129 86 108402 423 159 93 264 216 163 104 107979 68441 60196 5567 5040
internal_count=110811 432 179 253 184 135 101 110379 424 108 316 155 88 161 119 109955 1553 1386 867 788 750 483 267 167 519 431 77 354 100 79 254 88 129 86 108402 423 159 93 264 216 163 104 107979 68441 60196 5567 5040
is_linear=0
shrinkage=0.0970268


Tree=134
num_leaves=48
num_cat=0
split_feature=2 5 3 7 0 9 1 2 9 5 2 4 4 3 7 5 4 4 0 0 4 7 1 3 3 3 2 9 7 0 3 2 5 9 4 4 2 5 4 5 0 3 3 7 7 9 2
split_gain=9.93085 31.9038 97.6534 60.9463 59.6011 52.4584 68.2431 75.8998 60.8855 58.9663 45.8749 53.7319 39.9766 66.2559 51.318 36.6348 40.5598 58.5689 49.8544 40.4763 66.6379 56.1896 59.1989 50.9739 47.9567 52.2974 41.4237 39.8778 47.0257 34.6938 43.2623 67.4487 35.6405 34.2689 32.0297 28.8059 51.4997 39.5022 37.4422 28.7957 79.0857 32.3064 48.247 85.5799 137.068 51.4667 64.4082
threshold=-0.12267930713417503 0.019438354217348606 0.049522134067640354 -0.0067663485611202494 0.58635000000000004 -0.0015753530006114996 -0.081646643084545792 -0.13671645205053365 -0.0039656778690080495 0.058519025415882359 -0.12786072227555087 0.0013547622200451503 0.083956405294052558 -0.03668695881755079 0.025036516320670953 0.013523990410904402 0.010682734020678953 0.0074070635974369014 -0.45819999999999994 -0.77804999999999991 -0.068701752432777943 -0.08436367520802239 -0.077769624999195638 -0.0040519328970489996 -0.010937544131991149 0.0036769627243127506 -0.14208978606027103 -0.019026718469520445 -0.024182301337033446 -0.96374999999999988 -0.0086713016488395491 -0.13201138305391497 0.041940620523972703 0.012578530295758701 0.056721917652989305 0.018949402766859854 -0.13420704563369165 0.062265569953762659 0.026941422663261955 -0.12778364816610263 -0.33919999999999995 0.035797039130897913 0.0044383340405927006 0.0012391603315140504 -0.010924158878630947 0.011750007044492103 -0.13936677746106751
decision_type=2 2 2 2 2 2 2 2 2 2 2 2 2 2 2 2 2 2 2 2 2 2 2 2 2 2 2 2 2 2 2 2 2 2 2 2 2 2 2 2 2 2 2 2 2 2 2
left_child=1 15 4 -4 5 6 7 9 12 -3 29 -12 14 -14 -8 16 17 19 -19 21 -21 -1 -23 -24 26 -26 -22 -17 -29 -7 31 -31 -32 -30 -13 36 37 -6 -37 40 -18 42 45 44 -44 -41 -47
right_child=-2 2 3 -5 35 10 8 -9 -10 -11 11 34 13 -15 -16 27 39 18 -20 20 24 22 23 -25 25 -27 -28 28 33 30 32 -33 -34 -35 -36 38 -38 -39 -40 41 -42 -43 43 -45 -46 46 -48
leaf_value=-0.10971732526216228 -0.00027006844694026533 0.080576111192397742 -0.011786782543040688 -0.13981401569925567 0.042049458481071729 -0.024995720672457374 -0.0051918787611756768 0.18022256773510298 -0.11922567175749922 -0.066871967694886569 -0.095760194031478021 0.079764957616037024 -0.13818985268985054 0.010150398061748656 0.042100304358083443 0.011787956222943336 -0.14743532051962008 0.12890212494551068 0.0035816717046105984 0.059162487727018098 0.0087486074396437782 -0.10204027929039834 -0.022558122227646568 0.019092288437041971 -0.040427870454772627 0.0066072093782460015 0.06428855472372208 0.021053579845067047 -0.041565751199408696 0.063538736817731312 0.078939489061561827 0.17985186618584834 0.0095873499139350355 -0.15667516646447799 -0.03138184379258277 0.071468855291232411 -0.10361907071961614 -0.057466352814585689 -0.005301741868681072 0.01429306945834327 -0.0063108964214569699 0.027719566725616741 -0.032122725032811557 0.0053683462797654994 -0.18556827967893483 0.0015499675466424867 -0.079628319131263808
leaf_weight=50 102065 72 82 61 80 49 536 43 37 39 44 57 45 75 361 87 52 67 54 256 316 56 514 598 284 1022 211 37 44 267 106 57 204 56 42 68 73 70 474 792 131 229 218 264 73 247 146
leaf_count=50 102065 72 82 61 80 49 536 43 37 39 44 57 45 75 361 87 52 67 54 256 316 56 514 598 284 1022 211 37 44 267 106 57 204 56 42 68 73 70 474 792 131 229 218 264 73 247 146
internal_value=-1.09976e-06 0.00313655 0.011367 -0.0667127 0.0153687 0.0240515 0.0111499 0.0713917 0.00231433 0.0286307 0.0428935 -0.00700544 0.00679243 -0.0456875 0.0138415 -0.00103433 0.000509866 0.0070654 0.0732551 0.00463183 0.0128293 -0.00941967 -0.00508045 -0.000152741 0.00634123 -0.00362355 0.0310365 -0.0394716 -0.0720272 0.0533522 0.0594345 0.0842353 0.0334055 -0.106503 0.0325854 -0.00770578 -0.0370278 -0.0043606 0.00436069 -0.00992774 -0.046707 -0.00649557 -0.0110095 -0.0346061 -0.0708588 4.26229e-05 -0.028637
internal_weight=110811 8746 2942 143 2799 2034 1208 154 1054 111 826 143 1017 120 897 5804 5580 3428 121 3307 2089 1218 1168 1112 1833 1306 527 224 137 683 634 324 310 100 99 765 223 150 542 2152 183 1969 1740 555 291 1185 393
internal_count=110811 8746 2942 143 2799 2034 1208 154 1054 111 826 143 1017 120 897 5804 5580 3428 121 3307 2089 1218 1168 1112 1833 1306 527 224 137 683 634 324 310 100 99 765 223 150 542 2152 183 1969 1740 555 291 1185 393
is_linear=0
shrinkage=0.0970268


Tree=135
num_leaves=48
num_cat=0
split_feature=6 2 0 0 8 8 9 9 2 1 7 4 8 8 9 8 6 0 9 1 7 9 6 8 4 7 0 7 9 7 9 9 1 7 8 0 8 4 4 1 4 2 2 4 4 1 9
split_gain=10.0643 91.144 92.1382 99.9693 94.5831 74.7403 67.6857 76.788 66.9672 92.839 87.156 75.4166 65.0082 64.5016 61.6915 59.464 63.5543 73.7247 53.0555 46.0295 62.6011 52.6531 45.867 43.5946 43.0709 91.2203 39.852 37.1094 78.907 49.3505 64.4056 59.1499 62.1691 52.8857 74.923 49.7777 48.7722 47.8152 95.1101 44.2178 43.9626 36.257 34.0593 32.9 31.0902 48.6838 30.7233
threshold=-0.071776494748993336 0.073757912339646264 -0.94714999999999994 -0.92304999999999993 0.066880848446210714 0.0058981344311635009 -0.024870080604437145 -0.025383819001118097 -0.044862229559394791 0.010983882846007752 -0.067757262390685344 0.033802499164147307 0.11096802937252122 0.013119923566158901 -0.00080610914997004989 0.061641368474216911 -0.078284845295899089 0.66010000000000002 0.014368745091709953 -0.068029734234783937 -0.14131868294878788 -0.015306466685540749 -0.092033038725406788 0.025010128426990155 -0.030695532482002647 0.038148433565600909 0.81280000000000008 -0.0084255025660312493 0.046667772270699508 0.0015916102490158002 -0.042376003915205789 -0.013510453389806798 0.061075131271739504 0.023101352936410451 0.029133736221182555 0.3604500000000001 0.027977940733023555 -0.05551447834488369 0.029294212489012855 0.018229900106156004 0.010255899236185102 0.093235856417146365 0.26277688978100083 0.039351971848029556 -0.028850744153839199 0.031027711339089905 -0.057418365117837898
decision_type=2 2 2 2 2 2 2 2 2 2 2 2 2 2 2 2 2 2 2 2 2 2 2 2 2 2 2 2 2 2 2 2 2 2 2 2 2 2 2 2 2 2 2 2 2 2 2
left_child=1 2 4 24 5 -1 7 8 13 10 -10 -11 15 -5 -14 19 26 -18 -16 21 -21 -8 -7 -15 25 -4 -17 28 37 35 39 32 36 34 40 -29 -32 -3 41 -31 -33 -39 -35 -40 -43 -46 -45
right_child=-2 27 3 6 -6 22 12 -9 9 11 -12 -13 14 23 18 16 17 -19 -20 20 -22 -23 -24 -25 -26 -27 -28 29 -30 30 31 33 -34 42 -36 -37 -38 38 43 -41 -42 44 -44 46 45 -47 -48
leaf_value=-0.0083802170528745924 0.0003180431977527616 -0.059000129525726669 0.21579833301934384 -0.032717215718370246 0.042317068712285889 -0.24958922227474206 0.11479251594425487 -0.14491130652290574 -0.17607014064262261 -0.030129640886186915 -0.05184007927028967 0.049749359604993645 0.011179865340201354 0.053929134484905557 -0.18901415186469589 0.03952980335901167 0.0092679167342163398 -0.13381993405603201 -0.053055497519262786 -0.11371083230505373 -0.005031096848793614 0.013775947202708994 -0.10398912794968722 -0.00025466967602646984 0.021344734353786549 0.012308157998109068 -0.006187587986179589 0.0042904154551883277 0.12751310856236753 0.12222922534125219 -0.17514352300725358 -0.027712567110405865 0.033430970481916837 0.038675503779573635 0.062476037182940779 -0.12955529492746259 -0.028515008748641751 0.17082620487165334 -0.083759720209763133 0.024746507933266895 -0.17197499492735013 -0.008715329549084971 -0.050752570158490572 -0.052782815097944441 0.16777248740003697 0.037528608720762226 0.028865801339426764
leaf_weight=38 99006 58 43 574 45 39 55 44 61 453 407 147 81 158 40 798 103 50 84 50 4921 398 45 1186 90 40 231 58 79 76 45 42 46 409 42 47 41 39 38 104 38 39 44 54 46 66 213
leaf_count=38 99006 58 43 574 45 39 55 44 61 453 407 147 81 158 40 798 103 50 84 50 4921 398 45 1186 90 40 231 58 79 76 45 42 46 409 42 47 41 39 38 104 38 39 44 54 46 66 213
internal_value=-1.17313e-06 -0.00267907 -0.00608494 -0.00489029 -0.0774745 -0.121729 -0.00617778 -0.0182412 -0.0163515 -0.0358204 -0.068195 -0.0105229 -0.000809001 -0.00550044 -0.0545632 0.000861074 0.0205779 -0.0376702 -0.0974755 -0.00343517 -0.00613557 0.0261556 -0.172601 0.00612309 0.068133 0.118395 0.0292594 0.018663 0.0370339 0.006939 0.0144003 0.00118184 -0.0572729 0.0146489 -0.0419251 -0.0558104 -0.105823 0.024005 0.0337911 0.066145 -0.0968902 0.0875951 0.0299302 0.000169491 0.0656247 0.0915291 0.0122613
internal_weight=110811 11805 10181 10014 167 122 9841 3030 2986 1068 468 600 6811 1918 205 6606 1182 153 124 5424 4971 453 84 1344 173 83 1029 1624 632 992 887 707 132 575 122 105 86 553 495 180 80 190 453 305 151 112 267
internal_count=110811 11805 10181 10014 167 122 9841 3030 2986 1068 468 600 6811 1918 205 6606 1182 153 124 5424 4971 453 84 1344 173 83 1029 1624 632 992 887 707 132 575 122 105 86 553 495 180 80 190 453 305 151 112 267
is_linear=0
shrinkage=0.0970268


Tree=136
num_leaves=48
num_cat=0
split_feature=6 2 6 0 4 8 9 6 4 4 5 0 9 5 8 4 2 4 2 5 8 2 2 4 2 9 4 8 0 4 4 3 2 4 9 0 8 9 3 3 9 2 2 5 8 2 4
split_gain=9.12867 65.2756 65.0619 109.564 182.904 90.3763 96.2569 102.978 71.2541 68.9284 58.8956 61.8567 72.929 60.0836 46.8677 61.9243 74.1363 66.6422 60.9039 68.839 59.0625 55.0396 42.7571 47.2323 45.9693 67.0703 50.2221 48.0397 62.3578 42.4891 40.4377 39.9982 38.0644 36.9194 33.4467 32.9354 32.8102 30.9588 30.291 40.4373 57.1223 41.1558 36.8587 28.6822 27.2865 26.3394 39.4837
threshold=-0.094228828173285387 -0.034998678087981891 -0.10177891738750298 -1.0000000180025095e-35 0.058951670760192802 0.062587273729508008 -0.032140619575440843 -0.099038535651871581 0.06674470763089721 -0.023426825148863444 0.012985596000153402 0.62535000000000018 -0.028123431504562198 0.0055626408540700506 0.0082059095705291022 -0.014187407861517148 -0.08748175022996374 -0.0040078979668783489 -0.057891413705310091 -0.027581098768560148 -0.013913882252674998 -0.051159864496574996 0.13553097061586228 0.03787868221436471 0.10275012029562196 -0.093325357103541742 0.014421963947464752 -0.00059863951889184994 -1.0000000180025095e-35 -0.0099521616891134479 -0.046410671377038144 -0.013261733837876948 -0.039719878089841593 0.049840348538959606 -0.0097437376806924995 -0.17699999999999996 0.036746886502257152 -0.035907123437969542 -0.089219937498871346 -0.054317581960501286 0.00080144080836265009 -0.065356263075296989 -0.07125389273233608 -0.041250738774449743 0.062587273729508008 -0.10457222095505159 -0.037504484479936144
decision_type=2 2 2 2 2 2 2 2 2 2 2 2 2 2 2 2 2 2 2 2 2 2 2 2 2 2 2 2 2 2 2 2 2 2 2 2 2 2 2 2 2 2 2 2 2 2 2
left_child=1 2 14 4 5 6 -4 -8 45 -9 13 -12 -13 22 15 30 20 -18 38 21 33 34 24 -24 25 -3 -26 29 -29 -27 35 -25 -21 -17 -20 -1 -23 -38 -16 40 44 42 -41 -32 -40 -5 -47
right_child=-2 10 3 8 -6 -7 7 9 -10 -11 11 12 -14 -15 18 16 17 -19 19 32 -22 36 23 31 26 27 -28 28 -30 -31 43 -33 -34 -35 -36 -37 37 -39 39 41 -42 -43 -44 -45 -46 46 -48
leaf_value=-0.075778406482330501 0.00020334067620610935 -0.092395936630920675 -0.2650470983833505 -0.05861371194366978 0.11251828953576797 -0.0091272707799713946 -0.20085434120023371 0.036220401575341184 -0.10079671639042373 -0.11069618274786834 0.10506901887363927 -0.076606386719153471 0.082260864118213831 -0.09136484235751921 0.064176136930247846 -0.10235844238942593 -0.12357249912176725 -0.0028376726472212413 -0.15394623868231097 0.025177347966735361 -0.16775148729820535 -0.086427890121265005 0.086366644344954321 0.053359681309911006 0.0018271286844247167 0.10950586897781268 -0.1237432139400033 -0.05069048744095847 0.017876109074472096 0.025252334084157096 -0.008066434193227702 -0.050629322761923168 -0.065877080666108506 0.010549234993073002 -0.04008110976010746 0.034973338443696066 -0.061385408872294253 0.021784372932592101 -0.035956287313760812 0.013687159603901523 -0.1041433043241496 0.049205878740856711 -0.034248790526997981 0.083473208060719631 0.07567030319863309 0.096230652895142252 0.0053963226497965328
leaf_weight=60 105129 59 42 47 42 74 65 51 63 72 122 53 55 58 100 59 49 335 64 270 65 64 128 74 65 70 55 180 405 287 50 65 51 50 40 43 63 125 44 1012 68 259 177 89 38 52 323
leaf_count=60 105129 59 42 47 42 74 65 51 63 72 122 53 55 58 100 59 49 335 64 270 65 64 128 74 65 70 55 180 405 287 50 65 51 50 40 43 63 125 44 1012 68 259 177 89 38 52 323
internal_value=-1.31797e-06 -0.00378929 -0.0105169 -0.0346809 -0.0763589 -0.102603 -0.132566 -0.102398 -0.00488854 -0.0497885 0.0122843 0.0578468 0.00421839 0.00501612 -0.00418578 -0.0244919 -0.0422643 -0.0183857 0.0026534 -0.0219402 -0.0947385 -0.0512987 0.00907653 0.0439383 0.000751611 0.00757026 -0.0558794 0.0138795 -0.0032267 0.0419073 0.0164517 0.00465956 0.0106151 -0.0506394 -0.110576 -0.0294986 -0.0266556 -0.00611183 0.0124674 0.00920982 -0.0386609 0.0141849 0.0065339 0.0505537 0.0157827 0.00949334 0.0181098
internal_weight=110811 5682 4006 831 346 304 230 188 485 123 1676 230 108 1446 3175 800 558 384 2375 677 174 356 1388 267 1121 1001 120 942 585 357 242 139 321 109 104 103 252 188 1698 1598 150 1448 1189 139 82 422 375
internal_count=110811 5682 4006 831 346 304 230 188 485 123 1676 230 108 1446 3175 800 558 384 2375 677 174 356 1388 267 1121 1001 120 942 585 357 242 139 321 109 104 103 252 188 1698 1598 150 1448 1189 139 82 422 375
is_linear=0
shrinkage=0.0970268


Tree=137
num_leaves=48
num_cat=0
split_feature=8 2 7 4 5 7 1 0 7 3 2 8 7 2 1 5 2 5 2 0 4 0 5 1 2 1 8 4 8 0 5 0 3 2 7 5 2 5 1 4 3 7 7 5 5 8 0
split_gain=9.27975 51.2068 124.465 104.763 88.0459 108.429 114.993 136.417 182.277 94.5311 114.745 86.8681 91.6872 82.0017 78.0007 76.6473 76.7478 76.3988 77.544 75.871 73.2401 79.6729 72.7551 71.7387 72.3614 71.7161 147.061 88.0019 87.6609 76.5967 70.5823 155.511 69.5205 75.4136 130.072 79.563 68.1895 68.1766 67.8018 118.403 98.1674 83.7926 67.1244 66.717 62.0888 57.5902 57.072
threshold=-0.021079018721210045 -0.017527250001704447 0.043686119115740905 -0.075025603548725089 -0.058571778259935488 0.012330713277000851 -0.077769624999195638 0.49445000000000006 -0.019336317272619197 -0.021831231788993644 0.073757912339646264 -0.026244251983342546 -0.0039113715612133495 -0.093782590677497391 -0.11978308526222209 -0.11239705922627348 -0.030905040091320547 0.021332178233381651 0.060896187002409612 0.73515000000000008 -0.03314659041892444 -0.2967499999999999 0.0014897316429366002 0.05812016165821491 -0.082414810638072031 -0.035411352165185296 -0.029245087569109148 -0.084912377331672284 -0.084918813479366237 -0.83144999999999991 0.02534889633907365 -0.64889999999999992 0.094691000577307102 0.030608773561614001 0.022610040268520305 -0.075419008893203035 0.13227427737351585 0.007654621366310301 -0.013747039979246048 -0.0012871454647949998 -0.020031250633619494 -0.081492862151189685 -0.060643550149978291 0.043908403179957804 -0.027064709325834397 -0.072599118313715238 -0.050699999999999988
decision_type=2 2 2 2 2 2 2 2 2 2 2 2 2 2 2 2 2 2 2 2 2 2 2 2 2 2 2 2 2 2 2 2 2 2 2 2 2 2 2 2 2 2 2 2 2 2 2
left_child=1 2 3 15 32 6 7 -6 -9 14 17 42 38 -14 -7 -1 25 18 -11 30 43 -22 -4 24 -15 27 29 28 -17 -27 31 -16 33 34 35 -3 44 -29 41 -40 -41 -13 -5 -19 -12 -36 -8
right_child=-2 4 22 11 5 9 46 8 -10 10 36 12 13 23 19 16 -18 20 -20 -21 21 -23 -24 -25 -26 26 -28 37 -30 -31 -32 -33 -34 -35 45 -37 -38 -39 39 40 -42 -43 -44 -45 -46 -47 -48
leaf_value=0.039794999260192455 0.00060948513196709979 0.02561079471657161 -0.0044699312057674065 -0.025619721609324769 -0.0035074357719182274 0.10325028395969951 0.029765477270434885 -0.020993978480623274 -0.3022064222715809 0.035076827393567933 0.025696960155275176 -0.10962267120334319 0.0072782624997170817 -0.19286140252012332 0.050593090981793556 0.054024372316987521 -0.11884146281006951 -0.044690432691664561 0.15723954385060399 0.016028737685663558 -0.089101481865769855 0.0078224702006199579 0.023818104273730867 0.063656901891165907 -0.065009463741148479 -0.11665629351453898 0.097995009833445904 0.15550754890777835 -0.092049110772764536 -0.04157457159548613 -0.095669237510829869 -0.065366589115169058 -0.092345957209237994 -0.012256624603100683 -0.14107330082512778 0.14112897606142891 -0.00020606956085129146 0.0018754708253260154 -0.070458318314659318 0.13204641098922906 -0.013052273389643172 0.041476240342908921 -0.0014773066751945525 0.081451118005785625 -0.069913889776269972 0.018053374956692583 0.0098962856250197403
leaf_weight=113 75184 130 1417 1166 325 39 2849 52 37 756 80 38 182 45 155 61 115 56 52 206 136 192 2159 37 541 196 55 51 104 371 226 363 93 2950 44 99 730 58 279 58 176 342 15399 131 312 41 2610
leaf_count=113 75184 130 1417 1166 325 39 2849 52 37 756 80 38 182 45 155 61 115 56 52 206 136 192 2159 37 541 196 55 51 104 371 226 363 93 2950 44 99 730 58 279 58 176 342 15399 131 312 41 2610
internal_value=-1.64753e-06 -0.00129158 -0.00402347 -0.00709171 0.00366126 0.00852055 0.0165286 -0.0327408 -0.138873 -0.00517287 0.00506316 -0.00532124 -0.02622 -0.049959 -0.0304791 -0.035838 -0.0443136 0.0244195 0.0430275 -0.0360218 -0.00476867 -0.0323997 0.0126071 -0.0666885 -0.0749738 -0.0346867 -0.0528973 0.00663663 -0.0379904 -0.0676119 -0.0504469 -0.0306376 -0.00980734 -0.00744123 0.0377257 0.0757575 -0.0177531 0.0741625 -0.0047966 -0.0278059 0.0230445 0.0262381 -0.00317784 0.0436114 -0.0503714 -0.0644977 0.020269
internal_weight=110811 35627 22963 19387 12664 9307 5873 414 89 3434 2445 18263 1698 805 989 1124 1011 1323 808 950 515 328 3576 623 586 896 622 274 165 567 744 518 3357 3264 314 229 1122 109 893 513 234 380 16565 187 392 85 5459
internal_count=110811 35627 22963 19387 12664 9307 5873 414 89 3434 2445 18263 1698 805 989 1124 1011 1323 808 950 515 328 3576 623 586 896 622 274 165 567 744 518 3357 3264 314 229 1122 109 893 513 234 380 16565 187 392 85 5459
is_linear=0
shrinkage=0.0970268


Tree=138
num_leaves=48
num_cat=0
split_feature=2 5 5 6 0 2 9 9 9 7 4 6 6 9 4 4 0 5 0 0 3 3 9 4 7 4 6 2 2 3 0 3 2 6 0 6 7 9 4 9 6 5 9 9 2 3 6
split_gain=9.39058 27.1433 73.0473 43.266 32.3932 42.2957 30.7329 131.66 43.9904 26.0026 23.4028 32.43 26.5809 21.7052 19.9047 29.523 49.3694 47.7719 38.9202 28.733 31.756 37.1428 32.3957 34.9582 27.3754 26.5276 26.2497 28.0026 22.003 30.8706 23.4693 19.2881 18.8695 19.9069 18.7798 20.0123 38.1339 33.7367 16.4579 16.3982 24.1882 16.1906 15.938 15.5391 14.465 61.0654 32.9264
threshold=-0.15482403420593177 0.020063640269672504 0.058519025415882359 0.055944067633863011 -0.89139999999999986 -0.17083181571866912 -0.027025715966651497 -0.0039656778690080495 0.027288592052113602 0.01322285481738465 0.034444313149233262 0.07926248906008336 0.0027172724448009506 -0.014424886171044798 0.019943716421292654 -0.076708091414308774 -0.96374999999999988 -0.080894361179849536 -0.93124999999999991 -0.92594999999999994 0.0029588239411497503 -0.066164460506163439 0.064538379485212419 0.03643252794496251 0.013634829038544802 0.054702812461245205 0.11142375113730567 -0.17782157951577041 -0.20260137548602794 0.0067753308193450506 1.0000000180025095e-35 -0.019566044812236796 -0.20260137548602794 0.059598292638332252 -0.9061499999999999 0.013775329511998552 0.011896528602841402 -0.023843153447439449 0.16072840484116965 -0.04554059317593414 -0.015872799073694297 -0.058571778259935488 -0.0039656778690080495 -0.0046980945101937994 0.15896989621037003 -0.040953029330111239 -0.040920646698025143
decision_type=2 2 2 2 2 2 2 2 2 2 2 2 2 2 2 2 2 2 2 2 2 2 2 2 2 2 2 2 2 2 2 2 2 2 2 2 2 2 2 2 2 2 2 2 2 2 2
left_child=1 14 10 4 -4 13 -5 -8 -9 -7 11 39 -12 -6 15 16 -1 24 26 -16 21 -21 23 -22 -18 -25 27 -17 29 31 -31 -20 -23 41 -30 36 -36 -37 -2 -3 -41 -34 -42 -27 46 -46 -40
right_child=38 2 3 6 5 9 7 8 -10 -11 12 -13 -14 -15 19 18 17 -19 28 20 22 32 -24 25 -26 43 -28 -29 34 30 -32 -33 33 -35 35 37 -38 -39 44 40 42 -43 -44 -45 45 -47 -48
leaf_value=-0.11635030788002065 -0.00022540073282238148 0.032176904165303569 0.097600112017886126 0.011049383532326781 0.0094154551588234887 0.0099685424161801758 -0.21675104496376313 0.059200861175405871 -0.074490310040682711 -0.080794628486879003 -0.025249955566729147 0.0069278128143541243 0.051294231709950892 0.094976469466109117 -0.078240561779053155 0.021140882333739813 -0.099788449717824815 0.061350600660579874 0.028723317081391947 -0.069538136194775932 -0.102863064408798 -0.033236665342264965 0.048172368493952449 0.023715211498805764 0.0025333008892500556 -0.019042412030391545 -0.0038480078426674225 0.12217044996234663 -0.064965669863611852 0.043736810531869709 -0.053839922171900471 0.11862098927158918 0.060894322251350594 0.065060249989040864 0.06407147476926639 -0.042066855470750598 -0.030044064907553576 0.0066234470856235978 -0.0085959845325377666 0.04325204900019148 0.17348471701509496 -0.010156032287912701 0.092953835804438611 -0.10080463217983283 -0.1098515834221328 0.034582612428462271 0.061153188147943349
leaf_weight=46 107353 38 41 70 65 58 39 48 44 60 68 60 113 49 60 43 46 65 44 46 72 46 39 69 52 49 47 66 41 47 45 47 42 110 115 177 62 546 107 43 46 104 52 40 38 97 156
leaf_count=46 107353 38 41 70 65 58 39 48 44 60 68 60 113 49 60 43 46 65 44 46 72 46 39 69 52 49 47 66 41 47 45 47 42 110 115 177 62 546 107 43 46 104 52 40 38 97 156
internal_value=-1.65154e-06 0.00529814 0.0195182 -0.00657332 0.0185477 0.004387 -0.0407064 -0.0683795 -0.00468636 -0.0362268 0.0489634 0.068896 0.0224945 0.0464852 -0.000569443 0.00569781 -0.0280651 -0.00285968 0.0112252 -0.0143623 -0.00808674 0.0112432 -0.0331063 -0.0469908 -0.0456216 -0.0212674 0.0565778 0.0826323 0.00490383 0.035648 -0.0039188 0.0755853 0.0236573 0.033954 -0.0010785 0.00185052 0.0310594 -0.00530127 -0.000152265 0.0895515 0.104808 0.0103357 0.131425 -0.0561924 0.0195311 -0.00621865 0.0327726
internal_weight=110811 3060 894 474 273 232 201 131 92 118 420 239 181 114 2166 1489 209 163 1280 677 617 348 269 230 98 158 156 109 1124 183 92 91 302 256 941 900 177 723 107751 179 141 146 98 89 398 135 263
internal_count=110811 3060 894 474 273 232 201 131 92 118 420 239 181 114 2166 1489 209 163 1280 677 617 348 269 230 98 158 156 109 1124 183 92 91 302 256 941 900 177 723 107751 179 141 146 98 89 398 135 263
is_linear=0
shrinkage=0.0970268


Tree=139
num_leaves=48
num_cat=0
split_feature=2 0 5 9 5 9 4 4 2 9 4 3 3 7 7 7 3 7 9 3 4 0 1 3 7 4 7 4 1 4 3 9 7 5 1 7 5 9 4 7 3 1 3 3 4 4 1
split_gain=8.99499 66.864 51.7704 58.1117 90.6946 58.626 55.7048 97.8317 88.5776 67.8296 60.8473 99.0846 65.5942 56.8932 50.1275 44.7116 57.4768 45.2458 47.7662 44.0863 35.1775 39.3806 33.7651 61.6287 35.4454 32.8327 32.721 36.1921 47.0287 39.3187 31.3462 31.0993 33.8362 39.0458 28.2243 31.1591 27.5319 25.9305 25.2431 20.985 21.9418 19.7126 19.3354 19.2858 17.0673 16.0218 14.869
threshold=0.23449692913234538 0.3604500000000001 0.0113560394668704 -0.025383819001118097 0.060968070880206053 0.0096773958339143509 0.051744909285531056 0.029294212489012855 0.26277688978100083 0.010083569862977553 0.011102350153100751 0.05287311430924841 0.0011277009095607001 0.077225608832147755 -0.014833294687495448 0.063416130858917313 0.038032903402884712 0.071292518634747268 0.080610931652623008 0.029949610635245354 0.048929881164400509 0.92605000000000015 0.048558466934788359 -0.024625008396926946 0.020302535926193455 0.062598133732963204 0.051571024577313856 0.09118465142868247 -0.0029424101448219998 0.1204577279991124 -0.0059826721065553987 0.045848820802582659 -0.026833814488234294 -0.019756777133535196 0.07321444452892191 -0.017535379457569295 0.0071457353399621013 0.038723488345155307 -0.048811798612725339 -0.033364455900177149 -0.0059826721065553987 -0.072744005660425687 0.044624009550640609 0.0025728209754138005 0.0032045110554531505 0.026433698158682604 -0.046743107410934091
decision_type=2 2 2 2 2 2 2 2 2 2 2 2 2 2 2 2 2 2 2 2 2 2 2 2 2 2 2 2 2 2 2 2 2 2 2 2 2 2 2 2 2 2 2 2 2 2 2
left_child=-1 2 6 4 -4 46 7 10 -9 -8 11 13 -12 14 -2 16 19 -17 30 20 21 34 23 -7 42 -11 27 28 -27 -29 -19 32 -18 -34 41 -36 39 -10 -13 -22 -41 -3 -25 -6 -23 -32 -5
right_child=1 15 3 5 43 22 9 8 37 25 12 38 -14 -15 -16 17 31 18 -20 -21 36 44 -24 24 -26 26 -28 29 -30 -31 45 -33 33 -35 35 -37 -38 -39 -40 40 -42 -43 -44 -45 -46 -47 -48
leaf_value=-0.00014818524586848814 0.026547240084159242 0.018847640698350567 0.063717107005858697 0.053893351766968023 -0.14540768265799434 0.1393529983313985 -0.07551918209386492 -0.022192608479746946 -0.12300435169755987 0.097443684049210735 -0.041826141458560145 -0.066489781325926242 0.12578486516652421 0.10276911083714814 -0.054392365899798269 -0.093818317301613094 0.035962325741110482 0.082032182173955026 -0.083403643947037587 0.12355485383833295 -0.06864116503657143 -0.039465617998343354 -0.066690656363214321 -0.072991915503177268 0.066587127060807119 0.024356043655008361 0.09622120894726223 0.08602565638006876 -0.11938912646921356 -0.019632948981089398 -0.055353728321309512 0.041230850917572927 -0.11623798992234598 -0.011250203016435581 -0.047608864025422623 0.049287079732258869 0.051637842196399247 -0.23619371673316458 -0.17301253493408128 -0.021399494782291403 0.050949583348998705 0.075729649009374372 0.017928039239701748 -0.053055226846574106 0.042211677387314753 0.031239557845727225 0.13106680536123566
leaf_weight=107776 115 69 55 40 39 38 73 63 44 53 38 39 51 37 191 57 45 64 44 52 49 67 41 53 49 41 38 63 44 69 37 66 63 71 47 91 86 37 48 117 59 364 37 49 37 43 62
leaf_count=107776 115 69 55 40 39 38 73 63 44 53 38 39 51 37 191 57 45 64 44 52 49 67 41 53 49 41 38 63 44 69 37 66 63 71 47 91 86 37 48 117 59 364 37 49 37 43 62
internal_value=-1.39662e-06 0.00520748 -0.00928871 0.0176942 -0.0336257 0.0406705 -0.0212664 -0.0382506 -0.108903 0.0082741 -0.018558 -0.0336884 0.0542566 -0.0101443 -0.0239491 0.0195091 0.026764 -0.0184259 0.00454108 0.0367411 0.0321029 0.0445381 0.0121504 0.0305792 0.000447267 0.0282396 0.0136838 -0.000884661 -0.0501656 0.0308379 0.0316408 -0.0154595 -0.0364609 -0.060887 0.0545364 0.0161755 0.00505991 -0.17577 -0.125913 -0.0127651 0.00286493 0.0667135 -0.0356017 -0.094583 -0.0102663 -0.00877477 0.101237
internal_weight=110811 3035 1507 463 143 320 1044 663 144 381 519 430 89 343 306 1528 1283 245 188 1038 986 675 218 177 139 308 255 217 85 132 144 245 179 134 571 138 311 81 87 225 176 433 90 88 104 80 102
internal_count=110811 3035 1507 463 143 320 1044 663 144 381 519 430 89 343 306 1528 1283 245 188 1038 986 675 218 177 139 308 255 217 85 132 144 245 179 134 571 138 311 81 87 225 176 433 90 88 104 80 102
is_linear=0
shrinkage=0.0970268


Tree=140
num_leaves=48
num_cat=0
split_feature=5 1 2 6 2 3 4 7 9 4 4 7 1 9 2 7 7 2 3 1 7 9 9 3 4 9 5 6 5 1 1 3 3 2 4 7 6 1 2 9 9 1 6 2 7 9 5
split_gain=9.24998 63.199 81.4245 59.1667 49.7626 46.5982 66.5678 62.7151 68.0385 51.7806 54.3886 48.3777 60.2493 42.7778 71.3579 65.5808 41.928 41.887 38.9288 38.3212 49.4495 53.8895 64.3381 33.8448 42.6489 33.7244 28.3426 28.2981 28.0959 60.8458 68.9792 52.1075 50.5529 87.1202 47.0333 43.8571 43.1677 63.9998 43.0445 52.6834 68.6161 81.6087 58.6674 19.661 18.0483 16.0572 14.3388
threshold=0.14177564617113228 -0.019749686222752496 0.26277688978100083 -0.0074762196809996994 0.23449692913234538 0.025393546253592806 -0.065856962706443936 0.010625455517355451 0.0029313011052758005 0.060081271848760505 0.043162409923802408 0.014513839786318553 0.045557988990703811 0.024195610504655702 -0.090076306864767086 -0.048400260557343394 -0.060643550149978291 -0.13201138305391497 0.043725651568457209 -0.06041702973558119 -0.018932777041685146 -0.040836782488664895 0.029537174986280803 -0.024182531111656694 -0.0062761940846778989 -0.044729341931188847 0.15998967271130632 -0.037390380973211797 0.1288734819880071 -0.019749686222752496 -0.069640024415746085 0.013712438468687752 -0.018727755192716997 -0.089159629001615087 0.057782437639797256 -0.011833342826950298 0.023933585624561802 -0.039144089443705697 0.030608773561614001 0.020773198553197102 -0.033331461174301441 0.034479150597148955 0.00157613886387135 -0.090969180459749138 -0.029645303037379746 1.0000000180025095e-35 0.12380481323308747
decision_type=2 2 2 2 2 2 2 2 2 2 2 2 2 2 2 2 2 2 2 2 2 2 2 2 2 2 2 2 2 2 2 2 2 2 2 2 2 2 2 2 2 2 2 2 2 2 2
left_child=28 2 3 27 5 6 -3 8 25 10 13 12 -12 15 -15 -8 -5 -11 -9 23 -21 -22 -23 -18 -25 -7 -19 -2 46 30 31 -30 33 -31 38 -35 37 -32 39 40 -34 -42 -41 -28 -27 -38 -1
right_child=1 4 -4 16 -6 7 9 18 -10 17 11 -13 -14 14 -16 -17 19 26 -20 20 21 22 -24 24 -26 44 43 -29 29 32 36 -33 34 35 -36 -37 45 -39 -40 42 41 -43 -44 -45 -46 -47 -48
leaf_value=5.4938281015707091e-05 -0.042266782393471564 0.08867204270045087 0.092475307322198219 0.070826098069889168 -0.095874563058845508 0.079346260695416559 -0.073421775826254379 0.05018769903357137 0.13772360245400891 -0.053922684479834775 -0.19697024918137726 0.0098517655595363428 -0.030991251591572209 0.033881939412491027 -0.06741360615488827 0.025812292470549059 0.081691346245153507 0.12301167647719996 -0.062871844429658513 -0.14898321760698385 0.064991317001750926 -0.10349947361126895 0.01827702286539842 -0.071655073384255849 0.041071349879127368 0.030630355928900736 0.071324276220887245 -0.14767758564277353 -0.071335854438359741 0.14125403759432106 0.21105008388184962 0.07578897625045404 0.020544761150687412 0.063606866177146296 0.07156456093645637 -0.044427086574697121 0.0021834173303368438 0.051965280676836922 0.025037909903799012 0.098503994546489851 -0.18808019381961896 -0.022781691609998642 -0.059911815805045968 -0.012461511454489904 -0.063366224105494751 0.083436810636501504 -0.017628577179805288
leaf_weight=107348 39 71 45 37 45 63 74 47 84 37 44 40 39 94 213 397 37 47 72 47 38 118 62 73 55 38 56 65 57 56 49 37 41 59 45 87 49 47 87 37 73 46 53 49 38 43 433
leaf_count=107348 39 71 45 37 45 63 74 47 84 37 44 40 39 94 213 397 37 47 72 47 38 118 62 73 55 38 56 65 57 56 49 37 41 59 45 87 49 47 87 37 73 46 53 49 38 43 433
internal_value=-1.31633e-06 -0.0062821 -0.0325578 -0.0424882 0.00417389 0.00720134 -0.0020672 0.0386566 0.0689737 -0.00801796 -0.0177126 -0.0775617 -0.119637 -0.00820209 -0.0363641 0.0101505 -0.0276694 0.0380864 -0.0181214 -0.0362266 -0.0590535 -0.0393745 -0.061558 0.000435688 -0.0231701 0.0270721 0.0606305 -0.108565 0.000123721 0.0175262 0.0545009 -0.0132481 -0.000338514 0.0388552 -0.021108 -0.000649514 0.0883786 0.133824 -0.0335834 -0.0540282 -0.087366 -0.124564 0.00526714 0.0322425 -0.0163369 0.0404662 -1.60862e-05
internal_weight=110811 2164 616 571 1548 1503 1161 342 223 1090 901 123 83 778 307 471 467 189 119 430 265 218 180 165 128 139 152 104 108647 866 282 94 584 202 382 146 188 96 337 250 160 119 90 105 76 92 107781
internal_count=110811 2164 616 571 1548 1503 1161 342 223 1090 901 123 83 778 307 471 467 189 119 430 265 218 180 165 128 139 152 104 108647 866 282 94 584 202 382 146 188 96 337 250 160 119 90 105 76 92 107781
is_linear=0
shrinkage=0.0970268


Tree=141
num_leaves=48
num_cat=0
split_feature=5 2 2 3 0 8 3 9 9 2 2 2 9 4 3 2 2 2 4 0 8 9 7 0 7 4 9 5 8 9 9 4 3 2 5 4 5 9 4 5 4 0 4 4 5 0 3
split_gain=8.60005 83.6357 120.535 118.297 111.383 130.076 127.275 83.4635 80.5957 100.485 90.2372 78.3704 77.2116 75.5886 104.465 102.785 71.0059 100.52 75.7675 73.1579 70.4087 70.0542 80.3424 68.3972 67.3799 119.098 73.247 112.186 109.686 67.365 66.964 86.1784 68.3029 66.9532 66.4018 66.2607 79.801 73.6384 66.1518 67.6024 65.2508 64.8379 64.3293 67.037 86.5765 63.5323 63.209
threshold=-0.013196052642705647 0.12596055925824673 -0.028504986156112896 0.038032903402884712 0.75090000000000012 -0.05166673925610684 -0.029189182027744495 0.040753127502359605 0.045848820802582659 -0.0259424285127965 -0.0080622643473773469 -0.025267383403437347 -0.093325357103541742 -0.037504484479936144 -0.063115392590249994 0.076995206897744417 0.10275012029562196 -0.051159864496574996 0.020430735882204704 -0.96934999999999993 -0.077636584285353291 -0.093325357103541742 -0.015317030825566397 -0.96934999999999993 0.0074624207576526507 0.081809860011285221 -0.052104289102219946 0.083068829820494461 -0.093678183613809737 0.06924345615733736 -0.04554059317593414 0.0318047636687337 -0.067745310251869084 0.12901585534148372 -0.020272787634516298 -0.039579590793435641 0.035957093045195308 0.016554207945642354 0.019943716421292654 -0.090661455407631292 0.077906462644233315 -0.38109999999999994 0.016396566681383503 0.013043340474188252 -0.03538481254583959 0.45865000000000006 0.040371801211136753
decision_type=2 2 2 2 2 2 2 2 2 2 2 2 2 2 2 2 2 2 2 2 2 2 2 2 2 2 2 2 2 2 2 2 2 2 2 2 2 2 2 2 2 2 2 2 2 2 2
left_child=16 2 20 4 5 6 21 11 46 -10 41 -8 -6 35 40 -16 17 18 23 -20 24 -4 -23 -1 25 26 27 28 -2 -9 31 32 -22 -3 -18 37 -37 -7 39 -19 -15 -11 43 -25 -45 -43 -5
right_child=1 33 3 8 12 13 7 29 9 10 -12 -13 -14 14 15 -17 34 38 19 -21 30 22 -24 42 -26 -27 -28 -29 -30 -31 -32 -33 -34 -35 -36 36 -38 -39 -40 -41 -42 45 -44 44 -46 -47 -48
leaf_value=-0.037048017563476685 -0.064913744140943169 0.056533740445341749 -0.073632339394737595 0.066055059074249398 -0.092215128065508106 -0.041066352744755216 -0.11463798086165675 -0.12837116173309218 -0.16217770252264729 0.12883684216750202 -0.051913011312109673 0.0076350675261190083 0.0057425332783426521 -0.069926867656303751 -0.016619603624110323 0.014836042871627007 -0.010058482165440932 0.031607395927631531 0.1193832120295845 -0.013281969745636732 -0.062472650862101645 0.091465153372015426 0.01803295034876104 0.0027447497093297554 0.0015202141276377749 0.080274857944327233 -0.019925951160379173 0.051250126397734561 -0.22409256011296166 0.0052859701895961843 0.00152035421204633 -0.0029503895910570916 0.034376662513747935 0.0072374984418968787 0.02265667504693113 -0.14760411188674127 -0.012137473838269366 -0.0082614978749262283 0.015765523185328773 0.0020557289706693562 0.062072092858438184 -0.0855256691651302 0.03577573205007685 -0.002674907648319931 -0.087299738575874683 0.055287161556188062 0.0095447015532083429
leaf_weight=420 166 269 43 198 77 1777 52 93 48 52 253 842 3503 431 6715 1144 7211 772 39 5211 71 277 285 11949 2373 102 1867 54 54 57 29195 1232 1697 7017 635 99 70 1012 6260 12918 38 49 531 309 180 77 3087
leaf_count=420 166 269 43 198 77 1777 52 93 48 52 253 842 3503 431 6715 1144 7211 772 39 5211 71 277 285 11949 2373 102 1867 54 54 57 29195 1232 1697 7017 635 99 70 1012 6260 12918 38 49 531 309 180 77 3087
internal_value=-1.00997e-06 -0.000727049 -0.00197657 -0.00798323 -0.0115213 -0.0157133 0.00973562 -0.010778 0.00753743 -0.0296213 -0.0146942 0.000462367 0.00362251 -0.0194327 -0.014697 -0.012039 0.00100535 0.00271637 -0.0024065 -0.0122853 0.00133227 0.0451325 0.0542839 0.00146666 -0.00987341 -0.0219295 -0.0268177 -0.0736418 -0.104378 -0.0776467 0.0029393 0.0167428 0.0304683 0.00906193 -0.0074085 -0.0327584 -0.0917167 -0.0291693 0.00750301 0.00372378 -0.0591664 0.0381526 0.00271583 0.00130254 -0.033892 0.00035181 0.0129616
internal_weight=110811 64376 57090 20279 16515 12935 1649 1044 3764 479 431 894 3580 11286 8328 7859 46435 38589 18639 5250 36811 605 562 13389 4616 2243 2141 274 220 150 32195 3000 1768 7286 7846 2958 169 2789 19950 13690 469 178 12969 12438 489 126 3285
internal_count=110811 64376 57090 20279 16515 12935 1649 1044 3764 479 431 894 3580 11286 8328 7859 46435 38589 18639 5250 36811 605 562 13389 4616 2243 2141 274 220 150 32195 3000 1768 7286 7846 2958 169 2789 19950 13690 469 178 12969 12438 489 126 3285
is_linear=0
shrinkage=0.0970268


Tree=142
num_leaves=48
num_cat=0
split_feature=2 5 7 7 6 8 8 7 0 6 8 7 3 3 6 8 5 2 3 5 0 0 0 7 0 2 8 0 3 6 0 1 5 3 2 6 7 1 7 6 5 7 5 7 7 8 7
split_gain=8.72038 68.4743 32.8895 30.6807 54.112 42.3642 49.7505 52.1984 64.902 44.3926 47.3827 38.4726 27.8263 25.4155 23.7703 17.1115 15.7099 12.4757 44.6468 31.3762 22.6088 37.232 15.7348 39.0502 30.5707 10.988 45.9648 46.2218 43.7456 42.8094 38.9136 40.4164 38.9077 39.8633 42.599 37.2308 41.9942 62.3382 46.7924 30.114 29.5342 29.0657 20.2276 19.8442 29.4541 14.5401 13.7159
threshold=0.2897945581049407 0.072173438591567066 0.007066398362480051 0.069593145129863962 -0.053633272910594339 0.00056478572980800011 -0.093678183613809737 0.012797333131448303 0.026050000000000004 0.00157613886387135 0.065915943949659675 0.016193667397925906 0.044624009550640609 0.031788814264381605 0.039686871576720857 -0.046400681798022488 -0.04347436313543699 0.27393450363248512 -0.063115392590249994 -0.11239705922627348 0.85920000000000007 0.77175000000000016 -0.22549999999999998 -0.013985224886756398 -0.62494999999999989 0.23449692913234538 0.11096802937252122 0.72720000000000018 -0.0071444223209031488 0.039686871576720857 0.84825000000000006 -0.029814156810626897 -0.090661455407631292 0.023717075115344353 0.24244760119426953 0.029729573826439055 0.041535044316147157 -0.036194883533769047 0.022129399411831355 -0.021010383236101045 -0.050202261381958144 -0.0022766277410646496 -0.027581098768560148 0.025985087069816552 -0.025797763820079346 0.0052811130631240004 0.056966002428429356
decision_type=2 2 2 2 2 2 2 2 2 2 2 2 2 2 2 2 2 2 2 2 2 2 2 2 2 2 2 2 2 2 2 2 2 2 2 2 2 2 2 2 2 2 2 2 2 2 2
left_child=17 3 -3 4 -2 6 11 8 -8 -7 14 -6 15 -5 -11 -9 -10 25 -19 -20 21 22 24 -24 -21 -1 27 29 -28 35 31 -29 -31 34 -34 36 38 -38 -27 -32 -33 -35 -37 44 -41 -42 -45
right_child=1 2 -4 13 5 9 7 12 16 10 -12 -13 -14 -15 -16 -17 -18 18 19 20 -22 -23 23 -25 -26 26 28 30 -30 32 39 40 33 41 -36 42 37 -39 -40 43 45 -43 -44 46 -46 -47 -48
leaf_value=-0.00013593141780550907 -0.11579206087380489 0.033284415690772562 0.13177496304373626 0.088437436880039813 -0.0843235546473977 0.038171365010363063 0.1695944145155075 0.076562917203274156 0.070548800396053934 -0.1514460266347141 0.0069869921173849447 0.033828469404554883 -0.072031546693984622 -0.0092355063691658967 -0.058567281939625536 -0.01114812591783026 -0.015539798458034377 -0.098698484463324118 -0.075162518059510103 0.02315129721491788 0.057397934480719053 -0.094618916360407188 -0.037228787953424616 0.077511029737940162 -0.082253924804173609 -0.0031418742262104785 -0.10199126438170072 0.15400291179989745 0.0073614895136184088 -0.054110507065432953 -0.041597288179722178 0.09789464297073433 0.16931633881604305 0.064726046396781894 0.04853434883087402 -0.12012209456466066 -0.13338174173484812 -0.0048838229702817242 0.070850105443219541 0.075092685954526617 -0.027168689330832031 -0.035380095016447399 -0.027208025409467883 0.098192445558956357 -0.022219273990750233 0.048124219709996807 0.020682615620091476
leaf_weight=107776 42 79 54 59 64 58 51 37 41 46 63 43 38 43 62 47 38 54 51 66 65 38 45 72 42 461 67 42 70 41 69 64 38 45 100 40 52 111 97 42 45 68 50 53 94 51 37
leaf_count=107776 42 79 54 59 64 58 51 37 41 46 63 43 38 43 62 47 38 54 51 66 65 38 45 72 42 461 67 42 70 41 69 64 38 45 100 40 52 111 97 42 45 68 50 53 94 51 37
internal_value=-1.10807e-06 0.00970041 0.0736301 -0.00193807 -0.00995101 -0.00229829 0.0184792 0.0420134 0.0846912 -0.0348853 -0.0597513 -0.0368092 -0.00352154 0.047302 -0.0986437 0.0275652 0.0291593 -7.75553e-05 -0.0165066 -0.00467565 0.00633792 -0.00631759 0.00870257 0.0333264 -0.0179138 -1.24499e-05 0.00764211 0.0122688 -0.0461982 0.00118658 0.0368236 0.069601 0.0330231 0.0473591 0.0822711 -0.0102759 -0.00290074 -0.0461701 0.00974747 0.0142814 0.0470441 0.00449558 -0.06897 0.0314278 0.0079035 0.0127703 0.0666725
internal_weight=110811 865 133 732 630 588 359 252 130 229 171 107 122 102 108 84 79 109946 433 379 328 263 225 117 108 109513 1737 1600 137 1103 497 202 292 251 138 811 721 163 558 295 160 113 90 226 136 96 90
internal_count=110811 865 133 732 630 588 359 252 130 229 171 107 122 102 108 84 79 109946 433 379 328 263 225 117 108 109513 1737 1600 137 1103 497 202 292 251 138 811 721 163 558 295 160 113 90 226 136 96 90
is_linear=0
shrinkage=0.0970268


Tree=143
num_leaves=48
num_cat=0
split_feature=2 8 6 8 9 6 0 8 7 4 8 2 9 1 0 0 1 1 7 7 0 9 0 1 4 9 9 6 1 8 0 4 4 1 1 9 7 1 1 6 2 6 9 1 0 7 4
split_gain=8.43486 33.1355 35.5332 74.1597 58.5604 44.87 36.5361 38.7054 36.6271 55.7639 46.194 35.1726 34.9502 34.2402 30.9355 28.5687 48.6832 45.7265 52.5893 39.0106 38.6274 35.4177 33.2591 48.5057 48.4953 46.8712 67.6976 62.9423 51.4985 43.2406 42.8382 87.28 57.9593 35.7484 34.8498 31.0154 27.513 27.1504 57.719 26.7965 29.0219 33.4393 33.1461 26.5936 24.9478 23.7428 27.4343
threshold=-0.12267930713417503 -0.15018081743147496 -0.094228828173285387 0.028563002186104306 -0.011851749162440698 -0.0090551842055570982 -0.95584999999999987 0.03870733624931131 0.030887723120738755 -0.034379304198200546 -0.058970181921729294 -0.15482403420593177 0.038723488345155307 0.026575122396695353 -0.66004999999999991 0.79080000000000006 -0.045819074632108395 0.036806377161544758 0.018886018254594805 -0.00039405811183664994 0.8751000000000001 -0.00120445082512875 -0.9020999999999999 -0.071257799742404079 0.09726600646401716 -0.024332555525317694 -0.0072149403448404986 0.016803006440825451 -0.088466563217258196 -0.020384300480516395 -0.63649999999999995 0.028143738365646206 0.060081271848760505 0.067853780757852367 -0.011669967651378899 -0.0072149403448404986 -0.044902978838901687 0.0057539464899786013 -0.024092953130503997 -0.012759720328449698 -0.13201138305391497 -0.025704395309371849 -0.048172911599818943 0.00094840894575840007 -0.96934999999999993 0.019828326375400603 -0.0044497366503048483
decision_type=2 2 2 2 2 2 2 2 2 2 2 2 2 2 2 2 2 2 2 2 2 2 2 2 2 2 2 2 2 2 2 2 2 2 2 2 2 2 2 2 2 2 2 2 2 2 2
left_child=1 11 3 4 -3 6 7 -4 39 -10 -11 14 36 -12 -1 22 20 18 35 21 -17 -19 25 30 34 33 27 -27 -28 -26 32 -32 -24 44 -25 -18 -5 38 -16 40 42 -42 -8 -41 -7 46 -13
right_child=-2 2 5 12 -6 15 8 -9 9 10 13 45 -14 -15 37 16 17 19 -20 -21 -22 -23 23 24 29 26 28 -29 -30 -31 31 -33 -34 -35 -36 -37 -38 -39 -40 43 41 -43 -44 -45 -46 -47 -48
leaf_value=0.079450098892151058 -0.00024883095913046864 -0.020891321393340868 0.015154178202009826 -0.084771480777057845 -0.15604787962811145 0.067254569060177169 0.050988855505918654 0.13481658982371628 0.061461680871279158 0.041976452536588792 -0.017465611776540827 -0.042817491314159656 0.083561826470420861 -0.089078665569614496 0.0075809166466349834 -0.14637899550521377 0.084824042711026004 0.0078791202222174544 -0.046471218739596011 0.010199183187346292 -0.025217493548466797 -0.089073771336359395 -0.046159138011687591 -0.0080822243541271085 -0.12909213469557859 -0.18295305144654173 -0.099919340259724765 -0.044814384603564288 0.0010364876268806002 -0.0091084294721479643 0.1359738705316666 0.015257075437457095 0.089184019796872849 -0.050686963255340424 0.012753601425760316 0.015437573614923428 0.013360700989810672 0.042656586472205452 -0.14027195817822161 0.13648353062577234 0.022404078049892202 0.08452298706904586 -0.00085217947217240447 0.028048059071890303 0.011812234448176412 -0.013061510064357148 -0.14767181745088925
leaf_weight=38 102065 62 51 37 59 112 143 51 84 72 162 53 46 103 70 44 84 48 99 108 57 133 90 1047 46 37 51 188 633 73 99 131 44 61 2710 218 95 48 38 38 261 119 608 49 241 62 43
leaf_count=38 102065 62 51 37 59 112 143 51 84 72 162 53 46 103 70 44 84 48 99 108 57 133 90 1047 46 37 51 188 633 73 99 131 44 61 2710 218 95 48 38 38 261 119 608 49 241 62 43
internal_value=-9.40962e-07 0.00289073 0.00411517 -0.0287039 -0.0871808 0.00532995 0.0191286 0.0753818 0.0156038 -0.0090445 -0.0267005 -0.026252 0.0111068 -0.0454314 0.00139773 0.00154664 -0.0156997 -0.00645503 0.0147289 -0.0358594 -0.0784779 -0.0633528 0.00400154 0.00819331 0.00500809 -0.00942379 -0.0217502 -0.0678689 -0.00653393 -0.0558558 0.0420406 0.0674104 -0.00151018 0.0176132 0.00694437 0.0348583 -0.0142574 -0.0177177 -0.0446969 0.0241313 0.020111 0.0419529 0.00902964 0.0759428 0.0294879 -0.0601739 -0.0903162
internal_weight=110811 8746 8394 299 121 8095 1741 102 1639 421 337 352 178 265 194 6354 791 690 401 289 101 181 5563 4240 3876 1323 909 225 684 119 364 230 134 414 3757 302 132 156 108 1218 1131 380 751 87 353 158 96
internal_count=110811 8746 8394 299 121 8095 1741 102 1639 421 337 352 178 265 194 6354 791 690 401 289 101 181 5563 4240 3876 1323 909 225 684 119 364 230 134 414 3757 302 132 156 108 1218 1131 380 751 87 353 158 96
is_linear=0
shrinkage=0.0970268


Tree=144
num_leaves=48
num_cat=0
split_feature=4 3 0 2 7 6 7 0 7 6 8 8 0 6 7 0 0 2 7 0 0 8 8 8 0 7 6 9 2 9 8 8 2 9 3 7 7 3 3 4 6 6 4 7 9 6 8
split_gain=8.65935 41.2786 38.0146 34.5155 60.5152 45.3597 33.7856 39.9402 39.5757 32.2266 41.3437 28.2056 29.3735 27.5928 34.5182 42.0057 29.9288 27.0049 34.783 37.2504 64.0209 33.9451 28.9626 26.5552 24.949 20.9392 19.3272 18.8804 18.8021 18.2095 18.911 17.1195 23.6489 11.7914 21.5732 11.1246 57.0774 68.7118 102.811 52.78 61.6488 65.9894 84.6965 67.6926 79.7683 62.165 47.3983
threshold=0.11429078169592517 -0.067745310251869084 0.31885000000000002 0.11593223069399201 0.014102101358978001 -0.062498563223895597 0.0026947940783250504 0.42080000000000001 -0.044902978838901687 0.0032962987332410005 0.0023689424779034505 -0.0054535788747952984 -1.0000000180025095e-35 0.012519532288509201 -0.020202799864519744 -0.34074999999999994 -0.77804999999999991 -0.029124226164900648 -0.029645303037379746 0.8317500000000001 0.71865000000000012 0.018256997508574253 -0.065268669685374078 -0.081080349147271691 -0.31834999999999997 0.030312758232338605 0.011299098060880501 -0.032697289104047088 -0.044862229559394791 0.072813915946014163 -0.088985300486329535 0.090767803853695816 -0.056609642482235392 0.063311869135761464 0.0075949968880924005 -0.021153922894160949 -0.019745430994174598 -0.0048258181491542497 0.016396591115845151 -0.047908780707242839 0.057124506846949759 0.010166383131484501 0.011635344298762302 -0.020683376266956297 0.0079593612138711516 -0.019945858869519845 0.026228663244079003
decision_type=2 2 2 2 2 2 2 2 2 2 2 2 2 2 2 2 2 2 2 2 2 2 2 2 2 2 2 2 2 2 2 2 2 2 2 2 2 2 2 2 2 2 2 2 2 2 2
left_child=35 6 3 4 13 -6 8 -8 -2 10 -7 12 24 14 -3 -16 -15 18 -4 20 21 -20 23 -19 29 -22 -10 -23 -18 30 -5 32 -11 -24 -35 46 37 39 -39 -37 41 43 -43 44 -41 -45 -1
right_child=1 2 17 11 5 9 7 -9 26 31 -12 -13 -14 16 15 -17 28 22 19 -21 25 27 33 -25 -26 -27 -28 -29 -30 -31 -32 -33 -34 34 -36 36 -38 38 -40 40 -42 42 -44 45 -46 -47 -48
leaf_value=-0.0045445395231192799 -0.056907278004374347 0.10444180445603782 0.055690741810088443 0.0056244352673085318 0.076128016448456626 -0.11624415081402042 -0.11809529909264184 -0.0049262725358251653 0.09531264941075393 -0.00033376043386619818 0.0075741578085306458 -0.053766910494932756 -0.041710380735914675 0.18149096069006759 -0.071265377182628334 0.068260718596895045 0.027089332867257458 0.0023624935997658011 0.020027672678051847 0.0066508203584128714 -0.17400428666163945 -0.017952976939939684 0.019108751616041093 -0.092193488928924802 0.10606525679311872 -0.073596019767891777 0.0027427117408180524 -0.1113704783670915 0.11952162906503101 -0.026206445504208049 0.094616851096452195 -0.029871858100245976 0.10187497771927247 0.10882266172196554 0.0077909927457680186 0.075776041423621404 0.00017397045918361354 0.086368643055039176 0.0091228184418471643 -0.0058209319385757975 0.064676314856406694 -0.14140342350573115 0.0091958471201429269 -0.075591523011566158 0.1558720795995979 0.033403117010920226 0.0030133068296285636
leaf_weight=20132 63 54 54 53 75 48 66 53 38 46 53 70 62 37 37 44 40 102 100 187 38 42 291 38 37 43 48 40 44 56 39 40 39 42 38 72 74467 286 375 75 83 86 59 132 46 78 12763
leaf_count=20132 63 54 54 53 75 48 66 53 38 46 53 70 62 37 37 44 40 102 100 187 38 42 291 38 37 43 48 40 44 56 39 40 39 42 38 72 74467 286 375 75 83 86 59 132 46 78 12763
internal_value=-9.48944e-07 0.00608589 0.0111464 0.0259749 0.0405121 0.0109527 -0.0295109 -0.0679634 0.00124209 -0.0107362 -0.0514161 0.00038267 0.015831 0.0751569 0.0446686 0.00437457 0.108826 -0.00161842 -0.0175551 -0.0264087 -0.0499231 -0.0178261 0.0140834 -0.0234353 0.0352155 -0.121467 0.0440159 -0.0639685 0.075968 0.0171917 0.0437069 0.0221215 0.0467234 0.0282767 0.0612376 -0.000121893 0.000524949 0.0207406 0.0425928 -0.00214907 -0.0122516 -0.0257299 -0.0802115 -0.00176433 0.0558985 -0.035078 -0.00161187
internal_weight=110811 2157 1889 874 557 301 268 119 149 226 101 317 247 256 135 81 121 1015 504 450 263 182 511 140 185 81 86 82 84 148 92 125 85 371 80 108654 75759 1292 661 631 559 476 145 331 121 210 32895
internal_count=110811 2157 1889 874 557 301 268 119 149 226 101 317 247 256 135 81 121 1015 504 450 263 182 511 140 185 81 86 82 84 148 92 125 85 371 80 108654 75759 1292 661 631 559 476 145 331 121 210 32895
is_linear=0
shrinkage=0.0970268


Tree=145
num_leaves=48
num_cat=0
split_feature=8 7 3 4 7 2 6 7 3 4 7 5 8 8 3 8 5 4 6 5 2 2 4 4 5 3 2 6 6 5 2 4 5 8 5 7 6 3 3 8 2 2 6 2 4 4 8
split_gain=8.52124 59.2773 87.9116 56.887 49.3727 40.0756 33.9001 20.1875 10.2353 41.2863 67.363 83.2789 61.4766 77.9391 61.4894 61.0463 78.136 60.7853 100.153 90.5743 65.6347 56.2474 54.8496 54.7765 84.854 132.89 101.255 98.249 107.191 61.284 75.0625 71.5113 66.9431 55.8741 54.2233 67.7722 70.4597 62.1638 91.6553 60.0585 68.4817 94.1774 84.975 70.3435 59.7875 55.0662 53.5714
threshold=-0.20571302778285203 0.043686119115740905 -0.021375067792139799 0.039351971848029556 -0.021638042004534144 0.093235856417146365 0.00157613886387135 -0.057989191160742644 -0.030776207317564096 0.010682734020678953 0.024530531217677402 -0.078970114533016084 -0.14289358475273709 -0.16908308015165413 -0.097035994128117739 -0.11081206617757354 -0.084540219301190586 -0.024013788872722146 -0.089855702594301784 0.021332178233381651 -0.04090022911237879 -0.05003017432751649 -0.078546951473830284 0.023072568561417702 -0.044279413820317949 -0.063115392590249994 -0.095894413325025782 0.039686871576720857 -0.05975098773632119 0.042955413539179511 0.18295945040458778 0.021417929038795702 0.086881013123040321 0.021012693223322953 -0.095873023297945531 0.028680670100665853 -0.075528207345353246 -0.07510852646201073 -0.051177289529574843 0.018256997508574253 -0.03212242909321824 -0.033900420502086047 0.075766933679636966 0.010951438399460502 0.030471507042390853 0.025841001827096002 -0.096041086116257737
decision_type=2 2 2 2 2 2 2 2 2 2 2 2 2 2 2 2 2 2 2 2 2 2 2 2 2 2 2 2 2 2 2 2 2 2 2 2 2 2 2 2 2 2 2 2 2 2 2
left_child=1 2 4 -4 6 -6 7 -1 9 10 11 15 13 -12 17 22 -17 18 -14 20 -19 -18 -2 24 26 27 -11 28 -26 30 33 32 -31 -27 35 36 -25 -38 -39 40 41 45 43 -42 -41 -36 -28
right_child=8 -3 3 -5 5 -7 -8 -9 -10 23 12 -13 14 -15 -16 16 21 19 -20 -21 -22 -23 -24 34 25 29 46 -29 -30 31 -32 -33 -34 -35 39 -37 37 38 -40 44 42 -43 -44 -45 -46 -47 -48
leaf_value=0.053960315974404309 -0.12233279842849716 0.11031405390926929 -0.13335686440437372 0.012980381875988295 0.021817274591860267 0.14249307751304705 -0.071911019169409784 -0.023139483213292657 0.00045387284902990321 -0.08128976117552783 0.034365554535028903 -0.0053941727850827384 0.1011507386091955 -0.13796894873712928 0.017456645325674289 0.023541738550003792 0.047482611530745573 0.0097920013883448943 -0.047377632441946135 -0.089763124974269165 0.14271638681983534 0.18169261556826316 0.0091924053614984846 -0.15395708879398123 0.01156697786923438 -0.058912411811885758 -0.040000223480391117 0.022307268802713678 -0.12906262346327363 0.069095055845846645 0.093390857965053295 -0.10522943834023518 -0.030507481963126262 -0.0086873333333540945 -0.071189471299152457 0.031816897745017995 -0.12163800162926161 0.066595175013582378 -0.065252065302276424 0.021411481104775202 0.054043272712426212 -0.14395611923027984 -0.060245097950592706 0.012702918782469191 -0.016463417674204058 0.00069325066917595452 0.062955183668667647
leaf_weight=79 43 52 63 41 53 51 48 53 85159 75 43 9687 47 57 3890 564 64 77 432 43 64 55 95 59 63 432 58 73 264 198 45 37 93 404 105 103 62 84 120 456 521 45 121 1514 2790 2073 256
leaf_count=79 43 52 63 41 53 51 48 53 85159 75 43 9687 47 57 3890 564 64 77 432 43 64 55 95 59 63 432 58 73 264 198 45 37 93 404 105 103 62 84 120 456 521 45 121 1514 2790 2073 256
internal_value=-6.09392e-07 0.0134686 0.000360717 -0.0757571 0.0283377 0.0814171 -0.00239694 0.0229586 -5.44396e-05 -0.00177172 0.0014247 -0.00287836 0.0111438 -0.0639389 0.0128006 0.0267821 0.0386787 -0.0144974 -0.0327091 0.032829 0.0704355 0.110009 -0.0319694 -0.006594 -0.0209732 -0.0308058 0.0196625 -0.079259 -0.101961 -0.0147455 -0.0280757 0.0210213 0.0372336 -0.0346685 -0.00302437 -0.0366128 -0.0583411 -0.0368899 -0.0108917 -0.0011359 0.00627642 -0.00566945 0.0185965 0.0233003 -0.0111378 -0.00278095 0.0438807
internal_weight=110811 440 388 104 284 104 180 132 110371 25212 15161 10508 4653 100 4553 821 683 663 479 184 141 119 138 10051 1998 1609 389 400 327 1209 881 328 291 836 8053 428 325 266 204 7625 4379 2223 2156 2035 3246 2178 314
internal_count=110811 440 388 104 284 104 180 132 110371 25212 15161 10508 4653 100 4553 821 683 663 479 184 141 119 138 10051 1998 1609 389 400 327 1209 881 328 291 836 8053 428 325 266 204 7625 4379 2223 2156 2035 3246 2178 314
is_linear=0
shrinkage=0.0970268


Tree=146
num_leaves=48
num_cat=0
split_feature=3 8 9 0 8 9 9 1 5 0 1 8 5 5 3 5 9 6 4 6 4 4 6 6 5 4 6 0 1 9 6 4 6 1 5 9 1 9 5 1 1 3 8 5 5 4 5
split_gain=9.15179 59.9359 48.9952 74.9215 45.4809 45.382 56.3531 38.3339 34.8269 34.4287 70.7932 63.5202 38.6035 41.0087 23.8866 64.5934 120.929 62.0201 131.918 47.3476 50.5512 86.9355 46.1899 19.2038 17.361 13.8371 13.8339 11.9164 29.8829 70.2821 19.7871 31.4774 20.5822 24.3388 19.4557 14.4081 13.7015 12.5687 43.6051 66.2664 70.9944 71.2683 58.7709 55.2945 54.7855 53.8505 53.515
threshold=-0.12964547996240158 -0.047342504378506893 0.0033454605403274505 -1.0000000180025095e-35 -0.037802299367547039 0.067498372905795204 0.038025008673170053 -0.054546037093781093 -0.014179775463703198 -0.15219999999999997 -0.033160675033238239 0.058850980653093861 -0.077163817965381534 -0.016235313855141948 -0.11763871127020718 -0.062141196798233996 -0.00120445082512875 -0.052953350146050744 -0.019352198403562098 -0.03125499123685594 -0.062054601658982245 -0.016040362075139647 0.010166383131484501 -0.010132685783385598 -0.010658947213939849 -0.014187407861517148 -0.057295912137371542 0.9699000000000001 -0.0074907496222206991 0.023683556086155206 0.049167204240305011 -0.036885088530505795 -0.017422101530692596 0.054380513628015652 0.022617112141783503 0.016554207945642354 0.024977767250954155 0.07645789768128107 -0.016768184129348447 0.087725925740820401 -0.066770264626139039 -0.092612507805162433 0.085636336890669254 0.030681698165730801 -0.036623734746121746 0.076092079706672713 -0.045065122558056593
decision_type=2 2 2 2 2 2 2 2 2 2 2 2 2 2 2 2 2 2 2 2 2 2 2 2 2 2 2 2 2 2 2 2 2 2 2 2 2 2 2 2 2 2 2 2 2 2 2
left_child=1 2 23 -4 -3 6 9 -8 26 11 25 12 -6 -14 15 16 -2 18 -17 24 -21 -22 -23 -1 -19 -11 -7 37 29 34 31 -30 35 -34 -29 36 -33 -16 42 40 43 -42 44 -40 46 -46 -39
right_child=14 4 3 -5 5 8 7 -9 -10 10 -12 -13 13 -15 27 17 -18 19 -20 20 21 22 -24 -25 -26 -27 -28 28 30 -31 -32 32 33 -35 -36 -37 -38 38 39 -41 41 -43 -44 -45 45 -47 -48
leaf_value=0.069778113252874641 -0.079764979614497813 0.12429931750140188 -0.0084978355853640095 -0.17097541955065729 0.054396975691202491 0.072761925304186612 -0.10285727097279587 0.0070157716164263046 0.14611858780533668 0.1319886083481768 -0.026078654390868101 0.107560748846959 -0.089494856939399015 0.026156786804034354 0.00017605839851106883 -0.22059645289458493 0.14094421447226596 -0.00022319617589641429 0.012612665283806831 -0.13185763665941358 0.10297591276971878 -0.13643799257929642 0.0082326432297717446 -0.025529217520076711 0.088131664566759887 0.066464779918067068 -0.0090612129857026331 -0.02147207470976812 0.11109001003709143 -0.12578253748231316 -0.026785039490744816 0.030136691596277052 0.071517473014819172 0.0063485416555292213 0.071509079101446243 0.031076262385452486 -0.030521212507605512 0.006767436785549117 -0.0057331286266358115 0.048620655195888048 -0.12537504279395323 -0.017077185102653311 -0.059151453692939074 0.0799846452997197 0.043977918096921018 -0.045607708895604955 -0.04244120583354636
leaf_weight=37 40 39 60 48 39 40 66 54 39 52 73 38 95 41 102892 48 55 43 43 47 40 45 38 42 40 79 37 44 39 46 71 48 124 96 40 110 126 1505 164 163 58 2860 126 124 545 71 241
leaf_count=37 40 39 60 48 39 40 66 54 39 52 73 38 95 41 102892 48 55 43 43 47 40 45 38 42 40 79 37 44 39 46 71 48 124 96 40 110 126 1505 164 163 58 2860 126 124 545 71 241
internal_value=-6.42427e-07 0.0098579 -0.0388059 -0.0811764 0.0230372 0.0168995 0.00497119 -0.0534852 0.071824 0.021852 0.0503013 -0.00539714 -0.0301758 -0.0545884 -7.9591e-05 -0.0226563 0.0479751 -0.0422234 -0.110745 -0.0173989 -0.0467183 -0.0137738 -0.0703836 0.0191247 0.0424754 0.0928819 0.0334887 1.09296e-05 0.0122451 -0.0299199 0.0212019 0.0275092 0.0209365 0.043188 0.0228304 0.00362888 -0.013703 -7.2732e-05 -0.0044446 -0.0116393 -0.0147119 -0.0192506 0.00529436 0.0312037 0.00874597 0.0336134 -2.80817e-05
internal_weight=110811 879 187 108 692 653 537 120 116 417 204 213 175 136 109932 439 95 344 91 253 170 123 83 79 83 131 77 109493 744 130 614 543 504 220 84 284 174 108749 5857 3369 3206 2918 2488 288 2362 616 1746
internal_count=110811 879 187 108 692 653 537 120 116 417 204 213 175 136 109932 439 95 344 91 253 170 123 83 79 83 131 77 109493 744 130 614 543 504 220 84 284 174 108749 5857 3369 3206 2918 2488 288 2362 616 1746
is_linear=0
shrinkage=0.0970268


Tree=147
num_leaves=48
num_cat=0
split_feature=4 2 7 7 6 2 2 7 2 0 7 1 7 7 3 3 7 1 4 9 7 9 7 4 1 6 6 0 0 9 1 0 6 6 7 7 2 2 4 7 3 3 1 9 1 0 6
split_gain=8.64907 16.5129 15.742 31.845 18.158 42.8765 30.5345 13.7079 10.1284 43.4652 37.474 32.9441 44.2495 85.7474 47.3398 30.3217 34.0784 24.0421 23.5181 20.2114 28.1522 27.0565 33.502 19.985 17.8546 17.4502 15.0957 21.3725 34.7793 17.4441 13.0248 11.4839 33.7516 86.5088 62.2582 59.9475 38.7166 35.9552 38.9463 37.4079 29.3784 45.9982 42.7031 20.791 10.8032 10.6774 88.3669
threshold=0.16072840484116965 -0.14208978606027103 -0.0055115477126928989 -0.045756655710785993 0.0067174782386553505 0.010951438399460502 -0.056609642482235392 0.043686119115740905 -0.17083181571866912 0.81775000000000009 -0.03594534127811929 0.044136280071495206 -0.066152099884724785 -0.040896945934992941 0.010751070128590001 -0.060384456199259397 -0.020683376266956297 -0.041439864055435989 -0.087349392908086396 0.078565514943708517 -0.039348472633845243 0.04147810879812331 0.017054644400635203 -0.0080955067557432481 0.032730082047951463 0.060805116615952261 0.1777796226144763 -0.9061499999999999 -0.45819999999999994 0.034880395704190305 0.0038081962513300503 -0.97184999999999988 0.051415078185774406 0.045236436153842957 0.056966002428429356 0.071292518634747268 0.11913951407920341 0.018851818115529401 -0.01042230348841885 0.012330713277000851 0.060758625435256862 0.035007445768948806 0.047759208922019708 -0.014869158795739747 0.006740785208163051 -0.95834999999999992 -0.071776494748993336
decision_type=2 2 2 2 2 2 2 2 2 2 2 2 2 2 2 2 2 2 2 2 2 2 2 2 2 2 2 2 2 2 2 2 2 2 2 2 2 2 2 2 2 2 2 2 2 2 2
left_child=8 -2 3 -3 6 -6 -4 -8 9 11 -11 12 14 25 -1 17 23 -15 -13 20 -20 22 -22 -17 -18 -14 31 -28 -29 44 -12 32 33 36 40 -36 37 39 -39 -10 41 42 -34 -43 -30 46 -33
right_child=1 2 4 -5 5 -7 7 -9 26 10 30 18 13 15 -16 16 24 -19 19 -21 21 -23 -24 -25 -26 -27 27 28 29 -31 -32 45 34 -35 35 -37 -38 38 -40 -41 -42 43 -44 -45 -46 -47 -48
leaf_value=0.14627379080230424 -0.04226028394886916 -0.023769911029001556 -0.021556807318862937 0.08321113352145873 0.039833853706195729 -0.088658925968875271 0.092034234015723027 0.017504609174189802 -0.030371368036866488 -0.10182470302289498 -0.041720348504478429 -0.069457417388978857 -0.1187314498429944 0.011038470951892929 0.015858473386603979 0.11855135081067768 0.0056324110029566101 0.10830664651497313 -0.06859507584916362 0.055848857741320583 0.048909969208498057 -0.060025760640021894 -0.019336716939933454 0.030714769835174544 0.062410422047266691 -0.036263210946045642 0.0375353760622789 -0.088561586062283371 -0.02186234963734798 -0.061268007208917535 0.018708526209975346 -0.091869175139644099 0.014306447526347677 -0.13094862337718166 0.15961811778605359 0.013358001408065171 -0.084888909272605076 0.073889959142993331 -0.032750871720766121 0.0069031758600138337 0.055918014703578704 -0.025113085778143765 -0.093679929462834544 -0.11938830718889668 0.046598742138274508 -0.00011605285068972319 0.011361158395799056
leaf_weight=53 44 38 72 82 47 50 57 40 557 57 60 52 38 37 52 46 576 69 61 52 138 53 132 53 57 68 43 77 37 37 75 81 335 59 47 60 63 96 48 464 69 43 38 46 51 104512 1889
leaf_count=53 44 38 72 82 47 50 57 40 557 57 60 52 38 37 52 46 576 69 61 52 138 53 132 53 57 68 43 77 37 37 75 81 335 59 47 60 63 96 48 464 69 43 38 46 51 104512 1889
internal_value=-4.81286e-07 0.0137267 0.0201714 0.0492923 0.00694275 -0.0264012 0.0261534 0.0616023 -5.40925e-05 0.00731264 -0.0361521 0.0127566 0.0224448 0.0157668 0.082094 0.026182 0.0191168 0.0746181 -0.0080516 -0.000647252 -0.00837423 0.00304426 0.0155325 0.0719477 0.0107975 -0.0662646 -0.000171433 -0.0242082 -0.0374477 -0.00569752 -0.00812656 -0.000116932 -0.0075434 -0.0165902 0.0106906 0.0780605 -0.0110455 -0.0070153 0.0382872 -0.0134268 -0.00291831 -0.0117682 0.0031878 -0.0742735 0.0177424 1.72678e-05 0.00709337
internal_weight=110811 430 386 120 266 97 169 97 110381 1729 192 1537 1049 944 105 838 732 106 488 436 384 323 270 99 633 106 108652 245 202 125 135 108407 1925 1287 638 107 1228 1165 144 1021 531 462 373 89 88 106482 1970
internal_count=110811 430 386 120 266 97 169 97 110381 1729 192 1537 1049 944 105 838 732 106 488 436 384 323 270 99 633 106 108652 245 202 125 135 108407 1925 1287 638 107 1228 1165 144 1021 531 462 373 89 88 106482 1970
is_linear=0
shrinkage=0.0970268


Tree=148
num_leaves=48
num_cat=0
split_feature=2 4 2 7 5 3 0 0 7 7 2 2 2 0 5 5 7 4 6 3 7 0 7 1 3 3 2 2 7 1 4 4 5 7 3 7 2 7 2 7 0 7 7 2 1 2 1
split_gain=8.69416 40.2355 99.3778 91.8914 95.1299 79.5492 84.8514 125.072 57.1089 110.355 100.343 75.3537 104.865 80.087 65.1962 67.8836 58.6586 55.712 80.1205 118.999 132.393 132.493 84.9375 82.5946 102.642 100.298 93.0103 90.5606 71.9425 76.0042 71.5376 63.531 102.153 163.811 108.65 98.6558 87.3566 61.7177 56.7827 54.787 90.7207 60.0902 102.89 108.915 61.8318 93.6097 70.5497
threshold=-0.023313528556165596 -0.019818623304950395 -0.021189410923942498 0.017899829447127303 -0.0057703504415643489 0.05420432895338171 0.51075000000000015 -0.44049999999999995 -0.072968728161537835 -0.067757262390685344 -0.015968022977862244 0.0027752352565235503 0.016521050577421304 -0.050699999999999988 -0.068132371908980083 -0.090661455407631292 -0.066152099884724785 -0.01042230348841885 0.020579722632371702 -0.036049658528969096 -0.072968728161537835 -0.29519999999999996 -0.071174542850818326 -0.040660793377104147 0.040371801211136753 -0.025110274875677397 0.13227427737351585 0.0074724399692202509 -0.0075934492379861997 0.025529598342018855 -0.014187407861517148 -0.0086090722231190967 0.029329672664128403 -0.00039405811183664994 0.015493467388554 -0.021153922894160949 0.0092242416220001521 -0.011833342826950298 -0.0109481708729846 0.010625455517355451 -0.82694999999999985 -0.010488563263260699 -0.0047458994511373987 0.064256267873574413 0.021277210818736205 0.057502257722822456 0.04206493927765801
decision_type=2 2 2 2 2 2 2 2 2 2 2 2 2 2 2 2 2 2 2 2 2 2 2 2 2 2 2 2 2 2 2 2 2 2 2 2 2 2 2 2 2 2 2 2 2 2 2
left_child=-1 2 3 5 -5 6 7 -2 10 -10 -4 13 -13 -12 15 -14 -11 18 19 20 -3 30 -21 24 -24 27 -27 -25 29 -23 -22 32 33 35 -35 36 -19 -37 -20 41 -41 44 -43 -44 45 -40 -46
right_child=1 17 8 4 -6 -7 -8 -9 9 16 11 12 14 -15 -16 -17 -18 31 38 22 21 28 23 25 -26 26 -28 -29 -30 -31 -32 -33 -34 34 -36 37 -38 -39 39 40 -42 42 43 -45 46 -47 -48
leaf_value=0.00071379252567433445 -0.07333363261176426 -0.094788027074888467 -0.11566442586797114 0.091549862146295305 -0.056955832452490494 0.042100101939836806 -0.0078135355475619037 -0.23868420219440981 -0.072425312663211533 0.08613231530986297 0.17958257949870204 -0.093225746487351394 0.02538757023138067 0.0094652730912871269 0.013751696711026259 0.16498997658819992 -0.0045785564467552596 -0.14306580806631333 -0.086529637702996695 0.10835997786815425 0.11246625503653541 0.20649122699112191 0.093157050085523149 -0.15049247576307248 -0.031309589310139621 0.016251589581137205 -0.061126492274299851 -0.0034698174653088011 0.0044678209176126325 0.026962725796777387 0.26437766816572317 0.00034638869470187615 0.031422206666375387 0.059935036357915146 -0.090065470074858961 -0.25398931806910136 0.012445893843476899 -0.10793334021237355 0.11397288091182489 -0.064095145443279461 0.056067629932077541 -0.19516596872039432 0.074526878692895399 -0.1049390988157604 -0.13909221040917755 -0.015326954723726622 0.0040766357179466695
leaf_weight=65533 113 41 50 72 92 41 65 70 226 67 57 76 74 48 711 59 14335 58 85 83 83 43 206 75 89 1321 164 83 151 46 46 25109 178 135 68 51 81 61 81 77 250 45 57 71 53 149 82
leaf_count=65533 113 41 50 72 92 41 65 70 226 67 57 76 74 48 711 59 14335 58 85 83 83 43 206 75 89 1321 164 83 151 46 46 25109 178 135 68 51 81 61 81 77 250 45 57 71 53 149 82
internal_value=-4.99321e-07 -0.00103453 -0.00491783 -0.0497017 0.00825276 -0.0825857 -0.103272 -0.137033 -0.00362402 -0.00521089 0.0179542 0.0245257 0.0156027 0.102248 0.0254547 0.0877089 -0.00415343 0.00111953 0.0128285 0.0221658 0.0698046 0.0882043 0.0124843 0.00835087 0.0555837 -0.000136154 0.00768511 -0.0735305 0.0453878 0.114365 0.167387 -0.000418232 -0.0307909 -0.0552096 0.0095613 -0.107559 -0.0526124 -0.175221 -0.0110546 -0.00358904 0.0276985 -0.0226297 -0.0696553 -0.0249664 -0.000261375 0.0302933 -0.0523184
internal_weight=110811 45278 16156 453 164 289 248 183 15703 14628 1075 1025 920 105 844 133 14402 29122 3381 2431 410 369 2021 1938 295 1643 1485 158 240 89 129 25741 632 454 203 251 139 112 950 865 327 538 173 128 365 230 135
internal_count=110811 45278 16156 453 164 289 248 183 15703 14628 1075 1025 920 105 844 133 14402 29122 3381 2431 410 369 2021 1938 295 1643 1485 158 240 89 129 25741 632 454 203 251 139 112 950 865 327 538 173 128 365 230 135
is_linear=0
shrinkage=0.0970268


Tree=149
num_leaves=48
num_cat=0
split_feature=6 2 6 0 7 7 7 7 2 9 9 3 0 2 3 9 5 2 0 8 5 8 2 5 2 6 3 0 5 5 7 9 2 6 0 7 8 8 7 7 3 9 0 3 2 8 8
split_gain=7.67781 49.3458 52.4183 89.4124 91.3828 169.785 50.5038 70.2589 60.3591 60.7255 70.8075 50.5233 47.9901 44.5848 49.5111 62.9824 41.6586 36.6371 36.0098 65.2875 42.9767 34.3686 51.7671 56.0036 43.3841 36.8781 63.4487 103.364 43.8988 54.5144 38.6299 40.2256 31.0173 28.6745 29.538 28.4667 72.3471 99.9733 76.8553 43.6955 41.2641 29.3176 39.1103 28.0914 28.0627 26.5736 26.2194
threshold=-0.094228828173285387 -0.034998678087981891 -0.10177891738750298 -0.62494999999999989 0.033796842637072305 -0.049367784495548642 -0.067757262390685344 -0.0079848888777889985 0.1228346226945554 -0.024870080604437145 -0.07430053697130258 -0.048374830744031795 0.20235000000000003 -0.11939589641391414 -0.064555988206008136 0.022220070859312605 -0.013686311631270499 -0.072666026837171424 -1.0000000180025095e-35 0.013694470897418601 -0.021770828630020295 0.0082059095705291022 -0.057891413705310091 -0.027581098768560148 -0.051159864496574996 -0.10780691802567359 0.035007445768948806 -0.63704999999999989 -0.0024308957916794999 -0.027581098768560148 0.025036516320670953 -0.014869158795739747 -0.039719878089841593 -0.14365309090876116 0.42080000000000001 0.019372093498566206 0.013694470897418601 0.064732455425072513 0.00079615341766600017 1.0000000180025095e-35 -0.097035994128117739 0.10439905251003316 -0.55789999999999995 0.022232943027295605 0.048370956058493307 0.036746886502257152 0.11096802937252122
decision_type=2 2 2 2 2 2 2 2 2 2 2 2 2 2 2 2 2 2 2 2 2 2 2 2 2 2 2 2 2 2 2 2 2 2 2 2 2 2 2 2 2 2 2 2 2 2 2
left_child=1 2 21 4 5 -4 8 11 9 10 -3 12 -8 -5 -15 18 -13 -7 20 -20 -16 25 46 24 43 26 27 -1 29 -27 31 -29 -25 34 -9 36 39 38 -38 -35 -37 42 -42 -24 -41 -26 -23
right_child=-2 6 3 13 -6 17 7 33 -10 -11 -12 16 -14 14 15 -17 -18 -19 19 -21 -22 22 23 32 45 28 -28 30 -30 -31 -32 -33 -34 35 -36 40 37 -39 -40 44 41 -43 -44 -45 -46 -47 -48
leaf_value=-0.2026320942932883 0.00018710965473479416 -0.0080631543634572759 -0.21791859947013892 -0.11520118322582863 -0.20031236182774342 0.084516542693885532 -0.083903610481775595 0.11973372308499761 0.075034063333710016 0.01042461230361575 -0.17186187861406274 0.046863121131136561 0.065213567845093787 0.075194465880450062 -0.15729265381612031 0.028698825996377773 0.12531298389021236 -0.034502788880246951 0.047071361238369878 -0.055753878132946799 -0.025820630757802224 0.015302937716460529 -0.13692521561775567 0.022052218130578474 -0.078846979885107318 0.034806525469706841 -0.0025321392625137482 -0.12342223510597121 0.076408976775629633 -0.11516541846666782 -0.00087242580051699137 -0.016637123681038195 -0.060141071349541102 0.11520030004349334 0.0050123566739257398 0.10522291225831709 -0.21369371021086472 0.060365181659557884 -0.051544342663281138 0.033987311010439475 -0.046835817062391628 -0.062030150823221664 0.021127982786453708 -0.030915961465350975 -0.072753238186683333 -0.0065538721722132589 -0.024703950385576035
leaf_weight=43 105129 42 39 38 51 45 44 39 39 72 61 216 37 61 47 188 91 52 86 177 47 1527 67 270 64 58 333 75 72 37 122 60 51 37 46 40 46 40 69 58 94 57 510 37 38 188 171
leaf_count=43 105129 42 39 38 51 45 44 39 39 72 61 216 37 61 47 188 91 52 86 177 47 1527 67 270 64 58 333 75 72 37 122 60 51 37 46 40 46 40 69 58 94 57 510 37 38 188 171
internal_value=-5.75064e-07 -0.00347452 -0.00932405 -0.0310135 -0.090007 -0.0480873 0.0105005 0.01695 -0.0334656 -0.0578194 -0.105462 0.052316 -0.01569 -0.0138218 -0.00737435 -0.0166835 0.0702859 0.0207435 -0.0406138 -0.022074 -0.0920601 -0.00364097 0.00221516 -0.0204584 -0.0469388 -0.02103 -0.0317317 -0.0640638 0.0194569 -0.0237558 -0.0405517 -0.0762284 0.00890347 0.00414947 0.0580859 -0.0004994 -0.026168 -0.0711472 -0.117024 0.026241 0.0100425 0.00420584 0.0105105 -0.0995738 -0.00830087 -0.0250508 0.0112635
internal_weight=110811 5682 4006 831 187 136 1676 1462 214 175 103 388 81 644 606 545 307 97 357 263 94 3175 2375 677 356 800 633 300 167 95 257 135 321 1074 85 989 288 155 115 133 701 661 604 104 96 252 1698
internal_count=110811 5682 4006 831 187 136 1676 1462 214 175 103 388 81 644 606 545 307 97 357 263 94 3175 2375 677 356 800 633 300 167 95 257 135 321 1074 85 989 288 155 115 133 701 661 604 104 96 252 1698
is_linear=0
shrinkage=0.0970268


Tree=150
num_leaves=48
num_cat=0
split_feature=2 8 9 6 8 6 0 9 7 4 2 3 4 3 6 0 6 6 4 7 9 2 9 8 9 3 8 3 2 8 4 2 2 0 9 8 2 9 0 2 9 3 8 3 8 4 9
split_gain=7.83668 74.8512 53.7207 82.68 50.0958 132.785 156.864 171.115 132.252 122.809 116.37 117.197 147.402 105.31 92.3656 91.6494 150.251 91.4788 111.19 110.827 92.422 146.978 100.628 92.7243 119.53 111.802 90.9076 88.5028 85.4726 83.5774 91.7837 81.9769 81.2109 132.119 120.173 92.8318 81.1466 80.6137 103.59 142.43 103.031 122.777 104.808 89.6746 78.4356 99.4328 89.7871
threshold=-0.023313528556165596 -0.14289358475273709 0.050150687741229556 -0.013826940947988298 -0.0093031145950122976 -0.019446293347743945 -0.45944999999999997 -0.027575141132673547 -0.025797763820079346 -0.036242308413944539 -0.03212242909321824 -0.014897930880033399 -0.036885088530505795 -0.0083109622227500995 -0.050083424453311438 -0.57239999999999991 -0.037985623965063095 0.017364970334903151 -0.035635790281660189 1.0000000180025095e-35 0.032332685491219808 -0.044301035557139538 0.034205711611230809 0.060749889871070308 0.045848820802582659 0.076116961735840413 -0.037802299367547039 0.0014670405244712503 -0.025267383403437347 -0.10423203134174834 -0.10991302374874019 -0.13201138305391497 -0.026579094057372146 -0.57174999999999987 0.04923997004275861 0.025605468925480903 -0.089159629001615087 -0.015762694143431247 -0.70924999999999983 -0.038601919834530297 0.082957297380862258 -0.012892311691464547 0.080626581180329712 0.041971733065572205 -0.065268669685374078 -0.027757079694464299 -0.057418365117837898
decision_type=2 2 2 2 2 2 2 2 2 2 2 2 2 2 2 2 2 2 2 2 2 2 2 2 2 2 2 2 2 2 2 2 2 2 2 2 2 2 2 2 2 2 2 2 2 2 2
left_child=4 2 -2 -4 5 6 7 31 14 29 -7 -12 -13 -14 26 36 -17 18 20 32 -6 22 -22 25 -25 -24 -9 28 -8 -10 -31 -1 -20 35 -35 -34 -11 -21 39 43 42 -42 -40 -39 45 -33 -46
right_child=1 -3 3 -5 17 10 27 8 9 15 11 12 13 -15 -16 16 -18 -19 19 37 21 -23 23 24 -26 -27 -28 -29 -30 30 -32 44 33 34 -36 -37 -38 38 40 -41 41 -43 -44 -45 46 -47 -48
leaf_value=0.040501524578885194 0.027077252671483299 -0.0017152261865821077 0.044859796943446946 -0.086293706492394151 0.027609672018256995 0.00030980174788326146 -0.013722744145878873 0.070069902950555846 -0.090353103898050527 -0.079350903225653691 0.075174171974613763 -0.0699361133154391 -0.082459206656747511 0.045907475175721899 -0.09637952734529405 -0.031334342452284475 -0.22378016997457015 -0.0046523001957152242 0.011109972632702752 -0.014592276512615639 -0.12308920829511254 -0.049072103598762087 0.04809977004011929 0.085769468581234395 -0.07715970137048675 -0.11559493313951069 -0.073913334830657137 0.0063999193585361387 -0.13030805928857384 -0.084215869328611123 0.039703905352833767 -0.071914464149795146 -0.20920156673605889 0.017274822480450373 -0.16388719201490659 -0.033877844155602986 -0.0012111273803574755 0.017468180327093727 0.0035817681358088212 0.082721034188239201 -0.1805270382510471 -0.021549107636429945 -0.042240324244704489 -0.077744447965311742 -0.14761195273918715 -0.23924762400223773 -0.031742646880253252
leaf_weight=44 1325 43770 80 103 3492 16187 3010 77 59 157 392 169 67 558 314 115 57 10863 11466 4205 45 430 759 58 154 41 88 3600 60 61 669 65 56 335 38 58 611 1136 4521 315 65 153 524 101 93 70 195
leaf_count=44 1325 43770 80 103 3492 16187 3010 77 59 157 392 169 67 558 314 115 57 10863 11466 4205 45 430 759 58 154 41 88 3600 60 61 669 65 56 335 38 58 611 1136 4521 315 65 153 524 101 93 70 195
internal_value=-9.8067e-07 -0.000982699 0.0202675 -0.028937 0.000677168 -0.00255603 -0.0118823 -0.031731 -0.020431 -0.00791995 0.00246022 0.0317918 0.0103338 0.0320859 -0.0655254 -0.0316084 -0.0955518 0.00290296 0.00583951 0.00298996 0.0189841 -0.00126767 0.0181827 0.024522 -0.0324602 0.0396428 -0.00665811 -0.00391907 -0.0160217 0.0202922 0.029294 -0.085072 0.00946083 -0.0293242 -0.00131964 -0.120533 -0.0172315 -0.00402802 0.0024895 0.0245154 -0.00400538 -0.0692481 -0.00117883 0.00966303 -0.0981829 -0.159219 -0.0693506
internal_weight=110811 45278 1508 183 65533 26718 9345 2675 2208 1729 17373 1186 794 625 479 940 172 38815 27952 22973 4979 1487 1057 1012 212 800 165 6670 3070 789 730 467 11953 487 373 114 768 11020 6815 1552 5263 218 5045 1237 423 135 288
internal_count=110811 45278 1508 183 65533 26718 9345 2675 2208 1729 17373 1186 794 625 479 940 172 38815 27952 22973 4979 1487 1057 1012 212 800 165 6670 3070 789 730 467 11953 487 373 114 768 11020 6815 1552 5263 218 5045 1237 423 135 288
is_linear=0
shrinkage=0.0970268


Tree=151
num_leaves=48
num_cat=0
split_feature=9 8 8 5 1 1 7 7 7 2 2 6 6 8 1 6 5 8 1 2 8 2 8 6 8 5 5 9 2 4 1 5 1 7 4 8 8 2 1 9 1 1 2 2 6 1 7
split_gain=8.28696 42.8357 52.9738 49.6909 42.8522 49.8578 77.9741 129.534 43.868 40.7356 49.0315 61.7757 46.6002 35.0231 38.8954 27.4937 39.3619 42.954 57.0216 45.1232 80.681 53.1081 39.7374 35.7283 41.8069 32.3461 59.4549 43.0773 38.6208 44.8237 33.7677 32.2055 25.991 22.4902 25.3588 23.6241 19.9369 17.0444 13.7302 11.4685 52.8699 87.7602 63.2881 77.1878 61.145 56.4701 57.6347
threshold=-0.07430053697130258 0.055228771759032555 0.14639739979670599 0.11544786664034272 0.11572786674830127 -0.029149518043964047 0.062053895241523611 0.028179736554657605 -0.0031166339909662493 0.20726072816573907 -0.048309222330526945 0.026753184202400353 0.035488849536434205 0.051717489158435513 -0.012727259319531297 0.042413382382144059 -0.026540078034410445 0.047091929258637553 -0.11467891774724588 0.076995206897744417 -0.030119355805494297 -0.025267383403437347 -0.183077265801426 0.046214547988332508 0.031543377519723005 -0.012680296350396199 -0.0071777288439672992 -0.093325357103541742 -0.033900420502086047 0.0318047636687337 -0.10246340893092402 -0.020272787634516298 0.0038081962513300503 -0.040131024204365796 0.0060698043151713012 -0.16908308015165413 -0.10742709131411114 0.070421574323952615 0.006740785208163051 -0.058611010757857941 -0.096374697003733731 -0.051614646756617942 -0.045503285490511594 0.093235856417146365 0.047166723553374208 -0.041439864055435989 -0.077019594013514436
decision_type=2 2 2 2 2 2 2 2 2 2 2 2 2 2 2 2 2 2 2 2 2 2 2 2 2 2 2 2 2 2 2 2 2 2 2 2 2 2 2 2 2 2 2 2 2 2 2
left_child=1 13 3 4 5 6 7 8 -3 10 12 -12 -7 15 -15 16 17 18 -1 21 -21 -20 -18 32 33 28 27 -27 31 -30 -28 -24 -17 34 -25 -35 -37 38 -4 40 42 44 -2 -44 -42 -43 -47
right_child=39 2 37 -5 -6 9 -8 -9 -10 -11 11 -13 -14 14 -16 23 22 -19 19 20 -22 -23 25 24 -26 26 30 -29 29 -31 -32 -33 -34 35 -36 36 -38 -39 -40 -41 41 45 43 -45 -46 46 -48
leaf_value=0.087597219785053942 0.0043518582897617304 -0.0076666025527659257 0.093233182401169429 0.062354742422666358 0.073663885866850215 0.013299857200999325 0.11476542707161912 -0.12923119980433065 0.094233553016972546 0.03559268799545684 -0.093039743404233086 -0.0099567917795113665 -0.099291079199951504 0.13400658940554264 0.0019798733975738229 0.023270796313550886 -0.073390666138281879 -0.10291358082257715 -0.019164003570201635 0.00069755830992573441 -0.094948737270972222 0.030408247149965373 -0.066973597448773362 0.11350489995468996 -0.059966607933420221 -0.14194236221976497 -0.049728594547731791 -0.012072951325181745 0.091246481221810991 -0.012333595926633854 0.014919726118312267 0.042562098968997042 0.13213119836695519 -0.044331510875990528 0.010107160992761545 0.060058167901582513 0.011958683366473348 -0.011035282513540207 0.028369039487810357 1.4007857303652082e-05 0.018503219884449605 -0.059308491317240759 -0.14929907752123486 -0.0081545401454117677 0.1025872391949591 -0.05259595540742313 -0.0015835778243772946
leaf_weight=57 126 124 53 64 39 156 49 71 58 55 304 117 44 43 41 38 51 45 512 188 148 337 46 51 61 40 79 60 158 52 1778 55 46 54 40 106 346 50 75 100747 454 190 85 64 99 223 3132
leaf_count=57 126 124 53 64 39 156 49 71 58 55 304 117 44 43 41 38 51 45 512 188 148 337 46 51 61 40 79 60 158 52 1778 55 46 54 40 106 346 50 75 100747 454 190 85 64 99 223 3132
internal_value=-1.7325e-06 0.00360421 -0.012184 -0.0202674 -0.0254994 -0.029493 0.00325353 -0.0184611 0.0248982 -0.044129 -0.0512237 -0.0700049 -0.0115797 0.00809199 0.0700035 0.00688716 0.00338306 -0.0102186 -0.00681916 -0.0113978 -0.0414706 0.000507512 0.0109362 0.0238926 0.0162397 0.0128497 0.00821999 -0.0644876 0.0419028 0.0655807 0.0121539 -0.00730499 0.0833536 0.0240782 0.0684106 0.0160372 0.0233042 0.0367873 0.055515 -0.000197053 -0.00506121 -0.00229296 -0.0462135 -0.0889276 0.0336391 -0.00790406 -0.00498315
internal_weight=110811 5691 1259 1081 1017 978 302 253 182 676 621 421 200 4432 84 4348 3606 1287 1242 1185 336 849 2319 742 658 2268 1957 100 311 210 1857 101 84 597 91 506 452 178 128 105120 4373 4098 275 149 553 3545 3355
internal_count=110811 5691 1259 1081 1017 978 302 253 182 676 621 421 200 4432 84 4348 3606 1287 1242 1185 336 849 2319 742 658 2268 1957 100 311 210 1857 101 84 597 91 506 452 178 128 105120 4373 4098 275 149 553 3545 3355
is_linear=0
shrinkage=0.0970268


Tree=152
num_leaves=48
num_cat=0
split_feature=7 2 8 2 2 5 8 8 9 4 3 3 6 5 5 9 7 2 5 5 7 5 7 5 2 9 5 8 2 8 8 9 4 6 2 5 4 4 8 6 8 3 2 5 4 6 8
split_gain=7.65126 45.4364 108.649 90.969 73.7956 69.3712 67.7845 85.2996 61.461 60.8578 60.5835 78.1553 74.9814 73.0419 69.3117 65.8439 60.4725 125.375 59.2484 58.0404 61.9291 105.098 61.8491 54.4093 127.97 147.703 134.473 118.979 91.2918 79.7445 108.755 100.709 72.0235 68.2307 59.958 72.5096 61.4772 98.043 76.9767 57.9368 53.2203 77.0645 51.7237 79.413 51.5304 50.0505 50.0106
threshold=-0.044068015676719648 -0.072666026837171424 -0.043372761206445593 -0.076435332777726836 -0.064741703001510595 0.041940620523972703 -0.026954599962492495 0.03477939404959466 -0.0043373252611944987 0.023072568561417702 -0.038001164013311946 -0.030240521553267247 0.087630667783161906 -0.060945116964850443 0.021995029554704604 0.10439905251003316 -0.053374714707522496 0.012719415840708201 -0.1441432172832007 -0.11662074239669119 -0.12414715810516293 -0.031034366247404795 -0.059299416812386943 -0.054628295528291189 0.027897564576369851 -0.037963569732888044 0.032032059847896054 -0.096041086116257737 -0.013522962455048748 -0.055294504275847194 -0.03090695489089405 0.040753127502359605 0.0037102486790430004 0.038815968397684204 0.067498221690603308 -0.057609274129793192 -0.017405078428784599 -0.040290173996059442 -0.09115508704920379 -0.0011237611883628997 -0.11850123737082839 -0.043278355832032898 -0.080145420356260391 0.028030629676504104 -0.014187407861517148 0.011299098060880501 0.064732455425072513
decision_type=2 2 2 2 2 2 2 2 2 2 2 2 2 2 2 2 2 2 2 2 2 2 2 2 2 2 2 2 2 2 2 2 2 2 2 2 2 2 2 2 2 2 2 2 2 2 2
left_child=1 2 18 8 9 -5 23 -8 -4 46 13 14 15 -9 -12 -13 -15 -18 -1 22 21 -21 -10 34 25 26 32 -27 -29 31 33 45 -25 -31 40 36 37 -36 -38 -33 -6 -42 -22 -44 -23 -26 -3
right_child=-2 4 3 5 6 -7 7 10 19 -11 11 12 -14 16 -16 -17 17 -19 -20 20 42 44 -24 24 29 27 -28 28 -30 30 -32 39 -34 -35 35 -37 38 -39 -40 -41 41 -43 43 -45 -46 -47 -48
leaf_value=0.084722778697820342 0.0003435730750358507 -0.035942550915915222 0.028933127611463726 0.040126383431859723 -0.037573665269083241 0.15354379508405902 -0.017220394535318158 0.075084403789757712 -0.0096811582254344945 0.01707009425998033 0.026335059999850367 0.0078299779274940366 -0.049884882972892348 -0.014085804165996403 0.15681790239598706 0.12326668129741146 -0.19035951491418837 -0.019107118912385805 -0.02618820756057141 0.045387176485213558 0.013736042826535299 -0.16054145802261541 -0.14164694300979114 -0.063429999915401894 0.071483208759343844 -0.093492781805645062 0.015096708562713996 0.0060569177458140566 0.094142449090581115 -0.037321554378614716 0.10375849480813426 0.03151963496536167 -0.19806546450823356 0.081026596241094831 -0.0035810860841256663 -0.13991276488503801 -0.010273040819543534 0.17328684041977499 -0.091991583758390949 -0.1360654235285518 0.15280304976618134 0.016684200005359622 0.0069829647936284567 -0.12795705008002414 -0.029230002378188263 0.015062851303146153 -0.11208810243627362
leaf_weight=47 93649 527 1054 231 77 65 4314 67 90 174 106 2494 213 525 60 47 62 114 1027 69 1993 67 53 74 708 89 94 488 143 323 80 37 77 53 139 47 413 37 147 40 56 129 116 63 49 188 96
leaf_count=47 93649 527 1054 231 77 65 4314 67 90 174 106 2494 213 525 60 47 62 114 1027 69 1993 67 53 74 708 89 94 488 143 323 80 37 77 53 139 47 413 37 147 40 56 129 116 63 49 188 96
internal_value=-1.48869e-06 -0.00188491 0.00598446 0.0135982 -0.00505203 0.065245 -0.00306193 -0.00795841 0.00928697 -0.0335919 0.00287392 0.00925405 0.00534777 -0.0213637 0.0738287 0.00998875 -0.0306344 -0.0797954 -0.0212949 0.00099701 0.00464632 -0.0491712 -0.0589265 0.0083283 0.0163921 -0.0108964 -0.0759066 0.0112436 0.026083 0.0348242 0.00131883 0.0505099 -0.132504 -0.0205435 -0.0101355 -0.0235843 -0.0160679 0.0338719 -0.0317933 -0.0556833 0.0299951 0.0581894 0.00924306 -0.0406462 -0.105457 0.0596679 -0.0477582
internal_weight=110811 17162 4924 3850 12238 296 11441 8002 3554 797 3688 2920 2754 768 166 2541 701 176 1074 2500 2357 185 143 3439 2394 965 245 720 631 1429 456 973 151 376 1045 783 736 176 560 77 262 185 2172 179 116 896 623
internal_count=110811 17162 4924 3850 12238 296 11441 8002 3554 797 3688 2920 2754 768 166 2541 701 176 1074 2500 2357 185 143 3439 2394 965 245 720 631 1429 456 973 151 376 1045 783 736 176 560 77 262 185 2172 179 116 896 623
is_linear=0
shrinkage=0.0970268


Tree=153
num_leaves=48
num_cat=0
split_feature=0 2 7 2 5 4 2 2 1 7 7 7 5 8 8 2 1 9 5 4 9 9 0 9 5 8 9 8 8 2 0 1 1 0 5 8 0 2 0 2 2 5 5 0 2 1 4
split_gain=8.16408 31.5548 42.6036 37.7669 26.3554 26.4945 61.7765 65.1373 60.5865 109.711 115.548 86.2766 82.3687 95.5224 91.5982 75.3343 69.6507 65.879 65.2019 64.557 59.0948 89.0437 58.9273 48.2792 72.666 43.3462 33.9199 31.4514 23.132 15.5518 29.6092 33.9207 55.1441 34.0971 33.3586 61.808 49.1056 52.3797 37.2065 69.2566 66.2085 71.9427 57.0263 54.4791 52.5013 42.1253 40.3856
threshold=-0.9020999999999999 0.25269711691732732 0.024530531217677402 0.21980754745819697 -0.15701326116810319 -0.037504484479936144 0.19691911727626446 0.14557294659921924 -0.012727259319531297 -0.033364455900177149 -0.053374714707522496 -0.026833814488234294 0.0092518209822499507 0.046354894821261504 -0.050567580174565745 -0.015169470707859399 -0.030486284205371996 0.043642722101187255 0.099374248208709659 -0.039579590793435641 0.10439905251003316 0.078565514943708517 -0.94224999999999992 0.023201306501255854 -0.032804706983796741 -0.0023190882243054492 0.010908478283305201 0.018256997508574253 -0.034986805841587039 -0.12267930713417503 0.59945000000000015 -0.064138842112450675 -0.088466563217258196 0.77850000000000008 0.017703287300454302 -0.14289358475273709 0.10280000000000002 -0.14805284272873262 -0.5422499999999999 -0.12786072227555087 -0.13201138305391497 0.041003737999609255 0.079163110103842318 -0.44024999999999997 -0.12987122033696444 -0.039936154043184395 0.0060698043151713012
decision_type=2 2 2 2 2 2 2 2 2 2 2 2 2 2 2 2 2 2 2 2 2 2 2 2 2 2 2 2 2 2 2 2 2 2 2 2 2 2 2 2 2 2 2 2 2 2 2
left_child=1 3 -3 4 -1 8 7 20 12 10 22 -11 13 17 18 -12 -15 -6 -14 -13 21 -7 -10 27 -25 -16 -8 -9 -5 30 34 32 33 -32 -2 36 37 -36 39 40 41 -37 43 -40 -45 -44 -47
right_child=29 2 -4 28 5 6 26 23 9 11 15 19 14 16 25 -17 -18 -19 -20 -21 -22 -23 -24 24 -26 -27 -28 -29 -30 -31 31 -33 -34 -35 35 38 -38 -39 42 -41 -42 -43 45 44 -46 46 -48
leaf_value=0.068322093988432517 0.0032815743988281292 -0.0040025011739830254 -0.12747100902275768 -0.001940835457776536 -0.049066191503918638 0.00060934516644629659 -0.14860007779490267 -0.016624313222605703 0.049348919850841215 0.10364892743730572 -0.18264154485331754 -0.011431414438898665 0.10388759911950379 0.055858966025285006 -0.024420980237864275 -0.042356884023460543 -0.073023710317572571 0.029684674740384852 -0.011753589659255581 -0.10558986072198533 0.096191579185585047 -0.073859711518002497 -0.072351460386796129 -0.0078695021927423694 0.14880749127711498 0.019494518554481772 -0.019566067400137901 0.06897423751905718 0.091481623224595465 -4.6391094711411569e-05 0.040820088292421869 -0.0092413301414476234 0.071663850954449021 -0.079086128579684015 -0.019629815284540351 0.062054812328911212 0.036578416199887782 -0.16441285916083656 0.10894456017665258 -0.068089297066814061 0.10090264415666249 -0.020094575274514137 0.16049980804928243 0.028174379149069728 -0.048446505165886708 0.13104664700811294 0.033840838229307876
leaf_weight=49 3422 65 44 40 614 7154 39 114 73 59 100 1733 174 213 301 57 48 119 62 71 59 154 76 43 78 709 38 62 65 91273 39 1878 129 51 57 150 52 40 61 94 84 301 47 402 106 54 158
leaf_count=49 3422 65 44 40 614 7154 39 114 73 59 100 1733 174 213 301 57 48 119 62 71 59 154 76 43 78 709 38 62 65 91273 39 1878 129 51 57 150 52 40 61 94 84 301 47 402 106 54 158
internal_value=-1.39499e-06 -0.00234625 -0.0542242 -0.00188409 -0.00238444 -0.00267269 0.000745695 0.00161793 -0.00867605 -0.0202334 -0.0740417 -0.0113758 0.00251259 -0.0183096 0.0191315 -0.132017 0.0320422 -0.036259 0.0735012 -0.0151659 -0.000178053 -0.000962803 -0.0126935 0.0461353 0.0932177 0.00639301 -0.0854901 0.0135695 0.0559382 0.000294326 0.00466003 -0.00502172 0.0310694 -0.0270763 0.00869986 0.0202353 -0.0391856 -0.0798786 0.0263278 0.00851143 0.0220302 0.0072396 0.03984 0.0226081 0.0121417 0.0775638 0.0588536
internal_weight=110811 12413 109 12304 12199 12150 7741 7664 4409 2169 306 1863 2240 994 1246 157 261 733 236 1804 7367 7308 149 297 121 1010 77 176 105 98398 7125 2097 219 90 5028 1606 149 97 1457 629 535 451 828 569 508 259 212
internal_count=110811 12413 109 12304 12199 12150 7741 7664 4409 2169 306 1863 2240 994 1246 157 261 733 236 1804 7367 7308 149 297 121 1010 77 176 105 98398 7125 2097 219 90 5028 1606 149 97 1457 629 535 451 828 569 508 259 212
is_linear=0
shrinkage=0.0970268


Tree=154
num_leaves=48
num_cat=0
split_feature=5 1 2 8 7 1 3 8 8 1 9 7 1 7 7 1 0 8 9 0 9 1 7 7 0 1 7 8 9 5 8 0 8 7 3 0 1 1 0 1 2 1 1 7 0 5 2
split_gain=7.51971 53.338 61.2282 53.6616 39.856 39.4571 42.4896 55.4423 183.505 90.1618 84.4567 52.2261 38.74 46.6673 85.1216 40.9451 37.6047 36.0519 32.7017 45.5205 32.9316 30.3621 33.6324 58.3711 26.8988 28.757 24.7799 23.9864 23.5166 21.2355 85.9191 116.283 90.7985 85.1732 60.9068 55.2622 115.822 46.4955 44.1496 62.9043 43.9393 34.6985 21.2831 13.9227 13.4407 12.1826 83.5936
threshold=0.14177564617113228 -0.019749686222752496 0.26277688978100083 0.12302585330801862 -0.066152099884724785 -0.017005040669566897 0.025393546253592806 -0.021787119744201399 -0.013297316804276199 0.071834311008968615 0.0096773958339143509 0.0030727371430569503 -0.037683646759146046 0.063416130858917313 0.025985087069816552 -0.025334650775135047 -0.69114999999999982 -0.061246959893921843 -0.013510453389806798 0.10280000000000002 -0.044729341931188847 0.098886786864309809 -0.048400260557343394 -0.024742706626761698 -0.79619999999999991 0.028258016989411053 0.0023373559090248503 -0.069451308512330043 0.016172405810364804 0.1288734819880071 0.027387715128839002 -0.2967499999999999 -0.057655863997381991 -0.017106529275807695 -0.019566044812236796 0.63705000000000012 -0.0094938411084211482 0.004288499675663201 -0.57174999999999987 0.0047572588312820513 -0.083193953618881392 0.0090591554382262515 0.027120588788063702 -0.0084255025660312493 0.42080000000000001 0.12380481323308747 0.12596055925824673
decision_type=2 2 2 2 2 2 2 2 2 2 2 2 2 2 2 2 2 2 2 2 2 2 2 2 2 2 2 2 2 2 2 2 2 2 2 2 2 2 2 2 2 2 2 2 2 2 2
left_child=29 2 4 5 -2 -3 7 21 -9 10 -10 18 13 14 17 43 -16 -6 20 -20 -8 22 27 -24 -13 -26 -19 -7 -17 45 32 33 35 -32 41 36 -31 -33 39 -36 -38 -34 44 -14 -40 -1 -47
right_child=1 3 -4 -5 12 6 11 8 9 -11 -12 24 15 -15 16 28 -18 26 19 -21 -22 -23 23 -25 25 -27 -28 -29 -30 30 31 37 34 -35 38 -37 40 -39 42 -41 -42 -43 -44 -45 -46 46 -48
leaf_value=5.547288509046249e-05 0.053253155381353154 0.099166172615275883 0.078613652059207118 -0.10637624209079358 -0.1210144669221854 -0.10735976359259518 0.081739721859453454 -0.19250031486692637 0.014258695898681778 0.08277384010603267 -0.082298711956982198 -0.059822257617109742 -0.077910426317616854 -0.11394693342818402 0.0082760587513708815 -0.084117040450949018 0.13686178972109589 0.0012417540410908342 0.18108109099363939 0.036590436239138109 -0.026870833823822368 0.096329043406238324 0.10138039017485694 0.0047292646337745419 -0.037215432013266637 0.07166010346238165 -0.075196807595449583 0.0018269375998774006 0.023909099265036857 0.11178483417083851 0.0026308997083724604 0.082256055590163787 0.061504202112618464 -0.17583281828251965 0.13342156572861535 -0.1011847200782217 0.024824211767414214 -0.036128681148255321 -0.076595421159213251 -0.0050824921589264129 -0.098654190047638673 0.1624647744984552 0.039381697139684334 -0.15561170574930122 0.0030415577646912624 -0.0384062968372662 0.065601533415219612
leaf_weight=107348 41 42 45 40 46 37 57 57 187 83 156 58 38 50 46 37 40 117 44 39 48 39 67 464 40 52 60 38 38 67 40 68 61 67 75 53 45 57 38 52 67 70 65 58 41 341 92
leaf_count=107348 41 42 45 40 46 37 57 57 187 83 156 58 38 50 46 37 40 117 44 39 48 39 67 464 40 52 60 38 38 67 40 68 61 67 75 53 45 57 38 52 67 70 65 58 41 341 92
internal_value=-1.18252e-06 -0.00566416 -0.0298033 0.00394109 -0.038415 0.00690209 0.00422495 -0.00481261 -0.0296631 -0.00768583 -0.0296765 0.0343817 -0.0455601 -0.0273627 -0.0131874 -0.0835499 0.0685632 -0.0448252 0.0683969 0.113823 0.0320921 0.0137892 0.00839922 0.017012 -0.00826097 0.0242689 -0.0247339 -0.052213 -0.0294325 0.000111547 0.0152409 -0.0352185 0.0337312 -0.109281 0.0616077 -0.0145564 0.0112181 0.0282586 0.0352062 0.0768084 -0.0490525 0.115868 -0.00153694 -0.125422 -0.0353504 -9.98735e-06 -0.0162443
internal_weight=110811 2164 616 1548 571 1508 1466 1128 483 426 343 338 530 359 309 171 86 223 188 83 105 645 606 531 150 92 177 75 75 108647 866 232 634 107 402 232 179 125 271 127 112 131 144 96 79 107781 433
internal_count=110811 2164 616 1548 571 1508 1466 1128 483 426 343 338 530 359 309 171 86 223 188 83 105 645 606 531 150 92 177 75 75 108647 866 232 634 107 402 232 179 125 271 127 112 131 144 96 79 107781 433
is_linear=0
shrinkage=0.0970268


Tree=155
num_leaves=48
num_cat=0
split_feature=6 2 0 0 3 6 2 1 9 3 6 0 3 9 6 5 2 5 5 2 1 1 9 2 1 2 7 6 6 7 5 5 9 0 9 7 9 5 7 9 7 5 5 2 3 3 0
split_gain=7.43536 62.6693 59.6005 81.9371 44.1598 48.2304 40.6666 40.5344 37.7599 81.1263 66.3119 93.085 58.0292 92.151 58.3127 51.6615 84.6353 46.8908 129.414 144.195 88.702 57.4005 116.184 62.415 46.3195 41.4923 38.2797 34.2074 31.5378 44.6888 29.4875 52.2642 68.7148 51.6769 41.7739 36.0047 39.9499 32.4942 69.3145 55.7636 79.1004 38.5343 38.7282 36.021 28.5564 28.294 49.3995
threshold=-0.071776494748993336 0.080261532039906172 -0.94714999999999994 -0.92304999999999993 -0.014485766389790699 -0.082671085521260193 -0.057891413705310091 0.10604661995738372 -0.024870080604437145 -0.020933196745335246 -0.086105361843978739 -0.58544999999999991 -0.014485766389790699 -0.033331461174301441 -0.094228828173285387 -0.084540219301190586 -0.053425154210583241 -0.049361040794157297 -0.04347436313543699 -0.029124226164900648 0.031027711339089905 -0.0010147927478828997 0.042200811811707102 -0.019854513424471146 -0.0054274964605963991 0.016521050577421304 0.0034629529078068506 -0.11128268620473254 -0.096587434381263687 0.071292518634747268 0.014685993180386303 0.00049154994822640005 -0.011030411509313947 -0.55789999999999995 -0.078679476976378782 0.016193667397925906 -0.0035340879673727496 -0.024306421659905899 0.05593522980630896 -0.012680245087194399 -0.079324673208547886 -0.052803277565442487 -0.037252088783610492 0.26277688978100083 0.032476060363837655 0.036566295319370057 -0.69069999999999987
decision_type=2 2 2 2 2 2 2 2 2 2 2 2 2 2 2 2 2 2 2 2 2 2 2 2 2 2 2 2 2 2 2 2 2 2 2 2 2 2 2 2 2 2 2 2 2 2 2
left_child=1 2 4 6 -1 -6 -4 30 9 10 28 -12 13 14 -11 16 -14 26 19 20 -19 22 -20 -23 -13 -17 27 -10 29 -5 31 37 -33 -32 -35 -36 -37 39 -39 41 -41 -3 -43 -42 -29 46 -28
right_child=-2 7 3 8 5 -7 -8 -9 17 12 11 24 15 -15 -16 25 -18 18 21 -21 -22 23 -24 -25 -26 -27 45 44 -30 -31 33 32 -34 34 35 36 -38 38 -40 40 43 42 -44 -45 -46 -47 -48
leaf_value=-0.13059413613365325 0.00027336448546936936 -0.044547704114022757 0.024789077632885386 0.025640285437173838 0.024261544950837863 -0.10837034720683009 0.12171730772430076 -0.040414895902767589 0.0066009763457810866 -0.09536630370607356 -0.13895352440338093 -0.053175588245432864 -0.021318621330779542 -0.18614536568358489 0.023707686762816343 -0.011219397200594722 -0.18719533179869199 -0.15791805548781745 0.024450761238501907 0.050597469136695876 -0.010416218347156959 -0.0046824506477329926 -0.02620327484876005 -0.045247033717189501 0.03339891380312722 -0.070419101753545252 0.11148404966748553 0.084338038123871917 0.06474049681709905 -0.067808590289661047 0.14694758526722149 0.032231496189622913 -0.1397309255934617 -0.062179642046861848 0.086873274415539048 -0.048587693431904388 0.071535930237465295 0.092684060729654627 -0.045136647775365149 0.15585838310969968 0.026590161972108815 0.08415033901405744 -0.033251873938446662 -0.072253669736208462 0.026376887262471067 -0.029068507131985482 0.0023563146545393437
leaf_weight=58 99006 213 107 418 68 41 66 111 233 77 57 97 84 51 77 1696 44 134 1567 66 54 2899 585 407 144 119 44 161 160 54 42 41 46 38 108 56 48 132 46 43 475 54 51 37 161 210 325
leaf_count=58 99006 213 107 418 68 41 66 111 233 77 57 97 84 51 77 1696 44 134 1567 66 54 2899 585 407 144 119 44 161 160 54 42 41 46 38 108 56 48 132 46 43 475 54 51 37 161 210 325
internal_value=-9.99281e-07 -0.00230274 -0.0050428 -0.00408961 -0.0624645 -0.0257669 0.0620252 0.0159382 -0.00524565 -0.014171 0.00975831 -0.0279318 -0.0245356 -0.073601 -0.0358667 -0.0193393 -0.0788348 -0.00123081 -0.00481021 -0.0724528 -0.115717 -0.00165531 0.0106743 -0.00968422 -0.00143999 -0.0151212 0.0167858 0.0349838 0.0275512 0.014879 0.0203294 0.0132507 -0.0588193 0.0478271 0.0309203 0.0477411 0.00683014 0.0192463 0.0569934 0.0115157 0.0300764 -0.0208459 0.0271333 0.019376 0.0554579 -0.00065473 0.0155054
internal_weight=110811 11805 10264 10097 167 109 173 1541 9924 3078 930 298 2148 205 154 1943 128 6846 5712 254 188 5458 2152 3306 241 1815 1134 555 632 472 1430 1138 87 292 250 212 104 1051 178 873 555 318 105 512 322 579 369
internal_count=110811 11805 10264 10097 167 109 173 1541 9924 3078 930 298 2148 205 154 1943 128 6846 5712 254 188 5458 2152 3306 241 1815 1134 555 632 472 1430 1138 87 292 250 212 104 1051 178 873 555 318 105 512 322 579 369
is_linear=0
shrinkage=0.0970268


Tree=156
num_leaves=48
num_cat=0
split_feature=8 8 0 5 5 5 3 0 7 1 6 6 3 4 0 6 6 0 7 4 7 8 5 1 1 1 8 6 3 7 5 8 0 0 3 8 0 0 6 1 8 8 6 7 0 8 0
split_gain=7.53805 40.3514 83.4985 85.6759 70.8331 52.7144 80.6848 73.6961 100.591 83.1669 107.787 80.5916 77.6653 53.5731 57.7956 80.4846 59.7208 52.6448 59.9958 51.5102 70.1432 59.7346 49.5969 48.7604 38.3867 54.6145 35.1638 75.7879 116.966 78.5268 71.8412 63.4275 75.2855 113.275 57.3294 81.391 56.3166 62.7364 54.7201 70.4866 75.6961 58.9029 75.2252 61.244 59.4642 57.7035 57.0626
threshold=-0.021079018721210045 -0.023988995420964995 0.84430000000000016 0.021332178233381651 0.031347900195552704 -0.028166174634295847 0.043725651568457209 0.5273000000000001 0.0034629529078068506 -0.037683646759146046 -0.041524953795783547 0.023933585624561802 -0.028705507267911646 -0.057564189976198041 -1.0000000180025095e-35 0.021855221700811601 -0.0022702337887500492 -0.22714999999999999 0.018403215921385104 -0.014187407861517148 -0.026833814488234294 -0.022443628107096495 0.026037217957580752 0.010983882846007752 0.0024245489919414507 -0.013747039979246048 -0.006020978440609199 -0.12540519002426134 0.025393546253592806 -0.021153922894160949 0.14177564617113228 -0.0041888843839510996 -0.76479999999999981 -0.84854999999999992 0.012870030474788052 -0.0047829561281900988 -0.96934999999999993 -0.97464999999999991 -0.010132685783385598 -0.10246340893092402 -0.008594555201221649 -0.016722833630594396 -0.0064870444723706495 -0.028524572768928697 0.47730000000000006 -0.0066055323419411992 -0.92304999999999993
decision_type=2 2 2 2 2 2 2 2 2 2 2 2 2 2 2 2 2 2 2 2 2 2 2 2 2 2 2 2 2 2 2 2 2 2 2 2 2 2 2 2 2 2 2 2 2 2 2
left_child=1 -1 3 5 22 6 13 8 11 -9 -11 -7 -10 -3 16 -16 -15 18 19 20 -6 -21 -5 -14 25 -19 27 28 -2 30 38 32 33 34 35 -28 37 -31 39 -29 46 43 -43 44 -40 -42 -41
right_child=26 2 -4 4 17 7 -8 9 12 10 -12 -13 23 14 15 -17 -18 24 -20 21 -22 -23 -24 -25 -26 -27 31 29 -30 36 -32 -33 -34 -35 -36 -37 -38 -39 41 40 45 42 -44 -45 -46 -47 -48
leaf_value=-0.0004198316103991775 -0.1847833073885661 0.044192898415069952 0.03649086010554551 -0.046254442505878367 -0.082052409066344423 0.11627854879686962 0.049181423129324768 -0.17073863403633455 -0.12119763113492449 -0.13519656906175662 0.069093115157379495 -0.042587622475023117 -0.015439787726515514 -0.17779493531441212 0.028522198554489606 -0.12666574903179997 -0.05569469240271685 0.015270570675483992 -0.1418654015759053 -0.17805155181130602 0.088747055424904381 -0.0093900796921146928 -0.18304610600707277 0.10033106388473863 0.045296508398598695 -0.13221607720238726 -0.12960188409472193 0.069554204443051645 0.017328337892835045 0.023702863654931482 -0.11835401460949296 0.0001759441765795934 -0.0098257514242909138 -0.18095748817144053 0.03705616248814024 0.034126157734097176 0.011280287493725396 0.16330235076825189 0.087744548260254809 0.073558203597913097 0.043800323388586644 0.094668504559685965 -0.011531738596168959 -0.035754883274201475 0.00037768639273306359 -0.06218267827269492 -0.042892703193501788
leaf_weight=33871 49 45 249 43 40 154 90 37 47 37 69 37 111 68 93 47 86 61 72 39 51 40 61 49 92 38 80 79 59 82 53 64211 1055 63 72 44 6678 48 217 41 214 67 913 81 111 62 905
leaf_count=33871 49 45 249 43 40 154 90 37 47 37 69 37 111 68 93 47 86 61 72 39 51 40 61 49 92 38 80 79 59 82 53 64211 1055 63 72 44 6678 48 217 41 214 67 913 81 111 62 905
internal_value=-1.09676e-06 -0.0011637 -0.0155032 -0.0241079 -0.0551874 -0.00687623 -0.0322669 0.0132503 0.0347235 -0.0463768 -0.0023801 0.0854294 -0.0120967 -0.0539515 -0.0690464 -0.0237331 -0.110005 -0.0378146 -0.0678305 -0.0361491 0.0135375 -0.0932689 -0.126988 0.0201268 0.000232942 -0.0415659 0.000549699 0.00601491 -0.0746447 0.00693118 -0.00692622 -0.000255816 -0.0213549 -0.0681903 -0.0315884 -0.0715113 0.0125159 0.0756766 -0.00470931 -0.0190074 -0.0247621 0.00867799 -0.00422439 0.0395885 0.0582446 0.0199011 -0.0378056
internal_weight=110811 35627 1756 1507 537 970 429 541 398 143 106 191 207 339 294 140 154 433 242 170 91 79 104 160 191 99 75184 9659 108 9551 2743 65525 1314 259 196 124 6808 130 2690 1301 1222 1389 980 409 328 276 946
internal_count=110811 35627 1756 1507 537 970 429 541 398 143 106 191 207 339 294 140 154 433 242 170 91 79 104 160 191 99 75184 9659 108 9551 2743 65525 1314 259 196 124 6808 130 2690 1301 1222 1389 980 409 328 276 946
is_linear=0
shrinkage=0.0970268


Tree=157
num_leaves=48
num_cat=0
split_feature=2 5 2 1 4 9 8 0 5 4 5 5 9 8 8 0 3 2 5 0 5 3 9 9 9 2 1 4 1 3 4 5 9 2 9 1 1 0 0 3 3 2 8 0 4 9 8
split_gain=7.72732 63.722 72.8176 82.2803 86.9833 97.2297 79.8302 65.9172 79.3873 95.8969 80.0272 82.736 77.6558 70.2029 65.1195 65.0991 50.5656 49.8962 134.386 110.738 64.6969 55.9787 64.3127 49.8656 49.6688 53.8227 75.2382 47.9754 120.868 99.0247 108.7 115.363 96.8004 79.1991 90.4909 87.4728 71.6203 71.0949 70.7868 68.1012 59.0619 58.7569 53.2392 48.3571 48.1265 70.3327 52.1192
threshold=0.045355472178381158 0.010837783379395302 0.070421574323952615 0.006740785208163051 -0.080503657972338785 0.027835511542855254 0.0029348755915981502 -0.47729999999999995 0.08503350434992317 -0.014187407861517148 0.072173438591567066 0.049763378616733009 1.0000000180025095e-35 -0.062551254405013093 -0.13667504780404063 0.8721000000000001 0.11247527283319292 0.042364295874524206 0.021995029554704604 -0.34074999999999994 0.077302694435499669 -0.036049658528969096 -0.011030411509313947 -0.08125201657299598 -0.065400800889376831 0.083428549065415622 -0.027258055345550498 0.040123463886980355 -0.042279608257036541 0.047493066980124309 -0.01557486765853945 -0.034732144809780839 0.04923997004275861 0.099942548205472617 0.020773198553197102 -0.077769624999195638 -0.031165429262406796 -0.95304999999999984 0.88080000000000014 -0.024182531111656694 -0.037344258362123996 0.080261532039906172 -0.060088790887049888 -0.90994999999999993 -0.087349392908086396 -0.054208726474098239 0.052585647126599556
decision_type=2 2 2 2 2 2 2 2 2 2 2 2 2 2 2 2 2 2 2 2 2 2 2 2 2 2 2 2 2 2 2 2 2 2 2 2 2 2 2 2 2 2 2 2 2 2 2
left_child=17 14 7 6 5 -5 23 -3 10 -10 11 13 -13 -9 -2 -15 27 -1 21 20 -20 -19 -23 -4 -25 26 -26 28 29 30 38 -32 41 34 -29 -36 39 -30 -16 40 -35 -31 -41 -38 45 -39 -46
right_child=1 2 3 4 -6 -7 -8 8 9 -11 -12 12 -14 15 16 -17 -18 18 19 -21 -22 22 -24 24 25 -27 -28 33 37 32 31 -33 -34 36 35 -37 43 44 -40 42 -42 -43 -44 -45 46 -47 -48
leaf_value=0.00026655732835332874 0.015785359149364419 0.0051575671287722828 0.099135932640043625 -0.080581842515433336 0.0019061099584773249 0.044200214393393125 0.008616679060083527 0.11903403665462282 -0.20216136868958995 -0.043081642991316935 0.082223576774795568 -0.032376355025027378 -0.17164627455543302 -0.0394125917609187 -0.0029073456229425912 0.073601892893823004 0.038222663321162642 -0.022643223218102634 0.12688052736093339 -0.13144614997743834 -0.048951481984604396 0.040698418805538476 0.14140352311672069 -0.053074861612592325 0.027071216810584189 0.029253775588334044 0.19802857045910213 0.048364289962595272 -0.093440744777219018 -0.085793371676506927 0.010447110649877101 0.096512010212686461 -0.14090331141780199 -0.016731627189321887 -0.14428974338748676 0.0048844500111082908 -0.081690027548639313 0.072224277114885799 0.12150294332993357 -0.11199821069965728 0.10729563911896771 0.0018685276175256396 -0.035976424930927633 0.0035320407755917329 -0.025604947702443551 -0.012223540607187753 -0.0052098320878084612
leaf_weight=85577 1219 747 111 244 3907 77 3290 37 53 109 65 90 65 291 1401 57 222 49 38 69 40 121 119 62 54 1032 44 579 119 90 317 273 67 142 44 221 64 132 44 113 48 352 375 2320 4397 310 1614
leaf_count=85577 1219 747 111 244 3907 77 3290 37 53 109 65 90 65 291 1401 57 222 49 38 69 40 121 119 62 54 1032 44 579 119 90 317 273 67 142 44 221 64 132 44 113 48 352 375 2320 4397 310 1614
internal_value=-1.41775e-06 -0.00151048 0.00430729 0.00768218 -0.0020829 -0.0506024 0.0166726 -0.0153464 -0.0353197 -0.0955698 -0.0191165 -0.0313861 -0.0911441 -0.00723092 -0.0056684 -0.020809 -0.00764417 0.000433552 0.0331579 -0.0422524 0.0368126 0.0715529 0.0908289 0.036997 0.0311701 0.0358185 0.104437 -0.00842802 -0.0122829 0.00567067 0.015248 0.0503262 -0.0325828 0.000566728 0.0268771 -0.0200378 -0.00668506 -0.019234 0.000908625 -0.0345007 0.0147201 -0.0160246 -0.0536796 0.0012264 -0.0178582 0.0130198 -0.020131
internal_weight=110811 24798 10335 8821 4228 321 4593 1514 767 162 605 540 155 385 14463 348 13244 86013 436 147 78 289 240 1303 1192 1130 98 13022 9116 2544 2035 590 509 3906 844 265 3062 6572 1445 678 190 442 488 2384 6453 442 6011
internal_count=110811 24798 10335 8821 4228 321 4593 1514 767 162 605 540 155 385 14463 348 13244 86013 436 147 78 289 240 1303 1192 1130 98 13022 9116 2544 2035 590 509 3906 844 265 3062 6572 1445 678 190 442 488 2384 6453 442 6011
is_linear=0
shrinkage=0.0970268


Tree=158
num_leaves=48
num_cat=0
split_feature=1 5 9 8 8 9 3 0 6 6 9 3 5 8 6 7 1 7 6 3 9 9 6 3 3 8 1 3 0 5 9 3 3 3 3 6 3 3 1 9 9 6 3 6 5 7 0
split_gain=8.8334 59.5856 67.0327 61.3835 89.4475 71.9987 122.164 70.3583 66.3605 87.4026 67.6427 88.8107 58.3507 79.7714 74.0899 129.499 79.7037 73.7042 69.7784 69.2038 71.2161 68.3868 60.8098 61.7574 57.5702 56.852 63.7504 57.7943 72.6517 95.9953 62.2583 66.7476 59.4026 81.481 81.3965 71.1748 56.3201 118.144 92.9774 55.5261 55.0433 56.2991 54.3672 52.4046 52.1988 51.8151 50.8564
threshold=-0.045819074632108395 0.041940620523972703 0.095511689039435951 0.034166496944118753 0.036136025331986253 -0.033944918277016442 -0.009064132442271897 -0.97784999999999989 0.10399567262603616 0.016198139235758503 -0.00120445082512875 0.06234585811946361 0.077302694435499669 -0.096041086116257737 -0.024642580812344297 -0.067757262390685344 -0.055655428992582141 0.046879372846273311 -0.048046979069551694 -0.030776207317564096 -0.028695206234808795 0.017887794658556604 -0.0090551842055570982 -0.085782764465803088 0.015028098917057453 0.027387715128839002 -0.052536165831333199 0.028774966113524054 -0.94224999999999992 -0.063254453973402389 -0.037963569732888044 -0.024625008396926946 0.024292177185493206 0.022232943027295605 0.023204656285503503 -0.042845470769760891 -0.050257557827609343 -0.022736723945372048 -0.054546037093781093 -0.057418365117837898 0.013895872769405201 0.012519532288509201 -0.050257557827609343 -0.0154027784306552 0.059711402461032161 -0.017535379457569295 -0.71824999999999994
decision_type=2 2 2 2 2 2 2 2 2 2 2 2 2 2 2 2 2 2 2 2 2 2 2 2 2 2 2 2 2 2 2 2 2 2 2 2 2 2 2 2 2 2 2 2 2 2 2
left_child=1 3 12 25 5 -5 -7 -6 9 -9 11 -11 13 17 15 -15 21 19 -14 -3 -21 -17 -20 -24 -4 27 39 28 29 -1 -31 -32 33 -30 -35 -34 -16 38 -38 -27 43 -42 -12 45 -22 -41 -18
right_child=-2 2 24 4 7 6 -8 8 -10 10 42 -13 18 14 36 16 46 -19 22 20 44 -23 23 -25 -26 26 -28 -29 32 30 31 -33 35 34 -36 -37 37 -39 -40 40 41 -43 -44 -45 -46 -47 -48
leaf_value=0.16699135675920032 0.00040780343340019218 -0.056558042900333026 0.0042132508855815603 -0.18500683257870018 -0.091721125831522185 -0.1240419578125292 0.061666401278202235 0.0024592605319468702 0.054169479134680149 -0.063878539951969765 -0.070092217063076764 0.030025941619073546 0.06834432167150585 0.068967176049645737 0.033818391912060389 -0.017468824187906549 -0.2308696973136633 -0.08744692357811984 -0.043633136345782461 0.0072158213559402277 0.21576952487350881 -0.11512033652125464 0.11187178544915341 -0.0010449268356508849 0.16225628774013956 0.12134092699697102 0.10383693190937415 -0.0093916601557454907 0.0043628855007151902 0.10445207030523807 -0.039177242105278044 0.050382895415878655 0.14854887554744078 -0.14285493082505973 0.0053058726644851697 0.024931275548421096 -0.12235329282485802 -0.013378245831915448 0.029222783237469518 0.087856644914547241 0.021499709921343972 0.1377861790293885 0.01071229963709871 -0.061659030302470788 0.060329766341580486 -0.022375344151321537 -0.10294000145094691
leaf_weight=53 90601 40 52 43 88 74 60 2908 175 578 94 113 126 60 160 183 43 41 329 61 45 107 47 1185 37 46 98 2749 7363 80 146 168 53 71 68 248 180 1049 48 64 192 49 461 135 38 106 96
leaf_count=53 90601 40 52 43 88 74 60 2908 175 578 94 113 126 60 160 183 43 41 329 61 45 107 47 1185 37 46 98 2749 7363 80 146 168 53 71 68 248 180 1049 48 64 192 49 461 135 38 106 96
internal_value=-1.26329e-06 -0.00183553 -0.0125629 0.000751302 -0.00875015 -0.0763051 -0.0408872 -0.006034 -0.00428132 -0.00675117 -0.0282481 -0.0485 -0.0144983 -0.0250918 -0.0314808 -0.0640986 -0.0827798 0.0295139 -0.000982707 0.0557651 0.0871034 -0.0536446 -0.00660134 0.00329181 0.0704716 0.00448652 0.0314956 0.00279019 0.00685072 0.0448767 0.028267 0.00871423 0.0046689 0.00297055 -0.0705089 0.0469045 -0.0203594 -0.0271636 -0.0904071 0.0194398 0.0107515 0.0453791 -0.0029994 -0.0166045 0.145375 0.0191835 -0.143156
internal_weight=110811 20210 3927 16283 4594 177 134 4417 4329 4154 1246 691 3838 2151 1926 489 429 225 1687 184 144 290 1561 1232 89 11689 690 10999 8250 447 394 314 7803 7502 139 301 1437 1277 228 592 546 241 555 305 83 170 139
internal_count=110811 20210 3927 16283 4594 177 134 4417 4329 4154 1246 691 3838 2151 1926 489 429 225 1687 184 144 290 1561 1232 89 11689 690 10999 8250 447 394 314 7803 7502 139 301 1437 1277 228 592 546 241 555 305 83 170 139
is_linear=0
shrinkage=0.0970268


Tree=159
num_leaves=48
num_cat=0
split_feature=7 1 3 7 4 4 0 8 0 3 0 5 4 3 8 8 0 8 3 8 8 0 5 9 3 1 5 3 7 7 8 4 3 8 9 4 4 5 7 1 1 5 5 3 8 8 0
split_gain=8.11149 56.2352 59.0179 114.141 75.9856 58.4711 69.0045 57.3816 62.5628 51.9551 66.7274 75.1525 64.5185 59.5111 50.3722 66.7382 44.4608 43.4299 118.384 93.7883 87.5066 84.5318 77.7462 121.269 116.174 109.536 95.286 92.2576 67.2104 91.184 70.1135 51.9629 124.582 94.9516 68.3963 56.8126 66.8964 50.8193 50.2144 52.3654 41.9821 41.8464 41.0453 36.9782 31.8392 85.6158 64.7708
threshold=-0.060643550149978291 0.036265088198967954 -0.03668695881755079 -0.063267020099644786 -0.071648425880399144 -0.035635790281660189 -0.15219999999999997 -0.027716833595366197 -0.86364999999999992 -0.063115392590249994 -0.75054999999999994 -0.0057703504415643489 0.056721917652989305 -0.082512809636560089 0.047091929258637553 -0.013297316804276199 -0.9061499999999999 0.030853137949238503 -0.030240521553267247 0.032152788056008304 0.029133736221182555 0.40130000000000005 -0.020272787634516298 0.028357509213902555 0.0018239348244711003 -0.039936154043184395 -0.0029006298167118497 0.010751070128590001 -0.069348512894181188 -0.067757262390685344 0.056108528009499954 -0.011290135971798098 -0.006428281505703899 -0.063923874482755133 0.020271015102350354 0.00046480098009930008 0.0060698043151713012 -0.0087150917034061973 -0.079324673208547886 0.0052259029511499506 -0.017506917774079346 0.050792605644242005 0.016529948876641155 -0.066164460506163439 -0.12226994627433228 -0.13140843142842581 -0.12714999999999996
decision_type=2 2 2 2 2 2 2 2 2 2 2 2 2 2 2 2 2 2 2 2 2 2 2 2 2 2 2 2 2 2 2 2 2 2 2 2 2 2 2 2 2 2 2 2 2 2 2
left_child=1 2 3 4 14 -5 -7 8 -6 12 16 -12 13 -9 15 43 -11 20 -19 -20 21 22 24 26 25 -4 -24 -26 38 42 -31 32 34 -34 -23 -33 -37 -25 39 -21 -40 -10 -30 -1 45 -3 -46
right_child=-2 44 17 5 7 6 -8 9 41 10 11 -13 -14 -15 -16 -17 -18 18 19 28 -22 31 23 37 27 -27 -28 -29 29 30 -32 35 33 -35 -36 36 -38 -39 40 -41 -42 -43 -44 -45 46 -47 -48
leaf_value=0.052607540648475976 0.00026226592034773723 0.0028489186761413601 0.098491844128215503 -0.014153791746360818 0.081985283990591365 -0.23539011352491834 -0.067403475028705945 -0.044596711573120326 -0.025304275160984463 -0.024918637920805609 -0.053069225052655176 0.044701666742625226 0.033842623991371668 -0.14534449737736124 -0.04958536662679458 0.12755917835343183 -0.14229307830277749 0.14214927108359102 0.14737236218578864 0.014107784931184324 -0.11457040903285198 -0.039592312243182409 -0.071513244444929944 -0.17166907087458083 -0.12585886788661907 -0.0039398027659516164 0.0006916702610250254 -0.0091928348465677608 -0.062645354002871176 0.034091891847833934 -0.040888758348929195 0.088673370360977347 -0.11479294042488973 0.033389669315935996 -0.1995488813128545 -0.08110785947760768 0.028046631380765435 -0.065527794558402991 0.0063723033176102638 -0.032365576642958228 0.063924385837428169 0.056214910888895998 -0.18981945976734421 -0.065670439883128068 0.037983862933124363 -0.12799354304538721 0.0026768628814099866
leaf_weight=67 100682 312 184 43 72 46 47 105 442 62 131 169 41 118 51 77 60 60 42 787 72 63 219 49 74 210 796 450 69 207 270 128 46 330 42 58 553 321 217 321 266 68 37 39 718 55 1535
leaf_count=67 100682 312 184 43 72 46 47 105 442 62 131 169 41 118 51 77 60 60 42 787 72 63 219 49 74 210 796 450 69 207 270 128 46 330 42 58 553 321 217 321 266 68 37 39 718 55 1535
internal_value=-9.58908e-07 -0.00261822 -0.00688932 -0.0231726 -0.0154428 -0.108164 -0.151275 -0.0248226 -0.00239217 -0.0438261 -0.022638 0.00196322 -0.0775705 -0.0981209 0.0352988 0.0590645 -0.0830082 -0.00234341 0.00814157 0.00448289 -0.00898421 -0.00681036 -0.01775 -0.0322611 0.00413775 0.0439267 -0.0149015 -0.0257734 0.0016903 -0.0264759 -0.0083293 0.013832 -0.0109689 0.015129 -0.104201 0.0299839 0.0176215 -0.0797873 0.0120214 0.000628474 0.0381146 -0.0143798 -0.107695 0.00891638 0.0096185 -0.016858 0.0139378
internal_weight=110811 10129 7509 1638 1502 136 93 1268 582 686 422 300 264 223 234 183 122 5871 2276 2216 3595 3523 2303 1385 918 394 1015 524 2174 583 477 1220 481 376 105 739 611 370 1591 1108 483 510 106 106 2620 367 2253
internal_count=110811 10129 7509 1638 1502 136 93 1268 582 686 422 300 264 223 234 183 122 5871 2276 2216 3595 3523 2303 1385 918 394 1015 524 2174 583 477 1220 481 376 105 739 611 370 1591 1108 483 510 106 106 2620 367 2253
is_linear=0
shrinkage=0.0970268


Tree=160
num_leaves=48
num_cat=0
split_feature=2 4 9 6 2 4 3 6 0 9 8 9 0 0 6 9 6 2 8 6 1 9 2 9 0 6 4 8 4 1 8 9 3 4 2 8 3 8 8 0 4 4 6 3 6 2 0
split_gain=7.37279 46.8045 36.0308 55.0464 48.129 41.4611 28.039 27.0893 29.4829 21.4158 21.2003 37.5417 37.8679 36.1162 20.1289 13.6484 13.1878 8.94429 66.0594 125.556 96.1471 91.7915 85.6923 85.0553 83.7514 74.1704 59.7154 53.2333 63.8255 52.3948 102.662 81.1206 78.1756 77.0491 69.3705 97.3778 78.0251 66.8562 176.948 108.905 105.094 81.9491 119.767 78.9584 66.2822 116.819 81.2699
threshold=0.2897945581049407 0.029858113612524804 0.06063633258993411 0.058319398525702011 0.31697431919119173 0.063903328562963421 -0.073118113585582525 0.026753184202400353 0.15220000000000003 -0.035907123437969542 -0.023988995420964995 0.0079593612138711516 0.62535000000000018 0.70990000000000009 0.038815968397684204 0.037359979089867407 0.026753184202400353 0.045355472178381158 -0.077636584285353291 0.01312282302128835 1.0000000180025095e-35 -0.11906704889823173 0.18295945040458778 0.043642722101187255 -0.69114999999999982 0.0078371455206049014 0.043986972928689312 -0.11850123737082839 -0.040290173996059442 -0.033951265674093546 -0.022443628107096495 0.052075151441863261 0.031171157638930701 -0.033814909551103042 0.11913951407920341 0.11683441370628826 0.059325650782122909 0.030853137949238503 0.041444936240664761 -0.47729999999999995 0.0046389072738198507 -0.062054601658982245 -0.028427146051390597 0.013712438468687752 -0.012242171734856049 0.051332671033917511 -0.77164999999999984
decision_type=2 2 2 2 2 2 2 2 2 2 2 2 2 2 2 2 2 2 2 2 2 2 2 2 2 2 2 2 2 2 2 2 2 2 2 2 2 2 2 2 2 2 2 2 2 2 2
left_child=17 6 4 7 16 -6 -2 8 -4 -8 15 12 -12 14 -13 -11 -3 -1 19 20 24 -22 27 -21 -19 -26 -25 -23 -29 30 31 32 -20 -32 35 37 -37 41 40 -40 -39 42 -31 -43 46 -46 -35
right_child=1 2 3 -5 5 -7 9 -9 -10 10 11 13 -14 -15 -16 -17 -18 18 29 23 21 22 -24 26 25 -27 -28 28 -30 34 33 -33 -34 44 -36 36 -38 38 39 -41 -42 43 -44 -45 45 -47 -48
leaf_value=0.00038988813380712414 -0.040026204759697613 -0.029299269631257178 -0.047347876380376255 -0.088824750392162519 -0.16186623467960784 -0.031898643604355043 -0.011416277988097459 0.11308402633166864 0.058651408098935265 0.05162862314166175 0.13889773003853959 -0.068059884078967556 0.014134437372368367 0.063523809314885882 0.021447471473698486 0.12093544517803323 0.037068648816717953 0.10642114833611027 0.0099041735848253015 -0.0016444856856266488 -0.12623571188809629 0.01212715827830297 -0.024538352174053302 -0.11561184947596283 0.017822469555485772 0.15452267929184713 -0.020906530671418955 0.1521011168777977 0.040181791111309317 -0.048128083609420974 -0.0025734854192251007 -0.058705539648564502 -0.051436277690492527 0.12154282890823753 -0.0011377989159430211 0.012047784646759593 0.15450549182120368 -0.12805343995771387 -0.056179169724078312 -0.0031477923527094861 -0.029271979664272429 -0.028484394213437996 0.067078587908311144 0.0037836246464644104 0.15075778554255961 0.0075127441196510564 0.033024371438006649
leaf_weight=86013 49 67 40 37 45 48 71 38 63 64 48 61 44 56 38 48 48 206 785 852 44 811 393 119 387 41 133 54 417 123 2126 361 260 116 8267 633 38 253 514 1253 170 1819 272 1174 55 1643 614
leaf_count=86013 49 67 40 37 45 48 71 38 63 64 48 61 44 56 38 48 48 206 785 852 44 811 393 119 387 41 133 54 417 123 2126 361 260 116 8267 633 38 253 514 1253 170 1819 272 1174 55 1643 614
internal_value=-1.35354e-06 0.00891911 -0.0161981 0.0157913 -0.0435946 -0.0953283 0.0291754 0.0434906 0.0173724 0.0371139 0.0467395 0.0307142 0.0796623 0.00146547 -0.0336651 0.0817532 -0.00148399 -7.16529e-05 -0.00173075 0.0106738 0.02334 0.011416 0.0150681 -0.0163124 0.0556267 0.0310773 -0.0657826 0.0272207 0.0531565 -0.00382566 0.00383288 -0.0190792 -0.00536322 0.0109099 -0.00697077 -0.0146853 0.0202204 -0.0188871 -0.0321 -0.0185889 -0.088444 -0.0103407 0.0311678 -0.0158255 0.0227183 0.012194 0.0471645
internal_weight=110811 865 386 178 208 93 479 141 103 430 359 247 92 155 99 112 115 109946 23933 3457 2353 1719 1675 1104 634 428 252 1282 471 20476 5960 1406 1045 4554 14516 6249 671 5578 2190 1767 423 3388 395 2993 2428 1698 730
internal_count=110811 865 386 178 208 93 479 141 103 430 359 247 92 155 99 112 115 109946 23933 3457 2353 1719 1675 1104 634 428 252 1282 471 20476 5960 1406 1045 4554 14516 6249 671 5578 2190 1767 423 3388 395 2993 2428 1698 730
is_linear=0
shrinkage=0.0970268


Tree=161
num_leaves=48
num_cat=0
split_feature=1 2 3 5 6 5 9 3 1 4 9 1 4 1 9 5 1 3 6 5 2 0 2 4 3 4 1 9 9 2 0 5 0 0 3 6 1 2 4 4 9 6 1 6 6 6 6
split_gain=8.38959 64.3494 109.002 81.4079 69.3944 102.738 60.8668 56.6231 59.2726 66.9603 52.7229 46.7691 47.2289 81.9643 69.4464 92.8473 84.2163 72.694 49.0696 48.5127 45.9879 68.876 44.4633 57.5752 111.151 104.867 124.987 86.0991 82.0141 85.5653 72.9983 67.1687 62.4812 62.1441 58.2647 69.7496 65.3857 82.9005 49.1768 48.9447 44.1145 41.7715 60.3349 41.6027 41.492 39.5526 65.9064
threshold=-0.045819074632108395 0.16300214299115282 0.047493066980124309 0.041003737999609255 0.048219016271894607 0.060968070880206053 -0.028123431504562198 0.11247527283319292 -0.10611799478017864 0.023592311543367304 0.022220070859312605 -0.047691926740275996 -0.017405078428784599 -0.13294320776811239 -0.0063010203739973488 -0.024306421659905899 -0.068029734234783937 -0.0033109757921191995 -0.062498563223895597 -0.036623734746121746 0.21980754745819697 -0.57239999999999991 -0.15925944057849817 -0.0062761940846778989 0.0124331527549733 0.035052049108563757 -0.12536486058254201 -0.043159587714564143 0.017887794658556604 -0.11487992520914898 -0.77164999999999984 0.052929717533569058 -0.95834999999999992 -0.85204999999999986 0.04646544238297181 0.075766933679636966 -0.093672532763851041 -0.043764128842901047 -0.036242308413944539 0.0074070635974369014 0.010083569862977553 0.051415078185774406 -0.11978308526222209 0.033752056305719112 0.015603870952009753 0.11613018544403932 0.07926248906008336
decision_type=2 2 2 2 2 2 2 2 2 2 2 2 2 2 2 2 2 2 2 2 2 2 2 2 2 2 2 2 2 2 2 2 2 2 2 2 2 2 2 2 2 2 2 2 2 2 2
left_child=1 3 11 45 5 7 -6 8 -4 10 -10 12 14 43 15 16 17 -3 -16 20 -15 -22 -5 32 25 28 -27 -28 29 -25 33 -30 -24 39 35 38 -36 -38 -34 -26 44 42 -17 -14 -32 46 -1
right_child=-2 2 4 22 6 -7 -8 -9 9 -11 -12 -13 13 19 18 41 -18 -19 -20 -21 21 -23 23 24 30 26 27 -29 31 -31 40 -33 34 -35 36 -37 37 -39 -40 -41 -42 -43 -44 -45 -46 -47 -48
leaf_value=0.000133266272718467 0.00039763668984543591 0.088087093530197391 -0.014937490152687092 0.034087757425895017 -0.06040206506719524 0.049978778326707794 0.068775877072813657 0.02953143346771216 -0.011900957191702428 -0.18761085593082069 -0.15209321345183907 -0.054675241856956588 0.015497050408177509 -0.016470764963919835 -0.10602185723488633 -0.1210679341242091 -0.0095496856743532352 0.26485852997480852 -0.0015069416187403991 0.078213513735812076 0.16881427481796152 0.018154445812565301 0.04132560500423995 0.046294989515392806 -0.10508107128305351 0.13221327254537626 0.037066293010744718 -0.053429628764979781 -0.24291551407853568 -0.08157562791984134 0.088775549005356266 -0.10072439729178459 -0.016689569878773368 -0.13246325545454668 -0.13415895341849582 -0.10738832536406236 -0.084236863809033932 0.044384797792402821 0.027747121321686618 0.02282110364925757 -0.016527588843902617 0.081361184399328754 0.014758229666926853 -0.11897083626247107 0.0091612670198236833 0.030910210134695238 -0.030182197198787758
leaf_weight=13577 90601 55 71 151 49 81 112 43 63 78 42 64 51 128 47 39 39 37 393 426 41 93 225 61 38 44 122 516 45 249 132 106 536 55 71 57 102 87 416 105 139 55 140 37 116 366 710
leaf_count=13577 90601 55 71 151 49 81 112 43 63 78 42 64 51 128 47 39 39 37 393 426 41 93 225 61 38 44 122 516 45 249 132 106 536 55 71 57 102 87 416 105 139 55 140 37 116 366 710
internal_value=-1.01911e-06 -0.00178861 0.013938 -0.00369481 -0.0239079 -0.0466232 0.029349 -0.0730335 -0.0904531 -0.1196 -0.0684465 0.0263471 0.0296464 0.0467259 0.013155 0.0444257 0.109694 0.160157 -0.0127821 0.058008 0.0250472 0.0647025 -0.0172842 -0.0196988 -0.0317579 -0.0493578 -0.0251507 -0.0360974 -0.0850944 -0.0563558 0.00262443 -0.143714 -0.00573968 -0.0452186 -0.0141027 -0.003531 -0.0550222 -0.0250141 0.00272212 -0.01131 0.0271485 0.00771666 -0.0149971 -0.0412317 0.0516519 -0.000565606 -0.00137347
internal_weight=110811 20210 2184 18026 539 378 161 297 254 183 105 1645 1581 776 805 365 131 92 440 688 262 134 3373 3222 1728 1143 682 638 461 310 585 151 1494 198 1269 1009 260 189 952 143 387 234 179 88 248 14653 14287
internal_count=110811 20210 2184 18026 539 378 161 297 254 183 105 1645 1581 776 805 365 131 92 440 688 262 134 3373 3222 1728 1143 682 638 461 310 585 151 1494 198 1269 1009 260 189 952 143 387 234 179 88 248 14653 14287
is_linear=0
shrinkage=0.0970268


Tree=162
num_leaves=48
num_cat=0
split_feature=7 1 1 3 6 4 5 3 4 4 6 5 2 3 4 3 1 1 6 0 2 2 5 5 4 3 7 5 2 6 0 3 4 1 1 3 6 6 3 6 0 2 4 2 2 0 1
split_gain=7.54291 24.0621 57.713 35.1862 49.1452 48.0651 49.6385 27.5011 30.7714 58.4999 41.6772 60.5097 55.3119 57.2695 39.6983 56.6974 46.8113 76.825 66.4413 50.3581 48.4727 44.3697 42.3765 39.8223 37.9671 56.5646 43.0727 37.3592 34.3942 52.7757 41.8803 78.2693 37.2879 34.3233 31.7505 26.4717 34.2201 26.1723 24.6558 20.1708 17.4463 30.979 63.451 24.4633 19.4645 18.6903 18.041
threshold=0.077225608832147755 0.051753899536745855 0.069082316464759222 0.012001795624079051 -0.0084622106144956483 -0.033814909551103042 -0.015217171140112399 0.12220770458534622 -0.049754782208191746 -0.047908780707242839 -0.005964897038093349 0.032032059847896054 -0.065356263075296989 -0.0052157085562949991 -0.078546951473830284 0.041145684358658903 -0.012727259319531297 0.0062391604819923008 0.021172770288804602 -0.89814999999999989 -0.090076306864767086 -0.046072066004982641 -0.042745438222860789 0.099374248208709659 -0.10109648475718803 -0.05534494268742244 0.093339623577784414 0.033618389727050606 0.036597395995265555 0.042413382382144059 -0.92594999999999994 -0.0079268221862089493 0.0022871527633664007 -0.0049417004250916991 -0.026605335317379745 0.048580650556495859 -0.014853777317753997 0.017364970334903151 -0.018727755192716997 0.060805116615952261 0.8226500000000001 -0.080145420356260391 -0.048811798612725339 -0.16408927849770483 0.10597570361302826 0.90625000000000011 0.083309252317881111
decision_type=2 2 2 2 2 2 2 2 2 2 2 2 2 2 2 2 2 2 2 2 2 2 2 2 2 2 2 2 2 2 2 2 2 2 2 2 2 2 2 2 2 2 2 2 2 2 2
left_child=-1 7 3 4 5 -3 -7 8 14 -10 11 12 13 -11 16 22 18 -18 24 -20 38 -22 -16 27 26 -26 -2 -24 30 33 31 -12 -32 -30 -14 36 -13 -6 -19 -31 41 43 -43 -4 -42 -46 -45
right_child=1 2 40 -5 37 6 -8 -9 9 10 28 35 34 -15 15 -17 17 20 19 -21 21 -23 23 -25 25 -27 -28 -29 29 39 32 -33 -34 -35 -36 -37 -38 -39 -40 -41 44 42 -44 46 45 -47 -48
leaf_value=-0.00017063808049421435 -0.091121117795831583 -0.15001981198444259 -0.033746060035568001 -0.089612730641811245 0.087474218985872737 0.046571577500316243 -0.099044260493413736 -0.060231261618972513 -0.11817393951096407 -0.066719478554803369 -0.041771421424000733 0.05264332928212382 0.040002609501075828 0.015965266480909727 -0.006271925955229447 -0.035842971547923271 0.11941254132037486 -0.00085290462891045066 -0.01243666152241245 0.11632618260190196 0.1183493389968774 0.0012442394337924673 0.057881803523868243 -0.023070414056791982 -0.011758473327454283 -0.1574091171413429 0.01788718068395578 0.13051402111325133 -0.038408977768197135 0.059771268580619916 -0.038924745623848608 0.1148212938935191 0.010294072967549037 -0.12272306052101493 0.0029300174918113317 0.12129568301295109 -0.045588549771418393 -0.019060888572237294 -0.1113364741678437 -0.023092038472863369 -0.010728368188825584 -0.10361874744917889 0.0068064696311544151 0.10927407620268594 0.11932616570141355 0.023836950593764644 0.028080588365978293
leaf_weight=106060 48 38 39 105 44 48 40 56 37 181 50 254 332 139 82 74 75 38 64 51 45 93 194 37 47 54 115 103 135 52 248 74 347 69 631 43 38 42 38 58 44 66 186 38 37 41 81
leaf_count=106060 48 38 39 105 44 48 40 56 37 181 50 254 332 139 82 74 75 38 64 51 45 93 194 37 47 54 115 103 135 52 248 74 347 69 631 43 38 42 38 58 44 66 186 38 37 41 81
internal_value=-1.12001e-06 0.00378089 -0.0110145 -0.0437623 -0.0208781 -0.0594203 -0.0196686 0.00700328 0.0079911 0.00228975 0.00399293 0.0137148 0.00411293 -0.0308006 0.0212117 0.0421779 0.00580175 0.035199 -0.0166044 0.0448017 0.00546647 0.0397397 0.0561009 0.0714302 -0.0434168 -0.0900502 -0.0143081 0.08325 -0.011225 -0.0379928 0.000467426 0.0516768 -0.0102181 -0.067165 0.0157324 0.0504101 0.0397812 0.0354983 -0.0565226 0.0160742 0.00850052 -0.00107377 -0.0222017 0.0325354 0.0406455 0.0696458 0.0543772
internal_weight=110811 4751 849 317 212 126 88 3902 3846 2688 2651 1618 1283 320 1158 490 668 289 379 115 214 138 416 334 264 101 163 297 1033 314 719 124 595 204 963 335 292 86 76 110 532 410 252 158 122 78 119
internal_count=110811 4751 849 317 212 126 88 3902 3846 2688 2651 1618 1283 320 1158 490 668 289 379 115 214 138 416 334 264 101 163 297 1033 314 719 124 595 204 963 335 292 86 76 110 532 410 252 158 122 78 119
is_linear=0
shrinkage=0.0970268


Tree=163
num_leaves=48
num_cat=0
split_feature=7 7 5 8 4 4 4 7 9 3 3 9 3 2 8 5 2 8 2 3 4 3 4 8 4 2 9 4 4 2 2 8 2 8 5 5 5 2 8 4 3 3 9 7 7 0 5
split_gain=7.30428 50.2245 60.9227 49.5138 63.2104 72.1026 49.9 49.191 45.6039 55.485 55.6636 51.2644 53.3278 45.8132 85.9772 69.3142 63.6156 109.5 58.9536 56.9569 41.8989 47.7468 65.7104 51.2071 47.3228 50.7758 42.3686 45.5728 63.178 46.3682 42.674 40.7542 60.0167 96.8994 101.889 125.636 45.7782 56.3514 62.2769 44.8903 49.8219 44.3715 44.1418 40.569 39.3552 58.0656 38.0506
threshold=-0.08436367520802239 -0.072968728161537835 0.1288734819880071 0.025010128426990155 0.0046389072738198507 0.06674470763089721 0.0087459754560187519 -0.060643550149978291 0.038723488345155307 0.048580650556495859 0.045528706945639458 0.045848820802582659 -0.022736723945372048 -0.073400848999863696 -0.069451308512330043 0.06371074052120386 -0.043764128842901047 -0.022443628107096495 0.080261532039906172 -0.004438293604274399 -0.068701752432777943 0.042904976725482859 -0.031315377374797344 -0.021787119744201399 0.09726600646401716 0.083428549065415622 0.070992314440072826 -0.013664102955108198 0.00046480098009930008 -0.098987882941818275 -0.029124226164900648 -0.081080349147271691 -0.036187060338566189 -0.055294504275847194 0.036791423591399856 -0.021266139684614296 0.079163110103842318 0.014690404804428502 -0.061246959893921843 -0.039579590793435641 -0.073118113585582525 -0.0025788049096728497 0.017002221839542003 -0.087112539293808286 -0.074995552336965338 -0.75054999999999994 -0.0092061164156351481
decision_type=2 2 2 2 2 2 2 2 2 2 2 2 2 2 2 2 2 2 2 2 2 2 2 2 2 2 2 2 2 2 2 2 2 2 2 2 2 2 2 2 2 2 2 2 2 2 2
left_child=20 2 3 31 -5 6 -6 8 9 10 13 12 -10 14 19 -16 17 -15 -18 -3 43 24 23 -23 26 -26 -22 29 -29 -28 -30 39 33 -33 35 -35 37 42 -39 -2 -41 -36 -34 -1 45 -8 -42
right_child=1 7 -4 4 5 -7 44 -9 11 -11 -12 -13 -14 16 15 -17 18 -19 -20 -21 21 22 -24 -25 25 -27 27 28 30 -31 -32 32 36 34 41 -37 -38 38 -40 40 46 -43 -44 -45 -46 -47 -48
leaf_value=0.013027777344707095 0.12227580041814932 -0.13595716832540375 0.10548941781037786 0.049923167899348343 -0.12828326057664294 0.099583902449183789 -0.13076936076197429 0.0002468097951342653 -0.18271564093900239 0.028564288455140835 -0.12387971091469524 -0.019743563126253642 -0.049135705399087501 -0.14663356448773418 0.017855098496220138 0.13242824589482388 0.01376869227945432 -0.024124880086819296 -0.028073493612128606 0.015752954450443984 -0.019270395175244315 -0.12651918749875829 0.035311976107644694 -0.0059106912551174619 0.11576602742431441 -0.004424204490818825 -0.10179932233303861 0.14932317512409352 0.051477684917608207 0.0189304027154821 -0.061157189949368286 -0.0911013305324853 -0.11575961565883862 0.06343003171334162 0.19009392407931722 -0.051894794250114923 -0.13035309420585017 0.096764297026684584 -0.021156025462588629 -0.079366267597627327 0.074145753448386073 0.061171782420904944 0.0043657989440896014 0.11156088366842597 0.074384752284203992 0.0018402100309253292 -0.013750841298818539
leaf_weight=552 44 53 67 541 38 51 40 100682 37 390 40 684 117 87 423 56 660 323 609 41 2668 41 479 167 54 84 48 44 104 78 45 72 90 174 42 181 42 50 257 42 109 64 42 42 43 134 80
leaf_count=552 44 53 67 541 38 51 40 100682 37 390 40 684 117 87 423 56 660 323 609 41 2668 41 479 167 54 84 48 44 104 78 45 72 90 174 42 181 42 50 257 42 109 64 42 42 43 134 80
internal_value=-1.07621e-06 0.000159146 0.0146555 0.0117819 0.0299994 -0.00521513 -0.0263399 -0.000147299 -0.0114213 -0.00524179 -0.0110023 -0.031175 -0.0816975 -0.00897066 0.0147024 0.031373 -0.0170568 -0.0502661 -0.00630697 -0.0699115 -0.00387218 -0.00760933 0.0155378 -0.029935 -0.0127023 0.0427479 -0.0152729 0.0181135 0.0477217 -0.0271736 0.0173227 -0.000187566 -0.00918127 0.0132267 0.0296087 0.00461279 -0.0340208 -0.0246681 -0.00181518 0.0329048 0.0156515 0.112887 -0.0775752 0.0200839 -0.00823306 -0.0288325 0.036944
internal_weight=110811 106405 2203 2136 847 306 255 104202 3520 2682 2292 838 154 2252 573 479 1679 410 1269 94 4406 3812 687 208 3125 138 2987 319 193 126 149 1289 1014 533 461 355 481 439 307 275 231 106 132 594 217 174 189
internal_count=110811 106405 2203 2136 847 306 255 104202 3520 2682 2292 838 154 2252 573 479 1679 410 1269 94 4406 3812 687 208 3125 138 2987 319 193 126 149 1289 1014 533 461 355 481 439 307 275 231 106 132 594 217 174 189
is_linear=0
shrinkage=0.0970268


Tree=164
num_leaves=48
num_cat=0
split_feature=6 1 1 1 9 1 6 4 2 1 2 2 1 2 1 1 9 0 0 4 4 9 0 1 9 0 4 4 9 7 0 9 7 9 0 4 4 3 0 6 0 3 0 2 3 3 0
split_gain=7.55755 31.4335 63.1621 50.8474 45.562 45.6295 120.566 49.8231 64.3619 51.9241 36.8827 39.6603 36.6111 35.0595 33.8547 46.9506 33.0772 34.7669 51.2417 28.7019 30.6251 26.7745 71.3403 54.5718 54.3804 50.2614 49.3422 40.0356 39.5203 38.0015 26.4718 28.8302 50.583 25.7668 24.5952 24.4781 21.8176 18.013 41.529 52.6621 24.8997 44.7017 32.4429 13.4399 26.5954 26.4652 17.4528
threshold=0.1008234832522394 -0.0064470339305020994 -0.0044783415250820987 0.054380513628015652 -0.018082059247106198 0.049292746453985202 0.13409269157169382 -0.063354224844603985 0.21332344831681074 0.046962314179796551 0.24244760119426953 0.21332344831681074 0.0014409928868787004 0.11913951407920341 0.092964030289628671 0.090411043541748962 -0.0035340879673727496 -0.77804999999999991 1.0000000180025095e-35 -0.025097330520276896 0.014898559158629801 -0.048172911599818943 -0.79039999999999988 -0.029814156810626897 -0.0035340879673727496 0.20235000000000003 0.081809860011285221 0.046407788851012356 0.0033454605403274505 0.046011906146956862 -0.94494999999999985 0.051083644951331754 -0.023675760200916798 0.019343722235856151 -0.45944999999999997 -0.040290173996059442 0.0087459754560187519 -0.0025788049096728497 0.69045000000000012 0.11142375113730567 -0.22714999999999999 0.025393546253592806 -0.82694999999999985 -0.20260137548602794 -0.040953029330111239 -0.006428281505703899 0.3604500000000001
decision_type=2 2 2 2 2 2 2 2 2 2 2 2 2 2 2 2 2 2 2 2 2 2 2 2 2 2 2 2 2 2 2 2 2 2 2 2 2 2 2 2 2 2 2 2 2 2 2
left_child=43 10 -3 4 12 7 -7 -6 9 -9 11 13 -4 21 15 30 19 -18 -19 -16 -21 22 23 -2 26 -24 27 -23 36 -30 -5 35 -33 34 -15 -32 -26 38 39 -14 42 -42 -39 44 -1 -46 -47
right_child=1 2 3 14 5 6 -8 8 -10 -11 -12 -13 37 33 16 -17 17 18 -20 20 -22 24 25 -25 28 -27 -28 -29 29 -31 31 32 -34 -35 -36 -37 -38 40 -40 -41 41 -43 -44 -45 45 46 -48
leaf_value=0.079641789510453198 0.037014323075721847 -0.11542882755297726 -0.068787302912344986 -0.051177438127822016 -0.09279197271152706 -0.17717675484528264 0.041125282639180603 -0.017182819555372899 -0.13274634481505043 0.081021999176842441 -0.066825902082277913 0.093888194436939354 -0.112337192408263 -0.10533232979264674 -0.1069136096292455 0.12674186747967528 0.090124843872755975 -0.081092423086289944 0.023090698047645127 0.034152520231567576 -0.071202201875357043 -0.015169200576561093 -0.070973670966764851 0.17990494351236291 0.025523861952279278 0.051749688619562785 0.069599329257445483 -0.087953227922062741 0.0061719034585747679 0.081917796240261256 0.072356146628261703 -0.09136748546694004 0.037073038610978687 0.026237880569008991 -0.018902223298356485 0.019658947980797269 0.12278299900497355 0.013768269671565952 0.081204498199289057 0.0063495015483581762 0.055675057780745746 -0.059100130291192494 0.10040053030023691 0.00011990961013502469 -0.040717922456694949 0.078827481907163863 -0.0097871890179647598
leaf_weight=59 56 52 56 52 88 60 39 984 43 53 62 50 50 56 53 37 40 63 148 51 52 352 60 46 38 65 52 89 618 69 104 54 61 47 70 412 52 88 39 116 62 65 76 105818 70 47 37
leaf_count=59 56 52 56 52 88 60 39 984 43 53 62 50 50 56 53 37 40 63 148 51 52 352 60 46 38 65 52 89 618 69 104 54 61 47 70 412 52 88 39 116 62 65 76 105818 70 47 37
internal_value=-1.00043e-06 -0.00377483 -0.00984167 -0.00795868 -0.0179923 -0.0281265 -0.0912751 -0.0227354 -0.0169848 -0.0121241 0.00642662 0.00908809 0.00525575 0.00652076 0.0082282 0.0208726 -0.0141161 0.00766466 -0.00807142 -0.0491464 -0.01902 0.0113069 0.0419741 0.102017 0.0058062 -0.00712424 -0.0193796 -0.0299484 0.0218001 0.0138382 0.0150498 0.0205524 -0.0232708 -0.034769 -0.0576101 0.030348 0.0821282 0.013685 -0.00830142 -0.0295367 0.029195 -0.00299693 0.0541244 0.000169056 0.0244933 0.00314674 0.0398305
internal_weight=110811 4780 2998 2946 1819 1267 99 1168 1080 1037 1782 1720 552 1670 1127 720 407 251 211 156 103 1497 227 102 1270 125 493 441 777 687 683 631 115 173 126 516 90 496 205 166 291 127 164 106031 213 154 84
internal_count=110811 4780 2998 2946 1819 1267 99 1168 1080 1037 1782 1720 552 1670 1127 720 407 251 211 156 103 1497 227 102 1270 125 493 441 777 687 683 631 115 173 126 516 90 496 205 166 291 127 164 106031 213 154 84
is_linear=0
shrinkage=0.0970268


Tree=165
num_leaves=48
num_cat=0
split_feature=1 2 3 5 8 2 8 8 6 1 6 8 8 9 8 3 8 3 8 3 6 2 9 5 8 9 0 2 0 9 1 2 2 5 5 9 1 9 0 8 1 6 6 9 2 9 1
split_gain=7.2152 53.4226 89.3651 67.8012 79.6579 71.9581 58.3644 83.4206 83.2057 62.5666 56.1514 101.437 55.1915 52.5522 74.2647 65.1703 49.3893 79.7189 73.3928 87.7773 86.1396 117.928 82.0161 73.0067 71.4707 82.9162 58.6872 55.231 101.193 134.942 99.115 63.5918 131.928 82.9773 104.957 74.1089 68.9558 65.9888 55.5467 83.9228 52.7726 58.507 51.4075 87.3973 107.793 55.4639 83.8726
threshold=-0.045819074632108395 0.16300214299115282 0.047493066980124309 0.041003737999609255 0.082183349371925563 0.076995206897744417 -0.04841213077412624 0.015358293580428702 0.081239476186472412 -0.056828247590030294 0.048219016271894607 -0.0035813895334352998 -0.052824085630567695 -0.037963569732888044 0.026228663244079003 0.06234585811946361 0.034166496944118753 0.049522134067640354 0.03870733624931131 0.035797039130897913 0.016198139235758503 0.010951438399460502 0.010908478283305201 -0.0019459421536821497 0.078074244089569367 -0.023843153447439449 -0.77804999999999991 0.027897564576369851 0.70065000000000011 0.017002221839542003 -0.093672532763851041 -0.033372561083813847 -0.024627921359129699 -0.04347436313543699 -0.080894361179849536 -0.048172911599818943 -0.065416308036392742 -0.0058885923722980993 -0.94224999999999992 0.023877666434334702 -0.090917433816239637 -0.071776494748993336 0.014453910998934101 -0.032697289104047088 -0.039719878089841593 -0.033331461174301441 -0.051614646756617942
decision_type=2 2 2 2 2 2 2 2 2 2 2 2 2 2 2 2 2 2 2 2 2 2 2 2 2 2 2 2 2 2 2 2 2 2 2 2 2 2 2 2 2 2 2 2 2 2 2
left_child=1 3 -3 16 5 6 12 8 9 -8 11 -4 -5 -13 -15 -16 27 18 19 40 24 22 -22 -23 26 -26 -20 31 38 -30 -31 42 35 34 -34 -33 -37 -35 -29 -40 -18 -42 45 -44 -45 46 -1
right_child=-2 2 10 4 -6 -7 7 -9 -10 -11 -12 13 -14 14 15 -17 17 -19 20 -21 21 23 -24 -25 25 -27 -28 28 29 30 -32 32 33 37 -36 36 -38 -39 39 -41 41 -43 43 44 -46 -47 -48
leaf_value=-0.018119789105686523 0.00036886525708215435 0.023906770929741784 -0.11050357100887641 -0.0064386724454134495 -0.063404360872157006 0.019318576316626163 -0.038424974240291461 -0.00014613072174135476 0.087979535579843504 -0.095896096149175519 0.026306740299522416 0.066411360734359187 0.085055391569659397 0.048070395369432604 0.010031706004650726 -0.14149440756428688 -0.10185516440974743 0.018651483114822804 -0.040479334958136277 -0.18911378618054095 -0.080245451263887685 0.052494565759273124 -0.0081503576682168885 -0.0415107175585296 -0.020082246166443756 0.059552223859144209 0.0014934696415033991 0.056176755098788271 -0.0058957103940396292 -0.040957821606610725 -0.2344494904122828 -0.052538757587273693 -0.044692251727479079 -0.02795900042252257 0.065092757468948256 0.094872426866128373 0.025724058145308842 0.013456842823827376 -0.015219098796354594 0.064303124713880305 -0.11980687901765372 0.011197927470377232 0.047669400049048086 0.0073934253539533045 -0.11146255322784057 0.00019112402663633169 -0.1232550096250922
leaf_weight=718 90601 1645 132 947 301 590 647 535 40 247 161 69 66 66 44 67 90 776 436 42 464 190 219 131 192 341 1113 135 131 43 60 52 104 646 381 350 223 823 1481 136 39 172 517 1510 75 2984 79
leaf_count=718 90601 1645 132 947 301 590 647 535 40 247 161 69 66 66 44 67 90 776 436 42 464 190 219 131 192 341 1113 135 131 43 60 52 104 646 381 350 223 823 1481 136 39 172 517 1510 75 2984 79
internal_value=-8.31e-07 -0.0016586 0.0126706 -0.00339547 -0.0157973 -0.0111217 -0.0183635 -0.0307162 -0.0482091 -0.0543512 -0.0215963 -0.0420304 -0.000435796 -0.00512597 -0.0331563 -0.0815351 -0.000539666 -0.00941896 -0.0157756 -0.0583329 -0.0110353 -0.0343725 -0.0571612 0.0140982 0.00021885 0.0308553 -0.0103225 0.00303333 -0.0115252 -0.0713965 -0.154253 0.00645164 0.0191541 0.00673298 0.041514 0.0579425 0.0680158 -0.00475248 -0.00350824 -0.00851016 -0.0398166 -0.0131618 0.000880562 0.0130449 0.00173557 -0.00588031 -0.0286118
internal_weight=110811 20210 2184 18026 3373 3072 2482 1469 934 894 539 378 1013 246 177 111 14653 4205 3429 343 3086 1004 683 321 2082 533 1549 10448 1986 234 103 8462 2579 1954 485 625 573 1469 1752 1617 301 211 5883 2102 1585 3781 797
internal_count=110811 20210 2184 18026 3373 3072 2482 1469 934 894 539 378 1013 246 177 111 14653 4205 3429 343 3086 1004 683 321 2082 533 1549 10448 1986 234 103 8462 2579 1954 485 625 573 1469 1752 1617 301 211 5883 2102 1585 3781 797
is_linear=0
shrinkage=0.0970268


Tree=166
num_leaves=48
num_cat=0
split_feature=4 2 9 0 8 8 5 2 2 9 5 4 6 0 4 4 6 6 0 4 9 6 9 9 6 5 3 9 8 9 3 0 2 9 4 2 4 9 6 9 3 6 0 3 0 3 0
split_gain=7.28782 49.0388 46.127 32.4728 18.5375 25.8256 28.4586 13.0952 26.7267 7.98506 40.9569 89.6965 84.3988 63.9119 45.0678 43.1127 34.0476 59.9334 64.8452 62.787 54.7245 52.6394 53.1235 58.6066 50.7536 50.3583 48.7659 47.1869 44.0469 35.6718 52.6758 32.8673 32.6585 30.5056 28.9046 52.4115 49.2517 27.6922 52.7024 49.3985 73.3304 45.7175 76.2173 84.9189 74.5868 34.9206 73.1403
threshold=-0.15353276532407442 -0.0090879461792783989 0.095511689039435951 -0.90994999999999993 -0.026954599962492495 0.015358293580428702 -0.021266139684614296 0.17057609265983603 0.12596055925824673 -0.05107552380775169 0.099374248208709659 -0.053498587056858643 0.019989025967572103 0.91700000000000015 -0.015120989747338448 -0.036885088530505795 -0.042845470769760891 -0.053633272910594339 -0.66004999999999991 -0.067266764869972531 -0.054208726474098239 -0.064405120885079742 -0.065400800889376831 -0.083828253339822092 -0.041524953795783547 -0.034732144809780839 0.0048145991249966009 -0.052104289102219946 -0.063923874482755133 -0.10288265813691254 -0.046634456181304997 0.77850000000000008 -0.033900420502086047 -0.062373971337688891 0.020430735882204704 0.060896187002409612 0.04157052901458911 -0.058611010757857941 -0.037390380973211797 -0.065400800889376831 -0.071252759403181584 0.022523747213298553 -0.31834999999999997 -0.061735943666993691 -0.22549999999999998 0.014218486568828952 -0.15219999999999997
decision_type=2 2 2 2 2 2 2 2 2 2 2 2 2 2 2 2 2 2 2 2 2 2 2 2 2 2 2 2 2 2 2 2 2 2 2 2 2 2 2 2 2 2 2 2 2 2 2
left_child=1 3 4 -1 -3 6 -6 8 -7 10 16 12 -12 14 15 -13 17 21 19 -19 29 27 23 25 -18 -23 32 34 -24 -20 -31 -25 -21 -30 35 -2 -36 38 -26 -40 -41 42 43 -39 -44 46 -43
right_child=9 2 -4 -5 5 7 -8 -9 -10 -11 11 13 -14 -15 -16 -17 24 18 20 26 -22 22 28 31 37 -27 -28 -29 33 30 -32 -33 -34 -35 36 -37 -38 41 39 40 -42 45 44 -45 -46 -47 -48
leaf_value=-0.0048403183212681515 -0.0079447542765572667 -0.084802080856985651 0.061758778728326399 0.10393226051422735 0.076501233434178278 -0.030678844568734362 -0.041595689350171265 -0.012878754400805423 -0.13758492422101953 -0.00025319105413571381 0.024840216177842572 0.021824355764393281 -0.11536152448645118 -0.056382878566829955 0.030727677961698188 0.1242227526568809 0.078540310191520593 0.030489396641048664 -0.099853698231412574 -0.11925825464963727 0.081149921409100198 -0.039480322945733247 0.14475315616182285 -0.066724390533554001 -0.046848401866281142 0.061207966913287601 -0.17650245749377691 -0.098907184576585233 0.1156157362038084 -0.088616344044063794 -0.0014189081476948424 0.029598988251887177 0.001366270244119616 0.019881856994299094 -0.053269891204705107 0.038823593181790357 -0.0040518958726120284 0.19483026326352243 0.0064761213797208976 0.092990636058780635 -0.018999820254179574 -0.056187307280531694 -0.11840569925558993 0.042714316605892741 0.012763262751154679 0.016919311904320125 0.021773198765754603
leaf_weight=55 839 78 44 48 37 53 39 48 38 97350 83 60 78 63 500 111 85 37 53 44 50 64 46 125 216 170 61 52 39 78 389 45 40 156 270 308 657 37 4839 57 1322 260 43 467 678 399 200
leaf_count=55 839 78 44 48 37 53 39 48 38 97350 83 60 78 63 500 111 85 37 53 44 50 64 46 125 216 170 61 52 39 78 389 45 40 156 270 308 657 37 4839 57 1322 260 43 467 678 399 200
internal_value=-1.06859e-06 -0.0124576 -0.0303793 0.0459761 -0.0443155 -0.0294483 0.0158822 -0.0542729 -0.0758473 4.85533e-05 0.00230515 0.0223305 -0.0431494 0.0367223 0.0455073 0.0884883 0.000825634 -0.00720712 -0.0314921 -0.0818583 -0.0153458 -0.000609533 0.0236568 0.00211254 0.00411638 0.0336086 -0.110595 -0.00797916 0.059668 -0.0246997 -0.016069 -0.0411628 -0.0619867 0.0392824 -0.00567544 0.00461533 -0.0184147 0.00336881 0.00021855 0.00185808 -0.0143373 0.0130883 0.0251202 0.0540522 0.00486349 -0.00406336 -0.0222824
internal_weight=110811 440 337 103 293 215 76 139 91 110371 13021 895 161 734 671 171 12126 3523 752 182 570 2771 645 404 8603 234 145 2126 241 520 467 170 84 195 2074 1147 927 8518 6434 6218 1379 2084 1225 504 721 859 460
internal_count=110811 440 337 103 293 215 76 139 91 110371 13021 895 161 734 671 171 12126 3523 752 182 570 2771 645 404 8603 234 145 2126 241 520 467 170 84 195 2074 1147 927 8518 6434 6218 1379 2084 1225 504 721 859 460
is_linear=0
shrinkage=0.0970268


Tree=167
num_leaves=48
num_cat=0
split_feature=4 8 8 8 9 5 1 6 1 6 2 2 2 2 4 5 2 4 8 8 9 4 7 6 9 6 7 6 9 6 7 7 2 8 6 5 5 5 4 6 4 5 2 1 2 4 6
split_gain=7.13298 18.3589 21.5187 29.578 20.2072 22.5034 15.4651 11.1329 9.49253 49.8864 58.554 59.5841 36.6943 60.8707 40.3495 29.0561 23.1 69.0496 31.6668 87.8648 59.6297 49.1301 37.782 18.3786 10.1674 31.3038 44.9034 39.5467 23.9842 71.9126 37.6807 55.1438 63.0135 49.0393 34.4161 48.6522 23.149 112.203 86.8042 110.493 52.6363 44.2789 71.3975 37.1765 37.0563 58.8998 43.9383
threshold=0.16072840484116965 0.092572173936269916 0.0023689424779034505 -0.036810257497380296 0.012146067248008601 -0.031584302116089841 -0.024718517241606897 -0.052953350146050744 -0.15516119816725618 -0.10448051949505939 -0.034424228213856496 -0.046072066004982641 -0.059689191467348142 -0.088285608527577095 0.057782437639797256 -0.11662074239669119 0.042364295874524206 0.010255899236185102 -0.011379828557408397 -0.03090695489089405 0.022703480646910152 -0.067266764869972531 0.029784228521251805 -0.0038225045772092496 0.10994557259447872 -0.10448051949505939 0.035034385344793105 -0.089855702594301784 0.10439905251003316 -0.068292372760330025 -0.021153922894160949 0.0019629077523072506 -0.062317348301983037 -0.037802299367547039 -0.017422101530692596 -0.0087150917034061973 0.028030629676504104 0.044903310782419957 -0.0072207479575060992 0.01312282302128835 -0.01042230348841885 0.012416409094268251 -0.069203642328287449 0.0028725317434983503 -0.047230820793381346 -0.016951046635354145 0.043369003686560256
decision_type=2 2 2 2 2 2 2 2 2 2 2 2 2 2 2 2 2 2 2 2 2 2 2 2 2 2 2 2 2 2 2 2 2 2 2 2 2 2 2 2 2 2 2 2 2 2 2
left_child=8 2 3 4 -2 6 -6 -4 9 -1 11 12 13 14 -11 -12 17 -17 19 23 22 -22 -20 -18 28 26 -26 -27 -10 -30 34 -32 -33 -34 -31 -36 41 40 43 -40 -38 44 -43 -39 45 -29 -46
right_child=1 -3 7 -5 5 -7 -8 -9 24 10 15 -13 -14 -15 -16 16 18 -19 20 -21 21 -23 -24 -25 25 27 -28 36 29 30 31 32 33 -35 35 -37 37 38 39 -41 -42 42 -44 -45 46 -47 -48
leaf_value=0.099292194448205584 -0.026391009527065638 -0.049744958904623937 0.02110080365869426 -0.050488420008888341 0.028712587509194913 -0.017275005382042463 0.1083781954147357 0.078072114246069954 5.4314614157251567e-05 -0.076434606402897634 -0.06175019884525447 -0.15196442331492119 0.041800444596760536 -0.13082226348800957 0.059630091367347808 -0.03830264769647343 -0.077083222346956984 0.11098155505676936 -0.016271217866437239 0.12230997395145142 -0.019919145515673711 -0.15867703367191943 0.096115229267512342 0.0067271148060559843 -0.037732620777649085 -0.088183092408543606 0.086422454481487276 -0.022937704500507188 -0.070438208074225975 0.061241867763676044 0.1553898264992761 -0.056470935248058664 0.15766446657446784 0.033014837433704022 0.032800016861760116 -0.12062859379903566 -0.15757674560502963 0.096866787119743822 -0.1468907154160379 0.02341618628978346 -0.027973774280189847 -0.043764636167263303 0.10809719436511554 0.0096069964598323853 -0.012928806222718031 0.058195617449634252 -0.097649653703129446
leaf_weight=37 55 40 63 71 46 40 47 68 107452 37 61 48 48 59 45 51 38 67 98 61 53 44 39 68 43 60 74 167 65 48 48 48 43 96 39 38 73 79 65 79 50 45 81 110 490 169 65
leaf_count=37 55 40 63 71 46 40 47 68 107452 37 61 48 48 59 45 51 38 67 98 61 53 44 39 68 43 60 74 167 65 48 48 48 43 96 39 38 73 79 65 79 50 45 81 110 490 169 65
internal_value=-9.74105e-07 0.0124652 0.0189158 0.00264781 0.0228317 0.0432751 0.0693776 0.0508983 -4.9668e-05 -0.010237 -0.0152569 -0.0558465 -0.0311051 -0.0560395 -0.0017294 0.00134125 0.00881815 0.0464752 -0.00227688 0.0299306 -0.0253143 -0.0833668 0.0158501 -0.0234164 2.9719e-05 -0.00752812 0.0407424 -0.0112283 0.000145432 0.0231381 0.0401215 0.0629837 0.0389212 0.0719992 -0.00285248 -0.0430416 -0.00806327 -0.0262174 0.00303924 -0.0535975 -0.105241 7.50064e-05 0.0538225 0.0462628 -0.007537 0.0178646 -0.0229338
internal_weight=110811 430 390 259 188 133 93 131 110381 854 817 237 189 141 82 580 519 118 401 167 234 97 137 106 109527 1650 117 1533 107877 425 360 235 187 139 125 77 1473 456 333 144 123 1017 126 189 891 336 555
internal_count=110811 430 390 259 188 133 93 131 110381 854 817 237 189 141 82 580 519 118 401 167 234 97 137 106 109527 1650 117 1533 107877 425 360 235 187 139 125 77 1473 456 333 144 123 1017 126 189 891 336 555
is_linear=0
shrinkage=0.0970268


Tree=168
num_leaves=48
num_cat=0
split_feature=6 5 0 5 5 3 0 0 1 2 3 1 1 5 6 5 0 1 1 5 5 6 6 2 6 1 1 9 5 4 5 4 6 4 5 3 0 2 9 3 2 4 5 0 6 0 3
split_gain=7.15652 20.8167 23.1217 15.2307 34.3896 27.5974 26.2664 36.6692 19.3692 8.47548 33.4737 23.2565 42.3988 41.7631 22.0772 16.546 9.61178 26.4354 60.5846 49.0786 43.3195 42.7068 99.4994 68.7068 41.9454 71.2037 55.7467 40.6141 36.9688 81.6825 92.0333 62.4968 55.0187 49.6267 45.9254 38.6081 37.5382 35.0081 33.841 30.421 29.3289 22.8245 19.1045 18.4453 13.1582 8.68945 72.6175
threshold=0.1777796226144763 0.036791423591399856 0.67085000000000006 -0.080894361179849536 -0.050202261381958144 0.036566295319370057 -0.77164999999999984 -0.2967499999999999 0.025529598342018855 -0.20260137548602794 -0.053204390611007742 0.046265546432756662 0.067853780757852367 -0.069502760244261441 0.08529041516287407 0.021995029554704604 -0.97184999999999988 0.017299062331333753 -0.0064470339305020994 0.046811610602709608 0.062265569953762659 0.029729573826439055 0.052464080104266959 -0.06595760297835164 -0.019945858869519845 0.031027711339089905 0.046962314179796551 -0.011429291451000448 0.022617112141783503 -0.013664102955108198 0.0092518209822499507 0.033166434836737306 -0.0069727208777144991 -0.05551447834488369 0.028030629676504104 -0.028705507267911646 -0.98114999999999986 -0.095894413325025782 -0.043159587714564143 -0.0075526514470863485 -0.0259424285127965 -0.058612931508121344 0.0071457353399621013 -0.98114999999999986 -0.010132685783385598 -0.95834999999999992 -0.071252759403181584
decision_type=2 2 2 2 2 2 2 2 2 2 2 2 2 2 2 2 2 2 2 2 2 2 2 2 2 2 2 2 2 2 2 2 2 2 2 2 2 2 2 2 2 2 2 2 2 2 2
left_child=9 2 3 5 -5 6 -2 -8 -6 10 -1 13 -13 -12 15 -15 17 18 28 24 -21 23 -23 44 39 43 42 -22 29 32 35 34 33 -11 -30 -31 -36 -24 -34 -19 -25 -28 -27 -26 -20 46 -18
right_child=1 -3 -4 4 8 -7 7 -9 -10 16 11 12 -14 14 -16 -17 45 19 21 20 27 22 37 40 25 26 41 -29 31 30 -32 -33 38 -35 36 -37 -38 -39 -40 -41 -42 -43 -44 -45 -46 -47 -48
leaf_value=0.085790969231301917 -0.00396772440013807 -0.076191590825447131 0.052711550210861068 0.084322962670780599 -0.073173056484584983 0.014774155272362911 -0.15925040255125475 -0.028289936121523085 0.02124485866186436 -0.011770135537220098 0.077163377156987775 -0.11748139247656496 0.011635801935686281 0.066414118742873854 -0.061975752152540871 -0.023607847824600934 0.094521199655152016 -0.049866120367318766 0.093232530468493141 0.095167201058322118 0.049277005170173568 -0.10600750282267653 0.10400719917765686 -0.03094926845085819 -0.041006390651684932 0.10805003986909675 -0.10038418225201345 -0.071168244841492825 -0.10973662060181988 -0.068274197152939017 0.16661968013770898 -0.13238869390489175 0.068050063934652558 -0.15468619340425105 0.021671731714354044 0.041809709526256879 -0.034708593201594258 -0.001816823298885574 -0.020332353374778626 -0.17129978745527627 0.072525481411354287 -0.0012165572853730547 0.015205611913777757 -0.12315884775696283 0.17001299929898056 1.6431376113861316e-06 0.0025766284017564147
leaf_weight=53 53 43 55 41 39 79 39 42 42 43 78 37 66 37 51 39 84 42 54 49 49 57 57 63 45 47 37 56 47 38 50 50 53 49 202 136 246 60 172 37 43 53 38 63 38 106028 1931
leaf_count=53 53 43 55 41 39 79 39 42 42 43 78 37 66 37 51 39 84 42 54 49 49 57 57 63 45 47 37 56 47 38 50 50 53 49 202 136 246 60 172 37 43 53 38 63 38 106028 1931
internal_value=-9.47201e-07 -0.0124444 -0.00531809 -0.0149267 0.0123293 -0.0305749 -0.057342 -0.0919527 -0.0242448 4.78304e-05 0.0148818 0.0025501 -0.0349446 0.0214666 -0.0128095 0.0202216 -8.1694e-07 -0.00670965 -2.16044e-05 -0.0255741 0.0202243 0.0337437 -0.00128785 0.0645133 -0.0450837 -0.0275059 0.0107019 -0.0149005 -0.0116047 0.00634804 0.0511604 -0.0294337 -0.0253141 -0.088344 -0.0189125 0.0176094 -0.00927004 0.0498468 0.000533376 -0.107459 0.0110598 -0.0423634 0.0669289 -0.0893041 0.125672 0.000121697 0.00643296
internal_weight=110811 433 390 335 122 213 134 81 81 110378 361 308 103 205 127 76 110017 1974 1458 516 154 372 174 198 362 283 175 105 1086 541 224 545 317 92 495 174 448 117 225 79 106 90 85 108 92 108043 2015
internal_count=110811 433 390 335 122 213 134 81 81 110378 361 308 103 205 127 76 110017 1974 1458 516 154 372 174 198 362 283 175 105 1086 541 224 545 317 92 495 174 448 117 225 79 106 90 85 108 92 108043 2015
is_linear=0
shrinkage=0.0970268


Tree=169
num_leaves=48
num_cat=0
split_feature=2 8 1 6 8 2 6 9 0 2 0 4 4 2 6 6 4 1 7 4 6 1 7 2 0 0 4 7 1 4 8 9 4 9 0 0 7 7 4 8 7 6 0 1 8 8 8
split_gain=7.04038 50.4231 52.8081 122.403 45.5919 60.3775 57.7184 86.4329 108.936 145.823 69.1029 64.1409 43.9505 64.4336 42.3471 40.3705 38.0868 37.534 37.2987 46.4424 51.3777 39.9239 39.9778 36.2849 52.8892 35.7747 34.8902 35.6411 34.1988 33.4301 35.8744 62.356 32.9307 59.8054 93.4477 45.3302 43.171 39.2703 41.7429 38.517 91.4229 96.293 125.436 167.06 176.23 90.3733 76.8539
threshold=-0.023313528556165596 -0.14289358475273709 -0.006963023889682199 0.033752056305719112 -0.14289358475273709 -0.037441542283869596 0.032100837105741901 -0.023330194865328144 0.54235000000000011 -0.093782590677497391 0.82730000000000004 -0.013664102955108198 0.034444313149233262 0.15896989621037003 0.070900865937373214 0.0061330778983799015 0.039351971848029556 0.060044182131756406 -0.01357445872184075 -0.036242308413944539 -0.048046979069551694 0.071834311008968615 0.033796842637072305 0.17896003900554594 -0.79039999999999988 0.86260000000000014 0.065447939653179563 0.06070177414684786 -0.044034834418470496 0.074361233063348978 0.13498165279936208 0.0096773958339143509 0.069572821019015865 0.042936140493792359 -0.10264999999999998 0.10280000000000002 -0.019336317272619197 -0.026300337724589496 0.079879476216717468 -0.0093031145950122976 0.043686119115740905 -0.019446293347743945 -0.79619999999999991 -0.012727259319531297 -0.013913882252674998 -0.016722833630594396 -0.006020978440609199
decision_type=2 2 2 2 2 2 2 2 2 2 2 2 2 2 2 2 2 2 2 2 2 2 2 2 2 2 2 2 2 2 2 2 2 2 2 2 2 2 2 2 2 2 2 2 2 2 2
left_child=4 2 3 23 5 6 7 8 9 -1 -9 -11 13 18 -5 -10 -14 -15 19 -4 -21 -20 -23 24 -2 -18 27 -8 -26 -3 -31 -32 39 36 -35 -36 37 38 -34 40 41 42 43 44 -6 -45 -41
right_child=1 29 12 14 32 -7 26 10 15 11 -12 -13 16 17 -16 -17 25 -19 21 20 -22 22 -24 -25 28 -27 -28 -29 -30 30 31 -33 33 34 35 -37 -38 -39 -40 46 -42 -43 -44 45 -46 -47 -48
leaf_value=-0.04493620692406005 0.20180866398177674 -0.0023266354334320685 -0.016558918141899078 -0.076839937961636212 0.010261408656189663 0.057384898850600517 -0.0023771158703884401 0.01533397380631283 -0.070787876830297997 -0.1456871889912543 -0.12485121578814233 -0.31744455253564163 -0.099273458311613369 0.010049251284078345 0.050255390870036512 0.063021472025737449 0.0018336755738959782 -0.097788005049470911 0.046065496310427133 0.027144434244232293 0.12972018711843505 -0.10401453219726722 0.029218350355796011 0.012223638808264938 0.015858779559277673 -0.096429244903702499 0.065826262568944902 -0.086550537145246798 0.11727494470739784 0.0094364459586183634 0.0084650815727808134 -0.13118254213850433 -0.040759588033303679 0.073219002061199329 -0.10175703690152739 0.0050523280068505072 -0.015472105859512459 0.050321148097311016 0.014640108608929918 0.027371540694560707 0.013211072286465743 0.0010919875724762383 -0.00771856265478433 -0.10233254611489712 -0.19167959607799195 0.019605607345354308 0.0027698764703697242
leaf_weight=92 45 40244 48 72 483 90 420 206 38 49 39 37 43 70 37 47 512 53 134 76 118 43 41 44 50 37 61 53 85 3397 82 47 182 214 41 385 3472 174 429 1238 3438 13033 6256 418 44 66 34528
leaf_count=92 45 40244 48 72 483 90 420 206 38 49 39 37 43 70 37 47 512 53 134 76 118 43 41 44 50 37 61 53 85 3397 82 47 182 214 41 385 3472 174 429 1238 3438 13033 6256 418 44 66 34528
internal_value=-9.57113e-07 -0.000931467 0.0165097 0.0505951 0.000641811 -0.0186573 -0.0252545 -0.0486543 -0.0872395 -0.130308 -0.00711847 -0.220869 0.00682733 0.025733 -0.033586 0.0030391 -0.0117804 -0.0365165 0.0424161 0.0686162 0.0897282 0.0132135 -0.0390525 0.0915856 0.110861 -0.00484039 -0.00295617 -0.0118965 0.0799466 -0.00153273 0.00752513 -0.0426027 0.000981301 -0.0066661 0.020974 -0.00529559 -0.0108253 0.00971249 -0.00186344 0.00161086 -0.00141896 -0.00389737 -0.0128463 -0.0445513 -0.00672016 -0.085683 0.003622
internal_weight=110811 45278 1508 333 65533 1132 1042 508 263 178 245 86 1175 583 109 85 592 123 460 242 194 218 84 224 180 549 534 473 135 43770 3526 129 64401 4897 640 426 4257 785 611 59504 23738 20300 7267 1011 527 484 35766
internal_count=110811 45278 1508 333 65533 1132 1042 508 263 178 245 86 1175 583 109 85 592 123 460 242 194 218 84 224 180 549 534 473 135 43770 3526 129 64401 4897 640 426 4257 785 611 59504 23738 20300 7267 1011 527 484 35766
is_linear=0
shrinkage=0.0970268


Tree=170
num_leaves=48
num_cat=0
split_feature=6 6 7 0 0 4 9 2 4 7 3 5 4 9 5 5 3 2 2 5 7 7 3 7 5 2 3 7 7 7 6 6 9 7 7 4 2 2 2 2 9 4 5 5 3 4 9
split_gain=7.60344 63.6696 56.2954 63.1667 55.9004 53.8169 49.6687 149.739 91.7751 70.7814 58.7509 56.3595 68.8671 55.843 53.9261 43.7128 122.4 95.0858 41.2328 43.0384 87.1945 114.803 90.35 39.594 35.1313 36.5122 33.5159 31.6266 31.6152 65.6057 80.9978 72.2989 104.336 69.7307 61.4089 50.5341 57.5823 55.7061 47.5143 52.8336 41.2529 68.5362 65.6207 57.5015 69.8223 52.9994 71.4146
threshold=0.0032962987332410005 0.0067174782386553505 0.093339623577784414 -0.076299999999999993 0.77850000000000008 -0.034379304198200546 -0.03655899064599314 -0.021189410923942498 -0.048811798612725339 -0.0039113715612133495 0.013712438468687752 0.066330729236624017 -0.024013788872722146 -0.014424886171044798 -0.0014992295605405998 -0.00099775140616724964 -0.005589641090846499 -0.0047669855225582992 0.15224762072515693 -0.0019459421536821497 -0.025797763820079346 -0.0079848888777889985 -0.023728779903941496 0.011052333734449851 -0.039119030685482642 0.025563501414801303 -0.038728203941459489 0.036280117322040804 0.039556820870839705 0.010230697427668852 0.0072379848272470506 0.0084215845490301523 0.006291937825715751 0.027019105125103953 0.019372093498566206 -0.037504484479936144 -0.062904083691998028 -0.084854318606988485 -0.094820891016726791 -0.10124865802229639 0.029537174986280803 -0.075025603548725089 0.023221657379879853 0.020706746912483105 -0.0098435437360073989 0.04157052901458911 -0.011851749162440698
decision_type=2 2 2 2 2 2 2 2 2 2 2 2 2 2 2 2 2 2 2 2 2 2 2 2 2 2 2 2 2 2 2 2 2 2 2 2 2 2 2 2 2 2 2 2 2 2 2
left_child=-1 2 3 6 18 -6 7 10 -9 13 -2 12 27 -8 -14 17 -17 -15 19 24 22 -22 -21 -13 -5 -26 -7 -11 29 -3 34 32 33 -32 -31 36 37 -33 39 -37 42 -42 43 -30 -45 46 -44
right_child=1 28 -4 4 5 26 9 8 -10 11 -12 23 14 15 -16 16 -18 -19 -20 20 21 -23 -24 -25 25 -27 -28 -29 40 30 31 35 -34 -35 -36 38 -38 -39 -40 -41 41 -43 45 44 -46 -47 -48
leaf_value=0.00067850838835786386 0.037558997262105008 -0.0014485468817241173 0.096545689690597875 0.009936427711339452 -0.13292505260697032 -0.091221122219182577 -0.088614235897854221 -0.17232036728045441 -0.0053422312240055739 -0.060134859780495126 0.1854016232294762 -0.072990539471766272 -0.068828137630476752 0.087012870552615709 -0.15143522641933083 -0.097518055609095378 0.036058604183707099 -0.054726059863491251 -0.046367870247814948 0.19081521372948029 -0.13138162763688596 0.0084862401697007872 0.0033447841271850832 0.052419138610289503 0.051203951764460992 0.15447522648430681 -0.0066767773441123108 0.027127410348556806 -0.016514996162235802 0.0011297858964366991 -0.17462265013375602 0.00046681545700044257 0.041275896990281453 -0.020691507724611761 0.16281558788155359 0.0045638334465151692 -0.019802574799050874 0.064837910174666474 0.015896459797767389 -0.042857695700901068 0.06596153764119185 0.00065101760323548537 0.012836008924058038 0.0087037918803219705 -0.15807488909264561 0.032943939081601904 -0.028756121618854248
leaf_weight=64606 69 26527 41 143 43 51 82 45 98 107 40 39 168 118 136 123 135 71 96 39 75 206 63 59 152 41 315 61 3171 37 66 551 68 48 55 1786 1146 164 5848 252 167 1571 911 39 59 446 677
leaf_count=64606 69 26527 41 143 43 51 82 45 98 107 40 39 168 118 136 123 135 71 96 39 75 206 63 59 152 41 315 61 3171 37 66 551 68 48 55 1786 1146 164 5848 252 167 1571 911 39 59 446 677
internal_value=-1.10021e-06 -0.000951558 -0.0156525 -0.017458 -0.00148283 -0.0307419 -0.0319196 0.00689099 -0.0583016 -0.0408265 0.0923991 -0.0645416 -0.078433 -0.0152252 -0.105972 -0.00167142 -0.0276424 0.0337151 0.0131975 0.0211857 -0.00103137 -0.0289521 0.0756015 0.00231933 0.0465078 0.0734769 -0.0185734 -0.0284069 -6.89228e-05 0.00107781 0.00776613 0.00692326 -0.053591 -0.110203 0.0981891 0.0080564 -0.00632079 0.0152738 0.0114506 -0.00130294 -0.00602233 0.00694621 -0.0102746 -0.0187879 -0.0918553 0.00340433 -0.00489275
internal_weight=110811 46205 2616 2575 1224 409 1351 252 143 1099 109 570 472 529 304 447 258 189 815 719 383 281 102 98 336 193 366 168 43589 36548 10021 9929 182 114 92 9747 1861 715 7886 2038 7041 1738 5303 3269 98 2034 1588
internal_count=110811 46205 2616 2575 1224 409 1351 252 143 1099 109 570 472 529 304 447 258 189 815 719 383 281 102 98 336 193 366 168 43589 36548 10021 9929 182 114 92 9747 1861 715 7886 2038 7041 1738 5303 3269 98 2034 1588
is_linear=0
shrinkage=0.0970268


Tree=171
num_leaves=48
num_cat=0
split_feature=1 0 0 5 5 5 1 9 2 0 7 7 0 7 2 0 5 2 1 9 7 0 9 9 6 0 9 2 9 6 7 2 2 8 9 1 2 6 9 8 2 9 5 2 8 0 5
split_gain=7.07941 39.7879 28.4994 22.5731 26.6584 23.5377 42.5119 24.2335 17.0701 19.8441 21.4764 17.2582 30.4435 26.3678 24.0127 14.2791 9.90553 43.9155 129.443 59.2865 47.9125 44.4943 39.165 41.4414 40.7728 54.334 37.3509 51.5266 32.7924 24.5963 9.9974 41.6871 98.8703 92.3146 61.2481 57.087 103.899 73.8047 68.4554 73.5653 76.901 66.6784 77.7459 56.6213 65.1321 54.7147 87.2716
threshold=0.13286656687283852 -0.76479999999999981 0.5273000000000001 0.030025241328595905 0.0060797590656355505 -0.090661455407631292 0.14678926978451887 1.0000000180025095e-35 -0.039719878089841593 0.7652000000000001 -0.012234400851942398 0.017501695339239103 0.8226500000000001 -0.019745430994174598 0.076995206897744417 0.90015000000000012 0.17465723710244555 -0.10568841082074489 -0.0089717381877628486 -0.0080534529871273478 -0.038584355920130743 -0.94714999999999994 0.070992314440072826 0.042936140493792359 0.054757322898495213 -0.29519999999999996 -0.043159587714564143 0.070421574323952615 0.024195610504655702 0.016198139235758503 -0.060643550149978291 -0.072666026837171424 -0.065356263075296989 -0.055294504275847194 0.045848820802582659 0.036265088198967954 0.045355472178381158 -0.10177891738750298 0.070992314440072826 0.050118616662371655 0.1228346226945554 0.038723488345155307 0.0055626408540700506 -0.076435332777726836 0.024460316476601754 -0.94714999999999994 0.015934443586919051
decision_type=2 2 2 2 2 2 2 2 2 2 2 2 2 2 2 2 2 2 2 2 2 2 2 2 2 2 2 2 2 2 2 2 2 2 2 2 2 2 2 2 2 2 2 2 2 2 2
left_child=16 -2 3 4 5 6 -3 -7 9 -4 -11 13 -13 14 -10 -15 30 18 -18 -20 26 -22 23 24 28 -26 -19 -28 -23 -21 31 33 -33 -1 43 38 37 -37 41 40 -40 -34 -43 45 -45 46 -35
right_child=1 2 8 -5 -6 7 -8 -9 11 10 -12 12 -14 15 -16 -17 17 20 19 29 21 22 -24 -25 25 -27 27 -29 -30 -31 -32 32 35 34 -36 36 -38 -39 39 -41 -42 42 -44 44 -46 -47 -48
leaf_value=-0.031851890631707291 -0.060078344535538945 -0.070014819601139422 -0.082487074925723783 0.10035724673565165 -0.047945682282804998 0.027210947696526402 0.058057661567836039 0.11153121294148755 0.060349098287361701 0.054551825292286964 -0.037341849301490974 -0.07266508037334761 0.02496258390371248 0.093807099674861005 -0.034712144837074917 0.017166288331428241 -0.092174267287014333 -0.05829287671670879 0.0012115781865557186 0.065897400342712936 0.043201240663826128 -0.053903907774155962 -0.13103606197541404 0.038741444800808156 -0.058973990844172354 0.091187583408136652 0.005684187945149289 0.14468107766602184 -0.14558940068586818 0.17131513702367263 0.00030589906206449704 -0.052460275097234992 -0.0078740574995615417 -0.13458066414287873 -0.0081316121212281819 -0.065273323053589641 -0.010355439030996399 0.045449016176456428 0.085067099979974317 -0.060833317561010791 -0.036037160333792173 -0.067378656369523157 0.0026899013937303935 0.15238213990208896 0.023696604587733879 0.023803509325984681 0.050648045232643102
leaf_weight=488 72 42 43 46 38 70 57 60 37 37 66 52 70 62 75 37 59 37 58 37 57 203 47 57 53 39 73 38 45 51 99140 423 3818 53 784 61 978 732 201 63 65 406 235 67 83 1453 43
leaf_count=488 72 42 43 46 38 70 57 60 37 37 66 52 70 62 75 37 59 37 58 37 57 203 47 57 53 39 73 38 45 51 99140 423 3818 53 784 61 978 732 201 63 65 406 235 67 83 1453 43
internal_value=-1.0594e-06 0.00874522 0.015042 0.0377898 0.0268357 0.0393499 0.00356509 0.0664317 0.000138283 -0.0274583 -0.00415514 0.0122846 -0.01668 0.0290755 -0.00311818 0.0654492 -6.99075e-05 -0.0104763 0.0286133 0.0776116 -0.0228483 -0.0371782 -0.0475489 -0.0375142 -0.0503573 0.00470631 0.0255664 0.0537162 -0.0707947 0.127618 1.15112e-05 -0.00291979 -0.00701649 0.00670417 0.0142896 -0.00408118 0.0107983 0.0368904 -0.00958724 0.0330892 0.0554292 -0.0127409 -0.0416911 0.0246408 0.0815015 0.0191081 -0.0516582
internal_weight=110811 864 792 313 267 229 99 130 479 146 103 333 122 211 112 99 109947 854 205 146 649 501 444 397 340 92 148 111 248 88 109093 9953 6982 2971 2483 6559 1771 793 4788 329 266 4459 641 1699 150 1549 96
internal_count=110811 864 792 313 267 229 99 130 479 146 103 333 122 211 112 99 109947 854 205 146 649 501 444 397 340 92 148 111 248 88 109093 9953 6982 2971 2483 6559 1771 793 4788 329 266 4459 641 1699 150 1549 96
is_linear=0
shrinkage=0.0970268


Tree=172
num_leaves=48
num_cat=0
split_feature=6 6 8 0 3 2 0 8 0 5 5 8 3 7 2 7 2 2 3 2 0 5 5 6 2 6 7 4 3 7 5 5 0 2 4 7 2 2 3 2 2 0 5 8 8 3 5
split_gain=6.5805 53.5969 87.9688 62.1925 60.91 67.2583 135.818 73.6774 58.3415 84.4047 61.5496 58.0086 74.691 54.0601 63.9532 54.1236 72.0428 51.6083 62.5379 50.3787 48.6711 69.8066 98.6819 76.7512 80.409 59.976 54.3615 48.2701 47.1447 44.9284 39.9112 39.8254 42.5633 39.3865 60.5222 64.6951 57.9274 57.323 51.4631 49.2579 41.7372 39.3956 38.7579 37.5326 37.4634 43.9364 36.9259
threshold=-0.047328747237486292 -0.048728933350633989 -0.025519095618117497 -0.95584999999999987 0.055485662395232255 -0.021877745748253147 0.79080000000000006 0.008750026766014652 -0.69114999999999982 0.096436362004837364 0.08113326105371936 0.072906406083546857 -0.034863905867948644 -0.0011509733267213499 0.17057609265983603 -0.0067663485611202494 -0.074161972429285933 -0.062904083691998028 -0.009064132442271897 -0.057891413705310091 -0.62474999999999992 0.028708659826157005 0.0024373400549338505 -0.05230931845471249 -0.039719878089841593 -0.064405120885079742 0.014102101358978001 0.069572821019015865 0.064148750514127967 -0.0084255025660312493 -0.030468903514131947 -0.016768184129348447 -0.44049999999999995 0.18295945040458778 -0.0086090722231190967 0.052643329800541559 0.24244760119426953 0.21980754745819697 0.0011277009095607001 0.21332344831681074 0.17896003900554594 0.43975000000000003 -0.051948750946266144 -0.096041086116257737 -0.096041086116257737 -0.085782764465803088 0.017703287300454302
decision_type=2 2 2 2 2 2 2 2 2 2 2 2 2 2 2 2 2 2 2 2 2 2 2 2 2 2 2 2 2 2 2 2 2 2 2 2 2 2 2 2 2 2 2 2 2 2 2
left_child=1 3 43 11 5 7 31 46 9 10 13 12 -1 15 27 29 -17 18 -9 -11 21 22 23 24 -10 -24 -23 -15 30 -5 -14 -7 -33 40 38 36 -36 -37 41 -40 44 -35 -16 -3 45 -22 -4
right_child=-2 2 4 8 -6 6 -8 17 20 19 -12 -13 28 14 42 16 -18 -19 -20 -21 33 26 25 -25 -26 -27 -28 -29 -30 -31 -32 32 -34 34 35 37 -38 -39 39 -41 -42 -43 -44 -45 -46 -47 -48
leaf_value=0.033092569786768382 0.00039727141725625313 -0.047174169639939541 -0.039952907725022253 0.020892761178532619 0.076097086768807651 -0.2052547854253981 0.03330516633237663 -0.13431790420156733 0.0080290912580395484 -0.0078193117944789607 0.10515736674689323 0.047362035884101067 -0.18743425513527054 -0.000108582504360391 0.011717339256023293 -0.016132711648305618 0.12428703693510891 0.041923513285085687 0.015813481039796577 -0.15380520677569171 -0.046455750534481977 0.098161396339873558 -0.055921488105152357 0.086264358906601113 -0.06888867462234595 -0.18656661811311859 -0.02843320501968391 -0.067252279227102391 0.019518688103121577 -0.075876009392193577 -0.077636813597325299 -0.18038642643497627 -0.057034268072774515 0.092027667448201622 -0.093713690760404075 0.080177418666239869 -0.0041110961539213122 -0.039152054096260921 -0.12796371756221092 0.025665387803862228 0.086370490801203278 0.0058938766865433744 0.14309934907855276 0.050586090225429876 -0.0013067620854046137 0.027923579892002479 -0.1421949338484296
leaf_weight=70 86321 47 81 1648 38 54 60 44 251 44 67 61 38 1640 40 51 104 150 63 45 83 70 80 58 260 57 58 107 38 46 179 42 72 77 234 62 96 96 41 37 52 142 45 167 16921 717 57
leaf_count=70 86321 47 81 1648 38 54 60 44 251 44 67 61 38 1640 40 51 104 150 63 45 83 70 80 58 260 57 58 107 38 46 179 42 72 77 234 62 96 96 41 37 52 142 45 167 16921 717 57
internal_value=-9.05257e-07 -0.00140474 -0.0249798 -0.000530397 -0.0424843 -0.0497783 -0.0917118 -0.0254788 0.000111415 0.0110426 0.013266 -0.039136 -0.0554393 0.0115792 -0.00022925 0.0232814 0.078106 0.00521618 -0.0461197 -0.0821099 -0.00205121 -0.0249754 -0.0369346 -0.019078 -0.0311135 -0.110747 0.0408207 -0.00424139 -0.0797927 0.0182415 -0.0972302 -0.136387 -0.103054 -0.00101995 -0.022283 -0.0432913 -0.0677136 0.00770331 0.012217 -0.0552227 -7.97826e-05 0.0363382 0.0817408 0.0290222 -0.000336014 0.0201749 -0.0825522
internal_weight=110811 24490 875 23615 661 623 228 395 23229 3837 3748 386 325 3681 1832 1849 155 257 107 89 19392 834 706 569 511 137 128 1747 255 1694 217 168 114 18558 785 488 330 158 297 78 17773 219 85 214 17721 800 138
internal_count=110811 24490 875 23615 661 623 228 395 23229 3837 3748 386 325 3681 1832 1849 155 257 107 89 19392 834 706 569 511 137 128 1747 255 1694 217 168 114 18558 785 488 330 158 297 78 17773 219 85 214 17721 800 138
is_linear=0
shrinkage=0.0970268


Tree=173
num_leaves=48
num_cat=0
split_feature=6 6 0 7 9 9 0 1 3 3 1 1 0 1 1 6 3 9 0 5 0 3 3 4 6 0 6 4 9 1 1 1 7 7 6 9 0 5 7 7 3 1 0 7 0 6 6
split_gain=6.78351 51.8663 51.1694 48.9209 45.7297 87.8915 53.5021 97.2083 93.3108 87.8903 69.0824 83.8082 70.8893 33.5479 43.7616 41.2574 87.7976 85.5902 50.2609 45.461 31.6987 30.2959 72.968 111.404 63.5555 86.5967 60.0543 57.3861 75.7939 58.588 83.0117 56.6196 56.2905 76.264 98.509 88.4841 75.7951 105.347 50.9068 62.0148 53.3884 49.1914 47.9973 45.9004 40.2792 59.9984 61.1306
threshold=0.0032962987332410005 0.0067174782386553505 -0.97464999999999991 0.093339623577784414 -0.093325357103541742 -0.08125201657299598 -0.076299999999999993 0.011464867805649851 -0.042537425837813093 -0.05534494268742244 -0.0038964096732031499 0.00094840894575840007 0.66010000000000002 0.090411043541748962 0.092964030289628671 0.052464080104266959 -0.042537425837813093 -0.0043373252611944987 -0.9061499999999999 0.019438354217348606 -0.59979999999999989 -0.032435441913664896 -0.028161367144856248 -0.071648425880399144 0.015023399779198601 0.15395000000000003 0.021172770288804602 -0.029470645471271848 0.095511689039435951 -0.015405572447226948 0.037411666184969862 0.028258016989411053 -0.021153922894160949 0.049576637521498157 0.022523747213298553 -0.027575141132673547 -0.73484999999999989 0.10233997228199336 0.077225608832147755 0.018403215921385104 0.021205448641670854 -0.033951265674093546 -0.81754999999999989 0.015341712024754003 -0.94224999999999992 0.015603870952009753 0.1008234832522394
decision_type=2 2 2 2 2 2 2 2 2 2 2 2 2 2 2 2 2 2 2 2 2 2 2 2 2 2 2 2 2 2 2 2 2 2 2 2 2 2 2 2 2 2 2 2 2 2 2
left_child=-1 2 -2 4 -4 -6 7 9 -9 -7 12 -12 -8 21 20 16 17 19 -18 -16 -15 44 23 43 25 42 31 28 38 -30 -31 -26 36 34 -34 -35 41 -38 39 -24 -40 -29 -25 -23 45 -3 -47
right_child=1 13 3 -5 5 6 10 8 -10 -11 11 -13 -14 14 15 -17 18 -19 -20 -21 -22 22 27 24 26 -27 -28 32 29 30 -32 -33 33 35 -36 -37 37 -39 40 -41 -42 -43 -44 -45 -46 46 -48
leaf_value=0.00064079284569265994 -0.1186533123339767 0.047375712741746311 -0.11282063528637648 0.094840532208794806 0.12780465851144662 -0.13700246582558134 0.060685062818038614 0.11770293998691658 -0.0095732545965395675 -0.036278328523326776 -0.15366924374482696 -0.01122965549281906 -0.012827792838976832 -0.019352372520720744 -0.048137490186269415 -0.0059189916926505491 -0.10074410898969804 0.11862477616608941 0.010607327726493747 0.079849821723652417 0.075319458041989792 0.055173715689703154 -0.0018003633473865715 0.047251894815970807 -0.13799239051375872 -0.0098689819978271878 0.012960899548423674 -0.013739006630164178 0.013898643006803921 -0.17484384043333501 -0.015922487731530047 0.017341332093697877 0.020679281803036447 -0.040352154148383709 0.0027712732078273121 0.0011340730880939566 -0.0077672356898030714 -0.060932604534912789 -0.0026771677126827035 -0.02072323255804507 0.065652591058833754 0.021551910107505328 0.18669744508196459 0.18802948579495452 -0.0039841410550565514 -0.050372700410312846 0.049703972358603625
leaf_weight=64606 43 85 43 39 41 91 274 64 342 771 41 643 224 42 63 1069 40 147 681 44 155 50 5056 40 50 73 990 523 55 71 55 39 3910 699 11108 1570 4396 381 256 2407 185 1282 57 49 7366 531 64
leaf_count=64606 43 85 43 39 41 91 274 64 342 771 41 643 224 42 63 1069 40 147 681 44 155 50 5056 40 50 73 990 523 55 71 55 39 3910 699 11108 1570 4396 381 256 2407 185 1282 57 49 7366 531 64
internal_value=-1.1227e-06 -0.000898876 -0.0141674 -0.0123987 -0.0140682 -0.0123411 -0.0147116 -0.0285516 0.0105678 -0.0469836 0.000132375 -0.0198699 0.0276175 -0.000102222 0.0114586 0.00723848 0.0216703 0.0706768 0.00436208 0.00451297 0.0550907 -0.000729137 0.000561584 0.0226708 0.0147887 0.0698584 0.00608005 -0.000371101 -0.00743608 -0.0694485 -0.105829 -0.070059 0.00202168 0.00492938 0.00743476 -0.0116474 -0.00561355 -0.0120145 -0.00601124 -0.00790551 0.0260014 0.0113204 0.129739 0.121538 -0.00607227 -0.0286617 -0.0395653
internal_weight=110811 46205 2616 2573 2534 2491 2450 1268 406 862 1182 684 498 43589 2241 2044 975 254 721 107 197 41348 33302 1348 1249 170 1079 31954 8085 181 126 89 23869 17287 15018 2269 6582 4777 7904 7463 441 1805 97 99 8046 680 595
internal_count=110811 46205 2616 2573 2534 2491 2450 1268 406 862 1182 684 498 43589 2241 2044 975 254 721 107 197 41348 33302 1348 1249 170 1079 31954 8085 181 126 89 23869 17287 15018 2269 6582 4777 7904 7463 441 1805 97 99 8046 680 595
is_linear=0
shrinkage=0.0970268


Tree=174
num_leaves=48
num_cat=0
split_feature=2 5 4 5 6 1 4 4 1 7 5 4 5 7 3 2 4 3 4 1 6 4 3 8 1 8 5 1 6 6 5 2 6 5 5 5 3 3 8 4 7 2 8 1 4 5 5
split_gain=6.52821 50.3444 51.8471 50.7896 42.4735 41.3702 42.6843 40.9201 42.2443 71.5228 85.0173 113.361 69.1241 45.793 42.0616 45.623 43.099 62.3615 40.4635 65.9144 63.4344 48.1131 62.511 45.7713 62.9758 58.4606 47.6617 42.5124 39.4927 38.6855 38.1567 50.2357 44.8676 33.0211 32.8933 64.5824 32.4923 50.2891 77.609 95.7235 43.8317 52.268 57.0967 43.2998 41.4325 35.968 59.0409
threshold=0.17896003900554594 -0.0038245251556386995 -0.075025603548725089 0.0024373400549338505 0.015603870952009753 -0.076125887519388286 -0.087349392908086396 0.011102350153100751 -0.019749686222752496 -0.056871551342795444 -0.050202261381958144 -0.05254629867796954 -0.042745438222860789 0.071292518634747268 0.078633282980213617 0.19220902801063269 -0.058612931508121344 0.00074211801435615011 0.029858113612524804 0.036265088198967954 0.037937565608675804 0.035052049108563757 0.026410649511256701 0.0011680757246627504 0.011957440854062352 -0.022443628107096495 -0.028166174634295847 0.056196733770714755 -0.048728933350633989 0.083247578169780109 0.0071457353399621013 0.25269711691732732 0.018024559016611204 0.0081528391622223018 -0.093127398655208388 -0.040544960095568038 0.045528706945639458 0.078633282980213617 0.088883316588964312 -0.01557486765853945 0.021199700384649803 0.18729881317640429 0.11993638361799387 -0.081646643084545792 -0.024013788872722146 0.012416409094268251 0.021332178233381651
decision_type=2 2 2 2 2 2 2 2 2 2 2 2 2 2 2 2 2 2 2 2 2 2 2 2 2 2 2 2 2 2 2 2 2 2 2 2 2 2 2 2 2 2 2 2 2 2 2
left_child=-1 2 5 4 -3 34 28 8 14 -10 11 -11 -12 -13 15 -4 -17 -18 19 -9 27 22 -20 25 26 -23 -25 -21 -7 -14 31 32 -5 -32 -2 -36 40 38 39 -38 45 -42 -43 -39 -45 -35 -47
right_child=1 3 7 30 -6 6 -8 18 9 10 12 13 29 -15 -16 16 17 -19 21 20 -22 23 -24 24 -26 -27 -28 -29 -30 -31 33 -33 -34 36 35 -37 37 43 -40 -41 41 42 -44 44 -46 46 -48
leaf_value=-0.00020001393714269786 0.0058285165424989066 0.017851428056928187 0.083736337619713205 -0.054619862572765646 0.10178609369356431 0.064220419744621518 0.07669506795847672 0.057716915971482201 -0.12774711583628851 -0.19575136571768245 0.097890530817231619 -0.055391515716675235 -0.027902307238244127 0.036862764585480469 -0.068084797025864188 0.071577832723955417 -0.059549344821776325 0.029479919702014946 -0.016204709811208761 -0.14588855930540259 0.068729370193858649 -0.0025182744398440913 -0.16799335750130873 -0.027854430932297444 -0.00062481627142699106 0.050402315581648538 -0.129426327150338 -0.01951111558622064 -0.050214095546207024 0.061293725080558692 0.096918989373272202 -0.12837326746069591 0.067812331005586979 0.07351611227807564 0.18299249043059537 0.0219675369951675 -0.13940511044530579 -0.057576795320736715 0.051782588078973617 -0.018430503659064422 0.10355394798170141 0.034684475617992823 -0.059099284707957736 0.12686910994164124 0.01886649195913458 -0.055125597096354437 0.0089043922099144926
leaf_weight=103430 48 127 70 69 103 37 55 257 71 49 64 268 262 62 71 62 155 141 77 37 51 1139 38 96 288 237 80 77 117 55 41 42 47 70 48 46 89 44 80 199 90 570 68 47 115 150 1372
leaf_count=103430 48 127 70 69 103 37 55 257 71 49 64 268 262 62 71 62 155 141 77 37 51 1139 38 96 288 237 80 77 117 55 41 42 47 70 48 46 89 44 80 199 90 570 68 47 115 150 1372
internal_value=-9.81905e-07 0.00278666 -0.0044629 0.0116419 0.0555962 0.0311511 0.00361616 -0.00784066 -0.021466 -0.0348606 -0.0261054 -0.0586184 0.00624165 -0.0380062 0.000832546 0.012342 -0.00167356 -0.0171273 -0.000210591 0.0270175 -0.0207685 -0.0060972 -0.0668681 -0.00227966 -0.028622 0.00660253 -0.0742733 -0.0609925 -0.0225608 -0.0123372 0.00836337 -0.0380099 -0.00486904 0.010868 0.0714835 0.104737 0.00963186 -0.011022 -0.0325079 -0.055995 0.014747 0.0344642 0.0246421 0.0273038 0.0505035 0.00571806 0.00257447
internal_weight=110811 7381 4058 3323 230 351 209 3707 1330 831 760 379 381 330 499 428 358 296 2377 422 165 1955 115 1840 464 1376 176 114 154 317 3093 158 116 2935 142 94 2894 574 368 288 2320 728 638 206 162 1592 1522
internal_count=110811 7381 4058 3323 230 351 209 3707 1330 831 760 379 381 330 499 428 358 296 2377 422 165 1955 115 1840 464 1376 176 114 154 317 3093 158 116 2935 142 94 2894 574 368 288 2320 728 638 206 162 1592 1522
is_linear=0
shrinkage=0.0970268


Tree=175
num_leaves=48
num_cat=0
split_feature=9 5 4 6 4 0 4 6 6 0 6 2 6 0 5 1 2 0 5 1 1 6 0 0 6 1 0 3 0 0 1 6 9 1 3 6 3 3 1 1 2 1 2 0 1 3 1
split_gain=6.87594 32.7565 82.891 72.6974 51.1095 39.8401 36.4462 31.6402 46.2927 51.6869 52.2137 51.5365 45.5919 58.1409 51.0802 47.8997 47.8151 57.6785 55.0492 51.4875 47.7232 46.8959 40.9945 39.6567 38.3802 65.0296 40.9593 38.0442 36.1987 91.4674 40.5481 34.8958 64.0274 37.8807 56.7533 50.7127 32.8304 35.4683 30.9834 30.2782 68.9679 43.2747 28.1492 27.4861 27.4287 26.3793 25.0325
threshold=-0.05107552380775169 0.099374248208709659 -0.053498587056858643 0.019989025967572103 -0.015120989747338448 0.91700000000000015 -0.036885088530505795 0.042413382382144059 0.01312282302128835 -0.88839999999999986 0.035488849536434205 0.26277688978100083 -0.029002966875096247 -0.9061499999999999 -0.015687330121158246 0.0038081962513300503 0.17472039115599697 0.66010000000000002 -0.090661455407631292 0.029394831604843404 0.04206493927765801 -0.058841439165573599 0.92605000000000015 -0.94494999999999985 0.045236436153842957 -0.0019755116716150497 -0.93124999999999991 0.05420432895338171 0.61285000000000012 0.86260000000000014 0.0052259029511499506 0.047166723553374208 -0.072304232977273439 0.020312486113742253 -0.014485766389790699 0.062060404716679861 0.023717075115344353 0.055485662395232255 -0.0064470339305020994 0.006740785208163051 -0.0036249441593078995 0.011957440854062352 0.093235856417146365 0.27400000000000008 -0.022156606960369595 -0.012107012250075648 -0.071257799742404079
decision_type=2 2 2 2 2 2 2 2 2 2 2 2 2 2 2 2 2 2 2 2 2 2 2 2 2 2 2 2 2 2 2 2 2 2 2 2 2 2 2 2 2 2 2 2 2 2 2
left_child=1 7 3 -3 6 -6 -4 8 11 10 36 12 13 14 21 -16 18 19 20 -18 -14 -1 -20 38 25 -25 -26 28 -11 42 -31 32 -28 35 -35 -33 44 -38 46 40 -15 -41 -30 -29 -10 -40 -9
right_child=-2 2 4 -5 5 -7 -8 23 9 27 -12 -13 16 39 15 -17 17 -19 22 -21 -22 -23 -24 24 26 -27 31 43 29 30 -32 33 -34 34 -36 -37 37 -39 45 41 -42 -43 -44 -45 -46 -47 -48
leaf_value=0.056039829406121559 -0.00028109046377506534 0.021548323894953342 0.020095059537133766 -0.10504279911792798 0.028467682936785234 -0.05618415951484982 0.11248820608580876 -0.058982240789276309 0.12703400724040576 -0.037588623685399065 -0.055892629366306623 0.074096298585650353 -0.080578133696326257 -0.0074163636038078939 -0.13647778828287843 -0.022416297344837674 -0.1061043092775103 0.035806573442554231 0.018337467866270923 0.0083495222724987717 0.023561095701107329 -0.067652277738120603 -0.031929548572685616 -0.0082865081186324126 0.085838044405426153 0.11904081594285794 0.040630115865408607 0.039529505790729176 0.052196364023135794 -0.13886704567575969 -0.028153520286828083 0.053145169800167195 -0.12148233304468188 0.032648703735894943 -0.02786182943046752 0.0085899421715574156 -0.070581772090411457 0.052523013157589338 -0.0053123039385575867 -0.059803901626948791 0.029880057797988812 -0.0069841258404937682 -0.030817229564076017 -0.025151727509352909 0.039287721982455219 -0.10914919309471745 0.032089244295641674
leaf_weight=61 97687 86 63 84 500 58 113 41 53 1015 63 91 107 1335 83 60 104 78 2814 57 67 54 161 68 67 84 41 149 186 45 101 352 51 223 420 760 40 48 38 157 717 2034 48 105 93 59 90
leaf_count=61 97687 86 63 84 500 58 113 41 53 1015 63 91 107 1335 83 60 104 78 2814 57 67 54 161 68 67 84 41 149 186 45 101 352 51 223 420 760 40 48 38 157 717 2034 48 105 93 59 90
internal_value=-8.60733e-07 0.00208424 0.0199023 -0.0410528 0.0340479 0.0196167 0.0795941 0.000764714 -0.00160807 -0.0150249 0.0221971 0.00166322 0.00082265 -0.0055753 -0.0502596 -0.0888892 0.00932477 -0.0324682 0.0125036 -0.0656096 -0.0404653 -0.00199646 0.0156099 0.011034 0.0152758 0.0621517 0.0115356 -0.0217385 -0.028028 -0.00245361 -0.0626399 0.00881642 -0.0492799 0.0118782 -0.00685414 0.0227167 0.0433228 -0.0033986 -0.0273195 -0.00285137 0.00561451 -0.0107839 0.035104 0.0127576 0.0714759 -0.0687631 0.00341871
internal_weight=110811 13124 904 170 734 558 176 12220 9926 1946 297 7980 7889 4501 258 143 3388 239 3149 161 174 115 2975 2294 2066 152 1914 1649 1395 380 146 1847 92 1755 643 1112 234 88 228 4243 2052 2191 234 254 146 97 131
internal_count=110811 13124 904 170 734 558 176 12220 9926 1946 297 7980 7889 4501 258 143 3388 239 3149 161 174 115 2975 2294 2066 152 1914 1649 1395 380 146 1847 92 1755 643 1112 234 88 228 4243 2052 2191 234 254 146 97 131
is_linear=0
shrinkage=0.0970268


Tree=176
num_leaves=48
num_cat=0
split_feature=8 3 6 0 4 3 4 0 6 4 4 7 7 0 4 0 0 0 7 3 9 9 9 6 3 7 2 8 4 4 0 0 6 9 6 8 0 0 0 6 4 4 3 2 2 0 3
split_gain=6.22283 13.0318 30.0625 26.0479 20.5737 42.0112 14.8703 13.528 8.39576 29.1622 35.5113 71.9579 62.0025 56.349 50.914 44.2974 69.1201 35.2875 29.1405 23.7995 31.832 75.9273 63.699 31.6282 29.5846 50.6449 47.4153 44.4 39.0757 37.4786 28.755 25.9134 21.7274 19.7894 19.7725 18.7359 25.3565 17.5362 13.5235 31.8411 25.269 39.9127 23.9326 29.9611 20.186 18.8204 90.0385
threshold=0.20047409453257917 0.010751070128590001 0.060805116615952261 -0.94224999999999992 0.025260250773585752 -0.013629671372748899 -0.0017369293430576497 -0.57239999999999991 0.1008234832522394 0.081809860011285221 0.06674470763089721 0.0034629529078068506 0.036879745068881309 0.15220000000000003 0.04558573552231001 -0.91349999999999987 -0.84379999999999988 0.078100000000000017 -0.0015260381320967998 0.056761667711641657 -0.017150641286812148 -0.043159587714564143 0.031769507147407908 0.14286659993921658 -0.0040519328970489996 0.043686119115740905 -0.074161972429285933 -0.058970181921729294 0.024181560287199855 0.026941422663261955 -0.69114999999999982 -0.97784999999999989 0.10755794141091836 0.011345021168158253 0.12080838836048725 0.040075993953771809 0.7652000000000001 -0.71824999999999994 -0.98494999999999988 -0.026216722582171347 0.018412923421023252 -0.014688854341964248 -0.0029462045024882997 -0.078638157427229433 -0.12095010378148298 -0.98114999999999986 -0.047458169566988895
decision_type=2 2 2 2 2 2 2 2 2 2 2 2 2 2 2 2 2 2 2 2 2 2 2 2 2 2 2 2 2 2 2 2 2 2 2 2 2 2 2 2 2 2 2 2 2 2 2
left_child=8 3 -3 -2 5 -5 -4 -6 38 10 14 13 -13 -12 19 -16 -17 18 -11 24 21 30 33 -24 25 26 -10 -27 31 -30 -21 -26 -18 -22 -23 36 -19 -20 39 -1 41 42 44 -44 -41 46 -40
right_child=1 2 6 4 7 -7 -8 -9 9 17 11 12 -14 -15 15 16 32 35 37 20 22 34 23 -25 28 27 -28 -29 29 -31 -32 -33 -34 -35 -36 -37 -38 -39 45 40 -42 -43 43 -45 -46 -47 -48
leaf_value=-0.094812117136851726 0.065800809490799514 -0.026062089989960794 0.10942973281926949 0.01754344760048179 -0.025453830846823775 -0.12604603421363353 0.03519501635837164 0.034337129526552781 -0.040289145255085125 0.006600345741888689 -0.18854977178354085 0.081208319011354502 -0.065269852110492299 -0.032953267109869212 -0.063999497550382839 0.15866050193229747 -0.031941413565147951 0.055948142175574922 0.14839656429374704 -0.0011473539157340774 -0.072255467426416989 0.11494834415160056 -0.038009642140555952 0.071847401595971611 -0.053800817336529333 0.10083155011326399 -0.00082310700900455514 -0.0026871629623681247 -0.11016300829059969 -0.015146332729533033 -0.11608033750513043 0.010366120694541948 0.036791934315873999 -0.15608187268459295 0.022521990725908367 -0.051624953018195072 -0.030481606217207125 0.055637351403106917 -0.07576586914574876 0.005970992576076352 -0.071624347677059053 0.08508561258856262 -0.046265580713152357 0.059473464657086042 -0.084602336678687579 0.00011786444484554821 0.04672247144735886
leaf_weight=45 44 55 39 37 67 39 75 75 669 53 44 53 55 44 42 41 52 70 37 37 74 39 72 37 61 59 502 113 46 251 46 1654 247 43 50 53 58 42 70 38 48 47 41 64 58 105040 285
leaf_count=45 44 55 39 37 67 39 75 75 669 53 44 53 55 44 42 41 52 70 37 37 74 39 72 37 61 59 502 113 46 251 46 1654 247 43 50 53 58 42 70 38 48 47 41 64 58 105040 285
internal_value=-8.90741e-07 0.0116293 0.0326032 -0.00189498 -0.0157005 -0.0563067 0.0609791 0.00606923 -4.64305e-05 -0.00408407 -0.0061535 -0.046468 0.00656387 -0.11138 -0.00423584 0.0294865 0.0411263 0.0244912 0.0625581 -0.00767363 -0.0300989 0.00131183 -0.0540035 -0.000502253 -0.00500717 -0.0161577 -0.0233845 0.0329272 0.00243299 -0.030028 -0.0652185 0.00806585 0.0247796 -0.103588 0.063475 -0.00329973 0.0167411 0.0997507 0.000130834 -0.0191482 -0.00749646 0.004978 -0.0138457 0.0180776 -0.0487844 0.000193373 0.0224831
internal_weight=110811 431 169 262 218 76 114 142 110380 4644 4331 196 108 88 4135 382 340 313 132 3753 398 172 226 109 3355 1343 1171 172 2012 297 83 1715 299 117 89 181 128 79 105736 341 296 248 201 105 96 105395 355
internal_count=110811 431 169 262 218 76 114 142 110380 4644 4331 196 108 88 4135 382 340 313 132 3753 398 172 226 109 3355 1343 1171 172 2012 297 83 1715 299 117 89 181 128 79 105736 341 296 248 201 105 96 105395 355
is_linear=0
shrinkage=0.0970268


end of trees

feature_importances:
SVD_1=927
SVD_21=879
SVD_15=868
SVD_7=856
SVD_28=824
SVD_9=812
SVD_3=804
SVD_11=797
SVD_24=797
Sentiment=755

parameters:
[boosting: gbdt]
[objective: regression]
[metric: l2]
[tree_learner: serial]
[device_type: cpu]
[data_sample_strategy: bagging]
[data: ]
[valid: ]
[num_iterations: 177]
[learning_rate: 0.0970268]
[num_leaves: 48]
[num_threads: 8]
[seed: 42]
[deterministic: 0]
[force_col_wise: 0]
[force_row_wise: 0]
[histogram_pool_size: -1]
[max_depth: 9]
[min_data_in_leaf: 37]
[min_sum_hessian_in_leaf: 0.001]
[bagging_fraction: 0.623982]
[pos_bagging_fraction: 1]
[neg_bagging_fraction: 1]
[bagging_freq: 0]
[bagging_seed: 400]
[bagging_by_query: 0]
[feature_fraction: 0.834859]
[feature_fraction_bynode: 1]
[feature_fraction_seed: 30056]
[extra_trees: 0]
[extra_seed: 12879]
[early_stopping_round: 0]
[early_stopping_min_delta: 0]
[first_metric_only: 0]
[max_delta_step: 0]
[lambda_l1: 0.0950707]
[lambda_l2: 0.418473]
[linear_lambda: 0]
[min_gain_to_split: 0]
[drop_rate: 0.1]
[max_drop: 50]
[skip_drop: 0.5]
[xgboost_dart_mode: 0]
[uniform_drop: 0]
[drop_seed: 17869]
[top_rate: 0.2]
[other_rate: 0.1]
[min_data_per_group: 100]
[max_cat_threshold: 32]
[cat_l2: 10]
[cat_smooth: 10]
[max_cat_to_onehot: 4]
[top_k: 20]
[monotone_constraints: ]
[monotone_constraints_method: basic]
[monotone_penalty: 0]
[feature_contri: ]
[forcedsplits_filename: ]
[refit_decay_rate: 0.9]
[cegb_tradeoff: 1]
[cegb_penalty_split: 0]
[cegb_penalty_feature_lazy: ]
[cegb_penalty_feature_coupled: ]
[path_smooth: 0]
[interaction_constraints: ]
[verbosity: 1]
[saved_feature_importance_type: 0]
[use_quantized_grad: 0]
[num_grad_quant_bins: 4]
[quant_train_renew_leaf: 0]
[stochastic_rounding: 1]
[linear_tree: 0]
[max_bin: 255]
[max_bin_by_feature: ]
[min_data_in_bin: 3]
[bin_construct_sample_cnt: 200000]
[data_random_seed: 175]
[is_enable_sparse: 1]
[enable_bundle: 1]
[use_missing: 1]
[zero_as_missing: 0]
[feature_pre_filter: 1]
[pre_partition: 0]
[two_round: 0]
[header: 0]
[label_column: ]
[weight_column: ]
[group_column: ]
[ignore_column: ]
[categorical_feature: ]
[forcedbins_filename: ]
[precise_float_parser: 0]
[parser_config_file: ]
[objective_seed: 16083]
[num_class: 1]
[is_unbalance: 0]
[scale_pos_weight: 1]
[sigmoid: 1]
[boost_from_average: 1]
[reg_sqrt: 0]
[alpha: 0.9]
[fair_c: 1]
[poisson_max_delta_step: 0.7]
[tweedie_variance_power: 1.5]
[lambdarank_truncation_level: 30]
[lambdarank_norm: 1]
[label_gain: ]
[lambdarank_position_bias_regularization: 0]
[eval_at: ]
[multi_error_top_k: 1]
[auc_mu_weights: ]
[num_machines: 1]
[local_listen_port: 12400]
[time_out: 120]
[machine_list_filename: ]
[machines: ]
[gpu_platform_id: -1]
[gpu_device_id: -1]
[gpu_use_dp: 0]
[num_gpu: 1]

end of parameters

pandas_categorical:[]
