tree
version=v4
num_class=1
num_tree_per_iteration=1
label_index=0
max_feature_idx=100
objective=regression
feature_names=SVD_0 SVD_1 SVD_2 SVD_3 SVD_4 SVD_5 SVD_6 SVD_7 SVD_8 SVD_9 SVD_10 SVD_11 SVD_12 SVD_13 SVD_14 SVD_15 SVD_16 SVD_17 SVD_18 SVD_19 SVD_20 SVD_21 SVD_22 SVD_23 SVD_24 SVD_25 SVD_26 SVD_27 SVD_28 SVD_29 SVD_30 SVD_31 SVD_32 SVD_33 SVD_34 SVD_35 SVD_36 SVD_37 SVD_38 SVD_39 SVD_40 SVD_41 SVD_42 SVD_43 SVD_44 SVD_45 SVD_46 SVD_47 SVD_48 SVD_49 SVD_50 SVD_51 SVD_52 SVD_53 SVD_54 SVD_55 SVD_56 SVD_57 SVD_58 SVD_59 SVD_60 SVD_61 SVD_62 SVD_63 SVD_64 SVD_65 SVD_66 SVD_67 SVD_68 SVD_69 SVD_70 SVD_71 SVD_72 SVD_73 SVD_74 SVD_75 SVD_76 SVD_77 SVD_78 SVD_79 SVD_80 SVD_81 SVD_82 SVD_83 SVD_84 SVD_85 SVD_86 SVD_87 SVD_88 SVD_89 SVD_90 SVD_91 SVD_92 SVD_93 SVD_94 SVD_95 SVD_96 SVD_97 SVD_98 SVD_99 Sentiment
feature_infos=[0.0140241210399339:0.46225580201630101] [-0.3289436129286557:0.51441455654519508] [-0.30138214719916268:0.38874745970413649] [-0.36751038813230819:0.3795489908236061] [-0.42974451523891199:0.33098464400620609] [-0.27178820603390219:0.47570034619283169] [-0.27932655082389329:0.40841137020376] [-0.33103143607375091:0.40017464804058778] [-0.32835098477399549:0.55128368910221426] [-0.28492663753456748:0.32466029370721289] [-0.29978929520262732:0.46274622010768851] [-0.3640951246917738:0.27805317060144108] [-0.29036224678326922:0.28611927350892691] [-0.29898531255112859:0.29569443089589448] [-0.30220780045236428:0.3601441328561284] [-0.27525349882450462:0.29068197351417191] [-0.27577492496825368:0.33801460146837059] [-0.28438197967332252:0.44301835597008238] [-0.35249144095743318:0.50059553891568975] [-0.2615544003345428:0.30009017446009251] [-0.2939446284614548:0.25977706870761769] [-0.3004849575318822:0.33259067833044947] [-0.29248412385142208:0.31502475452488982] [-0.2978307745814584:0.26617882134721288] [-0.22940238932092091:0.30446590946594809] [-0.28141009667037209:0.33392984577918272] [-0.29761390639400148:0.38974151698547521] [-0.23265128314925199:0.3020370181000363] [-0.30981119841010868:0.29056032049602371] [-0.29513880236187401:0.31451466046880239] [-0.22175738524380079:0.3223984515778372] [-0.23319798130350519:0.32344243121758798] [-0.28170954820745298:0.28056071351807038] [-0.20866610346142339:0.24027994763368959] [-0.2898907408214359:0.28607768811688927] [-0.22431674436394189:0.2804288654291564] [-0.2252080856579636:0.2536126735500383] [-0.29282089071392731:0.25653994831087418] [-0.23360086268393659:0.38222730733846499] [-0.22241042494644439:0.19377656726743769] [-0.2174105978475934:0.26189401273096491] [-0.25365190286097689:0.23787985776979531] [-0.25608725334157778:0.26462613181460082] [-0.28410408333013609:0.28475472804364221] [-0.23139595626640511:0.21859674695855319] [-0.23343270590542509:0.3073076174655307] [-0.2505599366470771:0.35389350184602858] [-0.24742711082545379:0.23372537073822891] [-0.32209161803767228:0.32131762544428588] [-0.24122667541399939:0.3295483068175899] [-0.1908683577217688:0.27172870604795879] [-0.21720815185640691:0.26914280840941518] [-0.27698277468931021:0.3638506792796114] [-0.20122182944460609:0.27266425135669731] [-0.23459528425455481:0.23106312842924839] [-0.23617153446192199:0.2643450426909239] [-0.24118522215567151:0.2481151147219014] [-0.206022102281298:0.26125632228972739] [-0.22438282215815231:0.2183913988408821] [-0.24904556451432189:0.25339059059694208] [-0.18140959528335049:0.2454433848263799] [-0.2427859830678355:0.24916222747539271] [-0.19587664439101829:0.30325980272194691] [-0.20392760222534359:0.26352727058200659] [-0.2102513451072453:0.27900723398469912] [-0.18485017966448519:0.23030441091227269] [-0.23072060949358139:0.26555495114569161] [-0.2020465663155229:0.21085669998491149] [-0.2485956734271289:0.2130794522418572] [-0.21370073202426729:0.21456859472150519] [-0.19408001769865491:0.22370341197012231] [-0.18659239453159329:0.29048056229558139] [-0.22169512013775899:0.19663844961737881] [-0.2405878416225414:0.23765143055693599] [-0.24455821383634019:0.2191188933295127] [-0.20839708638020191:0.26854078607770709] [-0.25512528690713732:0.2392956888282653] [-0.1877446480445058:0.28676951738889761] [-0.18497673446351739:0.2752483292091007] [-0.22123814047129839:0.22912254570212029] [-0.21041951382819429:0.19499273885034779] [-0.224245589004165:0.2477160263545338] [-0.20543162152410641:0.2438309095740078] [-0.2159227403556262:0.21038198729293989] [-0.20842326382994389:0.23036723729934219] [-0.2011598144477347:0.20282462189659001] [-0.1544741058342565:0.2161579343931328] [-0.2402709880922341:0.22814309091443921] [-0.18430389192365579:0.22242739895904581] [-0.224686235078663:0.191980166294801] [-0.157611730016991:0.2153342675178965] [-0.1730439688891916:0.23403547843908509] [-0.2119122535970529:0.2445775870017331] [-0.18781628953476881:0.1615692564986447] [-0.18572008744894669:0.19650632727469891] [-0.15919292617997641:0.20988581491290439] [-0.18299755896361619:0.19474537313481699] [-0.24436617269651639:0.214465068193781] [-0.17965245635595689:0.18999328881562569] [-0.1775492595992185:0.17772398601449799] [-0.99560000000000004:0.99370000000000003]
tree_sizes=4274 4498 4491 4507 4503 4504 4519 4512 4537 4530 4504 4532 4524 4530 4527 4527 4559 4526 4536 4535 4537 4537 4547 4554 4546 4545 4527 4537 4546 4539 4529 4553 4531 4525 4533 4557 4533 4516 4514 4514 4538 4538 4541 4538 4517 4526 4533 4513 4527 4532 4540 4524 4512 4525 4525 4533 4524 4501 4516 4513 4519 4550 4503 4529 4500 4515 4506 4544 4537 4541 4512 4480 4501 4527 4540 4518 4395 4478 4488 4521 4488 4499 4485 4458 4511 4473 4518 4522 4546 4458 4508 4519 4527 4425 4506 4441 4464 4507 4447 4537 4471 4512 4506 4487 4493 4486 4488 4425 4403 4491 4514 4427 4528 4397 4463 4480 4514 4442 4459 4422 4456 4478 4340 4491 4468 4463 4441 4454 4460 4402 4395 4504 4434 4345 4447 4390 4297 4408 4469 4466 4396 4366 4302 4318 4470 4464 4325 4499 4426 4311 4309 4279 4428 4293 4442 4370 4324 4295 4260 4342 4452 4320 4472 4288 4335 4382 4282 4346 4336 4481 4262 4277 4288 4290 4319 4282 4327 4301 4302 4314 4265 4307 4366 4393 4435 4318 4429 4281 4387 4472 4335 4413 4301 4307 4280 4294 4306 4419 4389

Tree=0
num_leaves=47
num_cat=0
split_feature=100 11 100 5 100 1 15 9 1 1 15 1 2 2 5 1 11 7 15 15 9 3 33 20 42 15 4 11 3 14 100 9 33 24 100 15 24 100 24 21 27 15 13 21 14 70
split_gain=73581.6 25266.9 10828.8 9319.41 7686.93 4534.03 4239.73 4041.4 3919.31 3888.16 3657.71 3367.26 3702.31 2638.81 2452.68 2311.35 2164.88 2091.98 1913.72 1868.41 1866.3 1780.94 1746.98 1648.84 1632.92 1618.43 1608.3 1345.19 1344.77 1234.62 1216.14 1178.23 1091.94 1011 997.812 986.032 949.41 867.421 866.964 861.741 838.635 836.553 823.726 821.064 811.911 791.257
threshold=-0.24919999999999998 -0.0054274964605963991 0.5273000000000001 0.0060323741847945504 -0.84674999999999989 0.023233723475790755 -0.028850744153839199 -0.030100682472812498 -0.039198989009521297 0.036597395995265555 -0.046410671377038144 -0.0109481708729846 -0.06432641396568109 -0.056984100260755094 -0.0031532910695055492 0.036597395995265555 0.00094840894575840007 0.0113560394668704 -0.0030590357167551998 -0.026182659013875498 -0.029565661379314146 0.031543377519723005 -0.058757165160958892 0.0029370507776331502 0.0051234533136305009 0.0022871527633664007 0.075035994885910715 0.010550537796070401 0.029133736221182555 -0.041883652800327596 -0.69999999999999984 -0.016915336223098345 -0.0037498072637072496 -0.018082059247106198 -0.85919999999999985 0.00046480098009930008 0.0096773958339143509 -0.95004999999999984 -0.0023737218490033495 0.065684650793708957 -0.013419411862348197 0.0092995181482817529 0.031940075146727358 0.05287311430924841 -0.051056125524696495 -0.029264869718712047
decision_type=2 2 2 2 2 2 2 2 2 2 2 2 2 2 2 2 2 2 2 2 2 2 2 2 2 2 2 2 2 2 2 2 2 2 2 2 2 2 2 2 2 2 2 2 2 2
left_child=1 4 5 8 11 14 -7 22 26 13 15 12 -1 -6 33 -4 36 41 23 39 -16 30 -5 -10 37 -13 28 -8 34 -20 -15 -18 40 -2 -3 -22 -12 -14 -30 -11 -19 -9 45 -32 -27 -24
right_child=2 3 10 7 9 6 27 17 18 19 16 25 24 21 20 -17 31 32 29 -21 35 -23 42 -25 -26 44 -28 -29 38 -31 43 -33 -34 -35 -36 -37 -38 -39 -40 -41 -42 -43 -44 -45 -46 -47
leaf_value=6.9726672091989608 7.15141790677953 6.9024540154353584 7.0863135171050899 6.778534931397175 7.0281191175834987 6.8383143242464612 6.9599325046342342 6.880226824682441 6.9772035949403914 6.6959568546290109 7.1169376221940954 6.6419231412134989 6.7473292562251954 6.8128976730433584 7.0671753139722666 6.9211930177364671 7.1721062937823641 6.6448725770484973 7.1275691317551555 6.8663663487330941 6.9468622319639231 6.9638748350580801 6.8523532343141476 6.8260941937292534 6.7254042273033194 7.0223184146316093 7.1398726096602321 7.0652229276386986 7.1273047184610343 6.9863577235063214 6.8862202542502606 7.1230964832329651 6.8557030446997507 7.0748184056002152 7.0332234809111407 7.0285327699481499 7.0603709293528087 6.8669565376264226 7.0377175271401704 6.9297382607055411 6.7999440954746655 7.009377393500615 7.1036129867376374 7.0261794211589752 6.7610553239603792 7.0120001962375538
leaf_weight=1226 2486 824 2085 344 1854 1973 2448 1938 1703 1458 7290 2129 846 2406 5776 1419 9733 657 859 1918 2971 2849 374 1245 2708 142 2635 2387 2204 2186 3736 9810 1236 5542 1972 2919 4970 2108 2102 176 737 673 787 470 715 1785
leaf_count=1226 2486 824 2085 344 1854 1973 2448 1938 1703 1458 7290 2129 846 2406 5776 1419 9733 657 859 1918 2971 2849 374 1245 2708 142 2635 2387 2204 2186 3736 9810 1236 5542 1972 2919 4970 2108 2102 176 737 673 787 470 715 1785
internal_value=7.00762 6.91628 7.08003 6.98865 6.84532 7.03181 6.9616 6.90466 7.0342 6.89065 7.11622 6.77706 6.81543 6.91925 7.05608 7.01945 7.12688 6.85023 6.9707 6.79956 7.02687 6.89791 6.99136 6.91339 6.78138 6.68854 7.07328 7.01191 7.04858 7.02619 6.86949 7.1475 6.78741 7.09854 6.99468 6.98734 7.09401 6.8327 7.08357 6.72114 6.72686 6.91352 7.01621 6.90186 6.80435 6.98434
internal_weight=110811 49002 61809 24261 24741 26502 6808 8531 15730 14867 35307 9874 6888 11315 19694 3504 31803 5241 5993 3552 11666 9461 3290 2948 5662 2986 9737 4835 7102 3045 6612 19543 2630 8028 2796 5890 12260 2954 4306 1634 1394 2611 2946 4206 857 2159
internal_count=110811 49002 61809 24261 24741 26502 6808 8531 15730 14867 35307 9874 6888 11315 19694 3504 31803 5241 5993 3552 11666 9461 3290 2948 5662 2986 9737 4835 7102 3045 6612 19543 2630 8028 2796 5890 12260 2954 4306 1634 1394 2611 2946 4206 857 2159
is_linear=0
shrinkage=1


Tree=1
num_leaves=47
num_cat=0
split_feature=100 11 100 5 15 11 1 1 9 1 15 1 15 100 1 14 2 7 15 5 100 4 20 9 100 3 2 7 24 2 21 33 37 9 100 53 7 11 18 13 20 11 24 7 28 2
split_gain=59982.8 18936.5 12145.2 8323.96 5098.37 4852.76 3916.52 3536.98 3120.16 3089.17 2996.99 3275.82 2203.19 2068.85 1999.28 1859.24 1774.88 1703.66 1687.29 1635.86 1608.44 1471.38 1464.37 1311.79 1297.96 1276.21 1270.48 1258.55 1224.87 1188.74 1141.91 1099.45 1093.18 1020.31 928.704 879.716 847.351 832.563 822.672 809.386 807.304 800.62 788.765 787.043 772.249 770.042
threshold=-0.45819999999999994 -0.014832961824089648 0.5273000000000001 0.006431453249888551 0.004182429908162851 -0.0049417004250916991 0.036597395995265555 -0.036187060338566189 -0.033953573498802188 0.018851818115529401 -0.025097330520276896 0.030608773561614001 -0.0053881507231608988 -0.92864999999999986 0.027897564576369851 -0.042693581308801444 -0.042595275058382141 0.02534889633907365 -0.030695532482002647 -0.0035414969197495997 0.86590000000000011 0.098903981068045169 0.006609863614845851 -0.058841439165573599 -0.89814999999999989 0.029133736221182555 -0.070713158537804133 0.012985596000153402 0.010511506568458902 0.041857388169408462 0.087403027277073414 -0.054345276651216738 -0.031255417777537292 -0.024089794363040345 -0.83594999999999986 0.006735610074955301 0.069193759738756952 -0.099494634212686825 0.14970622230451747 -0.0040368676113130492 -0.023043875852926197 0.032134417775220005 -0.0043373252611944987 0.00049154994822640005 -0.0011509733267213499 -0.083611852015541346
decision_type=2 2 2 2 2 2 2 2 2 2 2 2 2 2 2 2 2 2 2 2 2 2 2 2 2 2 2 2 2 2 2 2 2 2 2 2 2 2 2 2 2 2 2 2 2 2
left_child=1 4 5 7 9 6 16 21 31 13 11 36 14 26 22 29 -2 -10 -8 40 28 25 39 -18 45 -3 -1 -17 -12 -9 -21 -5 -19 -14 -11 -13 -4 -26 -28 -7 -15 42 -27 -24 -25 -6
right_child=2 3 10 8 24 12 18 15 17 34 20 35 33 19 -16 27 23 32 -20 30 -22 -23 43 44 37 41 38 -29 -30 -31 -32 -33 -34 -35 -36 -37 -38 -39 -40 -41 -42 -43 -44 -45 -46 -47
leaf_value=-0.084715870044755212 0.074167502459185131 -0.025067576219287915 0.099346414604809918 -0.20070558470427988 -0.012766263724899292 0.020467854756167626 -0.2070108654447235 -0.096337345855777606 -0.11311274330137422 -0.34710681342047828 0.11592279201079991 -0.0020287818606792348 0.11758322808307838 -0.005480271154069385 -0.082677043597010766 -0.043462155124242639 0.056261608832978191 -0.33208980345828693 -0.066150840384060966 -0.20481148513832423 0.14368649395301891 0.12049999018751945 0.024606792941787626 -0.073555237457559722 -0.17966394205656855 0.080131158868629926 -0.3093122499641861 -0.15545633198601752 0.062614907731684002 0.10983330693096661 0.01907702366116729 -0.0078079777863754914 -0.18180140629795655 0.053195029032841547 -0.24118781408254894 -0.12387603742716524 -0.069545049885869584 -0.060548797518544549 0.11389439707005278 0.11265207009761402 -0.12903960877921816 0.11088385808116996 -0.022516277224779856 -0.081153013324221937 -0.0084867392089038145 -0.20136626846969166
leaf_weight=330 2564 3161 4440 335 250 1589 1334 402 3052 1648 10545 1361 4199 856 1787 2403 1809 689 2320 3424 10361 1967 1750 3388 677 1404 1719 1711 7241 907 243 2422 1605 5889 1650 1042 317 4275 47 2354 1369 1731 1590 1169 3917 1568
leaf_count=330 2564 3161 4440 335 250 1589 1334 402 3052 1648 10545 1361 4199 856 1787 2403 1809 689 2320 3424 10361 1967 1750 3388 677 1404 1719 1711 7241 907 243 2422 1605 5889 1650 1042 317 4275 47 2354 1369 1731 1590 1169 3917 1568
internal_value=-1.57305e-11 -0.0950109 0.0567455 -0.035719 -0.171782 0.0142366 -0.027402 0.00765213 -0.117483 -0.212856 0.0977639 0.0401134 0.0483084 -0.179306 0.0113489 -0.057078 0.000813069 -0.161957 -0.117576 -0.149013 0.112429 0.043279 0.0358351 -0.0198234 -0.103311 0.0240178 -0.264461 -0.0900402 0.0942202 0.0465173 -0.189975 -0.0312468 -0.22694 0.0799958 -0.294115 -0.0548648 0.0880917 -0.0768333 -0.298049 0.0755025 -0.081504 0.0568557 0.025619 -0.0177479 -0.038665 -0.175431
internal_weight=110811 41435 69376 23379 18056 34069 15332 15276 8103 11286 35307 7160 18737 7988 8649 5423 11678 5346 3654 5892 28147 9853 6862 9114 6770 7886 2096 4114 17786 1309 3667 2757 2294 10088 3298 2403 4757 4952 1766 3943 2225 4725 2994 2919 7305 1818
internal_count=110811 41435 69376 23379 18056 34069 15332 15276 8103 11286 35307 7160 18737 7988 8649 5423 11678 5346 3654 5892 28147 9853 6862 9114 6770 7886 2096 4114 17786 1309 3667 2757 2294 10088 3298 2403 4757 4952 1766 3943 2225 4725 2994 2919 7305 1818
is_linear=0
shrinkage=0.0998


Tree=2
num_leaves=47
num_cat=0
split_feature=100 11 5 100 100 100 1 15 1 15 15 1 3 2 24 2 1 40 9 9 28 24 18 2 1 14 26 30 19 21 70 23 2 64 15 15 3 24 29 18 13 7 9 20 11 11
split_gain=49248.5 17725.9 6594.28 6199.73 5770.08 3686.33 3567.41 3364.34 3270.24 3118.96 2302.15 2078.16 2038.59 1924.09 1807.32 1723.89 1708.13 1786.43 1704.34 1636 1494.16 1454.22 1348.26 1226.5 1189.35 1187.01 1185.55 1160.23 1116.6 1059.71 1034.58 1026.6 1006.7 997.96 963.686 953.584 896.808 841.142 840.028 834.155 961.431 831.338 822.134 817.81 793.217 771.933
threshold=-0.10264999999999998 -0.014832961824089648 0.0060323741847945504 0.74330000000000018 -0.89139999999999986 -0.77164999999999984 0.025563501414801303 -0.014187407861517148 -0.0069821464535533492 -0.0099521616891134479 -0.0067564994056995989 0.036597395995265555 0.023877666434334702 -0.074804891597230638 -0.0023737218490033495 -0.051604985828024245 0.036597395995265555 -0.0007289302557472499 -0.029002966875096247 -0.040382582018010045 -0.0022766277410646496 0.050150687741229556 0.13008795650375352 -0.056984100260755094 -0.072666026837171424 -0.034713705584611593 -0.018099019525363646 0.017474628035194301 -0.030263169179022099 0.018814861228179856 -0.023532287356824097 0.015657200113111853 -0.054721003180974247 0.019623939891848404 -0.0072207479575060992 -0.0099521616891134479 -0.008594555201221649 -0.022326254118819847 0.015726053896424005 0.14970622230451747 0.027739432160307002 0.058519025415882359 -0.048728933350633989 0.013175628788399651 0.016785010834436401 -0.054546037093781093
decision_type=2 2 2 2 2 2 2 2 2 2 2 2 2 2 2 2 2 2 2 2 2 2 2 2 2 2 2 2 2 2 2 2 2 2 2 2 2 2 2 2 2 2 2 2 2 2
left_child=1 4 8 6 13 18 12 -8 14 11 28 22 15 24 36 -2 42 34 33 -7 29 -9 32 -11 -1 -12 -16 39 -10 31 -20 -17 -6 38 -18 -21 -3 -25 -4 40 -15 -22 -5 -14 -28 -34
right_child=3 2 5 16 9 19 7 21 10 23 25 -13 43 27 26 20 17 -19 30 35 41 -23 -24 37 -26 -27 44 -29 -30 -31 -32 -33 45 -35 -36 -37 -38 -39 -40 -41 -42 -43 -44 -45 -46 -47
leaf_value=0.0082023665653971518 0.10067808772146603 0.013431353290304995 -0.19413611185872617 0.154564909130773 -0.011022847366316129 0.033777073405155747 -0.099575521609291784 0.054853968959325899 -0.033364199101050332 0.013789699168794575 0.09142454857911185 -0.22856530114934895 0.11789351812608675 -0.24449740009932328 -0.063449014929966199 -0.071817539771565186 -0.065996429975214668 0.10973116228903484 -0.29338409530213994 -0.11108574316877107 0.064188519545935629 -0.076495133135438736 0.059028043105709596 -0.023791678593174027 -0.23839480036828031 -0.038761492825240981 -0.015642103369344976 -0.29187557041425349 -0.17603931624663072 0.050388935372016469 -0.1596309409594224 0.034258840490438383 -0.20506057525398605 0.044870127557646057 0.050477218797683646 -0.018847753241126749 0.096835259361356507 -0.10196394719609103 -0.00011383759023101871 0.13707207893207668 -0.12334108322163213 -0.034057840975472105 0.10638911913094841 0.054221591188761409 0.063231262273996489 -0.11728983031615055
leaf_weight=559 3262 1688 628 5006 618 2318 3190 4373 859 1660 1077 2353 5614 2087 1840 3207 1200 3310 796 2470 6223 1039 404 1857 299 1980 2206 2325 1501 1721 2084 1268 1507 529 1724 2037 5366 5238 344 72 949 995 11951 3129 2993 2955
leaf_count=559 3262 1688 628 5006 618 2318 3190 4373 859 1660 1077 2353 5614 2087 1840 3207 1200 3310 796 2470 6223 1039 404 1857 299 1980 2206 2325 1501 1721 2084 1268 1507 529 1724 2037 5366 5238 344 72 949 995 11951 3129 2993 2955
internal_value=-6.77279e-10 -0.0687386 -0.0192015 0.0643977 -0.135233 -0.0802163 0.0372733 -0.0182804 0.0158437 -0.104374 -0.0500606 -0.150108 0.0560732 -0.216619 0.0411757 0.0356087 0.104189 0.0595183 -0.151661 -0.034356 0.0197852 0.0296375 -0.116445 -0.0634355 -0.077733 0.00710385 0.00539828 -0.238553 -0.124108 -0.0161652 -0.196599 -0.0417606 -0.1304 -0.0654366 0.00267682 -0.0693975 0.076877 -0.0815036 -0.12547 -0.198664 -0.206626 0.0506453 0.120611 0.0951062 0.0297643 -0.146934
internal_weight=110811 53599 30716 57212 22883 11206 34021 8602 19510 16592 5417 7837 25419 6291 14093 16676 23191 6234 4381 6825 13414 5412 5484 8755 858 3057 7039 5433 2360 6196 2880 4475 5080 1501 2924 4507 7054 7095 972 3108 3036 7218 16957 8743 5199 4462
internal_count=110811 53599 30716 57212 22883 11206 34021 8602 19510 16592 5417 7837 25419 6291 14093 16676 23191 6234 4381 6825 13414 5412 5484 8755 858 3057 7039 5433 2360 6196 2880 4475 5080 1501 2924 4507 7054 7095 972 3108 3036 7218 16957 8743 5199 4462
is_linear=0
shrinkage=0.0998


Tree=3
num_leaves=47
num_cat=0
split_feature=100 11 100 5 15 11 1 1 7 15 2 100 11 13 24 11 15 20 15 24 21 1 1 21 100 33 9 15 7 9 1 5 12 40 100 3 2 18 13 11 9 14 2 100 12 26
split_gain=40385.4 13141.5 8021.34 5088.01 4597.38 3751.57 3194.38 2898.92 2297.22 2183.23 2031.59 2081.62 1868.86 1762.44 1706.37 1550.33 1342.5 1338.04 1328.69 1213.39 1207.3 1147.19 1130.83 1092.44 1092.29 1036.08 1035.6 955.179 949.393 924.81 923.747 878.639 860.31 835.528 834.828 802.455 811.731 789.79 780.334 741.81 727.587 719.712 714.373 690.744 687.764 685.356
threshold=-0.45819999999999994 0.0057539464899786013 0.57195000000000007 0.019760869183026303 -0.0021966686799221495 -0.0049417004250916991 0.018851818115529401 0.036597395995265555 0.02534889633907365 -0.049754782208191746 -0.065636685617632834 -0.89559999999999984 -0.042279608257036541 0.013258992544083451 0.040753127502359605 -0.012187474749259098 -0.030123886687279947 0.014546705019001852 -0.014688854341964248 -0.0039656778690080495 0.028137802218828601 -0.046072066004982641 0.060896187002409612 0.017356602069816051 -0.72664999999999991 -0.038005689863504839 -0.05230931845471249 -0.027757079694464299 0.096436362004837364 -0.028427146051390597 0.023233723475790755 -0.011255186949919999 0.03148307074197406 -0.015825857201803947 -0.82694999999999985 0.0035007748178709007 -0.034408693431047195 0.14970622230451747 -0.034030038095206792 -0.069640024415746085 -0.046650152471472993 -0.056910609382027293 -0.098317893485613331 -0.93924999999999992 0.052285656288061512 0.0010278200004180001
decision_type=2 2 2 2 2 2 2 2 2 2 2 2 2 2 2 2 2 2 2 2 2 2 2 2 2 2 2 2 2 2 2 2 2 2 2 2 2 2 2 2 2 2 2 2 2 2
left_child=1 4 5 13 6 7 10 19 43 22 -1 37 24 18 16 -11 17 -7 30 35 27 38 -4 32 42 -10 -17 -9 -16 -18 44 -31 -13 -28 -8 36 -2 -12 -14 -36 -25 -23 -6 -5 -3 -21
right_child=2 3 9 8 12 14 34 20 25 15 11 23 21 -15 28 26 29 -19 -20 45 -22 41 -24 40 -26 -27 33 -29 -30 31 -32 -33 -34 -35 39 -37 -38 -39 -40 -41 -42 -43 -44 -45 -46 -47
leaf_value=-0.012764137016074505 0.082408552700847612 -0.017028402412368169 0.047283274301377597 -0.23224475870483921 4.5791171021559689e-05 0.046756508700592017 -0.2823555774067647 -0.20790985810994217 -0.31360806577112105 0.053621657547742271 -0.21771416646899652 -0.11758935586366599 -0.092786613009721672 0.062264925194797337 -0.0040871990439832343 0.14149484589095637 0.10570393283380598 -0.081647330134970122 0.022989687008997561 -0.060209627601818159 -0.01478967371734786 0.058120374066263483 -0.082196890244180948 0.049037991458196338 -0.051257498267965863 -0.14284448223921173 0.060160118869970462 -0.085516450376661932 -0.19783577601182112 0.086144953860527798 -0.17704714350253845 0.018338337596385295 -0.22789201616868743 0.10749887437942823 -0.27595856387620737 0.075195413514735465 -0.033539247867400417 0.08860475532185276 0.031342584276543427 -0.14358297873121215 -0.087814446514607 -0.10043461568611524 -0.17299221262172748 -0.031253853140157883 -0.21273619590081613 0.0037401564958222987
leaf_weight=1258 844 1849 1783 184 261 2380 2008 1074 532 8546 3330 3036 635 5832 3409 5439 4974 1224 4084 3212 1202 322 1078 516 1440 1057 5650 1554 272 3611 597 4025 917 10835 646 2697 2092 86 2453 1214 1547 2491 2654 2288 198 3475
leaf_count=1258 844 1849 1783 184 261 2380 2008 1074 532 8546 3330 3036 635 5832 3409 5439 4974 1224 4084 3212 1202 322 1078 516 1440 1057 5650 1554 272 3611 597 4025 917 10835 646 2697 2092 86 2453 1214 1547 2491 2654 2288 198 3475
internal_value=-2.51072e-10 -0.0779601 0.0465619 -0.00928665 -0.123959 0.0139293 -0.160015 -0.0218062 -0.106394 0.0818515 -0.131894 -0.147783 -0.0727793 0.022111 0.042938 0.0896782 0.0568642 0.00314766 -0.0126954 0.00176903 -0.097641 -0.036181 -0.00150373 -0.112454 -0.12237 -0.200016 0.103733 -0.135536 -0.0184039 0.0722167 -0.0678156 0.0504035 -0.143177 0.0912742 -0.237732 0.035894 -0.000208204 -0.210002 0.00581731 -0.189559 -0.0535848 -0.0822851 -0.157499 -0.0462143 -0.0359586 -0.0269772
internal_weight=110811 41435 69376 16621 24814 36045 14558 16150 4061 33331 10690 9432 10256 12560 19895 30470 16214 3604 6728 12320 3830 5901 2861 6016 4355 1589 21924 2628 3681 12610 2644 7636 3953 16485 3868 5633 2936 3416 3088 1860 2063 2813 2915 2472 2047 6687
internal_count=110811 41435 69376 16621 24814 36045 14558 16150 4061 33331 10690 9432 10256 12560 19895 30470 16214 3604 6728 12320 3830 5901 2861 6016 4355 1589 21924 2628 3681 12610 2644 7636 3953 16485 3868 5633 2936 3416 3088 1860 2063 2813 2915 2472 2047 6687
is_linear=0
shrinkage=0.0998


Tree=4
num_leaves=47
num_cat=0
split_feature=100 11 100 5 15 15 1 1 24 24 7 42 20 7 11 100 15 33 15 7 13 15 21 20 1 23 9 27 18 100 2 11 28 13 9 33 4 40 1 15 9 8 21 21 11 21
split_gain=32880.8 11467.2 5872.41 4323 4039.4 3515.04 3200.06 2348.92 2038.2 1995.37 1905.53 1849.4 1742 1910.46 1492.9 1328.4 1313.28 1211.19 1178.75 1165.6 1156.64 1127.86 1091.47 1019.78 974.863 935.96 926.779 880.132 876.797 804.119 771.436 767.238 752.546 732.533 716.505 712.17 705.186 698.355 764.458 694.637 681.721 678.709 668.24 654.303 662.05 651.378
threshold=-0.36109999999999992 0.0024245489919414507 0.74330000000000018 0.021243967719340052 -0.0099521616891134479 -0.025097330520276896 0.03941418630084096 0.0074724399692202509 0.036742671097138455 0.0020836027717366008 0.0092518209822499507 -0.029080899831541499 -0.014172031042892748 0.031347900195552704 -0.024092953130503997 -0.91684999999999983 -0.063354224844603985 -0.034439889161582297 0.019943716421292654 0.0086866589146874004 -0.016332196168985597 -0.029470645471271848 0.0056229932902896506 -0.011850518647564949 0.020873159494971753 0.016091984656635801 -0.035152590185157442 0.019569885639776751 -0.032420615704039743 -0.88839999999999986 -0.030361927349292144 -0.069640024415746085 0.036280117322040804 0.011051671579375652 -0.054365884133055646 -0.0048407526926955999 -0.17359280291342613 -0.015433004001775297 0.036597395995265555 0.018949402766859854 -0.00059917749886634981 -0.046674812049344094 0.087403027277073414 -0.0033109757921191995 0.016253589878105903 0.030527505839832606
decision_type=2 2 2 2 2 2 2 2 2 2 2 2 2 2 2 2 2 2 2 2 2 2 2 2 2 2 2 2 2 2 2 2 2 2 2 2 2 2 2 2 2 2 2 2 2 2
left_child=1 4 5 12 7 6 19 11 14 20 40 -1 24 21 -7 -13 -4 -12 -15 43 -6 -14 -10 -16 -3 30 -18 35 -26 -9 -17 -22 45 -21 -32 -11 -31 38 -28 -25 -5 -42 -19 44 -2 -8
right_child=2 3 16 10 9 8 32 29 22 27 17 15 13 18 23 25 26 42 -20 33 31 -23 -24 39 28 -27 37 -29 -30 36 34 -33 -34 -35 -36 -37 -38 -39 -40 -41 41 -43 -44 -45 -46 -47
leaf_value=-0.040216875437304886 -0.05165977872766727 0.089237428713085404 -0.022880772037458582 0.020004303723383871 -0.085174947165316706 0.01456959634156426 -0.16852298966879034 -0.27277030262488405 -0.049336320700393309 -0.17197026133125817 -0.25512054824061742 -0.21261998801795662 -0.049562037638254487 -0.13512005344504341 0.10073527226333474 -0.043985349359166682 0.11802333726043411 -0.12255644231413473 0.019585532738472192 -0.094250224660371959 -0.085314891833689066 0.042525329882961163 0.035364694906536279 0.029554640807438307 0.082791822774941806 -0.047433065434839855 0.070899848056385995 -0.03800550810522961 -0.061922794599728652 0.17800874751453047 -0.051230753705994073 0.023709035568027174 -0.028564533884069775 0.013059946037291223 -0.18654285594226977 -0.093472871019320392 -0.18634840421428303 0.091854452802178507 -0.014053584860215962 0.078787404288736471 -0.23971932004107135 -0.045722617177799393 0.12268770389564451 0.064988177549198473 0.049877340772621313 -0.033941050837195626
leaf_weight=2211 1353 3967 1063 1312 2388 7249 1803 1382 3384 2189 795 2044 1801 1582 6260 633 7925 1422 711 1464 800 5009 2744 6620 721 1387 3545 1310 989 54 462 3274 790 1117 2493 2428 2613 9156 1502 5018 229 833 120 2999 1213 447
leaf_count=2211 1353 3967 1063 1312 2388 7249 1803 1382 3384 2189 795 2044 1801 1582 6260 633 7925 1422 711 1464 800 5009 2744 6620 721 1387 3545 1310 989 54 462 3274 790 1117 2493 2428 2613 9156 1502 5018 229 833 120 2999 1213 447
internal_value=-3.26352e-10 -0.0655484 0.0450878 -0.00783648 -0.109372 0.0230291 -0.0249843 -0.147613 0.0402018 -0.0683839 -0.0910869 -0.119812 0.0186989 -0.00835839 0.0527787 -0.144885 0.0854756 -0.155059 -0.0871499 0.00762469 -0.0300257 0.0181715 -0.0114088 0.068254 0.0620849 -0.117056 0.0906808 -0.110205 -0.000905696 -0.210987 -0.14397 0.00230031 -0.112363 -0.0478087 -0.165387 -0.13069 -0.178971 0.0754243 0.0456175 0.0507825 -0.0281116 -0.0875543 -0.103471 0.0333342 -0.00366113 -0.141786
internal_weight=110811 45159 65652 19491 25668 42461 11186 13279 31275 12389 4711 9230 14780 9103 25147 7019 23191 2337 2293 8146 6462 6810 6128 17898 5677 4975 22128 5927 1710 4049 3588 4074 3040 2581 2955 4617 2667 14203 5047 11638 2374 1062 1542 5565 2566 2250
internal_count=110811 45159 65652 19491 25668 42461 11186 13279 31275 12389 4711 9230 14780 9103 25147 7019 23191 2337 2293 8146 6462 6810 6128 17898 5677 4975 22128 5927 1710 4049 3588 4074 3040 2581 2955 4617 2667 14203 5047 11638 2374 1062 1542 5565 2566 2250
is_linear=0
shrinkage=0.0998


Tree=5
num_leaves=47
num_cat=0
split_feature=100 11 100 5 11 1 9 1 15 1 15 21 15 7 2 18 11 15 11 7 7 9 13 11 38 21 9 20 33 53 21 7 1 3 33 24 9 11 13 57 100 20 17 24 88 38
split_gain=27167.9 8650.08 6610.95 4554.02 3180.35 2783.74 2370.41 2045.67 1978.71 2121.91 1928.65 1702.84 1332.62 1435.33 1275.16 1232.06 1337.48 1125.74 1100.73 1088.59 1080.71 1063.83 965.519 943.654 937.859 925.047 906.278 891.141 852.676 839.795 835.077 830.496 813.223 819.151 790.305 760.916 826.101 728.834 877.123 720.878 688.837 678.617 646.317 643.636 642.661 634.823
threshold=-0.58544999999999991 -0.027891336391990297 0.47730000000000006 -0.0035414969197495997 -0.016489651107849643 -0.051159864496574996 -0.039770614529429239 0.048370956058493307 -0.013156848115637049 0.030608773561614001 0.0074070635974369014 -0.0025788049096728497 0.013996783954891852 0.044903310782419957 -0.040730922036960646 0.14970622230451747 -0.077769624999195638 -0.046410671377038144 -0.016008746476948197 0.029329672664128403 0.069193759738756952 0.015023399779198601 0.04276564113094581 0.029939802201082853 -0.045438102821860747 0.084152524140046411 -0.05975098773632119 -0.019472660626117345 0.0096728428451289521 0.0020150011143468005 0.0056229932902896506 -0.017270520361984749 0.045355472178381158 -0.0011709492336022499 -0.054345276651216738 -0.016672259711647996 -0.04405656825647309 -0.099494634212686825 0.014159265304626602 0.077840937450193812 -0.95584999999999987 -0.015050029215114148 -0.021330543019776896 0.0071053813123662509 0.041849077956019907 -0.053933642614099143
decision_type=2 2 2 2 2 2 2 2 2 2 2 2 2 2 2 2 2 2 2 2 2 2 2 2 2 2 2 2 2 2 2 2 2 2 2 2 2 2 2 2 2 2 2 2 2 2
left_child=1 10 4 5 7 21 22 14 9 20 15 12 13 32 -2 16 -1 41 -10 39 27 -3 34 -19 -18 28 -16 -4 -21 -11 -9 -26 33 -6 -5 -13 -37 -12 -39 -8 -36 -7 -28 -20 -23 -15
right_child=2 3 8 6 11 17 19 30 18 29 37 35 -14 45 26 -17 24 23 43 25 -22 44 -24 -25 31 -27 42 -29 -30 -31 -32 -33 -34 -35 40 36 -38 38 -40 -41 -42 -43 -44 -45 -46 -47
leaf_value=-0.23829804239884525 0.051727408687760629 0.085058935926691032 0.11308298229332352 -0.19856247051620896 -0.032725871820437624 -0.04474381006935798 -0.077453510408399456 -0.14899262220839168 0.045368694599034115 0.0096636897147962982 -0.17367410213435677 0.089646462780476652 0.046881664720735419 0.0897909768340827 0.037251302323864574 0.035411600565097782 -0.0032385838140561746 -0.065364377773092328 0.10729453318010498 -0.22057910631552385 -0.082920535210269736 0.021885714589554 0.1046711488114169 0.028696206037526168 -0.10055777577191514 0.068224477030051633 -0.088811359190501302 0.03987663163123209 -0.10487116103601213 -0.09117853469405196 -0.04788232800471319 -0.18766347564430824 -0.080466983573779099 0.046518302505682792 -0.25816797031643135 0.089052157811562394 0.016346491184391514 -0.10978992375342231 -0.01045218935072517 -0.30100476419878686 -0.0033727781079053178 -0.21311224657953293 -0.023640937387720808 0.070636633486371656 -0.10375955264865058 -0.14070920523576735
leaf_weight=2336 2409 3112 2644 274 2300 389 4017 1764 7230 1711 766 3902 3985 132 1567 287 412 2938 10743 1750 512 4461 580 1664 1601 160 2375 4433 995 1584 1510 3417 1153 2986 112 2126 5811 2030 1570 149 1873 616 4189 8581 446 1209
leaf_count=2336 2409 3112 2644 274 2300 389 4017 1764 7230 1711 766 3902 3985 132 1567 287 412 2938 10743 1750 512 4461 580 1664 1601 160 2375 4433 995 1584 1510 3417 1153 2986 112 2126 5811 2030 1570 149 1873 616 4189 8581 446 1209
internal_value=-3.07824e-10 -0.0713019 0.0342479 -0.0357439 0.00458146 0.00169428 -0.0872203 -0.0334516 0.0638985 0.0280611 -0.13869 0.0268399 -4.97979e-05 -0.0240886 -0.0120469 -0.167649 -0.175153 -0.0522512 0.0785875 -0.118148 0.057097 0.0394137 -0.0101898 -0.0313538 -0.147988 -0.165041 -0.0309416 0.0672269 -0.178638 -0.038814 -0.10236 -0.159872 -0.00452621 0.0120382 -0.0396805 0.0535615 0.0358214 -0.0852766 -0.0664676 -0.085449 -0.0177491 -0.147943 -0.047221 0.0910163 0.0104657 -0.11802
internal_weight=110811 35955 74856 23536 37418 13626 9910 13814 37438 10884 12419 23604 11765 7780 10540 8053 7766 5607 26554 7071 7589 8019 2839 4602 5430 2905 8131 7077 2745 3295 3274 5018 6439 5286 2259 11839 7937 4366 3600 4166 1985 1005 6564 19324 4907 1341
internal_count=110811 35955 74856 23536 37418 13626 9910 13814 37438 10884 12419 23604 11765 7780 10540 8053 7766 5607 26554 7071 7589 8019 2839 4602 5430 2905 8131 7077 2745 3295 3274 5018 6439 5286 2259 11839 7937 4366 3600 4166 1985 1005 6564 19324 4907 1341
is_linear=0
shrinkage=0.0998


Tree=6
num_leaves=47
num_cat=0
split_feature=100 11 100 5 21 9 21 15 2 7 15 13 11 13 1 18 15 11 33 15 3 28 15 24 70 11 9 28 24 20 21 7 15 20 3 18 4 1 11 37 62 23 28 70 31 100
split_gain=22376.8 8917.17 4391.81 2941.65 2775.25 2214.91 1935.62 2086.69 1933.48 1856.63 1842.02 1788.57 1751.97 1477.91 1469.59 1435.45 1359.76 1303.96 1236.74 1210.31 1160.17 1046.31 985.775 973.285 853.674 845.567 830.409 805.299 805.218 791.187 789.704 819.052 787.254 732.711 713.328 707.281 643.597 618.573 612.013 607.177 593.437 588.652 573.846 573.708 573.248 545.613
threshold=1.0000000180025095e-35 0.0072183644249842012 -0.83144999999999991 0.019760869183026303 -0.038001164013311946 -0.053633272910594339 0.015028098917057453 -0.017405078428784599 -0.10244492144549054 0.02534889633907365 -0.0086090722231190967 0.041950526572167454 -0.045819074632108395 0.045023565688141656 -0.0059103188447005997 -0.031820238450985396 -0.034379304198200546 0.00094840894575840007 -0.0018550759727693497 0.024181560287199855 -0.021079018721210045 0.024530531217677402 0.0069531588993774511 0.0088507637863274018 -0.021557395538891546 -0.045819074632108395 -0.018438498402095497 0.0030727371430569503 0.050150687741229556 0.0045911742205492507 0.084152524140046411 0.041940620523972703 -0.0044497366503048483 0.014067609360347752 -0.012025422060187198 0.14970622230451747 -0.11820049436503353 0.064256267873574413 -0.068029734234783937 -0.03678993228020374 -0.037288514887427439 0.021527565243550754 0.025511977084653303 -0.039665300985165637 0.026418065511907302 -0.69069999999999987
decision_type=2 2 2 2 2 2 2 2 2 2 2 2 2 2 2 2 2 2 2 2 2 2 2 2 2 2 2 2 2 2 2 2 2 2 2 2 2 2 2 2 2 2 2 2 2 2
left_child=1 2 8 11 16 44 7 21 -1 32 17 14 35 22 20 -16 27 -7 34 45 -3 38 30 33 39 -25 -8 -2 40 37 31 -14 -5 -12 -9 -10 -28 -19 -4 -11 -18 43 -42 -22 -6 -17
right_child=4 3 6 9 5 10 26 18 12 24 23 -13 13 -15 15 19 28 29 -20 -21 41 -23 -24 25 -26 -27 36 -29 -30 -31 -32 -33 -34 -35 -36 -37 -38 -39 -40 -41 42 -43 -44 -45 -46 -47
leaf_value=0.028592136327960274 -0.12619848768089897 -0.032663735534127519 -0.22478034872917557 -0.049381323315425281 0.083784326386018598 -0.028255278236665394 0.036540023182242094 -0.12835193606371154 -0.18673430298508192 -0.29718853538613216 0.097078131554878294 0.088116824427139182 -0.13046359730989482 -0.0089596411155284904 0.048050061256403168 -0.18890631809220487 0.10455523981934928 0.085848873629538233 -0.0021081915150843455 0.010038508023847864 -0.10176489876283486 -0.047833467325638486 -0.059112735711634813 -0.040638467832448025 -0.079699894673281743 0.048534774624564674 0.096831645565996577 -0.0085864623020754181 -0.062444018565060433 -0.0017695569226462184 0.040549648639593774 -0.23045555048506361 0.04338577535674179 0.048893098802142751 -0.046903686464866576 0.03795404090831677 -0.043463450113496546 -0.015045500287443924 -0.12624947416269419 -0.12591767807998772 0.00065742376437126753 0.086791719120093078 0.079172809334764546 0.037741360888928176 0.13745755609786423 -0.078610365699732773
leaf_weight=798 1191 2201 792 2402 6766 4642 2787 1665 4503 404 8338 3643 2870 1394 1222 837 967 3385 4376 934 316 1480 1704 1213 1285 8348 353 1130 1033 2690 208 1140 1468 5045 3002 144 4208 737 3030 421 3903 2716 1216 4143 2803 958
leaf_count=798 1191 2201 792 2402 6766 4642 2787 1665 4503 404 8338 3643 2870 1394 1222 837 967 3385 4376 934 316 1480 1704 1213 1285 8348 353 1130 1033 2690 208 1140 1468 5045 3002 144 4208 737 3030 421 3903 2716 1216 4143 2803 958
internal_value=-9.73695e-11 -0.0432579 -0.0753609 0.004937 0.0464954 0.057037 -0.0480324 -0.0693685 -0.121818 -0.0552531 0.0452226 0.0261472 -0.131851 -0.101412 0.00920747 -0.0418451 -0.0026022 0.0125361 -0.040223 -0.0820987 0.0307208 -0.119079 -0.123175 0.0615401 -0.130564 0.0372214 -0.00637937 -0.068938 0.0190252 0.0403332 -0.149055 -0.15889 -0.0141921 0.0789138 -0.0759612 -0.179772 -0.0326053 0.0678093 -0.146667 -0.209788 0.0328533 0.0501646 0.0193085 0.0278548 0.0995066 -0.130041
internal_weight=110811 57404 34454 22950 53407 43967 21693 14345 12761 5980 34398 16970 11963 7316 13327 3951 9440 11454 9043 2729 9376 5302 5922 22944 2110 9561 7348 2321 7119 6812 4218 4010 3870 13383 4667 4647 4561 4122 3822 825 6086 7175 5119 4459 9569 1795
internal_count=110811 57404 34454 22950 53407 43967 21693 14345 12761 5980 34398 16970 11963 7316 13327 3951 9440 11454 9043 2729 9376 5302 5922 22944 2110 9561 7348 2321 7119 6812 4218 4010 3870 13383 4667 4647 4561 4122 3822 825 6086 7175 5119 4459 9569 1795
is_linear=0
shrinkage=0.0998


Tree=7
num_leaves=47
num_cat=0
split_feature=100 11 100 5 11 38 15 20 1 1 100 15 24 24 21 7 7 14 7 38 27 2 20 1 40 3 33 21 1 13 7 2 31 21 26 2 6 15 33 28 15 13 100 31 21 3
split_gain=18448.9 5737.34 4868.61 3310.64 3165.97 2257.79 2167.37 2105.07 2074.19 1559.67 1306.79 1273.29 1265.45 1159.11 1157.76 1129.46 1099.97 1094.26 1256.56 1065.11 990.984 940.189 894.375 887.214 1106.12 846.176 835.853 805.72 786.267 946.531 980.044 765.791 760.277 716.256 706.916 680.029 669.728 664.79 659.582 658.85 641.928 622.377 620.961 600.47 595.048 591.009
threshold=-0.62474999999999992 -0.027891336391990297 0.74330000000000018 0.014788503901458751 -0.045819074632108395 -0.045438102821860747 -0.0053881507231608988 0.0029370507776331502 -0.048917904234424846 0.014690404804428502 -0.93604999999999994 0.028143738365646206 0.050150687741229556 0.0058722753564932504 0.043725651568457209 -0.013686311631270499 0.029329672664128403 -0.04339450768652315 0.0024373400549338505 -0.045438102821860747 -0.025178680056705646 -0.059279961538838043 -0.097463530589374486 0.036597395995265555 0.045727428277791804 -0.021787119744201399 -0.050403264128118096 0.013712438468687752 0.045355472178381158 0.020385888261869104 0.0050382235198150006 0.032215495617701456 0.0150741108837421 0.0091389964893789522 -0.018099019525363646 -0.032724575111191395 0.029326950912304504 0.061257279254319501 -0.055317404745391242 -0.039348472633845243 -0.0076202116060747494 0.025485178870862754 -0.97184999999999988 0.04490335827945776 0.0040559961346151013 0.03870733624931131
decision_type=2 2 2 2 2 2 2 2 2 2 2 2 2 2 2 2 2 2 2 2 2 2 2 2 2 2 2 2 2 2 2 2 2 2 2 2 2 2 2 2 2 2 2 2 2 2
left_child=1 11 4 8 9 32 7 28 13 21 -5 19 26 25 16 -9 -12 31 -19 -1 -21 -2 -23 43 36 35 -8 37 29 30 -7 -10 -6 -22 -15 -3 40 -11 -17 -24 -25 -13 -20 -4 -44 -28
right_child=2 3 23 10 5 6 12 15 17 27 14 41 -14 34 -16 38 -18 18 42 20 33 22 39 24 -26 -27 45 -29 -30 -31 -32 -33 -34 -35 -36 -37 -38 -39 -40 -41 -42 -43 44 -45 -46 -47
leaf_value=-0.017837485679273811 0.074106519752357936 0.053568158206856557 0.069597060451842843 -0.20347678816727607 0.05285588983714283 0.041378875473641205 -0.020389608927914776 -0.0086235842967235035 -0.084832316590453496 -0.16651020949871548 -0.056744885328056667 -0.097168168467369892 -0.031417004634721975 -0.083929471892185567 0.038247126018147594 -0.17850480230562155 -0.16068388441520279 -0.021322701257686084 -0.30658474561849985 -0.19277681405043962 -0.15044526602770777 0.11149705855393101 -0.11441616363771863 -0.085875388292833282 0.11202547933661891 0.070368808368396193 0.038861707541442927 -0.038587115953079974 -0.044514975473498045 0.083766340899500497 -0.047948207624652087 0.075982971770856444 0.12835806030524236 -0.076912203753039407 0.008757546703279882 -0.11159135414100145 0.053627949437041821 -0.0036121529373130215 -0.068422615805054487 -0.023412363305716524 0.014330172677550284 -0.00022145189911716704 -0.14995034394615919 0.12371114079834426 -0.053682103406595398 0.080147696159383788
leaf_weight=707 1039 483 14582 923 3621 3347 1798 3555 419 1561 2803 1621 2507 1171 771 633 1589 2655 163 2881 3233 416 977 988 1379 4518 11476 1324 1590 2453 1928 996 2098 2229 2731 511 2076 297 3776 4193 1791 1112 1392 2375 1183 4940
leaf_count=707 1039 483 14582 923 3621 3347 1798 3555 419 1561 2803 1621 2507 1171 771 633 1589 2655 163 2881 3233 416 977 988 1379 4518 11476 1324 1590 2453 1928 996 2098 2229 2731 511 2076 297 3776 4193 1791 1112 1392 2375 1183 4940
internal_value=-2.91784e-10 -0.0610883 0.027145 -0.0313331 0.010597 0.022092 0.0132942 -0.0128031 -0.00778422 -0.0406503 -0.0941017 -0.117422 0.0350603 0.0225634 -0.0745485 -0.0504789 -0.0943494 -0.0497485 -0.0702433 -0.135451 -0.145417 -0.0130676 -0.0292821 0.0653406 0.0331465 0.0520277 0.0442103 -0.0980781 0.019398 0.0325479 0.00873004 0.0283635 0.0805537 -0.120437 -0.0190581 -0.0313378 0.0107419 -0.140471 -0.0842271 -0.0406098 -0.0212953 -0.0577226 -0.117681 0.0771763 -0.105723 0.0512857
internal_weight=110811 34091 76720 22308 53529 43722 38003 17282 16222 9807 6086 11783 20721 9414 5163 7964 4392 6808 5393 9050 8343 6625 5586 23191 6234 5512 18214 3182 9318 7728 5275 1415 5719 5462 3902 994 4855 1858 4409 5170 2779 2733 2738 16957 2575 16416
internal_count=110811 34091 76720 22308 53529 43722 38003 17282 16222 9807 6086 11783 20721 9414 5163 7964 4392 6808 5393 9050 8343 6625 5586 23191 6234 5512 18214 3182 9318 7728 5275 1415 5719 5462 3902 994 4855 1858 4409 5170 2779 2733 2738 16957 2575 16416
is_linear=0
shrinkage=0.0998


Tree=8
num_leaves=47
num_cat=0
split_feature=100 11 100 13 15 21 30 5 7 15 1 24 11 5 1 14 28 21 24 11 24 14 28 33 3 48 21 62 62 3 4 1 40 14 59 21 9 18 38 62 3 7 68 20 1 9
split_gain=15137.3 6301.46 3325.73 2281.96 2586.18 2147.43 1979.87 1720.79 1647.75 1641.54 1414.98 1280.63 1275.74 1252.15 1241.9 1186.93 1086.64 990.256 865.121 860.567 840.063 833.417 833.013 813.109 739.716 709.812 656.752 652.872 646.232 641.69 633.798 629.274 758.37 622.167 620.825 604.294 602.338 601.553 564.988 611.176 560.868 560.015 559.319 549.19 524.986 524.158
threshold=0.078100000000000017 0.0072183644249842012 -0.72664999999999991 0.043521661990152255 -0.030695532482002647 -0.0033109757921191995 0.052564252113081612 1.0000000180025095e-35 0.010837783379395302 -0.0053881507231608988 0.023233723475790755 0.011750007044492103 0.023872907263590152 1.0000000180025095e-35 -0.021189410923942498 -0.050054944247457288 -0.0067663485611202494 0.05287311430924841 -0.0031504678499456496 -0.014832961824089648 0.0029313011052758005 -0.0082507642678362973 0.018886018254594805 -0.036248275353527197 -0.0017903630970337499 0.011338283240215801 0.055485662395232255 0.0091079899257110013 0.013723886813736251 -0.013297316804276199 -0.13769199117331887 0.010951438399460502 0.0069209124025083005 0.0042198640274845505 0.0069028507470865006 0.032476060363837655 0.092309441303198222 -0.013260141953948848 -0.0020934885361712494 0.031714432773878358 0.024460316476601754 0.10523956644012887 -0.011124033758036648 0.023033026298558652 0.054498711844421358 -0.0069727208777144991
decision_type=2 2 2 2 2 2 2 2 2 2 2 2 2 2 2 2 2 2 2 2 2 2 2 2 2 2 2 2 2 2 2 2 2 2 2 2 2 2 2 2 2 2 2 2 2 2
left_child=1 2 6 4 8 9 7 14 25 16 13 38 30 45 20 -9 19 18 29 -2 -1 -12 28 -13 27 -3 -10 -11 -17 -15 -7 -32 37 -16 -18 -23 -5 -33 -6 -40 -25 -20 -22 44 -21 -4
right_child=5 3 10 36 11 12 -8 15 26 24 21 23 -14 17 33 22 34 -19 41 43 42 35 -24 40 -26 -27 -28 -29 -30 -31 31 32 -34 -35 -36 -37 -38 -39 39 -41 -42 -43 -44 -45 -46 -47
leaf_value=0.011747952324291705 -0.13219109261732556 0.013370410974430752 0.055593113553452034 0.080560589219773784 0.066190893953352176 0.12667144754142445 -0.16850875847673283 -0.012616711215136736 -0.15144003866411745 0.037874475728092896 -0.024947844458103625 -0.099628966303806993 0.087874636839801068 -0.05906258626604171 -0.055573815782396424 -0.12789667151031051 0.046767890158082498 0.053701584526482216 -0.077511247066283387 0.025644846913335257 -0.12803966638958983 -0.14288393521188936 -0.078225862015958256 -0.034239848978927609 0.057952788033671342 -0.082790754906069075 0.029097835400335559 -0.026704964823883865 -0.21373525170911423 0.034177120886854373 0.050051211716556666 0.027784009402505666 0.058643293442399269 -0.15380142712118089 -0.024679035512563761 -0.040046525003101574 -0.058044153614452428 -0.069749945477555753 0.03104245640175466 -0.062471036059330722 0.039826124290575457 -0.262820202389068 -0.028961510417144957 -0.086659728493742538 -0.098548755478585756 -0.0049811239436779219
leaf_weight=3301 1014 2068 2440 4104 3794 850 2800 956 2006 4146 1739 1137 9880 1513 1288 2323 2887 964 3648 1758 899 1966 1849 2544 8572 1213 223 2499 1400 1430 11784 1091 1617 1281 2087 801 338 1490 3995 843 1698 170 1539 1033 420 3413
leaf_count=3301 1014 2068 2440 4104 3794 850 2800 956 2006 4146 1739 1137 9880 1513 1288 2323 2887 964 3648 1758 899 1966 1849 2544 8572 1213 223 2499 1400 1430 11784 1091 1617 1281 2087 801 338 1490 3995 843 1698 170 1539 1033 420 3413
internal_value=-1.7091e-10 -0.0341403 -0.0607011 0.00545203 -0.00923902 0.0398528 -0.0915376 -0.0770108 -0.0671643 0.0184596 -0.0306285 0.0135408 0.0594073 -0.0145466 -0.0468823 -0.115355 -0.0148227 -0.0409269 -0.0544193 -0.0520398 -0.0210663 -0.0790882 -0.132982 -0.0246811 0.0385794 -0.0221808 -0.133378 0.0135879 -0.160175 -0.0137575 0.0426976 0.0382314 0.00505268 -0.104554 0.0167901 -0.113114 0.0700139 -0.0285219 0.0373586 0.0147481 -0.00459251 -0.0857623 -0.0654961 -0.0267288 0.00169567 0.0202711
internal_weight=110811 59683 35720 23963 19521 51128 17636 14836 5510 24416 18084 14011 26712 13578 8308 6528 9199 7725 6761 4225 5739 4506 5572 5379 15217 3281 2229 6645 3723 2943 16832 15982 4198 2569 4974 2767 4442 2581 8632 4838 4242 3818 2438 3211 2178 5853
internal_count=110811 59683 35720 23963 19521 51128 17636 14836 5510 24416 18084 14011 26712 13578 8308 6528 9199 7725 6761 4225 5739 4506 5572 5379 15217 3281 2229 6645 3723 2943 16832 15982 4198 2569 4974 2767 4442 2581 8632 4838 4242 3818 2438 3211 2178 5853
is_linear=0
shrinkage=0.0998


Tree=9
num_leaves=47
num_cat=0
split_feature=100 11 11 13 15 9 7 24 15 5 100 20 7 31 20 15 13 100 3 12 1 28 20 21 38 26 62 21 30 1 5 20 23 15 20 28 1 24 32 21 68 65 3 20 24 43
split_gain=12506.4 4434.69 3273.79 3014.54 2365.16 2052.82 1828.51 1746.03 1530.85 1525.92 1286.09 1111.94 1101.49 988.062 971.171 961.109 949.055 1015.12 890.091 866.551 1043.95 852.569 809.265 807.411 798.294 745.526 733.556 719.751 714.074 703.249 688.115 682.704 671.977 655.693 743.456 654.913 647.431 618.213 584.577 569.507 564.161 601.715 532.945 532.852 523.014 513.535
threshold=-0.52614999999999978 -0.037683646759146046 -0.019223962180686647 0.014159265304626602 -0.0035621910404385498 -0.041524953795783547 -0.00099775140616724964 -0.0072149403448404986 -0.0062761940846778989 0.065848089103638416 0.51075000000000015 -0.071243320340918487 0.091448979704867608 0.043989514810209261 0.0041536844734990511 0.0074070635974369014 0.080261914879065061 -0.95304999999999984 -0.006020978440609199 0.047617476621577157 0.048370956058493307 0.0015916102490158002 -0.039994249425300894 0.00039001009675970007 -0.0083643171336926486 0.011908793796854352 0.024532029258435856 0.016396591115845151 0.0093129815013123004 -0.019078718414951696 0.023864876747195802 0.018617945739979751 0.026283970223918752 0.012566723584907803 -0.0123081443945886 -0.059299416812386943 -0.04090022911237879 0.010083569862977553 -0.00036765224675204994 0.0063959367305837008 -0.031891455442796993 -0.011835401610058648 -0.021079018721210045 -0.027465405324994197 -0.033944918277016442 0.017905435024363956
decision_type=2 2 2 2 2 2 2 2 2 2 2 2 2 2 2 2 2 2 2 2 2 2 2 2 2 2 2 2 2 2 2 2 2 2 2 2 2 2 2 2 2 2 2 2 2 2
left_child=1 15 8 4 6 13 19 14 11 16 12 -2 36 31 -7 22 17 -5 38 20 43 27 30 35 37 -12 -16 -10 -24 32 -1 -4 -20 34 -19 -13 42 -8 -6 -26 -38 -42 -9 -3 -17 -36
right_child=2 3 5 9 18 7 24 10 21 -11 25 23 -14 -15 26 44 -18 33 29 -21 -22 -23 28 -25 39 -27 -28 -29 -30 -31 -32 -33 -34 -35 45 -37 40 -39 -40 -41 41 -43 -44 -45 -46 -47
leaf_value=-0.020039217196090212 0.058055485525253345 0.081245509047185069 0.075336370485645968 -0.070663737866956053 -0.10391917651579091 0.07709100848851641 -0.02283040406676335 -0.027177867677353688 -0.036426590524598304 -0.11242855313498427 0.0070430940355790828 -0.19398197924381666 -0.13028012785364523 0.12426801821893722 0.04280253822586675 0.01478321775034677 0.086639779571037953 0.050646098830401082 0.017422236807708706 -0.13897840076973955 -0.1553907599752799 0.036856909057051454 -0.10571945814533266 -0.022005793221411767 -0.1972556151192088 0.058295277951893078 -0.03672914429901241 0.037495278706458697 -0.17817462956669297 -0.042465447392471094 -0.17539722241686578 0.027447425897530436 0.12445518165984686 0.066556223036401255 0.00024740939751396595 -0.071872849515010537 -0.11243387421616619 -0.14132608538933369 -0.0079797217375106311 -0.10818451636469634 -0.072034150422751977 0.0072723475777072928 0.046202837808415491 -0.020112933784263785 -0.077992285721599108 -0.085551811954579129
leaf_weight=1160 968 647 7868 1337 1233 7502 972 1541 4336 894 6214 509 808 2655 4979 750 1934 2101 2096 737 495 6922 2854 3539 1756 5186 1504 1881 2579 1242 376 4758 810 2425 2347 3113 757 799 1299 1206 1425 2876 2736 2563 3135 987
leaf_count=1160 968 647 7868 1337 1233 7502 972 1541 4336 894 6214 509 808 2655 4979 750 1934 2101 2096 737 495 6922 2854 3539 1756 5186 1504 1881 2579 1242 376 4758 810 2425 2347 3113 757 799 1299 1206 1425 2876 2736 2563 3135 987
internal_value=-2.24318e-10 -0.0457359 0.0245784 -0.0246659 -0.0532454 0.0383394 -0.0861353 0.0251833 -0.00829657 0.0130162 0.00735751 -0.042337 -0.0184938 0.068927 0.0526428 -0.0998571 0.0230915 0.00972816 -0.00807102 -0.0401461 -0.0204864 0.012764 -0.12203 -0.0559078 -0.129297 0.0303583 0.0243519 -0.014061 -0.140113 0.0203914 -0.0580696 0.0572898 0.0472559 0.023403 0.00414876 -0.0890329 -0.00881799 -0.0762906 -0.0546991 -0.16099 -0.0329865 -0.0190033 0.0197638 0.000316634 -0.060082 -0.0251527
internal_weight=110811 38734 72077 27880 15855 50809 9175 35528 21268 12025 21543 8129 10143 15281 13985 10854 11131 9197 6680 4442 3705 13139 6969 7161 4733 11400 6483 6217 5433 4148 1536 12626 2906 7860 5435 3622 9335 1771 2532 2962 5058 4301 4277 3210 3885 3334
internal_count=110811 38734 72077 27880 15855 50809 9175 35528 21268 12025 21543 8129 10143 15281 13985 10854 11131 9197 6680 4442 3705 13139 6969 7161 4733 11400 6483 6217 5433 4148 1536 12626 2906 7860 5435 3622 9335 1771 2532 2962 5058 4301 4277 3210 3885 3334
is_linear=0
shrinkage=0.0998


Tree=10
num_leaves=47
num_cat=0
split_feature=100 11 100 100 7 1 15 15 21 5 7 1 1 20 40 7 31 20 28 21 7 13 24 12 15 33 13 33 10 74 24 1 63 37 7 2 43 24 5 38 62 6 62 4 23 14
split_gain=10319.1 4559.91 2528.1 1930.11 1702.19 1626.06 1667.06 1500.44 1509 1483.34 1251.93 1246.94 1179.34 1147.12 1116.16 1069.25 959.35 914.734 937.821 874.32 873.742 835.391 834.073 805.347 792.493 764.62 764.402 736.571 728.281 721.286 687.597 683.528 656.721 627.313 612.007 608.307 582.839 576.327 565.981 563.119 550.492 498.615 489.303 482.596 482.293 473.485
threshold=1.0000000180025095e-35 0.0076801594257517513 -0.9020999999999999 0.86590000000000011 0.012985596000153402 0.025563501414801303 0.020936725407406102 0.0092995181482817529 0.044624009550640609 0.037509996495933756 0.047795594144154761 -0.095894413325025782 0.025563501414801303 -0.029855522509525997 0.0069209124025083005 0.014685993180386303 0.027444728537683854 -0.027465405324994197 0.006671805578262701 0.10525850206223876 0.035957093045195308 0.034328770451743505 0.038025008673170053 0.0077093401709237008 0.019454241742854452 -0.033328990435563643 -0.0076786144756713992 0.050619977664234504 0.034228421943052659 0.0094983931890611512 0.080610931652623008 0.018851818115529401 -0.013506451940264499 -0.03678993228020374 0.079163110103842318 -0.037029266757280993 0.016228686222088454 0.025621113949828703 0.023864876747195802 -0.014564310179638749 0.019603588718530154 -0.011907573765655998 1.0000000180025095e-35 -0.15366850724505382 0.011787757049236703 -0.011413441497185099
decision_type=2 2 2 2 2 2 2 2 2 2 2 2 2 2 2 2 2 2 2 2 2 2 2 2 2 2 2 2 2 2 2 2 2 2 2 2 2 2 2 2 2 2 2 2 2 2
left_child=1 2 11 5 16 10 14 8 12 13 17 21 15 -6 40 23 28 -2 29 20 -13 -1 26 37 34 38 -9 39 31 -19 -8 -3 -14 -11 -15 -25 -16 -4 -12 -17 -7 -30 -28 -34 -27 -33
right_child=3 4 7 -5 9 6 30 22 -10 33 25 19 32 24 36 27 -18 18 -20 -21 -22 -23 -24 35 -26 44 42 -29 41 -31 -32 45 43 -35 -36 -37 -38 -39 -40 -41 -42 -43 -44 -45 -46 -47
leaf_value=-0.087056330348697294 0.076423519710998866 0.045355218421170976 0.019013440304852205 0.065996313740594531 0.053485577489010783 -0.053331830309626918 0.04820106353256489 -0.028048286965506788 0.0079158363453711005 -0.19358262218615316 -0.01841638993695708 -0.10175417056889094 -0.063365225816364765 -0.03715515871079237 -0.035150219498038066 -0.053656752040567621 0.073588227873212134 0.031604002398829885 0.056386717460268826 0.092122564803017185 -0.1819486725984599 0.052909865458919431 -0.066086846382844816 0.012593153606051271 0.026770027103442749 -0.021012897979170934 0.068207173948125574 0.01513394900636153 -0.075737619707401185 -0.020439656962084753 -0.085049968704231357 0.036101127049120371 0.20782182407975197 -0.067086310969640919 -0.13470155540158091 -0.096761473249266441 0.063463073519604174 -0.066097837415355215 -0.16514487721062396 -0.15043534827248115 -0.13471042369465902 0.011517591903052262 0.0030330014443481637 -0.160691623665453 0.055083466364563884 -0.061064729186438391
leaf_weight=981 5773 5739 3071 12444 2089 2608 3903 3498 3033 610 537 4027 1246 2819 1387 874 3375 7294 8527 184 2038 749 1917 657 1504 2253 2176 470 1340 4168 428 842 36 1085 829 2214 1048 1068 511 1902 1213 1271 2427 2105 1313 1228
leaf_count=981 5773 5739 3071 12444 2089 2608 3903 3498 3033 610 537 4027 1246 2819 1387 874 3375 7294 8527 184 2038 749 1917 657 1504 2253 2176 470 1340 4168 428 842 36 1085 829 2214 1048 1068 511 1902 1213 1271 2427 2105 1313 1228
internal_value=-1.47909e-10 -0.0293757 -0.0521503 0.0315742 0.00536384 0.0211172 -0.0125635 -0.037417 -0.0557561 -0.0285685 0.032856 -0.101441 -0.0699111 -0.0088958 -0.0455143 -0.0530489 0.0273443 0.0414304 0.0313241 -0.1222 -0.128702 -0.0264582 -0.00688975 -0.031121 -0.0341898 -0.0150187 0.0071185 -0.100404 0.012366 0.012679 0.0350329 0.0276224 -0.120971 -0.11261 -0.0593224 -0.0717367 0.00729197 -0.00294811 -0.0899605 -0.119965 -0.079166 -0.0332629 0.0338431 -0.154495 0.00700576 -0.0215412
internal_weight=110811 57404 34673 53407 22731 40963 10587 26694 16676 8936 30376 7979 13643 7241 6256 10256 13795 25762 19989 6249 6065 1730 10018 7010 5152 4614 8101 3246 10420 11462 4331 7809 3387 1695 3648 2871 2435 4139 1048 2776 3821 2611 4603 2141 3566 2070
internal_count=110811 57404 34673 53407 22731 40963 10587 26694 16676 8936 30376 7979 13643 7241 6256 10256 13795 25762 19989 6249 6065 1730 10018 7010 5152 4614 8101 3246 10420 11462 4331 7809 3387 1695 3648 2871 2435 4139 1048 2776 3821 2611 4603 2141 3566 2070
is_linear=0
shrinkage=0.0998


Tree=11
num_leaves=47
num_cat=0
split_feature=100 11 11 13 15 21 1 13 20 28 14 7 24 24 15 100 3 2 33 33 42 2 12 3 21 100 22 10 58 68 7 9 63 23 1 65 38 28 7 87 21 21 9 15 20 7
split_gain=8708.48 3118.55 2877.28 2377.96 2187.4 1624.43 1620.27 1507.23 1610.37 1457.13 1346.37 1241.9 1179.99 1120.79 1083.78 1045.32 1139.07 942.018 904.2 867.082 797.662 788.075 766.901 722.481 706.494 675.184 668.859 659.9 629.868 627.776 625.458 585.076 575.238 554.34 546.408 546.127 545.909 530.542 510.57 503.833 502.311 485.387 482.85 469.558 463.725 458.901
threshold=-0.68049999999999988 0.0076801594257517513 -0.053503364706735793 -0.011463064184144897 -0.0035621910404385498 0.050612858482826158 -0.056609642482235392 0.041950526572167454 0.014067609360347752 0.013634829038544802 -0.047391013062219593 -0.0014992295605405998 0.036742671097138455 0.042200811811707102 -0.029470645471271848 -0.93124999999999991 -0.010658901481515349 -0.044591145506568043 -0.047595377735170495 0.025614083537941906 0.0151783968189856 0.0097342392611096517 0.019550716004515651 -0.055294504275847194 -0.050257557827609343 -0.95304999999999984 0.019251856426182053 -0.010380738523735748 -0.015338650221666148 -0.051235523560972045 -0.0076816021444839995 -0.063437157008745235 -0.0054118503407843991 0.0011892153410022501 -0.028504986156112896 0.017512807125124704 -0.011444458749135848 -0.025797763820079346 0.0009822715782074002 0.025117918028657003 0.0083761942283764029 -0.030776207317564096 -0.0033183031622648997 0.011102350153100751 0.035469234852247608 0.089060067168469773
decision_type=2 2 2 2 2 2 2 2 2 2 2 2 2 2 2 2 2 2 2 2 2 2 2 2 2 2 2 2 2 2 2 2 2 2 2 2 2 2 2 2 2 2 2 2 2 2
left_child=2 4 26 15 5 9 17 8 13 19 23 33 20 24 28 -4 36 -5 -13 21 44 30 45 -8 -3 -20 31 -14 38 -21 -2 -1 -27 -12 -18 -23 -17 -33 -10 -16 -25 -22 -26 -24 -6 -19
right_child=1 7 3 6 12 -7 10 -9 14 -11 11 18 27 -15 39 16 34 22 25 29 41 35 43 40 42 32 -28 -29 -30 -31 -32 37 -34 -35 -36 -37 -38 -39 -40 -41 -42 -43 -44 -45 -46 -47
leaf_value=0.058984395139560261 -0.014608221055763626 -0.011200131226578081 -0.13965185572068292 0.070666447701523374 0.053003160451978552 0.038664241839630062 0.13659090857095568 0.084203392957932652 -0.043642419454682772 0.0015740286597611109 -0.051370697165474606 -0.20309488068941228 -0.074102877220175667 -0.002860342780279552 0.027615643814732638 -0.03930087568736227 0.014904116097352323 0.036766903691434191 -0.17521428049369844 -0.19495914169587195 -0.050473925279310175 -0.14382869521697411 -0.085819188073209873 -0.079678391196386936 0.079153457653210677 0.0043217490351388803 -0.14794146705143207 0.0038579093069816273 -0.017973776862319785 0.0009333346178750922 -0.094968900701445313 -0.15379865847549942 -0.088275403572133662 0.034272974283127422 -0.062757282663937625 -0.04710884704712031 -0.13403925912163883 -0.067613888756271862 -0.18671146518999998 -0.029456654179947112 0.049299318865710061 0.014993357601889325 0.043494996095241448 0.035441232364232876 0.0066509520739169384 -0.12515215529784962
leaf_weight=279 2011 1364 1841 2877 10032 2937 539 5878 480 4851 1501 629 1839 3727 8019 901 2120 3024 539 176 1474 2394 1273 496 8748 1072 2326 2625 1724 2196 1854 977 1774 1510 1571 768 1849 2617 515 1907 764 4805 6663 424 2736 185
leaf_count=279 2011 1364 1841 2877 10032 2937 539 5878 480 4851 1501 629 1839 3727 8019 901 2120 3024 539 176 1474 2394 1273 496 8748 1072 2326 2625 1724 2196 1854 977 1774 1510 1571 768 1849 2617 515 1907 764 4805 6663 424 2736 185
internal_value=-1.92405e-10 0.0174709 -0.0448029 -0.0296504 -0.0018577 -0.0289187 -0.00786577 0.0376281 0.0293688 -0.0428479 -0.0371423 -0.0568698 0.0179244 0.0466444 0.00135899 -0.0733329 -0.0543772 0.0253266 -0.0932125 -0.0657749 0.0287483 -0.0833862 -0.00126188 0.0398925 0.0576432 -0.0727941 -0.10564 -0.028259 -0.0544654 -0.0136017 -0.0531564 -0.080235 -0.0533969 -0.00842087 -0.0181509 -0.120337 -0.103 -0.0910425 -0.117693 0.0166508 -0.00147286 -0.000375137 0.0637364 -0.0555219 0.0430705 0.0274322
internal_weight=110811 79723 31088 24889 40698 17187 16607 39025 33147 14250 8824 7025 23511 20502 12645 8282 6441 7783 4014 9399 19047 7027 4906 1799 16775 3385 6199 4464 2719 2372 3865 3873 2846 3011 3691 3162 2750 3594 995 9926 1260 6279 15411 1697 12768 3209
internal_count=110811 79723 31088 24889 40698 17187 16607 39025 33147 14250 8824 7025 23511 20502 12645 8282 6441 7783 4014 9399 19047 7027 4906 1799 16775 3385 6199 4464 2719 2372 3865 3873 2846 3011 3691 3162 2750 3594 995 9926 1260 6279 15411 1697 12768 3209
is_linear=0
shrinkage=0.0998


Tree=12
num_leaves=47
num_cat=0
split_feature=100 11 38 15 20 38 21 7 7 20 24 62 1 4 33 18 15 13 24 33 9 62 12 38 4 15 15 11 60 7 90 1 42 15 31 65 17 3 41 60 74 3 13 72 28 11
split_gain=7260.27 3536 3293.41 2759.98 2097.19 1641.74 1513.3 1436.12 1427.48 1108.61 1052.5 1035.98 997.62 997.57 944.881 899.621 1020.55 860.057 818.046 776.054 773.278 730.023 714.453 702.022 613.357 612.487 598.476 594.916 590.829 587.621 570.604 569.522 585.775 560.6 554.555 554.467 513.298 472.398 465.212 464.41 447.08 436.198 482.297 424.939 418.924 418.001
threshold=0.078100000000000017 -0.053503364706735793 -0.016887007303277496 0.0092995181482817529 0.0013121196898274502 -0.045438102821860747 -0.054317581960501286 -0.013196052642705647 0.10233997228199336 0.014067609360347752 0.0025306936911618006 0.024532029258435856 0.020873159494971753 -0.10327949206435134 -0.021728682288152699 0.13008795650375352 -0.057564189976198041 0.048485263123072754 -0.043899817114430591 0.022594914638713503 -0.0011237611883628997 -0.016369589830545747 0.03280441484001486 -0.048028776725024237 -0.13769199117331887 -0.032520778612505637 -0.029470645471271848 0.034479150597148955 0.039151047971006658 0.079163110103842318 0.0056116394435305013 -0.025267383403437347 0.021900257949014804 0.012111303325589502 0.004382395045981151 0.019949099387791602 -0.022485970230789094 -0.049469788334955141 -0.042414988285516646 0.038402956328205708 0.025254314853841452 0.0070559166237428505 -0.012528099629778697 0.020147788129968803 -0.064682022486341986 -0.044034834418470496
decision_type=2 2 2 2 2 2 2 2 2 2 2 2 2 2 2 2 2 2 2 2 2 2 2 2 2 2 2 2 2 2 2 2 2 2 2 2 2 2 2 2 2 2 2 2 2 2
left_child=1 13 11 4 8 34 25 26 12 20 21 23 17 -1 35 16 -15 22 -18 38 45 -5 -4 -3 -22 -7 -6 33 -25 39 -26 32 -16 44 -2 -9 -14 -32 -20 -12 -13 42 -23 -10 -11 -8
right_child=5 2 3 10 7 6 9 14 43 27 29 40 36 15 31 -17 18 -19 19 -21 24 41 -24 28 30 -27 -28 -29 -30 -31 37 -33 -34 -35 -36 -37 -38 -39 -40 -41 -42 -43 -44 -45 -46 -47
leaf_value=0.049144502655837946 0.044730760151772263 0.085220306264831597 0.0074962558215795 0.088349037983535092 -0.074911123556311784 -0.098028670122190242 0.0084785659642550443 -0.17916001096175979 -0.1918651506862642 -0.12075693803003559 0.0022928246890588509 0.0011198237415604479 -0.010557544440073674 -0.14894220302861991 -0.019949230525552319 0.040749635483610686 0.0034478307984598935 0.075372597138662664 -0.18604889074075978 -0.032311126567111964 0.089907890625317316 -0.079561093672663619 -0.074428844312689771 0.040113328613783694 0.03006236273714907 -0.013450869113653459 -0.001734421666073827 0.035823066405955256 -0.042490633047436999 -0.11150821696106415 -0.082040487714777371 -0.1224472913330021 -0.11795603556699306 0.013802911093722678 0.095473234381613925 -0.071457522221547526 -0.11012400401384556 -0.00048014168972996071 -0.095047904648522849 -0.093911806801330738 -0.086516871243329005 0.042415624919792672 0.024945288081464189 -0.027998980507580776 -0.024327109213658202 0.059471141408786815
leaf_weight=614 4870 3110 5729 2022 1978 1185 1831 1988 576 500 4215 2803 874 2185 1951 565 1216 1509 652 1913 1033 802 1301 6007 5227 3042 2546 3894 1007 632 943 1784 882 4811 3834 626 1258 2830 3945 567 731 2504 974 217 4375 12753
leaf_count=614 4870 3110 5729 2022 1978 1185 1831 1988 576 500 4215 2803 874 2185 1951 565 1216 1509 652 1913 1033 802 1301 6007 5227 3042 2546 3894 1007 632 943 1784 882 4811 3834 626 1258 2830 3945 567 731 2504 974 217 4375 12753
internal_value=-1.72177e-10 -0.0236439 -0.0120391 -0.0282844 -0.0482105 0.0276002 0.0194997 -0.0778304 -0.0178386 0.0257701 0.0112054 0.029514 -0.0082384 -0.074493 -0.105422 -0.0817394 -0.0887221 0.00700918 -0.0716912 -0.0857264 0.0383982 0.0389304 -0.00766513 0.0457534 0.0170724 -0.0371615 -0.033729 0.00287859 0.0282539 -0.021067 0.00871255 -0.0782768 -0.0504618 -0.0103659 0.0670822 -0.153367 -0.0693074 -0.0208648 -0.107955 -0.00911412 -0.0170076 0.0155835 -0.0222473 -0.147024 -0.0342173 0.0530691
internal_weight=110811 59683 48593 34935 23219 51128 42424 11755 11464 38197 11716 13658 10671 11090 7231 10476 9911 8539 7726 6510 24617 6302 7030 10124 10033 4227 4524 13580 7014 5414 9000 4617 2833 9686 8704 2614 2132 3773 4597 4782 3534 4280 1776 793 4875 14584
internal_count=110811 59683 48593 34935 23219 51128 42424 11755 11464 38197 11716 13658 10671 11090 7231 10476 9911 8539 7726 6510 24617 6302 7030 10124 10033 4227 4524 13580 7014 5414 9000 4617 2833 9686 8704 2614 2132 3773 4597 4782 3534 4280 1776 793 4875 14584
is_linear=0
shrinkage=0.0998


Tree=13
num_leaves=47
num_cat=0
split_feature=100 21 15 24 11 28 11 13 62 7 4 9 15 1 28 11 14 24 26 14 33 2 33 38 24 1 55 100 1 31 20 42 11 18 24 33 3 5 15 12 60 3 11 62 27 38
split_gain=6304.95 2927.75 2263.88 2024.56 1836.94 1816.2 1602.85 1387.29 1255.65 1246.26 1134.01 1348.09 1178.97 1060.09 905.426 853.156 830.557 739.983 737.378 705.914 664.259 869.48 660.564 627.285 591.501 581.269 573.44 571.256 557.47 537.745 572.268 533.18 510.289 507.069 497.938 495.476 485.7 478.64 465.056 455.983 442.702 439.179 437.288 435.73 433.153 433.068
threshold=-0.78429999999999989 -0.004438293604274399 0.028729666194142203 -0.0080534529871273478 0.031027711339089905 0.0074624207576526507 -0.029149518043964047 -0.022104208884618948 0.020905927413272053 0.030681698165730801 -0.13769199117331887 -0.036859393946041548 -0.075025603548725089 -0.014339463034966648 -0.035283514860087038 -0.065416308036392742 -0.041883652800327596 0.036742671097138455 -0.00070598144209614978 -0.087099867320284088 -0.020458796893990647 0.029069954376626152 -0.0082565660577223494 -0.005899096663449249 0.0016315608540918502 0.023233723475790755 0.033304427525052159 -0.93604999999999994 -0.080866679206453837 0.068470295193445121 0.018617945739979751 0.013792871880041952 0.0014409928868787004 0.012771459750820202 0.014368745091709953 -0.037396157099663839 -0.011379828557408397 0.013520690132399852 -0.059785038021376594 0.023942171524188555 0.020596969423326252 -0.0041888843839510996 0.016785010834436401 0.047610831217290456 -0.0061438652229950487 -0.011865034972903348
decision_type=2 2 2 2 2 2 2 2 2 2 2 2 2 2 2 2 2 2 2 2 2 2 2 2 2 2 2 2 2 2 2 2 2 2 2 2 2 2 2 2 2 2 2 2 2 2
left_child=3 2 5 8 10 6 41 23 15 13 -3 29 -13 14 35 -1 -15 32 24 -11 21 -9 44 -8 -14 34 43 28 -17 30 -12 -16 -4 -6 -7 -5 -25 -10 -22 -33 -26 -2 -40 -27 -21 -20
right_child=1 4 17 9 33 25 7 20 37 19 11 12 18 16 31 27 -18 -19 45 22 38 -23 -24 36 40 26 -28 -29 -30 -31 -32 39 -34 -35 -36 -37 -38 -39 42 -41 -42 -43 -44 -45 -46 -47
leaf_value=-0.069120527879694096 -0.13940827129263172 0.10002802343506013 0.019643493216380051 -0.2009148972340403 0.075418232975185906 0.040278448253565739 -0.033328793589692852 -0.0066697301245732662 -0.042254687989138756 0.093731183462850753 0.056055134863611238 -0.11287247836408179 0.0076820769895964954 0.054890262700953027 0.014327076990387115 0.04200775478166166 -0.12263287161901705 -0.020179418229475221 0.042395553872826799 -0.19919321100421911 -0.067333876257773193 -0.11939302933779532 -0.084123721720064729 -0.16543686000355601 -0.025910098052438896 -0.036464229032790937 0.055388724108020877 0.044884601178116948 -0.060713681782117584 0.1281035348356436 0.0033876649887304268 -0.012765596447826788 0.064392221434081964 0.032363247016580117 -0.0098658214918768833 -0.063878758598689772 -0.070326637105926487 -0.1326960583936439 -0.010620257048811815 -0.11456898278722996 -0.10010172187139041 -0.068179203936496804 0.045235938125245782 -0.1716169185249965 -0.10605439432078217 0.0041861170376050237
leaf_weight=1166 1742 1579 5560 361 8826 5276 1747 1981 2015 160 5865 893 4260 296 3432 900 2319 2533 5028 1217 668 1039 2407 985 3077 2157 632 4261 1267 705 3163 1132 4670 3941 3150 966 1170 820 2489 715 1083 1707 3179 267 841 7164
leaf_count=1166 1742 1579 5560 361 8826 5276 1747 1981 2015 160 5865 893 4260 296 3432 900 2319 2533 5028 1217 668 1039 2407 985 3077 2157 632 4261 1267 705 3163 1132 4670 3941 3150 966 1170 820 2489 715 1083 1707 3179 267 841 7164
internal_value=-1.22759e-10 0.0126084 -0.0067588 -0.0449468 0.0300077 -0.0225479 -0.0435484 -0.0277819 -0.0117377 -0.0699603 0.0175118 0.0133408 -0.000606874 -0.0487553 -0.027465 0.00942079 -0.102538 0.0281137 0.00425695 -0.112238 -0.00693351 -0.045451 -0.119618 -0.0777711 -0.0184572 0.00800926 -0.0292766 0.0236677 -0.0180513 0.0441582 0.0376029 -0.00894051 0.0400713 0.0621277 0.0215324 -0.101158 -0.113799 -0.0684141 0.0114255 -0.0521751 -0.0452249 -0.104155 0.0207077 -0.0513511 -0.161132 0.0199437
internal_weight=110811 86536 40952 24275 45584 28189 16707 13258 10429 13846 32817 31238 21505 9221 6606 7594 2615 12763 20612 4625 9356 3020 4465 3902 8420 11482 3056 6428 2167 9733 9028 5279 10230 12767 8426 1327 2155 2835 6336 1847 4160 3449 5668 2424 2058 12192
internal_count=110811 86536 40952 24275 45584 28189 16707 13258 10429 13846 32817 31238 21505 9221 6606 7594 2615 12763 20612 4625 9356 3020 4465 3902 8420 11482 3056 6428 2167 9733 9028 5279 10230 12767 8426 1327 2155 2835 6336 1847 4160 3449 5668 2424 2058 12192
is_linear=0
shrinkage=0.0998


Tree=14
num_leaves=47
num_cat=0
split_feature=100 11 15 24 20 5 42 38 15 28 34 13 5 33 100 28 11 7 34 37 65 62 24 39 100 20 13 31 9 21 33 4 62 18 9 26 7 33 9 21 28 60 27 70 59 15
split_gain=5157.14 2967.69 2410.11 1743.45 1364.62 1225.48 1224.69 1205.74 1119.88 1100.93 1023.14 992.154 869.287 866.701 814.967 833.052 771.355 739.902 721.807 697.168 689.547 649.18 639.439 610.846 563.47 555.448 542.693 541.691 537.873 532.875 540.122 524.998 552.538 513.95 484.578 480.648 477.012 459.261 452.632 434.312 420.504 411.189 409.859 436.89 398.969 397.44
threshold=0.17810000000000001 0.029939802201082853 -0.037504484479936144 -0.0046980945101937994 -0.035660706675738389 0.032318947704015458 0.0041100211550800002 -0.062624555451886887 -0.044093960342047094 0.014102101358978001 0.034527457634683956 -0.038006863382511191 0.0056244235501796509 0.035339869393881208 0.9023500000000001 -0.0031166339909662493 -0.032498994794595941 0.072173438591567066 0.051907964861713458 -0.045513163723168042 -0.0024145352944368995 1.0000000180025095e-35 0.061931270752288207 0.010056828449570452 -0.93124999999999991 0.036093006112772406 -0.023104389554723794 0.017750499087975703 -0.076847203255084887 0.048580650556495859 0.022113339121187753 -0.057625860786704994 0.028938165112340104 -0.017604484139525794 -0.038567422464482443 0.023195027372866453 -0.0071777288439672992 -0.042960710522275049 -0.0048954986917168998 0.017356602069816051 0.021199700384649803 0.048480891723740607 -0.025178680056705646 0.0060471046862369008 1.0000000180025095e-35 0.033802499164147307
decision_type=2 2 2 2 2 2 2 2 2 2 2 2 2 2 2 2 2 2 2 2 2 2 2 2 2 2 2 2 2 2 2 2 2 2 2 2 2 2 2 2 2 2 2 2 2 2
left_child=1 2 4 10 12 11 20 -2 25 29 21 33 -1 17 15 16 39 35 27 36 31 -4 -22 -23 -11 28 -18 -13 -9 30 -6 -5 38 -3 -14 -8 -7 44 -33 45 -25 -15 43 -26 -17 -10
right_child=7 5 3 6 9 19 13 8 14 24 -12 18 34 41 -16 37 26 -19 -20 -21 22 23 -24 40 42 -27 -28 -29 -30 -31 -32 32 -34 -35 -36 -37 -38 -39 -40 -41 -42 -43 -44 -45 -46 -47
leaf_value=0.034186958568495684 0.073230798156445828 0.04319892772746927 0.044609488319644452 0.047437992351948205 -0.14815153325338795 0.00039441290137488491 -0.079265789357815808 0.096532387036422501 -0.11672009869579766 -0.11255035016448237 -0.042019404214966277 0.039474995108122253 0.0075266167075551255 0.020711682215372583 0.056714643756970648 0.036391535347454235 -0.021409410024529969 -0.16452035221804001 -0.030538443595357803 -0.01083107798144038 0.026389773788766276 0.02427962609418545 -0.076611816998217452 -0.064824325875840805 -0.14701178403561307 -0.085536444752371002 0.025457611256039809 0.092004039353177219 -0.020052329719900317 -0.038260423387260337 -0.074621254408555798 0.0070319589417375322 -0.12169396101105633 -0.062146574676808716 -0.11599955525714251 -0.01591697975266447 -0.18149058755015307 0.04044764682968871 -0.069779134727693315 0.0089692436366205028 0.025037896568862052 -0.13490009282435345 -0.0039729424317934579 -0.0072702663935501795 -0.04554941383436701 -0.023532292050276321
leaf_weight=1823 4587 686 5938 588 3470 207 5584 445 1001 998 3254 5690 497 1477 6753 1120 3428 845 1038 2358 4488 3730 693 1816 491 1155 8722 2979 3449 781 1395 1456 914 1408 870 1517 469 14451 1608 945 726 191 2270 408 1255 837
leaf_count=1823 4587 686 5938 588 3470 207 5584 445 1001 998 3254 5690 497 1477 6753 1120 3428 845 1038 2358 4488 3730 693 1816 491 1155 8722 2979 3449 781 1395 1456 914 1408 870 1517 469 14451 1608 945 726 191 2270 408 1255 837
internal_value=-1.42569e-10 -0.0188724 -0.0309683 -0.0172789 -0.0676315 0.0201246 -0.0372355 0.0245618 0.0194369 -0.0860651 0.0077069 0.0346688 -0.0109267 -0.0625089 0.0252308 0.0185363 0.00137899 -0.0762378 0.048109 -0.036446 -0.0123069 0.0209591 0.0126125 -0.00143183 -0.0471545 -0.024757 0.0122346 0.057526 -0.00672922 -0.114783 -0.127067 -0.0405828 -0.0535934 -0.0276351 -0.0710892 -0.0657325 -0.125795 0.0337634 -0.0332788 -0.0460142 -0.0391595 0.00289283 -0.0265597 -0.0835918 -0.00690779 -0.0742836
internal_weight=110811 62663 47828 34825 13003 14835 19361 48148 43561 9813 15464 11801 3190 9614 38512 31759 14933 7946 9707 3034 9747 12210 5181 6272 4167 5049 12150 8669 3894 5646 4865 4566 3978 2094 1367 7101 676 16826 3064 2783 2542 1668 3169 899 2375 1838
internal_count=110811 62663 47828 34825 13003 14835 19361 48148 43561 9813 15464 11801 3190 9614 38512 31759 14933 7946 9707 3034 9747 12210 5181 6272 4167 5049 12150 8669 3894 5646 4865 4566 3978 2094 1367 7101 676 16826 3064 2783 2542 1668 3169 899 2375 1838
is_linear=0
shrinkage=0.0998


Tree=15
num_leaves=47
num_cat=0
split_feature=100 38 21 5 13 33 1 9 62 15 11 24 31 32 3 20 4 12 7 68 30 21 14 11 33 15 62 38 28 100 4 1 63 12 18 37 34 2 1 60 85 88 26 68 80 20
split_gain=4506.15 2366.26 2278.06 1582.65 1385.25 1356.13 1328.74 1215.68 1139.7 1067.66 980.334 974.477 931.109 860.724 860.402 955.673 768.884 893.206 751.638 703.885 678.006 662.864 648.475 643.485 632.45 593.33 546.381 533.308 527.116 524.676 495.976 480.041 520.34 474.41 471.715 455.524 471.943 439.736 432.809 432.441 428.358 423.419 411.084 437.381 410.782 400.87
threshold=-0.78429999999999989 -0.036195861306706642 -0.023280096730588448 -0.0067850973737058487 0.030080380924687605 0.010474274162885001 -0.012671036047544099 -0.05975098773632119 0.044769411051733508 -0.022937270401440297 0.031567554202066909 0.05516564797992491 0.015906077076020955 1.0000000180025095e-35 -0.014607084514512749 0.024393189078829005 0.082526604212036905 0.055492973329842911 0.052929717533569058 -0.0029929250224841994 0.016509778400438855 -0.077313997612385679 -0.044126520817896191 -0.068029734234783937 -0.042960710522275049 -0.063354224844603985 0.067221735735340057 -0.029293476896049997 -0.026300337724589496 -0.94224999999999992 -0.15366850724505382 -0.0011303825497638498 0.028632470638342251 0.026869490432717105 -0.014406145115396547 -0.0080942066890389488 0.00065701176970360011 0.017824858277481804 -0.026579094057372146 0.053308837352122863 -0.0011442342773292497 0.078500417876484971 0.024020331233486354 -0.0097502275443784991 0.0011119441314626003 -0.035011034041886796
decision_type=2 2 2 2 2 2 2 2 2 2 2 2 2 2 2 2 2 2 2 2 2 2 2 2 2 2 2 2 2 2 2 2 2 2 2 2 2 2 2 2 2 2 2 2 2 2
left_child=3 12 5 6 8 9 16 33 10 -3 14 18 26 37 28 38 17 29 23 27 24 -14 -15 -11 -21 -17 39 -9 -4 -1 -6 -32 -33 -5 -30 -7 -37 -8 -16 45 -20 42 43 -31 -10 -2
right_child=1 2 4 7 30 35 13 19 44 11 -12 -13 21 22 15 25 -18 -19 40 20 -22 -23 -24 -25 -26 -27 -28 -29 34 41 31 32 -34 -35 -36 36 -38 -39 -40 -41 -42 -43 -44 -45 -46 -47
leaf_value=-0.042170629610009586 0.077428431675783213 -0.090859902568177026 -0.07377257699079795 0.063804159624604478 0.099892798961973422 0.038829734252967311 -0.1649408856124992 -0.025251840241084827 -0.017503101223041845 -0.087594611955534488 0.038692691514621097 -0.11985940960645453 -0.038326157770541019 0.077903314033103299 0.047270071167166222 -0.14265185160092406 0.058037281320555426 -0.10307981192539177 -0.026971487639832672 -0.11027680953191503 -0.095538097930813845 0.084692661315298373 -0.051929422970812072 0.0095461895697297409 0.0045590861403610955 -0.011887080304083747 -0.073888508567388864 -0.11854419523879103 0.019801679912196647 -0.032691465242676347 0.052546863309491626 0.026766379596235838 -0.073950369399567575 -0.059428538034643229 -0.035732197035403861 0.018586802272471243 -0.045672483745863288 -0.067898703464996296 0.0086720313038044488 -0.03312611535916473 -0.13923961772713397 -0.18768761869110959 0.095804868439363866 0.039156392186057952 -0.083108629086108957 0.027356400119797813
leaf_weight=1787 2009 3693 1799 913 1459 2903 857 715 2171 768 9274 1003 473 519 6327 370 2162 896 675 607 2016 5616 1464 5874 2242 5241 514 4168 2621 1332 6356 2194 666 472 3638 2413 2155 1017 5332 941 679 94 711 2303 1691 7681
leaf_count=1787 2009 3693 1799 913 1459 2903 857 715 2171 768 9274 1003 473 519 6327 370 2162 896 675 607 2016 5616 1464 5874 2242 5241 514 4168 2621 1332 6356 2194 666 472 3638 2413 2155 1017 5332 941 679 94 711 2303 1691 7681
internal_value=-1.18506e-10 0.0106592 0.00242947 -0.037998 0.0140201 -0.0258178 -0.0145438 -0.0656845 0.00519253 -0.0456754 0.0109318 -0.0271327 0.0437527 -0.0637802 0.000766947 0.0133315 0.00590899 -0.00991319 -0.0155012 -0.0781154 -0.051248 0.0751364 -0.017949 -0.00168599 -0.0199075 -0.02051 0.0266064 -0.104884 -0.0261616 0.00349251 0.0458273 0.0372681 0.00331276 0.0218072 -0.012477 0.00791708 -0.0117282 -0.112277 0.0296181 0.0314652 -0.0832714 0.0218709 0.0264035 0.0128286 -0.0462289 0.0377377
internal_weight=110811 86536 69302 24275 49139 20163 13142 11133 38464 12692 34602 8999 17234 3857 25328 17270 9285 7123 7996 9748 4865 6089 1983 6642 2849 5611 11145 4883 8058 6227 10675 9216 2860 1385 6259 7471 4568 1874 11659 10631 1354 4440 4346 3635 3862 9690
internal_count=110811 86536 69302 24275 49139 20163 13142 11133 38464 12692 34602 8999 17234 3857 25328 17270 9285 7123 7996 9748 4865 6089 1983 6642 2849 5611 11145 4883 8058 6227 10675 9216 2860 1385 6259 7471 4568 1874 11659 10631 1354 4440 4346 3635 3862 9690
is_linear=0
shrinkage=0.0998


Tree=16
num_leaves=47
num_cat=0
split_feature=11 38 15 20 7 7 22 1 62 15 62 9 42 33 23 26 33 15 28 3 33 20 17 2 11 11 15 22 60 33 71 100 2 60 28 62 40 95 63 14 2 13 68 13 24 1
split_gain=3905.87 3071.71 2631.49 1941.43 1491.42 1297.56 1297.05 1263.81 1044.74 983.793 918.069 884.215 873.548 815.704 773.758 617.564 587.765 578.802 571.373 570.055 566.168 557.677 557.279 784.275 648.069 521.077 510.815 500.598 493.585 490.546 489.859 494.898 468.048 437.42 429.702 426.872 423.634 420.407 411.801 397.68 492.081 395.696 395.582 394.396 388.612 385.159
threshold=-0.045819074632108395 -0.016887007303277496 0.0087459754560187519 0.0013121196898274502 -0.013196052642705647 0.089060067168469773 0.019746512133721205 0.060896187002409612 0.024532029258435856 0.088755355054549304 0.0077264098060446009 -0.014342543383057899 0.013792871880041952 -0.0026278105958779494 0.0089848104624345518 -0.0086908493390172991 -0.042212042601912338 -0.044093960342047094 0.0042937170105158502 -0.023283090252937746 0.03603499465970026 -0.017917649583897449 0.11653067998479781 -0.0094118572235599475 -0.096374697003733731 -0.079601572395499434 -0.044093960342047094 0.026280287788137405 0.036933032531786959 -0.071836075458651991 -0.024896625040354194 -0.20219999999999996 -0.029537336235281795 -0.0024137823040828997 -0.043285164286910489 0.019603588718530154 -0.013470269198571147 0.035994433387931603 -0.0022627607611874997 -0.05910174280876794 -0.051604985828024245 -0.032021485546586695 -0.022855828549000746 -0.0072565660235510985 -0.020891189558520849 0.12596055925824673
decision_type=2 2 2 2 2 2 2 2 2 2 2 2 2 2 2 2 2 2 2 2 2 2 2 2 2 2 2 2 2 2 2 2 2 2 2 2 2 2 2 2 2 2 2 2 2 2
left_child=6 8 3 5 26 7 12 14 11 25 16 21 22 30 18 -10 -4 -15 32 -12 44 -2 23 34 -25 -8 -5 -16 36 -23 -6 38 -3 -26 -1 -28 -13 43 -32 -7 -41 -19 -17 -18 -14 -42
right_child=1 2 10 4 13 39 9 -9 15 -11 19 28 20 17 27 42 37 41 -20 -21 -22 29 -24 24 33 -27 35 -29 -30 -31 31 -33 -34 -35 -36 -37 -38 -39 -40 40 45 -43 -44 -45 -46 -47
leaf_value=-0.056939909819603361 0.097905887352829221 0.027024667308441278 -0.014653460884406257 -0.055922629206105592 -0.037956533894564201 0.045454509424259132 -0.12040735681915472 -0.05637743224513183 -0.039186992712338858 0.026064710294815802 -0.038381281989740799 0.0089368381698847459 -0.02577081289851654 -0.095317279754529499 0.062557046482047296 -0.024503893847425035 0.029995263048867616 -0.085768513277665853 0.028136896716790066 0.013806779919023134 0.0020196885255828151 -0.053169994749934238 0.085443502785653366 -0.12150600359028189 0.023055242971910257 -0.061672492089356316 0.021365953076848035 -0.001402241341350315 -0.020869005330493292 0.056413050674144309 -0.091284452680613637 -0.070444957955654058 -0.04615052884838293 -0.050992817819432532 0.040601013603694391 -0.043845123617878602 0.051207838700888707 -0.005107398603397993 -0.17113299111716998 -0.011212159629648159 -0.17050977347431795 -0.00067439542782194578 0.039633318032772917 0.067966792141759311 -0.094777557621409381 0.085750607712968954
leaf_weight=531 3599 1220 1890 1793 1233 185 2804 2497 2426 845 3022 3805 1178 1287 4797 1309 4774 674 3773 6721 1342 432 678 768 1380 3246 4112 1634 1855 6994 1123 1927 3040 1873 2943 1321 6224 1471 1506 347 803 2828 3570 6346 2622 63
leaf_count=531 3599 1220 1890 1793 1233 185 2804 2497 2426 845 3022 3805 1178 1287 4797 1309 4774 674 3773 6721 1342 432 678 768 1380 3246 4112 1634 1855 6994 1123 1927 3040 1873 2943 1321 6224 1471 1506 347 803 2828 3570 6346 2622 63
internal_value=-1.52768e-10 0.00884942 -0.00414888 -0.0211999 -0.0446814 0.0015717 -0.0396718 0.00918893 0.0348284 -0.0748059 0.0213059 0.0453078 -0.021478 -0.068555 0.020508 0.00196409 0.0372424 -0.0380849 -0.000145276 -0.00238046 -0.0537056 0.0656641 -0.00120219 -0.00904019 -0.0390475 -0.0888944 -0.00973317 0.0463062 0.0264229 0.0500382 -0.0937617 -0.108864 -0.0251943 -0.0195799 0.0256919 0.00551029 0.0351702 0.0450323 -0.137025 -0.0908431 -0.11163 -0.0170517 0.0224258 0.051665 -0.0733855 -0.151867
internal_weight=110811 90601 60387 36163 17804 18359 20210 16961 30214 6895 24224 22909 13315 10578 14464 7305 14481 4789 8033 9743 5142 11025 8173 7495 4021 6050 7226 6431 11884 7426 5789 4556 4260 3253 3474 5433 10029 12591 2629 1398 1213 3502 4879 11120 3800 866
internal_count=110811 90601 60387 36163 17804 18359 20210 16961 30214 6895 24224 22909 13315 10578 14464 7305 14481 4789 8033 9743 5142 11025 8173 7495 4021 6050 7226 6431 11884 7426 5789 4556 4260 3253 3474 5433 10029 12591 2629 1398 1213 3502 4879 11120 3800 866
is_linear=0
shrinkage=0.0998


Tree=17
num_leaves=47
num_cat=0
split_feature=15 9 24 100 60 62 20 33 28 28 7 23 20 68 31 40 65 34 91 34 74 5 22 11 100 23 34 42 26 2 60 46 51 20 3 48 66 1 7 69 61 70 7 9 18 15
split_gain=3463.18 2637.93 2495.01 1741.53 1416.98 1373.2 1212.81 1142.39 1088.69 1055.64 883.353 698.238 674.788 636.958 626.597 604.227 549.232 544.465 543.046 539.889 536.769 527.137 509.266 507.51 482.285 487.79 472.682 457.764 443.906 427.135 485.663 426.02 422.527 404.473 406.695 404.338 401.103 399.516 379.329 375.894 372.149 367.062 363.647 363.309 390.821 357.456
threshold=-0.05551447834488369 -0.055768255183177538 -0.011851749162440698 0.42215000000000008 0.015143661432654601 0.024532029258435856 -0.035660706675738389 -0.0014906326246040497 0.024012828108040705 0.0038764510346527004 0.033618389727050606 0.035933007564886661 0.042243451051296461 -0.0048504143551821996 0.043182013894869059 0.024079723435411305 0.016313216206701404 0.044856153976217554 0.052927809122010457 0.037143018195147211 0.025254314853841452 0.009582197258102252 0.012042788848989452 -0.069640024415746085 -0.88839999999999986 0.0078121874090815004 0.033358653062677109 0.042674414010976304 -0.0027767015059929497 -0.0094118572235599475 0.041752989811530458 0.063575116199134904 0.010596714527652852 0.013608792607664353 -0.081080349147271691 -0.0058096670188973491 0.0033499470729571506 -0.024627921359129699 0.08113326105371936 -0.033144954771619092 0.0080678097138263006 0.0067482922135721013 0.11956118293705177 -0.048046979069551694 -0.083611720656850533 0.039351971848029556
decision_type=2 2 2 2 2 2 2 2 2 2 2 2 2 2 2 2 2 2 2 2 2 2 2 2 2 2 2 2 2 2 2 2 2 2 2 2 2 2 2 2 2 2 2 2 2 2
left_child=6 14 5 4 7 12 21 9 17 11 20 16 22 -12 33 18 -4 24 27 45 32 37 29 -24 -8 31 39 35 38 -3 -31 -26 -6 -2 -35 -5 -10 -1 -11 -9 -27 -22 -29 44 -23 -7
right_child=1 2 3 15 10 19 8 26 36 28 13 -13 -14 -15 -16 -17 -18 -19 -20 -21 41 43 23 -25 25 40 -28 42 -30 30 -32 -33 -34 34 -36 -37 -38 -39 -40 -41 -42 -43 -44 -45 -46 -47
leaf_value=0.061602040204230699 0.047983733366135241 0.074226683038157909 -0.095362979308770704 0.03003921211928379 -0.003086317180437581 -0.015842708501675806 -0.13605608699642718 -0.029655368968925334 -0.051639939971498787 -0.02132872786896043 -0.16096421383170462 0.018299458804018131 -0.0016020140076560543 -0.06616509280264686 0.081368295846326127 0.042260885130449621 -0.026668458937994931 -0.15507161435814007 -0.087855929751234685 -0.071873411748761315 -0.13196543366259944 -0.19770054578939453 -0.06180385585529332 0.029571252148633386 -0.1024097248733669 0.016001828231412881 -0.036932535436976298 -0.038642344113758366 0.02264270837307987 0.04635598576206007 -0.04315342215159592 0.030798419239463047 -0.060617413198513465 0.095324554039622922 0.0041903910592937703 -0.0066052464088420587 0.012935281019126907 -0.024076535032646382 -0.15057590581683308 0.027571077928612148 -0.075864670823885996 -0.030233846228121322 -0.26360132809812692 -0.083118609612061745 0.070229957997223855 0.045087810979993294
leaf_weight=1525 7711 5798 4026 5623 3237 4365 1073 1350 2056 1941 1225 917 4217 1666 3351 4443 1628 1029 667 1394 929 64 679 5586 2367 1070 1830 1228 3003 5448 679 266 2094 539 5126 6427 1794 841 256 7464 745 570 76 904 355 1229
leaf_count=1525 7711 5798 4026 5623 3237 4365 1073 1350 2056 1941 1225 917 4217 1666 3351 4443 1628 1029 667 1394 929 64 679 5586 2367 1070 1830 1228 3003 5448 679 266 2094 539 5126 6427 1794 841 256 7464 745 570 76 904 355 1229
internal_value=-2.57595e-11 0.0067337 -0.000802932 -0.0142367 -0.0282709 0.0223217 -0.0462273 -0.0144701 -0.0636665 -0.0358948 -0.0600931 -0.0624817 0.0343677 -0.106334 0.0427768 0.0101894 -0.0755832 -0.0884222 2.65435e-05 -0.016304 -0.0405201 0.00293693 0.0427066 0.019668 -0.0760002 -0.0615127 0.00922296 0.00441606 -0.00229816 0.0548103 0.0364365 -0.0889523 -0.0256844 0.0331087 0.0128614 0.0104945 -0.0215496 0.0311474 -0.0363889 0.018806 -0.0217065 -0.0932816 -0.0517535 -0.0475135 0.029305 -0.00245629
internal_weight=110811 96722 79995 50600 32136 29395 14089 22415 10400 11771 9721 6571 22407 2891 16727 18464 5654 6550 14021 6988 6830 3689 18190 6265 5521 4448 10644 13354 5200 11925 6127 2633 5331 13376 5665 12050 3850 2366 2197 8814 1815 1499 1304 1323 419 5594
internal_count=110811 96722 79995 50600 32136 29395 14089 22415 10400 11771 9721 6571 22407 2891 16727 18464 5654 6550 14021 6988 6830 3689 18190 6265 5521 4448 10644 13354 5200 11925 6127 2633 5331 13376 5665 12050 3850 2366 2197 8814 1815 1499 1304 1323 419 5594
is_linear=0
shrinkage=0.0998


Tree=18
num_leaves=47
num_cat=0
split_feature=100 21 15 11 13 7 12 42 13 1 60 62 91 33 13 8 62 9 1 26 2 48 20 38 24 59 68 19 60 60 28 33 4 43 23 75 94 15 33 28 68 62 62 39 11 2
split_gain=3112 2175.37 1812.72 1632.21 1342.6 1303.71 1029.2 1022.02 937.733 929.514 842.333 787.561 773.005 722.242 701.406 683.802 642.015 617.037 669.112 593.425 574.213 550.025 549.442 546.404 512.502 504.687 499.887 526.273 494.465 469.188 468.217 435.977 411.542 410.49 423.206 409.647 435.065 403.231 388.352 376.252 360.839 359.978 343.462 342.666 340.515 334.212
threshold=-0.86364999999999992 0.0022027289066186002 0.03787868221436471 -0.037683646759146046 0.046689446714606758 0.066330729236624017 -0.0065428933818275992 0.018789467840222153 0.035676479407146404 0.014690404804428502 0.032207310257406307 0.031144879896291406 0.051275884073234711 0.019132831059834151 0.030692114200072552 -0.070020059576774235 0.048556166353620055 -0.010132685783385598 -0.071940863315820183 -0.023101447964243547 0.014751504694595052 -0.0067364328494164986 -0.017452297322581949 -0.0010381782999399497 0.082957297380862258 0.007831714332778952 -0.016450028442428346 -0.012195713600485249 -0.018105524095212645 -0.013683795345765248 0.011896528602841402 0.050619977664234504 0.025914722288678905 -0.0022361881115491996 0.045862985963765306 0.071791229269359255 -0.029018280647701646 -0.042579438457429744 -0.06138229298712574 -0.032120161791572892 0.0088636745045878509 -0.0058740501847188995 0.023615977851386853 0.029803282190459753 0.038712187538076655 0.0016242956919783503
decision_type=2 2 2 2 2 2 2 2 2 2 2 2 2 2 2 2 2 2 2 2 2 2 2 2 2 2 2 2 2 2 2 2 2 2 2 2 2 2 2 2 2 2 2 2 2 2
left_child=4 2 3 20 10 6 9 14 12 21 11 15 23 28 16 -1 22 42 -19 33 30 -5 -3 -8 38 41 27 -9 -7 -29 40 -22 -12 37 -35 36 -21 -17 -4 -24 -2 -11 -6 -18 -41 -30
right_child=1 7 24 5 17 13 8 26 -10 25 32 -13 -14 -15 -16 19 43 18 -20 35 31 -23 39 -25 -26 -27 -28 29 45 -31 -32 -33 -34 34 -36 -37 -38 -39 -40 44 -42 -43 -44 -45 -46 -47
leaf_value=-0.119772720392684 -0.096042054566988888 0.05282201227364728 -0.031546179742992765 0.061244226515150699 0.10116357076087999 -0.030375244963132368 -0.0037309817442690496 0.0077975966076081352 0.035277806969392658 0.054864684057243623 -0.14385966987376148 -0.10012474581641766 -0.13038660005290789 0.0079936052247098748 0.059638269664760012 -0.093399043597628087 -0.0042313101765818302 0.031508465403412303 -0.069721761985625047 -0.071868157750535733 -0.11428943090421813 0.013781259168254666 -0.01557097354657171 -0.046497630914613806 -0.063239866343294024 -0.07749858519375645 0.012100218491184677 -0.009058442490337576 -0.081357261246697135 -0.11160864125994846 0.0093628306980645098 -0.018708494628025766 -0.052245562547644474 -0.1256373123352397 0.038082322940986568 0.14364226583524967 0.0047703031796084228 0.018135105406495943 0.03599119994130575 0.018308682285825991 -0.017213286294341105 -0.03752914356317201 -0.038736767232804392 -0.097139253935368527 0.063456282758489607 -0.16713922094927761
leaf_weight=783 1393 6951 919 4388 916 928 6462 1688 2706 801 1400 1997 713 1037 7625 513 1484 1458 1174 889 2363 5455 2624 5515 607 1239 8754 755 1009 1080 1403 595 750 1082 184 183 4337 871 10977 9331 989 883 216 539 2025 820
leaf_count=783 1393 6951 919 4388 916 928 6462 1688 2706 801 1400 1997 713 1037 7625 513 1484 1458 1174 889 2363 5455 2624 5515 607 1239 8754 755 1009 1080 1403 595 750 1082 184 183 4337 871 10977 9331 989 883 216 539 2025 820
internal_value=-6.25964e-11 0.00705841 -0.00682709 -0.0175007 -0.0396287 -0.00808569 -0.000686879 0.023648 -0.0180598 0.0202651 -0.0548375 -0.0435185 -0.0294334 -0.0630054 0.0334134 -0.0307338 0.0247019 0.0128546 -0.0136451 -0.0220829 -0.0621195 0.0349402 0.0298908 -0.0234236 0.0262095 -0.0291524 -0.000675149 -0.0324196 -0.0897105 -0.069415 -0.0363737 -0.0950634 -0.111901 -0.0607738 -0.101842 -0.00312728 -0.00826674 -0.0232067 0.0307737 0.0184892 -0.0633126 0.00641828 0.0744688 -0.0289853 0.0263594 -0.119816
internal_weight=110811 94058 51202 38699 16753 31956 28162 42856 15396 12766 12989 10839 12690 3794 30579 8842 22954 3764 2632 8059 6743 9843 20931 11977 12503 2923 12277 3523 2757 1835 3785 2958 2150 2650 1266 5409 5226 1384 11896 13980 2382 1684 1132 2023 11356 1829
internal_count=110811 94058 51202 38699 16753 31956 28162 42856 15396 12766 12989 10839 12690 3794 30579 8842 22954 3764 2632 8059 6743 9843 20931 11977 12503 2923 12277 3523 2757 1835 3785 2958 2150 2650 1266 5409 5226 1384 11896 13980 2382 1684 1132 2023 11356 1829
is_linear=0
shrinkage=0.0998


Tree=19
num_leaves=47
num_cat=0
split_feature=38 11 100 21 1 62 63 94 14 9 2 3 30 42 68 29 91 62 90 28 15 28 20 15 21 7 22 60 22 64 31 62 34 5 13 60 68 21 33 32 13 63 74 14 3 53
split_gain=2871.83 2582.66 1896.02 1190.73 1171.41 1074.25 1073.02 851.761 829.635 824.39 817.311 839.772 730.661 754.054 693.265 658.492 621.188 618.814 569.56 566.517 554.366 550.024 526.723 498.163 493.888 489.861 485.799 476.325 489.18 469.151 449.25 447.119 442.657 441.09 418.376 411.455 405.791 410.253 396.629 394.373 393.18 392.289 387.446 384.991 377.895 374.507
threshold=-0.029293476896049997 0.024416497966174552 -0.42139999999999994 -0.040953029330111239 0.014690404804428502 0.024532029258435856 0.007662287567705651 -0.010186298446500548 -0.04339450768652315 -0.010693988605914547 -0.040730922036960646 -0.0017903630970337499 0.050482318287480454 0.012346456548274702 -0.0024128469743016495 0.019819490073957401 0.034965100486857963 0.049619628357915758 0.037946995672344608 0.0023373559090248503 0.025260250773585752 -0.011833342826950298 -0.013700849782724749 -0.056602689056735343 0.018814861228179856 0.05408932826314871 -0.012770528236547899 -0.011721622505480749 0.052856359845274307 -0.00027364827390394996 0.020917117749678655 -0.0075938002558690485 -0.018477157381057846 0.20223247126940849 0.051403744303920307 -0.017372835255518946 0.004452085311787651 0.028774966113524054 -0.0018550759727693497 0.0035013156463923503 -0.058478633040231591 0.0079957807467897508 0.024314826783759003 -0.069522040869980831 -0.10152016796101658 -0.038238890310106591
decision_type=2 2 2 2 2 2 2 2 2 2 2 2 2 2 2 2 2 2 2 2 2 2 2 2 2 2 2 2 2 2 2 2 2 2 2 2 2 2 2 2 2 2 2 2 2 2
left_child=9 2 3 8 10 12 15 20 44 22 -4 19 13 34 17 -6 26 40 -13 24 25 39 -1 -24 31 41 -11 28 -23 -15 -25 -12 38 36 35 -5 -8 -38 -10 -7 -9 -3 -29 -14 -2 -31
right_child=1 7 4 5 6 21 33 14 32 16 11 18 43 29 -16 -17 -18 -19 -20 -21 -22 27 23 30 -26 -27 -28 42 -30 45 -32 -33 -34 -35 -36 -37 37 -39 -40 -41 -42 -43 -44 -45 -46 -47
leaf_value=0.07422172926840942 0.17870102885855457 0.012784892768668243 0.039728337219106305 0.037247415854343428 0.020157332901878818 -0.15498316851042573 -0.12175100447412161 -0.052978925837122347 -0.12582760179060756 0.047583636384263016 -0.024722300059563593 0.023828328283650467 0.067816727151186862 -0.066030571460207924 0.048642869613028494 -0.059982294317088278 -0.043167402701347522 -0.081556517272598619 -0.058301827423764975 -7.0757598682981906e-05 0.032317266583904436 0.022086428610297838 -0.03379083546792247 0.024290274588741553 0.0020521062464272126 -0.076783625613810247 0.0038049582078625048 -0.050176160835257423 -0.15566014974518011 -0.084105503498547105 0.077908197975761706 -0.10190670015375929 -0.13064623917189477 0.071275677012193034 0.059453246338271398 -0.015922739779602593 -0.082605224993134621 0.02879981810375884 -0.004764913671852852 -0.063665668809213483 0.025363656186265522 -0.039585344791007018 -0.14748415310652357 -0.084926949247342648 -0.019970004477476329 0.006566655652059732
leaf_weight=4626 118 3478 5704 2009 3168 1030 1670 713 460 4061 1213 9065 179 2957 9391 1507 1788 698 927 4187 2688 1198 1003 4909 1239 1280 6673 1497 177 556 2279 1948 2490 185 1348 5206 1198 454 651 868 6070 2413 560 2009 497 2466
leaf_count=4626 118 3478 5704 2009 3168 1030 1670 713 460 4061 1213 9065 179 2957 9391 1507 1788 698 927 4187 2688 1198 1003 4909 1239 1280 6673 1497 177 556 2279 1948 2490 185 1348 5206 1198 454 651 868 6070 2413 560 2009 497 2466
internal_value=-4.40762e-11 -0.00874784 -0.0204506 -0.0403807 -0.00431993 -0.0310931 -0.0369786 0.0169689 -0.0889777 0.0295077 0.0066842 -0.00346079 -0.0186624 -0.0105723 0.0305869 -0.00567591 0.0112957 0.007921 0.0162088 -0.0263487 -0.00633612 -0.070111 0.0473006 0.0320964 -0.0513545 -0.0208251 0.0203678 -0.0462696 -0.000794404 -0.0377691 0.0412902 -0.072288 -0.107273 -0.0787066 0.00841752 -0.00111763 -0.087059 -0.0519891 -0.0548899 -0.113222 0.0171286 -0.00866637 -0.0766674 -0.072431 0.018149 -0.0101156
internal_weight=110811 85472 58741 26276 32465 22060 8182 26731 4216 25339 24283 18579 16730 14542 16872 4675 12522 7481 9992 8587 9859 5330 12817 8191 4400 7171 10734 3432 1375 5979 7188 3161 3601 3507 8563 7215 3322 1652 1111 1898 6783 5891 2057 2188 615 3022
internal_count=110811 85472 58741 26276 32465 22060 8182 26731 4216 25339 24283 18579 16730 14542 16872 4675 12522 7481 9992 8587 9859 5330 12817 8191 4400 7171 10734 3432 1375 5979 7188 3161 3601 3507 8563 7215 3322 1652 1111 1898 6783 5891 2057 2188 615 3022
is_linear=0
shrinkage=0.0998


Tree=20
num_leaves=47
num_cat=0
split_feature=34 38 33 15 21 100 11 48 4 9 42 13 7 38 28 11 70 60 68 62 7 74 11 32 40 12 2 24 39 68 88 55 27 9 22 100 62 13 11 97 69 1 2 71 21 24
split_gain=2486.45 2051.91 1875.65 1520.52 1378.2 1178.75 1154.14 915.199 839.992 843.935 760.674 759.812 745.813 664.209 624.639 610.132 587.292 567.636 534.842 462.308 455.26 471.414 452.95 435.114 434.607 433.062 402.443 395.749 381.715 372.882 367.848 363.677 363.458 351.471 346.528 336.125 318.402 317.902 318.579 322.166 315.856 313.331 313.252 382.436 321.915 311.634
threshold=0.032074967866004306 -0.043069114035077342 -0.050403264128118096 0.035052049108563757 0.0018239348244711003 -0.93364999999999987 -0.068029734234783937 -0.0061047948642194991 -0.13769199117331887 -0.070619879363845742 0.016611217504792306 -0.0040368676113130492 0.015307926922273151 -0.0041828293153920492 0.024530531217677402 -0.081646643084545792 -0.032254232062994596 0.060676219462956808 -0.0060983860942086495 0.017574676032385803 0.14177564617113228 0.020417858883638052 -0.045819074632108395 -0.051868003185496288 -0.019953303861026495 0.0091753354749097016 -0.083611852015541346 0.099487548053832406 0.0049800366818596011 -0.0021025085455483494 -0.0011352005265795999 -0.0040464129639204488 0.11967119505240106 0.014453910998934101 0.0097159379672751029 -0.050699999999999988 0.00066765653013755005 0.07095054613047766 -0.006963023889682199 0.023861418666839055 0.021048580443536653 -0.0099880315589697486 -0.052627909693709694 -0.017783903553685046 -0.035447503911086288 0.057311372070685353
decision_type=2 2 2 2 2 2 2 2 2 2 2 2 2 2 2 2 2 2 2 2 2 2 2 2 2 2 2 2 2 2 2 2 2 2 2 2 2 2 2 2 2 2 2 2 2 2
left_child=1 19 12 4 6 26 32 11 -7 -10 17 25 42 15 18 -11 40 28 -9 -1 21 -15 29 -13 45 -8 -2 31 30 -12 -6 -5 -4 -24 41 37 -30 38 -18 -40 -14 -21 -3 -44 -45 -17
right_child=5 2 3 27 10 8 7 14 9 13 22 23 16 20 -16 24 35 -19 -20 34 -22 -23 33 -25 -26 -27 -28 -29 36 -31 -32 -33 -34 -35 -36 -37 -38 -39 39 -41 -42 -43 43 44 -46 -47
leaf_value=0.056382133408313023 0.016589970846964189 0.030820957480900007 -0.10049685373251636 0.020936512006951284 0.064860833664848669 0.052590964203855228 0.0060125956113284886 -0.063925999555280971 0.026321083558702232 -0.10149281448201029 -0.11003265298050925 -0.052750772570262373 -0.17063291374485262 -0.037591288831053449 0.011632662985237947 -0.019499115995180474 -0.15738256689407384 -0.057985919492545071 -0.020250302743938957 0.067883756241908955 -0.17722890565170787 -0.093440889942052879 0.018527232858600015 0.042540686197137752 0.014837992879737897 -0.055474179400692845 -0.11565300049033084 -0.069029387854825888 0.035661738151620694 -0.011533452204795056 0.025351906038078919 0.052927848006759412 0.039011108574075894 -0.030348418433642263 -0.020362027883214194 -0.017127293228372795 -0.0069820803191163738 0.051146842842971114 -0.012481653867543225 -0.20104957530582815 -0.0172468944228584 -0.018212508192015611 0.013761495375735741 -0.10888422771024084 -0.031920633319251407 -0.10618368959711022
leaf_weight=9109 260 1035 1916 6657 4637 1368 2867 4558 2407 729 725 521 789 5775 3358 1824 593 734 7210 1395 301 2036 4377 5685 4020 1895 1935 353 3440 811 4753 7557 206 2203 1606 1301 3537 143 433 114 161 603 1352 710 2278 534
leaf_count=9109 260 1035 1916 6657 4637 1368 2867 4558 2407 729 725 521 789 5775 3358 1824 593 734 7210 1395 301 2036 4377 5685 4020 1895 1935 353 3440 811 4753 7557 206 2203 1606 1301 3537 143 433 114 161 603 1352 710 2278 534
internal_value=-1.0568e-10 0.00726903 0.00112946 0.00677074 -0.00102132 -0.0307454 -0.0161737 -0.0104178 -0.0227435 -0.0285904 0.0159331 0.0115313 -0.0419289 -0.0372751 -0.0263333 -0.0150004 -0.0775401 0.0278742 -0.0371668 0.0444112 -0.0567901 -0.0521489 -0.0092276 0.0345409 -0.00511442 -0.0184556 -0.0999887 0.0353527 0.0317247 -0.0580256 0.0448623 0.037945 -0.0869537 0.00216355 0.0141549 -0.0528718 0.0140434 -0.0891177 -0.106712 -0.051781 -0.144638 0.0418997 -0.0185149 -0.0302805 -0.0502085 -0.03913
internal_weight=110811 89622 76909 68000 53433 21189 28216 26094 18994 17626 25217 10968 8909 15219 15126 7107 3534 17101 11768 12713 8112 7811 8116 6206 6378 4762 2195 14567 16367 1536 9390 14214 2122 6580 3604 2584 6977 1283 1140 547 950 1998 5375 4340 2988 2358
internal_count=110811 89622 76909 68000 53433 21189 28216 26094 18994 17626 25217 10968 8909 15219 15126 7107 3534 17101 11768 12713 8112 7811 8116 6206 6378 4762 2195 14567 16367 1536 9390 14214 2122 6580 3604 2584 6977 1283 1140 547 950 1998 5375 4340 2988 2358
is_linear=0
shrinkage=0.0998


Tree=21
num_leaves=47
num_cat=0
split_feature=11 15 38 20 68 24 13 9 4 18 68 28 62 55 4 34 60 28 7 1 70 21 11 34 55 21 70 33 40 68 35 42 60 1 42 9 46 62 9 54 91 90 13 95 100 9
split_gain=2332.68 2001.15 1541.68 1133.5 1030.2 918.905 787.431 786.47 904.103 757.63 748.47 702.222 634.831 636.798 634.428 625.272 588.985 515.216 496.131 478.423 472.182 448.482 442.338 442.203 496.77 433.754 418.994 411.042 408.225 401.792 399.169 393.217 387.241 381.537 376.28 370.064 376.121 350.09 347.509 346.401 332.041 330.302 314.437 313.654 301.417 300.946
threshold=0.032134417775220005 0.0087459754560187519 -0.0020934885361712494 0.013175628788399651 0.00060128321507425017 0.058382160598445261 -0.027634569102666148 -0.067280322973575876 -0.095058355358115035 -0.014022107169261798 -0.024773274221204695 -0.0055115477126928989 0.031144879896291406 -0.0015442496696312497 -0.0039251600010326996 0.030958418709510653 0.010543461609515251 0.01322285481738465 0.00049154994822640005 0.0074724399692202509 0.061706595671014858 0.029381598720560703 -0.027891336391990297 0.051907964861713458 0.014301155637081753 -0.011726561487439799 -0.025957387581436248 0.043887263718995706 0.020365649101632102 -0.066990995196120381 0.0044786923865203507 0.029053377011142103 0.014346936594497952 0.0058767452720590507 0.019168499972068553 -0.013826940947988298 -0.020203255701583146 0.019603588718530154 0.053553515088694055 0.022862789681988554 -0.012427530875827748 0.045959541916907508 -0.070101486074352529 0.032554167290772706 0.8226500000000001 0.028977479724225205
decision_type=2 2 2 2 2 2 2 2 2 2 2 2 2 2 2 2 2 2 2 2 2 2 2 2 2 2 2 2 2 2 2 2 2 2 2 2 2 2 2 2 2 2 2 2 2 2
left_child=1 2 4 7 16 12 9 -4 43 -2 20 27 13 22 18 17 19 -12 -8 -1 25 -14 41 24 32 -10 30 -5 -21 -16 -20 37 -6 -7 45 36 -18 -11 -31 -35 -37 -3 -36 -9 -33 -15
right_child=6 5 3 11 23 33 14 8 10 31 15 -13 21 34 29 -17 35 -19 26 28 -22 -23 -24 -25 -26 -27 -28 -29 -30 38 -32 44 -34 39 42 40 -38 -39 -40 -41 -42 -43 -44 -45 -46 -47
leaf_value=0.0061434121616048571 0.037769420368166398 -0.0089147012668794757 0.039326475236759063 -0.10657351470357856 0.02496297241703194 -0.011741439687189699 0.035079412739095733 0.06743222553644293 -0.15746117637872162 0.0083801579291912422 -0.033781836483895752 -0.039018741255483311 -0.029724286965839782 0.0598588908556245 -0.049600544020124364 -0.080334268110228771 -0.0929129375153121 0.018716167828430177 -0.092744217546019164 -0.086676170538397865 0.066802386149006784 0.041038326404629073 0.020783691870724524 -0.044727894912073518 0.058491088974060759 -0.068062994430909657 0.010429811082922905 -0.017524778864951098 0.022634253092026456 0.061714449684231752 0.030611058704525254 -0.10915270101641808 -0.02475191920481077 -0.11053591094653085 -0.079567273955237633 -0.027744136923830421 0.0064125778574054401 -0.055210653006419155 0.0064633142116673455 0.0051251854874788871 -0.11184192278494647 -0.09512055214723944 0.020026770198526129 -0.081557879016664087 0.0081142474261347696 0.018925800481132779
leaf_weight=5541 2928 4338 1775 3991 5242 1888 6406 1118 835 2790 5301 4333 4430 6516 381 1799 539 2870 895 1175 183 1117 7730 1028 2958 1533 3451 593 479 9012 369 824 2222 1013 351 696 1285 1248 1297 346 1425 493 3143 161 297 2466
leaf_count=5541 2928 4338 1775 3991 5242 1888 6406 1118 835 2790 5301 4333 4430 6516 381 1799 539 2870 895 1175 183 1117 7730 1028 2958 1533 3451 593 479 9012 369 824 2222 1013 351 696 1285 1248 1297 346 1425 493 3143 161 297 2466
internal_value=-5.33586e-11 -0.00880195 -0.0221062 -0.0394501 -0.00330204 0.00971337 0.0238207 -0.0232049 -0.0312479 -0.00277795 -0.0394121 -0.067825 0.0150726 0.0218404 0.0336829 -0.0270696 -0.024909 -0.0153423 0.016995 -0.00791689 -0.0876503 -0.0154748 0.00597815 0.01772 0.0238797 -0.0995864 -0.00757525 -0.0950539 -0.0550198 0.0510436 -0.0567331 -0.0257907 0.0101631 -0.0407661 0.0378108 -0.0558998 -0.0229385 -0.0112735 0.0547632 -0.0810887 -0.0842455 -0.0177119 0.0100218 0.0486774 -0.0780838 0.0486207
internal_weight=110811 80913 47082 24492 22590 33831 29898 15575 13800 8087 12521 8917 30584 25037 21811 9970 11140 8171 11121 7195 2551 5547 12561 11450 10422 2368 4715 4584 1654 10690 1264 5159 7464 3247 12476 3945 1824 4038 10309 1359 2121 4831 3494 1279 1121 8982
internal_count=110811 80913 47082 24492 22590 33831 29898 15575 13800 8087 12521 8917 30584 25037 21811 9970 11140 8171 11121 7195 2551 5547 12561 11450 10422 2368 4715 4584 1654 10690 1264 5159 7464 3247 12476 3945 1824 4038 10309 1359 2121 4831 3494 1279 1121 8982
is_linear=0
shrinkage=0.0998


Tree=22
num_leaves=47
num_cat=0
split_feature=9 60 13 24 62 68 26 48 4 31 3 28 1 100 21 33 100 21 5 28 84 10 24 7 20 38 11 21 77 12 4 38 3 28 24 13 11 21 15 42 3 4 62 68 20 100
split_gain=2084.71 1516.25 1222.12 1318.22 999.309 932.815 912.969 810.41 721.253 706.751 697.532 691.417 684.4 762.317 671.598 666.075 608.773 584.567 571.671 550.089 532.829 488.31 484.194 477.85 441.761 418.034 414.478 414.416 412.217 406.388 472.732 406.024 398.954 413.779 386.211 388.111 485.523 383.882 376.576 372.82 370.492 362.152 356.858 350.646 345.839 342.945
threshold=-0.0069727208777144991 0.0044282579418270006 0.04276564113094581 0.036742671097138455 0.031714432773878358 -0.028922918696650396 -0.023601344052965646 -0.01241925043746925 -0.13769199117331887 -0.0061482685805753995 -0.069451308512330043 0.05810655260572601 -0.090969180459749138 0.8226500000000001 0.059325650782122909 -0.062774183508371592 0.20145000000000005 -0.049317320814781539 -0.0067850973737058487 0.027019105125103953 -0.0060814534472413495 -0.10871470502633969 -0.018558202657900449 -0.024839229708823747 0.045994658810981255 0.00068659218048130013 -0.044034834418470496 -0.0014788537466881499 0.015007841956497703 0.021658204744557104 0.0089435115434952032 -0.011865034972903348 0.068055665699648507 -0.039348472633845243 0.10994557259447872 0.0048496052459823013 -0.036194883533769047 0.064148750514127967 -0.060994170341630592 0.059624208519489012 0.023261611600508502 -0.11261772516853903 1.0000000180025095e-35 0.00060128321507425017 0.044427359938061607 -0.86659999999999993
decision_type=2 2 2 2 2 2 2 2 2 2 2 2 2 2 2 2 2 2 2 2 2 2 2 2 2 2 2 2 2 2 2 2 2 2 2 2 2 2 2 2 2 2 2 2 2 2
left_child=2 6 3 4 7 8 25 24 -3 44 41 16 22 21 15 -9 37 -8 34 20 -17 -14 -12 -23 29 -2 -11 -25 -6 -1 -31 -20 33 -33 35 36 -19 40 -27 -35 43 -7 -43 -5 -4 -30
right_child=1 5 9 11 28 10 17 14 -10 26 12 -13 13 -15 -16 19 -18 18 31 -21 -22 23 -24 27 -26 38 -28 -29 45 30 -32 32 -34 39 -36 -37 -38 -39 -40 -41 -42 42 -44 -45 -46 -47
leaf_value=0.067869902751456337 -0.0060624389832547917 0.031430432665508448 0.027844834218747838 -0.13208964927874123 -0.00074164126334473677 0.041934322473861516 -0.038877578284574284 -0.066052229622723724 -0.08787108407322837 0.0074703866250901462 0.080397501119473441 0.033718461909843095 -0.15438632960128623 0.036205293883969675 0.080200450413421109 0.024816777406355416 -0.0091172503057529095 -0.047001167226769551 0.023356495685955672 0.043217695313794463 -0.014907151418211473 0.0011937380513662619 0.00023286582364306427 -0.072839909832871613 -0.0029879979326190641 -0.1210954951695563 0.081748591675223303 -0.023893157785146599 -0.16263073250640125 -0.0070567407668263868 0.087086225409129983 -0.1123378013083923 0.031568888718730613 -0.013944712596647261 -0.12989022535652917 0.049472584374574892 0.026631971412325314 0.021233348723069447 -0.038657511972385789 -0.13911798636842623 -0.031681127080584306 -0.040336303723002453 -0.11099096043686485 -0.055893533290115094 -0.049534617605469455 -0.039733901285642019
leaf_weight=6274 3676 576 3229 1350 4142 281 2202 1181 4079 895 1048 1588 338 1675 1318 5793 3721 1082 3468 4143 8018 2956 2643 3231 1587 672 4563 3691 252 1804 753 576 1192 3746 150 5926 5077 461 3088 253 1272 1379 1472 1085 700 2205
leaf_count=6274 3676 576 3229 1350 4142 281 2202 1181 4079 895 1048 1588 338 1675 1318 5793 3721 1082 3468 4143 8018 2956 2643 3231 1587 672 4563 3691 252 1804 753 576 1192 3746 150 5926 5077 461 3088 253 1272 1379 1472 1085 700 2205
internal_value=-6.38964e-11 -0.0139201 0.0134612 0.00688822 0.0152986 -0.03313 0.000510861 0.0228339 -0.073109 0.0463345 -0.0231854 -0.0263644 -0.0145471 -0.0262001 0.0112935 0.00654723 -0.0384587 0.0100933 0.0151158 0.0113228 0.00175498 -0.036432 0.0229943 -0.0323959 0.0454904 -0.0299941 0.0695685 -0.0467402 -0.0199527 0.0542024 0.020667 -0.00362857 -0.0198561 -0.0332547 0.0292641 0.0312395 0.0136963 -0.0646534 -0.0533911 -0.0218639 -0.0753342 -0.0661618 -0.076816 -0.0981378 0.0140587 -0.0523387
internal_weight=110811 54477 56334 46947 37470 23369 31108 30871 4655 9387 18714 9477 15582 11891 20453 19135 7889 23672 21470 17954 13811 10216 3691 9878 10418 7436 5458 6922 6599 8831 2557 9235 5767 4575 12235 12085 6159 4168 3760 3999 3707 3132 2851 2435 3929 2457
internal_count=110811 54477 56334 46947 37470 23369 31108 30871 4655 9387 18714 9477 15582 11891 20453 19135 7889 23672 21470 17954 13811 10216 3691 9878 10418 7436 5458 6922 6599 8831 2557 9235 5767 4575 12235 12085 6159 4168 3760 3999 3707 3132 2851 2435 3929 2457
is_linear=0
shrinkage=0.0998


Tree=23
num_leaves=47
num_cat=0
split_feature=15 62 24 26 9 2 60 1 63 28 1 74 33 7 4 3 24 21 12 24 45 42 11 3 1 13 29 33 6 43 61 69 3 39 38 15 23 3 38 20 20 63 24 68 38 15
split_gain=1957.7 1620.7 1288.48 1219.8 1186.24 857.952 786.636 779.252 734.963 723.962 627.611 622.178 605.588 605.576 574.9 536.571 526.121 511.863 582.161 510.21 497.178 476.371 472.863 454.599 453.958 433.013 416.968 411.7 414.979 388.921 385.628 385.54 380.481 367.812 387.684 354.499 328.873 344.852 316.452 317.721 313.873 310.393 305.89 305.105 301.751 298.348
threshold=-0.05551447834488369 0.013723886813736251 -0.035269126535192548 -0.0049098326052719491 -0.029002966875096247 -0.030361927349292144 0.044440142030527756 -0.0011303825497638498 -0.031145365699723798 -0.021153922894160949 -0.0011303825497638498 0.032213375558753608 -0.070130343989338137 -0.023330763589271997 0.12517949677065002 -0.0011709492336022499 0.05412219446481021 0.10525850206223876 0.034775045211801858 0.026127022855739101 0.022312631429888954 0.013015208963666201 -0.055655428992582141 0.046354894821261504 0.042364295874524206 -0.026530157796569896 0.049306227442197106 -0.014654819272770148 0.061726521337437654 0.0054429098648478011 0.026403265493856454 0.0055293265835266005 -0.030119355805494297 0.011198419487099652 -0.012255163330528547 0.09118465142868247 0.0015349858024969502 -0.082968728144152445 -0.016887007303277496 0.019625006048229605 -0.013208462612385298 -0.020068426878643995 -0.0088896346320862484 0.0026920750093837507 -0.006241264414413499 0.046407788851012356
decision_type=2 2 2 2 2 2 2 2 2 2 2 2 2 2 2 2 2 2 2 2 2 2 2 2 2 2 2 2 2 2 2 2 2 2 2 2 2 2 2 2 2 2 2 2 2 2
left_child=7 2 26 11 27 10 12 13 -9 15 -6 21 -7 32 17 44 23 18 19 36 30 24 -11 -14 25 -3 -2 28 38 41 -10 -23 -1 -24 -35 42 37 -15 -4 -40 -17 -12 -13 -8 -5 -26
right_child=1 3 4 9 5 6 43 8 20 22 29 35 16 14 -16 40 -18 -19 -20 -21 -22 31 33 -25 45 -27 -28 -29 -30 -31 -32 -33 -34 34 -36 -37 -38 -39 39 -41 -42 -43 -44 -45 -46 -47
leaf_value=-0.031607775012114057 0.051296082330655877 -0.045154363799230927 0.03299214587227977 -0.025369666668998783 0.035145213572655522 -0.080653123762233186 -0.11223767341069588 0.0082335954400506364 -0.079236821703800447 -0.037221832997716808 0.018197912689958753 -0.047969819922416099 -0.0093455113916743379 -0.1911122347786646 0.064418777192719864 0.033559846978511727 -0.050154832033574757 0.081502198078941615 -0.10607907832134329 -0.083107829818966944 -0.023964986391745338 -0.085629173057668553 0.034456616283630503 0.025545947729765796 -0.08359488807377953 0.02084124673148725 -0.00095443209020818712 0.040415356411034976 0.096372896160978452 0.021536287720200255 -0.15434205346479568 -0.019805248601607168 0.043000244202400194 0.039197933219885246 -0.022655166678963359 0.044474151869612302 0.044538127969277266 -0.01309908374564657 0.0066855323105500285 -0.051345965853458034 -0.027251471084388475 -0.069215097193977032 -0.12871494645470702 -0.036729447991604866 -0.092898662896958903 0.0014028853121685982
leaf_weight=995 10326 1345 2141 1277 7732 1098 1001 1171 2604 1539 563 751 12191 131 508 1516 2231 287 1507 1065 1177 2012 7856 5352 1203 3754 1784 10941 501 1587 922 1584 2156 1538 2936 190 938 628 2583 1477 1911 1438 1237 1140 1362 625
leaf_count=995 10326 1345 2141 1277 7732 1098 1001 1171 2604 1539 563 751 12191 131 508 1516 2231 287 1507 1065 1177 2012 7856 5352 1203 3754 1784 10941 501 1587 922 1584 2156 1538 2936 190 938 628 2583 1477 1911 1438 1237 1140 1362 625
internal_value=-3.70144e-11 0.00506279 0.0142818 -0.0130403 0.00745124 -0.00335678 -0.0144216 -0.0347564 -0.062513 0.00236026 0.0191374 -0.0372125 -0.00851197 -0.0149095 -0.0362836 -0.0263973 -0.00450615 -0.0475121 -0.0561856 -0.0289627 -0.0801282 -0.0271633 0.0149382 0.00129914 -0.0118641 0.00343311 0.0435987 0.0284835 0.00900474 -0.0153589 -0.0988758 -0.0566344 0.0194411 0.0214487 -0.0013923 -0.0857648 0.00501758 -0.0438234 0.00194596 -0.0144259 -0.000350404 -0.0446206 -0.0982121 -0.0720325 -0.0602217 -0.0545338
internal_weight=110811 96722 64086 32636 51976 34333 23013 14089 5874 19935 11320 12701 20872 8215 5064 6066 19774 4556 4269 2762 4703 10523 13869 17543 6927 5099 12110 17643 6702 3588 3526 3596 3151 12330 4474 2178 1697 759 6201 4060 3427 2001 1988 2141 2639 1828
internal_count=110811 96722 64086 32636 51976 34333 23013 14089 5874 19935 11320 12701 20872 8215 5064 6066 19774 4556 4269 2762 4703 10523 13869 17543 6927 5099 12110 17643 6702 3588 3526 3596 3151 12330 4474 2178 1697 759 6201 4060 3427 2001 1988 2141 2639 1828
is_linear=0
shrinkage=0.0998


Tree=24
num_leaves=47
num_cat=0
split_feature=100 68 24 62 26 2 11 55 1 19 38 21 40 22 60 65 20 15 12 15 1 21 20 11 22 74 3 14 55 7 60 94 94 91 7 63 21 97 28 84 28 59 75 13 79 0
split_gain=1880.37 1530.55 1288.69 936.175 848.901 808.948 746.453 870.763 743.708 691.702 593.64 573.036 555.947 545.93 543.329 535.597 490.252 462.835 453.259 452.428 611.093 439.751 453.877 439.5 432.756 499.116 427.647 417.909 413.506 389.949 375.882 375.728 372.894 341.266 335.599 331.129 328.991 320.733 305.237 302.462 298.767 294.928 292.799 290.879 328.153 294.78
threshold=-0.93364999999999987 0.0062003092370961008 0.0083995960139113517 0.021353162220639401 -0.0020637268819712995 -0.065636685617632834 -0.069640024415746085 0.0080112705918583011 0.0027752352565235503 0.013421815030002901 -0.040183680616537244 0.084152524140046411 0.0058899394643095512 0.019746512133721205 0.008867588469085752 0.025871621582135806 0.053133446371368909 -0.0076202116060747494 -0.0075055064920199989 0.054702812461245205 -0.029124226164900648 0.084152524140046411 0.0054354558241520501 -0.037683646759146046 -0.0055880422805309991 0.066498085225840012 -0.0093031145950122976 -0.023730764494884999 0.0063781515650999003 0.062265569953762659 -0.026932435696956247 -0.017925754767772997 0.0031894576691736004 0.034265075551796607 0.14177564617113228 0.026194008930153504 -0.029725776648590847 0.0077328176995538509 -0.10738742524112273 -0.013448792887163198 -0.0067663485611202494 0.0087811563051279021 0.057367302747690356 0.058911197438186305 -0.067757365983182591 0.18355225643261153
decision_type=2 2 2 2 2 2 2 2 2 2 2 2 2 2 2 2 2 2 2 2 2 2 2 2 2 2 2 2 2 2 2 2 2 2 2 2 2 2 2 2 2 2 2 2 2 2
left_child=5 2 3 10 11 8 13 15 -1 -5 -2 19 34 -3 36 21 23 -11 28 20 29 22 24 33 -8 -26 -16 42 -7 37 -22 -24 35 39 -9 -25 40 -4 -14 -12 -6 -32 -20 44 45 -29
right_child=1 6 4 9 14 18 7 12 -10 17 16 -13 38 -15 26 -17 -18 -19 27 -21 30 -23 31 32 25 -27 -28 43 -30 -31 41 -33 -34 -35 -36 -37 -38 -39 -40 -41 -42 -43 -44 -45 -46 -47
leaf_value=0.040168193798902539 0.049751791686012611 0.0068765740363511043 -0.0048216981029926094 -0.00020543647940626854 -0.07127028812574801 -0.062793548303262864 0.035962864844520659 0.02798322297462735 -0.18068127908577267 -0.098253913481575708 0.036894630917058829 0.053079723560945612 -0.10963231808401719 -0.064174633043417986 -0.066971774708498702 0.037345180241497425 -0.034548104708532958 -0.022969535120947338 -0.048599930061947579 -0.00035081975592956655 -0.032015449393376902 0.072107497475076304 -0.053635108572261329 0.01819095830224832 -9.1828880992272179e-05 -0.1790636376733426 -0.0094335046646063792 0.28287762200565714 0.024696724525203721 -0.10247465750761114 -0.078919481819989784 -0.0053383487754132099 0.040772905304630375 -0.092680466134938216 -0.09716665121637727 -0.034207935048639775 0.018023692489610072 -0.058330497841252535 0.067044606786769795 -0.026239173118222228 0.0058268303765213183 -0.14445632074918718 0.13996259627574631 -0.021159081853686701 -0.12370851166635871 -0.094625637582937877
leaf_weight=1424 4283 2749 2795 5367 886 1302 4748 8365 170 1539 1167 569 99 1771 2172 5791 2299 1725 1207 1575 851 872 2116 6079 5174 160 3156 38 917 779 1550 6635 6247 497 219 1497 6789 1857 6009 2145 1151 1224 88 364 2349 45
leaf_count=1424 4283 2749 2795 5367 886 1302 4748 8365 170 1539 1167 569 99 1771 2172 5791 2299 1725 1207 1575 851 872 2116 6079 5174 160 3156 38 917 779 1550 6635 6247 497 219 1497 6789 1857 6009 2145 1151 1224 88 364 2349 45
internal_value=-3.67433e-11 0.00360298 -0.00706463 0.00598313 -0.0239674 -0.0469094 0.0174896 0.0218144 0.0166146 -0.0222382 0.0160425 -0.0444964 0.0411665 -0.0209623 -0.00772296 0.0106628 0.00879869 -0.0584667 -0.0629565 -0.0497189 -0.0583049 0.00282123 -0.000386845 0.0144506 0.0140474 -0.00546031 -0.0328894 -0.0826559 -0.0266383 -0.0371247 -0.0900372 -0.0170166 0.0227217 -0.0155656 0.0247903 0.00783706 0.0074693 -0.0261815 0.064181 -0.00399366 -0.0277068 -0.107837 -0.0357864 -0.104364 -0.116817 0.0782072
internal_weight=110811 102907 58199 32845 25354 7904 44708 40188 1594 8631 24214 11200 14692 4520 14154 25496 19931 3264 6310 10631 9056 19705 18833 17632 10082 5334 5328 4091 2219 5431 3625 8751 13823 3809 8584 7576 8826 4652 6108 3312 2037 2774 1295 2796 2432 83
internal_count=110811 102907 58199 32845 25354 7904 44708 40188 1594 8631 24214 11200 14692 4520 14154 25496 19931 3264 6310 10631 9056 19705 18833 17632 10082 5334 5328 4091 2219 5431 3625 8751 13823 3809 8584 7576 8826 4652 6108 3312 2037 2774 1295 2796 2432 83
is_linear=0
shrinkage=0.0998


Tree=25
num_leaves=47
num_cat=0
split_feature=11 38 4 3 28 11 9 91 15 9 2 1 13 9 34 18 1 12 23 22 4 100 22 28 20 21 60 70 21 10 4 62 7 8 48 90 84 42 20 12 61 15 20 34 0 55
split_gain=1675.89 1496.34 1110.62 1269.01 1054.4 793.354 673.098 711.153 654.791 652.723 668.845 606.517 566.139 555.389 555.195 503.667 500.01 551.905 476.886 455.885 439.047 424.028 422.45 412.308 415.048 412.016 398.564 392.328 440.955 380.836 375.669 354.059 352.375 344.361 343.49 342.158 332.664 331.994 319.026 313.901 302.893 301.248 300.674 297.088 287.736 286.567
threshold=0.034479150597148955 -0.0041828293153920492 -0.13769199117331887 0.044148753684022261 -0.032120161791572892 -0.11004754385454064 -0.0043582996407434986 0.032352922589848961 0.039351971848029556 -0.015872799073694297 -0.037029266757280993 -0.0109481708729846 -0.027634569102666148 -0.11534681073594064 -0.031210053267500946 -0.016808921483807596 -0.080145420356260391 0.0091753354749097016 -0.011656736249023948 -0.0097841531162260482 -0.0043586201546290488 -0.92864999999999986 0.020313761298822352 0.052643329800541559 0.025861484302828603 0.084152524140046411 -0.013683795345765248 0.03760517567366406 -0.026078195844267897 -0.06126159035085544 0.038916898581855958 -0.00095282275107164995 -0.016235313855141948 -0.022428990912482748 -0.0063948292542621993 0.034278957350476258 0.036677534892991005 0.026132864788783454 0.06229494153152261 0.014797612435817951 0.010965022079807501 -0.080503657972338785 0.013175628788399651 0.051907964861713458 0.11527294330617396 0.027861450741819106
decision_type=2 2 2 2 2 2 2 2 2 2 2 2 2 2 2 2 2 2 2 2 2 2 2 2 2 2 2 2 2 2 2 2 2 2 2 2 2 2 2 2 2 2 2 2 2 2
left_child=1 5 -3 4 8 40 23 19 14 27 11 -11 15 -5 42 -2 -15 34 33 -8 32 -19 -20 24 36 -26 -21 28 39 -28 -13 -16 -14 -12 38 -23 45 -17 -18 -6 -1 -34 -4 -22 -10 -7
right_child=12 2 3 13 9 6 7 -9 44 10 18 30 20 16 31 37 17 21 22 26 43 35 -24 -25 25 -27 29 -29 -30 -31 -32 -33 41 -35 -36 -37 -38 -39 -40 -41 -42 -43 -44 -45 -46 -47
leaf_value=-0.024385057097400829 0.033882464877011798 0.055404339035381472 0.012037593114731994 0.10884487528842449 -0.023016475173956254 0.026322764204855797 0.023371004874897176 -0.053360038544763115 -0.21919651533311657 0.014409424788014855 -0.12843751879379489 -0.040506977017277158 0.036251454069805719 0.038520265075914918 -0.071868656033073269 -0.0058767788169661736 0.049867146223215621 -0.12606141161368825 -0.023640664718156391 0.018917728904336073 0.050266863340611305 -0.011882383500291787 -0.086115584107450516 0.061419142184977786 -0.016475948259310279 0.07905120154897495 -0.10068674253004334 0.042889563715429527 -0.00097117917898306434 -0.018345387524245263 -0.18532536569902561 -0.12883236499827219 -0.095131481393183753 -0.058246083957369667 -0.014543517695599943 -0.10899124577010684 -0.016315778064967857 -0.06535943024097772 -0.065784376036472358 -0.1004045327026258 -0.10773977009874015 0.0045991192616958252 -0.086413045809254893 -0.0067445533665716597 0.010661562693390638 0.070506742606308584
leaf_weight=1108 2581 1878 814 493 1407 9152 6677 2501 57 3274 1208 751 4520 2634 2249 3881 2092 527 4568 2656 9066 2185 1411 2427 4470 500 642 1440 7163 4351 234 2103 319 1643 2900 433 1530 1231 268 830 714 5552 498 1012 1121 1740
leaf_count=1108 2581 1878 814 493 1407 9152 6677 2501 57 3274 1208 751 4520 2634 2249 3881 2092 527 4568 2656 9066 2185 1411 2427 4470 500 642 1440 7163 4351 234 2103 319 1643 2900 433 1530 1231 268 830 714 5552 498 1012 1121 1740
internal_value=-2.16033e-12 -0.00716431 -0.0196945 -0.0230285 -0.0336103 0.0072268 0.0104226 -0.00425634 -0.0681591 -0.0237317 -0.0387318 -0.00624804 0.0210256 0.00520707 -0.0822391 -0.00205571 0.000578626 -0.0113117 -0.0543998 0.00431607 0.0297004 -0.0443849 -0.0383843 0.0228855 0.0175082 -0.00686557 -0.0123175 -0.00561951 -0.0130507 -0.0289328 -0.0749105 -0.099395 0.0153059 -0.087987 0.00846305 -0.0279436 0.0272601 -0.0202006 0.0367338 -0.05173 -0.0570499 -0.00081973 -0.0253316 0.044542 -0.000460602 0.0333812
internal_weight=110811 82649 44181 42303 30771 38468 36646 16827 6842 23929 13089 4259 28162 11532 5664 7693 11039 8405 8830 14326 20469 3145 5979 19819 17392 4970 7649 10840 9400 4993 985 4352 10391 2851 5260 2618 12422 5112 2360 2237 1822 5871 1312 10078 1178 10892
internal_count=110811 82649 44181 42303 30771 38468 36646 16827 6842 23929 13089 4259 28162 11532 5664 7693 11039 8405 8830 14326 20469 3145 5979 19819 17392 4970 7649 10840 9400 4993 985 4352 10391 2851 5260 2618 12422 5112 2360 2237 1822 5871 1312 10078 1178 10892
is_linear=0
shrinkage=0.0998


Tree=26
num_leaves=47
num_cat=0
split_feature=34 24 68 60 65 33 20 15 13 9 3 27 19 76 2 6 23 2 95 11 13 100 42 62 24 15 91 30 39 5 52 33 94 70 100 11 28 21 11 63 40 28 17 49 8 31
split_gain=1574.98 1458.6 1199.08 905.162 845.087 730.065 694.338 657.9 622.095 559.969 451.341 438.073 435.681 449.684 428.199 532.179 419.169 398.051 374.672 372.874 368.832 476.537 364.875 364.276 352.401 348.749 341.25 334.946 328.329 390.442 324.392 323.025 319.968 317.498 353.995 316.729 315.875 382.772 313.062 312.982 310.651 321.358 305.982 320.35 298.197 285.488
threshold=0.051907964861713458 -0.011851749162440698 -0.011762638540648898 -0.013027888828851747 0.013707452565820353 -0.050403264128118096 -0.039994249425300894 -0.029470645471271848 0.012408308488798852 -0.030638308240341246 -0.008594555201221649 -0.0061438652229950487 -0.032516694644293694 -0.028213177232928096 -0.074804891597230638 0.026466164179143156 0.0093771860272097527 0.021595616855233053 0.057086998678982308 -0.0054274964605963991 0.046689446714606758 -0.95584999999999987 0.013792871880041952 0.047610831217290456 0.034880395704190305 0.057782437639797256 0.049902648300496857 0.018394653489065205 -0.023199194653303595 0.026828296906866205 -0.024839523615750345 -0.011731428207711449 0.0070009656019087508 0.0037748233952704506 0.63705000000000012 0.020789795979194951 0.020302535926193455 -0.032435441913664896 0.048558466934788359 0.007662287567705651 0.069814290944982108 0.075295966775113007 -0.014411999001661048 0.031230516943398054 -0.12077588580688713 0.0085422925642032518
decision_type=2 2 2 2 2 2 2 2 2 2 2 2 2 2 2 2 2 2 2 2 2 2 2 2 2 2 2 2 2 2 2 2 2 2 2 2 2 2 2 2 2 2 2 2 2 2
left_child=1 6 3 24 5 17 28 12 10 33 23 16 39 -14 -2 40 -11 -4 20 -17 21 -9 -10 25 -3 -7 35 31 -1 -30 -25 -15 44 34 42 -12 37 -13 -24 -8 41 -16 43 -5 -6 -22
right_child=14 2 4 9 32 8 7 18 22 11 26 36 13 27 15 19 -18 -19 -20 -21 45 -23 38 30 -26 -27 -28 -29 29 -31 -32 -33 -34 -35 -36 -37 -38 -39 -40 -41 -42 -43 -44 -45 -46 -47
leaf_value=0.082459985815462433 0.0060482449389228062 0.018040610745804056 -0.025060730882422815 -0.13875956249186866 -0.14996305959868222 -0.036344903959401507 0.066464994982487119 -0.079298228132822293 0.032856696093039185 -0.098985354497469188 -0.008346711076683706 -0.11232823606883062 -0.090960439739738025 -0.035323829431844492 -0.077936100878121028 -0.048609104248415552 -0.035104640001880558 -0.10088342526476389 -0.039309161290328319 0.023928951530848733 0.028761956774161483 0.020781034359417042 -0.021507775796367836 0.089835714838446254 -0.025568596009005948 0.047311397357223152 -0.088920103682393628 -0.060453812399629527 0.045905882329343284 -0.02208584163742764 -0.13963642203308402 0.029698708717017058 0.041301955812741285 0.020545554269894187 0.026122363064212978 0.031382984673394065 0.0098494970318841277 -0.031046580106298211 0.068738220129070396 -0.017530802948215036 0.021239417734680469 0.012574555336578804 -0.020830426873103616 0.021609994847403887 0.013333144055020106 0.088830747079440067
leaf_weight=1860 1881 5022 1930 606 113 4366 975 487 6626 2923 6310 738 947 1321 4842 1369 1574 1073 986 1457 1818 17592 2668 70 2918 560 409 1172 5009 1011 497 1795 6193 1847 683 2925 1255 2646 447 808 394 425 940 156 7776 1391
leaf_count=1860 1881 5022 1930 606 113 4366 975 487 6626 2923 6310 738 947 1321 4842 1369 1574 1073 986 1457 1818 17592 2668 70 2918 560 409 1172 5009 1011 497 1795 6193 1847 683 2925 1255 2646 447 808 394 425 940 156 7776 1391
internal_value=-8.50344e-11 0.00382265 -0.00539552 -0.0246758 0.00439466 -0.00567062 0.019513 0.0124385 -5.97878e-05 -0.0405284 -0.0127198 -0.0544303 -0.0142073 -0.0287192 -0.0370331 -0.0465813 -0.0766264 -0.0521529 0.020834 -0.0112107 0.0236196 0.0180852 0.0196132 -0.035554 0.00201395 -0.0268346 0.000286101 -0.0149733 0.0458108 0.0344873 -0.111307 0.00213299 0.0243229 -0.0105171 -0.0345728 0.00423687 -0.0329136 -0.0487729 -0.00855755 0.0284007 -0.0642385 -0.0706327 -0.0589293 -0.105928 0.0109941 0.0547999
internal_weight=110811 100443 63271 21308 41963 27881 37172 29292 24878 13368 15137 9136 7018 5235 10368 8487 4497 3003 22274 2826 21288 18079 9741 5493 7940 4926 9644 4288 7880 6020 567 3116 14082 4232 2385 9235 4639 3384 3115 1783 5661 5267 1702 762 7889 3209
internal_count=110811 100443 63271 21308 41963 27881 37172 29292 24878 13368 15137 9136 7018 5235 10368 8487 4497 3003 22274 2826 21288 18079 9741 5493 7940 4926 9644 4288 7880 6020 567 3116 14082 4232 2385 9235 4639 3384 3115 1783 5661 5267 1702 762 7889 3209
is_linear=0
shrinkage=0.0998


Tree=27
num_leaves=47
num_cat=0
split_feature=15 62 21 20 7 9 33 74 34 62 11 14 19 12 13 26 51 33 49 24 2 17 79 38 19 2 12 11 2 60 26 9 34 93 58 11 1 1 19 46 28 38 7 3 18 65
split_gain=1440.79 1339.94 1109.48 1043.14 1068.21 1010.12 852.372 696.693 636.719 627.013 505.581 501.087 478.133 503.021 472.49 511.576 453.699 443.86 445.04 391.432 365.492 450.659 416.787 359.146 358.157 342.545 339.848 397.125 339.78 341.976 330.293 367.043 324.562 322.247 321.686 374.671 318.54 400.436 360.179 315.393 308.479 302.853 292.368 290.579 320.433 289.171
threshold=0.033166434836737306 0.044769411051733508 -0.038728203941459489 -0.014172031042892748 -0.0057703504415643489 0.035488849536434205 0.010843935318540653 0.03400557112183656 -0.018887168407404047 -0.029324087846428998 -0.068029734234783937 -0.00084627543260644997 0.00044737032948620009 -0.0013849238573521998 -0.021580270777427798 0.0010278200004180001 0.057180107756335558 -0.046055715851618294 -0.0041656182852544991 0.10994557259447872 -0.017049367705691248 -0.0093809596329748977 -0.091137314777755232 -0.0035577108361844996 -0.014868051912695598 -0.068129426693933834 0.038180784966998553 -0.099494634212686825 -0.024304314171357647 0.047315326108060607 0.029148821655301502 -0.00059917749886634981 -0.021103942109068897 0.023425251003092454 -0.032443472464120243 0.023292619382112453 -0.029124226164900648 0.14557294659921924 -0.013525914841083148 0.0030988895944707002 0.017054644400635203 0.014934788380313301 0.10822796859505861 0.045631879357648709 0.033442152996806952 0.0062357860587645012
decision_type=2 2 2 2 2 2 2 2 2 2 2 2 2 2 2 2 2 2 2 2 2 2 2 2 2 2 2 2 2 2 2 2 2 2 2 2 2 2 2 2 2 2 2 2 2 2
left_child=1 2 6 5 16 12 9 14 36 40 25 42 -4 -14 -3 -16 34 18 -10 30 -13 -22 -23 24 -19 -2 27 -8 -7 43 31 -12 -27 -33 -5 41 -6 38 -38 -29 -1 -36 -11 44 -30 -9
right_child=10 7 3 4 8 28 26 45 17 11 19 20 13 -15 15 -17 -18 23 -20 -21 21 22 -24 -25 -26 32 -28 39 29 -31 -32 33 -34 -35 35 -37 37 -39 -40 -41 -42 -43 -44 -45 -46 -47
leaf_value=-0.030270950952818138 0.047080176246577017 -0.067991359599865631 0.049247764055655736 0.042972303963612069 0.024011534570371643 0.0091568441552836756 -0.077955059123161044 -0.13392105668308849 -0.021856708002312038 -0.027870756183181532 0.034023524071820188 -0.039557128090756198 0.0364410829824693 -0.011239568685906991 -0.047883446356437938 0.016762867194835253 -0.054733891711710017 0.026589800055152494 -0.11600033828615766 -0.062556597585004259 -0.17419126803684706 0.24125609149474361 -0.089988499037556291 -0.042420667615953166 -0.02683215910192633 0.022102863967286741 -0.050733972977842032 0.0015397178260201879 -0.041653247337297528 -0.1547436716170065 0.04979413766641029 0.015687329164836738 -0.050032707056665425 -0.034132457424312528 0.0086601800188389321 0.02869021593471538 0.0059541579048053668 0.044422154607621958 -0.065519427969049304 0.060097916907066458 0.053037383437653747 -0.029163031292384161 -0.16518106227361756 0.0085605468432054625 -0.17587186872435467 -0.040928791300349175
leaf_weight=1232 740 2272 8336 3227 3517 2185 416 1049 857 2652 9565 859 5161 3846 2256 2653 998 1949 1201 487 829 39 1265 6513 3485 881 973 2315 1133 252 5239 5707 2107 1672 6427 5636 1215 801 1664 1516 691 3138 164 993 210 488
leaf_count=1232 740 2272 8336 3227 3517 2185 416 1049 857 2652 9565 859 5161 3846 2256 2653 998 1949 1201 487 829 39 1265 6513 3485 881 973 2315 1133 252 5239 5707 2107 1672 6427 5636 1215 801 1664 1516 691 3138 164 993 210 488
internal_value=-2.03573e-11 -0.00636386 -0.00209666 0.00339271 -0.00610142 0.0208338 -0.0286912 -0.0434143 -0.0215913 -0.0497295 0.0203497 -0.0660836 0.032023 0.0160814 -0.030362 -0.0129463 0.0108046 -0.0339893 -0.0767967 0.0259506 -0.0945223 -0.116658 -0.0800816 -0.0266152 -0.00767143 -0.0137089 0.00246732 0.0146559 -0.0198226 -0.0442894 0.0278936 0.0211221 -0.0287638 0.00439872 0.014354 0.00827863 0.00253448 -0.0179913 -0.035356 0.0247123 -0.000335403 -0.00374852 -0.0358675 -0.032374 -0.0626405 -0.104396
internal_weight=110811 84413 75695 62744 40628 22116 12951 8718 21202 7731 26398 5808 17343 9007 7181 4909 19426 14005 2058 22670 2992 2133 1304 11947 5434 3728 5220 4247 4773 2588 22183 16944 2988 7379 18428 15201 7197 3680 2879 3831 1923 9565 2816 2336 1343 1537
internal_count=110811 84413 75695 62744 40628 22116 12951 8718 21202 7731 26398 5808 17343 9007 7181 4909 19426 14005 2058 22670 2992 2133 1304 11947 5434 3728 5220 4247 4773 2588 22183 16944 2988 7379 18428 15201 7197 3680 2879 3831 1923 9565 2816 2336 1343 1537
is_linear=0
shrinkage=0.0998


Tree=28
num_leaves=47
num_cat=0
split_feature=68 15 46 63 20 22 62 38 9 13 28 2 42 21 20 24 33 88 38 27 18 94 24 7 11 5 6 11 21 28 60 69 26 0 66 51 38 21 24 93 15 0 15 3 1 40
split_gain=1351.85 955.174 839.472 807.157 801.265 742.383 675.308 571.771 507.416 505.562 535.371 487.205 478.928 453.574 435.088 423.311 424.383 416.699 398.084 416.429 384.891 370.706 360.627 372.938 357.224 352.324 350.27 346.163 327.863 321.363 315.051 302.952 300.604 297.267 292.873 286.549 283.165 278.577 325.039 274.659 274.604 270.038 266.694 266.274 265.387 278.612
threshold=-0.00059623688637949984 -0.043322623439996287 -0.014815663669910899 0.0019514118991787001 0.019097664378791002 -0.0089582280399126985 0.013723886813736251 -0.046299701775604545 -0.0017257213818673998 -0.028883072880215247 0.014926716464409651 0.020959085645604152 -0.043087971214150693 0.044624009550640609 -0.074844500423199734 0.07645789768128107 0.00035963432068305005 -0.10379146825212314 -0.071304999184034226 -0.034193434899578538 -0.032420615704039743 -0.0068924669121216992 -0.012680245087194399 0.057402110332118554 0.0072183644249842012 0.00077726559922670013 0.0045180657918562012 0.0090591554382262515 0.11247527283319292 0.020739376983560903 0.042588917628551902 0.029634246688532605 0.024872311727374755 0.13570511280436789 0.025309124703368453 0.045455197299985407 -0.014986765402915199 -0.020933196745335246 -0.029830578061153395 0.025107635154465752 0.088755355054549304 0.12396153974464891 0.035723368315361458 -0.011379828557408397 1.0000000180025095e-35 -0.0072002109922247497
decision_type=2 2 2 2 2 2 2 2 2 2 2 2 2 2 2 2 2 2 2 2 2 2 2 2 2 2 2 2 2 2 2 2 2 2 2 2 2 2 2 2 2 2 2 2 2 2
left_child=1 14 3 32 5 21 11 -6 24 40 27 35 -5 15 -1 16 26 -16 -19 -20 -10 -2 -13 41 29 44 -9 42 31 -7 -14 34 37 -25 -21 -4 -32 38 -3 -27 43 -24 -11 -8 -22 -46
right_child=4 2 6 12 7 8 9 13 20 10 -12 22 30 -15 17 -17 -18 18 19 28 25 -23 23 33 -26 39 -28 -29 -30 -31 36 -33 -34 -35 -36 -37 -38 -39 -40 -41 -42 -43 -44 -45 45 -47
leaf_value=0.0283118028192893 0.016509538176282198 0.036020292629542663 0.032984176186381046 0.018558440422835644 0.036335455261541652 -0.0099176599932095464 -0.10023140968862256 -0.049559736308553669 0.030179318324811577 -0.066802156247802433 0.037663954635099542 0.024034156029043099 -0.050122974334413255 0.03030928825463252 0.18240957979676842 -0.096416579598652255 0.0040573488567224088 0.048397862125093387 -0.088316115122906574 -0.066344065835941463 0.012749017413021544 0.046077673407938273 -0.051223438056260645 -0.22189578670788379 0.041446068853431932 -0.030072443239705576 -0.0068259733325081529 0.0059984749145620478 0.093407111948234603 0.040959033489644199 -0.039816321835322306 0.0088403300052605303 0.032975906164255851 -0.056044686881442603 -0.011451804407489033 -0.016017378329820729 -0.17210074976299941 0.0026833249768062018 -0.069691644871864411 -0.10141519422447588 0.067645099505213413 0.0067523692047001616 0.0038056257649307403 -0.032650665549983311 -0.099827568609865414 -0.0005228928830750771
leaf_weight=864 7100 371 10906 938 2751 4250 1086 4367 1897 1852 2218 2515 5680 2129 79 671 6261 409 2338 3835 3350 10423 1189 147 4788 2785 3396 2413 181 1744 260 951 1916 402 1295 1334 424 3545 1322 666 169 2447 748 1248 490 661
leaf_count=864 7100 371 10906 938 2751 4250 1086 4367 1897 1852 2218 2515 5680 2129 79 671 6261 409 2338 3835 3350 10423 1189 147 4788 2785 3396 2413 181 1744 260 951 1916 402 1295 1334 424 3545 1322 666 169 2447 748 1248 490 661
internal_value=-6.32898e-11 -0.0114955 -0.00506468 -0.0246741 0.0105701 0.0189919 0.00482139 -0.00584488 0.0061621 -0.0165426 -0.00316111 0.0158012 -0.0480161 -0.0127421 -0.0393652 -0.0189793 -0.0152742 -0.0457993 -0.0478004 -0.0523754 -0.0102138 0.0340972 -0.00583349 -0.0237826 0.021121 -0.0198499 -0.0308654 -0.0212242 -0.0389565 0.0048853 -0.0578286 -0.0428963 -0.00084912 -0.100453 -0.0524872 0.0276436 -0.121817 -0.0132219 -0.0465262 -0.0438407 -0.0552007 -0.0122062 -0.0464888 -0.0640957 -0.00145566 -0.0427986
internal_weight=110811 53082 43130 14456 57729 38154 28674 19575 20631 9734 7231 18940 7302 16824 9952 14695 14024 9088 9009 8600 9849 17523 6700 4185 10782 7952 7763 5013 6262 5994 6364 6081 7154 549 5130 12240 684 5238 1693 3451 2503 3636 2600 2334 4501 1151
internal_count=110811 53082 43130 14456 57729 38154 28674 19575 20631 9734 7231 18940 7302 16824 9952 14695 14024 9088 9009 8600 9849 17523 6700 4185 10782 7952 7763 5013 6262 5994 6364 6081 7154 549 5130 12240 684 5238 1693 3451 2503 3636 2600 2334 4501 1151
is_linear=0
shrinkage=0.0998


Tree=29
num_leaves=47
num_cat=0
split_feature=24 62 38 33 15 13 7 21 27 74 1 18 13 11 21 28 15 94 27 70 67 2 63 100 55 53 21 31 30 60 93 65 64 68 61 38 30 28 75 65 12 0 69 3 80 93
split_gain=1239.58 1126.78 823.23 880.622 751.275 710.601 660.025 701.108 627.27 606.042 527.389 538.657 533.961 516.118 477.983 518.89 413.905 399.904 389.054 388.729 386.668 386.198 379.195 354.326 349.055 330.825 324.173 317.405 315.702 304.774 301.499 280.416 275.804 272.202 267.832 261.23 257.596 253.986 253.017 252.283 264.319 244.068 240.738 239.755 234.212 232.293
threshold=0.038025008673170053 0.031714432773878358 -0.040937124463568841 0.022594914638713503 -0.054463850725262143 0.030692114200072552 -0.0024308957916794999 0.049522134067640354 -0.021994671975214545 0.03400557112183656 0.018851818115529401 -0.042508411007303092 -0.027049723641003245 -0.025956082040251498 0.071457395341224458 0.056966002428429356 0.058951670760192802 -0.019785256859897796 -0.024294507841923847 -0.03334200883525839 -0.016756050175150295 0.014751504694595052 0.022950346380971955 -0.61224999999999985 -0.0018342075603085997 0.027056552896182404 -0.045826648680994099 -0.0036591718697294496 0.038905265917616803 -0.0086700365653124469 -0.0056344364746750992 -0.023621100959137296 0.050184088407317452 -0.010106046926307849 0.015129460454845053 -0.0010381782999399497 0.0049181963472728013 -0.029058607615210796 -0.021241952284423646 0.018790596281015703 0.041334189022634207 0.14653929794322268 -0.054858722376061396 -0.07591813987519723 -0.00061930613489919991 0.083624569942193874
decision_type=2 2 2 2 2 2 2 2 2 2 2 2 2 2 2 2 2 2 2 2 2 2 2 2 2 2 2 2 2 2 2 2 2 2 2 2 2 2 2 2 2 2 2 2 2 2
left_child=1 2 45 4 18 6 17 13 19 10 12 -12 30 -8 15 21 -11 -6 29 32 -5 31 36 37 -19 -25 -20 -7 38 -4 -3 -10 41 -32 -24 -14 -13 -21 -22 40 -28 -2 -37 -35 -44 -1
right_child=8 9 3 20 5 27 7 -9 14 16 11 22 35 -15 -16 -17 -18 24 26 23 28 -23 34 25 -26 -27 39 -29 -30 -31 33 -33 -34 43 -36 42 -38 -39 -40 -41 -42 -43 44 -45 -46 -47
leaf_value=0.037464702222131725 -0.18880499019887462 0.0052390761182255271 -0.024232688609489166 0.0035496176264059741 -0.017956293091218722 0.0087772409281610519 -0.059382129810281147 0.052744807281563465 -0.045447462001569322 -0.079300312061894571 0.027498879886716475 -0.010843905572291 0.035009308511627597 -0.014079921896519822 0.037914707038091557 0.029944564914841942 0.048819861358154117 0.0028615251020338 -0.078575351344539177 -0.12806702740061496 0.015944273375034089 -0.049258751078525828 -0.078582556012238847 0.0022862763150250354 0.03561895983290863 -0.06833792056779274 -0.003586359748296537 0.046719174121820341 -0.0011236694267741112 -0.11460853908589848 -0.13127709899466991 0.00073534694442284213 0.04210588717895155 -0.13579726832544642 -0.20101806282945114 -0.10181667906706189 -0.07836214006721981 -0.047068707569671048 0.053962376103491194 0.038417664968203119 -0.081843394714379056 -0.084264759948046317 0.029355699583453375 -0.015386466923552257 -0.026092378774605653 -0.10575757289550579
leaf_weight=10640 297 1010 624 5150 3815 4158 3276 1269 1744 2171 886 1294 3641 10640 1824 2019 284 6658 740 525 2342 4128 522 2597 6311 886 1721 4654 1833 919 440 5256 131 203 270 232 996 1452 6823 933 573 886 1636 873 1415 114
leaf_count=10640 297 1010 624 5150 3815 4158 3276 1269 1744 2171 886 1294 3641 10640 1824 2019 284 6658 740 525 2342 4128 522 2597 6311 886 1721 4654 1833 919 440 5256 131 203 270 232 996 1452 6823 933 573 886 1636 873 1415 114
internal_value=-3.98222e-11 0.00521554 0.010443 0.00605046 -0.000949713 0.00372364 -0.00319288 -0.0182689 -0.0213625 -0.018889 -0.0105477 -0.0410816 0.00227333 -0.0247446 -0.00996066 -0.0166028 -0.0644791 0.0104469 -0.0355385 -0.0465614 0.0261176 -0.0250481 -0.0607968 -0.0348331 0.018802 -0.015679 -0.0189994 0.028816 0.0366855 -0.0780599 -0.037003 -0.0107708 -0.0952951 -0.0651459 -0.120322 0.0166021 -0.0402099 -0.0685781 0.0442473 -0.00533768 -0.0231336 -0.11051 -0.00381245 -0.0381034 0.00363986 0.0359464
internal_weight=110811 89066 73193 62439 46291 40781 31969 15185 21745 15873 13418 3968 9450 13916 14971 13147 2455 16784 5510 6774 16148 11128 3082 5460 12969 3483 3967 8812 10998 1543 2526 7000 1314 1516 792 6924 2290 1977 9165 3227 2294 1183 3283 1076 3051 10754
internal_count=110811 89066 73193 62439 46291 40781 31969 15185 21745 15873 13418 3968 9450 13916 14971 13147 2455 16784 5510 6774 16148 11128 3082 5460 12969 3483 3967 8812 10998 1543 2526 7000 1314 1516 792 6924 2290 1977 9165 3227 2294 1183 3283 1076 3051 10754
is_linear=0
shrinkage=0.0998


Tree=30
num_leaves=47
num_cat=0
split_feature=42 1 2 33 18 30 11 3 23 28 63 22 6 28 21 21 3 70 43 55 9 7 7 90 14 97 17 12 39 3 9 91 23 17 8 41 51 62 71 90 93 40 82 39 38 38
split_gain=1216.68 1215.49 1120.76 1001 987.213 903.175 833.962 746.003 593.641 564.173 559.754 559.131 541.157 515.457 598.112 501.106 491.538 486.798 468.355 420.527 411.784 391.194 378.608 369.547 361.193 368.978 357.702 357.298 374.505 338.463 336.407 331.608 339 325.013 314.374 314.293 310.649 309.071 306.043 303.94 302.01 297.649 294.78 293.386 269.969 265.768
threshold=0.013792871880041952 0.023233723475790755 -0.014558113520469448 -0.058757165160958892 -0.041795115533322443 0.0075066494850659004 0.021748872114392002 0.017121266251011406 0.0058021123666658512 0.007066398362480051 -0.023931174831163946 -0.0030472356963344997 0.09013111359398622 0.0074624207576526507 0.018814861228179856 -0.004438293604274399 0.076787835299662863 -0.018148667344736247 0.035393869769429556 0.060341527184053556 0.052464080104266959 0.0066259957374245511 -0.03538481254583959 -0.017867620364057295 0.064410064996902425 -0.018290135085084595 -0.036364567161196244 -0.013659743414280398 0.0030780126238960002 -0.065268669685374078 0.015603870952009753 0.036380663657156052 0.021095138001747952 0.045875522372028861 -0.0055627306325853991 0.03572242324045511 -0.0013681631134534499 -0.023530267781596847 -0.020609655351634098 0.037171744738783159 0.0045466962711508008 -0.019953303861026495 0.0037157076468276001 -0.044270505795693041 0.068984249456232674 -0.016486587355928246
decision_type=2 2 2 2 2 2 2 2 2 2 2 2 2 2 2 2 2 2 2 2 2 2 2 2 2 2 2 2 2 2 2 2 2 2 2 2 2 2 2 2 2 2 2 2 2 2
left_child=1 2 11 17 -3 12 8 13 9 15 -7 39 19 14 18 22 37 43 23 24 31 -10 -2 -5 25 -6 -24 33 -29 -11 -13 -8 -33 -9 -31 -15 42 -12 -38 -1 41 -39 -17 -4 -16 -40
right_child=6 4 3 7 5 10 20 27 21 29 16 30 -14 35 44 36 -18 -19 -20 -21 -22 -23 26 -25 -26 -27 -28 28 -30 34 -32 32 -34 -35 -36 -37 38 40 45 -41 -42 -43 -44 -45 -46 -47
leaf_value=0.055951702344733581 -0.019495574071831605 0.037787163677893768 -0.011630830239439789 0.01821247059266921 -0.051452398926085732 -0.0039245178130039122 0.019740565872257469 0.036041424890729867 0.0075447451632832136 -0.077696999666204233 -0.042434826203502175 0.030749846682173572 0.056900533508760363 0.020724788487340547 0.02336698307391108 -0.027997967309484846 -0.013899148050628947 -0.015071479679430169 -0.10185078560493918 0.068046969345263844 -0.034301846424594919 -0.029180642952260881 -0.15436724242363714 -0.042869810802911613 -0.10398058334263487 0.0036272450949815021 -0.076661217240877474 0.031191189474991363 -0.014653103012913863 -0.029144129752241309 -0.0066579542909838306 -0.065257178218497872 0.035306988853677064 0.10729027107017265 0.019800942531219369 -0.040831580435655442 0.051494260548714331 -0.13423819255721134 0.024039338352374463 0.007041826839959439 -0.13940256084540847 -0.040514057427576508 -0.1103854903482152 -0.13926468994623098 -0.11043863754898967 -0.054849921150206933
leaf_weight=9292 822 2993 230 1329 1782 1859 10185 4904 6891 742 1179 6366 1304 6873 2709 1011 1276 1055 997 576 2140 4974 777 3828 483 3783 2452 4203 3072 2726 3838 974 508 733 2511 939 631 517 637 1465 1263 972 756 815 159 1280
leaf_count=9292 822 2993 230 1329 1782 1859 10185 4904 6891 742 1179 6366 1304 6873 2709 1011 1276 1055 997 576 2140 4974 777 3828 483 3783 2452 4203 3072 2726 3838 974 508 733 2511 939 631 517 637 1465 1263 972 756 815 159 1280
internal_value=-3.02141e-11 0.00786233 0.0154944 0.00369882 -0.0145442 -0.0249902 -0.0139092 0.00840008 -0.024366 -0.0380257 -0.0509352 0.0334154 -0.00186624 -0.00544163 -0.021692 -0.0547575 -0.0677189 -0.0628934 -0.0392341 -0.0134351 0.00594098 -0.00785113 -0.0799659 -0.0271284 -0.0211953 -0.0140101 -0.0953598 0.0264462 0.0118326 -0.0146141 0.0166798 0.0133225 -0.0307858 0.0453062 -0.00567629 0.0133257 -0.0310914 -0.0851887 -0.00879198 0.0492906 -0.103505 -0.0730563 -0.063247 -0.111173 0.0159489 -0.0286358
internal_weight=110811 70794 52807 31846 17987 14994 40017 29746 26210 14345 7066 20961 7928 16834 9022 8366 5207 2100 6154 6624 13807 11865 4051 5157 6048 5565 3229 12912 7275 5979 10204 11667 1482 5637 5237 7812 4315 3931 2548 10757 2752 1489 1767 1045 2868 1917
internal_count=110811 70794 52807 31846 17987 14994 40017 29746 26210 14345 7066 20961 7928 16834 9022 8366 5207 2100 6154 6624 13807 11865 4051 5157 6048 5565 3229 12912 7275 5979 10204 11667 1482 5637 5237 7812 4315 3931 2548 10757 2752 1489 1767 1045 2868 1917
is_linear=0
shrinkage=0.0998


Tree=31
num_leaves=47
num_cat=0
split_feature=34 42 11 38 21 62 100 1 2 21 40 6 28 26 91 70 80 51 59 65 28 93 60 4 15 49 95 74 27 15 18 40 23 17 14 42 76 21 94 91 17 15 48 39 28 2
split_gain=1136.41 1073.24 815.25 768.407 656.109 590.712 598.146 579.625 594.487 575.185 540.599 543.209 524.474 485.278 539.763 469.986 456.526 405.668 395.047 383.247 382.121 341.407 335.248 322.116 308.63 305.327 292.894 291.138 290.221 286.539 286.322 301.114 275.484 283.302 431.325 374.55 276.377 274.79 271.951 269.885 278.127 265.92 265.706 263.248 285.185 304.703
threshold=0.032074967866004306 -0.0070092658293062493 0.043426398862173456 0.00068659218048130013 -0.011726561487439799 -0.024035283719894798 -0.93364999999999987 0.0012141272189985003 -0.01395820434844205 -0.066164460506163439 0.037038842217247854 -0.036836733897106337 -0.025797763820079346 0.025773755688053103 0.033580979148041305 -0.020375885640737845 -0.0093567565296946483 0.034913695756759608 -0.020805909054991998 0.015186091910971001 0.015782430852915454 0.019166511540209406 0.021011576822174156 0.049898484632721708 -0.047908780707242839 -0.017289876583133395 0.025670312818756653 0.025741894806339701 -0.046813363594647737 0.029294212489012855 -0.043932361247638795 -0.019532868278278947 0.018726571563681654 -0.010458810111115149 -0.04339450768652315 -0.011907236303200947 0.010706014913068851 -0.0048258181491542497 -0.019785256859897796 0.062609973277543321 0.015311331844069902 -0.10991302374874019 0.0088527237602785518 -0.027629350405033847 -0.028524572768928697 0.055801721321107306
decision_type=2 2 2 2 2 2 2 2 2 2 2 2 2 2 2 2 2 2 2 2 2 2 2 2 2 2 2 2 2 2 2 2 2 2 2 2 2 2 2 2 2 2 2 2 2 2
left_child=1 7 3 9 16 24 -7 8 25 -3 11 -9 30 14 17 22 38 23 -18 43 29 -13 -10 -11 -2 -1 37 -4 -16 -20 -8 -32 33 34 -17 -35 -36 39 -5 40 -14 -12 -37 -6 45 -45
right_child=5 2 27 4 19 6 12 10 15 13 41 21 26 -15 28 32 18 -19 20 -21 -22 -23 -24 -25 -26 -27 -28 -29 -30 -31 31 -33 -34 35 36 42 -38 -39 -40 -41 -42 -43 -44 44 -46 -47
leaf_value=0.021784356771094519 -0.037827185973923601 -0.056160039953217528 0.02942431955088028 -0.067172661034371944 0.010869325502324423 -0.090064919471221 -0.00023408289874258349 -0.05217568408570647 6.4471587463648026e-05 0.0060157316709750254 -0.12505544160194287 0.020788232317316486 -0.04424118652569594 0.03335759567919213 -0.14123649301267024 0.050876621377011121 -0.016527611331719393 -0.035286290838617444 -0.1189417070828081 0.015574534219621461 -0.031550183556388167 -0.040102523813681692 -0.06923045504028541 0.056810373326682116 0.018150361188367426 0.057979705877490496 -0.047310395697043435 -0.010201236349025278 -0.034710659187249873 -0.042918945417484984 -0.11211516164251963 -0.046938088132729754 0.047765224096818798 0.041925155237224204 -0.055802672893915647 0.0033528780581261815 0.012557174014821202 0.012487222149060416 0.0054048487940903459 -0.18916799071278306 0.014800153998053744 0.049347505282365714 -0.13058656680658634 -0.092776196454512905 -0.020106131722322746 0.01783513656421001
leaf_weight=3603 1247 1555 8415 694 1911 1540 769 2595 3130 11122 91 3467 1957 5172 303 913 1293 2144 2055 3996 1129 1247 894 1400 4599 6525 1895 2366 1599 650 1043 2185 3476 3977 1522 485 961 4519 1985 97 1338 2020 212 1181 5220 314
leaf_count=3603 1247 1555 8415 694 1911 1540 769 2595 3130 11122 91 3467 1957 5172 303 913 1293 2144 2055 3996 1129 1247 894 1400 4599 6525 1895 2366 1599 650 1043 2185 3476 3977 1522 485 961 4519 1985 97 1338 2020 212 1181 5220 314
internal_value=-4.12685e-12 0.00491423 -0.00385221 -0.00991309 -0.0240414 -0.0207855 -0.0310712 0.0185199 0.0262827 0.00247638 -0.00265701 -0.0155057 -0.0244893 0.00667048 -0.00166039 0.0140402 -0.0467848 0.00482665 -0.0642311 -0.00997586 -0.0803189 0.00468073 -0.0153306 0.0116947 0.00620989 0.0451033 -0.0120692 0.0207281 -0.0516809 -0.100674 -0.0549602 -0.0679975 0.0242765 0.0141591 -0.00777794 0.030098 -0.0293452 -0.00362747 -0.0133965 -0.0250963 -0.0202663 0.0418294 -0.0373862 -0.0218121 -0.0311128 -0.0695441
internal_weight=110811 89622 54504 43723 20428 21189 15343 35118 25698 23295 9420 7309 13803 21740 16568 15570 7806 14666 5127 12622 3834 4714 4024 12522 5846 10128 9806 10781 1902 2705 3997 3228 11546 8070 3396 4674 2483 7911 2679 3392 3295 2111 697 8626 6715 1495
internal_count=110811 89622 54504 43723 20428 21189 15343 35118 25698 23295 9420 7309 13803 21740 16568 15570 7806 14666 5127 12622 3834 4714 4024 12522 5846 10128 9806 10781 1902 2705 3997 3228 11546 8070 3396 4674 2483 7911 2679 3392 3295 2111 697 8626 6715 1495
is_linear=0
shrinkage=0.0998


Tree=32
num_leaves=47
num_cat=0
split_feature=60 11 65 62 52 33 48 20 100 7 68 46 13 34 14 1 62 2 55 20 62 74 11 33 28 21 24 4 23 91 94 1 3 100 89 20 3 14 57 55 28 15 41 6 27 100
split_gain=1082.28 985.414 916.126 782.522 749.619 670.104 710.849 552.06 532.616 531.584 492.216 447.837 446.505 417.94 398.051 373.276 372.212 354.796 347.364 336.487 334.342 333.01 323.65 320.822 310.456 306.168 297.832 292.672 287.213 283.046 274.045 273.116 272.184 271.548 271.246 260.283 256.205 271.648 253.503 246.889 290.233 243.458 248.512 237.604 229.429 226.542
threshold=0.027483572038830551 -0.069640024415746085 0.019166012498228954 0.044769411051733508 -0.017315332749570745 -0.020458796893990647 -0.0016504496392225998 -0.045636471038364643 0.58635000000000004 0.096436362004837364 0.010414045167073251 -0.0068898905260958493 0.07607420433557166 0.040669137828086753 -0.028565640028726445 -0.12267930713417503 -0.045649227549556894 -0.00058463235547459981 0.010920708190946952 0.020119657372313002 0.020442956921331853 0.03400557112183656 0.006740785208163051 0.032045198404165955 -0.043285164286910489 0.015493467388554 0.00080144080836265009 0.017631066161366254 0.035286674772290312 0.0019417447288907002 -0.058389866392489047 -0.05229940136752604 0.094386076973428421 -0.92004999999999992 -0.03289608447816119 -0.0083893198769363474 0.00056478572980800011 -0.065299817070519725 0.050311712996141504 0.020951444062016652 0.079645261818414914 0.09118465142868247 -0.0031460559125587998 -0.092175948909666974 -0.012285018740445899 0.31885000000000002
decision_type=2 2 2 2 2 2 2 2 2 2 2 2 2 2 2 2 2 2 2 2 2 2 2 2 2 2 2 2 2 2 2 2 2 2 2 2 2 2 2 2 2 2 2 2 2 2
left_child=1 14 3 5 20 7 13 -3 9 12 11 26 -9 28 34 -16 -8 -13 22 30 33 29 -18 25 -21 41 31 38 32 -5 -4 -6 -7 -2 -1 -20 37 -12 -25 40 -22 42 -17 -29 -39 -23
right_child=4 2 19 21 10 6 16 8 -10 -11 36 17 -14 -15 15 23 18 -19 35 24 39 45 -24 27 -26 -27 -28 43 -30 -31 -32 -33 -34 -35 -36 -37 -38 44 -40 -41 -42 -43 -44 -45 -46 -47
leaf_value=-0.075964582753879503 -0.069243849207572761 0.035741231189769358 -0.034475520438483606 0.00024008757005764868 0.0053979168340094049 0.021278871716393678 0.043349847789358735 -0.030777396592705685 0.0098519230039982551 -0.11901369118503623 0.040023259587573648 -0.0011866111867871734 0.067522454776421381 -0.014571933387494105 0.037468416675360008 -0.12915667781401202 -0.03374691578077444 -0.053375303194535664 0.035689166116722258 -0.033983118694511635 -0.067185035973069102 -0.11964185558461178 0.0012787403381959732 0.05196324656628596 0.018718879961798503 -0.024979613738765137 -0.095744789459277349 -0.17289908751114993 0.05919080894187511 -0.047723119573055743 0.037825943715660656 -0.070894846455219401 0.070593737311992713 0.028361515278580419 0.025277153333523237 -0.0047444700962556855 0.012009872038628525 -0.074594515982870285 -0.13108786811111939 0.025675411749606913 0.15648105015061553 9.4083912121894511e-06 -0.065278165793653239 -0.020980767582991947 -0.017288098894950064 -0.018162090616661377
leaf_weight=309 303 2170 543 2655 745 11533 1754 8375 4521 648 493 2680 487 2097 570 980 5220 2515 2871 1386 1096 652 5291 732 5658 1620 2189 142 3271 2276 13593 1254 1234 4503 1793 3542 2875 1156 84 553 61 342 1592 369 1748 330
leaf_count=309 303 2170 543 2655 745 11533 1754 8375 4521 648 493 2680 487 2097 570 980 5220 2515 2871 1386 1096 652 5291 732 5658 1620 2189 142 3271 2276 13593 1254 1234 4503 1793 3542 2875 1156 84 553 61 342 1592 369 1748 330
internal_value=-1.68187e-11 0.00493272 0.00836704 0.00196853 -0.0197211 0.00580941 0.0132529 -0.0111042 -0.0183492 -0.0317558 -0.0315603 -0.0460285 -0.0253755 0.0273271 -0.0273083 -0.0396316 -0.000412184 -0.0264522 -0.00494767 0.026169 0.00872315 -0.0324675 -0.0161158 -0.0471298 0.00834907 -0.0597618 -0.0703119 -0.00396975 0.0328055 -0.0218983 0.0350487 -0.0424616 0.0260454 0.0222079 0.0103943 0.013357 -0.00991566 -0.028472 0.0331197 -0.029176 -0.0553928 -0.0790985 -0.0896176 -0.0631968 -0.0401002 -0.0855397
internal_weight=110811 88640 80107 58927 22171 53014 36813 16201 14031 9510 15655 9383 8862 18135 8533 6431 18678 5195 16924 21180 6516 5913 10511 5861 7044 4534 4188 1327 16038 4931 14136 1999 12767 4806 2102 6413 6272 3397 816 1710 1157 2914 2572 511 2904 982
internal_count=110811 88640 80107 58927 22171 53014 36813 16201 14031 9510 15655 9383 8862 18135 8533 6431 18678 5195 16924 21180 6516 5913 10511 5861 7044 4534 4188 1327 16038 4931 14136 1999 12767 4806 2102 6413 6272 3397 816 1710 1157 2914 2572 511 2904 982
is_linear=0
shrinkage=0.0998


Tree=33
num_leaves=47
num_cat=0
split_feature=68 60 34 55 33 28 24 84 15 74 90 22 3 21 9 42 79 38 82 11 100 5 21 9 5 64 1 38 7 46 10 17 70 95 38 94 88 26 29 86 0 95 99 28 65 15
split_gain=996.748 898.808 739.688 533.944 501.653 450.046 447.958 444.868 423.043 403.906 450.829 384.657 378.204 372.751 371.815 357.752 355.12 365.03 330.352 312.544 310.77 308.72 302.89 330.863 361.684 339.293 301.908 296.536 298.413 291.067 281.411 278.285 268.389 267.179 366.819 265.286 259.712 260.486 257.698 256.774 256.335 275.984 323.666 295.998 253.874 246.926
threshold=0.0097691773441483023 0.029762319508049705 0.004780586536138001 0.010551932312396503 0.0080869024093621015 0.05810655260572601 -0.048172911599818943 0.00058971559135565009 -0.022937270401440297 0.043868020411994953 0.049319778396182755 0.076900539551017361 0.072906406083546857 0.048580650556495859 -0.0154027784306552 0.035379896555545659 -0.055093026027110595 -0.0041828293153920492 0.010754461700823052 -0.077769624999195638 -0.96654999999999991 -0.0055606121996511987 -0.10878881064727379 -0.022554223766791549 0.013950995061963052 0.034660941797952954 0.14557294659921924 -0.0010381782999399497 0.13480056399582926 0.0020464211020962504 -0.027860357136043745 -0.034707737173949843 -0.0076870383808245492 0.025670312818756653 -0.018660525592633998 -0.048150280449342241 0.036513500833571258 0.014727944858437403 0.0078753955940765522 0.065992513894099714 0.23677686233208964 -0.058780159020676938 -0.0028075860461813994 -0.049367784495548642 0.018790596281015703 -0.10510920546429559
decision_type=2 2 2 2 2 2 2 2 2 2 2 2 2 2 2 2 2 2 2 2 2 2 2 2 2 2 2 2 2 2 2 2 2 2 2 2 2 2 2 2 2 2 2 2 2 2
left_child=1 2 4 9 7 8 38 21 20 10 12 27 22 16 39 19 -9 -18 -19 -10 -4 -1 -2 25 -25 44 -13 -5 -29 30 -16 -31 -6 -21 -35 -23 37 -32 -3 -8 41 42 -12 -44 -24 -22
right_child=3 6 5 11 32 -7 14 13 15 -11 40 26 -14 -15 29 -17 17 18 -20 33 45 35 23 24 -26 -27 -28 28 -30 31 36 -33 -34 34 -36 -37 -38 -39 -40 -41 -42 -43 43 -45 -46 -47
leaf_value=0.0329283179851457 -0.10238982236481731 0.0475910097432381 -0.13161041175242544 0.046413930804986493 0.0076204606564408764 0.023700857995104418 -0.013179076331769452 0.059992750608527663 -0.064868374935396239 -0.034217174336475337 -0.010902863249608449 -0.057394561491439428 0.043015737964148502 0.036183667639008765 -0.11671604855829333 -0.046330006271445019 -0.0066938475662720008 -0.029086346813897712 -0.087806939263501887 0.0064167877189458197 -0.11858660731689351 -0.084599496128498944 0.002572229476033824 0.0077729295920258663 -0.03132536674161477 0.071665842078283429 0.076616355789520529 0.020719572447689134 -0.10044258421596727 -0.10101152038022204 -0.065780057577443957 -0.019059502087075658 0.037423480510012111 0.028196412002138346 -0.057704940920218065 0.0030650030997003354 -0.13395302676302773 0.01712937816408111 -0.028401376063943277 -0.14868454931918532 0.024969696015673074 -0.047513809364954397 -0.62055412644881014 -0.1905198161603375 0.044853635557781296 -0.030941938106428202
leaf_weight=4293 252 1008 357 6912 5482 2679 4252 461 800 2520 49 842 3250 1126 1124 2389 3544 2635 1496 10208 339 369 4958 8600 3246 1222 209 6473 209 497 1162 2433 6673 717 1600 5038 343 559 795 144 459 1276 25 44 1979 5763
leaf_count=4293 252 1008 357 6912 5482 2679 4252 461 800 2520 49 842 3250 1126 1124 2389 3544 2635 1496 10208 339 369 4958 8600 3246 1222 209 6473 209 497 1162 2433 6673 717 1600 5038 343 559 795 144 459 1276 25 44 1979 5763
internal_value=-2.72343e-11 -0.00746944 -0.00209817 0.0119943 0.00815511 -0.0149362 -0.0318767 -0.00199028 -0.0196045 0.00388929 0.00767589 0.027424 0.0114118 -0.0176339 -0.0397583 -0.0107666 -0.0250821 -0.0301921 -0.0503514 -0.00439048 -0.0411061 0.012947 0.00634136 0.00771103 -0.00294065 0.0231761 -0.0307454 0.0319213 0.0169299 -0.0556669 -0.0765357 -0.0329606 0.0239821 -0.000527625 -0.0311226 -0.00291765 -0.0546546 -0.0388501 0.0140836 -0.0176178 -0.039718 -0.0610176 -0.207042 -0.346329 0.0146343 -0.0358111
internal_weight=110811 68286 55969 42525 31117 24852 12317 18962 22173 27880 25360 14645 23507 9262 10514 15714 8136 7675 4131 13325 6459 9700 20257 20005 11846 8159 1051 13594 6682 6118 3188 2930 12155 12525 2317 5407 2064 1721 1803 4396 1853 1394 118 69 6937 6102
internal_count=110811 68286 55969 42525 31117 24852 12317 18962 22173 27880 25360 14645 23507 9262 10514 15714 8136 7675 4131 13325 6459 9700 20257 20005 11846 8159 1051 13594 6682 6118 3188 2930 12155 12525 2317 5407 2064 1721 1803 4396 1853 1394 118 69 6937 6102
is_linear=0
shrinkage=0.0998


Tree=34
num_leaves=47
num_cat=0
split_feature=62 13 1 63 55 94 74 7 48 2 100 14 10 28 51 34 67 20 20 40 22 100 4 12 42 11 43 63 79 94 39 42 33 51 6 13 34 87 45 4 49 71 0 68 96 5
split_gain=969.178 906.502 671.973 751.106 644.713 634.926 617.77 584.756 543.507 499.634 456.407 436.289 461.071 429.565 425.821 393.741 393.107 552.227 392.688 387.478 383.88 381.916 374.406 374.364 365.776 351.612 339.57 338.948 385.945 378.461 338.715 338.26 330.04 307.586 306.952 293.904 292.219 290.379 290.101 289.874 364.429 288.978 280.542 248.2 246.702 245.948
threshold=1.0000000180025095e-35 -0.025953619958346098 0.025563501414801303 0.018021451424017555 0.015406104867644951 -0.02180737507425155 0.025741894806339701 -0.012680296350396199 0.0028879928447186004 -0.042595275058382141 -0.94494999999999985 -0.028565640028726445 0.023850455477870656 -0.028524572768928697 0.044555182014135351 0.012217509793144302 0.00059977305904030016 -0.0037336518116133995 -0.047324410317983644 0.0058899394643095512 -0.0026018685432371998 0.74275000000000013 0.014969489299584653 -0.026449134839881597 0.0034405855371416505 -0.068029734234783937 0.031044342444641753 -0.0025924729271264994 -0.10007451945000424 -0.065388917406707533 0.016029618898814751 -0.03138338999566679 -0.0018550759727693497 0.015943771646351353 0.15112493867595647 -0.092982268206320731 0.076514654030738816 0.0011601382297360501 0.0093994352885750521 0.0094534533640336007 -0.055688055059863843 -0.0096424666524108481 0.12097823144025276 -0.034474051803400144 0.013442063855269252 0.059779684231358807
decision_type=2 2 2 2 2 2 2 2 2 2 2 2 2 2 2 2 2 2 2 2 2 2 2 2 2 2 2 2 2 2 2 2 2 2 2 2 2 2 2 2 2 2 2 2 2 2
left_child=4 7 6 11 5 27 9 13 34 37 23 38 22 18 15 -6 17 -10 -2 42 -17 31 -13 -11 -8 32 -14 -1 -29 -30 44 -9 -12 -19 36 -33 39 -3 -4 40 -7 -20 -5 -23 -27 -18
right_child=1 2 3 19 14 8 24 21 16 10 25 12 26 -15 -16 20 45 33 41 -21 -22 43 -24 -25 -26 30 -28 28 29 -31 -32 35 -34 -35 -36 -37 -38 -39 -40 -41 -42 -43 -44 -45 -46 -47
leaf_value=-0.00032392276646726355 0.029697285794054763 0.058739987932156179 -0.0033470447998497597 -0.30538253640317525 0.045545846051260046 -0.0591752089747608 0.0020962800305436239 -0.018455706701044509 0.011096967282464622 0.041264220347801465 -0.10150736932597669 -0.018289080419499563 -0.0060383553237782547 0.0053719760338581581 -0.014056676398411202 0.038291856550037959 0.017991214169254765 -0.026662659609430196 -0.023522982492221824 -0.021100990032441102 -0.013845993519016839 -0.094630958895735848 -0.094400026649157878 -0.09780184578466089 -0.049367141931050781 0.031321916283628681 0.10015533069536688 0.11638789529764117 -0.11770558805066264 -0.032644529638923891 -0.0095455293717673396 -0.13594334993440324 0.0054328956363964643 -0.086375111962272016 0.11271722088559014 -0.062324587966006741 -0.049520021300900371 0.013635980797426483 0.073584064788037043 0.039585142665654549 0.01681893522541952 -0.1221410760967805 -0.087661293416378863 0.0073530602400779521 4.6027976900917532e-05 -0.039687608928114688
leaf_weight=4494 425 3159 1010 61 8652 676 2681 1586 2696 262 542 1598 1423 5318 2304 2751 6069 2382 502 1159 2878 279 1078 730 2825 7994 380 156 594 4238 5005 615 612 1344 360 4436 588 2585 945 5894 8947 721 1751 1605 3663 838
leaf_count=4494 425 3159 1010 61 8652 676 2681 1586 2696 262 542 1598 1423 5318 2304 2751 6069 2382 502 1159 2878 279 1078 730 2825 7994 380 156 594 4238 5005 615 612 1344 360 4436 588 2585 945 5894 8947 721 1751 1605 3663 838
internal_value=-3.7015e-11 -0.00941047 -0.0013804 -0.0246619 0.009257 0.00228988 0.00590429 -0.0298722 0.00944825 0.0126797 0.00481202 -0.00549678 -0.0226664 -0.00842417 0.0257563 0.0321795 -0.0055331 -0.0233076 -0.0529435 -0.066166 0.0116348 -0.0474062 -0.0489496 -0.0610727 -0.0243084 0.0084805 0.016343 -0.0202029 -0.0381131 -0.0431011 0.0121702 -0.0586632 -0.0447938 -0.0482015 0.0215762 -0.0712883 0.0195389 0.0384416 0.0338396 0.0221558 0.0114805 -0.0816617 -0.0949908 -0.00774967 0.021494 0.0109933
internal_weight=110811 54950 39463 9405 55861 39276 30058 15487 29794 24552 18808 6434 4479 6966 16585 14281 13329 6422 1648 2971 5629 8521 2676 992 5506 17816 1803 9482 4988 4832 16662 6637 1154 3726 16465 5051 16105 5744 1955 15517 9623 1223 1812 1884 11657 6907
internal_count=110811 54950 39463 9405 55861 39276 30058 15487 29794 24552 18808 6434 4479 6966 16585 14281 13329 6422 1648 2971 5629 8521 2676 992 5506 17816 1803 9482 4988 4832 16662 6637 1154 3726 16465 5051 16105 5744 1955 15517 9623 1223 1812 1884 11657 6907
is_linear=0
shrinkage=0.0998


Tree=35
num_leaves=47
num_cat=0
split_feature=15 91 3 1 10 4 74 34 20 100 63 7 17 38 27 6 62 24 14 62 24 60 9 12 100 62 80 4 11 13 14 51 23 28 19 11 7 8 18 21 95 15 11 18 41 73
split_gain=955.107 897.093 804.704 854.487 748.947 629.619 619.628 587.245 577.384 556.427 607.843 516.585 441.596 440.772 402.119 391.43 399.352 349.56 345.231 341.794 338.607 325.396 323.01 329.928 322.516 334.058 305.509 298.425 297.17 388.648 295.615 288.402 287.03 286.95 286.809 284.807 309.464 289.375 277.263 273.447 272.903 281.688 351.129 271.038 265.8 260.295
threshold=0.04157052901458911 0.049902648300496857 -0.018201141239484946 -0.026579094057372146 -0.047346984080368797 -0.063764283834258431 0.028206958060210903 -0.016789614470298145 0.013175628788399651 0.83610000000000018 -0.031145365699723798 -0.010196716959634597 -0.026901154628805445 -0.0035577108361844996 -0.017468572718685897 0.087590834189241212 0.00066765653013755005 0.082957297380862258 -0.074495937447968077 -0.0029202713971655495 -0.020891189558520849 0.0098451492553474507 0.0078371455206049014 0.017368896377811655 -0.87114999999999987 -0.00095282275107164995 0.0017792327008141504 0.00044750378011205002 0.033912783975552953 0.014159265304626602 -0.021580435374460399 -0.0057455334432695493 0.033400921644199805 0.015782430852915454 -0.057135294772755793 -0.036931703115824589 0.083068829820494461 0.0098044394666165508 -0.032993015130185543 -0.034327305991221545 0.03530601435568665 0.086436990967349567 -0.096374697003733731 -0.0053935678775713985 0.046351579850372707 -0.019803415915436547
decision_type=2 2 2 2 2 2 2 2 2 2 2 2 2 2 2 2 2 2 2 2 2 2 2 2 2 2 2 2 2 2 2 2 2 2 2 2 2 2 2 2 2 2 2 2 2 2
left_child=1 2 5 6 24 -1 8 19 12 10 34 26 32 21 -13 18 -17 40 -15 -7 -3 44 23 -8 -5 -26 -12 43 29 45 -22 -20 -4 -18 -6 37 -37 -10 -27 -32 41 42 -2 -14 -9 -21
right_child=17 20 3 4 9 7 22 13 35 -11 11 14 27 15 -16 16 33 -19 31 28 30 -23 -24 -25 25 38 -28 -29 -30 -31 39 -33 -34 -35 -36 36 -38 -39 -40 -41 -42 -43 -44 -45 -46 -47
leaf_value=0.019838641248645615 -0.050053962180746626 -0.010948707088417279 -0.0063571039718470276 -0.10791462117570816 0.11115257437189807 0.020797881767758365 0.022261325328044673 0.0094845734593722465 -0.067942203904696769 0.036331429531197126 0.028564405238117749 -0.061072397543419747 0.0092783680217532905 0.020721503260446552 -0.01643681822562057 0.059646429840995052 -0.11688992761280631 -0.033783626717062594 -0.043959930309978107 -0.0002528960626833525 -0.019544386460229796 -0.043536936177925534 -0.054178251237031766 -0.044757254831751865 -0.00018962500249603838 0.021510315538301454 -0.016640071319387207 0.058881983098813671 0.022272882137766532 0.00617780167015081 -0.13937744995082199 -0.087489028921221026 0.047916484420931237 0.027139567592239122 0.020909797641797997 0.012344241568653701 -0.095369675995918834 0.048472511155109664 -0.081625613755172369 -0.062223857702506803 -0.0078245062450626908 0.048627924183432071 0.023203080603953579 0.05130184605862384 -0.061959899559882112 -0.084554192906465014
leaf_weight=4150 688 1992 3721 736 409 3830 2277 3909 975 3298 3042 3028 3500 486 5981 596 333 1178 2903 485 1089 2754 1565 1078 1508 314 2917 5966 1223 1335 619 3173 1313 235 2464 7823 275 272 1499 1754 2627 4365 12342 2714 598 1472
leaf_count=4150 688 1992 3721 736 409 3830 2277 3909 975 3298 3042 3028 3500 486 5981 596 333 1178 2903 485 1089 2754 1565 1078 1508 314 2917 5966 1223 1335 619 3173 1313 235 2464 7823 275 272 1499 1754 2627 4365 12342 2714 598 1472
internal_value=-3.69117e-12 -0.00450664 -0.0019646 0.00483106 -0.00886615 -0.015979 0.0157944 -0.0223498 0.0218209 -0.00132825 -0.00828983 -0.0163604 0.0326628 -0.0341644 -0.0314392 -0.0507565 0.00257966 0.0190492 -0.0602176 -0.00113163 -0.043731 -0.0165098 -0.0167374 0.000727486 -0.0481424 -0.0348957 0.00643629 0.042939 -0.0197341 -0.0353399 -0.0625936 -0.0666916 0.00779888 -0.0573003 0.0337568 0.00184946 0.00868638 -0.0425494 -0.0637631 -0.0823495 0.0221577 0.0266856 0.019335 0.0276324 5.1426e-06 -0.0636619
internal_weight=110811 89611 84157 56675 25196 27482 31479 23332 26559 21139 17841 14968 17214 14987 9009 7726 1164 21200 6562 8345 5454 7261 4920 3355 4057 3321 5959 12180 4515 3292 3462 6076 5034 568 2873 9345 8098 1247 1813 2373 20022 17395 13030 6214 4507 1957
internal_count=110811 89611 84157 56675 25196 27482 31479 23332 26559 21139 17841 14968 17214 14987 9009 7726 1164 21200 6562 8345 5454 7261 4920 3355 4057 3321 5959 12180 4515 3292 3462 6076 5034 568 2873 9345 8098 1247 1813 2373 20022 17395 13030 6214 4507 1957
is_linear=0
shrinkage=0.0998


Tree=36
num_leaves=47
num_cat=0
split_feature=24 12 33 48 4 63 1 7 28 21 11 1 23 1 38 74 42 26 15 25 36 91 19 20 90 11 15 4 15 23 21 3 90 60 19 23 62 24 8 2 62 26 86 95 49 42
split_gain=853.046 881.932 725.163 644.8 599.496 571.579 545.808 539.709 539.487 463.772 413.872 401.029 400.164 392.199 381.789 381.054 356.914 347.111 345.98 341.667 360.197 314.866 312.085 311.671 307.844 302.66 339.675 300.129 319.487 299.662 295.202 366.999 295.587 292.08 286.166 280.532 277.467 269.257 269.239 318.278 266.219 264.828 262.443 253.877 247.609 247.305
threshold=0.040753127502359605 0.021176743249152204 0.026152684580882306 -0.012816228130314149 0.0099918569496138514 0.0079957807467897508 -0.014339463034966648 0.069193759738756952 -0.028524572768928697 0.0044383340405927006 -0.0058901815901666989 0.016521050577421304 0.039275030565538008 0.14557294659921924 0.014121368940325651 0.038852108504666312 -0.018931457261097195 0.012252965711429203 0.088755355054549304 -0.005518265569353099 -0.03540865823984609 0.071756836734820112 -0.010967912583573748 0.050367061645838811 -0.017867620364057295 0.035064526129068407 -0.0030590357167551998 -0.13769199117331887 -0.076708091414308774 0.022413296512320251 0.055485662395232255 0.021012693223322953 -0.0095723589281072989 0.045319370937734957 -0.043833726515651338 -0.0087656088148100487 0.054131323846571051 -0.023330194865328144 0.043248702066835905 -0.096197257889215987 0.0077264098060446009 0.041233886019525608 -0.033554911080314491 -0.04717477678038854 0.1088757827541308 0.0051234533136305009
decision_type=2 2 2 2 2 2 2 2 2 2 2 2 2 2 2 2 2 2 2 2 2 2 2 2 2 2 2 2 2 2 2 2 2 2 2 2 2 2 2 2 2 2 2 2 2 2
left_child=1 2 3 7 9 17 15 11 12 16 18 29 30 19 -10 45 -3 24 38 43 -21 25 -11 -4 -5 26 44 -13 -29 40 31 -2 -33 41 -9 -26 -12 -37 39 -6 -1 -24 -30 -8 -18 -7
right_child=8 4 23 5 10 6 13 34 14 22 36 27 -14 -15 -16 -17 21 -19 -20 20 -22 -23 33 -25 35 -27 -28 28 42 -31 -32 32 -34 -35 -36 37 -38 -39 -40 -41 -42 -43 -44 -45 -46 -47
leaf_value=0.041292186828101943 -0.093592622617599069 -0.0059701482986338197 0.037004532030732173 0.026740251104030246 0.024920472067504931 0.018231849123152302 -0.20593728720661525 0.046051999418674119 0.0033766649285266442 0.020994620964789698 0.032515174829030616 0.104482983809967 0.0056222868088044034 0.013754719864054602 -0.031248028345125627 -0.064891036302739999 -0.095974837292889512 0.026093275931319642 0.072569521453615532 -0.11554248121469564 -0.011008039639108371 -0.1561363918164525 -0.023798138132788915 -0.0052506463906565569 -0.034521884729099291 -0.012055138518656718 -0.036244674140032851 -0.1140130645089904 0.069145565902339029 0.062118822227832202 0.013379309754494088 0.019312703397898673 -0.065395571535421859 -0.093399672735933775 -0.042923002604722003 0.040804590276768742 -0.035991155299524014 -0.01102507520965478 0.023593859769926208 -0.049813196496429159 0.0038141835489278282 0.048348465912271529 -0.01303088464936282 -0.079947712255887607 0.11702950663609163 -0.017455982650663161
leaf_weight=4720 2281 2960 11902 2701 711 4451 177 451 9467 3183 5463 246 1248 870 4770 928 1852 6735 424 413 1601 254 2815 2036 3329 2183 3113 269 457 3304 509 669 1061 487 1785 1357 660 3777 1015 2814 3146 618 2530 1593 56 3420
leaf_count=4720 2281 2960 11902 2701 711 4451 177 451 9467 3183 5463 246 1248 870 4770 928 1852 6735 424 413 1601 254 2815 2036 3329 2183 3113 269 457 3304 509 669 1061 487 1785 1357 660 3777 1015 2814 3146 618 2530 1593 56 3420
internal_value=-1.22949e-12 0.00410996 0.0107803 0.0049891 -0.0103923 -0.00348245 -0.0190257 0.0206976 -0.0186558 -0.0218846 0.00776924 0.0276584 -0.0444041 -0.0466661 -0.00822408 -0.004406 -0.0352916 0.00819992 -0.013646 -0.0605577 -0.0324443 -0.046929 -0.00222049 0.0308321 -0.00259475 -0.0430785 -0.0565667 -0.00180906 -0.00983972 0.036897 -0.0582166 -0.0673022 -0.0326384 -0.0210709 -0.0249768 -0.0119571 0.0251309 0.00267435 -0.0216978 -0.0347393 0.0263029 -0.0108105 -0.00045819 -0.0925467 -0.0897231 0.00272526
internal_weight=110811 90806 62198 48260 28608 31352 13453 16908 20005 17521 11087 14672 5768 4654 14237 8799 10418 17899 4964 3784 2014 7458 7103 13938 11164 7204 5021 3502 3256 11170 4520 4011 1730 3920 2236 8463 6123 5134 4540 3525 7866 3433 2987 1770 1908 7871
internal_count=110811 90806 62198 48260 28608 31352 13453 16908 20005 17521 11087 14672 5768 4654 14237 8799 10418 17899 4964 3784 2014 7458 7103 13938 11164 7204 5021 3502 3256 11170 4520 4011 1730 3920 2236 8463 6123 5134 4540 3525 7866 3433 2987 1770 1908 7871
is_linear=0
shrinkage=0.0998


Tree=37
num_leaves=47
num_cat=0
split_feature=100 84 93 74 94 87 20 30 7 3 28 9 88 33 11 2 14 3 0 68 7 26 83 79 1 32 9 2 55 63 1 46 6 90 95 26 4 25 0 95 88 99 28 27 56 33
split_gain=790.243 782.206 922.318 696.331 559.794 447.128 488.4 414.218 393.264 381.585 364.097 355.72 345.681 344.056 343.915 331.882 424.153 566.87 358.588 343.062 323.872 318.203 396.865 320.225 318.12 327.618 309.614 445.516 313.563 292.219 294.562 277.741 267.488 260.614 257.179 255.182 253.624 252.219 276.28 250.537 243.7 243.116 239.499 231.476 227.711 235.482
threshold=-0.93604999999999994 0.0036580484726457005 0.032015482234156102 0.027204606588271653 -0.017925754767772997 0.0080159428036688015 0.024393189078829005 0.0097290599877965008 0.14989649242999753 0.082183349371925563 -0.09021659751123938 -0.016915336223098345 -0.0017365939578389998 0.03680655241817176 -0.15516119816725618 -0.016427926504392197 -0.0091123544535446997 0.013694470897418601 0.13637365746240662 0.0088636745045878509 0.030025241328595905 0.018945427008543955 -0.01406998484140405 -0.047505527612921337 0.018851818115529401 -0.0014749022805316998 -0.0017257213818673998 -0.037029266757280993 0.0025178874264946004 0.0051024057733178507 0.048370956058493307 0.0082841580076114026 0.078341753147452911 0.086740732585887173 -0.062999807813776496 -0.033433085674427043 -0.041904747821436543 0.017921724172942202 0.18706597638844955 0.037603836127737308 0.013727243199054951 0.054373317727739505 -0.014833294687495448 -0.047649949137215743 0.011904538659548151 -0.070130343989338137
decision_type=2 2 2 2 2 2 2 2 2 2 2 2 2 2 2 2 2 2 2 2 2 2 2 2 2 2 2 2 2 2 2 2 2 2 2 2 2 2 2 2 2 2 2 2 2 2
left_child=7 3 4 5 13 14 20 44 9 10 -6 31 39 21 -2 29 18 19 33 -18 40 22 -3 -24 -14 -26 28 -28 -12 -16 -31 -4 35 -17 -25 -22 -11 -9 -39 -5 -7 -27 -23 -32 -1 -46
right_child=1 2 11 12 8 6 -8 37 -10 36 26 -13 24 -15 15 16 17 -19 -20 -21 32 42 23 34 25 41 27 -29 -30 30 43 -33 -34 -35 -36 -37 -38 38 -40 -41 -42 -43 -44 -45 45 -47
leaf_value=0.0070807319543990518 -0.10675933747634983 -0.0077166630779665502 -0.038861513784416928 0.01521112043399901 -0.060466891547778394 0.034809581620101969 -0.021097833667419408 -0.03765067393311685 -0.092527294371271981 -0.0070704896640454342 0.0020539399279608113 -0.059865668470423399 -0.047312337022294183 0.016735456970201346 0.053846189385694083 0.0093399141081037737 -0.042831330763753277 0.029365434047887572 0.052446580784200607 0.0091579059842501667 -0.088621897083154419 -0.039158489847614088 0.0361122453490526 -0.25957714763043421 -0.034051518801874327 0.066030928289468827 0.019672829060731593 -0.02346905769889655 0.031385936578157421 0.032516566416472388 -0.15683727784010407 0.022134236374016358 0.05316600229659748 -0.31435970997142793 -0.06760826631820957 -0.010127030995633992 0.059277656556569865 -0.15242225473952772 -0.052705829045697747 -0.039104792206525699 0.00067734455424178742 -0.12575017153689017 0.020296676416879142 -0.011232930236633862 -0.20549891549193047 -0.033904833682509405
leaf_weight=2718 199 2008 1899 4588 863 6497 5521 2626 400 786 8411 4028 3617 1947 5780 2725 2882 4214 4346 2252 492 1096 299 71 1046 769 3742 6570 6386 3402 128 1222 544 25 3308 2553 2126 471 671 1037 3067 72 1756 723 88 840
leaf_count=2718 199 2008 1899 4588 863 6497 5521 2626 400 786 8411 4028 3617 1947 5780 2725 2882 4214 4346 2252 492 1096 299 71 1046 769 3742 6570 6386 3402 128 1222 544 25 3308 2553 2126 471 671 1037 3067 72 1756 723 88 840
internal_value=-3.44977e-11 0.00225679 -0.00726702 0.0101684 -0.00133433 0.0156579 0.00381387 -0.0314737 0.00575069 0.0071117 0.00327073 -0.0402698 -0.0122011 -0.0211224 0.0239491 0.0249315 0.0162038 0.00223894 0.0346005 -0.0200265 0.0142706 -0.0297555 -0.0434006 -0.0628822 -0.0299823 0.00323576 0.0054614 -0.00781381 0.0147129 0.0392361 0.0193804 -0.0149792 -0.0112939 0.00639719 -0.0716419 -0.0228099 0.0413691 -0.0546781 -0.0938323 0.00519768 0.023864 0.0496121 -0.00255145 -0.0331335 -0.00749274 -0.0501767
internal_weight=110811 103397 46918 56479 39769 45350 18674 7414 29284 28884 25972 7149 11129 10485 26676 26477 16444 9348 7096 5134 13153 8538 5686 3678 5504 1887 25109 10312 14797 10033 4253 3121 3589 2750 3379 3045 2912 3768 1142 5625 9564 841 2852 851 3646 928
internal_count=110811 103397 46918 56479 39769 45350 18674 7414 29284 28884 25972 7149 11129 10485 26676 26477 16444 9348 7096 5134 13153 8538 5686 3678 5504 1887 25109 10312 14797 10033 4253 3121 3589 2750 3379 3045 2912 3768 1142 5625 9564 841 2852 851 3646 928
is_linear=0
shrinkage=0.0998


Tree=38
num_leaves=47
num_cat=0
split_feature=60 65 21 33 100 7 38 52 42 89 82 62 22 28 3 91 7 3 4 91 3 1 100 68 2 14 1 1 6 11 63 90 81 77 60 82 8 88 95 29 59 24 59 35 100 49
split_gain=758.225 724.58 714.287 775.935 718.046 682.974 511.425 509.369 463.119 581.16 481.819 448.194 409.393 336.051 339.817 330.001 318.235 301.446 333.48 291.273 284.857 262.797 268.752 258.246 396.285 257.259 309.95 257.132 252.904 244.414 231.518 267.224 222.859 221.618 221.186 222.512 220.078 217.198 269.035 215.007 213.082 206.599 206.496 205.507 203.061 202.972
threshold=0.049618456381192604 0.016749106253747304 0.05287311430924841 0.025614083537941906 0.74330000000000018 -0.010658947213939849 -0.042393759276354144 -0.024410363972578095 0.012699499242694602 -0.015615383787517048 -0.092819023082530885 -0.030330034889849849 0.00085113390070050009 -0.087112539293808286 -0.022443628107096495 0.03710395961764696 0.041940620523972703 -0.0041888843839510996 -0.16309245050921686 0.075605648118949473 0.022092794498701402 -0.069866340071900984 -0.94224999999999992 -0.028922918696650396 -0.022945679200532598 -0.036053716955198246 -0.11635500304588028 0.083428549065415622 -0.075098427373079743 0.038712187538076655 -0.042781752915602288 0.0008652858127881001 -0.017095594764113098 -0.034586165126249742 0.017222639646481502 0.04488241138292786 -0.083201446603720988 0.020033759396358604 0.0056565939040799009 0.0078753955940765522 0.0087811563051279021 0.10994557259447872 -0.0073072587920366494 -0.0036078868111263994 0.75090000000000012 -0.034051566587657095
decision_type=2 2 2 2 2 2 2 2 2 2 2 2 2 2 2 2 2 2 2 2 2 2 2 2 2 2 2 2 2 2 2 2 2 2 2 2 2 2 2 2 2 2 2 2 2 2
left_child=1 2 3 4 5 11 45 -2 9 -8 -10 39 37 -3 25 42 23 18 -13 -19 43 -16 36 24 27 -15 -27 -9 -18 34 -24 33 -26 -32 35 -28 -23 -5 -39 -1 -29 -33 -6 -14 -30 -7
right_child=7 13 -4 12 15 6 8 16 10 -11 -12 17 20 14 21 -17 28 19 -20 -21 -22 22 30 -25 32 26 29 40 44 -31 31 41 -34 -35 -36 -37 -38 38 -40 -41 -42 -43 -44 -45 -46 -47
leaf_value=0.057517862798480646 0.015646771248939966 -0.03999175554755393 0.02641715682221106 0.037089358477684874 0.034064624268619434 -0.056179468466203371 -0.056030881569164859 0.01568127704053128 0.14211090481549596 -0.0085882848373189744 -0.058692503567231047 0.085907893350160081 0.0030287842365267692 0.030276746100065963 0.043931825098123746 -0.039980850311871319 0.008241909674590207 0.0035106137531602621 -0.033319076550473427 -0.14423987756693943 0.016904842718239037 -0.254058993981017 0.058673344442343067 -0.014099260909940599 -0.23305885022878647 0.045555856989228406 -0.0088701093601100921 0.067341238191290329 -0.1058281535017002 0.016150493016118844 0.076302958201338977 0.0026075274584120419 -0.090068010199890164 0.023046260589266617 -0.071209567195207241 -0.10639553226156995 -0.026428672945688847 0.030479520943164199 -0.039420739827621946 -0.00092307765764481481 -0.15520543588040417 -0.19918747967300462 0.0044375037071173939 -0.046910036056611801 -0.019874628028497317 0.025793279953700367
leaf_weight=1579 2168 1038 7448 6425 3924 354 3759 565 121 8142 7256 244 1433 2310 5400 1158 320 8517 5513 135 2960 45 1468 4035 156 911 2820 55 1356 1578 913 5508 357 5273 988 254 706 1303 947 1040 194 51 5816 1921 343 2004
leaf_count=1579 2168 1038 7448 6425 3924 354 3759 565 121 8142 7256 244 1433 2310 5400 1158 320 8517 5513 135 2960 45 1468 4035 156 911 2820 55 1356 1578 913 5508 357 5273 988 254 706 1303 947 1040 194 51 5816 1921 343 2004
internal_value=-2.0037e-11 0.00253509 -0.00284695 -0.00622349 -0.0122408 -0.0186183 -0.0303855 -0.0268833 -0.0357518 -0.0235733 -0.0553989 -0.0036668 0.0136732 0.0157771 0.0178281 0.0103854 -0.0393755 -0.0105697 -0.0282659 0.00120521 -0.00565974 0.0252357 0.0180058 -0.0266595 -0.0648513 0.0016401 -0.0084577 -0.0215555 -0.0731464 -0.0171822 0.0213066 0.0166361 -0.133551 0.0309065 -0.0301313 -0.0169285 -0.0400683 0.0277444 0.00105928 0.0343111 -0.106049 0.000756197 0.0163735 -0.0255736 -0.0884756 0.0134869
internal_weight=110811 101262 71999 64551 49562 38664 21636 9549 19278 11901 7377 17028 14989 29263 28225 10898 7381 14409 5757 8652 6314 19364 13964 5362 1327 8861 6551 814 2019 5640 13213 11745 513 6186 4062 3074 751 8675 2250 2619 249 5559 9740 3354 1699 2358
internal_count=110811 101262 71999 64551 49562 38664 21636 9549 19278 11901 7377 17028 14989 29263 28225 10898 7381 14409 5757 8652 6314 19364 13964 5362 1327 8861 6551 814 2019 5640 13213 11745 513 6186 4062 3074 751 8675 2250 2619 249 5559 9740 3354 1699 2358
is_linear=0
shrinkage=0.0998


Tree=39
num_leaves=47
num_cat=0
split_feature=15 62 9 20 28 94 11 22 7 64 25 7 58 3 33 100 66 13 11 94 21 2 90 26 41 55 22 30 60 97 56 77 24 17 23 2 28 18 21 44 58 91 72 10 9 21
split_gain=711.825 690.548 613.207 605.83 683.232 472.331 371.157 413.866 413.406 358.536 357.282 379.454 348.479 421.374 337.849 340.636 323.506 358.769 315.247 311.297 302.108 347.111 297.721 295.416 274.982 274.109 291.53 260.134 256.274 250.193 246.214 247.265 245.256 240.727 240.604 295.111 239.015 231.044 228.003 227.37 219.244 211.853 210.796 208.926 208.785 203.896
threshold=0.04157052901458911 0.05058794189166866 0.035488849536434205 -0.014607570635774699 -0.0067663485611202494 -0.058389866392489047 0.061075131271739504 0.032865081824452559 0.032783043108846159 0.042291239686600708 0.027322206258025856 -0.023846056572787998 -0.0092482633596683485 -0.0047829561281900988 0.039817384129130509 0.63705000000000012 0.058182571512453103 -0.0067694821682302486 -0.13294320776811239 -0.011467577191594898 -0.023280096730588448 -0.012775860995248097 0.034975246739076558 -0.0013987711207687997 0.03310030718974221 -0.0072040181074072987 -0.011920973214037749 0.043011112539501857 0.0018871805525041002 -0.020863318071184297 0.014139604724621351 0.036594212015118859 -0.04632313950314474 -0.12815706943253366 -0.023402473593940248 -0.10244492144549054 -0.011833342826950298 0.023199534933491851 -0.0029462045024882997 -0.047906516602871492 0.10745391036676266 0.028325146679017452 0.061985036205758605 0.093727988637506407 0.019989025967572103 -0.049317320814781539
decision_type=2 2 2 2 2 2 2 2 2 2 2 2 2 2 2 2 2 2 2 2 2 2 2 2 2 2 2 2 2 2 2 2 2 2 2 2 2 2 2 2 2 2 2 2 2 2
left_child=1 2 3 12 5 -5 7 8 22 14 11 40 -1 20 15 -7 17 -13 -12 -15 21 -14 -4 30 39 -2 -27 34 -25 -23 -3 -32 -9 -21 35 -10 -30 -34 -24 -22 -6 -26 -16 -38 -11 -8
right_child=25 23 6 4 10 9 45 32 27 44 18 16 13 19 42 -17 -18 -19 -20 33 24 29 38 28 41 26 -28 -29 36 -31 31 -33 37 -35 -36 -37 43 -39 -40 -41 -42 -43 -44 -45 -46 -47
leaf_value=0.031584956142251097 0.0033959630866897531 -0.080784264955832089 0.004414714256508117 -0.10366290921616107 0.024719893061763115 -0.035688000178670777 -0.048747990496664798 0.0077637477892754493 0.031244185822342795 0.040006217083375928 -0.10050932545856067 -0.0323669542835055 0.016846345231290243 -0.0066437726259878467 0.022956927844457999 -0.00078441902403448844 0.057153953265227389 0.0019459099250406144 0.035856745379659827 -0.18647003019515956 -0.086149808496451583 -0.00098578669684783876 -0.09910066626545451 0.0038164925094845087 -0.034378693535097128 0.04446516594136888 0.013061529390223007 -0.11108918733350176 -0.096609935789347526 -0.11850494356748265 -0.0023386314115100195 -0.10148979668803627 -0.049758870295814661 0.035719571635257637 -0.0097236725305396374 -0.099918832277554451 -0.027358477846174446 -0.1152895610763524 -0.011403637400135995 0.0187941269876865 -0.26578648946927141 -0.18591062673361955 -0.15828031941928308 0.17885639674537457 -0.068609912268658299 0.026091243660634925
leaf_weight=9056 9129 1783 7191 625 5376 9835 425 537 218 1543 175 5041 449 2891 2027 3885 718 7627 4804 49 222 240 519 2536 492 5094 6977 507 606 727 1093 325 2214 5492 1658 790 830 707 685 2788 26 113 66 52 199 2469
leaf_count=9056 9129 1783 7191 625 5376 9835 425 537 218 1543 175 5041 449 2891 2027 3885 718 7627 4804 49 222 240 519 2536 492 5094 6977 507 606 727 1093 325 2214 5492 1658 790 830 707 685 2788 26 113 66 52 199 2469
internal_value=-9.66145e-12 -0.00389057 -0.00129615 0.00324338 -0.00384529 -0.0184084 -0.0176268 -0.0239301 -0.0148744 -0.0153731 0.00729442 0.000995309 0.0164477 0.00626551 -0.020107 -0.0258046 -0.00801463 -0.0117083 0.0310638 0.0199037 -0.0165922 -0.0556678 -0.00327558 -0.0334744 -0.00128615 0.0164452 0.026314 -0.0455622 -0.0154756 -0.0893378 -0.0561008 -0.0250637 -0.054224 0.0337547 -0.0331007 -0.0715522 -0.0483553 -0.0656199 -0.0492066 0.0110541 0.0233217 -0.0626814 0.0172418 -0.0152007 0.0275983 0.0151007
internal_weight=110811 89611 82386 64466 41947 18180 17920 15026 11568 17555 23767 18788 22519 13463 15813 13720 13386 12668 4979 8432 5031 1416 8395 7225 3615 21200 12071 3173 4024 967 3201 1418 3458 5541 2666 1008 1488 2921 1204 3010 5402 605 2093 882 1742 2894
internal_count=110811 89611 82386 64466 41947 18180 17920 15026 11568 17555 23767 18788 22519 13463 15813 13720 13386 12668 4979 8432 5031 1416 8395 7225 3615 21200 12071 3173 4024 967 3201 1418 3458 5541 2666 1008 1488 2921 1204 3010 5402 605 2093 882 1742 2894
is_linear=0
shrinkage=0.0998


Tree=40
num_leaves=47
num_cat=0
split_feature=91 34 62 28 100 68 48 6 7 4 46 21 93 13 79 1 75 12 62 38 67 20 65 100 28 23 21 4 95 20 2 23 7 4 38 74 77 3 3 10 7 84 97 49 84 24
split_gain=690.323 545.254 516.052 550.584 439.433 432.847 407.169 386.602 379.975 412.358 363.772 348.813 317.969 309.857 307.464 303.589 365.635 342.713 288.531 287.892 292.482 353.553 288.678 282.811 266.226 344.359 258.096 285.867 347.403 246.734 243.208 241.744 241.386 239.015 243.433 238.92 256.734 235.571 232.141 231.49 229.272 228.045 224.913 279.234 266.883 220.416
threshold=0.010692194638635001 0.012918297023505302 -0.042391917771326192 -0.048400260557343394 -0.96934999999999993 0.0050513659584344511 0.0032610290370703007 0.047193644022891161 0.047795594144154761 0.046826267456041806 0.0097215170104529517 0.03370376118609316 0.029407397422944154 0.029462918027883554 -0.10007451945000424 0.025563501414801303 0.0066847567029541506 0.041334189022634207 0.054131323846571051 -0.043756671064606741 0.00059977305904030016 -0.0083893198769363474 0.025391641465273302 0.81280000000000008 -0.010058903171288899 0.038575792746996261 0.047493066980124309 0.013255369619098701 -0.06966232044890934 -0.045636471038364643 -0.011055651086995699 -0.0066396646638801991 -0.034042867948546891 0.082526604212036905 -0.014215972226487199 -0.027377038448894397 0.015403617395575752 -0.077636584285353291 0.0076024320992744508 -0.050089387418396442 -0.019290509561501395 0.033570038825599453 0.0054391208034896008 0.052720690008014152 0.0045944489623533013 0.10994557259447872
decision_type=2 2 2 2 2 2 2 2 2 2 2 2 2 2 2 2 2 2 2 2 2 2 2 2 2 2 2 2 2 2 2 2 2 2 2 2 2 2 2 2 2 2 2 2 2 2
left_child=1 4 31 26 -1 10 13 8 15 -10 12 19 32 14 -6 17 -17 35 41 -8 21 -21 -23 24 25 -16 27 28 -4 -11 -19 -2 38 34 -34 -3 45 -33 -5 -26 -30 -9 44 -44 -22 -37
right_child=2 7 3 5 6 -7 11 18 9 29 -12 -13 -14 -15 23 16 -18 30 -20 20 42 22 -24 -25 39 -27 -28 -29 40 -31 -32 37 33 -35 -36 36 -38 -39 -40 -41 -42 -43 43 -45 -46 -47
leaf_value=-0.059028658252119358 -0.006294939955210941 0.045050023725782991 -0.33056466181759131 -0.029025832897637702 0.11699878506123065 0.004118220446629078 0.032670077996011945 0.036036977577761448 -0.057384599159104162 0.087572651727560624 -0.0015116865187388589 0.03124974458707263 -0.072097399935513715 0.03915267456296196 -0.020898435433002707 -0.0037268653802276014 -0.064273872290575448 0.0023076979236308246 -0.062999272073198179 0.0069924234840253452 0.041258946259133372 -0.051178629833598097 0.0080782104684164156 0.037162969194584505 -0.026837104689196454 0.04339315040285191 0.0098545297462249628 -0.028249271664654452 -0.033765032479719521 -0.017083177192517732 -0.056078369867233531 0.095187794418982841 -0.011787538021409426 0.039408104257223964 -0.05399017931717924 0.016835652829555535 -0.02915450058805406 0.023681072875153 0.033267874554581148 0.023466719878546181 -0.10308587022144058 -0.028677131292122175 -0.02468345160764137 0.093550845703399457 -0.0070315545638391834 -0.14897370695736672
leaf_weight=852 2136 1766 55 1172 289 12051 1970 3752 3108 322 6187 3540 1660 7211 4782 2406 1692 1388 389 2701 2552 3732 1049 3902 1029 1004 656 1749 774 740 1456 575 2072 408 3969 5634 1755 2272 1212 7956 1231 634 2665 215 2060 81
leaf_count=852 2136 1766 55 1172 289 12051 1970 3752 3108 322 6187 3540 1660 7211 4782 2406 1692 1388 389 2701 2552 3732 1049 3902 1029 1004 656 1749 774 740 1456 575 2072 408 3969 5634 1755 2272 1212 7956 1231 634 2665 215 2060 81
internal_value=-2.16771e-12 0.00571102 -0.0108647 -0.0153601 0.011999 -0.0102933 0.0132961 -0.00617998 -0.0121772 -0.0390394 -0.0207053 0.00275756 -0.0320225 0.0215439 0.0148475 -0.0052533 -0.0287258 0.00270947 0.0193765 -0.00319512 -0.0079136 -0.0218709 -0.0381771 0.0132665 0.00695391 -0.00974241 -0.0479636 -0.0579212 -0.0831135 0.0146486 -0.0275833 0.019083 -0.0244911 -0.034522 -0.0395151 0.0120374 0.0042328 0.0381231 0.00264362 0.0177057 -0.0763256 0.0266825 0.00602507 -0.0158569 0.0196895 0.0144856
internal_weight=110811 72632 38179 33196 47509 28731 46657 25123 20348 4170 16680 20484 10493 26173 18962 16178 4098 12080 4775 16944 14974 7482 4781 18673 14771 5786 4465 3809 2060 1062 2844 4983 8833 6449 6041 9236 7470 2847 2384 8985 2005 4386 7492 2880 4612 5715
internal_count=110811 72632 38179 33196 47509 28731 46657 25123 20348 4170 16680 20484 10493 26173 18962 16178 4098 12080 4775 16944 14974 7482 4781 18673 14771 5786 4465 3809 2060 1062 2844 4983 8833 6449 6041 9236 7470 2847 2384 8985 2005 4386 7492 2880 4612 5715
is_linear=0
shrinkage=0.0998


Tree=41
num_leaves=47
num_cat=0
split_feature=24 12 48 65 4 46 68 63 28 62 9 33 94 87 27 42 62 21 21 42 80 60 9 20 62 46 84 67 27 31 2 11 11 69 19 38 3 9 34 38 4 3 60 63 82 68
split_gain=650.777 671.015 507.904 456.596 441.286 378.586 366.565 362.296 361.711 344.2 348.961 333.805 399.018 332.297 330.082 314.088 298.251 467.139 285.226 261.407 306.048 254.672 240.062 235.63 234.841 232.719 264.129 248.54 270.984 231.162 229.148 228.683 227.36 246.359 233.5 264.562 259.63 227.012 224.507 223.799 223.319 222.935 217.344 216.888 215.408 243.14
threshold=0.029537174986280803 0.021176743249152204 -0.028651835004919444 -0.028230901734497247 0.0022385405348290008 0.027983648682410104 -0.012094782848037897 -0.020068426878643995 0.0015916102490158002 0.036556494044710355 0.0032962987332410005 0.026152684580882306 -0.024002214607619296 0.012313113402146702 -0.017468572718685897 -0.098174651767591783 0.0030155170481750504 -0.060384456199259397 -0.020455303895357099 0.0058525587795725011 -0.027132462284441449 0.045319370937734957 -0.089855702594301784 0.063620690072318756 0.048556166353620055 0.011156305769271152 0.028245579084801103 0.011468711376267501 0.016227308247104954 0.066381774422393819 0.087804794297721311 -0.033160675033238239 0.016253589878105903 -0.088853993407606732 -0.059331614899067096 -0.024840970977035599 0.10344145402664981 0.028977479724225205 -0.029403871826759496 -0.0091010686175561992 -0.037338448420099389 0.027977940733023555 0.037699087519883857 -0.0025924729271264994 0.046935705697033606 0.034748732023069405
decision_type=2 2 2 2 2 2 2 2 2 2 2 2 2 2 2 2 2 2 2 2 2 2 2 2 2 2 2 2 2 2 2 2 2 2 2 2 2 2 2 2 2 2 2 2 2 2
left_child=1 2 16 5 14 19 7 -2 11 10 30 12 39 22 15 -3 37 -18 32 -4 -21 -10 -8 -19 -15 26 27 -9 -29 41 38 40 34 -34 -16 -36 -37 -1 -6 -5 -24 -14 -33 -11 45 -17
right_child=6 4 3 8 9 -7 13 25 21 43 -12 -13 29 24 18 44 17 23 -20 20 -22 -23 31 -25 -26 -27 -28 28 -30 -31 -32 42 33 -35 35 36 -38 -39 -40 -41 -42 -43 -44 -45 -46 -47
leaf_value=0.056833885353164797 0.0037888793980215378 0.065869458064058459 -0.0067139789485973142 -0.0046500700439002732 0.062205189862179849 0.025835183589754153 0.054979500090594768 -0.022984297726460993 0.024478197447438402 0.00089710454602358975 -0.0075242906886891338 0.025604416780622537 -0.010939547857185192 -0.017242780697550308 0.038331266295782956 -0.04852116581340294 -0.078752795995589292 0.030025706158337273 0.0039161818133788906 0.0022768083714326233 -0.065313287739914141 -0.018682429605785891 0.027705855554435551 -0.048289952320601563 -0.0791524404544732 -0.016703166296831481 -0.098523056645863347 -0.11461030909108244 -0.01145123814924979 0.063321716697928396 0.080221604968483115 0.014010107656952559 -0.27283404977678349 0.0030166542266338546 0.015667929534530875 -0.10588279715508882 0.036406440776596882 0.011871419038393245 0.009471426910849708 -0.060851518632913409 -0.039854223881032422 0.017937698829799995 -0.035496202474878641 -0.063990580596606492 -0.10664602926881445 0.012813271248115932
leaf_weight=4346 2530 267 3506 1168 1066 1802 867 2439 16516 1046 4088 4381 7589 4904 226 3900 508 3923 6105 935 2330 1484 631 424 697 2682 1019 747 384 588 811 7803 33 1412 291 1130 144 1506 3273 1783 2140 4102 996 1007 511 771
leaf_count=4346 2530 267 3506 1168 1066 1802 867 2439 16516 1046 4088 4381 7589 4904 226 3900 508 3923 6105 935 2330 1484 631 424 697 2682 1019 747 384 588 811 7803 33 1412 291 1130 144 1506 3273 1783 2140 4102 996 1007 511 771
internal_value=-9.6992e-12 0.00443013 0.0105069 0.00596654 -0.0088252 -0.0148181 -0.0132037 -0.0287396 0.0107042 0.00603233 0.0142467 0.00132766 -0.00565569 -0.00476215 -0.0201677 -0.0396885 0.0300913 0.0118042 -0.00878049 -0.0256373 -0.0459575 0.0209198 0.00432807 0.0223869 -0.0249469 -0.0400581 -0.0537078 -0.0409159 -0.0795855 0.00226349 0.0315282 0.000532499 -0.0327339 -0.00328305 -0.0564951 -0.0701889 -0.0897999 0.0452629 0.022427 -0.0386071 -0.0244697 -0.000807441 0.00840626 -0.0309304 -0.0451273 -0.0383972
internal_weight=110811 82972 56891 46184 26081 8573 27839 9801 37611 11291 9238 19611 15230 18038 14790 5449 10707 4855 9341 6771 3265 18000 12437 4347 5601 7271 4589 3570 1131 12279 5150 11570 3236 1445 1791 1565 1274 5852 4339 2951 2771 11691 8799 2053 5182 4671
internal_count=110811 82972 56891 46184 26081 8573 27839 9801 37611 11291 9238 19611 15230 18038 14790 5449 10707 4855 9341 6771 3265 18000 12437 4347 5601 7271 4589 3570 1131 12279 5150 11570 3236 1445 1791 1565 1274 5852 4339 2951 2771 11691 8799 2053 5182 4671
is_linear=0
shrinkage=0.0998


Tree=42
num_leaves=47
num_cat=0
split_feature=21 26 24 42 21 22 74 31 15 60 19 77 84 9 62 100 63 46 79 0 34 60 3 60 38 94 90 25 40 7 48 33 30 0 87 20 78 11 67 79 38 93 74 21 62 70
split_gain=613.246 650.948 700.462 532.879 518.024 450.243 429.723 389.325 370.733 433.54 398.378 354.165 340.543 318.257 308.22 298.572 333.422 283.376 348.653 270.752 270.503 263.684 309.006 252.996 250.806 248.904 248.265 224.904 237.165 340.158 224.852 223.594 222.912 222.297 219.502 217.685 217.109 212.781 233.856 267.485 210.291 208.398 208.322 206.407 204.745 200.804
threshold=0.094691000577307102 0.00033916871458705006 -0.011851749162440698 0.027573847704226755 -0.057816508389308491 0.021479564546454503 0.027673106704240204 0.078111080310894962 0.071191168383034562 -0.0096595090868002494 -0.017028667013199248 0.025637541610171701 0.017944844771170202 -0.065353216568751829 0.00066765653013755005 0.20235000000000003 0.044723966599425409 0.025464925491788654 -0.058433158442318993 0.08861108222700996 0.060032257337647457 0.0015511934018784003 0.026801450003916354 -0.010317439836675298 0.015377853521738252 -0.04056854837898894 -0.015804475833406249 -0.054845920102745298 -0.024772314161299696 0.14177564617113228 -0.029580174070209495 -0.062774183508371592 0.084587536755469817 0.13208159450316759 0.012006763808855651 0.041553637582559505 0.056452945482897011 -0.079601572395499434 0.012192610188842301 -0.07848226220357149 -0.0098367790907645473 -0.015983246624336544 0.060286658063969413 -0.026621527383901198 -0.036688270735769989 -0.006800134299283749
decision_type=2 2 2 2 2 2 2 2 2 2 2 2 2 2 2 2 2 2 2 2 2 2 2 2 2 2 2 2 2 2 2 2 2 2 2 2 2 2 2 2 2 2 2 2 2 2
left_child=1 2 5 8 15 11 7 12 9 26 20 35 19 -5 -13 44 -17 43 -19 -6 30 33 40 -16 37 -21 -4 -14 29 -29 -11 -7 -27 -8 -28 -1 42 -15 39 -39 -23 -36 -26 -12 -3 -40
right_child=-2 4 3 13 6 31 21 -9 -10 10 17 14 27 24 23 16 -18 18 -20 25 -22 22 -24 -25 36 32 34 28 -30 -31 -32 -33 -34 -35 41 -37 -38 38 45 -41 -42 -43 -44 -45 -46 -47
leaf_value=0.0323869185338942 0.041385254313454405 0.008600127956825826 0.028027585024098665 0.013763840422100944 -0.010947928403471488 -0.080905831547520499 -0.032191090494212413 0.06138176822084928 0.027201081789830758 0.042070867886612302 -0.083960141245634126 0.014800055939466742 -0.050372646735833373 -0.10152713293026017 0.010550344260468003 0.017852952201649258 -0.10216234719406603 0.16551775191680554 -0.019026518288506725 -0.010198423987759671 -0.092058505758687778 -0.013084398612744096 0.0098351522320122165 -0.086719983051231547 -0.065903979030471113 0.02526359016910033 0.0046645847979297677 -0.019289011477903035 0.009957303798903458 -0.27697196013778447 -0.011588565983224948 -0.010922855628235488 -0.03064834708046504 0.016619696549701527 0.013204794367695057 -0.0022279356843144821 -0.21456639156175697 0.15428880352899432 -0.038948040154522322 -0.052257399505678495 -0.063946455950319295 -0.054915454631853038 -0.24542473995658889 -0.041469258817539018 -0.062918910168396042 0.040381072048903059
leaf_weight=7913 3455 495 2520 867 3067 493 1192 1612 2210 932 1606 1415 928 467 401 1774 265 109 1580 2402 359 1365 1619 793 1648 22839 4001 2717 7651 52 4701 5855 733 4217 634 2346 115 64 578 2577 1990 1519 67 3913 2049 706
leaf_count=7913 3455 495 2520 867 3067 493 1192 1612 2210 932 1606 1415 928 467 401 1774 265 109 1580 2402 359 1365 1619 793 1648 22839 4001 2717 7651 52 4701 5855 733 4217 634 2346 115 64 578 2577 1990 1519 67 3913 2049 706
internal_value=-8.44484e-12 -0.00133189 -0.00959482 -0.0188332 0.00597692 0.00539211 0.00879187 0.0132861 -0.011754 -0.0156898 -0.0270793 0.0161218 0.0113665 -0.0428839 -0.0167099 -0.0261981 0.00225508 -0.042887 -0.00711691 0.017095 -0.00806355 -0.00938814 -0.0259732 -0.0540521 -0.0507774 0.0204063 0.00164258 -0.00329338 0.000899477 -0.0241281 -0.00271042 -0.0163579 0.0235249 0.00586309 -0.0091618 0.0244713 -0.0818188 -0.0378436 -0.0302664 -0.0472521 -0.043253 -0.0348559 -0.0729173 -0.0538339 -0.0490031 0.00467061
internal_weight=110811 107356 50389 31173 56967 19216 52384 42001 24084 21874 13200 12868 40389 7089 2609 4583 2039 7208 1689 29041 5992 10383 4974 1194 6222 25974 8674 11348 10420 2769 5633 6348 23572 5409 6154 10259 1830 4392 3925 2641 3355 2153 1715 5519 2544 1284
internal_count=110811 107356 50389 31173 56967 19216 52384 42001 24084 21874 13200 12868 40389 7089 2609 4583 2039 7208 1689 29041 5992 10383 4974 1194 6222 25974 8674 11348 10420 2769 5633 6348 23572 5409 6154 10259 1830 4392 3925 2641 3355 2153 1715 5519 2544 1284
is_linear=0
shrinkage=0.0998


Tree=43
num_leaves=47
num_cat=0
split_feature=11 38 24 42 21 11 15 27 48 55 62 1 4 48 40 49 60 91 21 80 94 70 68 13 0 66 74 79 25 23 63 68 9 21 27 46 9 41 31 20 22 38 32 52 62 35
split_gain=592.764 593.537 514.715 488.351 518.291 469.705 456.953 419.093 444.211 402.33 399.482 370.76 475.284 410.687 357.272 338.176 302.72 299.036 284.559 283.268 261.885 261.357 257.252 256.147 253.604 251.763 248.224 239.209 238.366 234.219 232.441 226.689 222.906 222.462 221.401 223.647 222.879 216.074 212.325 212.274 209.814 207.258 206.406 203.939 203.043 245.22
threshold=0.04206493927765801 0.00068659218048130013 0.074672856087230108 -0.047668455225916388 -0.030776207317564096 -0.11004754385454064 0.011102350153100751 0.0038038951202760507 -0.007416445012973949 0.010551932312396503 -0.042391917771326192 -0.024627921359129699 0.052040326511338754 -0.0010024742300749998 0.0073042638480290507 0.051478070678149503 -0.014429167168030497 0.017067839802209953 0.11247527283319292 0.044346821471649957 -0.012401640521758748 -0.0050295977271736991 -0.017239670231777148 -0.089948737647156288 0.15837391610460147 -0.026148722802730246 0.051383689417343309 -0.044292289732168394 0.0017177910313507501 0.012192558744377552 -0.043625084223196949 -0.038091430541812694 0.030566487320726303 0.017356602069816051 0.023675320340186452 0.077478870663802463 -0.11970681537137438 -0.024700165277809345 0.026418065511907302 0.041553637582559505 0.067490548848262152 -0.035575179466228346 -0.030962387348460546 0.0084141719586983011 0.043156602809895306 -0.036075657635375041
decision_type=2 2 2 2 2 2 2 2 2 2 2 2 2 2 2 2 2 2 2 2 2 2 2 2 2 2 2 2 2 2 2 2 2 2 2 2 2 2 2 2 2 2 2 2 2 2
left_child=1 5 3 25 10 41 7 8 21 11 -5 12 16 44 23 22 -7 29 -10 32 24 -6 -11 43 27 -3 42 -12 30 -18 -15 -25 -9 -32 35 36 -4 -16 -33 -39 -24 -1 -22 -2 -13 -46
right_child=14 2 34 4 6 9 -8 19 18 15 20 13 -14 28 37 -17 17 -19 -20 -21 26 -23 40 31 -26 -27 -28 -29 -30 -31 33 38 -34 -35 -36 -37 -38 39 -40 -41 -42 -43 -44 -45 45 -47
leaf_value=-0.00073692726581434174 -0.10118585546466898 -0.021225261651457224 0.137740277640994 0.022579392316034369 -0.030858887598012082 0.021982226125514322 0.0089675743993718714 0.020298198494317188 -0.046498052022894046 -0.0074398835884180508 0.065075743869738648 0.010301346085654967 0.05110170434635767 0.02131077803853253 0.055073288907546217 0.065629200616256211 -0.012073940390751119 -0.037485773752317757 0.16657647075038109 -0.062149925918411085 -0.063514629598427561 0.016970718584139444 0.027863736593604794 -0.027906593172076274 -0.048294679491264363 0.03845278226935836 -0.11615752604660225 -0.13610308867976556 -0.0094751852134868537 0.023333690992000739 -0.078338234897027959 0.0030887154244241479 -0.024119836892165264 -0.017793743090014729 -0.0075851245484385103 0.035794772273245713 -0.098376008932353709 0.029275193888576179 0.032493540633649377 -0.015058289251763217 -0.027457525720801072 -0.067508617136880181 -0.010339492271903148 0.019809930302019062 -0.18312993655639939 -0.020344958963674307
leaf_weight=728 398 928 41 948 2068 5182 10653 4569 6859 3729 64 5324 2283 392 2434 1444 4648 2518 63 607 998 2530 8698 1618 1281 2918 322 734 2392 3103 2057 8099 1493 856 590 152 1381 5341 3504 1347 741 1272 2678 213 113 500
leaf_count=728 398 928 41 948 2068 5182 10653 4569 6859 3729 64 5324 2283 392 2434 1444 4648 2518 63 607 998 2530 8698 1618 1281 2918 322 734 2392 3103 2057 8099 1493 856 590 152 1381 5341 3504 1347 741 1272 2678 213 113 500
internal_value=8.51465e-12 -0.00373096 -0.0123263 -0.00974352 -0.0133675 0.00409738 -0.00744671 -0.0170603 -0.0285865 0.00624841 -0.0376761 -0.000484648 0.00859776 -0.0143292 0.0142804 0.0197809 0.00231749 -0.00760584 -0.0445588 0.00284998 -0.0470758 -0.00454116 0.0147531 0.00416914 -0.0758058 0.0240531 -0.0321359 -0.119968 -0.033471 0.00210099 -0.0508379 0.00708872 0.00935855 -0.0605469 -0.0597247 -0.0792688 -0.0915682 0.0296123 0.0119687 0.0203462 0.0235208 -0.0432037 -0.0247761 -0.0590057 0.00403877 -0.0503526
internal_weight=110811 87857 41877 39713 35867 45980 28842 18189 11520 43980 7025 29368 17734 11634 22954 14612 15451 10269 6922 6669 6077 4598 13168 13832 2079 3846 3998 798 5697 7751 3305 13221 6062 2913 2164 1574 1422 9122 11603 6688 9439 2000 3676 611 5937 613
internal_count=110811 87857 41877 39713 35867 45980 28842 18189 11520 43980 7025 29368 17734 11634 22954 14612 15451 10269 6922 6669 6077 4598 13168 13832 2079 3846 3998 798 5697 7751 3305 13221 6062 2913 2164 1574 1422 9122 11603 6688 9439 2000 3676 611 5937 613
is_linear=0
shrinkage=0.0998


Tree=44
num_leaves=47
num_cat=0
split_feature=33 13 89 24 15 29 95 48 84 8 60 3 31 26 49 25 0 91 63 13 69 20 39 6 88 53 28 11 100 90 72 65 20 51 74 65 25 27 23 78 53 89 2 97 75 33
split_gain=572.85 538.791 632.337 462.466 407.707 373.025 381.842 394.658 320.035 310.876 309.171 297.333 295.633 284.391 282.87 275.983 271.813 268.334 266.719 255.199 304.371 242.161 236.328 232.88 234.422 238.417 231.5 229.493 229.233 220.963 217.261 217.169 215.926 223.451 214.511 209.425 208.128 193.181 192.34 191.879 204.062 191.377 200.308 186.403 186.043 195.189
threshold=-0.062774183508371592 -0.0076786144756713992 -0.0092860716678564489 0.046667772270699508 -0.075025603548725089 -0.088229357976433345 0.022272858537774654 -0.030682972904181195 -0.023947140410492795 -0.054791032959096445 -0.022743395524418394 -0.021079018721210045 0.033915927162044057 -0.023101447964243547 0.051478070678149503 0.019629843592594953 0.067923067979694468 0.080770228865901808 -0.029437313229735897 0.078154419686758556 -0.016981965186887198 -0.071243320340918487 0.0049800366818596011 0.010109662070992101 0.037188057585732258 0.00033744592485090004 -0.030765836143119396 -0.0019755116716150497 0.83610000000000018 0.015989088208481304 -0.0033254637779305497 -0.0054323025903789991 0.026866213204826253 -0.046495118732308389 -0.013535880088921799 0.011938181547738151 0.010240739784330653 -0.013419411862348197 0.040606008532860512 -0.028753073771513895 0.012517981285527653 0.0066509719175714011 0.11079335623138727 0.06403979809442302 0.030274563084772551 0.026152684580882306
decision_type=2 2 2 2 2 2 2 2 2 2 2 2 2 2 2 2 2 2 2 2 2 2 2 2 2 2 2 2 2 2 2 2 2 2 2 2 2 2 2 2 2 2 2 2 2 2
left_child=19 2 9 4 18 -6 7 -7 23 -2 -9 27 13 36 15 17 -12 21 -3 20 41 -11 -13 24 43 -26 -17 44 -23 32 -31 38 -8 -34 -32 -20 -5 -37 39 -15 -41 42 -1 -4 45 -10
right_child=1 3 8 12 5 6 29 10 11 14 16 22 -14 31 -16 26 -18 -19 35 -21 -22 28 -24 -25 25 -27 -28 -29 -30 30 34 -33 33 -35 -36 37 -38 -39 -40 40 -42 -43 -44 -45 -46 -47
leaf_value=-0.069404353972500901 -0.057837346962594127 0.031680557529186283 0.02357125888104564 -0.026451265985645116 0.080671674846010871 0.041694980575417442 0.017086310896074881 0.031087290469845496 -0.072177490871122671 0.0291578919549817 -0.03478186687703605 0.01686038185415498 0.0230542805970377 0.015629879324621881 0.028210061963343473 -0.041597513242442936 0.010394015311519383 -0.1657767968498905 -0.060824283688811168 0.022477782057815823 -0.015979341418201207 -0.038745924748108701 -0.0086621330612943869 0.047807394601152915 -0.10738810355739882 0.0286279540116221 0.0161687134529881 -0.0043729612412379939 0.0062344492267130697 0.00033606088038860339 0.0013436616787571188 0.0058119096779855502 0.078367425683130751 -0.03774720589494715 -0.075704067181954424 -0.06275483394154345 -0.099268686782711502 0.041316869607267367 0.010544799622203182 -0.042290740289234498 -0.12616907649223233 -0.026999615885867467 -0.19406291389063146 -0.089369626137516853 0.01168206878908324 -0.0077689287760218557
leaf_weight=1435 2056 673 2989 870 832 5866 4849 7383 1647 695 1416 8042 1839 325 1291 911 20995 142 1547 990 4656 7543 6562 2365 323 213 2861 3964 1327 1652 531 3174 186 1467 1117 281 710 483 670 872 432 1149 141 153 531 655
leaf_count=1435 2056 673 2989 870 832 5866 4849 7383 1647 695 1416 8042 1839 325 1291 911 20995 142 1547 990 4656 7543 6562 2365 323 213 2861 3964 1327 1652 531 3174 186 1467 1117 281 710 483 670 872 432 1149 141 153 531 655
internal_value=-1.44588e-12 0.00205122 -0.00624538 0.00836532 0.0121453 0.01445 0.0132381 0.0180334 0.00309397 -0.0214783 0.0133748 -0.00263286 -0.0125829 -0.021875 -0.0164171 -0.0206914 0.00753966 -0.0295934 -0.02361 -0.0251018 -0.0314836 -0.0275716 0.00539238 0.0233753 0.00766513 -0.0533369 0.00221722 -0.0198759 -0.0320166 -0.00420731 -0.0252402 -0.0111074 0.00646766 -0.0246817 -0.0508786 -0.0397115 -0.059173 0.00303919 -0.0344662 -0.052979 -0.0700787 -0.0579746 -0.0805572 0.0180716 -0.0415679 -0.053851
internal_weight=110811 102440 44270 58170 49278 46294 45462 35660 27444 16826 29794 21401 8892 7053 14770 13479 22411 9707 2984 8371 7381 9565 14604 6043 3678 536 3772 6797 8870 9802 3300 5473 6502 1653 1648 2311 1580 764 2299 1629 1304 2725 1576 3142 2833 2302
internal_count=110811 102440 44270 58170 49278 46294 45462 35660 27444 16826 29794 21401 8892 7053 14770 13479 22411 9707 2984 8371 7381 9565 14604 6043 3678 536 3772 6797 8870 9802 3300 5473 6502 1653 1648 2311 1580 764 2299 1629 1304 2725 1576 3142 2833 2302
is_linear=0
shrinkage=0.0998


Tree=45
num_leaves=47
num_cat=0
split_feature=63 93 68 94 46 24 84 74 90 61 94 33 93 94 19 28 92 1 96 27 3 26 91 1 95 98 54 4 53 15 12 3 97 11 15 71 42 15 2 18 0 11 11 99 42 42
split_gain=531.938 484.807 457.618 527.953 452.102 381.057 383.428 461.011 370.467 326.829 326.039 316.83 319.113 355.187 297.039 291.752 284.153 281.692 279.711 267.084 376.909 266.792 256.584 252.926 245.932 242.984 240.294 232.871 228.077 253.863 226.549 215.073 268.355 214.837 215.956 211.039 261.333 207.838 207.309 205.69 225.404 204.727 204.558 204.072 202.942 202.677
threshold=0.0047384361333897016 -0.0086748461311309481 -0.023812212955959294 0.010036910268131001 0.0097215170104529517 -0.04632313950314474 0.0036580484726457005 0.029269262876480757 -0.015210079822673549 0.00033526161256560008 -0.020203783257340947 0.03603499465970026 -0.05886451209845759 -0.062619008951029634 0.00044737032948620009 -0.014405670519513797 -0.03910991301147964 0.0074724399692202509 0.020393317707517702 0.0066664967209711509 0.034166496944118753 -0.0067897408189314485 0.095568494717414465 0.10928211184081101 0.038432364533558458 0.0059220754894594016 -0.058903160153077845 0.080473382315498262 -0.023093057266442948 -0.038900200619748547 0.029398979410594956 -0.038691309268609496 0.0086289186400928513 -0.083548118816796441 -0.03314659041892444 -0.024520725871265497 0.054152779774071604 0.083956405294052558 -0.06432641396568109 -0.013679566149084898 0.12999010278713977 0.12286408967116695 -0.081646643084545792 0.0262771061558171 0.054152779774071604 0.0051234533136305009
decision_type=2 2 2 2 2 2 2 2 2 2 2 2 2 2 2 2 2 2 2 2 2 2 2 2 2 2 2 2 2 2 2 2 2 2 2 2 2 2 2 2 2 2 2 2 2 2
left_child=1 8 4 11 17 -3 7 -7 44 -6 -10 12 -4 -14 21 19 -5 27 22 20 -15 26 -16 31 28 -26 -8 45 29 -9 -13 -12 43 34 -18 -11 -37 41 -28 -30 -41 -19 -40 -33 -1 -2
right_child=2 5 3 16 9 6 14 24 10 35 23 30 13 15 18 -17 33 37 -20 -21 -22 -23 -24 -25 25 -27 38 -29 39 -31 -32 32 -34 -35 -36 36 -38 -39 42 40 -42 -43 -44 -45 -46 -47
leaf_value=0.040870170914332669 -0.012740563296694854 0.023746401041967194 0.042945161485939076 -0.028902871797979825 0.024887010580787777 0.01178577518355968 -0.15129978793008267 -0.079171915824489583 -0.015298090357039697 0.029263492599001163 -0.015536046318589182 0.028689625562175698 -0.085669270400140884 -0.071084853123748737 -0.020432832662558811 -0.007308480929235907 -0.1134162378711618 -0.081361656408947644 -0.072911180216881089 -0.0099269848630931991 0.0018385552578582525 0.012730229616807144 -0.31813420623540878 0.051811286098920745 -0.16828353656572193 -0.022980446463699143 0.040294990135361856 0.057677642587103319 0.0040616196577700353 0.060619249277584032 -0.022018218263666286 0.042540474757845489 -0.0056768590958172606 0.021373523263856328 0.0035095869864041705 -0.035346526981006883 -0.18496879863269686 0.063627989674492597 -0.13143479222151572 -0.15403659858930235 -0.041924959633211634 0.089755529936490996 -0.022533466342222735 -0.014662201441165795 -0.019572366443398312 -0.05427587036553707
leaf_weight=6837 2483 5445 862 1428 2426 15335 143 168 4088 460 2300 2962 767 2637 5086 12118 235 2123 1369 2674 964 4285 29 1805 237 222 496 305 730 563 1247 4011 2711 11637 476 1376 127 112 184 222 914 72 2590 735 602 2213
leaf_count=6837 2483 5445 862 1428 2426 15335 143 168 4088 460 2300 2962 767 2637 5086 12118 235 2123 1369 2674 964 4285 29 1805 237 222 496 305 730 563 1247 4011 2711 11637 476 1376 127 112 184 222 914 72 2590 735 602 2213
internal_value=2.06394e-11 0.0062362 -0.00766689 -0.00235448 -0.0249285 -0.000691318 -0.0047764 0.00473205 0.0176429 0.000389436 0.00892722 -0.0112234 -0.0164557 -0.0191282 -0.0171068 -0.0163534 0.0132454 -0.0401338 -0.0328443 -0.0338204 -0.051563 -0.00385116 -0.0221207 0.0174926 -0.0306635 -0.0980062 -0.024669 -0.0268258 -0.0187612 0.0284921 0.0136664 0.0111438 0.0193728 0.0181196 -0.0351368 -0.0298862 -0.0479893 -0.0689823 -0.0191313 -0.0372725 -0.0638341 -0.0757487 -0.0297569 0.0336817 0.0359789 -0.0323142
internal_weight=110811 61107 49704 38007 11697 38018 32573 18391 23089 4389 15650 24231 20022 19160 14182 18393 13776 7308 6484 6275 3601 7698 5115 11562 3056 459 3413 5001 2597 731 4209 9757 7457 12348 711 1963 1503 2307 3270 1866 1136 2195 2774 4746 7439 4696
internal_count=110811 61107 49704 38007 11697 38018 32573 18391 23089 4389 15650 24231 20022 19160 14182 18393 13776 7308 6484 6275 3601 7698 5115 11562 3056 459 3413 5001 2597 731 4209 9757 7457 12348 711 1963 1503 2307 3270 1866 1136 2195 2774 4746 7439 4696
is_linear=0
shrinkage=0.0998


Tree=46
num_leaves=47
num_cat=0
split_feature=100 22 18 3 88 7 13 68 91 11 28 82 42 0 21 13 24 80 74 24 12 66 27 65 33 24 31 60 1 56 73 72 48 10 0 15 55 84 15 60 55 9 60 7 75 0
split_gain=526.005 570.892 609.795 525.414 480.287 463.112 401.128 407.296 368.787 342.586 333.032 316.146 358.6 314.132 328.199 312.865 296.398 287.838 272.7 269.902 251.082 253.56 244.818 226.876 228.469 225.021 220.916 218.884 217.552 217.247 237.995 221.201 217.167 251.977 248.468 217.06 220.656 241.418 213.465 244.521 224.86 211.514 206.704 204.963 200.412 220.264
threshold=-0.97184999999999988 -0.0030472356963344997 -0.032993015130185543 0.022092794498701402 0.015385459146296602 -0.045065122558056593 0.061170872426332359 0.0097691773441483023 0.039407485139274709 0.087725925740820401 -0.026300337724589496 -0.055912757376806989 0.017701457127634202 0.08861108222700996 -0.038001164013311946 -0.014476571888329598 0.0088507637863274018 0.035185388951639453 0.039654093762474509 0.028357509213902555 0.040477267627495005 0.026315751947931353 -0.019498076979557848 -0.032618995738524392 -0.068430956272074836 -0.025383819001118097 -0.012698507538597399 -0.017372835255518946 -0.037441542283869596 -0.0038869287508497496 -0.051824699407682542 0.026207726302411354 0.015678834011495904 -0.052024129767366999 0.14456886958443202 -0.10109648475718803 -0.021172717769586645 -0.035270528726604695 -0.022937270401440297 -0.010317439836675298 0.04871059547586646 0.033752056305719112 -0.015887801723713298 -0.12181406870462509 -0.03578199312986264 0.14120884706005596
decision_type=2 2 2 2 2 2 2 2 2 2 2 2 2 2 2 2 2 2 2 2 2 2 2 2 2 2 2 2 2 2 2 2 2 2 2 2 2 2 2 2 2 2 2 2 2 2
left_child=29 4 25 9 5 32 7 11 20 10 19 -7 -13 16 42 23 -6 -14 -16 -4 21 26 27 -12 -25 -3 43 -17 -28 -1 -31 -32 33 34 -2 -9 -37 -38 39 -27 -41 -24 -15 -5 45 -20
right_child=1 2 3 8 13 6 -8 35 -10 -11 15 12 17 14 18 22 -18 -19 44 -21 -22 -23 41 24 -26 38 28 -29 -30 30 31 -33 -34 -35 -36 36 37 -39 -40 40 -42 -43 -44 -45 -46 -47
leaf_value=-0.022079622328632614 -0.3507425902187824 0.033685969744576862 -0.029467007758886259 -0.18818553083010592 -0.006191767075044278 0.052644473062010741 0.041120958113304643 -0.11056446472959444 -0.042753323889449343 0.024175687532092354 -0.080080055170458631 0.0020752835468002859 -0.018865636310165124 0.002745521549002059 0.010629803143670692 0.0090758273640742237 -0.0958669277696554 -0.081391956533554397 -0.30811565406639524 -0.074307456688204487 -0.016081532709951482 0.045027316934437636 0.011682663851466171 -0.10508922672076629 -0.021847460610649332 0.016092963728505966 0.040093027915570116 -0.044913681399067297 -0.0012517912250571671 0.1252253163084692 -0.12713304598374239 0.0031501424632184665 0.010109954498332081 0.056352605771211393 0.0052899409329833667 -0.00059553986890155332 0.081401736324173815 0.024638524384202973 0.015493736449500622 -0.054803655012449208 0.071462614580476952 -0.032428839440212159 -0.052152319021571476 -0.0092819296761321776 -0.017515038829385019 -0.07038629721273823
leaf_weight=1143 20 3681 3830 65 749 911 3389 125 1666 1527 949 11450 4232 1081 11108 1072 720 887 47 2054 3563 2163 5822 351 5101 1208 2614 2474 2461 49 653 162 2253 4523 819 3107 842 6564 5570 1499 155 1330 1856 3404 1339 223
leaf_count=1143 20 3681 3830 65 749 911 3389 125 1666 1527 949 11450 4232 1081 11108 1072 720 887 47 2054 3563 2163 5822 351 5101 1208 2614 2474 2461 49 653 162 2253 4523 819 3107 842 6564 5570 1499 155 1330 1856 3404 1339 223
internal_value=-1.99693e-11 0.000933868 -0.00654444 -0.0124273 0.00792209 0.0140233 0.00868514 0.00477572 0.00167942 -0.0215992 -0.0246405 -0.00459456 -0.00774169 -0.00601781 -0.00187691 -0.0175933 -0.0501442 -0.0296999 0.00506768 -0.04512 0.00686688 0.0145035 -0.00715097 -0.0350455 -0.0272066 0.0130987 0.00677607 -0.028592 0.0200438 -0.0506271 -0.088393 -0.101236 0.0361101 0.0470348 -0.00319713 0.0201726 0.0217271 0.031092 0.00411129 -0.0180411 -0.042971 0.0034796 -0.0319465 -0.0126341 -0.0333314 -0.111769
internal_weight=110811 108804 52559 40446 56245 39122 31507 28118 15936 24510 22983 17480 16569 17123 15654 17099 1469 5119 12717 5884 14270 10707 10698 6401 5452 12113 8544 3546 5075 2007 864 815 7615 5362 839 10638 10513 7406 8432 2862 1654 7152 2937 3469 1609 270
internal_count=110811 108804 52559 40446 56245 39122 31507 28118 15936 24510 22983 17480 16569 17123 15654 17099 1469 5119 12717 5884 14270 10707 10698 6401 5452 12113 8544 3546 5075 2007 864 815 7615 5362 839 10638 10513 7406 8432 2862 1654 7152 2937 3469 1609 270
is_linear=0
shrinkage=0.0998


Tree=47
num_leaves=47
num_cat=0
split_feature=38 21 9 4 3 9 26 84 3 70 6 25 90 28 68 74 60 70 8 33 30 100 5 3 24 36 41 84 11 94 59 55 61 88 46 86 68 49 14 49 76 51 25 63 93 84
split_gain=493.459 537.674 440.903 437.316 474.487 439.053 426.881 371.735 344.639 335.609 349.499 324.119 321.626 298.43 297.182 271.181 350.713 265.948 265.862 248.454 277.422 248.385 237.608 235.474 229.411 228.198 222.075 216.724 214.418 298.71 218.093 210.858 224.874 209.346 208.346 208.233 205.901 201.763 199.327 199.231 194.165 190.943 189.608 186.651 209.561 185.401
threshold=0.012804055312711901 -0.073118113585582525 -0.11534681073594064 -0.13769199117331887 0.10845031373917167 0.0032962987332410005 0.022380851552617553 0.017192886161715604 -0.13140843142842581 0.051120887378479807 0.15112493867595647 -0.0091852064582408476 0.0020272237610329505 0.028179736554657605 -0.037314393577511547 -0.014912634653031347 0.044440142030527756 -0.0047389736223409492 -0.031194458290697998 -0.021728682288152699 0.016044287736703654 -0.77804999999999991 -0.0007645497752643499 0.087245703818664602 0.095511689039435951 -0.0041080909356238987 -0.025213785560447448 0.037394251981671206 -0.044034834418470496 -0.0042475408307664489 -0.068102627671509139 0.031330036965278307 0.0048640880319104013 0.035808222552127907 0.020592769871735455 -0.075746196828089335 -0.019745541920342797 -0.043867623563434689 0.067565379943920617 0.10134691662141175 -0.0024590982091699993 0.0044596347225680007 0.037557899241729004 -0.049503165131164595 -0.0071566797290689996 0.01753748033524995
decision_type=2 2 2 2 2 2 2 2 2 2 2 2 2 2 2 2 2 2 2 2 2 2 2 2 2 2 2 2 2 2 2 2 2 2 2 2 2 2 2 2 2 2 2 2 2 2
left_child=1 13 -2 -4 5 8 7 15 38 10 11 -10 19 18 34 37 17 22 23 41 24 -22 -17 31 -21 -14 -8 40 36 30 -30 -1 -33 -15 -9 -11 -16 -3 -5 -24 -20 -7 -42 -38 -45 -43
right_child=2 6 3 4 -6 12 26 14 9 35 -12 -13 25 33 28 16 -18 -19 27 20 21 -23 39 -25 -26 -27 -28 -29 29 -31 -32 32 -34 -35 -36 -37 43 -39 -40 -41 42 45 -44 44 -46 -47
leaf_value=-0.12234951702068177 0.054286574284136593 -0.017497690743781623 0.03318545790667727 0.067819633270481267 0.024603088034811874 -0.017949156835578711 0.038391677861488588 -0.064943466066816349 -0.032678840875027107 -0.24937414975738528 0.096687929576869378 -0.0047128824695091892 -0.070957984363363785 0.020282971466938696 -0.10914709223399721 0.0086342806167869508 -0.038309254021742206 0.015451940670347974 -0.051769471490945268 0.016255059801060706 -0.082588383417161987 -0.0027478278520321913 -0.024579598731882854 0.14599036883697278 -0.21857516422530726 -0.031067244661601122 0.013495418359658555 -0.12355315335189278 0.12177827047755785 0.016356728689546851 -0.022535243945645985 0.09002810695275254 -0.11363935778847085 -0.096080707529855189 0.0010245626261938395 0.041238102223260881 0.08108999025264732 0.025665617482796003 -0.087110933432663268 0.13133953549478158 0.03789561620310785 -0.050335581703457116 -0.081933519620256232 0.0092772938268738392 -0.062327534965545356 -0.14669805131620905
leaf_weight=776 1061 1216 2109 819 2965 1180 4742 1564 7058 25 277 9942 2593 1339 310 5084 1998 11922 729 3080 700 871 4924 41 42 3180 14421 199 107 5496 4135 109 107 174 686 1387 162 9548 92 83 761 705 159 721 935 277
leaf_count=776 1061 1216 2109 819 2965 1180 4742 1564 7058 25 277 9942 2593 1339 310 5084 1998 11922 729 3080 700 871 4924 41 42 3180 14421 199 107 5496 4135 109 107 174 686 1387 162 9548 92 83 761 705 159 721 935 277
internal_value=-8.49003e-12 0.00484627 -0.00915211 -0.0109565 -0.0136018 -0.0171167 0.00703091 0.0020824 -0.00776669 -0.0106885 -0.0145118 -0.0163237 -0.0316289 -0.0289893 -0.0115763 0.00762681 0.00172605 0.00535983 -0.0478375 -0.0170127 -0.00411673 -0.0383229 -0.00656348 -0.0883872 0.0130959 -0.0489846 0.0196561 -0.0251709 -0.00527075 0.00100058 -0.0188951 -0.0980742 -0.0108627 0.00690076 -0.0448305 0.0360927 -0.0339691 0.0207895 0.0521735 -0.021995 -0.0132982 -0.0450055 0.017186 -0.02115 -0.0311518 -0.0775173
internal_weight=110811 72448 38363 37302 35193 32228 68054 48891 19600 18689 17277 17000 12628 4394 14116 34775 24011 22013 2881 6855 4693 1571 10091 1033 3122 5773 19163 1848 11866 9738 4242 992 216 1513 2250 1412 2128 10764 911 5007 1649 2162 920 1818 1656 982
internal_count=110811 72448 38363 37302 35193 32228 68054 48891 19600 18689 17277 17000 12628 4394 14116 34775 24011 22013 2881 6855 4693 1571 10091 1033 3122 5773 19163 1848 11866 9738 4242 992 216 1513 2250 1412 2128 10764 911 5007 1649 2162 920 1818 1656 982
is_linear=0
shrinkage=0.0998


Tree=48
num_leaves=47
num_cat=0
split_feature=62 28 70 5 93 13 38 51 9 65 80 3 68 46 100 65 15 91 18 92 21 74 6 22 31 65 8 77 25 60 4 7 93 1 100 18 18 31 21 6 68 60 4 37 99 83
split_gain=476.524 472.769 456.377 455.135 432.434 463.163 428.157 406.663 332.528 326.413 315.31 302.316 301.626 291.615 306.041 275.449 264.298 259.005 247.973 247.026 245.213 243.32 239.908 227.74 234.787 225.723 224.247 220.794 219.841 215.865 290.694 221.449 214.958 211.706 226.911 245.134 248.977 213.846 210.511 210.39 208.551 205.914 205.599 203.213 200.705 202.317
threshold=-0.0022847900001730496 0.013634829038544802 -0.025535143848342396 0.031675543499455908 -0.040996600468076592 0.012408308488798852 -0.0048337684753854996 0.028524316848471003 -0.11534681073594064 -0.0069441900799185998 0.029903278487994501 0.045631879357648709 -0.046441295590381841 0.042064414293954307 -0.93364999999999987 -0.021066911378414644 -0.031315377374797344 0.060312255112589308 0.023745332082118053 -0.029066613862756045 0.014218486568828952 0.099387891940301107 0.11758245690832951 0.030838190855477253 0.011272928565349951 -0.032618995738524392 0.06608657507684372 0.098875775110772918 0.019230399263328004 0.0054084601427213013 -0.0067676444517426491 -0.075419008893203035 -0.0093000646937986976 -0.038601919834530297 -0.76479999999999981 -0.051657289956901047 -0.015999562315842545 -0.065774105952506684 -0.067745310251869084 0.063317521861860307 0.042207981506347754 0.020596969423326252 0.068554418250690405 -0.049108214621760043 0.040223660399011409 0.014393407279984251
decision_type=2 2 2 2 2 2 2 2 2 2 2 2 2 2 2 2 2 2 2 2 2 2 2 2 2 2 2 2 2 2 2 2 2 2 2 2 2 2 2 2 2 2 2 2 2 2
left_child=2 4 3 29 -2 6 12 13 -8 18 11 20 -6 14 40 -9 -5 22 -3 28 -10 27 -16 24 25 -14 -21 -15 -20 43 -31 -32 -13 37 35 -35 -37 -7 -11 -17 -4 -40 -39 -1 45 -18
right_child=1 9 7 16 5 33 8 15 10 38 -12 32 23 21 17 39 44 -19 19 26 -22 -23 -24 -25 -26 -27 -28 -29 -30 30 31 -33 -34 34 -36 36 -38 42 41 -41 -42 -43 -44 -45 -46 -47
leaf_value=0.065289734983627473 0.020020511705752649 0.0012966848020046953 -0.029103317942234082 -0.083709591826757662 -0.067793050026500212 -0.049410336840408249 0.076982987639207384 -0.032870691948670559 -0.057457246088517974 -0.028349104756070775 -0.078529127953934116 0.052975991653826209 -0.064018707587933724 0.039932908284359088 0.016454737526827967 -0.0026985265391269476 0.011949067792905489 -0.033947077894856854 -0.13823610845517878 -0.0072213089359895481 -0.015904341803102868 -0.28973144806694578 0.065134098471760701 -0.03633324947109446 0.028734729387913164 -0.00027118056380162723 -0.10909682127668303 0.20939441721063012 0.012792233124862497 -0.055613342385464844 -0.074156182526896403 0.01858574098733487 -0.020709858298663304 0.066667777076907131 -0.0052659726084171715 -0.12972352662186168 -0.034357463205131555 0.0071388083102102784 0.027199807885915146 0.04979595817113442 0.098767163279623621 -0.0049920680496627389 0.054350420888984216 0.0069311536590880339 -0.10635482881973039 -0.051636301928484049
leaf_weight=683 3544 6526 2154 1022 830 538 237 2800 4495 976 1970 556 660 4202 23288 5258 1283 973 367 1719 2064 22 1054 1777 2404 3420 246 78 130 1266 300 1766 1356 159 5562 401 852 4716 8791 889 135 2554 1141 4576 256 815
leaf_count=683 3544 6526 2154 1022 830 538 237 2800 4495 976 1970 556 660 4202 23288 5258 1283 973 367 1719 2064 22 1054 1777 2404 3420 246 78 130 1266 300 1766 1356 159 5562 401 852 4716 8791 889 135 2554 1141 4576 256 815
internal_value=1.11345e-11 -0.00624597 0.00685745 -0.0102826 -0.013114 -0.0166576 -0.0263603 0.0118783 -0.0399122 0.00557681 -0.0425656 -0.034202 -0.0104426 0.017151 0.0133844 -0.00692502 -0.0413303 0.0165443 -0.00888504 -0.0358736 -0.0443813 0.0413196 0.0185625 -0.00468051 0.00399422 -0.0105833 -0.0199752 0.0430212 -0.0987317 0.00191816 -0.0179565 0.00511886 0.000717617 -0.00231006 -0.0143362 -0.0500648 -0.0648776 0.010805 0.0161265 0.0048934 -0.0215618 0.0199527 0.0163361 0.0145103 -0.0229311 -0.0127516
internal_weight=110811 57991 52820 11967 36682 33138 19769 40853 10678 21309 10441 8471 9091 31906 27604 8947 3376 25315 8988 2462 6559 4302 24342 8261 6484 4080 1965 4280 497 8591 3332 2066 1912 13369 6974 1412 1253 6395 12321 6147 2289 11345 5857 5259 2354 2098
internal_count=110811 57991 52820 11967 36682 33138 19769 40853 10678 21309 10441 8471 9091 31906 27604 8947 3376 25315 8988 2462 6559 4302 24342 8261 6484 4080 1965 4280 497 8591 3332 2066 1912 13369 6974 1412 1253 6395 12321 6147 2289 11345 5857 5259 2354 2098
is_linear=0
shrinkage=0.0998


Tree=49
num_leaves=47
num_cat=0
split_feature=9 6 55 48 97 84 10 22 7 0 29 51 5 43 25 22 97 1 62 80 46 79 95 28 14 1 42 30 2 7 28 74 46 70 58 0 33 30 68 76 32 63 3 7 30 51
split_gain=461.218 521.945 501.205 447.003 372.989 357.914 352.806 333.168 370.592 313.082 308.951 339.223 300.968 294.955 285.403 279.593 259.425 258.355 315.192 317.979 245.156 257.846 242.982 242.412 241.133 251.98 235.255 221.175 252.463 230.329 242.565 220.846 220.316 219.482 209.781 204.085 201.461 204.146 198.261 196.192 195.394 194.657 193.491 193.189 193.15 191.506
threshold=0.034612091758803705 0.15112493867595647 0.010551932312396503 -0.0026418944736691496 0.014288418781089751 0.036047970433961206 -0.081349174544859834 -0.0072608432599167994 -0.03538481254583959 0.21302536036341352 0.049306227442197106 0.022139977008901902 -0.034519832467187296 0.071283631160965324 -0.012936852563862499 0.095429370441215702 -0.022789219975026694 -0.021189410923942498 0.093124005589279815 -0.0051313731044757499 0.00072820174568895008 -0.027439255756604098 0.010069416894079102 -0.044068015676719648 -0.04915689340654384 -0.06029507852451569 -0.039110540379160293 0.0021027058944788003 0.082314025257314058 -0.031034366247404795 -0.10240213885675449 0.0072699584397604511 -0.05476200167901709 -0.025535143848342396 0.014004845974527702 0.084523903549994714 -0.07390436115202928 0.04763940234616041 -0.048831289338128893 -0.011172374180521747 -0.010656098557153699 -0.042781752915602288 0.0047197979594731506 0.14177564617113228 -0.023619921772322246 -0.053556335140010743
decision_type=2 2 2 2 2 2 2 2 2 2 2 2 2 2 2 2 2 2 2 2 2 2 2 2 2 2 2 2 2 2 2 2 2 2 2 2 2 2 2 2 2 2 2 2 2 2
left_child=1 2 3 13 5 17 16 8 -8 12 11 27 32 20 24 -11 -2 23 19 -19 22 -22 35 40 -6 -26 -10 33 29 -29 -31 43 -9 -4 -18 -1 -28 -38 -24 -40 -5 -12 -15 -13 -17 -37
right_child=6 -3 10 4 14 -7 7 9 26 15 41 31 -14 42 -16 44 34 18 -20 -21 21 -23 38 -25 25 -27 36 28 -30 30 -32 -33 -34 -35 -36 45 37 -39 39 -41 -42 -43 -44 -45 -46 -47
leaf_value=-0.031967586822211812 -0.10705042654776845 0.060290873775473305 0.0053525902230314431 0.02781141334011502 0.020926233535672578 -0.038686761340233175 0.033381145696093649 -0.10175446509402324 0.038017797807102842 0.0055579554802412303 0.046999787810718091 0.016697447729494448 -0.050497121737011201 -0.08844498261703293 -0.015205849872651975 -0.18702864461139354 -0.054278091390018948 0.01479318854431645 -0.22372115446920965 -0.029921062408308299 0.047638572396115034 0.011373320498187515 -0.096034600969046771 0.016679935265698668 -0.016243037820742889 -0.082912131448405368 -0.092265132290875823 0.035475521869201665 0.06281072995280805 -0.11574962173022871 0.00019202107815559735 -0.023165734831289107 -0.0016370989215793491 0.042892599390105195 0.020569207269540257 -0.041306299885847365 -0.0045123523598068083 -0.068688994376706211 -0.043288764232622116 0.0032223669224311887 -0.051293936598592785 -0.020309510397952334 -0.010603344914499735 -0.17174295185110786 -0.037670876038092667 0.017573977904385401
leaf_weight=1127 579 1582 1959 448 381 2650 3203 237 974 5081 486 3666 4081 503 5068 117 1133 2612 71 4025 2413 10237 325 8979 792 1967 317 2048 900 186 5328 2807 2870 7452 556 593 5243 545 1476 2328 1017 3582 865 55 328 7619
leaf_count=1127 579 1582 1959 448 381 2650 3203 237 974 5081 486 3666 4081 503 5068 117 1133 2612 71 4025 2413 10237 325 8979 792 1967 317 2048 900 186 5328 2807 2870 7452 556 593 5243 545 1476 2328 1017 3582 865 55 328 7619
internal_value=-1.61309e-11 0.00349898 0.00242895 -0.00309366 -0.0119663 -0.00455176 -0.011848 -0.0081442 0.00521371 -0.0189469 0.0131944 0.0174394 -0.0326785 0.00594816 -0.0298542 -0.00108549 -0.0494016 0.000722134 -0.0145612 -0.0123237 0.00831422 0.018291 -0.00105656 0.0105384 -0.0534967 -0.0637741 -0.00753107 0.0245509 0.012843 0.006896 -0.00371896 -0.00203113 -0.00927399 0.0350782 -0.0296392 0.00785673 -0.014798 -0.0105552 -0.0212167 -0.0148245 -0.0271034 -0.0122681 -0.0392249 0.0139121 -0.0769402 0.0133222
internal_weight=110811 85547 83965 55496 28010 19802 25264 22996 10282 12714 28469 24401 7188 27486 8208 5526 2268 17152 6708 6637 26118 12650 13468 10444 3140 2759 7079 17873 8462 7562 5514 6528 3107 9411 1689 9339 6105 5788 4129 3804 1465 4068 1368 3721 445 8212
internal_count=110811 85547 83965 55496 28010 19802 25264 22996 10282 12714 28469 24401 7188 27486 8208 5526 2268 17152 6708 6637 26118 12650 13468 10444 3140 2759 7079 17873 8462 7562 5514 6528 3107 9411 1689 9339 6105 5788 4129 3804 1465 4068 1368 3721 445 8212
is_linear=0
shrinkage=0.0998


Tree=50
num_leaves=47
num_cat=0
split_feature=91 65 49 93 42 70 11 42 89 6 48 15 91 31 55 2 9 0 13 11 84 69 19 50 32 58 30 75 74 66 76 13 28 68 34 82 49 11 31 62 62 8 39 71 96 68
split_gain=446.701 386.655 375.712 371.746 399.735 370.13 359.607 331.308 341.535 304.881 303.553 299.152 277.338 276.801 274.168 266.197 265.346 262.255 259.201 259.627 270.685 252.865 247.522 245.36 232.974 222.496 207.945 199.399 199.272 195.19 189.769 193.178 188.155 180.389 175.813 173.868 172.329 198.496 171.135 169.741 168.288 166.619 170.442 165.44 164.93 164.929
threshold=0.010692194638635001 0.019166012498228954 0.06010169381176101 -0.071406899651554737 0.061403354557362108 -0.026874977669236747 -0.027891336391990297 -0.03138338999566679 -0.025658098992891745 0.036430568014604155 -0.027602348005851447 -0.065856962706443936 0.071756836734820112 0.064690410463929912 -0.020791748898810299 -0.038921178532879692 0.069482572948385363 0.17870843006555423 0.061170872426332359 0.095797142332051458 0.027230525499909352 -0.0046157940650893995 -0.025233018407557897 -0.052024872996300646 0.0046502532438988014 -0.017103576158186747 0.082014448359975858 0.083771768152973214 0.031022383064013403 -0.030944774524875995 -0.084053884084150779 -0.0013474667069409499 0.018886018254594805 -0.066990995196120381 -0.030002294001323947 0.04488241138292786 0.085578597413643057 0.060044182131756406 -0.041177789480454897 1.0000000180025095e-35 -0.047476416771605488 0.016560014211369555 -0.05131811990839049 0.045219115801078603 0.028037732159382253 -0.078843772711572294
decision_type=2 2 2 2 2 2 2 2 2 2 2 2 2 2 2 2 2 2 2 2 2 2 2 2 2 2 2 2 2 2 2 2 2 2 2 2 2 2 2 2 2 2 2 2 2 2
left_child=1 3 6 -1 5 9 7 -2 41 15 26 23 16 14 -13 38 18 25 19 20 29 33 -3 -12 30 -10 -7 32 39 -8 -6 36 -27 -17 -11 -22 37 -32 -5 -18 -14 42 -9 -25 -23 -24
right_child=2 22 -4 4 24 10 12 8 17 34 11 13 40 -15 -16 21 28 -19 -20 -21 35 44 45 43 -26 27 -28 -29 -30 -31 31 -33 -34 -35 -36 -37 -38 -39 -40 -41 -42 -43 -44 -45 -46 -47
leaf_value=0.054563925393557228 0.0062250586974473823 0.033775159998207849 0.026670709063301542 -0.064768245424679474 -0.26601245415156538 0.025929930040326322 -0.026651708615349847 0.028675896207079454 -0.0090523718254481925 0.071579990947870126 0.086657152348343869 -0.015586553972740454 0.0314509525055214 0.043462156555642298 0.0069655592093352129 -0.16754118840966398 0.0083514104708683323 -0.0067191542415350972 0.034276652419998381 0.049146567207610917 -0.022130058221097915 -0.025875552662120677 -0.056277802525058235 -0.045651622740023899 0.0034674075986524558 -0.092548318901755203 -0.053282098973100815 0.091243365644765165 -0.093031879876121895 0.006011028909899011 -0.12266613190572691 -0.016610642576008253 -0.025614715696898067 -0.052550702148119112 0.0011774859479894949 -0.097121262991922142 0.022202038883134014 0.027160846002149106 0.017715435006055047 -0.049262454396587003 -0.058222195065366064 -0.031949269474219257 -0.11426031872146182 0.052592139245930085 0.045209506864526988 0.011088554384210293
leaf_weight=1230 2253 5961 2768 296 44 7636 2141 91 1003 460 166 7135 245 1646 21694 143 1038 3177 2122 923 3462 2005 373 2366 821 1392 345 77 454 12241 688 703 598 2728 1523 338 126 101 1631 1000 1397 503 956 184 388 12239
leaf_count=1230 2253 5961 2768 296 44 7636 2141 91 1003 460 166 7135 245 1646 21694 143 1038 3177 2122 923 3462 2005 373 2366 821 1392 345 77 454 12241 688 703 598 2728 1523 338 126 101 1631 1000 1397 503 956 184 388 12239
internal_value=-1.97147e-11 0.00459405 -0.00873975 0.000325941 -0.000936864 0.000991044 -0.0115077 -0.027484 -0.0372245 -0.0171368 0.00503032 0.00082823 -0.00517666 0.00365675 0.00138405 -0.0266908 -0.00243073 -0.0268201 0.00118603 -0.00248936 -0.00511063 -0.0383085 0.0170169 -0.0309093 -0.0400277 -0.0476217 0.0225058 -0.0663373 -0.0332384 0.00114864 -0.0615135 -0.0559523 -0.0724346 -0.0582782 0.0175089 -0.0288003 -0.0861788 -0.103487 0.00504539 -0.0199184 -0.0448422 -0.0791573 -0.101837 -0.0385627 -0.0143499 0.00909619
internal_weight=110811 72632 38179 54059 52829 50346 35411 10050 7797 9174 41172 33191 25361 30475 28829 7191 23719 6247 21227 19105 18182 5264 18573 2716 2483 3070 7981 2067 2492 14382 1662 1618 1990 2871 1983 3800 915 789 1927 2038 1642 1550 1047 2550 2393 12612
internal_count=110811 72632 38179 54059 52829 50346 35411 10050 7797 9174 41172 33191 25361 30475 28829 7191 23719 6247 21227 19105 18182 5264 18573 2716 2483 3070 7981 2067 2492 14382 1662 1618 1990 2871 1983 3800 915 789 1927 2038 1642 1550 1047 2550 2393 12612
is_linear=0
shrinkage=0.0998


Tree=51
num_leaves=47
num_cat=0
split_feature=34 42 23 28 21 1 11 39 3 15 63 3 69 4 75 5 8 33 67 0 66 31 55 6 63 46 54 12 22 6 40 25 6 1 24 79 72 97 20 30 31 36 84 33 4 29
split_gain=439.643 440.522 436.798 546.666 598.696 530.182 516.551 437.822 419.256 373.815 363.695 326.593 337.358 318.56 331.113 315.454 272.005 263.116 255.671 286.49 249.812 287.413 241.078 237.081 231.093 281.438 219.859 244.586 214.607 213.883 211.783 211.299 203.976 332.954 201.315 200.698 198.867 195.824 229.508 190.825 190.554 190.343 175.691 183.317 174.445 173.552
threshold=0.051907964861713458 -0.050997875882669644 0.022413296512320251 0.015782430852915454 0.06234585811946361 0.016521050577421304 -0.068029734234783937 -0.013137522963947499 -0.084918813479366237 0.016914813614608951 0.030607414076934705 -0.037802299367547039 -0.0046157940650893995 0.061682919608678159 -0.058758706461944747 -0.0035414969197495997 -0.080859032806977191 0.026152684580882306 0.0024752675414934006 0.16789595425161155 -0.0047627932605676989 -0.023657964808710196 0.018268063157907903 0.074203221455054161 -0.038791852333574996 -0.021444528822483797 -0.036126434508948695 0.037472679302092561 0.029488989707439756 -0.12044550176170349 0.072024113936263665 0.033940429043113902 0.11350761046052626 -0.12432649373478959 0.14512608310463124 -0.041386316385526895 -0.0095026857009599484 -0.0030671779094910995 -0.0020893519732245497 0.10427130195741621 0.0400711363539187 -0.0018587000965918996 0.010903097583903001 0.00035963432068305005 -0.078489466615042094 -0.049171791048805889
decision_type=2 2 2 2 2 2 2 2 2 2 2 2 2 2 2 2 2 2 2 2 2 2 2 2 2 2 2 2 2 2 2 2 2 2 2 2 2 2 2 2 2 2 2 2 2 2
left_child=1 20 3 4 6 13 17 11 18 15 22 -8 -13 14 44 -9 32 29 19 -7 21 36 41 30 -18 42 -27 -28 37 -3 34 -21 33 -5 -2 -31 -1 -16 -39 45 -36 -10 -26 -44 -4 -24
right_child=23 2 5 16 -6 8 7 9 10 -11 -12 12 -14 -15 28 -17 24 -19 -20 31 -22 -23 39 -25 25 26 27 -29 -30 35 -32 -33 -34 -35 40 -37 -38 38 -40 -41 -42 -43 43 -45 -46 -47
leaf_value=0.026246757683299295 -0.028482976167543833 0.033947168886044751 0.043981134986333152 0.046968783886116215 0.031647317512561092 -0.32196793696582315 -0.027371824617194979 -0.011684362282482407 -0.053674346070771678 -0.00041334742606768455 -0.074174604064725744 -0.0077379175915537795 0.028008059197893655 0.053141503722992756 0.037981918244732252 -0.039871301063610913 0.041928805358519429 -0.0044174381880506351 0.077982288969451599 0.039960678498889159 0.038513223164925864 0.026169908867989783 0.085766266308282255 0.016361569801237826 0.0011632087760243656 -0.018023482219476934 0.028337782366807399 -0.0099359362638229004 -0.0016389831338084612 0.016071820045927374 0.031282365847293818 -0.097743842685702673 0.020748665258205713 -0.083574244849166368 -0.27174212764950378 -0.078313216741177957 -0.050887996277706599 0.030161114132419634 -0.0068944913204559751 -0.24577260737877626 0.063883193666649907 -0.0021301178537695602 -0.078036722842067432 -0.0090530455876821122 -0.070127392254533891 0.0056265445105789583
leaf_weight=473 8126 212 167 251 3086 28 2604 7237 1463 7787 1198 4748 5894 2389 5555 8719 2297 1037 707 435 4842 2497 368 1555 2858 1654 8736 2054 4365 246 601 149 534 866 63 2554 1124 3517 3161 26 23 1393 707 839 664 1002
leaf_count=473 8126 212 167 251 3086 28 2604 7237 1463 7787 1198 4748 5894 2389 5555 8719 2297 1037 707 435 4842 2497 368 1555 2858 1654 8736 2054 4365 246 601 149 534 866 63 2554 1124 3517 3161 26 23 1393 707 839 664 1002
internal_value=-3.06796e-11 0.00201965 -4.57204e-05 -0.00445827 -0.0107454 0.0107288 -0.0139333 -0.0102288 -0.0133856 -0.0183387 -0.0256045 0.00430799 0.0120598 0.0189653 0.0142807 -0.0270868 0.00888155 -0.0477753 0.0371019 -0.0101242 0.0231696 0.00502268 -0.0119198 -0.019566 0.0122333 0.00818475 0.0158582 0.0210519 0.0173586 -0.062703 -0.0259052 0.00482716 -0.0299857 -0.05424 -0.0300905 -0.0700208 -0.0280422 0.0241374 0.012621 0.02207 -0.181982 -0.0285339 -0.0134975 -0.0405999 -0.0471958 0.0271531
internal_weight=110811 100443 91507 64920 44124 26587 41038 36989 6769 23743 5450 13246 10642 19818 17429 15956 20796 4049 1319 612 8936 4094 4252 10368 19145 16848 12444 10790 16598 3012 8813 584 1651 1117 8212 2800 1597 12233 6678 1396 86 2856 4404 1546 831 1370
internal_count=110811 100443 91507 64920 44124 26587 41038 36989 6769 23743 5450 13246 10642 19818 17429 15956 20796 4049 1319 612 8936 4094 4252 10368 19145 16848 12444 10790 16598 3012 8813 584 1651 1117 8212 2800 1597 12233 6678 1396 86 2856 4404 1546 831 1370
is_linear=0
shrinkage=0.0998


Tree=52
num_leaves=47
num_cat=0
split_feature=77 87 91 84 90 3 65 56 13 11 28 2 68 12 33 79 62 24 20 60 15 7 93 2 26 21 7 12 74 67 7 4 16 64 93 60 33 39 68 94 31 19 29 19 0 44
split_gain=429.423 438.07 395.543 381.682 351.297 332.101 320.758 334.317 280.439 314.777 286.127 296.582 279.13 269.884 264.682 263.621 254.81 264.357 242.724 239.074 261.535 256.99 236.035 233.15 255.839 226.959 225.256 231.027 221.481 213.393 209.398 208.858 208.027 207.4 228.97 221.182 210.853 207.245 211.33 199 202.551 186.721 183.74 172.419 171.211 194.105
threshold=0.018431960933817403 0.008334178525527201 0.062609973277543321 -0.022560330015483594 0.059886098217891752 0.10115501634649351 0.021649695114519706 -0.0032442561282877993 0.08718084449706627 -0.023496582620215447 0.054789541815318053 -0.037029266757280993 -0.028332506509171244 0.051346685730977705 0.092561383709383452 -0.10007451945000424 -0.026365608997654295 0.11734187132596322 0.073492131989936663 -0.0027010144774888994 0.072805073274179413 -0.0048574820301523491 0.093154137415406554 0.032215495617701456 -0.0024065026975714494 -0.069433627047456745 0.14177564617113228 0.0097127383539264509 0.030465145497032203 0.031650773110151957 0.14177564617113228 0.038916898581855958 0.09403707625937531 0.0011261724773687003 -0.006832661865178849 -0.031882733430595438 -0.0055711313291254491 -0.061576333947399843 -0.014935731243690799 -0.0033664373595504995 -0.10295423516635958 -0.025233018407557897 0.03769136296221446 0.062224714183142009 0.26370834812798921 0.0057261973917768008
decision_type=2 2 2 2 2 2 2 2 2 2 2 2 2 2 2 2 2 2 2 2 2 2 2 2 2 2 2 2 2 2 2 2 2 2 2 2 2 2 2 2 2 2 2 2 2 2
left_child=1 2 3 16 5 19 7 15 9 10 11 43 41 -13 26 -2 -1 28 -8 22 21 23 30 -21 -25 -17 27 29 -18 -9 -3 -32 -30 -29 35 -35 -36 -27 -39 40 -14 -11 -33 -5 45 -6
right_child=6 4 -4 8 44 -7 18 14 -10 12 -12 13 39 -15 -16 25 17 -19 -20 20 -22 -23 -24 24 -26 37 -28 33 32 -31 31 42 -34 34 36 -37 -38 38 -40 -41 -42 -43 -44 -45 -46 -47
leaf_value=0.057869814374768007 0.10468698422943977 0.0057951138427365127 -0.035184624107772691 0.029333964900333537 -0.099654306082758604 0.031016994437890195 0.01257512862653808 -0.026877305832072873 0.047475674549931859 0.017821690079547738 0.038444748144446608 -0.017738895788122367 -0.15544218453032119 -0.073732256836245402 0.067559258721774262 -0.056389903755238432 0.029337296128707013 -0.13023319152137505 -0.053164031099577472 0.0062918908253446829 0.031326018993328444 -0.032461253510777298 -0.22011945306608016 -0.084428031237043163 -0.0053873909610641863 0.043259521436760498 -0.13377077911059063 -0.068054533045443344 -0.0039019168859728516 0.018096907696884091 -0.14592103796560685 0.087503132133596409 -0.16561933209877461 0.15091788194142283 -0.091517112736468578 -0.0023990316801627111 -0.0094780704379337447 -0.027710185058385257 0.0043390955632820714 0.02324110308462295 0.0050726616043568346 -0.031740291005978138 -0.18793021864891052 -0.059365711059319974 0.034239439580161429 -0.01206496230573504
leaf_weight=2230 217 13405 1883 1720 752 2595 6999 4791 1592 1122 1072 5975 79 1001 276 835 7167 115 608 4848 1112 6910 47 674 1033 907 210 2249 1394 1346 182 98 84 111 608 602 641 3138 5906 12262 8845 2328 32 250 181 379
leaf_count=2230 217 13405 1883 1720 752 2595 6999 4791 1592 1122 1072 5975 79 1001 276 835 7167 115 608 4848 1112 6910 47 674 1033 907 210 2249 1394 1346 182 98 84 111 608 602 641 3138 5906 12262 8845 2328 32 250 181 379
internal_value=3.50389e-12 0.00373728 0.0096707 0.0114588 -0.00530029 -0.00315517 -0.0103278 -0.0164758 0.00651895 0.0046374 -0.0102785 -0.016117 0.0107028 -0.0257735 -0.0289202 -0.00422248 0.0277509 0.0200836 0.00732084 -0.00628409 -0.015191 -0.0190326 0.00314892 -0.00487667 -0.0365962 -0.0064136 -0.0314423 -0.0293656 0.0220832 -0.0170133 0.00391393 -0.0769105 -0.0130929 -0.0473676 -0.0236545 0.0214694 -0.0494138 -0.00222003 -0.00678106 0.0149896 0.0036517 -0.0156219 0.0197042 0.0180777 -0.0558806 -0.070303
internal_weight=110811 81367 49119 47236 32248 30936 29444 21837 36246 34654 10018 8946 24636 6976 10834 11003 10990 8760 7607 28341 14577 13465 13764 6555 1707 10786 10558 10348 8645 6137 13717 312 1478 4211 1962 713 1249 9951 9044 21186 8924 3450 130 1970 1312 1131
internal_count=110811 81367 49119 47236 32248 30936 29444 21837 36246 34654 10018 8946 24636 6976 10834 11003 10990 8760 7607 28341 14577 13465 13764 6555 1707 10786 10558 10348 8645 6137 13717 312 1478 4211 1962 713 1249 9951 9044 21186 8924 3450 130 1970 1312 1131
is_linear=0
shrinkage=0.0998


Tree=53
num_leaves=47
num_cat=0
split_feature=93 100 69 63 62 34 15 38 70 65 55 4 91 94 62 51 11 11 65 15 49 95 84 27 15 2 7 12 55 19 59 27 73 23 44 34 91 18 21 33 46 2 72 32 38 68
split_gain=406.222 400.787 386.872 396.329 357.729 346.002 328.057 295.114 354.905 282.137 274.963 275.039 267.594 263.965 250.651 249.286 238.707 234.094 225.284 223.278 218.653 215.98 212.346 206.154 205.407 220.264 203.797 202.497 218.929 201.31 198.113 197.136 191.26 198.87 198.64 189.465 188.577 188.052 187.66 187.627 187.241 197.811 185.999 185.639 184.572 179.525
threshold=0.028894428430656451 -0.94224999999999992 0.045138791043896155 0.0051024057733178507 -0.024035283719894798 0.06895839101021041 -0.0021966686799221495 -0.011865034972903348 0.041751654694037556 0.064888229305295073 0.0094606221198824027 0.019539267553583557 0.03710395961764696 0.010327347218551252 0.093124005589279815 -0.0071629152224030991 0.061075131271739504 -0.11467891774724588 0.014451859164589151 -0.029470645471271848 0.023658159153817655 0.0047643826610851503 -0.025755656226518646 -0.0068843883927273489 0.071191168383034562 -0.087102362582712631 -0.042745438222860789 0.086128518511541421 -0.028950894374596498 -0.10499463129892833 0.030551087200233754 -0.056041269733817692 -0.032617419121220341 -0.033384540706394246 0.048100516669109701 0.0071331643409957507 0.065143971995989217 -0.030323659442002895 0.10525850206223876 -0.083952524979171592 0.0076090054229903011 -0.037967852931232442 0.0086401609477891519 -0.066122541898136947 -0.015720917655234697 0.042207981506347754
decision_type=2 2 2 2 2 2 2 2 2 2 2 2 2 2 2 2 2 2 2 2 2 2 2 2 2 2 2 2 2 2 2 2 2 2 2 2 2 2 2 2 2 2 2 2 2 2
left_child=1 24 3 5 -2 10 7 17 16 15 11 12 29 14 20 19 23 -5 39 -6 22 -17 -8 -9 25 -1 -14 28 -27 -3 -4 -19 34 -34 35 -12 -10 -23 45 -13 41 -39 -35 -32 -43 -30
right_child=4 2 30 6 9 -7 13 8 36 -11 32 18 26 -15 -16 21 -18 31 -20 -21 -22 37 -24 -25 -26 27 -28 -29 38 -31 43 -33 33 42 -36 -37 -38 40 -40 -41 -42 44 -44 -45 -46 -47
leaf_value=0.023539387794692796 0.0092371975060280293 0.10776307977060393 0.034077672393134362 -0.10029458342934786 -0.041144229725412367 -0.029986166523766043 0.018241059559273191 -0.056065452524139039 0.039514325349539532 0.045447524117249047 0.059024641902278692 -0.11460040606918434 0.024706353533473602 0.019367836471622886 -0.13745302260841283 -0.021926683431909115 0.012764985127678862 -0.044028001396630163 0.044461462230457993 0.0027688841367755498 0.022044314660238321 -0.010975142128533137 -0.019409437238807108 -0.024029822762724768 0.087566964320974966 -0.080104109654929853 -0.055402765058639343 -0.09842105956035388 -0.026313920059389373 0.00075713847438380868 -0.094205960525740415 0.012601866124353775 -0.0068776848383792968 0.034417729165420144 0.1192488001929681 -0.0021551806597673992 -0.13000485193320682 -0.038700922590062484 0.15283065505389656 0.011482672141996348 -0.033098669120846379 -0.053478491392079872 0.004799344424706262 0.00804911023853494 -0.14287724027771606 0.08014815489911889
leaf_weight=742 5257 177 6139 216 1564 2197 1897 3667 986 606 1338 120 404 6585 142 4564 1015 699 2542 4391 2499 726 6988 4403 161 673 1457 453 3178 16397 195 4934 2769 5812 329 809 70 511 63 5771 926 338 3317 1898 720 166
leaf_count=742 5257 177 6139 216 1564 2197 1897 3667 986 606 1338 120 404 6585 142 4564 1015 699 2542 4391 2499 726 6988 4403 161 673 1457 453 3178 16397 195 4934 2769 5812 329 809 70 511 63 5771 926 338 3317 1898 720 166
internal_value=2.60315e-11 0.00280134 0.00446681 0.00228292 -0.0130339 0.0086047 -0.00576997 -0.0161876 -0.0264844 -0.0211951 0.0106605 0.00470016 -0.00212919 0.00342763 -0.00567929 -0.0241343 -0.0328496 0.00166497 0.0196295 -0.0087643 -0.00403559 -0.0358914 -0.0113708 -0.0385868 -0.0234774 -0.0268666 -0.0380121 -0.0351175 -0.0280889 0.0018999 0.0250376 0.00557466 0.0218015 0.0165499 0.0470373 0.0359718 0.0282773 -0.0556786 -0.0178141 0.00891435 -0.0686865 -0.0896899 0.023656 -0.00147776 -0.114317 -0.021029
internal_weight=110811 91208 85772 77540 19603 43439 34101 15990 10141 14346 41242 26868 18435 18111 11526 13740 9085 5849 8433 5955 11384 7785 8885 8070 5436 5275 1861 4533 4080 16574 8232 5633 14374 11898 2476 2147 1056 3221 3407 5891 2495 1569 9129 2093 1058 3344
internal_count=110811 91208 85772 77540 19603 43439 34101 15990 10141 14346 41242 26868 18435 18111 11526 13740 9085 5849 8433 5955 11384 7785 8885 8070 5436 5275 1861 4533 4080 16574 8232 5633 14374 11898 2476 2147 1056 3221 3407 5891 2495 1569 9129 2093 1058 3344
is_linear=0
shrinkage=0.0998


Tree=54
num_leaves=47
num_cat=0
split_feature=33 21 7 51 11 6 3 65 4 68 31 22 18 1 6 94 54 93 2 2 4 60 12 37 24 70 57 10 60 10 6 93 38 8 0 29 49 48 36 12 60 82 14 31 95 40
split_gain=391.175 428.156 469.915 438.645 394.237 331.903 331.83 325.97 338.999 305.378 324.247 297.301 291.425 320.204 278.309 267.461 284.485 267.041 258.826 258.386 253.692 253.261 248.617 247.947 247.106 241.389 232.285 236.942 231.163 217.778 212.863 208.898 207.485 206.267 205.05 199.593 195.517 274.076 205.222 196.837 216.253 194.729 192.961 186.095 186.029 197.008
threshold=0.03603499465970026 0.055485662395232255 0.055179646868793709 0.0098202662283370015 -0.037683646759146046 0.078341753147452911 0.050118616662371655 -0.028771136132946296 -0.14559509959692477 -0.03375104308344324 -0.026445471107360147 0.086694728228252763 0.027129763993537604 -0.035604141808636296 0.035602023599793552 -0.0071631840948755991 0.025105795038104655 -0.016315659257966797 0.011891324434258202 -0.0236336050148678 0.049898484632721708 0.073532340356829221 -0.076422977088245039 -0.0036886926499790497 -0.037226981213606791 -0.010396936743019199 -0.0051972160384797491 -0.022531700889145696 -0.041423450726748294 -0.10871470502633969 0.022491345839637755 -0.043473970137242642 0.089066326863860068 -0.053885229305234587 0.078263711997384369 0.0043375694570429004 -0.020226363520222047 0.0016055999722155501 -0.0044870724550493991 0.021176743249152204 0.038402956328205708 0.071437704818293771 -0.028565640028726445 0.0025353397602431004 0.033173884209943709 0.015153263432363501
decision_type=2 2 2 2 2 2 2 2 2 2 2 2 2 2 2 2 2 2 2 2 2 2 2 2 2 2 2 2 2 2 2 2 2 2 2 2 2 2 2 2 2 2 2 2 2 2
left_child=1 2 3 4 18 12 7 8 -5 30 -11 21 23 20 19 16 -12 35 26 -9 -14 29 -16 24 -4 -21 27 -1 -20 -2 -6 -26 44 -33 -30 -10 37 -31 -39 -38 41 -41 -36 -8 -3 -46
right_child=11 32 5 6 9 -7 43 14 17 10 15 -13 13 -15 22 -17 -18 -19 28 25 -22 -23 -24 -25 31 -27 -28 -29 34 36 -32 33 -34 -35 42 -37 39 38 -40 40 -42 -43 -44 -45 45 -47
leaf_value=-0.077710237359450832 -0.050825213764069808 0.026074342826574802 0.022639327230884208 0.051618974194804344 -0.029494557057556402 0.014757992124629657 -0.0088378156885906226 0.0021105348443888265 0.021233269036349634 -0.0059372469543312514 -0.0052568512812569169 -0.045128202574083988 -0.05648191218693676 -0.10339644451427121 -0.077026543117107896 0.026706236045051405 0.037546267066051478 -0.071064900503629236 0.034642156598455577 -0.050148381696042785 0.026285013987548612 -0.044410427366175127 0.018698948922420369 -0.00089187041017534606 0.029670894984691998 -0.015380557499863459 0.017119492730261657 -0.0040632491510625059 -0.21312621760811126 0.025045175632322093 0.018217695379443708 -0.11678797221118917 -0.074612418994507254 -0.043920502282511389 0.0056978105726606682 -0.055899202160642432 0.035475774731897058 -0.046925448578700193 0.0095778323825254658 0.020190522214019669 -0.054662740737751937 -0.1541712675782809 -0.053759446182752683 0.027089309796718 -0.044748299775111945 0.044189185893640355
leaf_weight=620 450 7610 605 346 3129 1985 2865 3935 698 7125 6719 843 1269 980 292 14504 2009 2463 419 3254 520 678 3625 3659 328 5116 3090 1459 70 2847 1326 448 235 2838 701 641 8105 1340 1226 3442 477 65 2422 2879 793 361
leaf_count=620 450 7610 605 346 3129 1985 2865 3935 698 7125 6719 843 1269 980 292 14504 2009 2463 419 3254 520 678 3625 3659 328 5116 3090 1459 70 2847 1326 448 235 2838 701 641 8105 1340 1226 3442 477 65 2422 2879 793 361
internal_value=-7.04026e-12 -0.00273788 -0.0049968 -0.00178732 0.0043401 -0.0227077 -0.012016 -0.01799 -0.0429564 0.00910669 0.0126875 0.012842 -0.0296927 -0.0575427 -0.011606 0.0183995 0.00459552 -0.0515632 -0.0145569 -0.0189813 -0.0324244 0.0154652 0.0115629 -0.0199038 -0.0363922 -0.0288972 -0.000233971 -0.0260263 -0.035054 0.0177265 -0.0152933 -0.0462743 0.0179307 -0.053855 -0.0441998 -0.0156912 0.0194891 0.00372546 -0.0199289 0.0265474 0.00838366 0.0169588 -0.0404135 0.00916953 0.0204122 -0.0169264
internal_weight=110811 91338 82339 69707 43593 12632 26114 20370 4148 34812 30357 19473 10647 2769 16222 23232 8728 3802 8781 12305 1789 18630 3917 7878 4219 8370 5169 2079 3612 17952 4455 3614 8999 3286 3193 1339 17502 5413 2566 12089 3984 3507 3123 5744 8764 1154
internal_count=110811 91338 82339 69707 43593 12632 26114 20370 4148 34812 30357 19473 10647 2769 16222 23232 8728 3802 8781 12305 1789 18630 3917 7878 4219 8370 5169 2079 3612 17952 4455 3614 8999 3286 3193 1339 17502 5413 2566 12089 3984 3507 3123 5744 8764 1154
is_linear=0
shrinkage=0.0998


Tree=55
num_leaves=47
num_cat=0
split_feature=62 38 84 46 11 3 2 60 9 96 68 19 93 46 26 95 31 49 58 15 15 28 24 79 91 17 12 65 79 69 20 13 52 22 93 21 20 50 22 1 73 86 65 48 16 32
split_gain=384.752 362.587 306.91 355.704 342.926 302.008 355.256 293.336 279.178 265.322 257.065 256.235 239.012 225.61 224.068 222.9 218.664 208.661 207.951 216.604 205.955 224.931 231.47 201.255 200.114 197.755 192.606 191.534 190.477 225.877 189.096 249.841 185.743 226.022 182.588 178.428 177.414 176.199 176.1 186.63 175.883 194.633 230.137 174.383 167.945 167.251
threshold=0.05058794189166866 0.012804055312711901 -0.011709593793428447 0.027983648682410104 -0.096374697003733731 0.065915943949659675 -0.10244492144549054 0.070976094306241314 0.0032962987332410005 -0.020450028136503293 0.035371000782734759 0.015928671637634555 -0.04176726860304119 0.020155628844463102 -0.00070598144209614978 0.051007372517521958 0.022402197703479256 -0.055688055059863843 -0.028996601933137845 0.063903328562963421 -0.076708091414308774 0.036280117322040804 0.12697600067501177 -0.024123318449533245 0.044044537478060856 -0.082664688038650888 0.079706611245265666 -0.014606400507520599 -0.047505527612921337 -0.027217345967136448 -0.049186769346602745 -0.064368282404826435 0.016463311579852855 0.022129736283845403 0.04283160204699351 -0.027173662711741046 0.022090023546084855 0.033368410784749357 0.064477304086893769 0.086836523181043512 0.031286653889277101 0.013204562325824601 -0.025371243229816647 -0.014563751917829049 0.012890451253861152 0.03659322911852201
decision_type=2 2 2 2 2 2 2 2 2 2 2 2 2 2 2 2 2 2 2 2 2 2 2 2 2 2 2 2 2 2 2 2 2 2 2 2 2 2 2 2 2 2 2 2 2 2
left_child=1 2 17 4 -4 6 38 10 9 28 12 27 -6 15 40 26 -14 -1 36 25 -19 22 30 35 -12 -20 34 -7 -8 37 -22 -32 33 -25 -10 -5 -11 -30 39 -3 41 -2 -43 -15 -13 -37
right_child=14 5 3 23 7 11 8 -9 13 18 24 44 16 43 -16 -17 -18 20 19 -21 21 -23 -24 32 -26 -27 -28 -29 29 -31 31 -33 -34 -35 -36 45 -38 -39 -40 -41 -42 42 -44 -45 -46 -47
leaf_value=-0.017113042439568973 -0.046215684142947126 0.040223445901431287 -0.04891887214841123 0.10541532518780457 0.02688933742776901 -0.0043293640435937905 0.077571730549993001 -0.05272193051402084 -0.023272249521460255 0.031122212728214596 0.032379137724617056 -0.031972330084286495 -0.010777680988205227 0.027752296258640872 -0.0056310696569149303 -0.1072003011732641 0.010464389952239486 -0.018240160008621557 -0.099511261520254274 0.024107694517662526 0.045015313700931626 0.043823612459526463 -0.13475457850733016 0.014292099077089374 -0.05190981287019681 -0.022167788404271346 -0.099589799064172035 0.042359989088233983 -0.057126073513176535 0.020740674560227337 -0.033012045102038388 0.016514402243932347 0.034235851324867228 -0.036133555289315014 -0.090417609808455021 0.047471350966360265 -0.025027515334835354 0.084558848458776953 -0.053120721925710726 -0.071073911930104691 -0.082638490891582622 -0.061417346908376996 0.031431773729578984 -0.02276324912221683 0.019826805997400859 -0.050911174458569117
leaf_weight=1821 2102 2209 1569 436 2485 1260 436 1064 4727 1638 3372 1601 19475 997 5071 451 6417 1451 342 989 2068 3465 101 2983 306 8840 416 2865 695 2901 1098 13340 2364 1259 441 1046 852 100 265 161 699 381 880 2145 1021 206
leaf_count=1821 2102 2209 1569 436 2485 1260 436 1064 4727 1638 3372 1601 19475 997 5071 451 6417 1451 342 989 2068 3465 101 2983 306 8840 416 2865 695 2901 1098 13340 2364 1259 441 1046 852 100 265 161 699 381 880 2145 1021 206
internal_value=1.48005e-11 0.00176247 0.00611347 0.00111037 -0.00332902 -0.00640068 -0.0108806 -0.00116922 -0.0144233 -0.00677399 0.000541966 0.0125925 -0.00267559 -0.0284207 -0.0196217 -0.0397115 -0.00551311 0.0153254 -0.0139404 -0.0202688 0.0180699 0.0206948 0.015869 0.0196773 0.0253665 -0.0250486 -0.0342606 0.0280985 0.0151847 0.00782521 0.0167907 0.0127479 0.0118188 -0.000673931 -0.029002 0.0504315 0.0119095 -0.0393041 0.0240356 0.0326627 -0.0370876 -0.0276198 0.00337823 -0.00673397 -0.0118019 0.0312838
internal_weight=110811 101678 66326 42982 34688 35352 28605 33119 25970 16793 32055 6747 28377 9177 9133 6035 25892 23344 12661 10171 21523 20072 16607 8294 3678 9182 5584 4125 4132 3696 16506 14438 6606 4242 5168 1688 2490 795 2635 2370 4062 3363 1261 3142 2622 1252
internal_count=110811 101678 66326 42982 34688 35352 28605 33119 25970 16793 32055 6747 28377 9177 9133 6035 25892 23344 12661 10171 21523 20072 16607 8294 3678 9182 5584 4125 4132 3696 16506 14438 6606 4242 5168 1688 2490 795 2635 2370 4062 3363 1261 3142 2622 1252
is_linear=0
shrinkage=0.0998


Tree=56
num_leaves=47
num_cat=0
split_feature=15 12 1 63 23 7 70 14 11 55 30 26 51 53 94 10 3 80 3 90 48 79 58 90 0 100 51 1 46 15 74 18 4 34 4 37 34 13 17 33 22 97 26 42 67 5
split_gain=371.932 413.274 435.714 564.901 472.744 436.337 415.112 370.069 344.382 343.136 335.307 317.594 311.928 304.997 298.058 297.15 286.695 278.438 257.062 255.508 254.119 245.035 239.435 237.889 236.153 261.345 248.495 236.14 235.679 234.073 233.674 229.96 263.713 228.325 227.107 254.063 226.618 223.37 231.82 216.098 218.945 213.151 212.727 211.32 199.842 199.646
threshold=0.086436990967349567 0.021176743249152204 0.014690404804428502 0.018410921917231305 -0.0050112234246493491 0.060968070880206053 -0.0035789955113547495 0.028507524336020402 -0.044922168986462195 0.055530009293506509 -0.033865748617943593 0.0020635675598760003 0.063271295327997662 -0.0080034436919957982 -0.016824829902728298 0.010503495030521752 -0.088985300486329535 -0.006686521963541199 0.064732455425072513 0.058218769297562707 -0.030682972904181195 -0.011691826755675249 -0.03948635328812599 -0.014258393433862999 0.08861108222700996 -0.85204999999999986 -0.0071629152224030991 0.12596055925824673 0.013470937019364202 -0.080503657972338785 0.021722975013260055 -0.0011678346577663498 -0.21232109448451167 0.071454902801946815 0.071677283422512963 -0.046286627014577544 0.0078910547166921013 -0.017870671105780448 -0.022079377123733399 0.00074279668968040013 -0.024382533310742346 0.019629752028620953 0.012953348701121253 -0.020257831345947046 0.035417686810130806 -0.013421471909875048
decision_type=2 2 2 2 2 2 2 2 2 2 2 2 2 2 2 2 2 2 2 2 2 2 2 2 2 2 2 2 2 2 2 2 2 2 2 2 2 2 2 2 2 2 2 2 2 2
left_child=1 2 4 7 5 12 10 15 22 17 23 14 13 42 -10 16 -4 -5 44 -20 -8 -15 -3 -6 25 36 -27 28 -19 -16 -23 -18 -33 -17 35 45 -12 38 -31 41 -41 -22 -1 -24 -9 -7
right_child=-2 8 3 9 6 34 20 18 11 -11 24 -13 -14 21 29 33 31 27 19 -21 39 30 43 -25 -26 26 -28 -29 -30 37 -32 32 -34 -35 -36 -37 -38 -39 -40 40 -42 -43 -44 -45 -46 -47
leaf_value=-0.021947869759643496 0.02502625124345817 0.017429989329513063 0.060698728419233385 -0.015344659117473968 0.012685159606985774 0.0056829144188995234 0.055282531854845864 -0.052367462195028955 -0.041222472611748502 0.039873537708005842 -0.24637737119453174 0.0044839180586231592 -0.062505036174402881 0.03757681365020981 -0.056471500598743826 0.0478187897087404 0.010376157661253797 -0.10513311124035322 0.035127885229950695 -0.25715240444983206 0.018849679853517022 0.015386384440361512 -0.008153743342399206 -0.047320120101356618 0.016978640542953748 0.040284074646646538 -0.041762839822161245 -0.027782357900202986 -0.029949794736033358 -0.067856949626766583 -0.027105679480288667 0.14082787053070442 -0.037134105795644488 -0.045060441330562861 0.035516301777948227 -0.029887065997169587 0.063293419850897037 0.010170047798503553 -0.0054565809929880658 0.062925028836756658 0.021831234453289793 -0.022271920066439393 0.013204173132365715 -0.051595541843118889 0.024978878642042551 -0.13271087932030948
leaf_weight=5017 5615 861 686 2151 1002 134 2617 2265 3656 545 89 14413 700 3560 871 2629 3072 1408 763 31 5791 5616 1561 1917 9974 573 1026 1260 589 862 1673 86 2327 293 420 2870 32 5215 1900 1949 3827 1603 2605 3906 390 461
leaf_count=5017 5615 861 686 2151 1002 134 2617 2265 3656 545 89 14413 700 3560 871 2629 3072 1408 763 31 5791 5616 1561 1917 9974 573 1026 1260 589 862 1673 86 2327 293 420 2870 32 5215 1900 1949 3827 1603 2605 3906 390 461
internal_value=3.96822e-11 -0.00133582 0.0029162 -0.0102871 0.00748436 -0.00329245 0.0156577 0.00172925 -0.0105383 -0.0356037 0.00353622 -0.00561328 0.00288803 0.00536625 -0.017252 0.0122872 -0.000127205 -0.0432101 -0.026106 0.0237164 0.0268778 0.0161154 -0.0314875 -0.0267222 0.0110892 -0.0230628 -0.0123614 -0.061613 -0.0829584 -0.00734743 0.00563344 -0.00773461 -0.0307915 0.0385054 -0.0337908 -0.0421917 -0.164481 -0.00198363 -0.0249313 0.0212335 0.0356975 0.00993462 -0.00993382 -0.0391915 -0.0410059 -0.101543
internal_weight=110811 105196 71951 18495 53456 23056 30400 12542 33245 5953 14613 26917 19171 18471 12504 9093 6171 5408 3449 794 15787 10849 6328 2919 11694 1720 1599 3257 1997 8848 7289 5485 2413 2922 3885 3465 121 7977 2762 13170 5776 7394 7622 5467 2655 595
internal_count=110811 105196 71951 18495 53456 23056 30400 12542 33245 5953 14613 26917 19171 18471 12504 9093 6171 5408 3449 794 15787 10849 6328 2919 11694 1720 1599 3257 1997 8848 7289 5485 2413 2922 3885 3465 121 7977 2762 13170 5776 7394 7622 5467 2655 595
is_linear=0
shrinkage=0.0998


Tree=57
num_leaves=47
num_cat=0
split_feature=24 68 15 100 60 7 39 77 70 5 0 66 73 84 25 1 7 63 92 86 88 9 99 17 6 87 4 3 38 60 10 37 37 62 67 69 86 38 16 100 92 29 46 93 27 47
split_gain=366.049 391.601 406.574 357.995 351.612 332.51 329.374 348.605 335.546 335.769 273.462 269.593 266.11 255.728 250.433 243.997 318.801 234.173 208.525 207.919 201.93 205.074 195.518 185.867 179.114 177.256 175.813 174.818 167.947 190.007 174.838 166.43 219.585 162.792 185.5 237.911 171.462 160.365 159.743 163.335 155.496 150.4 150.256 170.465 148.653 147.19
threshold=0.07645789768128107 0.035371000782734759 -0.11688891795680724 -0.97184999999999988 0.049618456381192604 0.015934443586919051 -0.03326523849608664 -0.0025984990746488997 0.0093247729954678508 0.021243967719340052 0.15099113442536385 0.0018246641565944502 -0.054677187424090043 0.023953847716560103 0.016235852676353652 0.0092242416220001521 0.096436362004837364 0.10452784000787922 -0.012858306854553048 0.022153458678584852 0.060506198516617156 0.097911686297019365 -0.085746850693032242 -0.089535221194110184 -0.057266239694252992 0.008334178525527201 0.12067913170259177 -0.098806263252529183 -0.071304999184034226 -0.0045901193215048498 0.020830331713965356 0.00072896282636115007 -0.029702879653765345 -0.019009649621146648 -0.012724327169023998 -0.018230436879146248 0.059558034495827659 0.085046418482455213 -0.040450524269170743 -0.44049999999999995 -0.029066613862756045 0.076474804372409458 0.0024119773371011504 0.049728154449798702 0.0078682213044130016 -0.051231905547903141
decision_type=2 2 2 2 2 2 2 2 2 2 2 2 2 2 2 2 2 2 2 2 2 2 2 2 2 2 2 2 2 2 2 2 2 2 2 2 2 2 2 2 2 2 2 2 2 2
left_child=1 2 -1 14 6 17 11 13 9 -9 18 15 -2 25 45 16 -5 42 20 -15 21 23 -10 -3 41 -8 -17 -20 -14 30 -30 32 -26 36 -35 -36 -12 -16 39 -31 -37 -7 43 -6 -42 -4
right_child=12 10 3 4 5 24 7 8 22 -11 33 -13 28 19 37 26 -18 -19 27 -21 -22 -23 -24 -25 31 -27 -28 -29 29 38 -32 -33 -34 34 35 40 -38 -39 -40 -41 44 -43 -44 -45 -46 -47
leaf_value=-0.057867242988053097 0.044455489246999991 -0.31643279262071566 0.092975538855783788 0.019393820757027658 -0.0081946669710910892 0.014298952040713459 0.018846068470760684 -0.0077262486115846334 -0.14597098738595488 -0.036034048881218653 0.048885826428725999 0.029804132447439857 0.027276140851294425 0.00081429095522423365 -0.09312775191039839 -0.019076965577911796 -0.075029495482878031 -0.17422327487961603 -0.22829123117566108 -0.037967734633210112 -0.19700248339737522 -0.31602005311691511 0.0068337873272281534 -0.017253004357517709 -0.040113937873059904 0.0014164825599650792 -0.16967468204647301 0.01395481123786634 -0.030678510468633121 -0.081252810625789249 0.031626227523595139 -0.033960452354846557 -0.12992074269387635 -0.0067360626668153036 0.0015465816165699951 -0.0010077683697824772 -0.037232569571573948 -0.34355589445387874 -0.063692688976789008 0.045086995525754431 0.07935841927368846 -0.20812617875440045 0.020043388232047685 -0.098782523940697919 0.02638250685820915 -0.032424420206304864
leaf_weight=1239 520 21 102 5905 1983 563 14309 15788 84 5673 3221 7116 464 4861 449 2214 379 78 30 1921 73 24 11710 1367 514 9786 80 2707 1719 156 607 1235 574 2329 2013 546 248 27 2316 294 1338 32 2010 231 871 1084
leaf_count=1239 520 21 102 5905 1983 563 14309 15788 84 5673 3221 7116 464 4861 449 2214 379 78 30 1921 73 24 11710 1367 514 9786 80 2707 1719 156 607 1235 574 2329 2013 546 248 27 2316 294 1338 32 2010 231 871 1084
internal_value=-1.0416e-11 0.00138157 -0.00109282 -0.000299843 0.000576206 -0.0205145 0.00248379 -0.000687469 -0.00777751 -0.0152091 0.0164319 0.0154429 -0.0238147 0.00694861 -0.0461823 0.00352926 0.013699 -0.00287564 -0.00503758 -0.0101707 -0.0351486 -0.0267808 0.00574547 -0.0217795 -0.0465195 0.0117672 -0.0243288 0.0112996 -0.0302043 -0.0354421 -0.0144193 -0.0590332 -0.0874936 0.0250107 0.0163499 0.0276266 0.0427292 -0.107333 -0.0531208 0.0012892 0.0466826 0.00233659 0.000288452 -0.0176462 0.0584702 -0.0216396
internal_weight=110811 104735 89947 88708 87046 7220 79826 64132 33255 21461 14788 15694 6076 30877 1662 8578 6284 4302 4222 6782 1485 1412 11794 1388 2918 24095 2294 2737 5556 5092 2326 2323 1088 10566 7097 4768 3469 476 2766 450 2755 595 4224 2214 2209 1186
internal_count=110811 104735 89947 88708 87046 7220 79826 64132 33255 21461 14788 15694 6076 30877 1662 8578 6284 4302 4222 6782 1485 1412 11794 1388 2918 24095 2294 2737 5556 5092 2326 2323 1088 10566 7097 4768 3469 476 2766 450 2755 595 4224 2214 2209 1186
is_linear=0
shrinkage=0.0998


Tree=58
num_leaves=47
num_cat=0
split_feature=62 3 1 18 10 17 20 2 18 14 6 55 66 21 90 51 28 60 4 7 12 95 30 91 83 60 79 6 5 75 14 42 89 1 48 100 94 11 100 41 33 61 5 17 69 53
split_gain=357.3 376.571 450.379 463.465 449.016 368.174 349.094 327.544 341.786 329.031 303.69 296.576 280.897 272.963 268.249 262.69 251.901 274.365 247.112 244.985 282.519 242.739 242.676 256.944 240.985 260.114 235.201 225.821 224.62 221.848 221.063 218.288 210.421 205.23 203.667 201.672 201.285 225.937 200.999 200.159 218.605 199.681 197.505 201.508 205.427 209.543
threshold=-0.04653435243417569 -0.019655016499419746 -0.019078718414951696 0.032717958097142459 -0.0088673588033377475 -0.026901154628805445 0.020119657372313002 -0.10244492144549054 -0.013260141953948848 -0.05910174280876794 0.13733598468869393 -0.0021856363625054995 0.014713564337247452 0.06234585811946361 0.024194064626411754 0.0044596347225680007 -0.10240213885675449 -0.032417757845701549 1.0000000180025095e-35 0.06510446192675591 0.055492973329842911 0.048266735293332259 0.0053551588065429007 0.034965100486857963 -0.015442962107927598 0.026898145921015155 -0.038973802232120845 0.080517586630757573 0.13992926970085137 -0.017812219096133699 0.0086633767500685511 0.013792871880041952 0.00090518822935880009 -0.084854318606988485 0.0088527237602785518 -0.2967499999999999 -0.044929577537112346 0.050848171604593755 0.051650000000000008 0.049270480499799658 -0.058757165160958892 -0.035617100465412992 0.20223247126940849 0.018812862490831802 -0.0021263146878732495 -0.0073137622242783994
decision_type=2 2 2 2 2 2 2 2 2 2 2 2 2 2 2 2 2 2 2 2 2 2 2 2 2 2 2 2 2 2 2 2 2 2 2 2 2 2 2 2 2 2 2 2 2 2
left_child=27 7 5 4 13 14 18 -2 9 33 11 -6 42 22 31 16 17 -10 21 20 26 -7 -4 29 25 -11 -18 -1 -25 -24 -20 32 39 -9 -8 -22 -26 -38 -35 40 -3 -21 43 -5 45 -45
right_child=1 2 3 12 10 6 34 8 15 24 -12 -13 -14 -15 -16 -17 19 -19 30 41 35 -23 23 28 36 -27 -28 -29 -30 -31 -32 -33 -34 38 -36 -37 37 -39 -40 -41 -42 -43 -44 44 -46 -47
leaf_value=0.012328444594554247 0.035161270553617244 -0.10761089929203776 -0.008391802104511549 -0.08374505128838966 -0.00860506345418326 0.016310205890836135 0.010720073531685756 -0.026184994113142544 0.027396785232797264 0.03172009877537138 0.084392982665079649 0.023598903369744878 0.0020536589476727752 0.032680225723715345 -0.035052588185928567 -0.034075939952708599 0.05852104541626621 -0.23774702871803083 0.020728865707853997 0.049307088632954688 -0.087436071100979285 -0.051655440703685142 0.010967669185026894 -0.12855159645978581 -0.078578993361509891 -0.034857218463141666 0.00026019584679985562 0.058791310516437302 0.014563114716269398 -0.045091009264238681 0.052911322454455782 -0.017932490455513234 0.032579673738449999 0.085199941478441427 -0.018497346144008848 -0.004919178427055213 -0.02041357606118863 0.03187727923218299 0.010648411550899014 0.08495934114519707 -0.0044996364905098918 -0.050066895712931839 0.026299255732047278 -0.14679517841703127 0.020224595116817571 -0.0093335575126655117
leaf_weight=9320 1484 224 5605 1720 5592 9773 6626 387 64 2446 540 5805 1202 1005 2486 8590 775 99 4598 226 589 553 973 510 495 768 6304 1173 139 2535 3954 3458 2923 899 3705 591 5462 969 601 224 2388 1850 268 210 470 233
leaf_count=9320 1484 224 5605 1720 5592 9773 6626 387 64 2446 540 5805 1202 1005 2486 8590 775 99 4598 226 589 553 973 510 495 768 6304 1173 139 2535 3954 3458 2923 899 3705 591 5462 969 601 224 2388 1850 268 210 470 233
internal_value=-4.3593e-11 -0.0018328 0.00240959 -0.00764503 -0.00206657 0.00899774 0.0149904 -0.0106457 -0.0128304 0.000346836 0.0112628 0.00779785 -0.0385135 -0.0168444 -0.00595915 -0.0211331 -0.0105427 -0.133641 0.0230616 -0.0086012 -0.000897566 0.0126704 -0.021943 -0.0402144 -0.00677411 0.0158111 0.00663852 0.0175225 -0.0978999 -0.0295422 0.0356084 0.0018879 0.0137891 0.038612 0.000241849 -0.0461077 -0.0172548 -0.0125346 0.0553296 -0.00557796 -0.0133423 -0.0392487 -0.0553221 -0.0636299 -0.0257351 -0.074496
internal_weight=110811 100318 67719 26807 22704 40912 29209 32599 31115 12027 11937 11397 4103 10767 11703 19088 10498 163 18878 10335 8259 10326 9762 4157 10140 3214 7079 10493 649 3508 8552 9217 5759 1887 10331 1180 6926 6431 1500 2836 2612 2076 2901 2633 913 443
internal_count=110811 100318 67719 26807 22704 40912 29209 32599 31115 12027 11937 11397 4103 10767 11703 19088 10498 163 18878 10335 8259 10326 9762 4157 10140 3214 7079 10493 649 3508 8552 9217 5759 1887 10331 1180 6926 6431 1500 2836 2612 2076 2901 2633 913 443
is_linear=0
shrinkage=0.0998


Tree=59
num_leaves=47
num_cat=0
split_feature=9 20 28 13 19 15 39 11 100 70 11 76 91 15 18 1 36 93 90 22 64 38 47 6 1 33 23 64 77 77 1 73 7 91 25 100 24 49 63 77 81 84 91 39 96 54
split_gain=343.803 382.776 369.163 375.171 329.892 322.467 327.322 385.005 295.018 307.779 288.741 324.094 273.102 235.086 233.563 259.075 227.806 223.498 248.54 293.82 269.462 200.448 212.956 187.039 188.694 180.957 180.615 180.558 175.706 170.379 168.828 176.676 167.712 171.035 165.032 175.999 163.714 178.244 185.055 162.842 162.407 157.018 158.767 156.517 158.508 155.994
threshold=0.059598292638332252 -0.051338700243623546 0.025985087069816552 -0.041083868429181748 -0.0092905165004923494 0.035052049108563757 -0.039887494194190944 0.046962314179796551 0.89800000000000013 0.052185658763850756 -0.023496582620215447 -0.0087343052221665971 0.049902648300496857 -0.071648425880399144 0.016321429788939402 0.18295945040458778 0.0062193296777548505 0.032015482234156102 0.024630993133106901 0.065941644858608414 -0.020425487935363845 0.099487796973382212 0.039618746103558755 0.087590834189241212 -0.019854513424471146 -0.083952524979171592 0.024788243814581452 0.015708596694897155 0.06683342983966041 0.073069522201103715 -0.058464359534638098 -0.032617419121220341 0.047795594144154761 -0.010599042884461148 -0.0030961161106473995 -0.93924999999999992 -0.0055240150477405487 0.020763989271840953 -0.032361406412303492 0.0056148019560692012 0.026238110795999952 0.034159961402007506 -0.0045811324282739483 -0.0011047322775172999 -0.040625900450779247 0.05642860453530401
decision_type=2 2 2 2 2 2 2 2 2 2 2 2 2 2 2 2 2 2 2 2 2 2 2 2 2 2 2 2 2 2 2 2 2 2 2 2 2 2 2 2 2 2 2 2 2 2
left_child=1 4 3 10 -1 6 45 8 9 -8 11 40 39 30 15 16 -4 18 19 25 -20 23 -23 24 29 -2 -7 28 -9 -16 -6 -32 -26 -34 -27 -36 -13 38 -38 -12 -3 -15 -43 -19 -45 -5
right_child=17 2 14 5 13 26 7 27 -10 -11 12 36 -14 41 21 -17 -18 43 20 -21 -22 22 -24 -25 32 34 -28 -29 -30 -31 31 -33 33 -35 35 -37 37 -39 -40 -41 -42 42 -44 44 -46 -47
leaf_value=0.03630763511696937 -0.06216089895835944 -0.096209792998314295 0.003340713323752428 0.010033437944598229 -0.0022368462477265643 0.0063137115207545398 -0.018835326816470557 0.0072274705258750195 0.025533323040342993 0.021498317137557111 0.010291437625329056 0.0063906425631979251 -0.091118053431512219 0.016976288897367561 0.0093782281959293758 0.074071856074548234 0.029139866950037698 -0.016190868334929186 0.01077127662363146 -0.053232363139568528 -0.058555434940924821 -0.22720955965507342 0.082576273079841375 0.051077995788380265 -0.015514991422678733 0.021924513407701091 0.035116917363707152 0.042390072178366885 -0.11492576070658185 -0.11987946201261276 0.059061800242672047 -0.12496037027314334 -0.0030246174499606606 -0.12770594971033658 -0.063213579853481597 0.00085743869851502878 0.02565357437292299 0.017169107971949336 -0.097569530091521681 -0.024432804582739866 -0.012547563130060092 0.019090430636288527 -0.067011647042908642 0.057550733818004976 -0.081324936277577101 0.058381064444871865
leaf_weight=5648 392 1204 7531 5905 396 7343 25457 3819 1830 2035 3442 1140 376 5133 4347 782 6228 1033 816 993 1769 77 31 622 2072 3961 3077 1700 121 104 62 321 174 296 481 3805 151 301 619 2208 286 382 483 89 1020 749
leaf_count=5648 392 1204 7531 5905 396 7343 25457 3819 1830 2035 3442 1140 376 5133 4347 782 6228 1033 816 993 1769 77 31 622 2072 3961 3077 1700 121 104 62 321 174 296 481 3805 151 301 619 2208 286 382 483 89 1020 749
internal_value=2.37772e-11 0.00214487 -0.000272742 -0.00424436 0.0184945 -0.000881425 -0.00481262 -0.0086739 -0.013267 -0.0158498 -0.0222349 -0.0441756 -0.00875952 0.00364896 0.010745 0.0181945 0.0150187 -0.0144075 -0.00919393 -0.00181966 -0.0366713 -0.00328103 -0.13829 -0.00136626 -0.00603098 0.00408991 0.0148192 0.0152055 0.00347606 0.00635805 -0.0479284 -0.0951709 -0.027724 -0.0815473 0.00723897 -0.00633299 -0.0199315 -0.0479495 -0.073405 -0.00327867 -0.0801511 0.0103477 -0.0289874 -0.0441431 -0.0701798 0.0154756
internal_weight=110811 96452 84027 61763 12425 52036 41616 34962 29322 27492 9727 3701 6026 6777 22264 14541 13759 14359 12217 9632 2585 7723 108 7615 6993 8639 10420 5640 3940 4451 779 383 2542 470 8247 4286 2211 1071 770 5650 1490 5998 865 2142 1109 6654
internal_count=110811 96452 84027 61763 12425 52036 41616 34962 29322 27492 9727 3701 6026 6777 22264 14541 13759 14359 12217 9632 2585 7723 108 7615 6993 8639 10420 5640 3940 4451 779 383 2542 470 8247 4286 2211 1071 770 5650 1490 5998 865 2142 1109 6654
is_linear=0
shrinkage=0.0998


Tree=60
num_leaves=47
num_cat=0
split_feature=42 70 11 84 7 2 3 38 14 21 55 21 6 63 1 68 32 66 5 12 58 28 27 66 7 100 17 60 13 0 36 99 0 37 18 89 83 66 74 65 74 57 75 60 42 23
split_gain=325.72 324.821 295.355 301.576 297.544 276.401 339.832 301.131 274.162 414.092 272.038 257.991 261.1 240.814 328.799 234.81 229.064 226.522 221.018 242.674 242.453 220.305 218.365 210.852 200.489 196.924 201.452 202.448 195.355 214.089 205.946 192.816 188.098 186.226 185.692 183.767 179.44 174.641 165.836 173.037 164.587 164.48 161.904 257.888 159.653 158.902
threshold=0.013792871880041952 0.035342665299899906 0.077835917033252919 0.011215160588477801 0.14177564617113228 -0.014558113520469448 0.10115501634649351 0.063437136202885713 -0.034713705584611593 -0.07510852646201073 -0.020791748898810299 -0.067745310251869084 -0.069503332620669586 0.0079957807467897508 0.03941418630084096 0.0073980818586290506 -0.060542905291380893 0.028865378534005604 0.034455783044028111 0.034775045211801858 -0.023272981591227745 -0.087112539293808286 -0.016707354837062746 -0.0088576721526652993 -0.018812783794462499 0.9043000000000001 -0.082664688038650888 -0.071774699382404342 -0.089948737647156288 0.13503610706583383 0.037809264144764453 0.022301666389475051 0.078263711997384369 0.040544766362467358 0.083105421415486214 0.081523929703754008 0.0068851943336056013 0.040592486818794161 0.015353256117235552 -0.0057182551029196496 0.084071505673496374 0.016367159497331505 -0.023625058529237599 -0.042269508783396838 -0.034080812666870748 -0.020374094307266648
decision_type=2 2 2 2 2 2 2 2 2 2 2 2 2 2 2 2 2 2 2 2 2 2 2 2 2 2 2 2 2 2 2 2 2 2 2 2 2 2 2 2 2 2 2 2 2 2
left_child=1 5 3 18 11 13 7 8 -7 42 24 41 -13 -1 38 -12 -16 22 20 31 36 -22 34 -4 -11 26 -14 -28 -23 30 -30 45 -33 -21 -18 37 40 -9 -15 -40 -2 -5 43 -10 -19 -20
right_child=2 -3 23 4 -6 6 -8 35 9 10 15 12 25 14 16 -17 17 44 19 33 21 28 -24 -25 -26 -27 27 -29 29 -31 -32 32 -34 -35 -36 -37 -38 -39 39 -41 -42 -43 -44 -45 -46 -47
leaf_value=0.017470748876942829 0.034813061154624236 0.020977075768259523 -0.0075719035416122382 -0.11824728758894155 -0.12028792909699479 0.01133190452337453 0.025341203131173731 -0.040047966016520969 0.22639768731406953 -0.0015051601811690064 -0.010053433824103444 0.028196961746557586 -0.088719191776405595 0.016144066083478285 -0.12655102198208831 0.014494132727226711 -0.10306070616186329 0.13123792646411692 -0.03321816458342481 -0.082560297605622557 -0.064844863708816328 -0.060538277805559114 -0.012404696914078235 0.047851796723730203 -0.040270820090644054 0.022310727005050157 0.049086622977152362 -0.024428198945678634 -0.011004013783255457 0.0086774883506404773 -0.082726415592233232 -0.31478625919566705 -0.042259410236162705 0.038059088610107664 0.13374382376704896 0.24580322258770465 -0.0094047215460210665 -0.1414744191557267 -0.045638869501891992 0.012943317309926398 -0.15516659954951509 -0.014588569261719515 -0.079768299639266724 -0.034057903257320263 -0.0015809103254164378 0.020785856947813236
leaf_weight=14948 3599 9756 1196 415 296 7659 3511 1536 43 2123 9859 1206 466 5529 250 6401 572 131 787 883 583 548 927 1596 3552 975 388 9715 3385 9051 452 26 846 149 35 21 1420 190 1039 972 46 241 1134 317 289 1748
leaf_count=14948 3599 9756 1196 415 296 7659 3511 1536 43 2123 9859 1206 466 5529 250 6401 572 131 787 883 583 548 927 1596 3552 975 388 9715 3385 9051 452 26 846 149 35 21 1420 190 1039 972 46 241 1134 317 289 1748
internal_value=-5.02534e-13 0.00406804 -0.00719676 -0.00954488 -0.0213146 0.00136539 -0.00417002 -0.00732562 -0.00505998 -0.0104185 -0.00695588 -0.0191293 -0.0159889 0.00951337 -0.00269383 -0.000389905 -0.0366022 -0.0250939 -0.00268909 -0.0227472 0.00197649 -0.00478497 -0.0428741 0.0241101 -0.0257687 -0.020605 -0.0245641 -0.0216049 -0.00217892 0.000302531 -0.0194529 -0.00990459 -0.0503852 -0.0651453 -0.0894064 -0.0476428 0.020691 -0.0512131 0.00721786 -0.0173237 0.0324155 -0.0801653 -0.0612574 -0.00294793 0.0398459 0.00402011
internal_weight=110811 70794 40017 37225 13702 61038 36346 32835 31088 23429 21935 13406 12750 24692 9744 16260 2204 1954 23523 4439 19084 14019 1534 2792 5675 11544 10569 10103 13436 12888 3837 3407 872 1032 607 1747 5065 1726 7540 2011 3645 656 1494 360 420 2535
internal_count=110811 70794 40017 37225 13702 61038 36346 32835 31088 23429 21935 13406 12750 24692 9744 16260 2204 1954 23523 4439 19084 14019 1534 2792 5675 11544 10569 10103 13436 12888 3837 3407 872 1032 607 1747 5065 1726 7540 2011 3645 656 1494 360 420 2535
is_linear=0
shrinkage=0.0998


Tree=61
num_leaves=47
num_cat=0
split_feature=69 42 63 100 7 82 70 60 6 40 11 9 19 89 93 62 26 33 49 34 20 60 55 2 28 97 1 68 30 73 3 22 40 58 80 29 12 33 80 8 74 29 84 73 90 4
split_gain=317.466 325.739 309.16 324.097 349.801 341.008 287.304 263.741 276.718 262.754 260.689 243.981 238.896 226.225 276.473 221.517 218.317 211.045 209.984 209.547 209.053 205.159 201.74 199.214 244.858 217.241 207.228 201.16 198.882 198.823 213.716 194.353 231.902 246.632 204.502 188.839 187.489 187.417 183.323 209.934 184.966 177.647 168.485 168.366 213.016 169.262
threshold=0.0032740027469544504 -0.023115173182656396 -0.019623514941606596 0.8317500000000001 -0.014179775463703198 -0.0089868903129352497 -0.010119392698262248 0.0067072272300777508 0.093262153311016574 -0.006871223886380849 -0.053503364706735793 -0.066321557817352286 0.042284829400218459 0.0069573246962601502 0.019554419316457204 0.056865950292112805 0.060191977319191306 -0.012563186779835847 -0.043867623563434689 -0.0059279190880301988 0.084320843027797757 -0.013683795345765248 -0.03328515690821849 -0.020843682355932897 -0.022128475840049549 0.023861418666839055 0.10275012029562196 0.036683426784004505 0.015606613820138301 0.0041297996595328007 -0.10152016796101658 -0.0017903460815740498 -0.079044173026976292 0.010451369208286102 0.035185388951639453 -0.011229144692274097 0.17167377337958464 -0.06138229298712574 0.028922352084804603 -0.054791032959096445 0.0062830822043162008 0.065050304183436256 0.03189235835571911 -0.018976677570462546 0.0087026793801657024 0.018251462837592602
decision_type=2 2 2 2 2 2 2 2 2 2 2 2 2 2 2 2 2 2 2 2 2 2 2 2 2 2 2 2 2 2 2 2 2 2 2 2 2 2 2 2 2 2 2 2 2 2
left_child=1 17 15 4 13 9 43 8 31 20 -8 -9 37 14 19 16 21 36 35 41 22 -3 -6 -13 27 -26 -27 -25 -12 30 -10 34 33 -33 42 -5 -1 -11 39 -23 -41 -4 -2 44 -7 -45
right_child=7 2 3 18 5 6 10 11 29 12 28 23 -14 -15 -16 -17 -18 -19 -20 -21 -22 38 -24 24 25 26 -28 -29 -30 -31 -32 32 -34 -35 -36 -37 -38 -39 -40 40 -42 -43 -44 45 -46 -47
leaf_value=-0.00472780390284714 0.026099927143449886 0.025603478221744934 0.025329237956411742 -0.13199117421263087 -0.099202117119994548 -0.0041881305272533503 -0.077446634845927467 0.025207700899967826 -0.0084815267694053741 -0.078882055915892119 -0.0032284717235106729 0.0065292241690067974 -0.049105651202693876 0.01163272102609612 -0.050965017227694039 -0.048473209955601393 0.058458202963029095 0.017900237496555088 0.016723217536482999 -0.022254050601901203 -0.19452845817724099 -0.046270783670716416 -0.017757607818532903 -0.048394200926918943 0.0022849306954590923 -0.055240278547212071 0.034540176570347123 0.027215635972185771 -0.044982328998252816 0.011619285021706458 0.093297831018461022 -0.17485877092451629 0.0020916437386134163 -0.0014555248587938218 -0.0097974108317177254 -0.000496569245017866 -0.18351885757778408 0.025290751231675887 -0.041980494198283196 0.023444652007698668 -0.015544264195074072 -0.092393756981226899 -0.0047519610408841648 -0.091710001831226906 -0.090048182624301296 -0.035876565250518494
leaf_weight=5919 11240 3113 2085 186 350 905 831 2629 260 183 3402 6493 616 4735 1750 734 797 8637 4279 3023 78 785 2252 2781 6342 1350 316 401 1706 969 980 154 13076 174 2509 262 59 2865 1130 3292 1918 136 2091 1828 422 768
leaf_count=5919 11240 3113 2085 186 350 905 831 2629 260 183 3402 6493 616 4735 1750 734 797 8637 4279 3023 78 785 2252 2781 6342 1350 316 401 1706 969 980 154 13076 174 2509 262 59 2865 1130 3292 1918 136 2091 1828 422 768
internal_value=1.65429e-11 -0.00500162 -0.00925296 -0.0142502 -0.0183396 -0.0278404 -0.0394515 0.00570512 0.0114297 -0.00979045 -0.0256072 -0.00315942 0.00758011 -0.00521237 -0.0166167 0.00461559 0.00814682 0.00792288 0.00991711 -0.0051541 -0.0335388 0.00423022 -0.0287129 -0.00737687 -0.0154459 -0.00613994 -0.0382111 -0.0388657 -0.0171737 0.0454893 0.071957 0.00885699 1.25949e-05 -0.0828705 0.0163412 -0.0550903 -0.00649239 0.0190363 -0.00510802 0.00184209 0.00909134 0.0181206 0.0212607 -0.0604103 -0.0314925 -0.0751923
internal_weight=110811 59046 44431 32662 27935 16206 9862 51765 31453 6344 5939 20312 3664 11729 6994 11769 11035 14615 4727 5244 2680 10238 2602 17683 11190 8008 1666 3182 5108 2209 1240 29244 13404 328 15840 448 5978 3048 7125 5995 5210 2221 13331 3923 1327 2596
internal_count=110811 59046 44431 32662 27935 16206 9862 51765 31453 6344 5939 20312 3664 11729 6994 11769 11035 14615 4727 5244 2680 10238 2602 17683 11190 8008 1666 3182 5108 2209 1240 29244 13404 328 15840 448 5978 3048 7125 5995 5210 2221 13331 3923 1327 2596
is_linear=0
shrinkage=0.0998


Tree=62
num_leaves=47
num_cat=0
split_feature=33 9 6 21 14 7 21 1 18 63 51 62 5 82 28 22 94 22 2 5 24 64 57 55 60 10 95 42 46 33 88 68 4 39 6 19 47 21 90 26 38 41 10 55 82 2
split_gain=304.299 345.109 355.334 347.066 488.479 369.626 370.195 478.811 325.252 301.357 308.559 266.711 247.003 316.587 231.858 222.509 262.256 218.811 204.703 256.491 201.611 241.275 210.036 198.836 218.069 193.486 188.16 186.27 185.894 181.368 180.349 227.53 177.181 177.121 176.582 174.474 172.887 199.022 174.96 169.516 268.882 173.408 177.762 169.295 174.172 169.204
threshold=0.03603499465970026 0.077573471606376107 0.080517586630757573 -0.069433627047456745 -0.012325771530007598 0.0019614815398792005 0.037297872263256558 -0.090076306864767086 -0.049809070370595739 -0.042781752915602288 -0.00033011759497014991 -0.0048894619357591493 0.031675543499455908 -0.0054048985784789991 -0.064682022486341986 0.03646334443207936 0.0034839898655040506 0.10932420719646672 -0.053719202925665996 -0.047204264113236992 0.042200811811707102 0.012214507040181502 0.012499492038991452 0.035359718766010802 0.046268711569851156 -0.10871470502633969 0.03530601435568665 -0.080153211110473438 0.038021623714191301 0.10382802237438966 -0.0029336684577805998 -0.055435277396411346 -0.11820049436503353 0.035190136315935455 -0.085651021154987086 -0.00090358184488234983 -0.045728488369744094 -0.032435441913664896 0.026191993024045502 -0.097288285728082832 -0.018660525592633998 -0.036458142801292941 0.019620002452908802 -0.061305958948392698 -0.030701993965590396 0.085937974464891209
decision_type=2 2 2 2 2 2 2 2 2 2 2 2 2 2 2 2 2 2 2 2 2 2 2 2 2 2 2 2 2 2 2 2 2 2 2 2 2 2 2 2 2 2 2 2 2 2
left_child=1 2 3 4 45 14 7 18 -8 -9 -11 -6 23 -14 20 16 28 25 -7 -20 43 22 -22 24 -4 -2 -10 -17 -16 30 31 -27 35 -26 -18 -31 -3 -38 -39 40 -32 -42 -43 -5 -45 -1
right_child=17 36 12 5 11 6 8 9 26 10 -12 -13 13 -15 15 27 34 -19 19 -21 21 -23 -24 -25 33 29 -28 -29 -30 32 39 -33 -34 -35 -36 -37 37 38 -40 -41 41 42 -44 44 -46 -47
leaf_value=-0.0030510789422743029 -0.048195163354049948 0.014048834486716507 0.02860751028909083 -0.14888547993116541 -0.023618779978441189 0.049096073437763545 0.053089730511880866 0.015475647076313864 0.0072293776692159625 -0.011257812820924615 -0.035723674443722341 -0.090653195550390905 0.038291669552422469 -0.047901221984141089 -0.0016797243326663832 0.095009909394840011 -0.029869817510132922 -0.063661786435779771 0.061444078309067188 -0.014218704831245174 -0.14948986797470382 0.02497603457396038 -0.0067175832403582993 0.069569505292845432 -0.013672251386911973 -0.034285040293020361 -0.055671948669503805 -0.012838041687509592 0.02759835569570495 0.025022863748198482 0.042519513338278324 0.027523143695093115 0.054526980876416921 -0.17084007452970201 0.023900246259497614 -0.26432850700838223 -0.071460471933542505 -0.012279719775197201 -0.057344782850942133 0.0043420192173072572 0.10939180096821351 -0.28984641754120222 -0.072472695110975829 0.062335681208792973 -0.014017201122472144 0.094001767428648006
leaf_weight=1773 504 1032 4192 81 1078 1369 1528 2211 4192 10430 10112 1309 719 1036 14182 164 638 380 565 2123 340 195 147 1045 379 646 534 5822 2548 51 119 7259 1513 88 13072 35 974 3914 1099 8793 22 82 69 353 1895 199
leaf_count=1773 504 1032 4192 81 1078 1369 1528 2211 4192 10430 10112 1309 719 1036 14182 164 638 380 565 2123 340 195 147 1045 379 646 534 5822 2548 51 119 7259 1513 88 13072 35 974 3914 1099 8793 22 82 69 353 1895 199
internal_value=7.40552e-12 -0.00241479 -0.000644854 -0.00266311 -0.0300136 -0.00101871 -0.00880112 -0.0139015 0.0130633 -0.0195333 -0.0233014 -0.0603796 0.0201519 -0.0125891 0.00550607 0.00770615 0.0111651 0.0113266 0.0176835 0.00168512 -0.0211098 -0.0688324 -0.106394 0.0302256 0.0214009 0.012819 0.000122034 -0.0098833 0.00277936 0.0144733 0.0114491 0.0224722 0.0466066 -0.0432885 0.021398 -0.0927364 -0.023677 -0.0301799 -0.0221593 0.00185776 -0.0729506 -0.152378 -0.190517 -0.00713518 -0.00202762 0.00674279
internal_weight=110811 91338 84319 76860 4359 72501 33064 26810 6254 22753 20542 2387 7459 1755 39437 36426 30440 19473 4057 2688 3011 682 487 5704 4659 19093 4726 5986 16730 18589 16990 7905 1599 467 13710 86 7019 5987 5013 9085 292 173 151 2329 2248 1972
internal_count=110811 91338 84319 76860 4359 72501 33064 26810 6254 22753 20542 2387 7459 1755 39437 36426 30440 19473 4057 2688 3011 682 487 5704 4659 19093 4726 5986 16730 18589 16990 7905 1599 467 13710 86 7019 5987 5013 9085 292 173 151 2329 2248 1972
is_linear=0
shrinkage=0.0998


Tree=63
num_leaves=47
num_cat=0
split_feature=93 62 66 48 76 65 51 26 90 13 100 24 19 12 3 17 1 11 46 61 24 67 63 100 1 78 52 71 59 98 72 30 88 59 28 22 81 29 0 56 89 39 95 23 81 6
split_gain=304.397 314.731 289.13 287.609 298.369 290.426 246.753 240.551 243.064 232.425 229.451 228.822 227.911 227.073 222.17 221.046 211.048 204.521 203.272 245.102 203.232 243.355 193.98 193.075 295.434 301.386 186.518 185.453 183.554 175.844 174.211 174.196 173.733 183.354 169.446 169.348 171.641 169.162 164.918 360.907 173.603 163.611 163.206 161.414 160.662 159.204
threshold=-0.026746083979944994 0.044769411051733508 -0.016181856033775099 -0.0010024742300749998 -0.10084346609265889 -0.027725897441189449 0.018706392601792552 0.060191977319191306 0.0087026793801657024 -0.041083868429181748 -0.96934999999999993 0.099487548053832406 -0.036527698391310447 0.011158174435731052 -0.040428486899337791 0.0039947081796036007 0.14210695638873913 -0.12536486058254201 -0.0089925397433877983 -0.023043785539817247 -0.035269126535192548 -0.014521713702237348 0.007662287567705651 0.47730000000000006 -0.031543230271249841 -0.028248846354983446 -0.0053463940905498488 -0.03253843753284829 -0.0097095216480459993 0.082402991799765513 0.061985036205758605 -0.025888282573959295 -0.0061611773278860494 -0.04130602817559139 -0.015799476643803947 -0.027191498081462196 -0.048434603178952339 0.013942344132632352 0.081605648293037972 -0.047141626786541845 -0.042265867451745147 -0.0046508737261231493 0.063018243373521715 -0.037451279925217441 -0.070493470831300087 0.14380959573279709
decision_type=2 2 2 2 2 2 2 2 2 2 2 2 2 2 2 2 2 2 2 2 2 2 2 2 2 2 2 2 2 2 2 2 2 2 2 2 2 2 2 2 2 2 2 2 2 2
left_child=7 2 9 4 -4 6 16 8 14 12 30 18 -2 -3 -1 27 35 -11 28 -20 -8 34 -19 24 -24 -26 43 -10 -12 -29 31 -6 33 -7 -22 -5 -37 -28 39 -34 -41 -35 -15 -14 -43 -16
right_child=1 13 3 5 10 32 20 -9 15 17 11 -13 26 42 45 -17 -18 22 19 -21 21 -23 23 -25 25 -27 37 29 -30 -31 -32 -33 38 41 -36 36 -38 -39 -40 40 -42 44 -44 -45 -46 -47
leaf_value=-0.0084061419360748867 0.007047848168047802 -0.0060968906329452906 -0.099332518306661885 0.014727443703254656 0.053817169709442073 0.054211157180535409 0.0148610435460973 0.051001636628740341 0.024880851033299164 -0.075992816017263654 0.021260571772375763 -0.045012919994651866 -0.12064284606030078 -0.033307249555149777 0.022192494537758661 0.014569436709284905 0.05288038005194623 0.00544306568736327 0.043647302205850377 0.014598448478828279 -0.1806183096114774 -0.029700158964301879 -0.0038626893663619281 0.0035738874315667515 0.028285151943824784 -0.069924652643803958 0.0060238581486066166 -0.03220846311632717 -0.0063206076009843419 0.12115421829066779 0.24452987586855887 -0.078643689572944028 -0.33988772104963283 0.021654698561700304 -0.078340017674499676 -0.13295755691126843 -0.026792779740229179 -0.059128306355450383 -0.0026565209374861979 -0.20956478426049535 -0.02303983951250348 -0.13867750735571713 -0.1400140823897679 -0.048991224464851608 -0.0032694744484410977 0.11070776494981516
leaf_weight=2690 1239 5393 244 997 121 905 354 1386 762 394 3744 662 407 4034 9078 3103 478 10700 3783 12297 229 784 2433 3252 372 1905 1032 3686 6711 76 20 541 39 4034 546 166 1758 645 12333 52 1123 89 148 1358 4501 207
leaf_count=2690 1239 5393 244 997 121 905 354 1386 762 394 3744 662 407 4034 9078 3103 478 10700 3783 12297 229 784 2433 3252 372 1905 1032 3686 6711 76 20 541 39 4034 546 166 1758 645 12333 52 1123 89 148 1358 4501 207
internal_value=-2.3428e-11 -0.00252843 -0.000487827 0.00339463 0.0105479 -0.00369183 -0.0247312 0.010821 0.00797995 -0.00973084 0.0115095 0.0129433 -0.0296562 -0.0196307 0.0168491 -0.00594526 -0.00859446 -0.00483629 0.0143892 0.0214325 -0.0534027 -0.0689033 -0.00333401 -0.0151294 -0.028043 -0.0538798 -0.0428683 -0.0200162 0.00355638 -0.0291102 -0.0456653 -0.0544326 0.00115134 0.0114763 -0.108562 -0.0186544 -0.0359525 -0.0190347 -0.00611129 -0.0412082 -0.0312946 0.00699175 -0.0370836 -0.0655137 -0.00589503 0.0241659
internal_weight=110811 89823 80248 56511 28123 28388 5312 20988 19602 23737 27879 27197 4681 9575 11975 7627 3399 19056 26535 16080 1913 1559 18662 7962 4710 2277 3442 4524 10455 3762 682 662 23076 9529 775 2921 1924 1677 13547 1214 1175 8624 4182 1765 4590 9285
internal_count=110811 89823 80248 56511 28123 28388 5312 20988 19602 23737 27879 27197 4681 9575 11975 7627 3399 19056 26535 16080 1913 1559 18662 7962 4710 2277 3442 4524 10455 3762 682 662 23076 9529 775 2921 1924 1677 13547 1214 1175 8624 4182 1765 4590 9285
is_linear=0
shrinkage=0.0998


Tree=64
num_leaves=47
num_cat=0
split_feature=38 42 21 40 1 49 95 0 39 16 24 80 6 6 76 1 100 93 46 100 96 53 70 24 12 7 14 69 59 27 93 85 70 21 1 39 67 90 31 6 48 2 94 75 14 52
split_gain=288.817 270.468 304.543 281.987 284.145 255.061 247.943 247.692 348.459 322.059 264.681 224.541 218.613 216.67 212.588 208.441 208.227 207.582 205.676 203.867 288.419 221.439 228.141 217.126 256.174 200.708 299.206 226.533 199.995 212.791 208.868 224.277 196.155 192.27 190.471 183.655 182.196 181.302 176.724 217.806 177.833 172.879 171.127 170.667 168.799 168.333
threshold=0.017059647172344952 -0.083590331011049082 -0.073118113585582525 -0.0029011802081525995 0.12596055925824673 -0.049160298281738339 0.049657209297615058 0.15099113442536385 0.01277678049237225 0.019682215323277952 0.095511689039435951 -0.00061930613489919991 -0.023432384749141347 -0.06140945101246769 -0.0024590982091699993 0.11593223069399201 -0.59979999999999989 0.064201276558036965 0.072093305505173511 -0.52614999999999978 -0.013775061354852297 0.019321330317795701 -0.010697795697102797 0.030620220138685053 0.013212636743414651 0.0066259957374245511 -0.058026461524424595 0.032108054033585909 0.0006156087242727001 0.12953028466314456 -0.040996600468076592 -0.051413556228128342 -0.0041470799397831494 -0.030776207317564096 -0.10682896109224828 0.060160300904792158 -0.0028113822004840494 0.039517067158460061 0.0029320464871597008 -0.13395046010687617 0.017342138528484801 0.026925142917087003 0.075097429115902073 0.030808473963605504 -0.082516886615365381 -0.024839523615750345
decision_type=2 2 2 2 2 2 2 2 2 2 2 2 2 2 2 2 2 2 2 2 2 2 2 2 2 2 2 2 2 2 2 2 2 2 2 2 2 2 2 2 2 2 2 2 2 2
left_child=1 32 14 17 5 -5 7 8 13 16 11 -9 -7 -2 15 28 -10 25 35 20 21 22 -15 24 -22 38 41 34 -3 30 -30 -32 -1 -13 -28 -14 -16 -29 -4 -40 -41 43 -34 -27 -11 -6
right_child=6 2 3 4 45 12 -8 10 9 44 -12 33 18 19 36 -17 -18 -19 -20 -21 23 -23 -24 -25 -26 26 27 37 29 -31 31 -33 42 -35 -36 -37 -38 -39 39 40 -42 -43 -44 -45 -46 -47
leaf_value=0.0065186563585847472 -0.10270839820718393 -0.025892236017537096 -0.0031884869838791695 -0.019478634711964191 0.060329891550136357 0.022221099652511189 -0.038451826688728062 0.013115103352456081 -0.10418600365214456 -0.18770735462364696 -0.060468009909632865 -0.03290207663305806 0.0038205968548368566 -0.040296858559892727 -0.030481834671130758 0.015374668109790509 -0.042811605013780639 -0.053798264974082632 0.056644921483826376 0.012854102823292902 0.0080256335174355743 -0.068090920568911056 0.10401435550535945 -0.12196329065595941 -0.08779373426701316 -0.031016188097434654 0.018442976881441971 0.023512998957737379 0.039617371500362958 0.106226196009525 0.083190535082373507 -0.15305865869173993 0.071213071780754977 -0.0005250024760359446 -0.026412383697089807 -0.043171510334865916 0.024846373639837098 -0.085630607914780124 -0.18156538874935019 0.027219404779791127 -0.0055965385819809034 0.062879795317610163 -0.17847047333887645 0.08269022448369584 0.017238850268137863 0.019837793339727371
leaf_weight=1077 216 581 10772 3357 1507 9268 2419 10311 800 42 685 2323 18134 156 1287 366 1766 775 703 3846 702 179 363 327 460 558 1050 1865 75 45 43 578 1160 8553 9243 868 1099 165 55 5681 2315 803 28 172 852 3181
leaf_count=1077 216 581 10772 3357 1507 9268 2419 10311 800 42 685 2323 18134 156 1287 366 1766 775 703 3846 702 179 363 327 460 558 1050 1865 75 45 43 578 1160 8553 9243 868 1099 165 55 5681 2315 803 28 172 852 3181
internal_value=-2.55905e-11 0.00338983 0.00235755 0.00389127 0.00989269 0.00656315 -0.00765813 -0.00529944 -0.0185651 -0.0439741 0.000589218 0.00256327 0.00958052 -0.0044965 -0.0241727 -0.0512769 -0.0619463 -0.00274952 0.00363518 -0.000980211 -0.0253089 0.0276255 0.0606376 -0.050123 -0.0299063 -0.00153887 -0.0106549 -0.0158275 -0.0697297 -0.104102 -0.1177 -0.1367 0.0373645 -0.00744041 -0.0218366 0.00167403 -0.00499747 0.0146417 0.0051716 0.0163571 0.0177185 0.0309251 0.0653283 -0.00422509 0.00761051 0.0328543
internal_weight=110811 76811 74546 70472 37018 32330 34000 31581 9709 3460 21872 21187 28973 6249 4074 1688 2566 33454 19705 6033 2187 698 519 1489 1162 32679 13856 12323 1322 741 696 621 2265 10876 10293 19002 2386 2030 18823 8051 7996 1533 1188 730 894 4688
internal_count=110811 76811 74546 70472 37018 32330 34000 31581 9709 3460 21872 21187 28973 6249 4074 1688 2566 33454 19705 6033 2187 698 519 1489 1162 32679 13856 12323 1322 741 696 621 2265 10876 10293 19002 2386 2030 18823 8051 7996 1533 1188 730 894 4688
is_linear=0
shrinkage=0.0998


Tree=65
num_leaves=47
num_cat=0
split_feature=11 9 6 55 3 30 0 22 69 93 94 23 21 29 34 51 13 30 63 28 68 80 84 26 8 83 46 8 74 26 60 3 65 65 14 68 15 64 2 78 52 86 42 8 22 94
split_gain=281.378 283.075 309.52 288.995 251.087 280.98 256.398 247.048 222.097 248.675 221.255 266.809 214.474 210.011 245.165 244.539 235.05 229.408 207.551 220.509 198.17 240.569 196.581 216.297 189.276 183.745 181.708 200.438 215.944 178.879 174.676 168.161 181.526 165.397 162.329 159.742 156.822 155.614 150.751 151.58 157.515 155.207 150.376 157.693 146.966 166.984
threshold=0.11045235322052467 0.034612091758803705 0.15112493867595647 0.010551932312396503 0.12681663250519523 0.044732953519951955 0.20708959433417531 0.095429370441215702 0.0035582842076942504 -0.040996600468076592 0.0037851707372774505 0.0022742513202586002 0.073704580840560571 0.049306227442197106 -0.022424083604611896 0.063271295327997662 -0.017870671105780448 0.0024821687429582005 -0.0077499775431984488 -0.014405670519513797 0.030656170846301654 0.035185388951639453 0.05785313302361781 0.092827874771053615 -0.083201446603720988 -0.027007680672584845 -0.021033378492529699 -0.070020059576774235 -0.0041260776524442494 -0.04143833838326804 0.004741611542794801 -0.082968728144152445 0.042402204953873507 0.017512807125124704 -0.13731682755089236 -0.0084583695578581471 -0.019352198403562098 0.052738929307325703 0.22340930330581951 0.014315689268819801 0.014103560180815801 -0.062554113537148431 0.031478473622187052 0.050741480717757713 0.030205026631681255 0.0011695355973850503
decision_type=2 2 2 2 2 2 2 2 2 2 2 2 2 2 2 2 2 2 2 2 2 2 2 2 2 2 2 2 2 2 2 2 2 2 2 2 2 2 2 2 2 2 2 2 2 2
left_child=1 2 3 8 5 6 26 31 9 -1 18 33 -7 14 -5 16 17 -16 37 -20 21 22 23 -10 -24 -9 38 -28 -29 -17 -14 -8 -33 -12 -4 -18 -13 -11 39 40 -3 -41 -23 -44 -15 -46
right_child=-2 4 34 13 -6 12 7 25 20 10 11 36 30 44 15 29 35 -19 19 -21 -22 42 24 -25 -26 -27 27 28 -30 -31 -32 32 -34 -35 -36 -37 -38 -39 -40 41 -42 -43 43 -45 45 -47
leaf_value=0.020200849708267563 0.035667646780515441 -0.0046014035985072806 -0.2359574220275879 0.030086446193895638 0.020316638769882763 -0.049679931889070446 -0.020759940796032491 -0.22011981828336746 0.0046822532061338122 -0.011494900133067407 -0.028952577883565363 -0.010171064740649901 0.10701392408150756 -0.00038485006153160832 0.010514493650149285 -0.13867319563825614 0.0028886862015910799 -0.030383722893380812 -0.0523536167582727 -0.018698918592027453 0.023801916154244322 -0.014446228499996239 -0.26458833747869609 0.079450440922628165 -0.033483913975519815 -0.04093062609312053 -0.078484033548031087 0.012783078654750587 -0.022466687329621992 -0.022793028107226047 -0.037768654674806376 0.0082426439309916041 0.05756058577438479 0.0084646491534756119 0.05024243191387176 0.027528702223296161 0.024413687706474167 0.039235990768756772 -0.25559677223805338 -0.2657523073077202 -0.066395540393012889 -0.06241119240829824 -0.050175689301789325 -0.20050435708980963 -0.0066213026664634668 -0.087130193537643286
leaf_weight=2633 2160 1433 20 6210 2428 2862 1668 73 17594 5266 3807 1940 167 2937 3210 160 4219 2378 2901 5848 4110 2434 37 394 767 260 414 3080 3952 777 165 5605 857 1703 1511 6917 3995 680 32 39 576 904 578 79 550 481
leaf_count=2633 2160 1433 20 6210 2428 2862 1668 73 17594 5266 3807 1940 167 2937 3210 160 4219 2378 2901 5848 4110 2434 37 394 767 260 414 3080 3952 777 165 5605 857 1703 1511 6917 3995 680 32 39 576 904 578 79 550 481
internal_value=3.52846e-11 -0.000709079 0.00204065 0.00121657 -0.0101462 -0.013495 -0.0088667 0.00404007 -0.00299209 -0.00903271 -0.0119773 -0.00157329 -0.0408718 0.00949602 0.0130301 0.0070327 0.00981239 -0.00688994 -0.0200804 -0.0298582 0.00369459 -8.19086e-05 0.00416194 0.00631994 -0.0441193 -0.0802123 -0.0193394 -0.0110004 -0.00702737 -0.0425805 0.0350587 0.007491 0.0147833 -0.0173879 0.0465037 0.0181936 0.0131088 -0.00569318 -0.0401477 -0.0378122 -0.0223184 -0.0708208 -0.0258827 -0.0682517 -0.0117645 -0.0441817
internal_weight=110811 108651 84136 82605 24515 22087 18893 8463 54766 28773 26140 11445 3194 27839 23871 17661 16724 5588 14695 8749 25993 21883 18792 17988 804 333 10430 7446 7032 937 332 8130 6462 5510 1531 11136 5935 5946 2984 2952 2009 943 3091 657 3968 1031
internal_count=110811 108651 84136 82605 24515 22087 18893 8463 54766 28773 26140 11445 3194 27839 23871 17661 16724 5588 14695 8749 25993 21883 18792 17988 804 333 10430 7446 7032 937 332 8130 6462 5510 1531 11136 5935 5946 2984 2952 2009 943 3091 657 3968 1031
is_linear=0
shrinkage=0.0998


Tree=66
num_leaves=47
num_cat=0
split_feature=91 55 70 3 6 74 7 39 24 1 14 4 43 20 28 0 90 64 75 68 45 7 26 82 69 100 35 88 1 62 0 8 66 21 8 30 0 42 89 10 8 60 79 46 20 23
split_gain=273.142 274.99 261.28 238.641 267.286 256.557 249.014 237.515 228.826 220.739 287.327 260.004 212.071 212.008 210.919 424.15 341.904 239.686 209.011 203.842 201.859 199.466 199.272 229.532 231.186 193.601 180.673 177.492 190.578 181.242 176.677 185.88 174.424 242.75 172.135 189.471 186.269 255.328 171.499 187.405 179.902 187.238 170.394 169.651 167.98 228.584
threshold=0.010692194638635001 -0.020791748898810299 0.041751654694037556 -0.061246959893921843 0.14380959573279709 0.0059884197344395006 0.069193759738756952 -0.039168665974047195 0.013024665101398252 -0.077124693675511488 0.018780900019349855 -0.028789511039283098 0.063799120015241961 -0.012769260415367698 -0.051276124288967641 0.17266165114258378 0.066366595241610718 0.0098102341077990016 0.025433792007128506 0.011037075727404451 0.013844217146618801 -0.078970114533016084 0.032745475413298801 0.013933574022077202 -0.083224119335014335 -0.27239999999999992 0.0064443918954130508 -0.012718280045657048 -0.019078718414951696 0.093124005589279815 0.083076917177489065 -0.10791101939816189 0.01222623312438755 -0.069433627047456745 0.19520345599467237 0.059896750614750659 0.20486701833702967 0.024801180402450402 -0.047137893025793694 0.044177745462359662 0.0052360953621243007 0.041752989811530458 0.053541002670008657 -0.085356315532237034 0.045994658810981255 0.033400921644199805
decision_type=2 2 2 2 2 2 2 2 2 2 2 2 2 2 2 2 2 2 2 2 2 2 2 2 2 2 2 2 2 2 2 2 2 2 2 2 2 2 2 2 2 2 2 2 2 2
left_child=1 12 3 9 5 6 13 -2 -7 34 25 -12 27 -5 15 16 44 -17 -10 22 -15 -13 23 38 -25 -11 -14 28 -1 -30 -29 -32 -26 -34 35 36 37 -3 40 -40 42 -42 -16 -24 45 -9
right_child=7 2 -4 4 -6 8 -8 14 18 10 11 21 26 20 19 17 -18 -19 -20 -21 -22 -23 43 24 32 -27 -28 30 29 -31 31 -33 33 -35 -36 -37 -38 -39 39 -41 41 -43 -44 -45 -46 -47
leaf_value=0.025639951366110206 0.010217301304388745 -0.042628994443157972 0.028911590135441385 0.029933522053459463 0.072225473482266489 0.0065872410341364799 -0.018679688680066704 -0.072850993449885645 -0.026731334842893372 0.054081037873135465 0.019396549238147751 0.0011507818153425108 -0.0712985839453881 0.0012154244305503622 -0.072229987559724124 -0.032622650097214767 -0.25789686238626719 0.03063924087608574 0.021872594850612413 0.0043081039781828565 0.026605927023380761 -0.085490879061561484 -0.14661332563522503 -0.34610096151630088 -0.050862839915238711 -0.0018895489907910059 0.0056158973118082458 -0.05438763768230067 -0.0056866573913561484 -0.21206669071469195 -0.089128414139532389 -0.0053469374217047418 -0.14717288459197672 -0.00066320947545666276 0.036766500822822422 -0.12875184740788093 -0.0099354135538266067 -0.18577999418178814 0.00038069659499644765 -0.038339380128209484 0.025795139355251132 -0.24357780186033676 -0.27748386833938682 0.011514737329863724 -0.12539173665544001 0.022689742837985204
leaf_weight=3504 6707 520 5088 7719 635 9638 2190 802 4995 1106 708 395 876 9671 477 1408 93 1035 1070 9681 4603 802 69 24 2830 1388 466 851 2950 43 270 11399 121 1630 272 252 1058 163 7470 1494 313 28 44 3277 314 362
leaf_count=3504 6707 520 5088 7719 635 9638 2190 802 4995 1106 708 395 876 9671 477 1408 93 1035 1070 9681 4603 802 69 24 2830 1388 466 851 2950 43 270 11399 121 1630 272 252 1058 163 7470 1494 313 28 44 3277 314 362
internal_value=1.82881e-11 0.00359237 0.00742472 0.00510777 0.00798602 0.0069633 0.0134131 -0.00683416 -0.00296959 -0.0123937 0.000639819 -0.028544 -0.00624741 0.0166088 -0.010468 -0.0318364 -0.0722917 -0.00582115 -0.0181565 -0.00734422 0.00940321 -0.0568999 -0.0136898 -0.0187778 -0.0371633 0.0229314 -0.0445906 -0.00354159 0.00984268 -0.00865169 -0.0104871 -0.00728549 -0.0355448 -0.0107875 -0.0377068 -0.0478707 -0.0361636 -0.0767924 -0.0101613 -0.00607265 -0.052679 0.00367654 -0.0895643 0.00825388 -0.0606129 -0.0431382
internal_weight=110811 72632 52273 47185 40521 39886 24183 38179 15703 6664 4399 1905 20359 21993 31472 4014 1571 2443 6065 27458 14274 1197 17777 14431 4605 2494 1342 19017 6497 2993 12520 11669 4581 1751 2265 1993 1741 683 9826 8964 862 341 521 3346 1478 1164
internal_count=110811 72632 52273 47185 40521 39886 24183 38179 15703 6664 4399 1905 20359 21993 31472 4014 1571 2443 6065 27458 14274 1197 17777 14431 4605 2494 1342 19017 6497 2993 12520 11669 4581 1751 2265 1993 1741 683 9826 8964 862 341 521 3346 1478 1164
is_linear=0
shrinkage=0.0998


Tree=67
num_leaves=47
num_cat=0
split_feature=77 90 19 15 68 11 0 3 100 23 43 30 3 4 0 27 20 40 80 11 12 7 14 95 18 21 46 18 20 17 7 54 20 45 74 100 14 41 49 0 1 0 1 3 28 0
split_gain=265.494 295.833 262.935 345.669 250.133 240.357 233.705 282.519 276.859 253.34 236.774 234.595 269.834 229.36 227.729 294.235 209.83 208.752 252.543 196.379 189.29 241.953 235.059 231.741 202.409 202.383 201.357 199.573 193.346 187.195 186.982 183.774 182.176 179.168 191.155 189.557 177.827 198.712 176.873 176.236 174.84 172.212 171.685 206.951 170.992 170.479
threshold=0.018431960933817403 0.050534673935099708 0.016397667044936951 0.072805073274179413 -0.044219091239552193 -0.069640024415746085 0.16327841411930188 -0.034986805841587039 -0.58544999999999991 0.019209032152973503 0.015812083514788852 -0.018410831723040099 0.012079557883119952 -0.056216513226630543 0.2313367230143121 1.0000000180025095e-35 -0.053366629519776838 0.0058899394643095512 0.031415986468218159 0.085447327502174111 -0.0060205814491441989 0.11168854488009611 -0.0073852924650413985 0.04186029250146666 -0.019599416467858996 -0.037344258362123996 0.040332914519367206 -0.014406145115396547 0.040162676127748556 -0.027855124953489248 0.099374248208709659 -0.094959443109264227 -0.0083893198769363474 -0.0097319777377313978 -0.021993177244679998 0.90015000000000012 0.025707309100256402 0.022317007810978954 0.0086719237923319533 0.089986425804111161 0.025563501414801303 0.20088760206667994 -0.080866679206453837 -0.079195113318951696 -0.036610024597338288 0.26370834812798921
decision_type=2 2 2 2 2 2 2 2 2 2 2 2 2 2 2 2 2 2 2 2 2 2 2 2 2 2 2 2 2 2 2 2 2 2 2 2 2 2 2 2 2 2 2 2 2 2
left_child=1 2 6 4 -4 14 8 36 9 10 16 38 -13 -7 15 44 -1 18 -9 20 21 26 23 24 -22 -24 -2 -23 42 -18 39 -10 -19 -33 -35 -36 37 -8 -12 -15 -38 -29 43 -27 -6 -3
right_child=19 45 3 -5 5 13 7 17 31 -11 11 12 -14 30 -16 -17 29 32 -20 -21 22 27 25 -25 -26 28 -28 41 -30 -31 -32 33 -34 34 35 -37 40 -39 -40 -41 -42 -43 -44 -45 -46 -47
leaf_value=0.091733568594172754 -0.0025951012439992629 -0.026022806677395094 -0.041354656920206692 0.036838453477407773 -0.17683641478448825 -0.028947432662711249 0.023127281005205499 0.021168426626347731 -0.091459584409878641 0.016432033012535777 0.033566707354035219 -0.13476917971381758 -0.038437421152862403 -0.033364652062925479 0.0074783826051160471 -0.0020743447939564866 -0.066062514847240614 0.054038496988771063 -0.021323312759751616 0.025834995493785467 0.024340073653139831 0.036944427606167771 -0.057514927244157632 -0.050788971889210673 -0.012921730371177094 -0.063391444831155247 0.035368966635938429 -0.14423337447574267 -0.058122873289255431 -0.0054827545607852952 -0.036053065391151967 0.02124583570223738 0.021897288214378745 0.027870788858247557 -0.0092280327576314044 0.036898637386074684 0.00096712082268887636 -0.025459097334435625 -0.083011791232426427 0.0095423773471755863 -0.046752791734699962 -0.038253790746767262 -0.024486434030117455 0.030382654814217445 -0.071953166015213843 0.028034405688415094
leaf_weight=188 10253 4805 1972 1908 212 2467 3797 7537 182 1945 399 523 649 1023 733 496 622 3137 1709 1604 2580 189 1895 908 3321 283 1610 251 1119 2773 1097 7610 3991 2242 8634 989 1936 1076 192 14024 1264 390 3676 1365 574 661
leaf_count=188 10253 4805 1972 1908 212 2467 3797 7537 182 1945 399 523 649 1023 733 496 622 3137 1709 1604 2580 189 1895 908 3321 283 1610 251 1119 2773 1097 7610 3991 2242 8634 989 1936 1076 192 14024 1264 390 3676 1365 574 661
internal_value=-2.70582e-11 0.0029386 0.00455348 -0.00395309 -0.00739722 -0.00415063 0.00860956 0.0156753 0.00219963 -0.01441 -0.0256311 -0.0555731 -0.0814251 -0.000605731 -0.0368921 -0.0622616 -0.0108983 0.0232085 0.0133144 -0.00812068 -0.010077 -0.00108742 -0.0176102 -0.00385256 0.00336965 -0.028845 0.00255723 -0.0531796 -0.0204127 -0.0165816 0.00372523 0.00836035 0.0360425 0.0092932 0.00162699 -0.00448738 0.000396026 0.012399 -0.00430651 0.00662526 -0.0178822 -0.0797528 -0.0124868 0.0142795 -0.100242 -0.0194857
internal_weight=110811 81367 75901 24506 22598 20626 51395 24447 26948 7291 5346 1763 1172 18611 2015 1282 3583 16374 9246 29444 27840 12693 15147 6809 5901 8338 11863 830 6443 3395 16144 19657 7128 19475 11865 9623 8073 4873 591 15047 3200 641 5324 1648 786 5466
internal_count=110811 81367 75901 24506 22598 20626 51395 24447 26948 7291 5346 1763 1172 18611 2015 1282 3583 16374 9246 29444 27840 12693 15147 6809 5901 8338 11863 830 6443 3395 16144 19657 7128 19475 11865 9623 8073 4873 591 15047 3200 641 5324 1648 786 5466
is_linear=0
shrinkage=0.0998


Tree=68
num_leaves=47
num_cat=0
split_feature=24 26 62 65 86 49 21 78 28 55 91 51 11 77 68 39 3 31 41 10 1 100 1 52 30 63 37 90 98 86 15 33 29 89 0 93 30 24 28 95 66 83 33 91 25 59
split_gain=255.838 305.64 267.94 320.691 313.384 258.038 245.02 271.935 269.543 227.858 225.647 219.161 217.29 251.003 313.213 213.298 257.401 266.898 233.75 229.61 222.008 219.744 216.105 212.96 211.043 204.811 201.398 198.512 203.998 194.136 192.561 186.877 198.161 181.776 174.409 223.685 161.231 161.153 159.833 177.518 167.276 158.242 156.301 152.92 158.414 151.58
threshold=0.10994557259447872 0.075379158288845116 -0.040755673955454298 -0.025805917431758144 0.011147028176636651 -0.054548338616430096 -0.038001164013311946 0.0023841078952552505 0.024530531217677402 0.04871059547586646 0.032937588444663407 0.027471271288583055 -0.096374697003733731 -0.0087187854344701974 -0.045302958822186497 -0.05131811990839049 -0.022443628107096495 -0.026445471107360147 0.05025244963363721 -0.0055765312677688991 -0.094820891016726791 -0.44024999999999997 -0.05287900296199944 -0.077015526220956435 0.018917353816050055 0.044723966599425409 -0.052926127785700737 -0.01292999713933145 -0.050868381758585247 -0.0046300366432635498 -0.070203836539899839 0.023088422292553753 0.055687001803956505 -0.0063263090681809986 0.15437862544687689 0.0069194580161704511 -0.037245933037158993 -0.054208726474098239 -0.08436367520802239 -0.056872679152279788 0.053840294662677306 -0.016436429181648646 -0.095096687853819847 -0.0099852197585578485 -0.016201617958551798 -0.037427685211981844
decision_type=2 2 2 2 2 2 2 2 2 2 2 2 2 2 2 2 2 2 2 2 2 2 2 2 2 2 2 2 2 2 2 2 2 2 2 2 2 2 2 2 2 2 2 2 2 2
left_child=2 -2 5 4 11 -1 7 10 9 29 12 31 -5 14 -14 -8 18 19 25 20 -18 -21 36 -6 -24 30 -25 -20 -29 -9 -17 32 43 38 -13 -36 -19 -35 39 -28 -40 -12 -15 -4 -45 -7
right_child=1 -3 3 6 23 45 15 8 -10 -11 41 34 13 42 -16 16 17 22 27 21 -22 -23 24 26 -26 -27 33 28 -30 -31 -32 -33 -34 37 35 -37 -38 -39 40 -41 -42 -43 -44 44 -46 -47
leaf_value=-0.023114744409150543 -0.055732499796378981 0.061265292485841047 0.021141548888166155 -0.053783929906642047 0.078688918091721002 0.046885117110518293 0.022823697673714491 -0.066522575629351613 0.0072754772267728052 0.030488504927492409 0.016683266267513226 -0.055216408206172664 -0.083826245025815052 -0.14760837666212695 0.048811117147599621 -0.047603295774378426 0.027174872136184601 -0.0086417139652640064 0.0033462393288808635 0.040426812025095481 -0.031220521653245039 -0.0065463502497447304 0.011218696060804032 0.012545417328669529 -0.012888408711316223 -0.039746510584035881 -0.43356616432547568 0.11239119376637718 -0.08579522806574752 -0.022539804924791351 0.0026217914972531489 0.029147190318677976 -0.055505030413821078 0.035416123255801499 0.020906253432168131 -0.044195379295464562 0.026975282905672294 -0.02974050733461097 -0.055686235206143971 -0.11297485694533926 0.045441474863507844 -0.071749933551520748 6.8314307131059229e-05 -0.034884389618572036 0.0050870308824011905 0.014455116338262516
leaf_weight=1643 1471 262 2561 498 180 1678 5709 2162 1764 427 297 1214 192 73 2320 809 765 1452 514 1467 4256 3063 13942 917 4884 1461 20 55 870 1859 12631 2343 657 436 1191 941 9876 2846 2794 123 173 627 3224 1571 2659 9934
leaf_count=1643 1471 262 2561 498 180 1678 5709 2162 1764 427 297 1214 192 73 2320 809 765 1452 514 1467 4256 3063 13942 917 4884 1461 20 55 870 1859 12631 2343 657 436 1191 941 9876 2846 2794 123 173 627 3224 1571 2659 9934
internal_value=2.71877e-11 -0.0380444 0.000604439 -0.00123521 -0.012259 0.0139036 0.00178854 -0.0104214 -0.0257358 -0.0388275 0.0027348 -0.00297097 0.00948273 0.0149065 0.0386732 0.00444649 0.0025745 0.00691331 -0.0079685 -0.00762549 -0.0223234 0.00866549 0.0115183 -0.0285519 0.00496463 -0.0042591 -0.0311929 -0.0463797 -0.0740112 -0.0461883 -0.00040143 0.00456456 -0.00316867 -0.0374677 -0.0250213 -0.00782763 0.02241 -0.0210847 -0.0547567 -0.157813 -0.0497897 -0.043325 -0.00320145 0.00189465 -0.00975815 0.0191414
internal_weight=110811 1733 109078 95823 20626 13255 75197 13443 6212 4448 7231 13137 6307 5809 2512 61754 56045 39705 16340 9551 5021 4530 30154 7489 18826 14901 7309 1439 925 4021 13440 9791 7448 6392 3346 2132 11328 3282 3110 143 2967 924 3297 6791 4230 11612
internal_count=110811 1733 109078 95823 20626 13255 75197 13443 6212 4448 7231 13137 6307 5809 2512 61754 56045 39705 16340 9551 5021 4530 30154 7489 18826 14901 7309 1439 925 4021 13440 9791 7448 6392 3346 2132 11328 3282 3110 143 2967 924 3297 6791 4230 11612
is_linear=0
shrinkage=0.0998


Tree=69
num_leaves=47
num_cat=0
split_feature=60 15 80 22 23 96 3 24 11 76 9 67 6 5 45 14 2 1 4 90 19 53 18 93 17 42 42 0 50 6 46 53 19 80 98 38 31 63 82 84 40 71 42 31 98 25
split_gain=246.927 341.873 313.949 339.483 332.296 333.14 280.566 285.843 256.108 269.544 238.614 234.25 232.565 248.386 220.893 215.733 246.976 209.302 209.544 201.694 191.317 203.671 186.265 194.854 183.577 181.729 181.438 215.798 182.799 181.344 180.572 179.248 199.804 178.967 177.644 178.41 169.104 200.036 168.35 263.238 166.259 183.775 166.799 165.245 165.147 162.452
threshold=-0.013683795345765248 0.081809860011285221 0.027113316844218752 -0.0030472356963344997 -0.0050112234246493491 -0.0032993045860638995 -0.0047829561281900988 -0.08125201657299598 0.0024245489919414507 0.011007750070601402 0.1008234832522394 0.0093589227017347506 0.034837507984800904 0.11842191813129797 0.037539226093570154 -0.0131906404087447 0.025598420951099602 -0.0011303825497638498 0.065837487139248613 -0.0074018155889066994 -0.017028667013199248 -0.0038396178718407997 0.021209975218721106 0.053697627945000208 -0.027855124953489248 0.072274082518566513 0.11831861655590166 0.084523903549994714 0.025607714545688252 -0.041628271721604694 -0.023587817448213647 -0.0055540402469958991 -0.0042990234911840491 0.0032242965281047502 -0.035276534750852996 0.022149658609493954 -0.0081025522887464979 -0.0012879125366943996 -0.0048298128369753486 -0.032258548897228893 0.060739756396379053 0.016110901019630103 0.0044237546353489013 -0.020138193886409497 0.059176720208525956 -0.030654175465418394
decision_type=2 2 2 2 2 2 2 2 2 2 2 2 2 2 2 2 2 2 2 2 2 2 2 2 2 2 2 2 2 2 2 2 2 2 2 2 2 2 2 2 2 2 2 2 2 2
left_child=12 2 3 4 5 24 7 -5 9 -4 14 17 26 38 31 22 44 25 33 36 21 -21 -9 -24 30 29 28 -28 -1 -6 -2 32 -8 -19 -16 -36 -7 -38 -14 -40 41 45 -43 -33 -17 -10
right_child=1 -3 8 6 11 19 10 15 40 -11 -12 -13 13 -15 34 16 -18 18 -20 20 -22 -23 23 -25 -26 -27 27 -29 -30 -31 -32 43 -34 -35 35 -37 37 -39 39 -41 -42 42 -44 -45 -46 -47
leaf_value=-0.0009619850175638866 -0.075638201511839795 0.024614070212112555 -0.046776963643738866 0.051810422999033635 0.052163648640590525 0.028174101879450859 0.030023191621200727 0.0045218458444887038 -0.041164112438768108 -0.0054817032255038752 -0.054647382914367833 0.031766875056870897 0.039670680887297687 -0.064697694150407992 -0.044609241587870746 -0.026287972781183357 -0.06430054388161402 0.016197113825343376 -0.076667755790636782 -0.043576301708259789 -0.050932033053618465 0.028858320252326101 -0.033293749360024522 -0.22257867505330789 0.021346751701592039 -0.10941786890039384 -0.28284106331747477 -0.040233305746137614 0.018171923181205286 0.0099783540780290468 0.0036625423007707303 -0.034177296121820237 -0.0087427206085665364 -0.04201918931217042 0.067196219004067373 -9.4546064344360703e-05 0.015368437715546536 -0.05409598050892838 0.058967756114281289 -0.0002827326510101342 0.052401665950952539 -0.0073145270638119691 -0.07245658862707352 -0.0022955685893444933 0.092661326384134934 0.0089766156753191516
leaf_weight=23445 413 4073 4464 494 1240 1208 2640 3029 770 2432 790 5692 3769 327 259 3724 2234 1493 482 760 2638 787 1090 57 4476 114 41 334 6312 5592 930 2524 2657 812 1138 599 790 865 930 3792 470 812 756 4517 120 3920
leaf_count=23445 413 4073 4464 494 1240 1208 2640 3029 770 2432 790 5692 3769 327 259 3724 2234 1493 482 760 2638 787 1090 57 4476 114 41 334 6312 5592 930 2524 2657 812 1138 599 790 865 930 3792 470 812 756 4517 120 3920
internal_value=3.28895e-11 -0.00346841 -0.00515573 -0.00174945 0.00580613 -0.00603615 -0.0100117 -0.02234 -0.0186979 -0.0322134 -0.00125055 0.0156845 0.00639906 0.0206544 0.00169235 -0.0259123 -0.0379112 0.00627937 -0.016825 -0.0206275 -0.0345914 -0.00672689 -0.0084484 -0.0427002 0.011637 0.0155497 0.0022273 -0.0667584 0.00309666 0.0176349 -0.0207241 -0.00329071 0.010578 -0.00431119 0.0324944 0.0439912 -0.000215733 -0.0209377 0.0239414 0.0113867 -0.0048448 -0.00914423 -0.0387223 -0.0137243 -0.0225747 0.000744556
internal_weight=110811 71861 67788 54164 28292 12867 25872 10748 13624 6896 15124 15425 38950 8818 14334 10254 6078 9733 2787 7048 4185 1547 4176 1147 5819 6946 30132 375 29757 6832 1343 12338 5297 2305 1996 1737 2863 1655 8491 4722 6728 6258 1568 7041 3844 4690
internal_count=110811 71861 67788 54164 28292 12867 25872 10748 13624 6896 15124 15425 38950 8818 14334 10254 6078 9733 2787 7048 4185 1547 4176 1147 5819 6946 30132 375 29757 6832 1343 12338 5297 2305 1996 1737 2863 1655 8491 4722 6728 6258 1568 7041 3844 4690
is_linear=0
shrinkage=0.0998


Tree=70
num_leaves=47
num_cat=0
split_feature=69 33 62 21 14 38 70 29 33 4 39 28 45 81 12 43 30 11 65 93 40 51 40 59 20 48 13 51 96 78 90 12 67 82 93 76 96 0 18 7 76 97 41 100 9 3
split_gain=241.621 260.592 276.761 293.632 252.143 246.603 218.864 215.328 208.153 201.696 191.607 216.751 188.729 194.136 186.663 263.667 242.049 226.369 192.023 183.017 180.804 179.252 188.772 176.339 190.411 173.664 172.593 186.722 166.592 166.476 236.029 165.242 163.951 159.734 158.223 156.515 162.853 174.621 153.64 150.671 187.575 156.23 152.09 151.879 147.713 189.063
threshold=0.045138791043896155 0.079373605516381562 -0.0082744159475764481 -0.069433627047456745 -0.0016728459883445497 0.017059647172344952 -0.027308184680910397 -0.074545702936556976 0.027778085416137254 0.0094534533640336007 0.012353259284163802 -0.052235595152872141 -0.078897468438604137 -0.045186221553866347 0.042134195168625856 -0.08066550853469244 0.065842350269431624 0.040798591150504555 0.0027998651723062508 0.073339577570831718 -0.033601052441864045 0.061578974847598202 0.038291351912239209 -0.018014532608286397 -0.029212067127399547 -0.0023241132092427998 0.090028177035739163 -0.11500580462842984 0.025022521669147053 0.0045493894239200016 -0.013264171779447298 0.14038492461185487 0.0053936570372634506 0.098501159693664672 0.0054146584936722005 -0.015011696603825198 0.046558155507767908 0.093523567680457165 -0.024531585625654946 0.0019614815398792005 -0.084053884084150779 0.057483283855436808 0.10615428088507116 0.61285000000000012 -0.0069727208777144991 -0.0011709492336022499
decision_type=2 2 2 2 2 2 2 2 2 2 2 2 2 2 2 2 2 2 2 2 2 2 2 2 2 2 2 2 2 2 2 2 2 2 2 2 2 2 2 2 2 2 2 2 2 2
left_child=1 2 6 4 34 7 9 -5 29 39 -2 -12 -9 32 18 -16 17 -17 23 33 -15 22 26 25 -25 -7 27 -8 -29 30 -6 38 -14 -11 -4 36 37 -13 -23 41 -41 42 -1 -43 45 -36
right_child=10 -3 3 5 8 14 21 12 -10 19 11 35 13 20 15 16 -18 -19 -20 -21 -22 31 -24 24 -26 -27 -28 28 -30 -31 -32 -33 -34 -35 44 -37 -38 -39 -40 40 -42 43 -44 -45 -46 -47
leaf_value=0.002904014114216555 0.024400675691435246 0.023838471359570349 0.01130482200626803 0.034464651520663275 0.041277862591294026 0.031112280657495904 -0.14991300804034258 -0.050897923379454216 0.0010168498704823926 0.01458879515870533 -0.065389645514289232 -0.21334089868504266 -0.045005792784266301 -0.015023574235939308 0.097114958798602546 -0.052170712633936252 -0.13924450716373882 0.017101841343839984 0.0030369027057966379 -0.21721546439379455 0.0043001581511870621 0.027014487782442725 0.028444563780618218 0.00081554048035836985 -0.042371700122459513 -0.026956555591686464 0.041581396454250942 0.0089430141225117967 -0.012411873219117409 -0.12590403728287927 -0.091144397566528618 -0.25486939746310316 0.0080147445434566172 -0.22077100316489051 -0.09425035393088485 0.020922621770329716 0.085327323325669766 -0.026117160224882821 -0.037366447352392064 -0.22908922694917841 -0.035789324232498754 -0.23060702923978199 -0.19334468177912759 0.040231943055056035 -0.10624202850119545 0.044680781756473303
leaf_weight=2356 6790 3875 1184 1653 193 1080 78 781 361 2981 488 52 1752 5887 137 1970 246 617 5865 35 26675 520 4510 1382 3848 977 1302 18572 4525 547 439 30 869 29 163 2315 125 1083 1273 51 2551 58 40 32 271 243
leaf_count=2356 6790 3875 1184 1653 193 1080 78 781 361 2981 488 52 1752 5887 137 1970 246 617 5865 35 26675 520 4510 1382 3848 977 1302 18572 4525 547 439 30 869 29 163 2315 125 1083 1273 51 2551 58 40 32 271 243
internal_value=-4.73639e-11 -0.00153558 -0.00255891 -0.00698076 -0.0354191 -0.00518098 0.00392916 -0.000755074 -0.065291 -0.0106329 0.014143 -0.0029995 -0.00237386 -0.00129672 -0.0155078 -0.0381057 -0.0446448 -0.0356492 -0.0104047 0.00968286 0.000806552 0.00777315 0.00968216 -0.0212233 -0.0309597 0.0035317 0.0062251 0.00423874 0.00475932 -0.085594 -0.0507053 -0.0225815 -0.0274267 0.0123212 -0.0106997 0.00551697 -0.0227879 -0.0346948 -0.0186949 -0.0227912 -0.0395781 -0.00522112 -0.000372258 -0.134309 -0.0491831 -0.011097
internal_weight=110811 99958 96083 57140 3401 53739 38943 37617 1540 8133 10853 4063 35964 35183 16122 2970 2833 2587 13152 3045 32562 30810 28987 7287 5230 2057 24477 23175 23097 1179 632 1823 2621 3010 1861 3575 1260 1135 1793 5088 2602 2486 2396 90 677 406
internal_count=110811 99958 96083 57140 3401 53739 38943 37617 1540 8133 10853 4063 35964 35183 16122 2970 2833 2587 13152 3045 32562 30810 28987 7287 5230 2057 24477 23175 23097 1179 632 1823 2621 3010 1861 3575 1260 1135 1793 5088 2602 2486 2396 90 677 406
is_linear=0
shrinkage=0.0998


Tree=71
num_leaves=47
num_cat=0
split_feature=93 11 18 33 94 60 29 13 62 61 39 19 69 91 5 4 62 84 46 19 84 2 15 17 7 8 82 41 97 26 28 11 95 80 0 98 40 78 28 10 62 82 7 19 82 29
split_gain=233.346 280.482 257.287 304.677 324.673 248.606 241.365 214.934 229.283 227.784 209.389 236.031 233.95 196.097 195.246 193.528 183.632 184.509 184.633 170.691 170.411 163.873 162.335 205.108 181.596 159.2 157.448 155.297 153.486 172.191 193.89 155.897 158.627 149.657 147.847 149.076 146.285 145.981 143.86 143.321 141.154 140.053 137.614 179.837 161.81 147.866
threshold=0.028894428430656451 0.11045235322052467 -0.054455145118061543 0.048541814333277207 -0.02180737507425155 0.040006685383182854 0.049306227442197106 0.012408308488798852 0.093124005589279815 0.030280106456210352 -0.039168665974047195 0.017977871494542805 -0.044020783633697998 -0.070012936151091679 0.041873854862552802 -0.15366850724505382 -0.024526383519967197 0.0030209414493954003 -0.015572686880886448 -0.048320393323044594 -0.023947140410492795 0.078803531350769104 0.072805073274179413 -0.094378920993653234 0.033618389727050606 -0.036895516449278097 0.032188856981071663 0.069433843012904062 0.018887529120715101 -0.091948524763022996 0.06476296255140436 -0.071257799742404079 0.026706012944563554 0.082666210381351121 0.070343430994422321 0.0091910243269624509 0.031879557706824206 0.034757528398504108 -0.08436367520802239 -0.064098097568327975 -0.022641833639258847 0.029983528345773353 -0.036011523758746687 -0.011781187606351948 0.023646023498901752 0.074230943477383016
decision_type=2 2 2 2 2 2 2 2 2 2 2 2 2 2 2 2 2 2 2 2 2 2 2 2 2 2 2 2 2 2 2 2 2 2 2 2 2 2 2 2 2 2 2 2 2 2
left_child=1 2 19 4 10 6 7 8 -6 -9 11 -4 21 -14 16 -15 -2 28 38 -1 -8 27 23 -7 -25 -16 -22 -12 29 30 -18 -30 -33 42 35 -20 -34 -31 -19 -13 -40 -42 -27 45 -45 -44
right_child=14 -3 3 -5 5 22 20 9 -10 -11 12 39 13 15 25 -17 17 18 34 -21 26 -23 -24 24 -26 33 -28 -29 31 37 -32 32 36 -35 -36 -37 -38 -39 40 -41 41 -43 43 44 -46 -47
leaf_value=0.039112072880484579 0.011937040913397612 0.041543359394722881 0.029446300689500531 0.016372055934640226 0.00095731586195356043 -0.14258981367895823 0.016270475446551816 0.01943668574165186 -0.098071541246048152 -0.01250698251328208 -0.091758089629724926 -0.14982449286715271 0.07663369687521214 0.045728559984033003 -0.076024576342498235 -0.020899266110987667 -0.037403740072660147 -0.15480614175091431 -0.052114938678974675 0.0088974113257421911 -0.018126110331273874 0.009120372110712642 0.032175713269210912 -0.0080250836136179018 -0.046996176809791339 0.0191095426123403 -0.073351201517150799 0.089015451967582107 -0.1218430410967416 0.01872223419699964 -0.31055680594922919 0.0033460644589739259 -0.095530861791714911 0.13464099511543909 -0.0091992164360903735 -0.35674592530628046 0.063499733307352965 -0.028512946902941913 -0.23615061257094952 -0.019992109448821641 -0.050321645569132815 0.032008049141851194 0.0051973333656873521 -0.04159420538316997 -0.13181848857976791 -0.21373471758859233
leaf_weight=2500 4373 1763 1853 9371 25669 139 1232 14381 235 2630 887 97 221 452 671 11028 120 123 48 7300 3669 248 589 3918 1711 540 598 50 157 4095 33 1057 349 60 3538 24 69 775 37 667 1521 238 772 694 277 32
leaf_count=2500 4373 1763 1853 9371 25669 139 1232 14381 235 2630 887 97 221 452 671 11028 120 123 48 7300 3669 248 589 3918 1711 540 598 50 157 4095 33 1057 349 60 3538 24 69 775 37 667 1521 238 772 694 277 32
internal_value=5.31366e-11 0.00212317 0.00134618 -0.000531387 -0.00278545 0.000823564 0.00325998 0.00578241 5.89302e-05 0.014498 -0.0155358 0.0102011 -0.0207627 -0.0164834 -0.00987859 -0.0182759 -0.00560656 -0.0119032 -0.0253772 0.0166052 -0.0164254 -0.0630184 -0.0177318 -0.0228281 -0.0198708 -0.0330999 -0.0258656 -0.0821117 -0.000708965 0.00793016 -0.0963191 -0.0272986 -0.0172353 -0.0209725 -0.0120804 -0.153659 -0.0692794 0.0112053 -0.0503908 -0.0364761 -0.0432399 -0.0391821 -0.0250057 -0.0384266 -0.0673327 -0.00351638
internal_weight=110811 91208 89445 79645 70274 54771 48414 42915 25904 17011 15503 2617 12886 11701 19603 11480 16557 12184 5529 9800 5499 1185 6357 5768 5629 3046 4267 937 6655 5023 153 1632 1475 2375 3610 72 418 4870 1919 764 1796 1759 2315 1775 971 804
internal_count=110811 91208 89445 79645 70274 54771 48414 42915 25904 17011 15503 2617 12886 11701 19603 11480 16557 12184 5529 9800 5499 1185 6357 5768 5629 3046 4267 937 6655 5023 153 1632 1475 2375 3610 72 418 4870 1919 764 1796 1759 2315 1775 971 804
is_linear=0
shrinkage=0.0998


Tree=72
num_leaves=47
num_cat=0
split_feature=93 95 34 60 68 17 67 21 91 15 9 15 70 32 55 58 40 15 73 28 0 100 78 41 36 28 5 2 83 92 23 35 65 26 26 66 86 94 30 1 34 68 77 88 21 9
split_gain=225.509 228.927 242.339 276.174 254.801 258.153 298.086 295.77 243.944 237.378 223.601 220.339 207.183 205.336 200.984 188.766 179.845 176.268 173.55 169.027 253.255 196.694 194.553 176.374 165.748 163.425 160.643 158.651 158.185 156.256 152.184 152.173 151.715 156.167 151.711 151.029 148.588 144.73 143.313 142.288 141.995 140.102 138.871 138.835 168.611 138.819
threshold=-0.040996600468076592 0.049657209297615058 -0.029403871826759496 -0.014429167168030497 0.062529151227643312 -0.034707737173949843 -0.0053750298484535495 0.010300312543470651 0.11225292452476791 -0.05551447834488369 0.11613018544403932 -0.0026064745856046998 0.048684955452109761 -0.058125405306603838 -0.020791748898810299 -0.01322715934280125 0.051753087338606008 0.028729666194142203 -0.030349321747385097 -0.025797763820079346 0.13914887306010237 1.0000000180025095e-35 -0.10068251429073223 0.0070070356026978005 0.071823417619155852 -0.050347038166644188 -0.012976079960676097 0.084071087403422659 0.0050484506203141511 -0.025621883204280594 -0.032064474728054841 -0.04933975504113524 -0.031999450770223543 0.10700354457194027 0.092827874771053615 -0.047403795866462144 -0.065009590634869191 -0.045879922956655543 -0.054810369617014743 -0.033372561083813847 0.016861015345173005 0.03792887141623616 0.069852563630057513 0.029491767337911104 -0.069433627047456745 -0.038567422464482443
decision_type=2 2 2 2 2 2 2 2 2 2 2 2 2 2 2 2 2 2 2 2 2 2 2 2 2 2 2 2 2 2 2 2 2 2 2 2 2 2 2 2 2 2 2 2 2 2
left_child=13 2 8 10 5 7 12 11 18 -8 19 15 17 32 -11 -5 28 -7 27 20 21 40 23 -21 -24 39 -13 -2 35 43 -23 -27 -1 -34 -31 -3 -14 -26 -15 -9 -4 -30 -22 -20 -45 -44
right_child=1 16 3 4 -6 6 9 25 -10 14 -12 26 36 38 -16 -17 -18 -19 29 22 42 30 24 -25 37 31 -28 -29 41 34 -32 -33 33 -35 -36 -37 -38 -39 -40 -41 -42 -43 45 44 -46 -47
leaf_value=-0.095068355062616017 0.021322699125635735 -0.079227801511434104 -0.050392530279442613 -0.022571413106015646 0.033756028929124729 -0.024919709576404398 -0.028866877574960641 -0.090811149789923828 -0.21515513848404708 -0.011226012791574529 -0.051419278704678655 0.0054127424295404456 -0.17904455759856436 0.05112041687305869 0.011839562198038559 -0.085476463007916573 0.031595851523053796 0.00021927962833371599 -0.0045662538726788347 -0.29432414553083286 0.0072102259685103863 -0.11439264143959552 0.015412140308406786 -0.0072353393076899208 0.099544168695311505 -0.053490742577688578 -0.03978207261635807 0.081447197796833695 -0.0542708715569944 0.0086726471311615195 0.011693531035364347 0.015860501199114911 -0.013357819312040503 0.261852224893797 0.078686188188899983 -0.0032198943171846922 0.02631537294790064 -0.038133920980606355 0.013923735501099082 0.0068354218200049723 -0.14514166962487299 0.007803079839565988 0.085832571991086001 -0.2342421440886259 -0.042315837745534206 -0.16138580139311759
leaf_weight=247 3252 287 568 726 1465 11158 2152 347 48 5032 665 1272 36 1173 14916 1375 609 3699 2512 39 4863 111 16607 47 83 357 2039 505 2138 12581 676 2687 930 21 316 2807 1392 908 8562 260 218 436 30 50 517 92
leaf_count=247 3252 287 568 726 1465 11158 2152 347 48 5032 665 1272 36 1173 14916 1375 609 3699 2512 39 4863 111 16607 47 83 357 2039 505 2138 12581 676 2687 930 21 316 2807 1392 908 8562 260 218 436 30 50 517 92
internal_value=3.49196e-11 -0.00148955 -0.000252239 -0.00288093 -0.00723689 -0.00850258 -0.00492561 -0.0236523 0.00955768 0.0026239 0.00567341 -0.0384604 -0.0151709 0.0136077 0.00602114 -0.0637396 -0.0199401 -0.0186608 0.0101043 0.00723956 -0.00644492 -0.0413583 0.0123144 -0.137427 0.0130461 -0.0017018 -0.0224194 0.0294044 -0.0254773 0.00556557 -0.00608991 0.00772699 -0.0253804 -0.00728063 0.0103881 -0.0102704 0.0211382 -0.0266029 0.0184057 -0.0489856 -0.0766716 -0.0437564 0.00457188 -0.0146346 -0.0592406 -0.100594
internal_weight=110811 99878 93601 73820 48913 47448 38385 9063 19781 22100 24907 5412 16285 10933 19948 2101 6277 14857 19733 24242 6558 1573 17684 86 17598 3651 3311 3757 5668 15976 787 3044 1198 951 12897 3094 1428 991 9735 607 786 2574 4985 3079 567 122
internal_count=110811 99878 93601 73820 48913 47448 38385 9063 19781 22100 24907 5412 16285 10933 19948 2101 6277 14857 19733 24242 6558 1573 17684 86 17598 3651 3311 3757 5668 15976 787 3044 1198 951 12897 3094 1428 991 9735 607 786 2574 4985 3079 567 122
is_linear=0
shrinkage=0.0998


Tree=73
num_leaves=47
num_cat=0
split_feature=42 69 71 90 95 12 24 51 17 26 51 68 33 74 22 24 94 33 26 36 0 26 54 72 29 60 49 3 76 60 27 29 61 24 74 81 36 7 100 18 74 97 90 94 80 65
split_gain=223.326 229.805 232.196 215.507 217.96 203.191 258.688 183.414 182.955 189.487 203.746 208.625 182.119 180.288 179.764 177.406 176.938 173.769 170.965 170.963 168.683 189.978 167.725 163.514 172.677 163.502 188.382 161.978 160.339 164.301 158.894 154.575 153.62 152.777 152.775 152.656 151.57 149.83 149.652 144.231 143.854 178.765 162.915 143.507 142.616 202.15
threshold=-0.065670573331245194 0.0032740027469544504 -0.024896625040354194 0.010963580148701302 0.021396019338106254 0.027510720696242202 0.028357509213902555 0.025366509310732855 -0.048004923005945395 0.099363461760911459 0.058608148152521605 0.069663176405446572 -0.012127326205941797 0.010823697574873453 -0.0038947698088495496 0.050150687741229556 -0.068132435397334337 -0.087236356449206978 -0.034917596628512189 0.00037064553642655006 0.13708587306099548 -0.032040055930972595 -0.058903160153077845 -0.019197101850309997 -0.038559570308773494 0.043558746992968612 0.1088757827541308 0.15284858503778329 -0.091062843677958333 0.016381447367318353 -0.00038474504226814995 -0.10282473433565557 -0.1023282610653022 -0.035269126535192548 -0.018228943276669445 -0.019906607027054848 -0.0018587000965918996 0.067630354290383263 0.71865000000000012 -0.018780875826961498 0.024812834049086557 -0.065883042919508639 0.053192843494836058 -0.058389866392489047 -0.0073657220004243488 0.051668281044629012
decision_type=2 2 2 2 2 2 2 2 2 2 2 2 2 2 2 2 2 2 2 2 2 2 2 2 2 2 2 2 2 2 2 2 2 2 2 2 2 2 2 2 2 2 2 2 2 2
left_child=17 2 19 5 16 6 7 14 27 10 11 15 13 30 37 25 -5 -1 -12 28 21 -7 -23 -6 -25 26 -10 40 -2 -30 -8 -21 -18 -27 -26 -36 43 -4 -15 -24 41 -3 -42 -31 -34 -46
right_child=1 8 3 4 23 20 12 -9 9 -11 18 -13 -14 38 -16 -17 32 -19 -20 31 -22 22 39 24 34 33 -28 -29 29 36 -32 -33 44 -35 35 -37 -38 -39 -40 -41 42 -43 -44 -45 45 -47
leaf_value=-0.03616688963143623 -0.10446621611053777 0.12479879826963096 0.029069292647430644 -0.088752075176218456 -0.0084459004822280172 -0.14264983867877321 -0.053266744579043915 -0.013876107139224516 0.0099654746661469798 0.055660775464906068 -0.066234512099365095 0.057830644557183404 -0.0026378579248975942 -0.10358758844930556 0.00029727519591014146 -0.012261518918400174 0.090189479195169911 0.023671034496655665 -0.0073823380120591267 0.16590360631347234 -0.0094430087895495153 -0.28548954177749558 -0.068737402142419246 0.0032313187130227723 -0.022727863142960367 0.023431121448067558 0.079335028435161395 0.087173819018437654 0.0075128032997548227 -0.18339018776861002 0.013618912627181215 0.016744629384513227 0.0037301071020137961 -0.027322855439748713 -0.040881500053085065 -0.1074899263052331 -0.15708898514659925 -0.020908732914145849 -0.0034191284298906149 -0.0067910274758704245 -0.03383172843513349 -0.0094564090243562035 -0.16685694285336167 -0.016418457016943337 -0.023887747226208504 0.052927629282528331
leaf_weight=529 157 101 6043 290 1131 178 682 3183 30243 759 631 795 3243 586 5950 4575 151 5604 2226 70 5316 26 598 431 578 810 395 159 4571 53 735 6048 4039 2182 539 941 87 663 199 1001 1243 4500 99 1569 6542 360
leaf_count=529 157 101 6043 290 1131 178 682 3183 30243 759 631 795 3243 586 5950 4575 151 5604 2226 70 5316 26 598 431 578 810 395 159 4571 53 735 6048 4039 2182 539 941 87 663 199 1001 1243 4500 99 1569 6542 360
internal_value=1.33686e-11 -0.00108447 -0.0054475 -0.00890496 -0.018581 -0.00379422 0.00108763 0.00753863 0.00392713 0.00624137 0.00534524 0.00722982 -0.0176777 -0.0398278 0.0129245 0.00617687 -0.011797 0.0185097 -0.0203805 0.00650558 -0.0183897 -0.0447683 -0.0340465 -0.0399115 -0.0542094 0.00868522 0.0108598 -0.0122354 -0.00484809 -0.00235764 -0.0185731 0.0184513 -0.009785 -0.0135826 -0.066239 -0.0832319 -0.0287577 0.0241281 -0.0781946 -0.029958 -0.014895 -0.00650927 -0.0436451 -0.0218744 -0.0111648 -0.0198811
internal_weight=110811 104678 55960 43405 15002 28403 21284 15839 48718 42616 41857 39000 5445 2202 12656 38205 11382 6133 2857 12555 7119 1803 1625 3620 2489 33630 30638 6102 6437 6280 1417 6118 11092 2992 2058 1480 1709 6706 785 1599 5943 4601 1342 1622 10941 6902
internal_count=110811 104678 55960 43405 15002 28403 21284 15839 48718 42616 41857 39000 5445 2202 12656 38205 11382 6133 2857 12555 7119 1803 1625 3620 2489 33630 30638 6102 6437 6280 1417 6118 11092 2992 2058 1480 1709 6706 785 1599 5943 4601 1342 1622 10941 6902
is_linear=0
shrinkage=0.0998


Tree=74
num_leaves=47
num_cat=0
split_feature=34 63 77 49 46 79 1 70 82 15 33 7 97 27 1 18 2 75 67 55 28 42 90 26 44 58 99 9 55 83 42 3 100 41 18 59 12 39 33 14 62 52 2 72 13 5
split_gain=209.538 236.105 248.987 202.107 261.51 253.211 217.937 206.471 198.785 198.661 189.879 188.689 189.671 185.111 246.558 181.609 178.419 175.99 171.919 210.716 171.234 166.813 166.638 173.578 163.387 159.765 154.102 153.812 155.852 153.257 153.062 151.204 150.45 174.96 149.11 148.639 147.91 147.841 147.232 146.434 146.429 145.371 144.326 232.958 219.949 229.642
threshold=0.076514654030738816 -0.020068426878643995 0.023338131702473803 0.031230516943398054 -0.024049484774759395 -0.0087111879308401988 -0.039719878089841593 0.061706595671014858 -0.064135753244514579 -0.046410671377038144 -0.012563186779835847 -0.033458643210595447 -0.073229827968966724 -0.021564749980430595 -0.019078718414951696 0.03417830454052035 0.14347853224218668 -0.0052206415842422993 0.0012271642723828003 0.023835352205129851 -0.10240213885675449 0.010257436599988751 -0.027362956826701097 0.061723031694539805 -0.0071702346610751999 -0.0072321486548755998 -0.013214279114418947 0.015023399779198601 -0.0049400827932722493 -0.044116721954240247 -0.098174651767591783 0.045631879357648709 0.026050000000000004 0.021457646454305354 -0.0033360069564842497 0.011102197808568201 -0.067390227771177133 -0.017668723320854698 -0.062774183508371592 -0.092832089527608144 0.059847375668456153 0.020111146716500602 -0.020216501725008999 0.04793849290972086 -0.032021485546586695 0.065848089103638416
decision_type=2 2 2 2 2 2 2 2 2 2 2 2 2 2 2 2 2 2 2 2 2 2 2 2 2 2 2 2 2 2 2 2 2 2 2 2 2 2 2 2 2 2 2 2 2 2
left_child=1 15 3 4 6 11 10 21 -4 16 32 12 -6 14 -13 22 24 -2 19 -5 -8 31 25 42 34 40 37 28 -22 -19 -20 -7 33 -3 -10 41 -26 -17 -11 -14 -1 -12 -24 -44 -45 -46
right_child=17 2 8 18 5 7 20 -9 9 38 35 13 39 -15 -16 26 -18 29 30 -21 27 -23 23 -25 36 -27 -28 -29 -30 -31 -32 -33 -34 -35 -36 -37 -38 -39 -40 -41 -42 -43 43 44 45 -47
leaf_value=0.059032165551219082 0.0012502138399626884 -0.063558323404631592 0.037393094025005104 -0.010608160635147412 -0.19589594743632607 -0.004973854511651824 -0.14834153135227768 0.037157842129850516 -0.10253086319232921 -0.047083420859934118 0.01249861820822061 0.0051505769539210849 -0.034115498915714366 0.014745125033954918 -0.05446260983176672 0.011580803735171959 -0.17666032906350435 -0.11900151468580886 0.15485617639663748 0.036443544923934069 -0.034418491288010757 -0.016346029000168856 0.017398377217644829 0.041303346942492811 0.086467055691778663 0.013710405345788376 0.004201523361505196 -0.047280633739547634 0.0058311821482038414 -0.031463044154143048 0.024904581591289464 0.01812586106594722 0.0033802175809555541 0.028118537759437349 -0.026579539731142052 0.039595310640025187 -0.023985756371782036 -0.051332922369782125 -0.0069613090343720093 0.039935479110807678 -0.072910787038234143 -0.040762454433299129 0.0029237743724374959 -0.14123164589238604 1.4804611594095164e-05 -0.1672556297788024
leaf_weight=1745 1891 1073 754 3801 36 11149 115 1181 533 984 1953 2147 288 7494 1019 536 91 219 92 1263 1848 8970 6406 1479 131 2441 3483 2074 1990 2203 4813 3779 1156 257 498 1319 1544 1216 12271 3478 88 691 9426 205 586 95
leaf_count=1745 1891 1073 754 3801 36 11149 115 1181 533 984 1953 2147 288 7494 1019 536 91 219 92 1263 1848 8970 6406 1479 131 2441 3483 2074 1990 2203 4813 3779 1156 257 498 1319 1544 1216 12271 3478 88 691 9426 205 586 95
internal_value=-2.57459e-11 0.000873352 -0.00191314 0.00100807 -0.00148669 0.00248812 -0.0140843 -0.00357655 -0.0126875 -0.0150399 -0.00133275 0.013005 0.0320931 0.00619708 -0.0140364 0.00879775 -0.0392093 -0.0215651 0.0140254 0.00112689 -0.0277287 -0.00558958 0.0126977 0.00853262 -0.034587 0.030431 -0.00794262 -0.0253825 -0.0135491 -0.0393784 0.027342 0.000873803 -0.0229542 -0.0458433 -0.0658444 0.0122304 -0.0153474 -0.0320853 -0.00993982 0.0342725 0.0526978 -0.00142097 0.00563347 -0.0016751 -0.0506017 -0.0233195
internal_weight=110811 106498 78792 61986 52017 39541 12476 25079 16806 16052 6449 14462 3802 10660 3166 27706 2797 4313 9969 5064 6027 23898 22471 18197 2706 4274 5235 5912 3838 2422 4905 14928 2486 1330 1031 3963 1675 1752 13255 3766 1833 2644 16718 10312 886 681
internal_count=110811 106498 78792 61986 52017 39541 12476 25079 16806 16052 6449 14462 3802 10660 3166 27706 2797 4313 9969 5064 6027 23898 22471 18197 2706 4274 5235 5912 3838 2422 4905 14928 2486 1330 1031 3963 1675 1752 13255 3766 1833 2644 16718 10312 886 681
is_linear=0
shrinkage=0.0998


Tree=75
num_leaves=47
num_cat=0
split_feature=38 9 24 48 42 21 53 33 39 29 66 55 7 0 0 39 31 29 1 20 16 1 93 88 63 100 60 96 94 0 50 54 88 12 10 95 40 69 57 9 8 27 70 100 15 73
split_gain=206.942 222.443 217.814 211.038 202.574 193.272 203.724 203.369 193.77 199.111 189.192 235.469 228.937 187.991 186.933 288.592 183.437 182.921 180.112 173.488 172.135 169.764 196.629 191.713 168.897 167.748 162.072 181.437 166.813 209.864 170.085 159.228 159.084 172.221 156.665 152.674 151.753 166.835 150.149 149.992 148.971 148.097 147.796 147.603 148.241 142.74
threshold=0.017059647172344952 -0.11534681073594064 0.074672856087230108 -0.012816228130314149 -0.083590331011049082 -0.092612507805162433 0.10683438472898601 0.088434083245857109 0.014367112691130201 -0.10282473433565557 0.012657903271542202 -0.011744672991797997 0.093828750910579212 0.10906143179108536 0.15099113442536385 0.01277678049237225 -0.078205024427311282 0.011085532995624552 0.025563501414801303 0.063620690072318756 0.019682215323277952 -0.0023420014699473495 0.0081278142905686513 -0.0061611773278860494 -0.0097050966361585476 -0.38109999999999994 0.070976094306241314 -0.035621634352645343 -0.034735323223336646 0.23559507531861598 0.034681229210811008 -0.0038985907442218499 0.015385459146296602 0.050435622474738658 0.0079047459467578522 0.010069416894079102 -0.071509976143090945 -0.049903820076160045 -0.020674468160143046 0.070900865937373214 -0.045877169771293143 0.023675320340186452 -0.0023896478847985499 -0.62474999999999992 0.0318047636687337 0.035543606788343805
decision_type=2 2 2 2 2 2 2 2 2 2 2 2 2 2 2 2 2 2 2 2 2 2 2 2 2 2 2 2 2 2 2 2 2 2 2 2 2 2 2 2 2 2 2 2 2 2
left_child=4 -2 3 19 18 6 16 8 10 -10 12 31 21 -4 15 36 -6 32 42 -3 43 23 -23 -7 -21 -13 28 -28 30 -30 -11 35 33 39 41 -12 -5 -38 -18 -16 -22 -15 -1 45 -45 -17
right_child=1 2 13 14 5 7 -8 -9 9 26 11 25 -14 34 17 20 38 -19 -20 24 40 22 -24 -25 -26 -27 27 -29 29 -31 -32 -33 -34 -35 -36 -37 37 -39 -40 -41 -42 -43 -44 44 -46 -47
leaf_value=0.015620609677936983 0.040179032019912977 0.0094741197321786159 -0.1877111612852326 -0.17290927633374398 -0.20800858629451771 0.019387170676322295 0.23491063388668257 0.037036935356222912 0.070170103623377986 -0.01594562972694805 7.7416332206805364e-05 0.041224781190712996 -0.033740069472591498 -0.077173216136359551 0.028537544960901322 -0.096499716735474292 -0.07331535924691597 -0.019758274143099535 -0.033556900279765683 0.009091969804124498 -0.20957837453423178 0.0043202169079559387 -0.027863401941186156 2.6983077960827114e-05 -0.064539703791633277 0.013946007344006438 -0.14500788063682093 -0.026856035082880134 -0.0060717424230560951 0.021155799591112762 -0.079317553208218539 0.013818741180585497 -0.017775520531161843 -0.021766279820831028 0.0046381896992146194 -0.047530031038064101 -0.10883686403317157 -0.0031284297403696096 -0.010715066436195124 -0.02155363635218573 0.0058110444853928956 0.0062165301326810923 0.071103408150957947 -0.066473584085497389 0.026207802362798863 -0.27322690630906821
leaf_weight=925 988 9950 83 56 57 8643 29 1692 344 2463 1822 3716 1761 856 4017 508 510 5457 350 584 34 4466 3279 12408 662 5673 160 678 16659 3394 509 3705 2419 1163 659 1062 155 3662 1516 699 539 282 990 968 209 50
leaf_count=925 988 9950 83 56 57 8643 29 1692 344 2463 1822 3716 1761 856 4017 508 510 5457 350 584 34 4466 3279 12408 662 5673 160 678 16659 3394 509 3705 2419 1163 659 1062 155 3662 1516 699 539 282 990 968 209 50
internal_value=-1.76898e-12 -0.00648239 -0.0078789 -0.00588679 0.0028694 0.00197602 -0.0277836 0.00284374 0.00202591 -0.00521602 0.00579309 0.0145932 0.0011916 -0.0408674 -0.0120445 -0.0264609 -0.0314409 -0.00556632 0.0322722 0.00507788 -0.0543959 0.00332783 -0.00930536 0.00797578 -0.0300286 0.0247425 -0.00630276 -0.0494149 -0.00473368 -0.00146344 -0.026799 0.000130915 0.00376671 0.0126306 -0.0340849 -0.0174535 -0.00981382 -0.00742102 -0.0264733 0.0211131 -0.00696948 -0.056509 0.0443036 -0.0700589 -0.0500161 -0.112335
internal_weight=110811 34000 33012 31132 76811 74546 2112 72434 70742 24207 46535 15978 30557 1880 19936 6181 2083 13755 2265 11196 2308 28796 7745 21051 1246 9389 23863 838 23025 20053 2972 6589 8298 5879 1797 2884 3873 3817 2026 4716 573 1138 1915 1735 1177 558
internal_count=110811 34000 33012 31132 76811 74546 2112 72434 70742 24207 46535 15978 30557 1880 19936 6181 2083 13755 2265 11196 2308 28796 7745 21051 1246 9389 23863 838 23025 20053 2972 6589 8298 5879 1797 2884 3873 3817 2026 4716 573 1138 1915 1735 1177 558
is_linear=0
shrinkage=0.0998


Tree=76
num_leaves=47
num_cat=0
split_feature=15 11 26 24 62 20 65 23 42 1 89 28 75 55 30 0 45 1 27 65 6 53 33 9 37 96 46 85 86 64 94 22 82 1 81 61 46 63 61 91 4 97 23 4 64 64
split_gain=199.124 224.63 214.772 282.011 238.236 230.172 262.788 267.853 272.5 268.322 189.396 188.45 183.839 189.936 183.398 248.514 159.458 151.461 152.232 154.949 150.34 146.288 146.093 148.784 144.791 143.485 183.679 154.743 143.304 164.222 168.028 145.118 139.13 138.5 133.504 158.862 164.028 152.804 131.849 127.321 125.803 184.456 129.245 128.425 122.859 121.586
threshold=0.11429078169592517 -0.096374697003733731 0.092827874771053615 0.10994557259447872 -0.069360108377052795 0.053133446371368909 0.050490086676567854 0.022413296512320251 0.058087475172509707 0.016521050577421304 0.013966351701751851 -0.10240213885675449 -0.013110388526337448 0.042471369821572458 0.054896578138627507 0.12705861223423973 0.0069348658826106002 -0.14805284272873262 -0.011482341071555848 0.016313216206701404 0.019977599726053456 0.042289030939123007 0.046526429892714903 -0.029002966875096247 0.13503665075681012 -0.0011072548512863999 0.024950229959664855 0.034874502686541763 -0.027131072485540749 0.025455516202708205 0.034013925141281563 0.057533833638593358 -0.020377739187696798 0.067498221690603308 -0.044104722493948596 -0.086211960633109888 0.072093305505173511 0.042981114018229655 -0.0012234335815855997 -0.012427530875827748 -0.060498059006725842 -0.038424481762221241 -0.04851181242129974 0.034548724739551458 0.017988265518358856 -0.041040563429067894
decision_type=2 2 2 2 2 2 2 2 2 2 2 2 2 2 2 2 2 2 2 2 2 2 2 2 2 2 2 2 2 2 2 2 2 2 2 2 2 2 2 2 2 2 2 2 2 2
left_child=1 12 3 4 33 6 7 8 -6 -9 34 24 17 25 15 -13 -12 -1 40 -20 -16 -4 23 -18 -7 26 27 32 31 30 -30 38 -14 -3 -5 -36 37 -37 -23 -25 42 -42 -19 -43 -34 -21
right_child=-2 2 21 10 5 11 -8 9 -10 -11 16 14 13 -15 20 -17 22 18 19 45 -22 28 -24 39 -26 -27 -28 -29 29 -31 -32 -33 44 -35 35 36 -38 -39 -40 -41 41 43 -44 -45 -46 -47
leaf_value=0.13296605781410323 0.030026081184615194 0.01523255058146367 0.048407207338841823 -0.19301247908604699 -0.0023792486292533543 -0.083005946842128892 0.021009206287585819 0.013998642183570203 -0.033257621166575373 -0.012043670496563595 0.050874782257119784 -0.041733240441701278 0.041099739854234568 0.022721372164808237 -0.071774027307087707 0.0015453832223025657 0.085842292793198591 -0.15492507650821158 -0.0030313366277456332 -0.15245309020251036 -0.0052438425549683719 -0.21232534173960269 -0.25183937552296831 -0.23565342657459634 0.12380231009787983 -0.068989530884203204 0.044517335226856969 -0.14900758113837878 -0.12825450911143293 0.07305058322744 0.067894364581189373 0.20358990905491206 -0.080105591594136494 0.064048918795499274 -0.31420673860361176 -0.052984415553301016 0.093097527795109519 -0.21775377724257208 0.074642555468472149 -0.019137622269934141 0.077726692268686989 -0.10133267561224181 0.10069082301024686 -0.00021702255649345644 0.02027987184392924 0.10243843535262
leaf_weight=86 2157 2166 1492 86 53035 532 6235 18937 3008 4976 289 1594 212 462 828 7730 72 24 613 20 572 23 34 42 36 1371 309 122 208 84 55 52 445 790 24 585 69 62 52 76 96 421 110 178 167 274
leaf_count=86 2157 2166 1492 86 53035 532 6235 18937 3008 4976 289 1594 212 462 828 7730 72 24 613 20 572 23 34 42 36 1371 309 122 208 84 55 52 445 790 24 585 69 62 52 76 96 421 110 178 167 274
internal_value=1.5617e-11 -0.000596078 0.000391112 -0.000239995 0.000366568 -0.000479823 0.00127546 -0.000263387 -0.00403659 0.00857956 -0.0457385 -0.0138778 -0.0214545 -0.0362881 -0.0109106 -0.00585339 0.00188892 0.00368595 -0.00271848 0.0255357 -0.0445917 0.0330629 -0.0613116 -0.0272171 -0.0698984 -0.0466698 -0.022287 -0.0441079 -0.0152361 -0.0484337 -0.0872348 0.0754693 -0.0285766 0.0282789 -0.0753183 -0.0616403 -0.0531744 -0.0687738 -0.0133609 -0.0962026 -0.033631 -0.050702 0.0549089 -0.071285 -0.0527128 0.0850989
internal_weight=110811 108654 103744 101778 100439 97483 86191 79956 56043 23913 1339 11292 4910 3088 10724 9324 513 1822 1736 907 1400 1966 224 190 568 2626 1255 946 474 347 263 127 824 2956 826 740 716 647 75 118 829 695 134 599 612 294
internal_count=110811 108654 103744 101778 100439 97483 86191 79956 56043 23913 1339 11292 4910 3088 10724 9324 513 1822 1736 907 1400 1966 224 190 568 2626 1255 946 474 347 263 127 824 2956 826 740 716 647 75 118 829 695 134 599 612 294
is_linear=0
shrinkage=0.0998


Tree=77
num_leaves=47
num_cat=0
split_feature=91 31 0 100 70 30 74 38 22 23 22 53 93 55 7 84 21 62 8 9 92 28 34 3 96 32 29 78 54 17 61 74 81 54 49 65 24 55 20 17 28 43 66 1 32 80
split_gain=194.169 227.048 222.443 320.654 332.624 253.975 234.507 232.405 218.604 209.507 195.723 304.336 195.511 187.064 195.674 176.007 205.806 193.653 189.131 185.611 174.521 172.22 171.209 201.54 193.037 169.512 257.646 168.57 166.6 199.43 166.476 164.601 196.862 164.303 164.157 154.613 152.967 169.755 151.35 228.94 180.981 151.196 150.562 162.374 153.287 149.901
threshold=0.010692194638635001 -0.065774105952506684 0.1185907317813495 -0.20219999999999996 -0.029264869718712047 0.064317477942118659 -0.00030333493505244996 0.093995440246751411 -0.043318498161589745 -0.0034751441235148493 -0.011471464705635049 0.016408003600025856 -0.048745526593885598 0.041607489016794855 -0.017270520361984749 0.027230525499909352 -0.033075592060119792 -0.017117300066216649 -0.029120375137445097 0.069482572948385363 0.042665920196683207 -0.043285164286910489 -0.014766739819768998 0.080626581180329712 -0.055463009723119391 0.039635732214236157 0.0062588398362181013 -0.055387258634658189 0.050514169399384558 -0.011494047497232299 0.076838489079294817 -0.035693982617903595 0.016401876011277506 -0.094959443109264227 0.034007395888744504 -0.012549326858292648 0.030063428752734555 -0.0062723424196828989 0.036093006112772406 0.014363182153190901 0.033796842637072305 -0.0025638417971466493 -0.029801348830513497 -0.072666026837171424 -0.0060011768117232489 0.041162398477828953
decision_type=2 2 2 2 2 2 2 2 2 2 2 2 2 2 2 2 2 2 2 2 2 2 2 2 2 2 2 2 2 2 2 2 2 2 2 2 2 2 2 2 2 2 2 2 2 2
left_child=1 27 3 4 9 7 45 12 36 31 33 38 -4 14 -10 17 18 -2 34 21 -18 -19 -14 24 -24 28 -27 -1 -13 -30 -25 -3 -33 -5 -17 -9 37 -8 -12 40 -40 -35 43 -23 -45 -6
right_child=15 2 5 10 6 -7 8 35 13 -11 11 25 22 -15 -16 16 20 19 -20 -21 -22 42 23 30 -26 26 -28 -29 29 -31 -32 32 -34 41 -36 -37 -38 -39 39 -41 -42 -43 -44 44 -46 -47
leaf_value=-0.10153700630841186 0.009307154235035503 0.19080263161930172 0.032603331055829576 -0.15757806263230009 0.014094863211350559 -0.015058307246682095 -0.13953137391654863 -0.082122394915694397 0.030461828359022062 -0.12072262362656264 0.013761909346288364 -0.036512264692219049 0.01708811613824876 -0.21036563167365699 -0.038895592907545358 -0.11062281445446848 -0.016685684735750637 -0.027327212366297392 -0.022677802675417396 -0.036125583224053959 0.031988271836849845 0.019246177972992384 0.040864030263234666 0.028741756612082982 -0.0010486682371291622 -0.47019124696900449 -0.028137287888033637 -0.014810618738981185 -0.4666663220627606 -0.067281418339501728 -0.11678057872027157 -0.079275683112758358 0.12834296966949649 0.0031814726253135105 0.016643231251670935 -0.0048947068463560846 -0.22157387039983409 0.0089788671461719996 -0.15303566723805578 0.025792108729249683 0.064194371536691136 0.040560312617043258 0.0038938995095578336 -0.068153024928692282 -0.0092778472934302737 -0.073415460954254996
leaf_weight=237 9790 33 3679 51 2302 4597 168 438 573 531 3036 1020 15588 52 1383 585 5570 2798 1115 2068 845 653 1147 3681 23905 24 29 3840 20 33 80 263 55 2074 122 629 87 141 204 228 47 2244 12871 890 872 213
leaf_count=237 9790 33 3679 51 2302 4597 168 438 573 531 3036 1020 15588 52 1383 585 5570 2798 1115 2068 845 653 1147 3681 23905 24 29 3840 20 33 80 263 55 2074 122 629 87 141 204 228 47 2244 12871 890 872 213
internal_value=-5.52508e-11 0.00302885 0.00438959 -0.00643954 -0.0247402 0.00737393 -0.0146209 0.00947214 -0.036909 -0.0811767 0.00534319 -0.00892848 0.0104945 -0.0235443 -0.0185777 -0.0057621 -0.0186814 -0.00220802 -0.0482819 -0.00780218 -0.0102742 -0.00456325 0.0086626 0.00410435 0.000870295 -0.0540823 -0.228313 -0.0198521 -0.0454763 -0.217993 0.0256464 -0.0213509 -0.0433668 0.0205034 -0.0886618 -0.0365964 -0.104677 -0.0717646 0.00553616 -0.0466003 -0.112359 0.0226067 -0.000396463 -0.0232624 -0.0390162 0.00668345
internal_weight=110811 72632 68555 14811 5801 53744 4919 49147 2404 882 9010 4641 48080 2008 1956 38179 8237 29942 1822 20152 6415 18084 44401 28813 25052 1126 53 4077 1073 53 3761 351 318 4369 707 1067 396 309 3515 479 251 4318 15286 2415 1762 2515
internal_count=110811 72632 68555 14811 5801 53744 4919 49147 2404 882 9010 4641 48080 2008 1956 38179 8237 29942 1822 20152 6415 18084 44401 28813 25052 1126 53 4077 1073 53 3761 351 318 4369 707 1067 396 309 3515 479 251 4318 15286 2415 1762 2515
is_linear=0
shrinkage=0.0998


Tree=78
num_leaves=47
num_cat=0
split_feature=0 100 90 22 7 96 100 56 6 41 70 0 14 26 9 3 11 29 28 2 17 3 28 59 48 53 88 55 13 2 21 11 86 9 15 2 59 26 87 59 69 11 23 21 75 37
split_gain=188.625 297.298 294.524 308.097 279.632 264.705 246.75 216.644 213.976 211.447 205.846 200.472 198.13 217.949 193.3 243.196 198.904 190.453 189.049 181.842 197.143 243.666 196.935 177.509 180.224 176.089 183.1 173.237 171.507 227.196 169.064 163.022 161.405 160.033 157.503 157.088 156.87 189.047 156.322 154.298 151.603 147.656 146.16 146.159 144.653 149.565
threshold=0.24708386589886058 -0.96934999999999993 0.048154998059392308 -0.0017903460815740498 -0.045065122558056593 0.024565458270251053 0.10280000000000002 -0.0038869287508497496 0.13733598468869393 0.00094365522207580019 0.017688677610208002 0.13570511280436789 0.067565379943920617 -0.08053699033182829 0.034612091758803705 0.078074244089569367 0.062024827971586906 -0.061390436255969245 0.046011906146956862 -0.049612273303874292 -0.010102649756487848 -0.018201141239484946 0.019828326375400603 0.045194216123936655 -0.0029480911768932495 0.023699055466616353 0.065312849982111856 -0.018121651674352198 -0.033321358788647497 0.017824858277481804 0.015957399507415506 -0.15516119816725618 0.065992513894099714 0.049167204240305011 -0.051600915397789743 -0.12061998674644629 -0.010334785456969298 -0.11948913775665444 0.0060087943846807513 0.015011154179720852 0.04688178042688141 -0.13294320776811239 0.014353072469911051 0.084152524140046411 -0.053823863223222544 -0.020435688821922197
decision_type=2 2 2 2 2 2 2 2 2 2 2 2 2 2 2 2 2 2 2 2 2 2 2 2 2 2 2 2 2 2 2 2 2 2 2 2 2 2 2 2 2 2 2 2 2 2
left_child=1 7 3 4 44 33 12 40 31 39 19 30 13 -2 15 18 -16 23 28 38 22 -22 -21 24 -15 -12 -27 -19 29 -5 -7 -8 -29 -4 -11 -14 -33 -38 -6 -9 -1 -20 -25 -30 45 -3
right_child=6 2 5 14 10 11 8 9 -10 34 25 -13 35 17 16 -17 -18 27 41 20 21 -23 -24 42 -26 26 -28 32 43 -31 -32 36 -34 -35 -36 -37 37 -39 -40 -41 -42 -43 -44 -45 -46 -47
leaf_value=-0.018165007247006478 -0.021683089551743241 0.056629140551680966 -0.0023743428057767585 -0.011757458412558614 0.029719795943078345 -0.18129314053297604 -0.15170097003787755 -0.17772078980254119 0.044372840771199858 -0.13211957307669603 0.022323064355051155 -0.040579779993504816 0.096666323232038734 0.042210646017135228 -0.026569674031028626 0.024576080329882257 0.015489061736709879 -0.00013097234149097957 -0.11134952564658814 -0.025012505499108224 -0.019575973307355842 0.011023803137613031 0.0057159730259231907 0.039899473075614762 0.13247025372733098 -0.0026529025429239536 -0.16838012031695862 0.040974288675350315 -0.0063411102802575945 -0.059777577272830826 -0.0050823032503041462 0.011161200940602382 -0.0432412690260238 -0.051139849707788412 0.009420065314381396 -0.027139115298301476 -0.17281310661260038 -0.017771212571571039 -0.0056131789034565135 -0.050342244489018501 0.20241842304700985 0.021216582854528813 -0.17302349029518663 0.027146604190273052 0.025881581291441618 -0.099928472607776209
leaf_weight=1027 843 91 4215 3644 3021 203 80 257 808 107 7738 1280 112 429 6768 3025 1342 1860 86 7150 3587 9343 2928 97 453 2820 68 4081 18515 1343 74 2491 240 797 292 1152 80 3754 2124 150 32 3109 48 1396 7568 183
leaf_count=1027 843 91 4215 3644 3021 203 80 257 808 107 7738 1280 112 429 6768 3025 1342 1860 86 7150 3587 9343 2928 97 453 2820 68 4081 18515 1343 74 2491 240 797 292 1152 80 3754 2124 150 32 3109 48 1396 7568 183
internal_value=-5.71348e-12 -0.00172398 -0.000927875 0.00063058 0.00611479 -0.021295 0.00983435 -0.0411741 -0.00402308 -0.0801634 0.00263904 -0.0572387 0.0205647 0.0263319 -0.00588719 -0.00231074 -0.01961 0.0319474 -0.00520586 -0.00182807 -0.00562094 0.00253491 -0.0160848 0.0717454 0.0885685 0.0144744 -0.00655507 0.0253348 -0.00813858 -0.0246893 -0.134219 -0.0101283 0.0362967 -0.010129 -0.0285367 -0.016169 -0.00833765 -0.0210063 0.0151334 -0.130775 -0.0114996 0.0176483 -0.0305854 -0.00399322 0.0233025 -0.0479331
internal_weight=110811 94283 92418 85849 46621 6569 16528 1865 7213 806 38779 1557 9315 8051 39228 31118 8110 7208 28093 28153 23008 12930 10078 1027 882 10626 2888 6181 24898 4987 277 6405 4321 5012 399 1264 6325 3834 5145 407 1059 3195 145 19911 7842 274
internal_count=110811 94283 92418 85849 46621 6569 16528 1865 7213 806 38779 1557 9315 8051 39228 31118 8110 7208 28093 28153 23008 12930 10078 1027 882 10626 2888 6181 24898 4987 277 6405 4321 5012 399 1264 6325 3834 5145 407 1059 3195 145 19911 7842 274
is_linear=0
shrinkage=0.0998


Tree=79
num_leaves=47
num_cat=0
split_feature=49 28 24 62 67 74 42 19 89 15 89 42 26 55 16 78 78 96 43 35 80 79 94 10 84 76 69 55 91 12 55 76 59 2 97 27 88 27 100 60 6 8 75 70 34 59
split_gain=181.963 204.745 242.067 225.009 203.767 189.556 197.851 191.796 181.579 181.124 238.115 212.056 180.077 202.629 184.52 177.614 174.511 193.497 169.548 160.585 154.756 163.572 152.242 151.358 151.347 149.265 173.898 173.734 145.212 144.645 155.849 144.068 141.138 139.927 157.478 155.558 155.525 148.274 139.75 138.842 239.418 200.39 137.984 134.097 133.192 137.979
threshold=-0.056901037139659848 0.073119820141982803 0.040753127502359605 -0.058266254572801997 -0.014149128090135148 0.026721989511366204 -0.0066806667187743985 0.012006262324351452 -0.0059985206901767493 0.026941422663261955 0.017524027889278402 0.025245114969889505 -0.056373025698432937 -0.010113792452003797 0.025903563687895204 -0.028753073771513895 0.0045493894239200016 0.0098489687446942017 0.056992372075122359 0.013799825527451202 0.028452838263667502 -0.0093021897531547996 -0.043048018757338942 -0.065834330749108591 0.044392125896623107 -0.030402581401178047 -0.01330814648441815 -0.058248764258085145 -0.035850570669491537 0.17167377337958464 0.0012751755555372001 0.017524224938785405 0.019786493629966654 -0.011055651086995699 0.011032218590046453 -0.061880010799362638 0.056997080685182604 0.005053819778339551 -0.97464999999999991 -0.019264301006132797 -0.019182712710754196 -0.080859032806977191 -0.08716937633744283 -0.038917439955212893 0.079589443741131069 0.0011833447554117002
decision_type=2 2 2 2 2 2 2 2 2 2 2 2 2 2 2 2 2 2 2 2 2 2 2 2 2 2 2 2 2 2 2 2 2 2 2 2 2 2 2 2 2 2 2 2 2 2
left_child=25 2 3 -2 8 7 -7 20 39 10 11 18 -10 14 -14 -8 32 -18 -4 24 21 -6 -13 -11 -20 27 -27 -1 -17 -3 -31 -22 -9 34 -12 -35 -37 -38 -15 44 -41 -42 -28 -24 45 -5
right_child=1 29 9 4 5 6 15 16 12 23 33 22 13 38 -16 28 17 -19 19 -21 31 -23 43 -25 -26 26 42 -29 -30 30 -32 -33 -34 35 -36 36 37 -39 -40 40 41 -43 -44 -45 -46 -47
leaf_value=-0.15911705816850066 0.025632970718041555 0.022857905451752033 -0.01239453429618804 0.022963339636439973 0.027654388810690354 0.010995248445194582 0.014773940516047484 0.014735507920657982 -0.033648731945119068 -0.042727563891471469 0.055540755019080824 -0.147016939195942 -0.021015659463231341 -0.10724417200001038 0.022223416277872693 0.018250665396118089 -0.0019459157673793689 -0.039569803310913476 -0.12087858589736619 -0.0015515860739851095 -0.012686108900194662 0.0097808915848603007 -0.11245282960781217 0.012167763455513524 0.10840889014774752 -0.033123186256316384 -0.23945510877383794 -0.033710002229201369 -0.034531249143610242 0.039606957631966186 -0.21999851564309178 0.024892933075149754 -0.015445604624441779 0.058799407157784152 -0.012475972121473947 -0.013785097950542823 -0.26389831777088041 -0.043963275753044422 0.016480245668344589 -0.0005355218108796841 -0.10771794735066786 -0.03089632105971658 0.0057437681829022955 -0.035319565021345332 -0.085734244150200548 -0.015649685609868229
leaf_weight=120 3924 5001 6123 1888 7993 3440 1225 6581 1326 567 864 163 3947 92 1309 594 4130 2031 382 244 3869 14089 262 4250 31 1856 23 1324 4120 42 51 1378 2016 275 558 1779 49 81 7809 2925 366 4452 3721 1568 172 1801
leaf_count=120 3924 5001 6123 1888 7993 3440 1225 6581 1326 567 864 163 3947 92 1309 594 4130 2031 382 244 3869 14089 262 4250 31 1856 23 1324 4120 42 51 1378 2016 275 558 1779 49 81 7809 2925 366 4452 3721 1568 172 1801
internal_value=4.4486e-12 0.00105368 4.64329e-05 0.00231732 0.0011376 0.00477969 -0.00805055 0.00763888 -0.00604772 -0.0107133 -0.0171026 -0.0259766 0.00140518 0.00493801 -0.010247 -0.0190823 -0.00152913 -0.0143488 -0.0175642 -0.0657436 0.0125897 0.0162505 -0.0545948 0.00570614 -0.103668 -0.0155221 -0.00814492 -0.0441316 -0.0278803 0.0205646 -0.102757 -0.00281687 0.00765802 0.00448689 0.0288506 -0.0113763 -0.0214855 -0.126862 0.0150396 -0.0153497 -0.0230585 -0.0367321 0.00423747 -0.0463627 0.000109664 0.00411214
internal_weight=110811 103767 98673 81477 77553 51466 9379 42087 26087 17196 12379 8773 14483 13157 5256 5939 14758 6161 6780 657 27329 22082 1993 4817 413 7044 5600 1444 4714 5094 93 5247 8597 3606 1422 2184 1909 130 7901 11604 7743 4818 3744 1830 3861 3689
internal_count=110811 103767 98673 81477 77553 51466 9379 42087 26087 17196 12379 8773 14483 13157 5256 5939 14758 6161 6780 657 27329 22082 1993 4817 413 7044 5600 1444 4714 5094 93 5247 8597 3606 1422 2184 1909 130 7901 11604 7743 4818 3744 1830 3861 3689
is_linear=0
shrinkage=0.0998


Tree=80
num_leaves=47
num_cat=0
split_feature=38 93 63 82 86 32 1 91 80 100 36 15 77 68 15 73 14 34 23 11 66 78 11 57 70 40 63 80 1 1 62 91 49 99 94 87 95 47 54 77 10 21 55 39 92 31
split_gain=185.719 203.127 219.144 210.093 218.192 199.675 201.97 192.234 214.289 205.898 190.16 188.883 185.875 179.032 183.479 166.487 166.422 166.243 161.201 159.255 158.005 155.456 165.38 163.264 189.116 153.717 166.927 152.208 211.387 204.919 150.551 156.595 193.885 147.4 147.396 173.111 157.074 146.448 165.263 144.499 143.824 146.426 153.019 173.361 150.33 143.476
threshold=0.056013218138260261 0.032015482234156102 0.0047384361333897016 -0.0028170087417480998 0.019920111343385553 0.030372592526958401 -0.038035899186096844 -0.027968539297880745 0.059623638919799611 -0.96374999999999988 0.039772975360346859 0.083956405294052558 -0.031129649741486649 0.035371000782734759 -0.020892644623853946 -0.028637250471335196 -0.089854293543004185 -0.0021009475314365494 0.034696695421393406 -0.14225944842784791 0.013327433355508402 -0.021902049129132049 -0.11978308526222209 -0.025177157603415549 -0.024712341098548796 -0.018663505861031496 0.013329831846566552 -0.0027162998820383496 0.033502415493766806 0.070421574323952615 -0.058266254572801997 0.047368516960753553 -0.017657670861231798 -0.012252628856782197 -0.017925754767772997 0.00027432216580820004 0.03530601435568665 0.004841481657658301 0.06921852304730626 -0.014505734998244849 0.0051244204126705507 0.045528706945639458 0.04537037190296226 -0.0080143725760866476 0.011217680305644701 0.029734966096061854
decision_type=2 2 2 2 2 2 2 2 2 2 2 2 2 2 2 2 2 2 2 2 2 2 2 2 2 2 2 2 2 2 2 2 2 2 2 2 2 2 2 2 2 2 2 2 2 2
left_child=1 2 7 17 12 6 18 -1 9 15 13 30 -5 14 33 -9 -17 -4 21 -11 -18 22 -3 24 -23 26 -12 -14 -29 -30 -8 -32 -33 -6 35 -21 -36 38 -25 -24 41 42 44 -44 -10 -16
right_child=-2 5 3 4 10 -7 11 8 40 19 25 -13 27 -15 45 16 20 -19 -20 34 -22 23 39 37 -26 -27 -28 28 29 -31 31 32 -34 -35 36 -37 -38 -39 -40 -41 -42 -43 43 -45 -46 -47
leaf_value=0.021881525778797466 -0.013630810680814329 -0.25567060763637228 0.015182182458006002 0.021332488882366992 -0.023442308090072386 0.013096913439757574 0.028219071947847892 0.059885777233120725 -0.020903875415358656 -0.052689226485147685 -0.21087996848289003 0.038581207436837128 0.0036452156896273169 0.016337791081166692 -0.039531471681843434 0.1690300422802116 -0.094597012181241086 -0.0040012851065142092 0.030323764644400803 0.011712361279071571 -0.011609384696325288 -0.079826649333242392 0.063608114883231717 -0.019160072105742693 0.041951508380308519 0.054151003321745626 -0.005135209669916263 -0.0099419385230865263 -0.12533002275022942 -0.032391949101546684 -0.030668688963391935 -0.1566834540587615 -0.036397288307606142 -0.098612766122553042 0.014876757788586653 -0.014964368079761372 -0.0094363889635566967 -0.060406775007693758 0.15988672655764616 -0.0080078705027585902 0.0073591660101741015 0.026634315275054811 0.038646806604564189 -0.30709784266392059 -0.11172584554613403 0.024839544132078242
leaf_weight=7892 9135 21 8857 2504 374 3151 386 156 436 431 47 403 5927 560 1928 33 533 9145 1227 4647 400 157 549 1645 665 462 239 6125 307 1026 4970 230 318 851 23716 5062 2979 1093 53 574 611 183 20 52 311 420
leaf_count=7892 9135 21 8857 2504 374 3151 386 156 436 431 47 403 5927 560 1928 33 533 9145 1227 4647 400 157 549 1645 665 462 239 6125 307 1026 4970 230 318 851 23716 5062 2979 1093 53 574 611 183 20 52 311 420
internal_value=3.07865e-13 0.00122465 0.00311228 -0.00245406 -0.00929349 -0.00931662 -0.0150627 0.00765947 0.00482296 0.00633694 -0.027749 -0.027524 -0.00362408 -0.0361292 -0.0443524 -0.0357788 -0.0512277 0.005437 -0.00192872 0.00761979 -0.0590182 -0.0102478 0.021814 -0.0203997 0.0186922 0.0185549 -0.0389464 -0.00829284 -0.0177802 -0.0537963 -0.0320363 -0.0362513 -0.0868824 -0.0756628 0.00833381 -0.00219614 0.0121636 -0.0319129 -0.0135715 0.027003 -0.0308038 -0.0540748 -0.0721086 -0.211058 -0.058716 -0.0280171
internal_weight=110811 101676 86234 38772 20770 15442 12291 47462 39570 37957 4881 6307 15889 4133 3573 1122 966 18002 5984 36835 933 4757 1144 3613 822 748 286 13385 7458 1333 5904 5518 548 1225 36404 9709 26695 2791 1698 1123 1613 1002 819 72 747 2348
internal_count=110811 101676 86234 38772 20770 15442 12291 47462 39570 37957 4881 6307 15889 4133 3573 1122 966 18002 5984 36835 933 4757 1144 3613 822 748 286 13385 7458 1333 5904 5518 548 1225 36404 9709 26695 2791 1698 1123 1613 1002 819 72 747 2348
is_linear=0
shrinkage=0.0998


Tree=81
num_leaves=47
num_cat=0
split_feature=69 7 14 12 0 11 48 51 5 53 84 6 85 33 9 7 38 61 1 63 45 19 21 21 34 72 32 14 100 17 15 86 25 24 13 79 28 98 69 41 63 92 15 62 29 75
split_gain=176.652 204.926 216.044 201.674 289.037 251.47 223.857 240.971 216.549 220.644 209.614 213.705 203.712 199.976 198.046 187.002 231.462 201.657 178.482 189.524 173.027 172.35 163.461 154.512 209.306 153.446 152.808 152.174 151.182 150.069 149.55 168.596 149.5 169.968 174.464 167.768 164.634 162.018 149.068 147.634 138.717 136.789 143.833 136.498 134.19 163.893
threshold=0.045138791043896155 0.14177564617113228 -0.076367888701108874 0.021176743249152204 0.21551688850489448 -0.053503364706735793 -0.027602348005851447 0.035509992656829505 0.0023184756696582004 0.0060514606967241513 0.017944844771170202 -0.012370966833793198 -0.0078876771082624988 0.025614083537941906 -0.026797320517512397 0.018305065469154554 0.093995440246751411 0.012643730555561302 -0.10124865802229639 0.11919498533128246 0.010146917442831102 -0.020604498138026495 0.094691000577307102 0.0067753308193450506 0.019042001632431003 -0.071019655134065343 0.037309593834709255 -0.0039117872609914991 -0.95584999999999987 -0.026901154628805445 0.0027388579702582504 0.0014919211829253502 -0.061716402903786195 0.10994557259447872 -0.064368282404826435 -0.052219148665375088 0.10332497346923532 -0.032832327061917445 0.0016081466819595003 0.029728526752223254 0.072668536111229962 -0.05798422905038849 -0.078546951473830284 0.021783615595801054 0.11384922151762046 0.021254848584236354
decision_type=2 2 2 2 2 2 2 2 2 2 2 2 2 2 2 2 2 2 2 2 2 2 2 2 2 2 2 2 2 2 2 2 2 2 2 2 2 2 2 2 2 2 2 2 2 2
left_child=1 3 -3 6 5 14 32 13 15 -10 11 23 40 18 25 17 -17 -9 27 29 26 -14 41 24 -7 -5 30 -8 -27 -20 31 43 37 34 -34 -36 -35 -1 -18 -4 -11 -12 -43 -6 -2 -46
right_child=44 2 39 4 20 10 7 8 9 12 22 -13 21 -15 -16 16 38 -19 19 -21 -22 -23 -24 -25 -26 28 -28 -29 -30 -31 -32 -33 33 36 35 -37 -38 -39 -40 -41 -42 42 -44 -45 45 -47
leaf_value=-0.099831857590211751 0.013696594900255026 0.0814177549353335 -0.05697299371211418 -0.24671859587033587 -0.03851933198527667 -0.016294854552140078 0.0028875993277087961 0.0045853173838413868 -0.013885884884882158 -0.011088047104774118 -0.10506535399792584 0.0078275375108120878 -0.15226313973104366 0.014629461400140605 -0.0594060395877129 0.037906229430311626 -0.39612134734749793 -0.051312015874885271 -0.015796449742627072 -0.1322013543404312 0.023873101598126081 -0.060720923484072181 0.063134855921103197 0.003335587073396506 -0.073189792218046626 -0.17208625494938976 0.024142382348963598 0.043653295393748334 -0.00038976818904220049 0.00057312808269398816 0.0049622131456810584 -0.0018251926371071342 -0.018540511521353401 -0.10886069549120017 0.065635739764596385 0.019421708922605366 0.15177846381792001 -0.002986427922550747 -0.027203987158245093 0.017462546486320975 -0.24213369071660218 -0.095711141798446892 -0.021599365806420925 -0.11882533615034652 -0.014300885532642854 -0.21059534445854652
leaf_weight=198 10631 150 1447 27 772 2504 2287 1803 2249 625 228 8159 323 10194 1931 1280 20 999 7298 114 3810 560 197 2145 867 53 1435 1517 1409 23667 2068 905 1106 175 850 9836 28 1313 24 325 27 277 4466 290 165 57
leaf_count=198 10631 150 1447 27 772 2504 2287 1803 2249 625 228 8159 323 10194 1931 1280 20 999 7298 114 3810 560 197 2145 867 53 1435 1517 1409 23667 2068 905 1106 175 850 9836 28 1313 24 325 27 277 4466 290 165 57
internal_value=3.85483e-11 -0.001313 -0.0335858 -0.000680291 -0.00725232 -0.0134202 0.00243735 -0.000486175 -0.0165525 -0.0337954 -0.00890146 -0.00243058 -0.0629657 0.00233311 -0.038317 -0.000738906 0.0301697 -0.0153438 -0.00126031 -0.00375782 0.00754468 -0.0942069 -0.026024 -0.0176039 -0.0309279 -0.0109679 -0.0038285 0.0191446 -0.00661406 -0.00328494 -0.013776 -0.0334764 0.013907 0.0176337 0.0191924 0.0230977 -0.0729105 -0.015677 -0.194894 -0.0433209 -0.0206559 -0.0295574 -0.0259276 -0.0604485 0.012093 -0.0647008
internal_weight=110811 99958 1922 98036 31543 22263 66493 52987 7910 3784 18843 13675 1535 45077 3420 4126 1324 2802 34883 31079 9280 883 5168 5516 3371 1489 5470 3804 1462 30965 4035 1967 13506 11995 11792 10686 203 1511 44 1772 652 4971 4743 1062 10853 222
internal_count=110811 99958 1922 98036 31543 22263 66493 52987 7910 3784 18843 13675 1535 45077 3420 4126 1324 2802 34883 31079 9280 883 5168 5516 3371 1489 5470 3804 1462 30965 4035 1967 13506 11995 11792 10686 203 1511 44 1772 652 4971 4743 1062 10853 222
is_linear=0
shrinkage=0.0998


Tree=82
num_leaves=47
num_cat=0
split_feature=9 6 5 38 63 1 4 12 2 18 25 39 40 55 14 23 12 32 31 66 24 58 20 47 29 26 3 11 0 34 51 13 90 1 18 74 92 56 0 7 1 23 7 87 1 89
split_gain=179.183 216.784 219.111 181.5 182.278 212.624 323.222 320.12 285.943 326.266 312.875 263.125 215.617 193.313 192.729 189.762 173.626 171.163 150.848 148.504 157.685 142.599 140.265 191.22 138.19 150.972 138.029 155.313 146.148 133.041 132.454 129.415 128.595 124.42 125.149 119.891 119.063 139.64 121.81 148.452 149.941 155.667 137.618 139.061 129.882 118.918
threshold=0.059598292638332252 0.16028091844503176 0.21947242103551204 0.056013218138260261 -0.040324664644428243 -0.023313528556165596 0.049898484632721708 0.012188658261542152 0.064814053772603158 0.04037540542247061 0.0076851455731682507 0.013144048368086702 -0.0032510952555339493 0.012754565359636703 0.023568848744679401 -0.051562578362111894 -0.054889164987417194 -0.073364683331852795 -0.041933228900414989 -0.042589205104956493 -0.04632313950314474 -0.0085750426632442978 0.020119657372313002 -0.070244948637225982 -0.034725749005404739 -0.11948913775665444 0.062587273729508008 0.040123507386760508 0.27232709802251903 -0.036961071055164198 -0.025692270585235447 0.028332787273286104 0.0041124021237064516 0.025563501414801303 -0.0036482319675285499 0.019563952302723203 -0.0059895224427249493 -0.10392069608813834 0.31196271087278066 0.029329672664128403 -0.090969180459749138 -0.020856334169899498 0.014685993180386303 0.0043245993235821508 0.21980754745819697 -0.074557329565948946
decision_type=2 2 2 2 2 2 2 2 2 2 2 2 2 2 2 2 2 2 2 2 2 2 2 2 2 2 2 2 2 2 2 2 2 2 2 2 2 2 2 2 2 2 2 2 2 2
left_child=1 2 3 4 24 6 7 12 9 10 -7 -9 -6 14 -10 45 -11 -15 -17 29 -21 22 23 -5 25 -1 27 28 31 30 32 -23 -2 -27 -35 -31 -22 -38 39 42 41 -41 43 -39 -42 -8
right_child=19 -3 -4 21 5 8 15 11 13 16 -12 -13 -14 17 -16 18 -18 -19 -20 20 36 26 -24 -25 -26 33 -28 -29 -30 35 -32 -33 -34 34 -36 -37 37 38 -40 40 44 -43 -44 -45 -46 -47
leaf_value=-0.13151170167281076 0.0030933732232302428 0.037691748912023065 0.052839910820523417 -0.20536804102353148 -0.0019081427236421575 -0.015612109086315903 -0.21943812590803091 -0.0012567177104494125 0.015505601186527053 -0.095036509358233601 0.0083410728407250726 -0.029463461618341465 0.016938491861339305 -0.10017973742236694 -0.041291089769645684 -0.0014260808248880415 -0.030585647633050727 0.054679281707710102 0.043541655224183858 0.021781117966438075 -0.022867214941690299 -0.071381014143915136 -0.025194944649828594 0.02374780347338425 0.0081887951264292946 0.019269452364087176 0.0055808563293129575 0.00038477731831509758 0.017994036267575651 -0.03402342791723776 0.04965181507234389 -0.02169625644646753 -0.25562016421095013 0.10275497275326065 0.030791156422589682 -0.10103688861762578 -0.19795338118175665 0.015915784903243628 0.055511700853773709 -0.057296504717711798 -0.066825446431518623 0.050481368453182615 0.061706773313769163 -0.022064081489606799 0.060403909264424481 -0.003813201704579956
leaf_weight=52 50 1625 803 37 11156 14030 26 10484 2729 498 8862 4803 13200 75 761 918 2538 1363 3898 1675 4814 1592 1121 1868 7420 1211 1128 945 308 920 269 777 31 489 474 374 36 2227 360 215 870 352 390 1688 88 1261
leaf_count=52 50 1625 803 37 11156 14030 26 10484 2729 498 8862 4803 13200 75 761 918 2538 1363 3898 1675 4814 1592 1121 1868 7420 1211 1128 945 308 920 269 777 31 489 474 374 36 2227 360 215 870 352 390 1688 88 1261
internal_value=-3.28222e-11 0.00154844 0.00092907 0.000485732 0.00180233 0.000174246 0.00449252 0.00120103 -0.00622787 -0.0104163 -0.0063393 -0.010119 0.008306 0.015809 0.00312099 0.0258729 -0.0411576 0.0466025 0.0349701 -0.0104011 -0.00675167 -0.0141174 0.00281518 0.0192978 0.0147315 0.0365404 -0.0249043 -0.0343983 -0.046677 -0.0386269 0.0159622 -0.0550851 -0.0959204 0.04056 0.0673335 -0.0533921 -0.0110807 -0.00196725 -0.000827426 -0.00430634 -0.0310635 0.00961322 0.00517211 -0.000459698 -0.0551384 -0.00816926
internal_weight=110811 96452 94827 94024 86248 76602 45746 39643 30856 25928 22892 15287 24356 4928 3490 6103 3036 1438 4816 14359 12715 7776 3026 1905 9646 2226 4750 3622 2677 1644 350 2369 81 2174 963 1294 11040 6226 6190 5830 1525 567 4305 3915 958 1287
internal_count=110811 96452 94827 94024 86248 76602 45746 39643 30856 25928 22892 15287 24356 4928 3490 6103 3036 1438 4816 14359 12715 7776 3026 1905 9646 2226 4750 3622 2677 1644 350 2369 81 2174 963 1294 11040 6226 6190 5830 1525 567 4305 3915 958 1287
is_linear=0
shrinkage=0.0998


Tree=83
num_leaves=47
num_cat=0
split_feature=4 42 94 65 15 51 62 93 69 28 24 10 4 22 100 31 37 91 1 84 28 1 88 34 98 1 81 10 28 39 93 0 46 94 68 87 66 0 29 62 85 80 95 97 19 27
split_gain=176.327 183.071 219.986 188.627 209.413 227.755 208.889 208.38 184.897 183.265 231.973 177.052 166.542 191.841 167.621 154.38 216.602 175.059 158.189 153.632 164.638 157.632 153.229 178.584 152.687 152.072 150.926 148.849 148.045 147.368 166.857 144.958 144.026 143.88 177.41 157.914 141.283 187.078 171.184 139.375 137.476 137.047 134.7 133.5 130.864 130.115
threshold=-0.21232109448451167 -0.052039717343032942 -0.058389866392489047 0.016749106253747304 -0.062054601658982245 0.057180107756335558 -0.040755673955454298 -0.075331103751274733 0.0081625489050599024 0.089139299089848564 0.095511689039435951 -0.059842700716012442 1.0000000180025095e-35 0.049582890575086504 0.5273000000000001 -0.088116638254388036 0.022673532273535354 -0.0087720837174145982 -0.10682896109224828 0.023501226852374105 0.021199700384649803 0.11913951407920341 0.021182052430138956 -0.052592376109693147 0.032583477349944205 -0.11939589641391414 -0.046164055350325292 0.054232607489076802 0.029784228521251805 -0.045149134538877193 -0.10048494909611534 0.20246350272805458 0.10681573316400726 -0.011467577191594898 -0.027200647022425747 -0.027172281208347849 -0.0041568360056238995 0.26524841051772857 -0.10282473433565557 0.016782137056755301 0.025770619456531255 -0.040810809492932747 0.071575195956165266 -0.019330857226285296 -0.035352069772803689 -0.0076805023288440992
decision_type=2 2 2 2 2 2 2 2 2 2 2 2 2 2 2 2 2 2 2 2 2 2 2 2 2 2 2 2 2 2 2 2 2 2 2 2 2 2 2 2 2 2 2 2 2 2
left_child=-1 36 15 4 9 6 -6 -8 -9 29 -11 25 13 42 -14 16 -3 -17 41 20 31 -22 26 -24 -21 -5 -20 -15 -25 33 -31 -7 -32 34 -4 -35 38 -38 -2 -26 -27 -19 44 -28 -13 -29
right_child=1 2 3 11 5 19 7 8 -10 10 -12 12 14 27 -16 17 -18 18 22 24 21 -23 23 28 39 40 43 45 -30 30 32 -33 -34 35 -36 -37 37 -39 -40 -41 -42 -43 -44 -45 -46 -47
leaf_value=0.036299461312409333 0.11804115707626989 -0.047409214303134516 0.20790469909552484 0.066563340753208855 0.017663162160263663 -0.053654250337994099 0.046636930179245938 -0.0080601013879485692 0.0041649225847786272 0.011048231808917114 0.21897114172591828 0.027187639980938774 0.025146068060905895 -0.021960214524892142 -0.001442860457608477 0.0014745707367579785 -0.36722103535520934 0.21063552220008877 -0.14836120985048804 -0.082522319912307865 -0.0023565132469746237 0.09421286474615162 0.059996434640792705 -0.14505134133373246 -0.021504226395927462 -0.010488228620004798 -0.078841820755962175 -0.20514361595897626 -0.012271079553480948 0.24696801692041612 -0.037194764526675271 0.0018320885150826405 0.10706466881500823 0.06153429730788447 0.025545276748962679 -0.040597787497378045 0.016484742243509799 0.072825191177773724 -0.00320481369765229 0.20680566327183539 -0.062628277927586795 0.0017507172291698512 -0.067640122119431573 -0.00072323142519667015 0.0012398039905528397 -0.035908024477975052
leaf_weight=1317 119 66 64 200 5794 1167 852 30542 20656 324 64 2431 8291 1035 3302 1697 31 38 102 708 776 215 65 383 138 1993 297 90 107 21 4512 784 70 195 313 665 4594 673 4573 33 674 177 249 818 9505 91
leaf_count=1317 119 66 64 200 5794 1167 852 30542 20656 324 64 2431 8291 1035 3302 1697 31 38 102 708 776 215 65 383 138 1993 297 90 107 21 4512 784 70 195 313 665 4594 673 4573 33 674 177 249 818 9505 91
internal_value=-4.40937e-11 -0.000436612 -0.00172743 -0.000795111 -0.00363264 -0.00187117 -0.000312322 -0.00231328 -0.00312788 -0.0210734 0.0453448 0.00611951 0.00881401 0.0012369 0.0175728 -0.0253385 -0.149617 -0.0220662 -0.0421713 -0.0254697 -0.0145313 0.0185945 -0.0519799 -0.0954377 -0.0620805 -0.0173707 -0.0321614 -0.036562 -0.116056 -0.0254861 -0.0337045 -0.0313573 -0.0349909 0.00509558 0.0565028 -0.0174399 0.0124645 0.0236837 -0.000129735 0.0225556 -0.023665 0.0386699 0.00500904 -0.0215315 0.00652459 -0.120058
internal_weight=110811 109494 99535 95754 67893 61665 57844 52050 51198 6228 388 27861 24994 13401 11593 3781 97 3684 1987 3821 2942 991 1772 555 879 2867 1217 1216 490 5840 4603 1951 4582 1237 377 860 9959 5267 4692 171 2667 215 12185 1115 11936 181
internal_count=110811 109494 99535 95754 67893 61665 57844 52050 51198 6228 388 27861 24994 13401 11593 3781 97 3684 1987 3821 2942 991 1772 555 879 2867 1217 1216 490 5840 4603 1951 4582 1237 377 860 9959 5267 4692 171 2667 215 12185 1115 11936 181
is_linear=0
shrinkage=0.0998


Tree=84
num_leaves=47
num_cat=0
split_feature=39 11 22 23 70 28 55 3 0 18 3 43 0 31 8 30 93 2 94 79 33 100 69 44 1 21 28 77 72 21 90 7 53 78 12 47 18 27 35 100 15 8 76 62 53 19
split_gain=158.036 186.745 194.66 270.624 306.906 255.022 251.217 211.949 206.642 202.205 219.837 228.613 226.999 188.361 188.165 187.596 181.306 176.703 176.159 172.952 213.946 167.929 167.164 166.695 163.009 162.967 168.258 180.055 161.483 203.036 154.47 150.561 149.806 148.629 188.639 175.363 161.91 143.166 152.164 142.443 138.029 137.885 167.191 178.355 136.893 186.415
threshold=-0.064510821965487436 0.074688595252285966 0.030205026631681255 -0.030121897184032746 0.013194464401619551 -0.064682022486341986 -0.0043501471597368994 -0.066568939532590438 0.34649941436646176 -0.032993015130185543 0.022092794498701402 0.020997579899619801 0.14845191993067103 0.045776725726972806 0.020567311018770754 0.015606613820138301 0.077996386474116955 -0.10914951224013754 -0.016456879321147547 -0.010990372720503398 0.06835311151482866 -0.27239999999999992 -0.046737904810081943 0.088835599064403206 -0.048917904234424846 0.04646544238297181 0.027019105125103953 0.045855779180954702 -0.0070561049480244485 -0.018727755192716997 -0.031905009800461494 0.11544786664034272 0.025615128915898306 0.043369197541300607 0.052285656288061512 0.031657442621354608 -0.053495835848588739 -0.014211248021711148 0.050267327218938805 0.90015000000000012 -0.10510920546429559 -0.025639852955086546 0.03953578116920551 -0.022189540283442347 -0.027595391467858044 0.0013385489058712504
decision_type=2 2 2 2 2 2 2 2 2 2 2 2 2 2 2 2 2 2 2 2 2 2 2 2 2 2 2 2 2 2 2 2 2 2 2 2 2 2 2 2 2 2 2 2 2 2
left_child=-1 2 3 7 5 41 17 8 13 14 12 16 25 28 -4 -14 23 -7 22 20 44 33 -8 31 -19 26 39 -28 -2 -30 -20 -12 -23 34 35 -6 -36 38 -34 -11 -3 -5 -43 -44 45 -9
right_child=1 40 9 4 21 6 18 19 -10 10 11 -13 15 -15 -16 -17 -18 24 30 -21 -22 32 -24 -25 -26 -27 27 -29 29 -31 -32 -33 37 -35 36 -37 -38 -39 -40 -41 -42 42 43 -45 -46 -47
leaf_value=0.014484279077416774 0.00019662252356112967 -0.080661481744831426 -0.0059762744734890736 -0.00031653038632666064 0.043559710650281643 0.039158648294308193 -0.067266846418540013 0.0080117590361075408 0.2017277054443298 -0.090049436871163457 -0.0067034812050262701 0.023640303901981657 -0.0060595084946890899 -0.12693451969739039 0.035505015500538112 -0.039657875385540955 -0.18117780963067825 0.0034910611795313244 0.042335706932266792 -0.015660235715423569 0.093445685476233678 0.012479980264758611 -0.0017668935091982941 -0.16170203203094771 -0.01683311942811647 0.026801868309794613 0.01118788662986071 -0.27135878363934657 -0.12286933272681212 -0.026579156242590243 0.010438997555914107 -0.10314556413259179 -0.058418474762786547 -0.015272677915109884 0.083816763771201966 0.00064349662249242156 -0.025926870566163322 0.002995347601466183 0.053716439817502779 0.048776776488497854 0.016037189510719242 -0.034892001453591275 -0.28001688102881117 -0.072051186314468482 0.012977066112190428 -0.072338330296312814
leaf_weight=7027 747 150 3669 1079 5118 764 421 668 34 1309 4000 2224 4624 252 1549 2578 65 5976 1722 8544 275 8080 4963 74 11483 210 351 24 345 593 12413 168 907 841 157 1164 910 1782 139 78 7413 1824 57 147 3388 505
leaf_count=7027 747 150 3669 1079 5118 764 421 668 34 1309 4000 2224 4624 252 1549 2578 65 5976 1722 8544 275 8080 4963 74 11483 210 351 24 345 593 12413 168 907 841 157 1164 910 1782 139 78 7413 1824 57 147 3388 505
internal_value=1.88853e-11 -0.000980701 -0.00216757 0.000198645 0.0032263 -0.00165632 0.000606168 -0.0116246 -0.0421782 -0.0106831 -0.0163383 -0.00234403 -0.0263009 -0.0464595 0.00633774 -0.0180862 -0.0157615 -0.00782061 0.00847343 -0.00712378 0.00795799 0.0136698 -0.00688864 -0.0132269 -0.0098764 -0.0563019 -0.0662065 -0.0068951 -0.034424 -0.0619951 0.0143248 -0.0105908 0.00556078 0.02447 0.029018 0.0356077 -0.00977903 -0.0142084 -0.0435172 -0.0822423 0.0141193 -0.0291397 -0.0444751 -0.130159 0.00280362 -0.0265806
internal_weight=110811 103784 96221 75298 59947 40849 37742 15351 1971 20923 15705 6531 9174 1937 5218 7202 4307 18223 19519 13380 4836 19098 5384 4242 17459 1972 1762 375 1685 938 14135 4168 10908 8190 7349 6282 1067 2828 1046 1387 7563 3107 2028 204 4561 1173
internal_count=110811 103784 96221 75298 59947 40849 37742 15351 1971 20923 15705 6531 9174 1937 5218 7202 4307 18223 19519 13380 4836 19098 5384 4242 17459 1972 1762 375 1685 938 14135 4168 10908 8190 7349 6282 1067 2828 1046 1387 7563 3107 2028 204 4561 1173
is_linear=0
shrinkage=0.0998


Tree=85
num_leaves=47
num_cat=0
split_feature=68 15 24 62 46 17 51 63 93 39 39 92 48 88 27 58 49 38 90 71 0 11 9 86 66 26 20 96 63 98 95 0 8 80 65 32 28 1 14 100 26 2 59 18 31 91
split_gain=155.488 222.199 212.639 195.847 218.39 207.292 217.903 206.259 201.243 199.494 197.994 184.909 178.215 169.826 169.093 207.748 198.463 186.195 162.026 154.215 154 190.13 195.003 186.368 170.187 154.977 152.526 148.363 147.47 146.65 145.04 201.864 186.149 147.572 142.719 141.505 141.305 140.561 139.527 138.902 135.358 132.847 143.879 148.404 213.784 132.145
threshold=0.035371000782734759 -0.11688891795680724 0.10994557259447872 0.052951224470425259 0.10681573316400726 -0.032491006462105891 0.0094479691166481014 0.051861044218532708 0.025107635154465752 -0.053270232104923043 0.019046916565561303 -0.064608595699392826 0.15081206317936299 -0.035727948854112193 0.0070661158609084005 0.0041620130307063003 0.025839543502389452 0.024866277504255553 0.017481398653174305 -0.037201946147986241 0.13708587306099548 -0.036931703115824589 0.094949386485631324 0.021739847809259454 0.016508657789485254 -0.084258014803970188 0.04088917104569486 0.066069999288643461 0.010891319874286001 0.077001744271285311 -0.011408850598067248 0.049565826383218159 0.069379687501074011 0.0065057038638858004 -0.012189343104566198 0.075773566636420112 0.073119820141982803 0.0074724399692202509 -0.044126520817896191 0.47730000000000006 0.13521239938327292 -0.079103923323381189 -0.087544598395327342 0.065960180164184964 -0.054043860593658642 -0.0045811324282739483
decision_type=2 2 2 2 2 2 2 2 2 2 2 2 2 2 2 2 2 2 2 2 2 2 2 2 2 2 2 2 2 2 2 2 2 2 2 2 2 2 2 2 2 2 2 2 2 2
left_child=1 -1 20 4 5 9 7 13 12 27 -10 -9 19 45 17 34 -17 38 -4 -8 21 23 30 25 -25 -2 -15 -3 -26 -22 -23 -32 35 -34 -16 -33 41 -13 -11 -19 -12 -5 -43 -44 -45 -7
right_child=2 3 18 36 -6 6 8 11 10 14 40 37 -14 26 15 16 -18 39 -20 -21 29 22 -24 24 28 -27 -28 -29 -30 -31 31 32 33 -35 -36 -37 -38 -39 -40 -41 -42 42 43 44 -46 -47
leaf_value=-0.041181280564990777 0.14424765040445328 0.015691174708726111 -0.02852159377702429 0.018042515348043377 0.047424311296244012 0.042764372375194801 0.022615008323444132 -0.14269328482039598 -0.0080405328601736159 0.013372419194131969 -0.053630512318045095 0.0071425238426130631 -0.2255271543318885 0.0094093060282914222 -0.0085772732961965983 -0.03602648399901421 0.025196076078005565 -0.058218023019039472 -0.20746781457714938 -0.0034332825206677643 0.014362355824445033 0.035443166895195576 -0.20852601597218146 -0.062093594490463221 0.27420907863259314 -0.11221566280342307 -0.0075298630782953402 0.17904240330394944 -0.038713674628734589 0.09969753383375686 -0.32025155207089018 0.0023445703923779485 -0.3363480700681607 -0.036644078724562296 0.030158266652126193 -0.23249662312051422 0.041435531750570416 -0.037212588624081264 -0.020081070006708567 -0.0023992215186101466 0.11127865348049239 0.066014969037684543 -0.026884701876751897 -0.32831402398791787 -0.068320403228055632 0.0097353325829551193
leaf_weight=1386 25 1947 158 706 967 2403 2592 115 3297 1546 1773 1520 35 27854 1608 2167 697 1873 74 17876 11963 1007 43 79 40 383 6537 57 24 204 21 1495 30 36 2306 26 368 1338 6310 582 51 156 4425 36 252 2423
leaf_count=1386 25 1947 158 706 967 2403 2592 115 3297 1546 1773 1520 35 27854 1608 2167 697 1873 74 17876 11963 1007 43 79 40 383 6537 57 24 204 21 1495 30 36 2306 26 368 1338 6310 582 51 156 4425 36 252 2423
internal_value=-2.08957e-11 -0.00151369 0.00923293 -0.00092766 0.000258165 -0.000266645 0.00231961 0.00672842 -0.00493951 -0.00945244 -0.0226365 -0.0186154 -0.000519373 0.00864971 -0.0129458 -0.000701537 -0.021127 -0.0209947 -0.0855993 -0.000134613 0.0106638 -0.00878423 0.00227613 -0.062139 0.035901 -0.096501 0.00618953 0.0203374 0.156863 0.0157931 0.00574248 -0.0128574 -0.0087898 -0.172873 0.0142444 -0.00166981 -0.0184614 -0.0136227 -0.0134977 -0.0449852 -0.0490196 -0.0224152 -0.0282815 -0.0314027 -0.10082 0.0261814
internal_weight=110811 95203 15608 93817 87874 86907 67814 42190 25624 19093 5121 2973 20503 39217 17089 6778 2864 10311 232 20468 15376 3209 2658 551 143 408 34391 2004 64 12167 2615 1608 1587 66 3914 1521 5943 2858 7856 2455 1824 5575 4869 4713 288 4826
internal_count=110811 95203 15608 93817 87874 86907 67814 42190 25624 19093 5121 2973 20503 39217 17089 6778 2864 10311 232 20468 15376 3209 2658 551 143 408 34391 2004 64 12167 2615 1608 1587 66 3914 1521 5943 2858 7856 2455 1824 5575 4869 4713 288 4826
is_linear=0
shrinkage=0.0998


Tree=86
num_leaves=47
num_cat=0
split_feature=9 13 6 12 1 54 18 70 38 21 27 48 58 82 21 1 57 74 21 2 82 27 10 0 16 8 97 97 78 91 44 75 99 33 65 4 69 15 76 25 52 69 97 55 78 14
split_gain=156.002 192.632 210.59 222.736 482.894 398.049 236.266 234.765 230.158 186.44 183.329 180.57 179.919 206.368 176.234 179.679 173.769 173.282 172.274 200.164 186.212 167.252 162.618 186.953 229.093 183.613 181.867 161.483 208.57 186.777 158.152 156.899 153.665 178.729 172.474 149.475 148.649 148.59 164.657 159.743 152.478 148.432 148.326 147.613 150.548 147.446
threshold=0.034612091758803705 0.080261914879065061 0.019977599726053456 -0.0075055064920199989 0.014690404804428502 0.0094074880385750011 -0.056485560653024493 0.010072773671318602 -0.0048337684753854996 0.10525850206223876 0.021040789703358154 -0.0029480911768932495 -0.0055998373657997992 -0.016227307748289444 -0.11763871127020718 -0.07125389273233608 0.02646530093266455 -0.0012182551029178998 0.05174505621343576 -0.052627909693709694 0.048080877452040906 -0.0068843883927273489 -0.10871470502633969 0.17464589181223791 0.0055748304914005004 -0.035673788024923249 0.018887529120715101 0.010452370129003501 -0.06861242050436564 -0.0070782943904191499 -0.089600380312763475 -0.08716937633744283 -0.029580811014163894 -0.07606565086468968 0.010834668142100202 0.0094534533640336007 -0.042372155690210994 -0.030123886687279947 0.019559935006290302 0.075223538615308075 0.033191471723968503 -0.0082903203267987481 -0.018636019796605247 0.047557153666973405 -0.080795233206099132 -0.023730764494884999
decision_type=2 2 2 2 2 2 2 2 2 2 2 2 2 2 2 2 2 2 2 2 2 2 2 2 2 2 2 2 2 2 2 2 2 2 2 2 2 2 2 2 2 2 2 2 2 2
left_child=1 2 3 4 11 6 -6 8 31 22 17 37 35 -14 15 -9 -12 -8 19 20 -10 -21 42 24 25 -24 36 -13 -29 -30 -15 -5 -27 34 -34 -4 -26 38 39 -1 -40 -32 -2 44 -16 -39
right_child=9 -3 12 7 5 -7 10 14 18 -11 16 27 13 30 43 -17 -18 -19 -20 21 -22 -23 23 -25 26 32 -28 28 29 -31 41 -33 33 -35 -36 -37 -38 45 40 -41 -42 -43 -44 -45 -46 -47
leaf_value=0.038165249784585117 -0.097644796674696513 0.02136298190138677 0.0088157932710945675 -0.17248856095528162 0.044673446335168655 0.013260334710147667 -0.10684578937842476 -0.29150865389200359 0.0073512031111273683 0.069164581537191475 -0.040835216458669825 0.010783614821380322 0.020705561600444455 -0.086333264347780117 -0.087815203342152467 -0.034168889823471278 0.056062305526561773 -0.042740296132997242 0.0083868988528335263 -0.052564113058611875 -0.099872594700458422 -0.022820938754830499 -0.076975257225981489 0.00040961318133319723 -0.067731162602308576 -0.068497609581564839 -0.040358874329058464 -0.25894428374609907 -0.041587669937055517 0.0075944749455919289 -0.020829085171375165 -0.0018859040744971742 -0.18928734677491066 -0.011111329762467155 0.055869802346749181 0.032710628427788109 0.022592566238500165 -0.011720462829416115 0.10210034853689907 -0.057895967069042792 -0.079715570343941458 0.0053850439237656473 -0.020462053125718797 0.044226623086929248 0.0032907993015315741 0.021463273765515628
leaf_weight=1489 359 4845 6675 54 273 1921 819 39 1934 317 1041 6573 3690 245 184 88 224 862 1424 3452 176 4143 751 15471 197 643 757 35 1369 1755 3577 9412 107 3518 39 4279 2303 1695 566 195 50 5398 802 881 9928 6256
leaf_count=1489 359 4845 6675 54 273 1921 819 39 1934 317 1041 6573 3690 245 184 88 224 862 1424 3452 176 4143 751 15471 197 643 757 35 1369 1755 3577 9412 107 3518 39 4279 2303 1695 566 195 50 5398 802 881 9928 6256
internal_value=1.10408e-11 0.00203495 0.000874576 -0.00242881 0.00459063 -0.0226909 -0.0441455 -0.00798926 -0.0142986 -0.00689058 -0.0523762 0.011608 0.00874241 0.00076024 0.00369613 -0.113194 -0.0236771 -0.0739731 -0.0240287 -0.028785 -0.00159258 -0.0363395 -0.00785701 -0.00607684 -0.0181456 -0.0314387 0.002498 0.0018714 -0.0166724 -0.0139581 -0.00722221 -0.00285913 -0.0234986 -0.0156017 -0.1238 0.0181499 0.0154751 0.0208516 0.0431919 0.0270418 0.0873426 -0.00506264 -0.0443282 0.00504655 0.00163302 0.0143891
internal_weight=110811 85547 80702 56838 25123 5140 3219 31715 20595 25264 2946 19983 23864 12910 11120 127 1265 1681 11129 9705 2110 7595 24947 23786 8315 5058 3257 9732 3159 3124 9220 9466 4307 3664 146 10954 2500 10251 2300 1684 616 8975 1161 10993 10112 7951
internal_count=110811 85547 80702 56838 25123 5140 3219 31715 20595 25264 2946 19983 23864 12910 11120 127 1265 1681 11129 9705 2110 7595 24947 23786 8315 5058 3257 9732 3159 3124 9220 9466 4307 3664 146 10954 2500 10251 2300 1684 616 8975 1161 10993 10112 7951
is_linear=0
shrinkage=0.0998


Tree=87
num_leaves=47
num_cat=0
split_feature=38 49 67 14 94 98 39 46 74 61 66 82 22 23 6 0 97 1 0 85 30 3 8 26 91 60 92 60 100 15 8 17 54 79 39 33 3 0 28 82 85 79 59 92 34 51
split_gain=149.184 166.756 198.984 176.999 169.291 211.647 209.99 261.129 227.408 199.042 196.026 184.392 180.093 261.613 195.341 173.167 177.527 214.6 169.483 168.158 187.417 159.313 158.455 166.975 157.747 157.41 155.445 154.912 150.001 194.482 149.094 182.763 148.687 148.454 146.568 140.842 138.27 146.195 155.385 211.942 137.967 137.832 137.046 136.562 132.923 132.913
threshold=0.073358032712368362 0.032010921868078406 -0.00031974402470574993 -0.047391013062219593 0.0031894576691736004 0.0022204797818677507 0.014367112691130201 -0.0065476622039618492 -0.00030333493505244996 -0.070213619251063827 0.012980742543002702 -0.045471110729298096 0.035713772385661806 -0.056268155129542495 -0.13395046010687617 0.24846875049914613 0.0048906054062665509 0.042364295874524206 0.13846886666109012 0.060065457216210358 0.065842350269431624 -0.063923874482755133 0.15903592243305611 -0.040599248064868289 -0.073860410302845333 0.06636868565829572 -0.087328722193977679 -0.0030111722351724496 -0.95004999999999984 -0.05551447834488369 -0.041459021266805389 -0.022079377123733399 -0.066288014070152626 -0.083847894023577493 0.026704526842034403 -0.087236356449206978 -0.00059863951889184994 0.23233649235209944 -0.051276124288967641 -0.02290894536059945 -0.016676636220920096 -0.021141195857153947 0.058674643830595959 0.019509802636477603 0.073679205046206772 0.044555182014135351
decision_type=2 2 2 2 2 2 2 2 2 2 2 2 2 2 2 2 2 2 2 2 2 2 2 2 2 2 2 2 2 2 2 2 2 2 2 2 2 2 2 2 2 2 2 2 2 2
left_child=1 4 3 -3 5 9 10 24 40 42 11 -7 13 21 -15 16 17 -16 -18 20 -4 -6 23 -13 -8 -21 -26 -11 29 -17 31 -29 -5 -14 -28 -30 37 38 -2 -40 -9 -10 -1 -42 -34 -38
right_child=36 2 19 32 12 6 7 8 41 27 -12 22 33 14 15 28 18 -19 -20 25 -22 -23 -24 -25 26 -27 34 30 35 -31 -32 -33 44 -35 -36 -37 45 -39 39 -41 43 -43 -44 -45 -46 -47
leaf_value=0.056750149113349233 -0.14894478720593313 0.025571496837936802 0.027106657977109674 -0.079208623857592281 -0.081364338375690709 0.033995478697022651 0.12460809204315519 0.055727112658441172 0.013911122624921472 0.0075242557629581104 0.01169544583798879 -0.054512305971796918 -0.15095707413662932 -0.088571055890671907 0.019054688599987615 -0.0043042827621344237 -0.017218700543632136 -0.016804498982332466 0.0082309457307998962 -0.025292106932988927 -0.023363931095592424 -0.012723625207060666 0.092878067846514756 -0.013606064342241566 -0.22722974200230092 -0.29289500641097194 -0.077224539360876893 -0.075018344558600028 -0.096993499955120077 0.2006355861200522 -0.0032854618522952851 -0.013054939354610344 -0.0022306913673052165 -0.0088833853713379696 -0.032043979126411014 0.03128732043796361 0.0042339190953835041 -0.0056974869211659637 0.032842421526227676 -0.076526384821796092 0.014474245621906726 -0.0465045744482065 -0.092422150763999109 -0.060234931226728412 -0.063683713086341034 -0.05827770825925737
leaf_weight=869 175 1923 8172 285 395 756 53 587 494 12078 4626 1144 74 200 13583 77 4354 1894 6493 455 805 2285 128 7574 48 23 1046 672 88 115 11067 1610 6366 7255 2261 2723 2579 763 245 631 1126 1576 66 311 371 390
leaf_count=869 175 1923 8172 285 395 756 53 587 494 12078 4626 1144 74 200 13583 77 4354 1894 6493 455 805 2285 128 7574 48 23 1046 672 88 115 11067 1610 6366 7255 2261 2723 2579 763 245 631 1126 1576 66 311 371 390
internal_value=-3.51112e-12 0.00077775 0.00941497 -0.00125519 -0.00103588 -0.00501316 -0.0123054 -0.0258162 -0.00882813 0.000997762 -0.00518149 -0.0133124 0.00380212 0.00701526 0.00972509 0.0103954 0.00780525 0.0146664 -0.00198458 0.0195096 0.0225808 -0.0228404 -0.0173554 -0.0189739 -0.0462239 -0.0381684 -0.0489226 -0.00066516 0.0331008 0.118446 -0.00807484 -0.0313018 -0.00860178 -0.0103179 -0.0463345 0.0272714 -0.0172409 -0.0389494 -0.0630895 -0.0459381 0.0149589 -0.0320865 0.0462203 -0.00169455 -0.00561485 -0.00397744
internal_weight=110811 106028 18400 8945 87628 48092 21730 7502 4094 26362 14228 9602 39536 32207 29527 29327 26324 15477 10847 9455 8977 2680 8846 8718 3408 478 3355 25427 3003 192 13349 2282 7022 7329 3307 2811 4783 1814 1051 876 2024 2070 935 1437 6737 2969
internal_count=110811 106028 18400 8945 87628 48092 21730 7502 4094 26362 14228 9602 39536 32207 29527 29327 26324 15477 10847 9455 8977 2680 8846 8718 3408 478 3355 25427 3003 192 13349 2282 7022 7329 3307 2811 4783 1814 1051 876 2024 2070 935 1437 6737 2969
is_linear=0
shrinkage=0.0998


Tree=88
num_leaves=47
num_cat=0
split_feature=19 20 28 34 77 89 65 98 7 11 48 29 21 39 77 69 12 4 0 100 15 43 61 41 51 0 25 88 27 62 14 93 69 48 10 74 35 40 86 90 71 97 85 7 77 32
split_gain=147.891 237.035 197.017 223.198 223.499 182.869 210.075 187.695 182.733 183.336 178.985 194.418 175.916 168.515 166.461 163.645 157.376 157.19 175.336 230.678 188.488 178.197 177.95 198.228 153.18 309.596 152.416 160.4 152.056 148.465 148.332 147.99 147.029 159.623 146.761 143.182 196.41 143.127 142.88 140.672 139.999 158.557 179.557 149.083 136.404 135.646
threshold=0.021164155982204804 -0.051338700243623546 0.085403255109252216 0.016095706479279551 -0.028044414053810047 -0.0039520782912934992 -0.0024145352944368995 -0.082512708134767285 0.14177564617113228 -0.15516119816725618 0.0036218027374731003 -0.076532886260237479 -0.11763871127020718 -0.042063955245367997 -0.091981182671444742 -0.013700237071940298 0.11127231260559646 -0.062028651621991795 0.23559507531861598 -1.0000000180025095e-35 -0.016040362075139647 0.084134110666039014 -0.039170171109124137 -0.078027838025488336 0.0098202662283370015 0.078263711997384369 -0.060223514328537238 0.046447465249185353 0.010501597633299001 -0.056859378327842394 -0.035338692749911742 -0.023213221233771446 -0.061005766318179042 -0.059374025108615343 -0.12204279950315719 -0.021207625266922346 0.033519921404378754 -0.038388521901362195 -0.065009590634869191 -0.019703528565913096 1.0000000180025095e-35 0.016006093807401103 -0.024051885565303948 -0.0048574820301523491 0.064381369644063713 0.090645766705036421
decision_type=2 2 2 2 2 2 2 2 2 2 2 2 2 2 2 2 2 2 2 2 2 2 2 2 2 2 2 2 2 2 2 2 2 2 2 2 2 2 2 2 2 2 2 2 2 2
left_child=1 34 3 4 -3 6 7 -5 9 -2 12 -12 30 -9 -11 -15 35 29 20 21 22 -20 45 -24 31 -26 28 -28 -13 -16 -6 -14 33 -7 -1 -8 -37 -22 -31 -10 -34 43 -43 -42 -40 -19
right_child=8 2 -4 5 10 32 16 13 39 14 11 26 24 15 17 -17 -18 18 19 -21 37 -23 23 -25 25 -27 27 -29 -30 38 -32 -33 40 -35 -36 36 -38 -39 44 -41 41 42 -44 -45 -46 -47
leaf_value=-0.055036462230636879 -0.084412126133709409 0.017643736918655499 0.033651428102082971 -0.23130591095394146 0.032154340662921853 0.064678368045477413 0.024865962972011976 0.017710642583893318 0.010879460148638991 -0.086348525833731121 0.060359790263854553 -0.086156029817043164 0.034496844028129664 -0.068765205967705648 0.071250866526684928 -0.025492818908619985 -0.11153680356095787 0.02367054458322497 0.03379791665873224 -0.0074186051021644618 -0.022267141736787087 -0.094566821882783161 0.049614209352126952 -0.027428903081042337 -0.070991144789316188 0.0015142508780961012 -0.0044127575148270141 -0.042082003733319502 0.014098665811226929 0.084033452166630107 -0.17791281948482737 0.0080563702703692723 0.013774491496279219 -0.071006874666611111 0.019955689548438502 -0.0016109721495252802 -0.062057065792674261 0.0069156567426166462 -0.026497978576394941 -0.078777891523329452 0.022880683273308916 0.025749436905063143 -0.054057934725443291 -0.017196371511208782 -0.14146953639203577 -0.23231151239573955
leaf_weight=268 283 8830 1729 48 52 104 1383 571 249 241 408 483 2591 1327 162 2530 135 1134 3638 2919 1977 111 351 6355 643 6683 14452 1221 219 113 94 11320 5284 509 8621 2818 661 10918 3383 581 1783 365 1217 1920 106 21
leaf_count=268 283 8830 1729 48 52 104 1383 571 249 241 408 483 2591 1327 162 2530 135 1134 3638 2919 1977 111 351 6355 643 6683 14452 1221 219 113 94 11320 5284 509 8621 2818 661 10918 3383 581 1783 365 1217 1920 106 21
internal_value=3.9045e-11 0.00235092 0.000385062 -0.000465148 0.00333518 -0.00911197 -0.0193144 -0.0350175 -0.00565435 -0.00444447 2.4782e-05 -0.00768958 0.0060796 -0.0328897 -0.0037244 -0.0403807 -0.00524861 -0.00308594 -0.000461065 0.013618 -0.00498406 0.0299973 -0.0171648 -0.0233964 0.00683015 -0.00484952 -0.0093851 -0.00734737 -0.05488 -0.0222104 -0.103094 0.0129811 -0.000468814 -0.0479869 0.0176947 -0.00229737 -0.0130956 0.00244149 -0.0264138 -0.0518807 0.00228722 -0.00919787 -0.0356447 0.00210079 -0.029991 0.0190163
internal_weight=110811 78269 69380 67651 46996 20655 9473 4476 32542 31712 38166 16783 21383 4428 31429 3857 4997 31188 27424 6668 20756 3749 7861 6706 21237 7326 16375 15673 702 3764 146 13911 11182 613 8889 4862 3479 12895 3602 830 10569 5285 1582 3703 3489 1155
internal_count=110811 78269 69380 67651 46996 20655 9473 4476 32542 31712 38166 16783 21383 4428 31429 3857 4997 31188 27424 6668 20756 3749 7861 6706 21237 7326 16375 15673 702 3764 146 13911 11182 613 8889 4862 3479 12895 3602 830 10569 5285 1582 3703 3489 1155
is_linear=0
shrinkage=0.0998


Tree=89
num_leaves=47
num_cat=0
split_feature=15 9 84 22 11 38 49 51 26 74 21 3 31 87 34 91 43 7 7 80 59 6 40 47 56 12 1 73 30 81 95 20 61 46 2 9 6 51 14 29 82 0 28 37 93 23
split_gain=143.14 157.192 172.828 161.982 158.088 193.96 189.061 179.683 228.136 183.785 189.238 174.008 167.864 155.619 164.973 152.115 189.891 188.623 176.88 151.185 141.677 136.141 133.354 131.669 131.631 130.219 130.96 129.54 126.031 125.8 123.067 131.173 120.288 132.09 123.297 120.952 130.827 119.992 155.04 119.412 118.418 139.196 117.839 117.761 141.367 121.683
threshold=0.11429078169592517 0.094949386485631324 0.05065767875757516 0.10932420719646672 -0.099494634212686825 -0.062624555451886887 0.058368910510171311 0.0098202662283370015 0.060191977319191306 -0.016333051675028146 0.0095292185073733524 0.05343537827647251 -0.075696607272197333 0.0077197098578385007 0.004780586536138001 -0.038013377950369291 0.020052681967739953 -0.0096749808886473481 0.15998967271130632 0.031415986468218159 0.011783909957300002 0.060211654634231761 0.041445648294053908 -0.030398409580770596 -0.052895199853443188 0.17167377337958464 -0.15482403420593177 0.046750842854875158 -0.024082558333749896 -0.061606243935264739 -0.060828041679714041 0.05520521445433621 0.013295203742001101 -0.023151944153835296 -0.031119888445089047 -0.033397706947845746 0.16028091844503176 0.026463944152781655 0.0013540618994224002 -0.076532886260237479 -0.021218868737892044 0.24115329885001416 -0.064682022486341986 -0.049108214621760043 0.053697627945000208 0.035933007564886661
decision_type=2 2 2 2 2 2 2 2 2 2 2 2 2 2 2 2 2 2 2 2 2 2 2 2 2 2 2 2 2 2 2 2 2 2 2 2 2 2 2 2 2 2 2 2 2 2
left_child=1 2 4 23 5 27 7 12 9 11 -11 -9 -6 19 -15 16 37 -18 22 -14 21 -10 32 -3 -24 26 -7 -1 -19 -25 31 -8 33 -17 -35 39 -37 -4 -39 -34 -28 -42 -5 -31 -45 -46
right_child=-2 3 15 42 6 25 30 8 20 10 -12 -13 13 14 -16 18 17 28 -20 -21 -22 -23 24 29 -26 -27 40 -29 -30 43 -32 -33 35 34 -36 36 -38 38 -40 -41 41 -43 -44 44 45 -47
leaf_value=0.08818390441795973 0.02545763061571809 0.013354047107109813 0.062144418378165284 -0.32975906445600772 -0.023256304980705127 0.098638763942697952 -0.019615082253901652 -0.0015559432061184205 -0.0084902258460215624 -0.018851790885393564 0.00059380633899115513 0.034190406476587915 0.013430053112896564 0.0070693490485556525 -0.010797948253215835 -0.048956913645073596 0.058575753672720464 -0.021916701836023067 -0.18178863780921437 -0.0053296106608210249 0.05654910978767775 0.084565809685335863 -0.095811793448554075 -0.11260635629314525 0.02914958045634165 -0.23111884904444216 0.0018775314531335053 -0.12552873080689461 -0.18250823440207345 0.026428113271301762 0.022101649191954838 -0.23578055143288204 0.18737290728310571 0.036854903674056333 -0.01631022882862472 -0.073919761186356708 0.12221123452561242 -0.099997176224291329 0.064035302552648568 -0.02089725686310907 -0.052971669749720472 -0.0013891346249359862 -0.081418584338736777 -0.021775573630258081 -0.17359343148045242 0.044910536364849769
leaf_weight=241 2157 1324 661 22 2061 87 139 7240 1085 13914 7767 1669 25636 11585 9262 830 102 90 68 5136 910 183 94 150 786 30 1105 32 106 487 5723 35 29 589 1656 1053 35 120 110 503 1728 746 141 3241 110 33
leaf_count=241 2157 1324 661 22 2061 87 139 7240 1085 13914 7767 1669 25636 11585 9262 830 102 90 68 5136 910 183 94 150 786 30 1105 32 106 487 5723 35 29 589 1656 1053 35 120 110 503 1728 746 141 3241 110 33
internal_value=-4.80779e-11 -0.000505385 0.000371805 -0.0169322 0.00145984 -0.0180431 0.00229808 0.00111867 -0.00470488 -0.00692687 -0.0118856 0.00514073 0.00467356 0.00578872 -0.000868815 -0.0149667 0.0174752 -0.0514888 -0.0218023 0.010299 0.0265029 0.00493979 -0.0198509 -0.0139434 0.0158014 -0.0240391 -0.0223445 0.0631333 -0.108767 -0.0229317 0.0195877 -0.0630966 -0.0265333 -0.0149387 -0.00236178 -0.0485417 -0.0676104 0.0405406 -0.0215469 -0.00954418 -0.0252855 -0.0374177 -0.114937 -0.0194568 -0.0260602 -0.123169
internal_weight=110811 108654 103146 5508 96314 3969 92345 86448 32768 30590 21681 8909 53680 51619 20847 6832 1189 298 5643 30772 2178 1268 5575 5345 880 3696 3666 273 196 4021 5897 174 4695 3075 2245 1620 1088 891 230 532 3579 2474 163 3871 3384 143
internal_count=110811 108654 103146 5508 96314 3969 92345 86448 32768 30590 21681 8909 53680 51619 20847 6832 1189 298 5643 30772 2178 1268 5575 5345 880 3696 3666 273 196 4021 5897 174 4695 3075 2245 1620 1088 891 230 532 3579 2474 163 3871 3384 143
is_linear=0
shrinkage=0.0998


Tree=90
num_leaves=47
num_cat=0
split_feature=55 0 18 3 17 44 74 50 66 70 4 10 12 4 49 65 80 75 64 84 13 11 4 49 93 16 94 20 41 38 89 11 38 19 36 44 13 29 34 76 94 13 39 45 34 0
split_gain=142.434 180.539 228.117 195.995 211.874 193.469 198.928 176.535 174.351 196.132 172.596 177.839 204.265 195.264 187.124 165.145 181.714 237.723 164.588 176.565 164.359 163.961 195.837 160.552 158.719 158.475 213.261 155.244 154.852 152.715 152.657 163.532 147.993 147.753 147.319 172.519 160.753 146.754 149.256 145.639 148.691 144.267 142.018 195.653 141.327 140.758
threshold=-0.020791748898810299 0.24708386589886058 -0.0039671815089653492 -0.018201141239484946 -0.009043268291599748 0.0039407523312213009 0.090630076717804112 -0.016271798466831095 -0.010124771370414348 0.10576596271340451 -0.18497435663030062 -0.062634769454410891 0.0077093401709237008 0.00044750378011205002 0.010872978264809001 -0.024513632622393245 0.023374423722326003 -0.053823863223222544 0.012901735875874202 0.038082035507435254 0.015582429571074903 -0.038400346959895491 -0.041904747821436543 -0.043867623563434689 -0.068089785289405388 -0.012963238073548497 0.0082069562890180522 0.043681328003251953 -0.058247669248179042 0.043024222559713256 -0.01294935328328555 -0.11004754385454064 -0.043069114035077342 -0.043833726515651338 -0.034180437364430792 -0.07159924942739089 0.034328770451743505 -0.046580776387709744 -0.031808558835213795 -0.030953082098533546 -0.071271661847728027 0.0079486185193916505 0.071452839773501961 -0.049893134923492989 0.11160386411670366 0.10020182995503346
decision_type=2 2 2 2 2 2 2 2 2 2 2 2 2 2 2 2 2 2 2 2 2 2 2 2 2 2 2 2 2 2 2 2 2 2 2 2 2 2 2 2 2 2 2 2 2 2
left_child=10 3 23 5 15 6 8 -8 20 29 -1 28 24 14 39 16 17 18 19 -5 32 22 -7 -3 -13 26 -19 42 -12 -10 31 -17 -2 -34 36 -36 -33 -18 -39 -14 -41 -4 44 -44 -6 -29
right_child=1 2 41 4 27 21 7 -9 9 -11 11 12 13 -15 -16 30 37 25 -20 -21 -22 -23 -24 -25 -26 -27 -28 45 -30 -31 -32 34 33 -35 35 -37 -38 38 -40 40 -42 -43 43 -45 -46 -47
leaf_value=0.037844160778791942 0.017949827469365458 -0.0081951668203056743 -0.011329046490201809 -0.12307773660244875 0.016023071845130049 0.043564930899703126 -0.24931534146210726 -0.034134886588156221 -0.0020789594392622108 0.12926429319136407 -0.093623308367237076 0.067228647239897646 -0.083723523995998625 0.0003947446504226973 -0.0074474972006063648 -0.14210519982446573 0.018288949261444368 -0.053922337262122894 0.018548098322695921 -0.41333334499487168 -0.0051086692074092622 0.010068482744324272 -0.037133317526941233 0.039569015818778766 0.0014940692735146664 0.015963915978743248 0.025665676009588526 -0.05261695668051327 -0.022119583836083437 -0.047307067601485453 0.0078012894700745334 0.0077758386114749299 0.0015138010146370693 -0.065991360730235052 0.095556614678296625 -0.020166868016491524 0.12050205052950261 0.025633296559630678 -0.090054802311445123 -0.16747591216864591 -0.027895998611967704 0.01701813455373568 -0.16142625553168433 -0.0086516513587083978 -0.11858329050427255 0.00038990833865586627
leaf_weight=880 316 859 3686 92 19448 367 68 86 6195 106 343 375 642 5165 3160 95 217 1006 56 27 1533 7123 1629 3809 14994 1893 503 556 2503 845 11324 693 387 1951 132 4588 154 130 763 78 2987 3473 99 533 78 4864
leaf_count=880 316 859 3686 92 19448 367 68 86 6195 106 343 375 642 5165 3160 95 217 1006 56 27 1533 7123 1629 3809 14994 1893 503 556 2503 845 11324 693 387 1951 132 4588 154 130 763 78 2987 3473 99 533 78 4864
internal_value=1.99533e-11 0.00223629 0.0136149 0.000253073 0.00379506 -0.00786894 -0.016485 -0.12915 -0.0149541 -0.00547881 -0.00572483 -0.00699241 -0.00452616 -0.0142648 -0.025291 -0.00346495 -0.0200494 -0.00910282 -0.12254 -0.188934 -0.0311256 0.00298453 -0.0222955 0.0307795 0.00309798 -0.00326759 -0.027393 0.00994668 -0.0307372 -0.00750762 0.00111125 -0.0122688 -0.0461534 -0.0548175 -0.0100532 -0.0169305 0.0282715 -0.055325 -0.0732133 -0.0405015 -0.0314481 0.00242284 0.0139783 -0.0325831 0.0154854 -0.0050477
internal_weight=110811 79684 11827 67857 47251 20606 11487 154 11333 7146 31127 30247 27401 12032 6867 21673 4687 3577 175 119 4187 9119 1996 4668 15369 3402 1509 25578 2846 7040 16986 5662 2654 2338 5567 4720 847 1110 893 3707 3065 7159 20158 632 19526 5420
internal_count=110811 79684 11827 67857 47251 20606 11487 154 11333 7146 31127 30247 27401 12032 6867 21673 4687 3577 175 119 4187 9119 1996 4668 15369 3402 1509 25578 2846 7040 16986 5662 2654 2338 5567 4720 847 1110 893 3707 3065 7159 20158 632 19526 5420
is_linear=0
shrinkage=0.0998


Tree=91
num_leaves=47
num_cat=0
split_feature=42 66 93 73 19 8 75 42 39 0 60 74 90 97 11 1 93 66 32 33 63 50 54 9 20 10 36 76 58 32 63 16 53 63 78 69 55 62 83 0 66 77 85 30 29 54
split_gain=138.837 158.206 193.425 157.357 154.693 185.275 153.133 181.516 152.678 259.723 262.528 259.296 222.98 216.665 188.51 186.227 182.9 182.623 180.8 177.372 166.231 163.065 159.031 159.864 155.994 151.183 150.341 147.787 144.98 144.741 144.555 143.19 138.926 135.351 147.674 140.619 139.153 135.099 168.125 131.852 130.399 128.871 128.57 126.938 122.66 142.439
threshold=-0.065670573331245194 -0.036486868688072244 0.0081278142905686513 -0.053298034007447141 -0.024266918946898447 -0.11358486193744084 0.059197104085968406 0.0020391527102599501 0.014367112691130201 0.15837391610460147 0.010207903351532252 -0.0062209662130013497 0.096167893736937474 0.025171820789891552 -0.037683646759146046 -0.13936677746106751 0.056550790978975855 0.041326302449618303 0.020713470777212053 -0.042960710522275049 0.035437554847900107 -0.014794106985365547 -0.012143514379695247 0.036269058284658255 -0.0025227824634523996 -0.062634769454410891 0.084590033267136863 0.088359896973894209 -0.010260432145918397 -0.023483902371556148 0.011928135484756852 0.032254519816984357 -0.023537901335798247 0.08385387183681571 0.039052593051345959 -0.069618226843713896 -0.0088331261537170983 0.024981062572160654 -0.044116721954240247 0.14456886958443202 0.0077219412940464508 -0.078924507865509877 -0.050204996936245048 0.027039765213926654 -0.0026592869486523995 0.080412513724348669
decision_type=2 2 2 2 2 2 2 2 2 2 2 2 2 2 2 2 2 2 2 2 2 2 2 2 2 2 2 2 2 2 2 2 2 2 2 2 2 2 2 2 2 2 2 2 2 2
left_child=-1 2 44 -3 5 -4 7 -6 15 11 18 12 25 14 31 -5 20 19 37 -15 26 -22 33 24 28 -10 -12 -16 -24 -26 42 -13 43 35 -35 -17 -37 -11 -39 -19 -27 -8 -18 -25 45 -2
right_child=1 3 4 8 6 -7 41 -9 9 10 16 13 -14 17 27 22 30 39 -20 -21 21 -23 23 32 29 40 -28 -29 -30 -31 -32 -33 -34 34 -36 36 -38 38 -40 -41 -42 -43 -44 -45 -46 -47
leaf_value=0.014594287137894046 0.0075710469983833332 0.017836039685551155 -0.11842481571311655 0.029834303268800402 -0.0083611120809817148 0.0058663452194236548 0.051801403755020528 -0.055096334590708451 -0.13436055970542793 0.010493952910076378 -0.0053472930349694851 -0.072603181921998661 -0.27502025569142963 -0.18114944924834475 -0.011465799930856774 -0.06257396504729805 0.10361392964539319 0.090456434364496435 0.029554998757152132 -0.063560864369335307 0.013650892984544052 -0.069614031219291911 0.028980877433170862 -0.018764942952071352 0.020174045270303066 0.019838216717390313 0.087570370097857952 -0.27677360549285296 0.0077931700137798378 -0.0033312871632234452 -3.9535630272786605e-05 0.031436353032904513 -0.00057305246223204875 -0.11376063563719889 0.041989156360307103 -0.013902003390741482 0.0043919776092721241 -0.11041101067368646 -0.010575763774274948 -0.12590976743923651 -0.013592005134614296 -0.13811876627860506 -0.14330364416757951 -0.085962673097404296 -0.012579529470335507 0.099701523728970967
leaf_weight=6133 3722 5018 128 2425 1664 1789 42 1647 79 5462 5581 949 29 145 4999 413 23 116 3606 1075 335 779 5503 1181 3338 2593 179 21 7742 11952 153 153 5115 225 83 7375 9445 185 1829 37 2106 233 242 367 4420 175
leaf_count=6133 3722 5018 128 2425 1664 1789 42 1647 79 5462 5581 949 29 145 4999 413 23 116 3606 1075 335 779 5503 1181 3338 2593 179 21 7742 11952 153 153 5115 225 83 7375 9445 185 1829 37 2106 233 242 367 4420 175
internal_value=-2.629e-11 -0.000855068 -0.0108032 0.000658099 -0.0253182 -0.0024327 -0.0375523 -0.0316087 -0.000346082 -0.00599028 0.00152375 -0.0172131 0.000879064 -0.0288166 -0.0207809 0.00279258 -0.0131825 -0.064647 0.0112005 -0.0775366 -0.0092849 -0.0445748 0.00154917 0.00541795 0.00866802 0.00255363 -0.00245975 -0.0125757 0.0165962 0.00180022 -0.0772785 -0.0581585 -0.0085008 -0.00621396 -0.0717891 -0.00504196 -0.00362931 0.00234736 -0.0197463 0.0381326 0.00485544 -0.109113 -0.121873 -0.0346962 -0.00119927 0.0117083
internal_weight=110811 104678 13820 90858 5503 1917 3586 3311 85840 30676 18374 12302 4807 7495 6122 55164 7292 1373 11082 1220 6874 1114 52739 35198 28535 4778 5760 5020 13245 15290 418 1102 6663 17541 308 17233 16820 7476 2014 153 4699 275 265 1548 8317 3897
internal_count=110811 104678 13820 90858 5503 1917 3586 3311 85840 30676 18374 12302 4807 7495 6122 55164 7292 1373 11082 1220 6874 1114 52739 35198 28535 4778 5760 5020 13245 15290 418 1102 6663 17541 308 17233 16820 7476 2014 153 4699 275 265 1548 8317 3897
is_linear=0
shrinkage=0.0998


Tree=92
num_leaves=47
num_cat=0
split_feature=77 87 29 26 4 80 80 31 15 90 32 8 3 0 88 77 70 89 63 15 92 48 53 65 7 54 70 63 24 55 50 6 28 14 52 73 99 80 54 89 23 69 52 10 1 99
split_gain=138.751 188.824 160.462 170.556 181.552 178.375 160.421 157.892 179.529 156.286 161.094 158.008 153.781 154.039 153.096 152.539 157.278 149.85 149.758 146.665 145.835 163.132 162.944 148.555 145.455 144.155 140.85 176.83 149.222 143.784 145.186 140.668 176.652 173.261 155.763 180.315 173.13 141.418 140.005 197.043 146.474 139.589 141.371 138.817 138.484 159.021
threshold=0.018431960933817403 0.008334178525527201 0.050368798428460107 0.078972273279722061 -0.0013176984488081497 -0.031267326715775895 0.053698555173768002 -0.03177757148476739 -0.073312548877460929 0.059886098217891752 0.1179464241777554 0.22485277145329771 -0.019655016499419746 0.13986206392676553 -0.047387207550751292 -0.0056057876548406488 0.017688677610208002 -0.033533454882497794 0.08385387183681571 -0.065856962706443936 0.007519472654779401 -0.093114618338819746 0.039288744605761504 0.043310007392550254 -0.12778364816610263 0.027486863178792554 -0.012243843992393798 -0.018831940852181747 0.030063428752734555 0.00093962385900685013 -0.030307446911731897 0.046082657762264806 -0.031465894177249092 0.0021887823318735501 -0.0027600619103554497 0.065789072561797418 -0.029023562500930095 -0.0073657220004243488 -0.0083894031576916984 -0.012326074905620248 0.017830443687312004 -0.054858722376061396 -0.030428688893904595 -0.12204279950315719 -0.026579094057372146 0.0031159192659634505
decision_type=2 2 2 2 2 2 2 2 2 2 2 2 2 2 2 2 2 2 2 2 2 2 2 2 2 2 2 2 2 2 2 2 2 2 2 2 2 2 2 2 2 2 2 2 2 2
left_child=1 2 3 4 6 24 -1 8 -7 10 11 12 13 14 -3 18 -17 -5 -9 -16 22 23 26 -22 -6 -4 27 -2 -29 -30 -31 32 -23 -34 35 -35 -36 -37 39 40 -14 42 -15 -19 -40 -46
right_child=20 9 25 17 5 7 -8 15 -10 -11 -12 -13 38 41 19 16 -18 43 -20 -21 21 31 -24 -25 -26 -27 -28 28 29 30 -32 -33 33 34 36 37 -38 -39 44 -41 -42 -43 -44 -45 45 -47
leaf_value=0.0030189417376264502 0.0081691633000430565 0.10517580012137583 -0.001738094038233404 -0.034293634695438453 -0.095631294953764268 -0.095267137479197003 -0.032593648013905671 0.025912291517853524 -0.0026193144314529361 -0.03754596495722206 0.073388126317416869 0.07659957387046358 -0.046658885646579808 0.063931143339825663 -0.15791954992240209 -0.0071472016123959887 0.03194743646414009 -0.17176682159052445 -0.088810703225692969 -0.03877368136723517 0.13824341530454201 -0.030580015067732481 -0.035311062004772305 -0.11644486486039779 0.044769386534001518 -0.041522539513101364 -0.0002551241234045146 -0.019302791801017918 -0.028052890234166461 0.030549052081617047 -0.12002087592124694 0.022288604626320999 0.01744675881523685 0.014769190651622093 -0.12243741409555077 -0.30276044834014026 -0.023791021769871301 -0.024277051094067945 0.017129511064990242 0.0023277385242998321 0.00070259827656201561 -0.0050655980253015544 -0.090669748123825625 0.061414811811683429 0.011512070386628191 -0.023829175972931022
leaf_weight=21829 1606 69 4309 215 76 223 1337 7812 3164 1312 277 246 1850 71 110 4114 1365 26 115 1595 147 2005 2475 27 2229 1149 9533 3054 598 74 462 2501 3789 1546 204 32 1349 42 7046 5486 1003 7716 346 1156 2810 2311
leaf_count=21829 1606 69 4309 215 76 223 1337 7812 3164 1312 277 246 1850 71 110 4114 1365 26 115 1595 147 2005 2475 27 2229 1149 9533 3054 598 74 462 2501 3789 1546 204 32 1349 42 7046 5486 1003 7716 346 1156 2810 2311
internal_value=3.12773e-11 0.00212438 0.00601986 0.00803665 0.00690261 0.0141067 0.000963601 0.0105333 -0.00871924 -0.00380908 -0.00237829 -0.00306283 -0.00370719 -0.0139171 -0.0405626 0.0153975 0.00259256 0.0423453 0.024248 -0.0464605 -0.00587061 0.00281466 -0.0115505 0.0987228 0.0401401 -0.0101134 -0.00771369 -0.0199854 -0.0307821 -0.0616972 -0.0992332 0.00135948 -0.00447789 0.00303931 -0.0141652 0.00748469 -0.0367491 -0.144702 0.00122549 -0.00873537 -0.0300085 -0.0081051 -0.0643468 0.0562856 0.00805246 -0.00443669
internal_weight=110811 81367 49119 43661 42264 19098 23166 16793 3387 32248 30936 30659 30413 9907 1774 13406 5479 1397 7927 1705 29444 11642 17802 174 2305 5458 15327 5794 4188 1134 536 11468 8967 6962 3173 1620 1553 74 20506 8339 2853 8133 417 1182 12167 5121
internal_count=110811 81367 49119 43661 42264 19098 23166 16793 3387 32248 30936 30659 30413 9907 1774 13406 5479 1397 7927 1705 29444 11642 17802 174 2305 5458 15327 5794 4188 1134 536 11468 8967 6962 3173 1620 1553 74 20506 8339 2853 8133 417 1182 12167 5121
is_linear=0
shrinkage=0.0998


Tree=93
num_leaves=47
num_cat=0
split_feature=11 24 73 69 38 68 54 21 23 94 3 33 88 22 3 26 73 58 29 83 21 64 55 49 69 15 6 95 62 2 58 40 98 83 72 89 21 59 87 13 61 82 28 17 30 33
split_gain=133.012 141.908 158.167 156.58 166.023 164.81 189.636 174.534 213.925 231.13 204.778 171.623 168.485 154.225 149.453 148.491 145.549 140.71 137.753 133.413 131.636 131.187 131.176 136.972 129.871 129.612 126.357 122.596 164.306 227.458 150.049 133.439 125.609 117.05 116.001 139.406 161.871 114.351 113.571 113.265 110.895 107.575 106.6 123.843 112.082 111.532
threshold=0.11045235322052467 0.07645789768128107 -0.036499927506327988 0.050707333082969555 0.051471811117220656 0.019691621977721303 0.053910911433882609 0.05420432895338171 -0.030121897184032746 0.0031894576691736004 -0.066568939532590438 0.097616433031636071 0.026378624872176404 0.12321720280708771 0.065915943949659675 0.054931106656045801 0.074269557584338272 0.036611290731209757 0.054625744840940509 -0.080880319041640988 -0.0052157085562949991 0.10622995183638022 0.035359718766010802 -0.039471211225688786 -0.043194586505481941 0.047246927038361856 0.072241345341184815 0.034514301375608507 0.016782137056755301 0.0010990652878537504 -0.019695021872850046 -0.11714918593164309 0.048630839549149554 -0.063538015718433996 0.054036359396492456 0.016017877117062301 -0.059089934398755241 -0.065724157538627287 0.014197453626694003 -0.070101486074352529 0.021816298335639354 0.022413178578922405 -0.019745430994174598 -0.011178207417548448 0.061326894694036356 0.088434083245857109
decision_type=2 2 2 2 2 2 2 2 2 2 2 2 2 2 2 2 2 2 2 2 2 2 2 2 2 2 2 2 2 2 2 2 2 2 2 2 2 2 2 2 2 2 2 2 2 2
left_child=1 3 15 4 5 6 7 8 10 -10 -1 12 18 19 16 -3 27 -9 24 41 25 -22 -4 -24 -7 -14 -5 31 30 -30 -29 -6 -33 -21 35 36 -25 -19 -36 -37 -41 -8 43 44 -16 -44
right_child=-2 2 22 26 14 11 13 17 9 -11 -12 -13 20 -15 42 -17 -18 37 -20 33 21 -23 23 34 -26 -27 -28 28 29 -31 -32 32 -34 -35 38 39 -38 -39 -40 40 -42 -43 45 -45 -46 -47
leaf_value=-0.055042761873874003 0.024523050890629099 0.00022036950181621992 -0.030286085788349831 0.0091695675245153322 0.18272277235351503 -0.0061524096328833934 0.17507355993415546 0.019949453564102635 -0.0086984908021887648 0.0061666299072674667 -0.01267321914501625 0.071854608502525077 -0.04184462517048744 -0.15490903904344522 0.075488822732006883 0.094384212740308129 0.084930701058631528 -0.14683558976434277 -0.015048227787082043 -0.069954138170301911 0.0085363664316105495 -0.23642671928405762 -0.084663066370385884 0.16436441968544213 0.017900094522321285 0.021072180936613671 0.04737385306888317 0.052345717627582729 -0.057293305751627964 -0.25988032174475845 -0.059185758503728633 -0.022248048001223132 0.037408922306983172 0.019759811675038132 -0.0025975302448106368 -0.10390944652465674 -0.020965763246394112 -0.012998034151760476 -0.2773475697019826 0.1619737411037154 0.02262610881072144 -0.032077443317280095 0.001458391806462169 0.0095780195901308349 0.29803878906917569 -0.11332941295377393
leaf_weight=1284 2160 721 4058 6637 33 2681 94 4770 23137 18951 9867 411 1641 51 229 217 128 69 1821 150 2125 22 125 54 13468 407 991 162 161 84 465 5616 375 4217 43 26 359 810 23 168 86 34 1333 432 25 90
leaf_count=1284 2160 721 4058 6637 33 2681 94 4770 23137 18951 9867 411 1641 51 229 217 128 69 1821 150 2125 22 125 54 13468 407 991 162 161 84 465 5616 375 4217 43 26 359 810 23 168 86 34 1333 432 25 90
internal_value=2.05877e-11 -0.000487522 -0.0155662 0.0003752 -0.000727812 0.000630683 -0.00197553 -0.00349164 -0.00526146 -0.00200516 -0.0175519 0.00795362 0.00676872 0.0176639 -0.0135214 0.0220045 -0.020517 0.013188 0.0109728 0.0196219 -0.0112401 0.00602626 -0.0226972 0.0121394 0.013907 -0.0293411 0.0141329 -0.0224742 -0.057449 -0.126752 -0.030369 -0.0174115 -0.0185139 0.0166783 0.0280818 0.0401223 0.00326627 -0.0235041 -0.0983438 0.094485 0.114793 0.120049 0.00977715 0.0420927 0.0973933 -0.00580155
internal_weight=110811 108651 5880 102771 95143 86010 63434 58888 53239 42088 11151 22576 22165 4546 9133 938 7024 5649 17970 4495 4195 2147 4942 884 16149 2048 7628 6896 872 245 627 6024 5991 4367 759 693 413 879 66 280 254 128 2109 686 254 1423
internal_count=110811 108651 5880 102771 95143 86010 63434 58888 53239 42088 11151 22576 22165 4546 9133 938 7024 5649 17970 4495 4195 2147 4942 884 16149 2048 7628 6896 872 245 627 6024 5991 4367 759 693 413 879 66 280 254 128 2109 686 254 1423
is_linear=0
shrinkage=0.0998


Tree=94
num_leaves=47
num_cat=0
split_feature=93 66 0 76 17 11 75 13 1 86 14 3 67 48 12 14 1 90 17 57 40 64 9 26 83 17 19 0 86 30 3 26 65 18 91 30 94 59 4 23 39 28 31 0 3 67
split_gain=129.502 187.428 180.273 188.605 180.148 193.776 188.701 171.584 216.999 228.432 215.264 183.136 167.047 218.262 166.403 204.998 154.238 177.771 193.488 160.269 152.214 180.279 159.568 150.474 168.312 157.545 150.091 144.321 321.751 153.049 189.589 173.079 135.171 134.203 133.193 132.88 220.751 168.018 132.533 131.946 142.554 131.307 126.594 126.548 126.378 125.812
threshold=-0.024530520127664147 -0.013761535332840748 0.29692304742960279 -0.032816264820907347 0.11653067998479781 -0.096374697003733731 -0.025290602734727548 -0.060773911564399895 0.054498711844421358 -0.060335073874075447 0.0082031257271677517 -0.10423203134174834 -0.014884521351836247 -0.032282867479961445 -0.0060205814491441989 0.010018103142838101 0.16684267536704997 0.027219424480634153 0.0050590772225858503 0.045331552779671054 -0.010834618879960749 -0.024015536292527947 -0.033953573498802188 -0.0082990221579618481 0.093875375460185068 -0.079733386262233336 -0.035921216607836592 0.16463560600226879 -0.019577465592645997 -0.015538672954503199 -0.065268669685374078 0.034386244560826257 -0.028771136132946296 -0.046422739757496341 -0.022221382755841294 0.04763940234616041 0.05467201715335241 -0.0087730681865243482 -0.091042437508464635 -0.0026755577260133994 0.10090979621237132 0.089139299089848564 0.043989514810209261 0.23772973263227801 0.041444936240664761 -0.021744770377378146
decision_type=2 2 2 2 2 2 2 2 2 2 2 2 2 2 2 2 2 2 2 2 2 2 2 2 2 2 2 2 2 2 2 2 2 2 2 2 2 2 2 2 2 2 2 2 2 2
left_child=16 7 3 23 5 6 -5 26 9 -9 11 -10 13 -7 15 43 17 -1 19 27 -12 44 -23 24 25 -3 -2 28 -19 31 -31 -30 -15 -13 42 37 -37 -14 -8 40 -18 -27 -35 -11 -22 -24
right_child=1 2 -4 4 -6 12 38 8 10 14 20 33 35 32 -16 -17 39 18 -20 -21 21 22 45 -25 -26 41 -28 -29 29 30 -32 -33 -34 34 -36 36 -38 -39 -40 -41 -42 -43 -44 -45 -46 -47
leaf_value=0.0086224204729791632 0.0042213373600544233 -0.17941792329022963 0.030756695105225332 0.031680950334054117 0.040720879774649707 0.024272811326960228 0.074935105993675116 -0.071003907622155277 0.069604572922508115 -0.0072402459749636196 -0.082260470897056376 0.029625248293162251 0.019149191249943527 -0.031972519691937068 -0.0073270296693252399 0.029753889717241484 0.063188394119928562 0.027016233874918725 0.012846130708087891 0.032747876702749229 -0.14098975040025602 0.071099783209262454 0.025886215617933993 -0.0040562517547903468 0.24132023807168007 -0.035172130134958353 -0.04438784843879108 -0.020644340134678148 -0.018864263322632011 -0.38915830329259238 -0.12805598630923237 -0.28210786983269664 -0.0057616411800397787 -0.0030723855976639903 -0.039374179937273428 -0.017058542292994406 0.091346885034919847 0.003258330614303342 -0.059472487885180128 0.0080452164561084418 -0.17344026150655611 0.11674693040421298 0.12999563147209495 0.043312096835625619 -0.0022853806889702364 -0.055335609315841083
leaf_weight=16788 885 74 2021 354 1210 2058 78 453 282 4495 806 556 10679 2422 11201 3493 1026 237 1614 340 201 205 291 5029 22 2464 2219 1383 223 30 361 28 10266 589 1735 3397 198 17466 1156 1113 26 58 81 554 97 547
leaf_count=16788 885 74 2021 354 1210 2058 78 453 282 4495 806 556 10679 2422 11201 3493 1026 237 1614 340 201 205 291 5029 22 2464 2219 1383 223 30 361 28 10266 589 1735 3397 198 17466 1156 1113 26 58 81 554 97 547
internal_value=-2.41644e-11 -0.00175419 0.00146546 0.000425647 0.00268834 0.00173108 -0.0325505 -0.00836989 -0.00568168 -0.000933576 -0.0234725 -0.00724455 0.00290216 -0.00587502 0.000674177 0.011166 0.0066356 0.00402134 -0.0143001 -0.0311386 -0.0479845 -0.0273832 -0.00782381 -0.0141571 -0.0335602 -0.0358897 -0.0305286 -0.0407414 -0.0723616 -0.109048 -0.148089 -0.0482301 -0.010765 -0.0145635 -0.0247793 0.00697993 -0.011088 0.00928777 -0.0509767 0.0319982 0.0573402 -0.0316784 0.0130149 -0.00169341 -0.095841 -0.0271309
internal_weight=110811 87642 58952 56931 49284 48074 1588 28690 25586 20196 5390 3243 46486 14746 19743 8542 23169 21004 4216 2602 2147 1341 1043 7647 2618 2596 3104 2262 879 642 391 251 12688 2961 2405 31740 3595 28145 1234 2165 1052 2522 670 5049 298 838
internal_count=110811 87642 58952 56931 49284 48074 1588 28690 25586 20196 5390 3243 46486 14746 19743 8542 23169 21004 4216 2602 2147 1341 1043 7647 2618 2596 3104 2262 879 642 391 251 12688 2961 2405 31740 3595 28145 1234 2165 1052 2522 670 5049 298 838
is_linear=0
shrinkage=0.0998


Tree=95
num_leaves=47
num_cat=0
split_feature=3 9 6 38 42 5 82 60 81 5 24 80 0 62 63 7 1 18 4 31 48 31 21 44 29 78 34 66 39 43 22 30 41 0 92 24 1 22 2 9 82 4 78 51 43 54
split_gain=126.873 143.613 151.047 173.753 162.423 178.462 209.88 175.316 172.584 153.08 151.08 180.724 210.287 170.099 139.418 221.093 253.34 363.74 200.694 169.974 168.348 129.261 119.023 117.306 116.622 114.892 113.773 145.381 159.638 148.004 139.935 125.329 124.603 200.98 155.359 117.574 145.48 112.016 108.046 167.271 238.546 168.452 137.646 135.104 151.256 126.731
threshold=0.18320225866052992 0.059598292638332252 0.082748586401843974 0.073358032712368362 -0.055911001769880446 0.028626054377017655 -0.008095027623357948 0.040006685383182854 0.040754399962292256 0.21947242103551204 -0.029830578061153395 0.0038206700812822001 0.2447131398214186 -0.040755673955454298 -0.042781752915602288 -0.013196052642705647 -0.025267383403437347 0.050391159908555458 0.048883500584083306 0.021413242920086603 -0.035906120300459442 -0.056405694904297497 0.005207122472866651 0.018570075278211903 0.093574484155874368 0.026495476367465354 -0.0017118276003283497 -0.069427805035676138 0.037758646094182058 -0.018818441035625647 0.12321720280708771 0.044732953519951955 0.031924200594185409 0.13357041942730077 0.058766737755663108 0.019343722235856151 -0.13936677746106751 -0.013202121907853947 -0.053719202925665996 -0.0090551842055570982 0.03721947556728316 0.018899449698649203 -0.063075564705675782 0.022989951994549503 -0.037452499398083393 0.024624928623875105
decision_type=2 2 2 2 2 2 2 2 2 2 2 2 2 2 2 2 2 2 2 2 2 2 2 2 2 2 2 2 2 2 2 2 2 2 2 2 2 2 2 2 2 2 2 2 2 2
left_child=1 2 3 9 -4 7 8 -6 -7 14 11 12 -8 -12 -1 19 18 -18 -17 20 -16 23 -15 -2 -21 -13 31 -28 30 -30 32 -3 35 -34 -35 37 -37 -29 -5 42 41 45 -40 -44 -45 -41
right_child=21 26 4 38 5 6 10 -9 -10 -11 13 25 -14 22 15 16 17 -19 -20 24 -22 -23 -24 -25 -26 -27 27 28 29 -31 -32 -33 33 34 -36 36 -38 -39 39 40 -42 -43 43 44 -46 -47
leaf_value=0.012778659633747351 0.0074278009267291058 0.0057504061742559114 0.062715691422184708 0.00055997645976876593 0.027120666170688021 0.051173422679151301 -0.21335032369817614 -0.024561954352765283 -0.06105696426876478 0.048580742739557058 0.10532165529687608 0.011518743852505594 0.002487802196211285 -0.065642634388426505 0.022797793768839062 -0.0030192605006081085 -0.011032396033476773 -0.069186848403579498 0.02106759229399113 0.020951697918656063 -0.0019828390957329824 0.04803050102054604 0.020412672997423057 -0.29613229011325609 -0.043683598432294177 -0.15658670538398436 -0.092292949739031349 0.036452527229635864 -0.094750289877211902 -0.023142796301669925 -0.14690578415335881 -0.032790904194090309 -0.20971185542916737 -0.038912550294263451 0.13301400609749003 0.031820249005822039 -0.036244491293206345 -0.0031193517919293487 0.12853285854612628 0.031838556766516146 -0.21703587951886597 -0.11650651583791004 -0.0047249950146035962 0.15072486902968638 -0.085008364449362619 -0.10515390722703549
leaf_weight=8221 32 5497 634 1407 4529 596 157 764 177 663 103 183 63 414 3154 23209 16021 1148 4046 7329 20336 809 261 21 289 52 255 1121 436 844 72 992 65 803 56 404 1385 1955 62 243 102 233 1130 29 416 93
leaf_count=8221 32 5497 634 1407 4529 596 157 764 177 663 103 183 63 414 3154 23209 16021 1148 4046 7329 20336 809 261 21 289 52 255 1121 436 844 72 992 65 803 56 404 1385 1955 62 243 102 233 1130 29 416 93
internal_value=-1.68625e-11 -0.000299008 0.00107227 -0.000115033 0.0142625 0.0100538 -0.015295 0.0196607 0.0254751 0.000814573 -0.0408549 -0.0865359 -0.151542 -0.0141391 0.00043645 -0.000906892 -0.00542524 -0.0149209 0.000556429 0.00554557 0.00134445 0.0381387 -0.0323679 -0.112851 0.0184997 -0.0256791 -0.00978622 -0.0182481 -0.015604 -0.0475341 -0.00863074 -0.000141562 -0.00691096 -0.0405079 -0.0277043 -0.000529967 -0.0208738 0.011302 -0.0212385 -0.0345272 -0.0764921 -0.051298 -0.017326 -0.0230677 -0.069646 -0.006079
internal_weight=110811 109949 96064 88131 7933 7299 2006 5293 773 84416 1233 455 220 778 83753 75532 44424 17169 27255 31108 23490 862 675 53 7618 235 13885 7396 7141 1280 5861 6489 5789 924 859 4865 1789 3076 3715 2308 671 569 1637 1575 445 336
internal_count=110811 109949 96064 88131 7933 7299 2006 5293 773 84416 1233 455 220 778 83753 75532 44424 17169 27255 31108 23490 862 675 53 7618 235 13885 7396 7141 1280 5861 6489 5789 924 859 4865 1789 3076 3715 2308 671 569 1637 1575 445 336
is_linear=0
shrinkage=0.0998


Tree=96
num_leaves=47
num_cat=0
split_feature=19 28 10 14 23 12 1 13 18 7 48 28 90 2 98 22 20 55 36 81 30 65 36 91 79 64 86 13 15 7 4 4 78 89 1 84 87 3 61 94 9 66 0 9 12 44
split_gain=122.771 142.377 144.659 172.247 135.646 133.939 213.144 178.397 148.2 194.702 185.667 173.197 173.54 185.199 172.644 166.428 155.962 152.351 151.153 137.291 149.673 153.467 129.605 144.089 140.679 124.877 135.371 123.8 118.162 116.791 139.71 112.405 111.786 107.853 133.336 122.041 110.919 106.469 104.988 104.75 103.811 136.683 126.868 103.063 111.399 115.356
threshold=-0.10105715696322749 -0.087112539293808286 -0.13077219256575959 -0.03341232509921814 0.10296359437688296 0.086128518511541421 0.18729881317640429 0.11770970618541247 0.030071527517148554 0.05186478119257356 0.0025356512751507506 0.025985087069816552 0.0064916612702003509 -0.055883932151115645 -0.040954861429528394 -0.017806843576703296 -0.046416161874868543 -0.0018342075603085997 -0.021795001419732497 0.048941512155801406 0.053708757624252763 0.013707452565820353 -0.090353676071055392 0.021463907768541252 -0.043266293120363543 -0.012344424615565548 0.011147028176636651 -0.063140474820835735 -0.030695532482002647 -0.017270520361984749 -0.07606194171542259 0.017631066161366254 0.070476038518482567 0.035068573367221356 -0.17782157951577041 -0.045784286414877591 0.024220177967432654 0.03870733624931131 0.042136972392009954 0.013787547069381251 -0.034522170389873992 -0.085965763062566494 0.19873574741420205 -0.036859393946041548 0.0028078612155910004 0.022038376460892302
decision_type=2 2 2 2 2 2 2 2 2 2 2 2 2 2 2 2 2 2 2 2 2 2 2 2 2 2 2 2 2 2 2 2 2 2 2 2 2 2 2 2 2 2 2 2 2 2
left_child=29 22 3 -3 31 7 19 8 11 10 14 12 15 -14 -10 -4 -12 18 -13 20 40 28 23 -2 43 26 -11 -27 -22 30 -1 -5 33 34 -26 -36 -37 -31 -8 -19 41 -7 -42 -24 -45 -46
right_child=1 2 5 4 -6 6 38 -9 9 25 16 17 13 -15 -16 -17 -18 39 -20 -21 21 -23 24 -25 32 27 -28 -29 -30 37 -32 -33 -34 -35 35 36 -38 -39 -40 -41 42 -43 -44 44 45 -47
leaf_value=0.075645795178378175 0.16601334492600944 0.035353748363320552 0.013309982021972555 -0.021610218251288768 -0.27522752042434045 -0.21115952286571263 0.061391003620700754 0.035923835934126278 -0.038864872082857861 0.018533072841400478 0.015098370801003555 -0.017773323741754748 0.012118350161903565 -0.010730323870450897 0.013016227339662989 -0.00080412746540429818 -0.023736568204141464 0.012793602761468889 0.0099942514082396461 0.038659671419960434 -0.09754259680645766 -0.13408960942093426 0.091323308245090523 -0.10028405322421874 -0.21961658563204109 -0.081803513787997217 -0.046562875059622755 -0.028499531521752886 0.015478225227173067 0.026076604765108036 -0.015105179434022953 -0.10021033975815737 -0.1411121600903224 0.014347550762599 0.0426598813346101 -0.027302856596754407 -0.081120842846700167 0.091738944830097882 -0.081886159776314568 0.035249713673985453 -0.045757641695236294 0.011874779984872392 -0.0062526742765014725 -0.096338306071182309 0.14280746754013721 -0.068484068511290991
leaf_weight=201 73 251 13355 475 28 28 479 1472 702 940 1326 2713 4328 19242 7101 22076 4614 6441 6966 373 157 233 176 28 38 562 481 1905 223 1052 1060 293 86 553 205 2024 470 321 57 3048 1716 1211 1533 89 62 44
leaf_count=201 73 251 13355 475 28 28 479 1472 702 940 1326 2713 4328 19242 7101 22076 4614 6441 6966 373 157 233 176 28 38 562 481 1905 223 1052 1060 293 86 553 205 2024 470 321 57 3048 1716 1211 1533 89 62 44
internal_value=3.61926e-11 -0.000518355 0.000176985 -0.0367326 -0.0594634 0.000551149 -0.0139075 0.00144448 0.000914698 -0.00735045 -0.00177217 0.0027789 0.000101324 -0.00653478 0.00834872 0.0045159 -0.0150674 0.0110207 0.00221107 -0.0197886 -0.0240625 -0.0703188 -0.0193708 0.0921883 -0.0223779 -0.0270681 -0.00350152 -0.0406426 -0.0312172 0.0212886 -0.000639719 -0.051597 -0.0287883 -0.0258522 -0.0339744 -0.0313607 -0.037445 0.0414281 0.0461544 0.0200068 -0.0177446 0.00683446 -0.0271177 0.0359557 -0.0140172 0.0551015
internal_weight=110811 108177 104329 1047 796 103282 6010 97272 95800 17631 13743 78169 59001 23570 7803 35431 5940 19168 9679 5474 5101 613 3848 101 3747 3888 1421 2467 380 2634 1261 768 3376 3290 2737 2699 2494 1373 536 9489 4488 1239 3249 371 195 106
internal_count=110811 108177 104329 1047 796 103282 6010 97272 95800 17631 13743 78169 59001 23570 7803 35431 5940 19168 9679 5474 5101 613 3848 101 3747 3888 1421 2467 380 2634 1261 768 3376 3290 2737 2699 2494 1373 536 9489 4488 1239 3249 371 195 106
is_linear=0
shrinkage=0.0998


Tree=97
num_leaves=47
num_cat=0
split_feature=0 100 30 6 23 93 40 25 7 90 97 0 20 28 3 84 34 22 21 8 1 5 26 47 27 100 32 8 29 52 56 2 21 69 25 41 17 88 15 14 39 74 39 95 45 12
split_gain=119.283 232.034 277.6 252.886 226.079 194.78 192.727 191.752 239.564 203.996 215.225 200.989 216.24 200.223 192.807 221.504 183.745 230.414 173.256 172.174 168.541 165.244 169.765 164.692 164.456 186.092 240.738 168.714 164.347 156.994 152.625 260.515 187.849 182.26 146.355 146.348 155.062 153.208 150.113 145.503 144.943 143.589 337.207 213.116 210.436 168.329
threshold=0.13708587306099548 -0.050699999999999988 0.010606276877554052 0.16028091844503176 -0.019861608559492046 -0.080589814144033892 -0.033068089332122443 -0.011434300484396647 0.096436362004837364 0.050534673935099708 0.016742129219553054 0.067923067979694468 0.0090994716803442528 -0.010924158878630947 -0.0047829561281900988 0.04717390200281641 0.014910358566663501 0.11544510329494741 0.10525850206223876 -0.068483053031087746 -0.043764128842901047 0.005198358590586801 -0.084258014803970188 0.0092107471256150011 0.028883179578208556 -0.97464999999999991 0.029243342409339602 -0.16074976389456561 0.0098788808650457013 0.012542766381486102 -0.0029032606872872995 -0.066928269966891843 0.078633282980213617 -0.025188539119556447 -0.10451876412745864 -0.0070236940718856489 -0.0020663814452873993 -0.016879043447498045 -0.051600915397789743 -0.023179090028227895 -0.040642217196164392 -0.0020630011253336493 0.015200964270675603 0.085437043118038611 0.0076412047962393006 0.044811487374554808
decision_type=2 2 2 2 2 2 2 2 2 2 2 2 2 2 2 2 2 2 2 2 2 2 2 2 2 2 2 2 2 2 2 2 2 2 2 2 2 2 2 2 2 2 2 2 2 2
left_child=5 2 4 6 30 -1 39 8 9 11 -11 12 13 -7 19 -16 21 -18 24 29 -17 22 -6 -12 25 26 -4 -27 -25 -13 -2 -32 33 -33 -29 -8 37 -37 -39 -3 -21 -9 43 45 -44 -43
right_child=1 3 18 -5 16 7 35 41 -10 10 23 14 -14 -15 15 20 17 -19 -20 40 -22 -23 -24 28 -26 27 -28 34 -30 -31 31 32 -34 -35 -36 36 -38 38 -40 -41 -42 42 44 -45 -46 -47
leaf_value=0.083184957186945227 0.014141082691421126 0.00079616125121041281 -0.10568363087564997 0.039237619905773659 -0.062649257007630924 -0.13249977677280486 0.007066443163483779 0.0080673252205254314 -0.14351397543074626 -0.029396787275207139 -0.095420776040628555 -0.30406018330745754 -0.13896369250205254 0.022820114482969653 0.0060771482463826835 -0.0082842982527884575 0.010769132014475581 -0.12162705010074509 0.057100431527486971 0.027730258373478239 -0.14824830156702348 0.046787911946895439 0.023267061033271124 -0.50686101318796484 0.015205499346987205 -0.12004194270837543 0.029623914645274637 -0.10985996006241508 -0.16970552105187542 0.035665319544374942 0.032524735089719446 0.0072434848601668324 0.061319539529159389 -0.055621499004954264 -0.0038396382942866608 0.0036238389367980605 0.0021669953775350372 -0.06836564699647836 -0.020187850058726545 -0.027069309489546445 -0.036052525785733237 0.008318604613860886 -0.015882466632583907 -0.27209852512031796 -0.067939482505266879 -0.040919114883418824
leaf_weight=247 3705 2747 412 1332 239 115 12407 10309 147 287 100 42 248 294 5877 176 5703 134 483 419 167 3676 5510 24 3695 128 192 131 36 20 857 625 202 1733 12924 2348 8153 750 4564 5822 2318 7385 2119 28 1218 763
leaf_count=247 3705 2747 412 1332 239 115 12407 10309 147 287 100 42 248 294 5877 176 5703 134 483 419 167 3676 5510 24 3695 128 192 131 36 20 857 625 202 1733 12924 2348 8153 750 4564 5822 2318 7385 2119 28 1218 763
internal_value=2.39286e-12 0.00210201 0.00737705 -0.00348105 0.014793 -0.00510061 -0.00502765 -0.00578011 -0.0170252 -0.0151884 -0.0811029 -0.0121434 -0.0654359 -0.0208517 -0.00826124 0.00152731 0.0216445 0.00772971 -0.0018631 -0.0300136 -0.07643 0.0302621 0.0196953 -0.173851 -0.00349217 -0.00850325 -0.062672 -0.00602143 -0.304568 -0.194471 0.000110654 -0.0151023 -0.0310462 -0.0389588 -0.0049035 -0.00104748 -0.00741292 -0.0176067 -0.0269875 -0.0181364 -0.0262882 -0.000487871 -0.00814839 0.00276331 -0.0348832 0.00370786
internal_weight=110811 78472 40349 38123 22384 32339 36791 32092 10270 10123 447 9676 657 409 9019 6220 15262 5837 17965 2799 343 9425 5749 160 17482 13787 604 13183 60 62 7122 3417 2560 2358 13055 28222 15815 7662 5314 8569 2737 21822 11513 8176 3337 8148
internal_count=110811 78472 40349 38123 22384 32339 36791 32092 10270 10123 447 9676 657 409 9019 6220 15262 5837 17965 2799 343 9425 5749 160 17482 13787 604 13183 60 62 7122 3417 2560 2358 13055 28222 15815 7662 5314 8569 2737 21822 11513 8176 3337 8148
is_linear=0
shrinkage=0.0998


Tree=98
num_leaves=47
num_cat=0
split_feature=38 45 9 24 69 67 57 30 90 82 72 5 66 31 73 42 1 90 0 70 89 54 5 99 52 96 25 55 15 29 67 88 34 75 93 79 100 76 0 30 73 44 12 80 27 66
split_gain=121.494 148.71 141.151 148.858 164.317 188.015 186.724 159.844 136.924 171.133 153.204 150.566 138.208 145.869 135.839 134.221 161.858 151.57 130.39 127.953 130.918 127.551 123.85 154.236 125.587 154.208 122.254 177.182 132.305 122.083 120.333 169.272 119.747 142.082 124.375 118.014 155.622 178.537 164.45 203.183 163.807 163.048 176.282 157.699 172.942 156.857
threshold=0.017059647172344952 0.13932085995205892 -0.11534681073594064 0.074672856087230108 -0.049903820076160045 0.0060644461521667014 -0.0028505519733870496 -0.041085336557682588 0.042038571771324452 0.04488241138292786 -0.019197101850309997 0.040892447012820958 0.015441928049375201 0.075322600506982168 -0.053298034007447141 -0.092963536600902744 0.025563501414801303 -0.031338507126600995 0.11262149321123831 0.0064110255014137004 -0.028636349875620547 0.00035495167227325009 -0.018080093962404196 -0.015924527493965248 -0.038816450635544994 -0.012482813679124948 -0.025231659148904097 0.033979071253145303 -0.063354224844603985 -0.10282473433565557 -0.044576100520721494 -0.017242983864407996 -0.030002294001323947 -0.00058895872718379993 -0.0050546441592283489 0.0036133412190378503 -0.5422499999999999 -0.05043525943754084 0.12705861223423973 0.048581887215295307 0.036952978420764011 0.071295175685040055 0.065667058978437914 -0.015845224210588146 0.011759934516953651 -0.04094535732798759
decision_type=2 2 2 2 2 2 2 2 2 2 2 2 2 2 2 2 2 2 2 2 2 2 2 2 2 2 2 2 2 2 2 2 2 2 2 2 2 2 2 2 2 2 2 2 2 2
left_child=15 2 -2 4 5 6 -4 -7 9 12 21 -10 13 -6 -5 16 -1 -18 -13 20 -8 -11 24 30 -16 -26 27 -25 -28 -17 -24 -32 33 -9 -34 -31 37 -37 41 40 -40 42 -39 45 -45 -38
right_child=1 -3 3 14 8 7 19 32 11 10 -12 18 -14 -15 22 29 17 -19 -20 -21 -22 -23 23 26 25 -27 28 -29 -30 35 31 -33 34 -35 -36 36 43 38 39 -41 -42 -43 -44 44 -46 -47
leaf_value=0.042874326264319078 0.031749687165963228 0.064870191257964963 0.0358639193983551 0.059661286419873123 -0.0051056416244176879 0.013541722910989349 -0.1577453710324713 0.053735627950602667 -0.014199317195645865 -0.038894066354751018 -0.048692551668394542 -0.31518894064101305 0.012997725183160874 0.051211981654715612 -0.16865622660949522 0.038806863151626514 0.10149114846159112 -0.08642029817987544 -0.065483541847278309 0.02193501886513971 -0.037941116503629788 0.04446199274614774 -0.30997581327810431 -0.030047711976824706 -0.0742116060089269 0.025316327971284563 0.068016968709990688 0.17307760112148066 -0.11003525910264045 0.0047823290020150462 0.02345294319565807 -0.16209581807921269 -0.049068724779556594 -0.12489500506906068 -0.1453203505543256 -0.042789147603296933 -0.064065770699599983 -0.011140463177083866 0.031571465208867756 -0.014350032591760662 -0.017305762648526079 0.15114297197682078 -0.13106591297464876 0.0051761459433460602 -0.015428186166991112 -0.015510349067866339
leaf_weight=1438 979 301 575 141 15525 205 128 113 2776 325 1315 22 7470 472 49 867 55 192 391 210 313 418 33 241 219 531 49 52 274 40390 70 163 216 73 351 677 755 2004 5344 1627 783 58 130 10434 6639 5418
leaf_count=1438 979 301 575 141 15525 205 128 113 2776 325 1315 22 7470 472 49 867 55 192 391 210 313 418 33 241 219 531 49 52 274 40390 70 163 216 73 351 677 755 2004 5344 1627 783 58 130 10434 6639 5418
internal_value=-3.68446e-11 -0.00496694 -0.00559072 -0.00670797 -0.00507334 -0.0314626 -0.0055782 -0.0645881 -0.00306616 -0.000630213 -0.0282246 -0.0225637 0.00178975 -0.00344396 -0.0344285 0.00219859 0.030055 -0.0445777 -0.078785 -0.0421822 -0.0727142 0.00800073 -0.0423206 -0.0681036 -0.0138592 -0.00374583 -0.040679 0.00600183 -0.0830242 0.0015738 -0.131613 -0.106352 -0.0858586 -0.0163721 -0.108653 0.00113909 -0.0032056 0.00680165 0.0101772 0.0170003 0.0253252 -0.0139588 -0.0184461 -0.00777874 -0.00283605 -0.021449
internal_weight=110811 34000 33699 32720 30898 2184 1226 958 28714 25525 2058 3189 23467 15997 1822 76811 1685 247 413 651 441 743 1681 882 799 750 616 293 323 75126 266 233 753 186 567 74259 33869 10623 9946 7754 6127 2192 2134 23246 17073 6173
internal_count=110811 34000 33699 32720 30898 2184 1226 958 28714 25525 2058 3189 23467 15997 1822 76811 1685 247 413 651 441 743 1681 882 799 750 616 293 323 75126 266 233 753 186 567 74259 33869 10623 9946 7754 6127 2192 2134 23246 17073 6173
is_linear=0
shrinkage=0.0998


Tree=99
num_leaves=47
num_cat=0
split_feature=49 33 28 89 91 84 96 95 4 65 18 98 76 8 8 82 40 6 71 85 94 11 15 19 22 85 22 20 59 93 71 70 62 56 36 15 51 23 8 100 53 6 89 9 8 35
split_gain=117.273 139.468 148.655 157.229 152.064 146.933 263.345 192.715 174.411 144.065 160.455 134.172 142.101 129.178 132.016 127.765 128.06 127.1 126.393 123.568 122.216 123.107 135.459 119.618 135.171 130.268 145.507 140.117 118.622 118.574 118.464 139.725 135.236 169.923 146.726 141.581 137.707 120.84 117.884 159.407 153.821 149.142 126.354 117.163 114.551 116.039
threshold=-0.056901037139659848 0.079373605516381562 -0.044068015676719648 -0.022726364954080397 0.060312255112589308 -0.017848726860752496 0.04099245804957196 0.04284323332746371 -0.18497435663030062 -0.0072777399762513489 -0.048055764076681891 -0.045223914436607539 -0.067580571517326146 -0.036895516449278097 0.013287585329265852 -0.014456593616173448 -0.039629170652166743 -0.0058947164522437498 -0.024520725871265497 -0.054154990312286294 -0.07510525755253443 -0.0054274964605963991 -0.012185090194689998 -0.017489326389503197 0.010671092260898402 0.0085327996185540506 0.0027367449947907504 -0.03702195741664039 0.047208674597568757 -0.030204506914428646 -0.018808855371376398 -0.076199682763432128 -0.0082744159475764481 -0.013775333712499598 0.0018683137124976001 0.044730928456852857 -0.063395790533886928 0.032269170799696455 -0.03452606290491584 -0.51029999999999986 -0.042513545333025697 0.017130598018780904 0.021870763579060554 -0.045380547267881745 0.091918498261164258 0.024963280392124552
decision_type=2 2 2 2 2 2 2 2 2 2 2 2 2 2 2 2 2 2 2 2 2 2 2 2 2 2 2 2 2 2 2 2 2 2 2 2 2 2 2 2 2 2 2 2 2 2
left_child=38 2 3 11 30 7 8 19 -7 10 -10 -2 -13 -6 -15 18 -17 -12 -11 -4 -14 29 -23 44 25 26 -25 -27 43 -22 31 -5 33 -32 37 -36 -35 -34 41 40 -40 -1 -43 -3 45 -8
right_child=1 28 5 4 13 6 23 -9 9 15 17 12 20 14 -16 16 -18 -19 -20 -21 21 22 -24 24 -26 27 -28 -29 -30 -31 32 -33 34 36 35 -37 -38 -39 39 -41 -42 42 -44 -45 -46 -47
leaf_value=-0.07033505119385397 0.039067426599720456 -0.0079996215495939035 0.041427427784763819 0.24422775460389945 -0.15215971458479091 0.041148414927801323 0.0029296161478816964 -0.01788751535429367 0.01598436558214985 0.035738461452770071 -0.00070524980516225601 0.096509016080384619 -0.20151778314285806 0.038739834208882475 -0.077644960965750118 -0.017638595524182864 0.0037745807820207715 -0.016753966565590375 0.0081932270319383139 0.00953754106440333 0.0032619397300734472 -0.052347985221333805 0.0071575638497822242 -0.018496631011926667 -0.0078324184300030998 -0.0021615004457579069 -0.12873406719119398 -0.1070295355441104 -0.022340015455242404 -0.074296478355059745 0.03449901115722135 0.01202797840170374 -0.015614187827188184 -0.095129397571929258 -0.047728718956733439 0.019244546313900501 -0.0031428655754815113 0.035268254370736531 -0.03219558235335198 -0.017981885973661904 0.034040917964119059 0.0086946728295799591 -0.079412821642551756 0.036334148454009868 0.072278864174889781 -0.051730628619125557
leaf_weight=709 268 767 1288 26 111 1067 1519 2488 2961 2156 9585 80 45 163 240 3258 19028 10088 7200 20037 244 645 931 1084 1176 163 134 573 585 1005 1350 3560 1658 178 1945 375 1814 646 461 3467 1440 761 206 2628 179 519
leaf_count=709 268 767 1288 26 111 1067 1519 2488 2961 2156 9585 80 45 163 240 3258 19028 10088 7200 20037 244 645 931 1084 1176 163 134 573 585 1005 1350 3560 1658 178 1945 375 1814 646 461 3467 1440 761 206 2628 179 519
internal_value=-1.14487e-11 0.000845899 0.000115194 -0.00894216 -0.0037147 0.00175339 -0.000853375 0.00839701 0.00119005 0.000404514 -0.00567483 -0.0285427 -0.0346849 -0.0568286 -0.0305712 0.00475316 0.000644179 -0.00893478 0.0145408 0.0114636 -0.0383418 -0.0357426 -0.0171959 -0.0220034 -0.0345661 -0.0506556 -0.0306246 -0.0838047 0.0191662 -0.059145 -0.00135143 0.0137115 -0.00813221 0.00716322 -0.019187 -0.0369033 -0.0113625 -0.00134767 -0.0124612 -0.0052471 0.0179783 -0.0355668 -0.0100749 0.0263182 -0.00426711 -0.0109902
internal_weight=110811 103767 99787 15284 12066 84503 60690 23813 55343 54276 22634 3218 2950 514 403 31642 22286 19673 9356 21325 2870 2825 1576 5347 3130 1954 1218 736 3980 1249 11552 3586 7966 3342 4624 2320 1992 2304 7044 5368 1901 1676 967 3395 2217 2038
internal_count=110811 103767 99787 15284 12066 84503 60690 23813 55343 54276 22634 3218 2950 514 403 31642 22286 19673 9356 21325 2870 2825 1576 5347 3130 1954 1218 736 3980 1249 11552 3586 7966 3342 4624 2320 1992 2304 7044 5368 1901 1676 967 3395 2217 2038
is_linear=0
shrinkage=0.0998


Tree=100
num_leaves=47
num_cat=0
split_feature=26 24 49 88 4 10 72 13 23 25 0 100 39 7 30 46 22 95 89 74 40 33 0 90 45 70 28 31 65 52 91 90 21 8 14 91 11 21 93 57 32 92 55 9 57 39
split_gain=113.329 155.584 139.183 143.793 140.259 166.065 158.993 134.449 157.314 161.738 173.775 242.169 211.099 230.253 173.012 171.946 144.81 152.008 150.144 133.641 133.218 130.763 128.951 120.686 117.055 127.152 118.44 190.375 123.517 115.513 111.287 141.009 131.368 110.459 115.743 108.561 135.652 118.361 112.803 114.003 129.742 108.411 150.227 130.952 104.593 103.852
threshold=0.047611767690624356 0.10994557259447872 -0.048210884649923645 -0.10379146825212314 0.00044750378011205002 -0.038532120195275292 0.0062962819504205512 0.1460856899505418 -0.055011946169554495 -0.061716402903786195 0.16191628433097635 -0.25014999999999993 0.014367112691130201 0.099374248208709659 0.050482318287480454 -0.013413541255972598 0.10932420719646672 -0.048295416010376895 -0.0063263090681809986 -0.030955964980695697 -0.017430707682970694 -0.099948538746820595 0.25106636121271825 -0.056661181775543197 0.023801118644838751 -0.069721493018460784 0.05055352400025661 0.14458639180507257 0.00028081459548855002 -0.027005999039171245 -0.025211987077222098 -0.017477836089187196 -0.07510852646201073 0.055729978590829607 -0.00043189064925279995 0.052927809122010457 -0.052536165831333199 0.050612858482826158 -0.027717484390473897 -0.036581603411808945 0.0023644546680187005 -0.0065653674913120491 0.0123696653091917 -0.0079791068551546482 0.026983588819050754 -0.027629350405033847
decision_type=2 2 2 2 2 2 2 2 2 2 2 2 2 2 2 2 2 2 2 2 2 2 2 2 2 2 2 2 2 2 2 2 2 2 2 2 2 2 2 2 2 2 2 2 2 2
left_child=1 2 3 -1 6 41 23 8 35 16 12 14 13 -11 -12 -14 17 18 -10 -19 -7 -13 29 -5 26 -26 27 -2 -29 -18 -28 32 -32 34 44 36 37 -4 -37 -40 -41 42 -6 -43 -8 -36
right_child=24 -3 7 4 5 20 33 -9 9 10 11 21 15 -15 -16 -17 22 19 -20 -21 -22 -23 -24 -25 25 -27 30 28 -30 -31 31 -33 -34 -35 45 38 -38 -39 39 40 -42 43 -44 -45 -46 -47
leaf_value=0.11168235333069511 0.0006387490960233339 -0.035604982032721666 -0.053666296216224381 0.08713602058634716 -0.10475055832420571 -0.020632607999551873 -0.016193528005915583 0.044716858935448592 -0.17955426464915838 0.0040781912225953867 0.020296837040779992 -0.063912731052569685 -0.030517411883317885 -0.061405645175120753 -0.006725442200030244 -0.0047385751154120324 0.026355216552797135 -0.051505939009385757 -0.021616263620258456 -0.00071419619332821938 0.026381464987151004 0.0009044489576979166 0.054704742641084728 -0.014639166244244356 -0.094884167610312847 0.029653848962831898 0.083627035506789724 -0.18674961485017505 -0.0092706984076918898 -0.21078433573061292 -0.21143682849973439 0.0348026294068614 -0.017733246894376282 0.004890130035364113 -0.13844155781144041 0.034656371784251218 -0.0043193369720687267 0.049770196069668857 0.019208768373074871 -0.16182030853147028 -0.038831541468377542 0.048508432852837013 0.0167362330080678 -0.042187930637846469 -0.095996593651752435 -0.058879630308959735
leaf_weight=92 7408 1286 989 121 337 847 705 681 106 26094 14733 315 3887 546 2810 7647 26 616 138 3177 2061 19542 36 2835 84 2924 296 90 69 96 40 946 272 336 261 109 6236 124 93 186 158 264 145 397 213 437
leaf_count=92 7408 1286 989 121 337 847 705 681 106 26094 14733 315 3887 546 2810 7647 26 616 138 3177 2061 19542 36 2835 84 2924 296 90 69 96 40 946 272 336 261 109 6236 124 93 186 158 264 145 397 213 437
internal_value=5.42006e-12 -0.00111893 -0.000663582 -0.0124504 -0.0137251 1.97022e-05 -0.0250699 0.000543981 0.000200833 0.00153087 0.00258963 0.00742452 -0.00214723 0.00273607 0.0159685 -0.0134261 -0.0175431 -0.0138748 -0.0902287 -0.008963 0.0126879 -0.000123773 -0.11127 -0.0104731 0.00910366 0.0261761 0.00347338 -0.00168036 -0.10973 -0.160246 0.0285688 0.015614 -0.042567 -0.0471743 -0.0579996 -0.0132375 -0.0100476 -0.0421424 -0.0561722 -0.0788273 -0.105331 -0.0322105 -0.0682037 -0.00596427 -0.0347099 -0.0886299
internal_weight=110811 98682 97396 9051 8959 4051 4908 88345 87664 79769 75574 37400 38174 26640 17543 11534 4195 4037 244 3793 2908 19857 158 2956 12129 3008 9121 7567 159 122 1554 1258 312 1952 1616 7895 7349 1113 546 437 344 1143 482 661 918 698
internal_count=110811 98682 97396 9051 8959 4051 4908 88345 87664 79769 75574 37400 38174 26640 17543 11534 4195 4037 244 3793 2908 19857 158 2956 12129 3008 9121 7567 159 122 1554 1258 312 1952 1616 7895 7349 1113 546 437 344 1143 482 661 918 698
is_linear=0
shrinkage=0.0998


Tree=101
num_leaves=47
num_cat=0
split_feature=19 49 63 90 39 20 17 21 28 11 42 60 79 15 11 7 52 91 1 97 10 66 23 21 60 3 17 41 65 66 42 74 100 93 2 10 14 20 96 86 81 47 86 93 98 34
split_gain=111.935 153.025 173.269 161.336 151.17 166.922 166.209 162.634 160.797 160.042 157.274 152.643 138.766 138.686 163.07 158.127 161.137 184.011 165.295 204.356 200.689 193.795 139.501 151.498 133.04 132.728 132.448 128.125 126.67 148.013 138.203 126.625 141.034 146.464 125.269 123.378 153.806 123.298 122.372 120.909 115.339 115.307 138.311 112.284 109.615 143.931
threshold=0.021164155982204804 0.056715634182612558 0.08385387183681571 -0.052110943488647039 -0.039887494194190944 -0.051338700243623546 -0.032491006462105891 -0.025615522900114797 -0.09021659751123938 0.090411043541748962 0.094860022176308664 -0.017372835255518946 0.0062071345414505506 0.072805073274179413 -0.15516119816725618 0.017703287300454302 0.0055218361883292511 0.011278141790314252 -0.06595760297835164 0.010146027702946652 -0.0031251022186026497 0.028369427631895251 0.042767961863109459 -0.056559068184671192 -0.023945458046540996 0.044148753684022261 -0.032491006462105891 -0.019684431202030797 0.011576755848060602 -0.037871567115378944 -0.080153211110473438 0.056832728116011158 -0.59979999999999989 0.083624569942193874 0.038041017580607357 0.013845458744402453 0.029051283193922504 0.097212757620579363 -0.052347328117502992 -0.028991797822276597 -0.032825051485388244 -0.0057204952278001988 0.0057071927928741507 -0.0029060400087546497 0.017542168432780305 0.019913151523487955
decision_type=2 2 2 2 2 2 2 2 2 2 2 2 2 2 2 2 2 2 2 2 2 2 2 2 2 2 2 2 2 2 2 2 2 2 2 2 2 2 2 2 2 2 2 2 2 2
left_child=1 2 3 24 -5 12 7 11 -9 10 -8 -7 -6 14 -2 31 18 35 22 20 -20 34 23 -17 37 44 -25 -22 29 -19 -31 -16 -33 43 -21 41 -37 -1 -26 -14 -41 42 -18 -34 45 -4
right_child=13 -3 25 4 5 6 9 8 -10 -11 -12 -13 39 -15 15 16 17 28 19 21 27 -23 -24 26 38 -27 -28 -29 -30 30 -32 32 33 -35 -36 36 -38 -39 -40 40 -42 -43 -44 -45 -46 -47
leaf_value=0.00098686889347343533 -0.092316991151641728 0.017911109683480156 -0.044843543977031629 0.011497268727762074 0.025895988284812013 -0.0014140705639649257 -0.0013136473285200727 -0.090571788791888805 -0.003739281131588315 0.030964450064348573 -0.05746808207417143 -0.051036493732687808 -0.047086473262150118 0.016423362050687632 0.0009210574736490053 -0.11629389805852723 -0.0039593287501474483 -0.16290450340512702 -0.083806638764874722 -0.045141500296292776 -0.072731109681988051 0.066716863045628197 0.05438569251074131 -0.04890084229616648 -0.037860709215214478 0.027221693631000434 0.0083883126962939151 -0.0030829555863831383 0.0069018767876333938 0.21095909676280891 -0.042247288237873028 -0.089843866648903842 -0.052443667694830373 -0.27399735206630083 0.043066677538268268 0.076559923474484592 -0.028539115264208333 -0.1866254053323633 0.04389728237501854 -0.048180316859898875 0.017292090554694814 -0.017966087867849909 0.088611488797297105 0.036466369992920973 0.00015622761929040527 -0.14394165780247162
leaf_weight=1131 221 5620 501 10356 3762 902 40074 220 6157 1521 503 1957 523 2774 18269 139 385 102 1282 809 398 276 328 569 200 261 1369 776 675 22 891 325 237 20 200 554 185 36 2065 319 1676 1109 276 351 279 206
leaf_count=1131 221 5620 501 10356 3762 902 40074 220 6157 1521 503 1957 523 2774 18269 139 385 102 1282 809 398 276 328 569 200 261 1369 776 675 22 891 325 237 20 200 554 185 36 2065 319 1676 1109 276 351 279 206
internal_value=3.97797e-11 0.00204526 0.00081791 0.00146201 0.000396015 -0.00159941 -0.0034783 -0.0156023 -0.00673491 -0.000818391 -0.00200975 -0.0353809 0.013759 -0.00491921 -0.00690806 -0.00626924 -0.0162161 -0.00114699 -0.0265114 -0.0396343 -0.0565063 -0.00738699 -0.00609868 -0.0156504 0.0225738 -0.0360627 -0.00843188 -0.0266945 -0.0266028 -0.0488842 -0.0361459 -0.000910419 -0.0367724 -0.00840362 -0.0276572 0.0159994 0.0502496 -0.00480066 0.036678 -0.00437419 0.00682307 0.00169946 0.0346935 0.000630181 -0.0528144 -0.073718
internal_weight=110811 78269 72649 71402 67970 57614 51334 9236 6377 42098 40577 2859 6280 32542 29768 29547 10345 4199 6146 3741 2456 1285 2405 2077 3432 1247 1938 1174 1690 1015 913 19202 933 608 1009 2509 739 1167 2265 2518 1995 1770 661 588 986 707
internal_count=110811 78269 72649 71402 67970 57614 51334 9236 6377 42098 40577 2859 6280 32542 29768 29547 10345 4199 6146 3741 2456 1285 2405 2077 3432 1247 1938 1174 1690 1015 913 19202 933 608 1009 2509 739 1167 2265 2518 1995 1770 661 588 986 707
is_linear=0
shrinkage=0.0998


Tree=102
num_leaves=47
num_cat=0
split_feature=38 100 46 65 32 90 86 12 80 46 96 54 93 19 11 4 26 21 24 90 49 26 66 76 26 44 95 81 80 61 42 81 92 34 3 49 44 24 20 1 6 94 22 83 60 10
split_gain=114.126 141.692 127.544 117.765 170.24 189.65 177.543 174.703 136.873 168.486 142.968 144.599 142.024 141.814 132.149 132.085 131.356 170.217 130.073 129.576 141.982 151.866 169.392 167.39 143.333 135.035 128.724 136.485 128.536 125.934 126.679 125.35 139.296 125.882 124.823 155.216 186.457 124.112 160.665 163.124 118.497 118.407 118.384 123.444 117.508 117.29
threshold=0.085046418482455213 -0.89559999999999984 0.10681573316400726 -0.027725897441189449 -0.0026551808942079998 0.064014355810023252 0.038322529781045507 -0.018142121409194047 0.011415257425431752 0.015088630693024001 0.025991523206784804 -0.029625395312507546 0.04749498350258876 -0.012635564521802348 0.0062391604819923008 0.053140432147586854 -0.065235505609281541 -0.10878881064727379 -0.076364914572620277 -0.022578513379276795 -0.056901037139659848 0.00033916871458705006 0.030524799884499455 -0.0029900869213103495 0.052584585548953358 0.0014390321656121503 -0.0022804387379781496 -0.023542585092787494 0.010169556051932453 0.085577179808155754 -0.0070092658293062493 0.0044966030040508509 -0.087328722193977679 0.083017334468497711 -0.09115508704920379 -0.032999672323812193 0.042180939023730914 0.048352625685690605 0.10674512364961551 0.16300214299115282 0.11350761046052626 -0.08664575828008024 0.0064368674485082511 -0.045974583046926788 -0.015537422713258897 0.084086551283779912
decision_type=2 2 2 2 2 2 2 2 2 2 2 2 2 2 2 2 2 2 2 2 2 2 2 2 2 2 2 2 2 2 2 2 2 2 2 2 2 2 2 2 2 2 2 2 2 2
left_child=2 -2 3 4 5 8 14 -8 12 29 11 -11 28 -14 44 -15 -6 -18 -5 34 24 22 23 -22 26 -24 -21 -28 -1 30 -10 33 -33 -23 35 36 -20 42 39 -39 41 -36 -19 -44 -7 -37
right_child=1 -3 -4 18 16 6 7 -9 9 10 -12 -13 13 15 -16 -17 17 37 19 20 21 31 25 -25 -26 -27 27 -29 -30 -31 -32 32 -34 -35 40 45 -38 38 -40 -41 -42 -43 43 -45 -46 -47
leaf_value=-0.001432747047289811 -0.07109810421698215 -0.010147393718178693 0.033480862482255229 0.020150787306393171 -0.036436057212067142 0.018155761460230142 -0.3169805545932522 -0.086693080415771062 -0.018222624986849525 -0.090176170701555036 0.066031804452331089 0.0038547783440195972 0.0013176274144521499 -0.1426756242974716 0.026151748835861771 0.039799907118386151 -0.1388279879220474 0.020038674283912115 -0.048273165059816645 -0.0091614183089243056 -0.017347152537904798 0.00051848572717601283 -0.0030185102413917099 -0.0006549647758265012 0.031203625679757849 0.031903294147109254 0.0030232126771960232 -0.066300111395287076 0.11269134112455695 0.083564348162046165 -0.067627564357307199 -0.11008572696282973 0.013147078931131434 -0.069955814840801031 -0.10012969504621792 0.011300250997803485 -0.25820650391292571 -0.037044054271805592 0.19235900382831692 0.054975165127528765 0.051140909941010226 0.0099166618940445522 0.054633452209123537 -0.011218592213156365 -0.14148385132098798 -0.082169803823616647
leaf_weight=5765 445 2596 1158 3697 812 67 51 92 835 208 267 751 227 204 173 49 81 5451 268 1776 11301 18163 2454 12717 477 2003 378 1124 100 74 1357 92 13088 256 98 936 50 1338 35 224 702 15494 316 2759 146 156
leaf_count=5765 445 2596 1158 3697 812 67 51 92 835 208 267 751 227 204 173 49 81 5451 268 1776 11301 18163 2454 12717 477 2003 378 1124 100 74 1357 92 13088 256 98 936 50 1338 35 224 702 15494 316 2759 146 156
internal_value=-1.1439e-11 -0.0190665 0.00053801 0.00018019 -0.0064421 -0.0156221 -0.0738331 -0.168824 -0.0124917 -0.0283602 0.00144273 -0.0165398 -0.00375842 -0.0559511 -0.0386424 -0.107335 0.00219624 0.00527047 0.00184155 0.00101135 -0.00108399 9.2805e-05 -0.00519313 -0.00850901 -0.0199108 0.0126755 -0.0273488 -0.0488539 0.000513103 -0.0444849 -0.0488077 0.00485616 0.0122869 -0.000461015 0.00856575 -0.0199213 -0.0812816 0.00642349 -0.0191095 -0.023848 0.0110309 0.00922499 0.0112061 -0.00445136 -0.0912686 -0.00205261
internal_weight=110811 3041 107770 106612 21382 10366 529 143 9837 3492 1226 959 6345 480 386 253 11016 10204 85230 81533 63829 60074 28475 24018 3755 4457 3278 1502 5865 2266 2192 31599 13180 18419 17704 1410 318 10123 1597 1562 16294 15592 8526 3075 213 1092
internal_count=110811 3041 107770 106612 21382 10366 529 143 9837 3492 1226 959 6345 480 386 253 11016 10204 85230 81533 63829 60074 28475 24018 3755 4457 3278 1502 5865 2266 2192 31599 13180 18419 17704 1410 318 10123 1597 1562 16294 15592 8526 3075 213 1092
is_linear=0
shrinkage=0.0998


Tree=103
num_leaves=47
num_cat=0
split_feature=93 30 0 97 35 32 32 80 30 75 31 60 55 57 31 94 89 81 66 26 5 8 7 23 76 22 68 90 56 31 90 100 43 22 4 30 59 39 2 27 68 53 5 22 38 91
split_gain=110.36 157.423 162.296 152.865 164.729 143.487 142.872 122.214 175.318 155.409 155.238 149.186 144.868 143.237 154.153 132.702 130.036 209.271 199.632 157.737 153.528 139.987 142.356 136.471 137.627 129.843 129.334 129.08 132.014 136.718 135.963 134.127 151.154 133.462 133.373 137.624 132.285 132.276 131.703 128.837 251.538 128.721 129.43 128.323 125.35 153.554
threshold=-0.051236470097233346 -0.010060863987306297 0.14516156248346071 0.0048906054062665509 0.0228808894683214 -0.055948115493613941 0.031479659043874002 0.053698555173768002 -0.0042144165968647984 0.043160904501573706 -0.014349587624543098 0.024866537640562205 -0.0091497674125670982 -0.039877818559712244 -0.037871847902551395 0.035292286472220803 0.0014714837640885001 -0.045186221553866347 0.011471075675118802 0.034924114415912408 0.015653275979422555 0.19520345599467237 0.14177564617113228 -0.021398544260496297 0.027727356175673051 0.00085113390070050009 0.016422778148770405 -0.053384095936010144 1.0000000180025095e-35 0.043182013894869059 0.0008652858127881001 -0.29519999999999996 -0.023750159003382697 -0.039009241963975642 -0.065733855087852441 0.0040939945668192505 0.015748199448936604 -0.062995242594799591 0.041857388169408462 -0.022911636431509196 0.021230456037606652 0.10683438472898601 -0.09119820559647264 -0.074142683137112891 -0.012255163330528547 0.010692194638635001
decision_type=2 2 2 2 2 2 2 2 2 2 2 2 2 2 2 2 2 2 2 2 2 2 2 2 2 2 2 2 2 2 2 2 2 2 2 2 2 2 2 2 2 2 2 2 2 2
left_child=1 -1 3 5 6 -3 -5 15 9 13 26 -12 -11 14 -9 16 17 18 19 23 25 22 39 24 -2 -20 43 -18 29 31 33 32 -29 -30 -32 -36 -31 -33 -35 40 -19 42 -15 -10 -14 -46
right_child=7 2 -4 4 -6 -7 -8 8 10 12 11 -13 44 41 -16 -17 27 21 20 -21 -22 -23 -24 -25 -26 -27 -28 28 30 36 34 37 -34 38 35 -37 -38 -39 -40 -41 -42 -43 -44 -45 45 -47
leaf_value=0.029412298584716706 -0.15785957154072403 -0.17804772647241049 0.0096819997748300475 -0.022689432940535704 -0.26616038494980337 0.0066734342842382716 -0.21754275561446945 0.10899372095802898 -0.22458572369044827 -0.021159644904438602 -0.037251619199667345 -0.11136467257067668 0.013844807837406471 -0.12120222204202194 -0.10778762506630926 0.0099976399771679308 0.031584075852499033 -0.020180947656331223 -0.064874059093885064 0.0014684154657772742 0.054763355569591506 0.048455793091405346 -0.045810311857126182 -0.050753610541099795 -0.002322422249791109 0.017145098118840945 0.050003633589889109 0.037871128376880468 0.026541948301982435 0.013184960889172389 0.022583840000008997 0.04371447115984798 0.0056223071183280409 0.005817832691459919 -0.028282257711382784 -0.002592263749723594 0.060335493366370813 -0.0068865309586873561 -0.022915992560668296 0.00036052757709447201 0.014240683476219654 -0.2525377410237491 0.0066038694324441396 -0.018084075834806927 0.18429246144680919 -0.0027621946095178524
leaf_weight=2997 266 46 2779 171 50 468 48 38 31 190 1203 349 144 82 233 11742 1497 8873 387 400 361 516 790 937 72 382 304 1965 2068 1850 955 547 5498 5947 4637 3762 872 8672 2168 30491 2776 20 2102 904 161 60
leaf_count=2997 266 46 2779 171 50 468 48 38 31 190 1203 349 144 82 233 11742 1497 8873 387 400 361 516 790 937 72 382 304 1965 2068 1850 955 547 5498 5947 4637 3762 872 8672 2168 30491 2776 20 2102 904 161 60
internal_value=1.00463e-11 0.0125565 -0.00162569 -0.0417586 -0.102714 -0.00985803 -0.065397 -0.000789989 -0.0148413 0.00178149 -0.0328875 -0.0539175 0.0495111 -0.00892152 -0.0773902 4.09746e-05 -0.00130765 -0.00492187 -0.0313419 -0.0532099 0.00107322 -0.00321612 -0.00383719 -0.0703639 -0.124727 -0.0241311 -0.00654484 0.00282611 0.00172058 0.00755127 -0.00407042 0.00416737 0.0141134 0.00390902 -0.012757 -0.0167754 0.0282898 -0.00388417 -0.00185868 -0.00305032 -0.0119781 -0.000502724 0.00180529 -0.0249307 0.0862986 0.133508
internal_weight=110811 6559 3562 783 269 514 219 104252 5821 3030 2791 1552 555 2475 271 98431 86689 46251 2805 1675 1130 43446 42930 1275 338 769 1239 40438 38941 19404 19537 16682 7463 10183 9354 8399 2722 9219 8115 42140 11649 2204 2184 935 365 221
internal_count=110811 6559 3562 783 269 514 219 104252 5821 3030 2791 1552 555 2475 271 98431 86689 46251 2805 1675 1130 43446 42930 1275 338 769 1239 40438 38941 19404 19537 16682 7463 10183 9354 8399 2722 9219 8115 42140 11649 2204 2184 935 365 221
is_linear=0
shrinkage=0.0998


Tree=104
num_leaves=47
num_cat=0
split_feature=100 18 96 18 36 60 83 19 9 6 33 20 5 95 4 54 1 17 60 100 14 67 85 7 98 25 61 79 80 19 15 54 48 1 72 39 97 3 18 90 30 80 41 69 90 83
split_gain=107.754 118.775 124.564 134.016 185.359 127.706 180.169 116.292 115.873 139.584 136.397 121.05 118.721 122.914 157.991 142.401 140.924 162.921 140.129 238.722 189.825 185.052 182.859 247.88 170.403 149.957 160.736 149.892 148.25 144.611 161.251 144.068 143.885 142.556 138.395 160.613 162.437 137.901 135.632 135.54 131.594 132.965 131.249 130.576 125.745 133.866
threshold=-0.97184999999999988 -0.0039671815089653492 0.054406752800430704 0.039551754299414758 -0.0033758791541312495 -0.032947491312332246 -0.016122511187508747 -0.013057020718613248 0.097911686297019365 -0.0086303188029023484 0.037538886525960005 -0.045636471038364643 0.21947242103551204 0.023221805720722802 -0.0063449818891843993 0.0017021705359368002 0.16684267536704997 -0.040367340000609646 -0.040705566295967797 -0.54234999999999989 0.070639487946199717 0.019189156222602602 0.00029274294727725005 0.11544786664034272 0.1029162586000943 0.057507147200933605 0.012643730555561302 -0.029049097200602298 0.032430341207375209 0.014968281249643401 -0.10510920546429559 -0.082059526153913334 -0.035906120300459442 -0.04090022911237879 1.0000000180025095e-35 0.0061208714853666505 0.033477865069938106 -0.022443628107096495 -0.041119261471481143 0.066366595241610718 0.099368324672297365 0.025769391208389152 0.044602555156525905 -0.057730482324361294 -0.019703528565913096 0.055650455284296053
decision_type=2 2 2 2 2 2 2 2 2 2 2 2 2 2 2 2 2 2 2 2 2 2 2 2 2 2 2 2 2 2 2 2 2 2 2 2 2 2 2 2 2 2 2 2 2 2
left_child=1 7 3 4 -3 6 -5 -1 12 10 -10 -11 13 18 16 37 34 -18 19 20 25 22 32 27 -21 26 -2 -24 -25 40 33 -32 -20 -31 -15 43 -37 44 -26 -34 41 -23 -39 -36 45 -16
right_child=8 2 -4 5 -6 -7 -8 -9 9 11 -12 -13 -14 14 15 -17 17 -19 21 24 -22 29 23 28 38 -27 -28 -29 -30 30 31 -33 39 -35 35 36 -38 42 -40 -41 -42 -43 -44 -45 -46 -47
leaf_value=0.0035883699196671897 0.073286953722565815 0.072051022923869709 0.20277528208617507 -0.35542770076077429 -0.026148421826242191 -0.029998265568267325 -0.017841367746745388 -0.074602538421012651 -0.010470133181563623 -0.083718353645163654 0.046703327595455722 -0.021099602906612318 0.029170342433833988 -0.0068839415887884964 0.011291942667998869 0.013025065960209112 -0.19590988664873715 0.047296725329891667 0.021891081518702064 0.0050550446471432 -0.057279515326606856 0.022255737811009181 0.011274695993852772 -0.041865857410201018 0.0092905972725711768 -0.03434908502379757 0.021277742082714945 -0.0095730553196165854 -0.15380126211478551 -0.21903608483092921 0.098638538529098652 -0.0026975862017554258 0.0020242055656363271 -0.031004429423965908 -0.1021188418460162 -0.040171267542049707 -0.11885835868807403 -0.0058412008715999887 -0.26206099774823632 -0.046771022589689543 -0.048965301884667967 -0.0016944124513133736 0.045900894334417339 -0.007578999491261942 -0.050111271285908504 -0.22859246299739461
leaf_weight=275 1448 330 29 32 456 245 31 609 1520 350 572 2531 1483 4818 670 5716 29 508 3744 6193 194 9998 4112 807 32 218 1001 20862 138 62 143 6116 21979 114 156 1608 312 3442 43 582 311 3002 569 2164 1233 24
leaf_count=275 1448 330 29 32 456 245 31 609 1520 350 572 2531 1483 4818 670 5716 29 508 3744 6193 194 9998 4112 807 32 218 1001 20862 138 62 143 6116 21979 114 156 1608 312 3442 43 582 311 3002 569 2164 1233 24
internal_value=-1.08056e-11 -0.0229142 -0.00137373 -0.00678536 0.0150804 -0.0625855 -0.189314 -0.0502784 0.000422676 -0.014459 0.00516238 -0.0287069 0.00113544 0.000729218 -0.00602741 0.00178099 -0.0155114 0.0341627 0.00249954 0.0141475 0.038035 0.00102206 -0.0020897 -0.00803896 0.00324419 0.0449683 0.0520288 -0.00614045 -0.058212 0.00925201 -0.00303153 -0.00038235 0.00377227 -0.0972429 -0.0184563 -0.0316063 -0.0529579 -0.00904271 -0.146284 0.000765448 0.0151903 0.0167251 0.00149893 -0.013936 -0.0309849 0.00299623
internal_weight=110811 2007 1123 1094 786 308 63 884 108804 4973 2092 2881 103831 102348 21249 11654 9595 537 81099 9129 2861 71970 52224 25919 6268 2667 2449 24974 945 19746 6435 6259 26305 176 9058 4240 1920 5938 75 22561 13311 13000 4011 2320 1927 694
internal_count=110811 2007 1123 1094 786 308 63 884 108804 4973 2092 2881 103831 102348 21249 11654 9595 537 81099 9129 2861 71970 52224 25919 6268 2667 2449 24974 945 19746 6435 6259 26305 176 9058 4240 1920 5938 75 22561 13311 13000 4011 2320 1927 694
is_linear=0
shrinkage=0.0998


Tree=105
num_leaves=47
num_cat=0
split_feature=55 8 15 0 18 10 91 84 12 70 100 30 88 40 0 9 80 14 77 23 69 11 10 70 62 36 91 96 45 56 37 1 40 69 11 14 8 85 73 27 44 46 0 74 79 78
split_gain=104.693 142.987 135.434 148.791 167.226 158.463 141.877 215.7 174.015 155.09 181.167 212.417 152.685 164.164 176.594 142.949 142.555 189.06 142.443 150.179 158.966 139.728 135.197 157.388 181.519 155.995 132.914 130.987 123.178 137.923 130.894 141.287 138.896 121.906 121.474 121.032 151.155 122.713 119.763 119.346 121.386 118.105 148.069 127.71 119.998 151.609
threshold=-0.020791748898810299 -0.10791101939816189 -0.11688891795680724 0.24708386589886058 -0.010929708953551248 -0.14466560442707607 0.010692194638635001 0.048267916763118757 0.086128518511541421 -0.0030001844405992497 -0.45944999999999997 -0.067081790472652142 -0.029648779665866248 -0.0018302620324452499 0.20325892122700703 -0.099038535651871581 0.065652443672437708 -0.010497647948262448 0.018431960933817403 0.018261388138673354 0.053108879682763205 -0.036931703115824589 -0.00073439022620449992 0.046442651920146509 -0.019009649621146648 -0.039356335353475692 -0.061593462098150344 -0.031260430705436097 0.022792447395653503 -0.023127446892588093 0.028459466489740404 -0.13201138305391497 -0.04701108368996209 -0.0033768716687952497 -0.077769624999195638 0.055878432654675354 0.013807274586378652 -0.032341905239341488 -0.010757597149369198 -0.064715262815571897 0.068952779728153113 -0.014815663669910899 0.16592531415438058 0.062222227767809057 0.033489301086548004 0.010715909208004951
decision_type=2 2 2 2 2 2 2 2 2 2 2 2 2 2 2 2 2 2 2 2 2 2 2 2 2 2 2 2 2 2 2 2 2 2 2 2 2 2 2 2 2 2 2 2 2 2
left_child=1 -1 22 5 28 -4 8 18 9 16 11 -11 13 14 -9 -14 26 -18 19 20 -8 -17 25 -24 -25 -2 -7 39 29 30 31 -5 -33 -10 -21 36 -29 -38 -37 40 -6 42 43 44 45 -3
right_child=2 41 3 4 27 6 7 12 33 10 -12 -13 15 -15 -16 21 17 -19 -20 34 -22 -23 23 24 -26 -27 -28 35 -30 -31 -32 32 -34 -35 -36 38 37 -39 -40 -41 -42 -43 -44 -45 -46 -47
leaf_value=-0.048928087308906118 0.068867234466547189 -0.015501068181815503 -0.10110367631011789 -0.12727012252815176 -0.097897055687742277 0.0409126852706422 -0.0072588192348036849 -0.3240595605375759 -0.048182828884678522 0.11538336684834441 0.0048093612725966274 0.020912275097940053 0.085642397483248256 -0.03648847695496147 0.019843743300735951 -0.092365994042654664 0.023591365755038587 -0.11284435779956124 -0.016261658240716462 -0.047368576744480209 0.050920036599193287 -0.020241547372769925 -0.087558582375505997 0.28934114729642868 -0.080641128727793693 -0.029427606124247985 -0.0010308525332628365 0.018160798172278586 0.055756158256190749 0.032166151081977089 -0.08777809274388973 -0.10076073149826277 0.047604735269627087 -0.00062991034156311841 0.020559480054906036 0.0092754556062275405 0.038957972134682647 -0.03002850311137736 -0.057533266568960365 0.042065397231455359 0.15815075269666584 0.00059531217582770631 -0.0016243323664497462 -0.10405471195511595 0.013712213583912749 -0.058320657705435708
leaf_weight=718 215 2509 152 69 114 783 9888 58 1034 245 14037 7312 100 87 20 353 169 252 5647 278 491 1105 469 25 28 638 19312 3082 1243 1876 199 74 417 1117 4616 437 310 1497 688 1225 22 20070 5636 198 770 1226
leaf_count=718 215 2509 152 69 114 783 9888 58 1034 245 14037 7312 100 87 20 353 169 252 5647 278 491 1105 469 25 28 638 19312 3082 1243 1876 199 74 417 1117 4616 437 310 1497 688 1225 22 20070 5636 198 770 1226
internal_value=2.97154e-11 -0.00490812 0.00191726 0.00246246 0.0130818 0.000680374 0.000911618 -0.00551384 0.00419875 0.00561305 0.0115166 0.0239751 -0.039455 -0.130746 -0.235879 -0.0297868 -0.000600655 -0.0580756 -0.0027184 0.00228905 -0.00450655 -0.0377038 -0.0291329 -0.0691368 0.0938788 -0.00465224 0.000603474 0.00425973 0.0298592 0.0176429 -0.0182538 0.00645222 0.0252442 -0.0234889 0.0167009 -0.00206745 0.00472405 -0.0181935 -0.0315818 0.0322183 -0.0564776 -0.00386874 -0.0125343 -0.0256087 -0.0221609 -0.0295564
internal_weight=110811 31127 79684 78309 11253 67056 66904 22643 44261 42110 21594 7557 1723 165 78 1558 20516 421 20920 15273 10379 1458 1375 522 53 853 20095 7375 3878 2635 759 560 491 2151 4894 6014 4889 1807 1125 1361 136 30409 10339 4703 4505 3735
internal_count=110811 31127 79684 78309 11253 67056 66904 22643 44261 42110 21594 7557 1723 165 78 1558 20516 421 20920 15273 10379 1458 1375 522 53 853 20095 7375 3878 2635 759 560 491 2151 4894 6014 4889 1807 1125 1361 136 30409 10339 4703 4505 3735
is_linear=0
shrinkage=0.0998


Tree=106
num_leaves=47
num_cat=0
split_feature=34 21 13 12 6 11 9 23 1 14 32 54 6 3 14 48 23 28 70 76 86 4 23 43 51 82 3 76 75 91 73 3 23 100 2 72 5 67 50 100 40 85 15 57 97 57
split_gain=104.48 157.103 164.214 146.294 163.951 156.767 218.473 157.253 150.838 282.503 189.696 184.157 179.403 185.315 211.09 195.62 180.69 176.941 174.052 170.112 169.562 163.903 175.402 159.355 154.102 146.753 185.551 180.365 146.503 142.579 142.421 139.231 168.842 137.38 185.345 135.754 131.974 127.045 119.136 118.839 116.15 115.41 115.234 128.246 122.364 114.142
threshold=-0.029403871826759496 0.10525850206223876 -0.092982268206320731 0.039677680822361609 0.014371613502429052 -0.012187474749259098 -0.030100682472812498 0.050270770523395604 0.025563501414801303 0.009581765304104652 -0.0034430896844592994 0.016661708350296553 -0.075098427373079743 -0.082968728144152445 0.023051682122256351 -0.0054959870314706992 0.020599164012080205 -0.056871551342795444 0.047516331773921859 0.037109270619288155 -0.0069141695215160495 -0.13769199117331887 -0.046512246870719441 0.039509190964756254 -0.019867539142915346 0.042811531124682806 -0.034986805841587039 -0.091062843677958333 -0.0040988213162296491 0.11225292452476791 -0.028637250471335196 -0.10423203134174834 -0.040528446688814744 -0.70924999999999983 0.040898838663880159 0.04793849290972086 -0.072966729287444645 -0.040556500000699248 -0.072963210506358581 1.0000000180025095e-35 -0.086144691630274675 -0.036917930198000243 -0.043322623439996287 0.071725825757625011 0.036953879759172407 0.024536978008713003
decision_type=2 2 2 2 2 2 2 2 2 2 2 2 2 2 2 2 2 2 2 2 2 2 2 2 2 2 2 2 2 2 2 2 2 2 2 2 2 2 2 2 2 2 2 2 2 2
left_child=29 2 -2 8 25 6 35 36 12 10 19 21 38 15 24 16 -14 -17 -16 28 -13 -11 -23 -22 -15 27 -27 -5 -10 30 33 -12 -33 34 41 -6 -8 -21 -4 -3 -28 -1 44 -44 -29 -40
right_child=1 39 3 4 5 -7 7 -9 9 11 31 20 13 14 18 17 -18 -19 -20 37 23 22 -24 -25 -26 26 40 42 -30 -31 -32 32 -34 -35 -36 -37 -38 -39 45 -41 -42 -43 43 -45 -46 -47
leaf_value=0.14121606828574748 -0.02603105724153042 0.054152109266744665 -0.073108366289832916 -0.14469138850303531 0.035076412107232627 0.021203845563203282 0.048551180556845319 0.048588001264402783 0.018126050864835448 0.05731989995031999 0.065145811041080928 0.036631338572179477 -0.074727388022679406 0.01087779650493902 0.011273947744961998 -0.12741058035295061 0.017838180563787876 0.0076361908156524268 0.055700559962316119 -0.18577369956084094 -0.035182963698889812 0.0033839042925357409 -0.048760394286124345 0.072533709632906201 -0.0046339269418526835 0.034166381883020923 0.13681886057186127 -0.022232053808524461 -0.021252369704987298 -0.1406183630877485 0.0023617418954914584 0.05248013190534475 0.00063813069931820479 0.013509701435423523 0.11208228595124303 -0.084933113632523094 -0.053276064668240329 -0.044684440286614772 0.019347265149173516 0.0021664649204642971 -0.081751272199530919 0.0021306725292092868 -0.0080966794847668524 0.065212795633721968 -0.089782126066319523 0.065117920626638265
leaf_weight=68 2788 870 113 103 965 2720 139 205 1687 183 559 806 922 8578 10810 103 272 1563 956 75 1111 788 3480 156 24883 193 25 2149 2128 66 18885 796 2925 3924 361 104 1441 417 2058 882 772 471 7023 246 305 737
leaf_count=68 2788 870 113 103 965 2720 139 205 1687 183 559 806 922 8578 10810 103 272 1563 956 75 1111 788 3480 156 24883 193 25 2149 2128 66 18885 796 2925 3924 361 104 1441 417 2058 882 772 471 7023 246 305 737
internal_value=1.09484e-12 -0.00160164 -0.00220937 -0.0014043 -0.0098446 0.00405965 -0.0122796 -0.033648 0.000688345 -0.00806921 0.0038249 -0.0237244 0.00328341 0.00182773 0.0033857 -0.0228093 -0.0536404 -0.000713039 0.0148837 -0.0109619 0.000845077 -0.0351674 -0.039133 -0.0219203 -0.00065737 -0.0170101 -0.0536337 -0.0133202 -0.00383916 0.00586333 0.0062711 0.018705 0.0117282 0.0215755 0.0567422 0.023401 -0.0443178 -0.0661919 0.0273547 0.0279813 -0.0748952 0.0196776 -0.0119285 -0.00561571 -0.0306276 0.0314163
internal_weight=110811 87036 85284 82496 16390 5574 2854 1785 66106 15111 8587 6524 50995 48087 45227 2860 1194 1666 11766 4307 2073 4451 4268 1267 33461 10816 990 9826 3815 23775 23709 4280 3721 4824 900 1069 1580 492 2908 1752 797 539 9723 7269 2454 2795
internal_count=110811 87036 85284 82496 16390 5574 2854 1785 66106 15111 8587 6524 50995 48087 45227 2860 1194 1666 11766 4307 2073 4451 4268 1267 33461 10816 990 9826 3815 23775 23709 4280 3721 4824 900 1069 1580 492 2908 1752 797 539 9723 7269 2454 2795
is_linear=0
shrinkage=0.0998


Tree=107
num_leaves=47
num_cat=0
split_feature=71 0 54 45 24 57 67 99 22 69 38 11 42 25 40 16 8 1 14 100 52 83 32 65 68 67 95 77 79 12 100 59 69 50 37 3 58 62 85 0 76 50 39 63 78 22
split_gain=103.226 146.559 191.597 219.592 241.429 233.429 218.317 184.61 241.299 179.083 213.927 174.732 173.422 149.14 153.118 145.811 140.152 179.064 209.817 149.025 146.75 138.82 160.356 135.778 153.146 196.689 179.889 166.417 166.104 156.092 193.902 155.977 145.588 158.985 138.157 136.458 135.482 132.012 142.159 147.073 130.636 158.438 138.886 129.883 127.496 136.078
threshold=0.019827738354579454 0.081605648293037972 -0.071340207274101328 -0.005125352734226549 0.072813915946014163 0.074582716793253165 0.023948123174858806 0.0011469093209567503 -0.036657763293472492 -0.0046157940650893995 -0.0041828293153920492 0.013337114917788303 -0.0055905602142652987 0.099335838685156067 -0.0061463086126715997 -0.0083289710519232982 -0.056896425585237088 -0.12267930713417503 0.004645332855303351 -0.72664999999999991 0.004077878767133951 -0.022297069391933547 -0.03863926052064634 -0.041537570101971996 0.03597813174447801 -0.01379444347807275 0.020486394615263252 0.007425852875083701 -0.039806849770401297 0.09670650914234756 -0.97464999999999991 0.02664991493666435 -0.05118135169661555 0.019580202006997505 -0.048200303278972442 0.092572173936269916 0.058476983327009104 -0.00064564715807059986 0.015528476937613353 0.16723050979132206 0.0079323458853871511 0.0132102900151251 0.018140763757685203 0.0054243425886276011 0.014691040883620651 -0.0072608432599167994
decision_type=2 2 2 2 2 2 2 2 2 2 2 2 2 2 2 2 2 2 2 2 2 2 2 2 2 2 2 2 2 2 2 2 2 2 2 2 2 2 2 2 2 2 2 2 2 2
left_child=1 2 11 7 5 6 13 40 -9 10 15 -1 -12 14 -5 -10 17 -3 21 20 36 -19 -23 -18 26 -26 28 32 29 30 -25 -27 33 -28 -29 -34 -20 -21 -39 -40 41 -4 -43 -6 45 -8
right_child=-2 16 3 4 43 -7 44 8 9 -11 12 -13 -14 -15 -16 -17 23 18 19 37 -22 22 -24 24 25 31 27 34 -30 -31 -32 -33 35 -35 -36 -37 -38 38 39 -41 -42 42 -44 -45 -46 -47
leaf_value=-0.0086972149498760701 -0.0053080180012920258 0.026518765216681128 0.081497729510731143 -0.0063085870447548422 -0.096691403973178991 -0.26189039107219475 0.085268923032716035 -0.1341471575477089 -0.10302700077060144 0.0385761687014195 -0.020509389545831425 -0.3271649546655449 -0.22428335379597386 0.17314792923203537 -0.055541106568531201 0.082202955961706486 -0.0081408990549402226 0.03974995466739896 -0.082921558828107395 0.0077336361907240176 -0.015856106788350879 -0.053672637356510351 0.0059437967820349189 -0.18148990447294144 -0.0033810025699877785 0.040091233147376358 -0.094727363370668685 0.023643523802720581 0.0051639009268426746 -0.077332640754261661 0.034249002720907029 0.0040642578005547995 0.0011084853161305562 0.050859607144489442 -0.028174106890650072 0.046486245724710232 0.085506372124910357 -0.012370796373837723 -0.18555791559651189 -0.050825352622038758 -0.0085892622616646312 0.031627662607784802 -0.17361168231686697 -0.37557970306688343 0.16592399692490697 -0.071616294411577672
leaf_weight=32 27451 1272 668 1108 39 41 131 156 64 511 74 37 95 35 1456 125 7598 853 978 1458 715 566 2181 42 2751 3941 287 587 36827 136 3445 1719 6109 101 4037 740 50 1070 98 457 410 109 47 29 80 95
leaf_count=32 27451 1272 668 1108 39 41 131 156 64 511 74 37 95 35 1456 125 7598 853 978 1458 715 566 2181 42 2751 3941 287 587 36827 136 3445 1719 6109 101 4037 740 50 1070 98 457 410 109 47 29 80 95
internal_value=-2.81898e-11 0.00174797 -0.014244 -0.012082 -0.0297138 -0.0254224 -0.022085 0.0114427 -0.019861 0.000655294 -0.053472 -0.17947 -0.135057 -0.0314727 -0.0342659 0.0194796 0.00284296 -0.00838408 -0.0136531 -0.0272549 -0.0505789 0.00458095 -0.00633975 0.00443663 0.00601043 0.0185097 0.0040007 -0.00680706 0.00716981 0.0275595 0.0316505 0.0291495 0.0026422 -0.0568297 -0.021596 0.00601132 -0.0747295 -0.0140684 -0.0336299 -0.074616 0.0374445 0.0603497 -0.0302073 -0.215629 0.057649 0.0193216
internal_weight=110811 83360 5342 5273 3014 2946 2905 2259 1025 869 358 69 169 2599 2564 189 78018 9698 8426 4826 1743 3600 2747 68320 60722 8411 52311 11861 40450 3623 3487 5660 7237 388 4624 6849 1028 3083 1625 555 1234 824 156 68 306 226
internal_count=110811 83360 5342 5273 3014 2946 2905 2259 1025 869 358 69 169 2599 2564 189 78018 9698 8426 4826 1743 3600 2747 68320 60722 8411 52311 11861 40450 3623 3487 5660 7237 388 4624 6849 1028 3083 1625 555 1234 824 156 68 306 226
is_linear=0
shrinkage=0.0998


Tree=108
num_leaves=47
num_cat=0
split_feature=38 82 0 100 3 74 50 100 69 38 21 47 27 28 97 45 22 28 58 81 9 14 59 20 87 24 47 20 77 82 57 12 51 42 87 18 69 57 38 57 32 41 68 94 89 40
split_gain=101.739 114.835 111.239 183.677 202.06 216.423 179.58 193.142 186.53 173.743 192.159 172.492 200.432 187.061 133.894 145.731 129.364 185.074 150.627 124.788 130.577 147.674 124.079 129.696 123.069 118.446 118.268 162.137 153.9 115.67 114.346 112.906 110.562 109.575 117.903 114.798 108.266 133.291 107.371 129.727 113.007 117.367 109.148 107.137 127.269 104.586
threshold=0.017059647172344952 -0.084710232634972085 0.15099113442536385 -0.51074999999999993 0.032152788056008304 0.018019350329355453 0.018730546794277454 -0.80189999999999995 0.016038589217560701 0.056013218138260261 -0.049317320814781539 -0.027368788013402697 -0.020298855753554845 -0.032760649089473293 -0.039987329243254439 0.07255716334093272 -0.04753355112819984 -0.08436367520802239 0.0041620130307063003 -0.079312076594345429 -0.087970043441695581 -0.082516886615365381 0.020216442756173954 -0.011376542703249098 -0.0017224862669037997 0.030620220138685053 -0.0064131048915124491 0.040162676127748556 -0.014155890025339199 0.035852235230708206 0.005893572032640051 -0.078055643649576734 -0.0085210483731948984 -0.083590331011049082 0.055562651683047005 0.031381209158924957 -0.019887990108624597 0.090120844082416066 0.052628830580448101 0.051348051281430156 0.032646985373251954 0.020187250214990304 -0.021868495285622996 -0.044929577537112346 0.036457327054145554 -0.018239557279516646
decision_type=2 2 2 2 2 2 2 2 2 2 2 2 2 2 2 2 2 2 2 2 2 2 2 2 2 2 2 2 2 2 2 2 2 2 2 2 2 2 2 2 2 2 2 2 2 2
left_child=33 -2 3 4 9 26 7 25 -9 10 -3 12 -12 -13 15 31 -5 18 -18 30 21 -21 23 -11 -22 -7 -6 32 -29 36 -19 -4 -28 34 -1 -36 37 -16 40 -40 42 -42 -33 44 -31 -35
right_child=1 2 14 16 5 6 -8 8 -10 22 11 13 -14 -15 29 -17 17 19 -20 20 24 -23 -24 -25 -26 -27 27 28 -30 43 -32 38 -34 45 35 -37 -38 -39 39 -41 41 -43 -44 -45 -46 -47
leaf_value=0.02773285765395302 0.04581948857132722 -0.16177841864294343 0.044448163508079216 0.03299538378689014 -0.021929255619105924 -0.0063227773664542471 0.068393668006959604 -0.28128180134115721 -0.01376219905834343 -0.32493986867991992 -0.20542477759057493 -0.099234962142085922 -0.029867922473754731 0.0016186453036847641 -0.0058800108203534733 0.06235113697784881 -0.30436908454518569 -0.35168740748453886 -0.026904571909401567 -0.14431682277008509 0.0052786576827410633 0.05781324168253555 -0.020886780636052291 -0.12788962973940635 -0.02565111364674642 -0.2139821989594084 0.002671526756848308 0.096592426282670341 -0.14171267912910174 -0.10094260762316494 -0.014213154312372207 -0.09085038868156757 0.093217172892726574 -0.0042113389134225652 -0.18518028521949054 0.09287586039716289 0.0089076899763152993 -0.11794714516797276 -0.053754490301738317 -0.1890890000314242 0.064143390310718945 -0.063258859730606423 -0.018213682462345577 -0.010944940988298464 0.088602680341935733 0.0038653256502399203
leaf_weight=2194 445 124 184 819 537 160 74 87 37 43 114 224 150 1005 4980 182 38 20 40 39 2461 468 75 147 2673 33 206 40 83 253 20 282 386 23171 50 21 13031 108 597 80 251 101 765 2597 41 51375
leaf_count=2194 445 124 184 819 537 160 74 87 37 43 114 224 150 1005 4980 182 38 20 40 39 2461 468 75 147 2673 33 206 40 83 253 20 282 386 23171 50 21 13031 108 597 80 251 101 765 2597 41 51375
internal_value=-2.35428e-11 -0.00454522 -0.00521315 -0.0139679 -0.0323503 -0.0067772 -0.0715924 -0.104271 -0.201457 -0.0546757 -0.0424001 -0.0324853 -0.105677 -0.0167631 -0.00144163 -0.0235604 -0.00411727 -0.00939514 -0.16208 -0.00729879 -0.00605325 0.0422648 -0.12958 -0.172485 -0.0108248 -0.0418293 0.0134646 0.0400471 -0.0642151 0.00112925 -0.18295 -0.030479 0.0617097 0.00201192 0.0236368 -0.102938 0.00408717 -0.00825879 -0.0371199 -0.0697468 -0.0213313 0.0275876 -0.0377777 -0.0174091 -0.0745094 0.00135487
internal_weight=110811 34000 33555 10103 3525 1643 391 317 124 1882 1617 1493 264 1229 23452 2442 6578 5759 78 5681 5641 507 265 190 5134 193 1252 715 123 21010 40 2260 592 76811 2265 71 18119 5088 2076 677 1399 352 1047 2891 294 74546
internal_count=110811 34000 33555 10103 3525 1643 391 317 124 1882 1617 1493 264 1229 23452 2442 6578 5759 78 5681 5641 507 265 190 5134 193 1252 715 123 21010 40 2260 592 76811 2265 71 18119 5088 2076 677 1399 352 1047 2891 294 74546
is_linear=0
shrinkage=0.0998


Tree=109
num_leaves=47
num_cat=0
split_feature=19 15 9 91 3 11 13 49 31 98 0 81 10 8 33 41 7 33 14 23 3 42 1 54 13 58 74 99 44 97 2 49 45 27 55 68 96 7 38 22 91 74 5 68 27 29
split_gain=98.6411 115.24 112.837 141.129 140.326 139.04 138.221 168.482 134.657 139.236 131.472 200.723 180.697 141.006 138.84 154.153 131.457 171.922 174.204 154.429 153.104 142.562 128.486 147.388 127.285 149.428 137.558 168.261 137.152 126.563 125.404 120.524 116.531 136.165 115.544 112.325 111.023 108.689 168.347 108.374 140.212 126.855 117.31 115.659 107.849 107.703
threshold=-0.10105715696322749 0.11429078169592517 0.034612091758803705 -0.061593462098150344 -0.096041086116257737 0.032134417775220005 0.048485263123072754 0.029882565543387352 -0.056405694904297497 0.077001744271285311 0.30375300982129605 -0.059437664490017743 -0.10871470502633969 -0.10791101939816189 -0.07606565086468968 -0.015631569529799095 -0.0048574820301523491 0.017754612753770101 -0.066595640011556698 0.035286674772290312 0.069364821743613261 0.094860022176308664 1.0000000180025095e-35 0.032933583677529056 0.028915617859504403 -0.023272981591227745 0.048985793978211505 -0.0098701155495427972 0.0068544669861439009 -0.029092508627432546 -0.11143544340665139 0.020763989271840953 -0.065136836724094538 0.038039610934870807 0.014670357905011951 -0.036601280716352491 0.021606719494895604 -0.0019459421536821497 -0.012255163330528547 -0.0021784063236551993 0.0039517023108280513 -0.027377038448894397 -0.018080093962404196 0.025781009031045802 0.096852201697702714 0.093574484155874368
decision_type=2 2 2 2 2 2 2 2 2 2 2 2 2 2 2 2 2 2 2 2 2 2 2 2 2 2 2 2 2 2 2 2 2 2 2 2 2 2 2 2 2 2 2 2 2 2
left_child=-1 2 8 44 5 6 7 36 22 16 12 -12 13 -6 -14 -16 24 18 19 -18 -20 35 31 -24 25 30 45 -28 -27 -15 -10 39 34 -34 -11 -19 -5 -35 -39 40 -2 -41 -43 -42 -4 -26
right_child=1 -3 3 4 10 -7 -8 -9 9 32 11 -13 14 29 15 -17 17 21 20 -21 -22 -23 23 -25 26 28 27 -29 -30 -31 -32 -33 33 37 -36 -37 -38 38 -40 41 43 42 -44 -45 -46 -47
leaf_value=0.019082166292762114 -0.019238008323700151 0.022966492752002434 0.037910267672014893 -0.11800856647980978 -0.14737321761298428 0.00010343849201645492 0.0059309179211035372 -0.0047882608021147036 -0.08288282733981564 -0.22955653372733822 -0.1214833228015756 0.039943193469842514 -0.042059958169636376 -0.14033170012989607 0.0087098839386615303 -0.010613183343986221 0.035516243339134154 -0.014252004293370179 -0.011647983574223909 -0.024300838074568072 0.012402222115749121 -0.092317982292679138 -0.044831960774894507 0.024801308439993633 0.021780472204570241 -0.0091779119593363417 -0.10171734014407222 0.010295304183856322 0.007900364615361961 -0.010511493692345917 0.017232710362014864 0.021477640998956618 0.061196198591245657 -0.15351252635025553 0.069498264632441784 0.013684572065325902 -0.032767767180924383 -0.20717361748566229 0.12762489327516122 0.028401662895160811 0.021046501416233522 0.0051395574080293121 -0.052517370926145099 0.12560948382890241 -0.18587137013402852 -0.053875171314544668
leaf_weight=2634 901 2051 858 546 143 814 315 290 127 31 83 1014 1010 92 6226 12111 1669 1694 22747 579 2982 139 1752 366 7851 10997 210 367 8158 400 6635 1393 841 56 22 9321 211 21 52 343 575 473 1368 129 22 192
leaf_count=2634 901 2051 858 546 143 814 315 290 127 31 83 1014 1010 92 6226 12111 1669 1694 22747 579 2982 139 1752 366 7851 10997 210 367 8158 400 6635 1393 841 56 22 9321 211 21 52 343 575 473 1368 129 22 192
internal_value=3.9809e-11 -0.000464631 -0.000917463 -0.00691545 -0.00840001 -0.0325289 -0.0520316 -0.0694702 0.000848112 0.00211253 -0.00590916 0.0277295 -0.00775591 -0.0601409 -0.00603655 -0.00405238 0.00160475 -0.00235588 -0.00653275 0.0201096 -0.00886056 0.00812075 -0.0120889 -0.032799 0.00609221 0.00259809 0.0165977 -0.0304719 -0.00190438 -0.0347868 0.0153524 -0.00362422 0.0386783 0.0465517 -0.105421 0.0093882 -0.0942492 -0.0489213 0.031313 -0.0128527 0.00683608 -0.0273219 -0.0377038 0.0402065 0.0323157 0.0199744
internal_weight=110811 108177 106126 24135 23255 2176 1362 1047 81991 74691 21079 1097 19982 635 19347 18337 73668 39131 27977 2248 25729 11154 7300 2118 34537 25917 8620 577 19155 492 6762 5182 1023 970 53 11015 757 129 73 3789 1605 2184 1841 704 880 8043
internal_count=110811 108177 106126 24135 23255 2176 1362 1047 81991 74691 21079 1097 19982 635 19347 18337 73668 39131 27977 2248 25729 11154 7300 2118 34537 25917 8620 577 19155 492 6762 5182 1023 970 53 11015 757 129 73 3789 1605 2184 1841 704 880 8043
is_linear=0
shrinkage=0.0998


Tree=110
num_leaves=47
num_cat=0
split_feature=93 11 5 72 81 15 78 31 20 13 18 30 32 100 80 29 100 0 51 22 9 9 70 54 22 90 27 40 37 69 62 15 51 18 96 55 51 99 2 13 73 94 56 77 67 11
split_gain=96.8543 135.43 131.82 139.837 152.538 152.108 137.538 134.068 129.27 126.204 126.049 155.898 140.017 123.318 122.536 139.458 154.402 188.08 178.38 170.833 156.287 150.213 143.588 151.878 142.596 141.819 138.91 130.531 164.449 127.369 126.243 149.381 142.668 130.453 150.733 127.786 149.399 162.008 147.655 146.154 125.369 125.326 123.107 145.931 151.607 145.378
threshold=0.028894428430656451 0.11045235322052467 0.041873854862552802 -0.0073275721980859488 0.024275502967347703 -0.054463850725262143 0.012479433836808402 0.023408181819970054 -0.020980856306515448 -0.092982268206320731 0.010355890310711251 0.087824468951434309 -0.016739772278636548 0.25025000000000003 -0.0030029159890720496 0.063527851539054658 0.55785000000000007 0.14388803880757209 0.044555182014135351 0.060321680698641307 -0.0069727208777144991 -0.0084622106144956483 -0.055304634866582249 0.052726417981657704 -0.00090233446961234985 0.025677868062747702 -0.0068843883927273489 0.029020156139622152 -0.012620298605477349 0.014544070495276852 0.05058794189166866 -0.093073355422520182 0.014784497375170501 -0.0068854946999633493 -0.039839707004870641 0.014301155637081753 -0.069143578942991488 -0.0069987837698038489 -0.074804891597230638 -0.071620997550081847 -0.024594964681101547 -0.016456879321147547 0.013408863705907501 0.020025425334490053 0.026812658784191052 -0.11467891774724588
decision_type=2 2 2 2 2 2 2 2 2 2 2 2 2 2 2 2 2 2 2 2 2 2 2 2 2 2 2 2 2 2 2 2 2 2 2 2 2 2 2 2 2 2 2 2 2 2
left_child=1 14 3 4 5 7 -7 -2 13 -5 11 -8 -12 -4 15 16 17 18 19 21 -19 -1 23 -18 -22 40 -21 29 -29 -20 31 -16 42 -34 -35 36 37 -33 39 -38 -24 -40 45 44 -44 -32
right_child=2 -3 8 9 -6 6 10 -9 -10 -11 12 -13 -14 -15 30 -17 22 20 27 26 24 -23 25 -25 -26 -27 -28 28 -30 -31 32 35 33 34 -36 -37 38 -39 41 -41 -42 -43 43 -45 -46 -47
leaf_value=0.018981315957586418 -0.018816977664997531 0.028759850047880491 -0.090362130193598567 -0.064918414591106061 0.033360664066562407 0.019769782179970344 0.0065128555658379734 -0.12066653239209141 -0.012486477264596486 -0.0083686928289482456 -0.12296755775601134 -0.25559514973643033 -0.018947133152146124 -0.014150808246302793 -0.033025019824315417 -0.015163142012646269 -0.076385976672735861 0.028610437587977974 -0.059850474387181891 -0.1610511808718153 0.020887184691948325 -0.011052876532227215 -0.019939935852999118 0.066218477571491949 -0.003595255905549819 -0.02329432827761594 -0.017047637088757093 0.031169482300972398 -0.19803180938007256 0.040629531839075576 0.20800464293474241 -0.089416149183210197 0.042704493875603655 -0.14765484757481254 -0.0036885170972313051 0.0081092220111709384 -0.04763576500261963 -0.0078312171221938433 -0.015462933167680539 0.022021357412446971 0.011222602724417127 -0.00055019553707638755 -0.014629732967805443 -0.059804217945509532 0.09038749112370402 -0.056499002834660139
leaf_weight=3989 503 1763 499 411 1742 2811 1305 173 2180 9011 194 23 384 367 1411 3122 453 7033 383 109 4871 2839 1578 89 4614 2138 172 44 107 187 21 412 560 85 490 13477 328 589 7852 3516 6945 19683 377 324 215 1432
leaf_count=3989 503 1763 499 411 1742 2811 1305 173 2180 9011 194 23 384 367 1411 3122 453 7033 383 109 4871 2839 1578 89 4614 2138 172 44 107 187 21 412 560 85 490 13477 328 589 7852 3516 6945 19683 377 324 215 1432
internal_value=-2.14483e-11 0.00136787 -0.00636435 -0.00285412 0.0076855 -0.000607864 0.00573713 -0.044882 -0.0254447 -0.0108355 -0.0149585 0.00197333 -0.0538606 -0.0580647 0.000827957 0.00506042 0.0068364 0.0112978 -0.00144219 0.00335498 0.0173369 0.00649346 -0.00285967 -0.0529694 0.00897765 -0.000312121 -0.0729067 -0.048742 -0.131245 -0.026886 -0.00239591 -0.00104096 -0.0206737 0.00841981 -0.0249705 -5.68276e-05 -0.00345565 -0.0414106 -0.00224487 0.0160777 0.00545298 -0.00480278 -0.0346126 -0.00595924 0.02351 -0.0526762
internal_weight=110811 91208 19603 16557 7135 5393 4717 676 3046 9422 1906 1328 578 866 89445 38673 35551 24348 7830 7109 16518 6828 11203 542 9485 10661 281 721 151 570 50772 47268 3504 1135 575 45857 32380 1001 31379 3844 8523 27535 2369 916 592 1453
internal_count=110811 91208 19603 16557 7135 5393 4717 676 3046 9422 1906 1328 578 866 89445 38673 35551 24348 7830 7109 16518 6828 11203 542 9485 10661 281 721 151 570 50772 47268 3504 1135 575 45857 32380 1001 31379 3844 8523 27535 2369 916 592 1453
is_linear=0
shrinkage=0.0998


Tree=111
num_leaves=47
num_cat=0
split_feature=68 77 87 36 28 44 0 37 8 99 70 93 89 56 3 74 79 0 95 55 16 4 46 9 67 79 82 9 5 91 15 78 66 29 100 39 30 56 17 97 35 20 0 25 6 19
split_gain=95.6549 105.023 134.31 128.461 184.436 158.395 143.176 174.612 138.619 133.248 132.351 133.334 128.006 151.576 298.074 147.237 143.428 152.315 212.365 138.365 153.005 148.895 165.806 163.81 161.961 127.432 125.593 124.846 125.974 122.802 131.482 117.392 136.104 149.971 117.117 152.631 116.249 115.84 115.808 146.587 129.147 122.857 138.439 114.677 114.623 113.057
threshold=-0.083059174391951637 -0.0056057876548406488 -0.031438345978833791 0.0054964216045182007 -0.029058607615210796 -0.039168386878556539 0.091251794338912964 -0.033090801319334597 -0.027650349698735647 -0.036177866841651141 0.038390414585755213 -0.071406899651554737 -0.019597414608147696 -0.032070343451522446 0.092572173936269916 -0.019705170965443945 0.0088668756639776521 0.1328334069918187 0.016892764898092005 -0.020028428321402999 0.048509471592741354 1.0000000180025095e-35 0.0013888579782823003 0.052464080104266959 -0.00251733375486485 0.029532282798988504 0.058520687694138103 0.12080838836048725 -0.078276238727805036 -0.041043751070392993 -0.030123886687279947 -0.023451562286886 -0.042589205104956493 -0.055206312894422842 -0.9020999999999999 0.010444255145211951 0.0114744947833671 0.029037326155596951 -0.053953245617819341 0.031659817857144806 0.047258388869697056 0.019097664378791002 0.085859982816012717 -0.00039319538907699994 -0.05625471034720704 -0.029741320619296796
decision_type=2 2 2 2 2 2 2 2 2 2 2 2 2 2 2 2 2 2 2 2 2 2 2 2 2 2 2 2 2 2 2 2 2 2 2 2 2 2 2 2 2 2 2 2 2 2
left_child=-1 2 -2 10 5 -5 7 43 -9 27 -3 36 13 14 16 31 29 18 -18 20 21 22 24 -23 -14 -16 34 -6 -29 30 -4 32 -15 -34 35 -8 -12 -28 39 -17 -41 45 -43 -7 -25 -40
right_child=1 3 12 4 9 6 26 8 -10 -11 11 -13 19 15 25 38 17 -19 -20 -21 -22 23 -24 44 -26 -27 37 28 -30 -31 -32 -33 33 -35 -36 -37 -38 -39 41 40 -42 42 -44 -45 -46 -47
leaf_value=-0.020611987167455274 0.016822705330288703 -0.0087944369772368306 0.25675357481465644 0.024136350509429454 -0.010154246601908669 -0.10555598193724398 -0.093107592991963847 -0.26176336277074047 -0.028676329858437179 0.010313290327860582 0.13482482679255411 0.0065681581505637413 -0.071200651766040388 -0.22262808520008218 0.10192088910974284 -0.027786065451376348 -0.074107242335134049 -0.060043602355755211 -0.33584647202193735 0.0096553931334609835 0.030372993622976671 0.016556720646428737 -0.0023848800791928084 0.073629287801904308 -0.016493147465970307 -0.11858342230359713 -0.13282719896699394 -0.33247058258419454 -0.05958186258063429 -0.03333223826120843 -0.0069258173986182867 0.030432620954188177 0.12801236977651714 -0.039428571249455591 -0.0056705168418289377 0.011137521379789043 -0.073117511116555234 0.044600508916005491 0.034584243873438558 -0.21045875216484072 0.047582967812061311 -0.10759211022019242 -0.016529418875285733 -0.40218785634422305 -0.064849021903200132 -0.0037424896863378185
leaf_weight=2198 6898 29476 31 1060 2368 27 362 28 275 18404 142 3902 1016 33 201 692 76 574 52 20658 1027 2505 2013 69 1148 30 155 23 63 883 48 1894 64 318 4737 228 33 48 991 85 25 182 1925 25 434 3385
leaf_count=2198 6898 29476 31 1060 2368 27 362 28 275 18404 142 3902 1016 33 201 692 76 574 52 20658 1027 2505 2013 69 1148 30 155 23 63 883 48 1894 64 318 4737 228 33 48 991 85 25 182 1925 25 434 3385
internal_value=-3.24244e-11 0.000417125 0.00395324 -0.00230643 0.00271015 -0.0113765 -0.017773 -0.0792115 -0.0502157 0.00740052 -0.00646332 0.0103903 0.00175365 -0.00715593 -0.0329488 -0.00206134 -0.0476963 -0.081996 -0.180439 0.00529927 -0.00565893 -0.0108092 -0.0230009 0.00612052 -0.0421784 0.073284 -0.013829 -0.0144441 -0.132564 -0.0226668 0.0965433 0.0198992 -0.028174 -0.0113756 -0.010893 -0.052823 0.0956128 -0.0908738 -0.00902177 -0.0447972 -0.151813 -0.00459606 -0.0243953 -0.248167 -0.045853 0.00493708
internal_weight=110811 108613 47257 61356 27803 6945 5885 355 303 20858 33553 4077 40359 11489 1895 9594 1664 702 128 28870 8212 7185 4177 3008 2164 231 5530 2454 86 962 79 2309 415 382 5327 590 175 203 7285 802 110 6483 2107 52 503 4376
internal_count=110811 108613 47257 61356 27803 6945 5885 355 303 20858 33553 4077 40359 11489 1895 9594 1664 702 128 28870 8212 7185 4177 3008 2164 231 5530 2454 86 962 79 2309 415 382 5327 590 175 203 7285 802 110 6483 2107 52 503 4376
is_linear=0
shrinkage=0.0998


Tree=112
num_leaves=47
num_cat=0
split_feature=38 100 94 12 93 29 100 16 10 70 19 15 54 30 89 74 61 0 77 92 29 14 66 3 48 54 1 74 21 39 43 99 99 69 81 39 87 0 17 57 71 49 84 55 10 94
split_gain=96.7813 105.912 114.031 110.017 99.235 98.4711 129.965 181.048 178.194 160.457 97.5692 126.687 168.035 151.643 134.295 142.432 133.681 147.471 145.147 141.364 166.861 129.897 121.651 119.547 150.685 161.291 163.259 157.977 147.043 141.872 170.782 156.975 134.773 136.105 121.899 144.817 168.908 210.204 163.518 143.303 121.117 120.578 121.175 116.377 115.408 111.246
threshold=0.085046418482455213 -0.89814999999999989 0.030405518835536657 0.055492973329842911 -0.0089605915495872979 -0.10282473433565557 -0.49384999999999996 -0.058009282909970546 -0.033347153617124592 0.020659641294668307 0.013421815030002901 -0.014187407861517148 -0.082059526153913334 0.084587536755469817 -0.0025050360420826498 0.079288360172365513 -0.061054551552503791 0.25226160816067028 -0.0058960700335336487 -0.029066613862756045 -0.081645571814343829 -0.072729671802751042 -0.00030022253432029992 -0.018201141239484946 -0.051466893824191493 0.0010229595835705501 -0.092001772999865686 -0.0047257802176962497 -0.092612507805162433 0.016878401623072303 -0.019659627128900344 0.020315938864676454 -0.0061810405560568495 -0.061005766318179042 -0.0087560484245963483 -0.048479513387626391 0.011074527373180753 0.13503610706583383 0.0043594718565086515 -0.063112302181289728 -0.014375997993152647 0.063750330099301866 -0.031734828110366542 -0.036791465612999695 -0.07457070283821314 0.034013925141281563
decision_type=2 2 2 2 2 2 2 2 2 2 2 2 2 2 2 2 2 2 2 2 2 2 2 2 2 2 2 2 2 2 2 2 2 2 2 2 2 2 2 2 2 2 2 2 2 2
left_child=5 2 3 -2 -5 6 7 9 -9 -1 23 12 -12 14 45 43 -14 19 22 21 -21 -18 -19 34 28 26 -26 40 -25 31 -31 -29 -28 -34 35 -7 39 38 -38 -37 -27 -36 -43 -16 -30 -13
right_child=1 -3 -4 4 -6 10 -8 8 -10 -11 11 13 16 -15 15 -17 17 18 -20 20 -22 -23 -24 24 25 27 32 29 44 30 -32 -33 33 -35 41 36 37 -39 -40 -41 -42 42 -44 -45 -46 -47
leaf_value=-0.16698008673231429 -0.052259926300551221 -0.010020185060153059 0.045542855053101308 -0.039906660051175526 -0.24778901077526985 0.016797594993798834 0.0078310492112262653 0.024803943155050391 0.18137579470991183 0.16947648624181746 0.067678464661279941 -0.0096667136068061283 0.023408382451786738 -0.043314450999646981 -0.013176226700057036 -0.075602811465394826 -0.13619740589771576 0.0081343762592586549 -0.015015578295730338 -0.096065721347952479 -0.012470478823584409 -0.036960713863922051 0.079779321227230152 -0.10145139623373406 0.016868908661055493 0.03484995079109942 0.004217884478103966 0.01743422445942145 -0.047818173010844026 0.01417367015269241 -0.027481536546334926 -0.013671767768926554 -0.071821875652912967 -0.011505186677827224 -0.00027302558158254198 -0.10418632143494062 -0.052107813913816178 -0.025795603909218947 -0.17402842460808396 -0.0032823989296290471 0.011275533561072084 0.11773687782456847 0.020693154156023588 0.015574983741174041 0.035012004041218237 0.021548869914044148
leaf_weight=48 249 2613 78 35 66 1357 892 129 165 20 265 9224 964 751 1646 191 142 578 1141 244 9393 1756 399 87 3569 3267 6926 6495 178 1528 2735 2151 387 10024 13077 145 280 2257 180 4221 6468 156 718 9468 2851 1297
leaf_count=48 249 2613 78 35 66 1357 892 129 165 20 265 9224 964 751 1646 191 142 578 1141 244 9393 1756 399 87 3569 3267 6926 6495 178 1528 2735 2151 387 10024 13077 145 280 2257 180 4221 6468 156 718 9468 2851 1297
internal_value=-1.90462e-11 -0.017558 -0.0635775 -0.0878958 -0.175751 0.000495443 0.0282986 0.0787326 0.112676 -0.0680223 0.00016812 -0.00393303 -0.0110816 0.000779098 0.00229629 0.00984836 -0.0125095 -0.0150456 0.00915998 -0.0194901 -0.014587 -0.0443852 0.0373937 0.00239273 0.00526902 0.00375207 -0.00256887 0.00958787 0.0264703 0.00234896 -0.0125509 0.0096955 -0.00657034 -0.0137473 -0.00360187 -0.0130692 -0.0187912 -0.0383276 -0.0998159 -0.00663354 0.0191869 0.0021256 0.0380145 0.0113169 0.0301445 -0.00581854
internal_weight=110811 3041 428 350 101 107770 1254 362 294 68 106516 37459 14882 22577 21826 11305 14617 13653 2118 11535 9637 1898 977 69057 46666 43550 20906 22644 3116 12909 4263 8646 17337 10411 22391 8440 7083 2717 460 4366 9735 13951 874 11114 3029 10521
internal_count=110811 3041 428 350 101 107770 1254 362 294 68 106516 37459 14882 22577 21826 11305 14617 13653 2118 11535 9637 1898 977 69057 46666 43550 20906 22644 3116 12909 4263 8646 17337 10411 22391 8440 7083 2717 460 4366 9735 13951 874 11114 3029 10521
is_linear=0
shrinkage=0.0998


Tree=113
num_leaves=47
num_cat=0
split_feature=26 48 11 4 79 24 23 34 33 22 4 92 95 20 3 38 10 94 45 28 79 94 6 32 23 3 22 34 14 98 38 87 89 29 75 44 2 60 63 72 58 61 33 1 21 41
split_gain=91.615 161.14 135.143 131.447 125.272 120.903 119.854 119.827 115.231 125.806 126.053 110.071 113.985 109.172 107.135 103.564 129.42 117.646 110.907 106.103 131.587 110.808 109.615 126.268 116.006 103.809 148.796 134.276 97.1542 96.4494 125.214 130.588 101.498 131.178 144.559 95.4566 137.687 117.397 91.331 118.445 96.9245 90.9578 90.076 105.457 103.803 101.274
threshold=0.092827874771053615 0.030029236993730453 -0.17604839349501017 -0.00088188758268304996 -0.0083871677532577991 0.10994557259447872 -0.04750621716819884 -0.030624284655908298 0.10382802237438966 0.095429370441215702 -0.11820049436503353 -0.017746742275233148 -0.022281796242550344 0.10674512364961551 0.096604976774522525 0.050403671636750004 0.087008087989963914 -0.098504988106966077 0.091395589169928418 -0.08436367520802239 -0.041386316385526895 0.019824669542783804 0.16028091844503176 -0.022459295844337843 -0.030121897184032746 0.025605468925480903 0.028169790116171704 0.06895839101021041 -0.017537769994117998 0.043296434331198355 -0.013468968268402147 -0.023928119552999245 0.0069573246962601502 -0.045810190362192339 -0.012433132866992149 -0.0060496582451898991 1.0000000180025095e-35 1.0000000180025095e-35 -0.016467958525637195 0.0069796656738188015 -0.028543794749500948 0.010624344497491152 0.010843935318540653 0.0058767452720590507 -0.08003412965958133 -0.068123783207048635
decision_type=2 2 2 2 2 2 2 2 2 2 2 2 2 2 2 2 2 2 2 2 2 2 2 2 2 2 2 2 2 2 2 2 2 2 2 2 2 2 2 2 2 2 2 2 2 2
left_child=2 3 28 42 -5 8 -6 -8 15 10 41 12 -9 -3 -13 18 17 -17 19 20 -4 -22 24 -24 -21 26 -19 -27 -1 32 -31 -32 33 38 -35 36 -20 -38 39 -7 -40 -10 44 45 -2 -44
right_child=1 13 5 4 6 29 7 11 9 -11 -12 14 -14 -15 -16 16 -18 25 35 22 21 -23 23 -25 -26 27 -28 -29 -30 30 31 -33 -34 34 -36 -37 37 -39 40 -41 -42 -43 43 -45 -46 -47
leaf_value=0.014524163135392322 -0.21622726120663727 0.050084871564183529 0.041500526277659384 0.025395064645502192 0.015105358020646638 -0.15155549576396032 0.058636949586111396 -0.19449359721442064 -0.17185929419165477 -0.15164247995449884 0.042680833022581702 -0.1339384843996243 0.051799908376984734 0.18398300807902856 0.10474659132137895 -0.19255797146605069 0.032258205246268157 -0.010684586050029003 0.04583593690677977 -0.0062993206198137443 -0.01214451618080269 -0.055515804899762447 -0.018125242432664116 0.042917466221330199 0.0024787465646145717 0.0044243765984008374 -0.047020610520043894 -0.068922610225312694 -0.10262088587215802 0.006648928261191513 0.0057110808695184775 -0.24667853376580323 0.00949347095720008 -0.10461919701841349 0.012759325442444583 0.052112959860729335 0.019511075395078289 -0.095934136675553103 -0.014074621836521795 0.089976526222779199 -0.22880360932405364 0.077166708391186375 -0.084480699798321499 0.095704831630417278 0.005881628847822065 0.048438671755147968
leaf_weight=104 23 454 342 461 251 42 63 24 48 37 1189 295 85 70 20 36 689 4049 348 19173 2171 804 465 1231 68811 4016 1553 265 219 65 29 69 637 144 381 775 163 190 28 39 83 21 78 322 236 213
leaf_count=104 23 454 342 461 251 42 63 24 48 37 1189 295 85 70 20 36 689 4049 348 19173 2171 804 465 1231 68811 4016 1553 265 219 65 29 69 637 144 381 775 163 190 28 39 83 21 78 322 236 213
internal_value=2.00124e-12 0.018531 -0.000444371 0.00602156 -0.0154204 -0.000251402 -0.0409163 -0.0697898 0.000147552 0.0297359 0.0350706 -0.0888721 -0.00242985 0.067972 -0.118784 -0.000217089 -0.00956705 -0.0124723 0.000832781 0.000401992 -0.0171261 -0.0238657 0.0010503 0.0261811 0.000565877 -0.0118164 -0.0207577 -0.000115906 -0.0649024 -0.0282271 -0.100755 -0.171992 -0.019496 -0.0452509 -0.0194359 0.0279751 0.00128919 -0.0426266 -0.115839 -0.0352623 -0.174638 -0.0960688 0.0355043 0.0563538 -0.0138423 0.0128108
internal_weight=110811 2595 108216 2071 1199 107893 738 487 106376 1295 1258 424 109 524 315 105081 10608 9919 94473 92997 3317 2975 89680 1696 87984 9883 5602 4281 323 1517 163 98 1354 717 525 1476 701 353 192 81 111 69 872 613 259 291
internal_count=110811 2595 108216 2071 1199 107893 738 487 106376 1295 1258 424 109 524 315 105081 10608 9919 94473 92997 3317 2975 89680 1696 87984 9883 5602 4281 323 1517 163 98 1354 717 525 1476 701 353 192 81 111 69 872 613 259 291
is_linear=0
shrinkage=0.0998


Tree=114
num_leaves=47
num_cat=0
split_feature=42 60 26 90 69 11 69 4 55 63 30 81 7 0 93 37 13 33 36 22 66 1 88 87 38 67 96 8 85 31 95 99 64 54 75 83 66 6 87 79 29 87 90 25 92 73
split_gain=88.9407 107.327 148.278 183.988 164.078 145.837 149.847 162.959 168.879 135.251 133.524 132.846 117.546 152.97 114.733 150.969 111.748 109.665 106.983 118.376 105.033 104.487 104.14 136.542 109.488 128.698 154.889 137.412 107.46 100.494 99.0022 116.299 121.464 101.365 114.412 98.9414 97.7898 134.082 128.335 123.84 113.309 100.902 110.911 97.6381 139.076 100.072
threshold=-0.050997875882669644 -0.017746932857423698 0.027225598304078006 -0.052110943488647039 -0.096271898359653676 0.050848171604593755 0.051869328072097202 -0.15366850724505382 -0.0049400827932722493 0.039788771699142307 0.028162770896472053 0.024275502967347703 0.055179646868793709 0.14516156248346071 0.055101418569298004 -0.0058961645016589988 -0.0085981386328196473 0.06660008996918601 -0.042312686756755591 -0.015725741296144447 -0.005405566039483849 -0.0011303825497638498 0.062645243750447013 -0.04462059071633339 0.039800248207911552 -0.035219142254316292 -0.061036591802729391 -0.10288318913157178 0.067132634469187921 -0.0069561656909110491 0.075649031410353368 -0.036908370799790639 0.011888741621412452 -0.020841440761948396 -0.040550535146184195 -0.044116721954240247 -0.0032951856689014494 0.087590834189241212 -0.024794003427693195 -0.047505527612921337 -0.10282473433565557 0.061695798180709506 0.020645028844115055 0.020915175553313153 -0.087328722193977679 -0.023650324481582045
decision_type=2 2 2 2 2 2 2 2 2 2 2 2 2 2 2 2 2 2 2 2 2 2 2 2 2 2 2 2 2 2 2 2 2 2 2 2 2 2 2 2 2 2 2 2 2 2
left_child=36 30 3 16 11 6 7 21 -9 22 12 29 -11 -14 -8 -16 17 18 -3 -20 -7 -6 24 -24 25 26 -4 -28 -26 -5 -2 32 -32 34 -33 -36 40 39 -39 -38 -1 42 -41 44 -22 -45
right_child=1 2 9 4 5 20 14 8 -10 10 -12 -13 13 -15 15 -17 -18 -19 19 -21 43 -23 23 -25 28 -27 27 -29 -30 -31 31 33 -34 -35 35 -37 37 38 -40 41 -42 -43 -44 45 -46 -47
leaf_value=0.089954115628228165 0.0049981612227623035 -0.078783761140732586 -0.19886012760639885 -0.052944388733300214 0.00076515021400082219 -0.0070502399546067251 0.018946606407007207 -0.018497242117067256 -0.0053667167894965182 0.010230724504786504 -0.050381885976298432 0.0037403725755034071 -0.22838656976981009 -0.026640636205166317 0.027316887605587644 -0.1415201995096152 0.041154490938803898 -0.14698491297481106 0.068816104106794909 -0.015309743617137807 -0.23356412354546291 0.062889939165666126 -0.1510200884482408 -0.012495225067169418 -0.0063042973935079063 0.019002104392721399 -0.15599077934804292 -0.00057458565227835531 -0.13771702082527335 -0.21447966433949769 -0.048632669667541983 -0.23051265889507616 -0.2657747230213422 0.010985541177632235 0.14418343150466681 -0.062651901081549055 0.067484532355100962 0.15132103520469753 0.036726408821940504 0.019977669567794128 -0.0037447946125222543 -0.08465220316987386 -0.016150504784053728 -0.0087292622306714539 0.0077136473623618616 0.051806912543738502
leaf_weight=132 29680 131 43 68 622 3305 2667 17755 21655 1460 780 99 46 201 105 106 1312 51 285 401 24 476 83 485 1961 9695 59 1430 64 88 75 36 39 511 26 202 384 133 363 3345 4911 113 1133 358 2781 1132
leaf_count=132 29680 131 43 68 622 3305 2667 17755 21655 1460 780 99 46 201 105 106 1312 51 285 401 24 476 83 485 1961 9695 59 1430 64 88 75 36 39 511 26 202 384 133 363 3345 4911 113 1133 358 2781 1132
internal_value=-1.47068e-11 -0.000915439 -0.00307705 -0.00561976 -0.00682782 -0.00642843 -0.00866237 -0.0102257 -0.0112823 0.00525273 -0.0161727 -0.0866829 -0.00054112 -0.0642128 0.0133418 -0.0575017 0.0227758 -0.00500406 0.00385889 0.0196405 0.0063244 0.0276972 0.00910838 -0.0327374 0.010902 0.0147545 -0.0121254 -0.00673278 -0.0104576 -0.144067 0.00401521 -0.0288014 -0.122918 -0.0149571 -0.0651719 -0.0390654 0.00873272 0.0179734 0.0674544 0.0130402 -0.00129224 0.0084864 0.0108367 0.0166162 0.00564924 0.037262
internal_weight=110811 100297 69728 53421 51241 50986 43386 40508 39410 16307 2487 255 1707 247 2878 211 2180 868 817 686 7600 1098 13820 568 13252 11227 1532 1489 2025 156 30569 889 114 775 264 228 10514 5471 496 4975 5043 4591 4478 4295 2805 1490
internal_count=110811 100297 69728 53421 51241 50986 43386 40508 39410 16307 2487 255 1707 247 2878 211 2180 868 817 686 7600 1098 13820 568 13252 11227 1532 1489 2025 156 30569 889 114 775 264 228 10514 5471 496 4975 5043 4591 4478 4295 2805 1490
is_linear=0
shrinkage=0.0998


Tree=115
num_leaves=47
num_cat=0
split_feature=42 3 0 99 49 15 68 61 28 18 85 15 11 40 31 12 96 24 100 8 7 95 75 88 75 75 49 10 100 81 36 34 84 39 42 100 78 32 21 59 38 94 66 92 51 43
split_gain=87.2153 145.694 129.267 117.269 101.261 137.311 100.729 95.4316 95.2551 135.416 223.498 125.688 127.283 168.293 161.189 157.512 152.007 145.903 140.002 136.4 147.901 145.251 134.112 123.318 144.321 162.208 114.229 112.773 128.759 127.339 141.753 140.058 131.213 153.117 126.086 117.946 110.048 109.699 104.703 97.3507 95.2404 116.185 142.858 100.619 107.355 93.7235
threshold=0.11831861655590166 -0.077636584285353291 0.084523903549994714 0.010208790341400551 0.1088757827541308 -0.032520778612505637 0.075968719243223612 -0.073251746712616292 0.025985087069816552 0.065960180164184964 0.028149809517464455 0.11429078169592517 -0.066770264626139039 -0.015433004001775297 -0.078205024427311282 -0.0075055064920199989 -0.014737030239153699 0.050150687741229556 -0.95304999999999984 0.22485277145329771 -0.0043623931269413489 -0.017801721968772496 -0.012749080663564798 0.053970564243461604 -0.0092998737812189491 -0.027649508874152996 0.061751476742481208 -0.0034890663271180994 0.47730000000000006 -0.018461978164685446 -0.011759846932830048 -0.010227662658597148 0.011215160588477801 0.094993284139536324 0.07541678043374557 -0.97464999999999991 0.023583328657859004 -0.085067419871019193 0.014634885021916151 0.038503289050770856 0.0067022536565285512 0.013787547069381251 0.036304310121228207 0.049898019930217509 -0.0088656868432047987 0.018322293679836853
decision_type=2 2 2 2 2 2 2 2 2 2 2 2 2 2 2 2 2 2 2 2 2 2 2 2 2 2 2 2 2 2 2 2 2 2 2 2 2 2 2 2 2 2 2 2 2 2
left_child=4 -2 3 -3 6 -6 8 -4 11 27 40 12 19 14 26 17 -16 -15 -17 20 22 -22 -1 24 25 -12 -14 29 34 30 35 -32 36 -34 39 -10 -31 -36 -30 -29 43 42 -42 -11 -45 -13
right_child=1 2 7 -5 5 -7 -8 -9 9 10 23 45 13 15 16 18 -18 -19 -20 -21 21 -23 -24 -25 -26 -27 -28 28 38 32 31 -33 33 -35 37 -37 -38 -39 -40 -41 41 -43 -44 44 -46 -47
leaf_value=0.017940214660248033 -0.17179973726156442 -0.0047479982921055383 -0.22460377765923739 -0.32183166189606371 0.087399412974497409 0.0095870287686441787 0.021896692954568264 -0.0036309726912102059 0.143132656343851 0.027683131700956085 -0.086409729226762572 0.011487703506125359 -0.053977967786349945 0.011531082685917297 0.005584324904461431 -0.034004985360012972 -0.011956782625132121 -0.0159656971141913 -0.0013391878011409324 0.066495057208169644 -0.066382712921671999 -0.019147119302125436 -0.018457631801611158 -0.28331891762100414 -0.11213506762061352 0.13648407215637465 0.10211720026707162 0.026495544341572672 0.010733864802198931 0.022385255126121564 0.02906067589922336 -0.020844679832161657 -0.012869136586325757 0.13330016192153912 -0.26007714773470703 -0.045015019790676868 -0.012132565737287502 -0.027661851161313932 -0.021247837257715799 -0.0076837795562350129 -0.045422245201518156 0.031297341984279616 -0.25140869415640027 -0.29186012721389532 -0.019783294217639531 0.071466365316089075
leaf_weight=1552 68 21 20 26 301 905 2040 729 34 821 71 880 992 18271 7156 1380 15751 2148 24635 199 962 1989 2878 29 268 60 49 7208 2858 4551 947 1371 3215 73 22 1385 1153 251 1585 938 358 184 37 20 52 368
leaf_count=1552 68 21 20 26 301 905 2040 729 34 821 71 880 992 18271 7156 1380 15751 2148 24635 199 962 1989 2878 29 268 60 49 7208 2858 4551 947 1371 3215 73 22 1385 1153 251 1585 938 358 184 37 20 52 368
internal_value=1.24857e-11 -0.0315842 -0.019606 -0.180156 0.000248199 0.0290079 -7.07619e-05 -0.00953145 -0.000490754 0.00457082 -0.0211353 -0.00224745 -0.00275043 -0.00142707 -0.00822249 0.00207762 -0.00647705 0.00863853 -0.00307199 -0.0150381 -0.0172364 -0.0345455 -0.00570606 -0.0846133 -0.070171 0.015679 -0.0466305 0.00647937 0.0130701 -0.000180203 -0.0156641 -0.000456254 0.00625479 -0.00962389 0.020324 -0.0405069 0.0154079 -0.0463913 -0.000675318 0.0225598 -0.00267844 -0.0342048 -0.0647172 0.0177625 -0.0953602 0.0291737
internal_weight=110811 864 796 47 109947 1206 108741 749 106701 27491 1900 79210 77962 70382 23948 46434 22907 20419 26015 7580 7381 2951 4430 428 399 131 1041 25591 12862 12729 3737 2318 8992 3288 8419 1419 5704 273 4443 8146 1472 579 395 893 72 1248
internal_count=110811 864 796 47 109947 1206 108741 749 106701 27491 1900 79210 77962 70382 23948 46434 22907 20419 26015 7580 7381 2951 4430 428 399 131 1041 25591 12862 12729 3737 2318 8992 3288 8419 1419 5704 273 4443 8146 1472 579 395 893 72 1248
is_linear=0
shrinkage=0.0998


Tree=116
num_leaves=47
num_cat=0
split_feature=3 31 9 11 2 46 8 36 69 0 64 60 31 43 64 82 7 14 62 12 49 40 55 69 100 68 14 85 92 20 53 16 30 79 59 75 87 95 0 71 100 15 25 12 23 78
split_gain=85.5873 100.049 96.5214 162.168 158.729 201.027 193.531 164.799 141.099 155.087 143.698 179.703 140.224 142.703 139.356 151.468 137.898 130.482 130.429 134.483 126.031 124.965 123.302 134.478 130.025 129.168 121.838 119.796 119.532 118.401 118.398 206.435 155.282 149.156 141.153 118.326 116.819 181.163 208.074 134.596 131.178 139.001 110.58 109.899 109.747 129.247
threshold=0.18320225866052992 -0.056405694904297497 0.0032962987332410005 0.087725925740820401 -0.10244492144549054 -0.021033378492529699 -0.070020059576774235 0.0065933316924074508 -0.028214242461986599 0.23559507531861598 -0.025388291539525747 -0.031882733430595438 -0.078205024427311282 0.015812083514788852 0.015708596694897155 -0.067147066997331126 0.17465723710244555 0.021664139546299303 -0.0072598927292589991 -0.081820279176513286 -0.045555685935247343 0.0022220954291779504 -0.058248764258085145 0.045138791043896155 -0.92004999999999992 -0.083059174391951637 0.0077632362976423012 0.0023517998801812503 -0.05798422905038849 0.026866213204826253 -0.022604460897800296 -0.0030050161275795495 0.09514369846306131 -0.065117890559312927 -0.033934393216108048 -0.026190038939934494 0.017222834957835952 -0.042273132025844845 0.11262149321123831 0.053962071883878852 0.15395000000000003 -0.10991302374874019 0.0024431926504886003 -0.099296014195057139 -0.021398544260496297 0.015753234928517254
decision_type=2 2 2 2 2 2 2 2 2 2 2 2 2 2 2 2 2 2 2 2 2 2 2 2 2 2 2 2 2 2 2 2 2 2 2 2 2 2 2 2 2 2 2 2 2 2
left_child=2 -2 12 4 -4 7 8 44 9 27 -10 -12 13 17 16 21 22 -1 19 26 -21 -16 24 25 35 -24 -9 -7 -11 -27 31 32 -8 -32 -35 -14 39 38 -38 40 41 -17 -37 -15 -6 -46
right_child=1 -3 3 -5 5 6 30 18 10 28 11 -13 14 43 15 36 -18 -19 -20 20 -22 -23 23 -25 -26 29 -28 -29 -30 -31 33 -33 -34 34 -36 42 37 -39 -40 -41 -42 -43 -44 -45 45 -47
leaf_value=-0.070496187769759772 -0.10151260294402545 0.040027189322706075 0.011875773395251098 0.021123696001855277 -0.052029266148059736 -0.050333426352241514 -0.025146223246051001 -0.0013779838645220574 0.032920700838694479 -0.25391965304970743 0.037442124031450565 -0.044004728990912657 -0.34281853210017799 -0.17088526884811267 0.0069202192607239138 -0.061320437937691888 -0.097736155587299312 -0.0067594453372057887 -0.01940816300171555 -0.028707538363961112 0.036056520143413352 0.10182051463142658 -0.050423978097573673 0.020083109196940559 -0.016395364354741919 0.0040936015315167469 -0.1646000507545867 -0.16886346513745348 -0.0019095191600450618 -0.0086686454508136824 0.066751454474726774 0.0069757687069263797 -0.15661692059874413 0.025918876941587368 -0.00058776682230854622 0.067066377239674332 -0.29490318016310529 0.0018278272254865211 -0.044659249298678844 -0.022885776222446315 0.0042905003082012371 0.02777159684613735 -0.1724403229714177 0.0084845412362265522 -0.010263468725265207 -0.048165403148846327
leaf_weight=759 53 809 4819 2466 1644 157 3266 116 483 20 333 1422 21 35 241 179 143 553 2701 378 1437 324 500 3630 2407 26797 75 185 299 9921 371 3097 92 2296 15572 32 36 4496 410 922 4971 6819 48 1217 2977 1282
leaf_count=759 53 809 4819 2466 1644 157 3266 116 483 20 333 1422 21 35 241 179 143 553 2701 378 1437 324 500 3630 2407 26797 75 185 299 9921 371 3097 92 2296 15572 32 36 4496 410 922 4971 6819 48 1217 2977 1282
internal_value=3.62977e-11 0.0313246 -0.000245585 -0.00376562 -0.00519226 -0.00734526 -0.00285608 -0.0190201 -0.0272498 -0.0677631 -0.0152841 -0.0285507 0.00223839 -0.0206318 0.00318575 0.0104671 0.000106076 -0.0436315 -0.00509125 0.0141859 0.0225685 0.0613409 0.000428786 0.00174756 -0.0210502 -4.07701e-05 -0.0654704 -0.114451 -0.0177095 0.000645313 7.67231e-06 -0.0116084 -0.0287482 0.00411875 0.00281828 -0.131982 0.00885531 -0.00419039 -0.0648583 0.0138566 0.016687 0.0254927 -0.0766376 0.00347021 -0.0301268 -0.0216723
internal_weight=110811 862 109949 45488 43022 38203 27593 10610 2899 661 2238 1755 64461 2564 61897 18398 43499 1312 4707 2006 1815 565 43356 40848 2508 37218 191 342 319 36718 24694 6455 3358 18239 17868 101 17833 4942 446 12891 11969 6998 80 1252 5903 4259
internal_count=110811 862 109949 45488 43022 38203 27593 10610 2899 661 2238 1755 64461 2564 61897 18398 43499 1312 4707 2006 1815 565 43356 40848 2508 37218 191 342 319 36718 24694 6455 3358 18239 17868 101 17833 4942 446 12891 11969 6998 80 1252 5903 4259
is_linear=0
shrinkage=0.0998


Tree=117
num_leaves=47
num_cat=0
split_feature=84 69 0 6 51 29 26 96 19 0 95 59 8 98 44 70 0 36 23 22 79 100 47 17 25 46 8 34 40 5 1 74 80 41 60 53 61 63 54 100 67 6 19 80 58 31
split_gain=83.9098 120.471 148.055 133.078 129.988 110.886 164.97 135.957 289.607 152.893 170.805 144.338 144.754 190.836 149.589 133.431 154.598 238.932 225.255 194.095 177.835 161.706 210.757 130.072 147.071 121.078 117.316 126.24 132.686 116.904 163.84 133.47 117.665 176.676 138.505 116.173 115.73 124.678 125.917 115.727 116.825 114.673 108.674 129.487 116.015 108.298
threshold=-0.046650882796107643 -0.05236244908660434 0.15767120797048992 -0.025025567489632399 -0.034193969412351692 0.050368798428460107 0.11838855171119995 0.028037732159382253 -0.017028667013199248 0.14909832317517038 -0.024588523137712946 -0.028138345353932195 0.021761284894841804 0.015021726233398602 0.012928145227952052 -0.025535143848342396 0.10020182995503346 0.0096848912417038507 -0.0015559557581188497 -0.035621628698688894 -0.019096815246970846 -0.42139999999999994 0.011812008129893851 -0.018135957571351249 -0.024249525658346996 0.033216728784852358 0.19520345599467237 0.051907964861713458 -0.09038331877505508 0.16958822993925374 0.089766673992635618 0.045884463612895207 0.043436865028185258 -0.056883603787003696 0.085013539302772917 -0.022176022582361298 0.076838489079294817 0.031145051091733204 0.06921852304730626 -0.42139999999999994 0.006691859079901801 -0.10340810078733619 0.011028718586791652 -0.019501180210235246 -0.027175472929142994 0.024859440553921704
decision_type=2 2 2 2 2 2 2 2 2 2 2 2 2 2 2 2 2 2 2 2 2 2 2 2 2 2 2 2 2 2 2 2 2 2 2 2 2 2 2 2 2 2 2 2 2 2
left_child=1 2 3 -1 -4 6 7 15 -9 11 23 -10 14 -14 -13 16 17 21 19 -19 -20 22 -2 24 -11 29 27 -18 -29 32 -31 -32 34 -34 -17 -23 -27 38 -38 40 -12 -7 43 -8 -44 -43
right_child=5 -3 4 -5 -6 41 42 8 9 10 39 12 13 -15 -16 25 26 18 20 -21 -22 35 -24 -25 -26 36 -28 28 -30 30 31 -33 33 -35 -36 -37 37 -39 -40 -41 -42 45 44 -45 -46 -47
leaf_value=-0.26202416936781098 -0.11569832683499685 0.012531014062704912 0.095193580155962645 -0.056590734148019871 -0.034538130278712061 -0.052997139758056928 0.13779920129208906 0.0079361658204632549 0.014699711443919938 -0.14654298034326224 -0.0023702556717554251 -0.057470476709551049 -0.14376067569144835 -0.017682555756245468 0.0012898571595973288 0.0031585133116460752 -0.0013675958693988941 -0.17663986633431039 -0.25290621071600394 0.026266835053291009 -0.093320912063719147 -0.069889834390075942 0.11656547149766464 -0.01548039710201486 -0.042492403662029686 0.016499342743387015 0.057216030871989322 -0.18475833212775261 -0.026668972199484109 0.043416474394449144 -0.020904500146151885 -0.26823079548925161 -0.1075772985680358 -0.010733835627084869 -0.048854487077796167 0.053074660870725189 -0.098524790856781438 0.060118733331719611 0.094385650933820467 -0.014055976367628143 0.050861674413286817 -0.013013435677322938 -0.19816305192970868 0.03547654667142331 0.023055485186382497 0.0090010550090482491
leaf_weight=46 189 8155 99 99 345 579 175 6190 416 197 1032 1190 317 192 677 43274 12073 59 92 230 285 93 49 868 432 9151 312 55 1371 1290 230 24 198 3582 516 432 248 94 39 2827 682 8908 33 416 83 2967
leaf_count=46 189 8155 99 99 345 579 175 6190 416 197 1032 1190 317 192 677 43274 12073 59 92 230 285 93 49 868 432 9151 312 55 1371 1290 230 24 198 3582 516 432 248 94 39 2827 682 8908 33 416 83 2967
internal_value=-3.92531e-11 0.00938282 -0.0342056 -0.121763 -0.00561147 -0.000803818 0.000422478 4.06298e-05 -0.00861526 -0.0202181 -0.0112881 -0.0395304 -0.0490252 -0.0962027 -0.0361632 0.00180025 -0.00651939 -0.0377684 -0.0814478 -0.015157 -0.132265 0.000358091 -0.0678793 -0.0405228 -0.0750806 0.00396223 -0.00328611 -0.00468448 -0.0327664 0.00196452 0.0289907 -0.0442739 0.00108732 -0.0158066 0.00254562 0.0312924 0.0142555 -0.0396377 -0.0723105 -0.00165045 0.0188107 -0.00962766 0.0484404 0.0657751 -0.0398774 -0.00751306
internal_weight=110811 8744 589 145 444 102067 89613 88906 15020 8830 6038 2792 2376 509 1867 73886 15240 1429 666 289 377 763 238 1497 629 58646 13811 13499 1426 49114 1544 254 47570 3780 43790 525 9532 381 287 4541 1714 12454 707 591 116 11875
internal_count=110811 8744 589 145 444 102067 89613 88906 15020 8830 6038 2792 2376 509 1867 73886 15240 1429 666 289 377 763 238 1497 629 58646 13811 13499 1426 49114 1544 254 47570 3780 43790 525 9532 381 287 4541 1714 12454 707 591 116 11875
is_linear=0
shrinkage=0.0998


Tree=118
num_leaves=47
num_cat=0
split_feature=24 44 91 21 57 29 3 57 52 39 60 68 70 67 19 3 68 40 53 88 13 19 3 6 100 25 73 92 5 18 9 18 23 99 35 47 12 26 100 3 40 58 62 17 11 5
split_gain=84.1232 99.7939 103.218 129.368 121.96 122.628 98.2027 126.378 102.352 95.2525 94.9435 140.145 128.08 145.45 162.701 149.618 140.307 127.099 144.898 137.157 118.657 142.084 119.784 118.29 131.608 163.584 185.755 198.509 130.297 155.044 128.561 113.432 145.391 133.173 112.623 114.531 123.238 121.28 117.056 116.145 111.425 188.592 145.155 123.203 110.279 109.712
threshold=-0.07430053697130258 -0.10984383459296625 0.086600828606624061 -0.033694264172632542 0.0029051280456248506 0.032930288799511702 0.023261611600508502 0.081404542464595608 0.0025863204929848006 0.023751107488358254 -0.014429167168030497 0.062529151227643312 0.036088310507429812 -0.0069958799848783993 -0.017028667013199248 0.10115501634649351 -0.030105798096295797 -0.0007289302557472499 0.033168197219244709 -0.033786011957752347 0.10759290909645092 -0.057135294772755793 -0.018201141239484946 0.025765500286820654 0.40205000000000007 0.054561491850831909 0.063613119783717961 0.053936083139218306 0.031675543499455908 0.033442152996806952 0.13409269157169382 -0.017604484139525794 -0.0026755577260133994 -0.0039303090131812485 0.024963280392124552 0.03539155008602541 -0.0248129370348802 -0.097288285728082832 0.66010000000000002 0.10344145402664981 -0.071509976143090945 -0.012606505226561298 -0.00064564715807059986 -0.04328589489994214 0.010550537796070401 0.11842191813129797
decision_type=2 2 2 2 2 2 2 2 2 2 2 2 2 2 2 2 2 2 2 2 2 2 2 2 2 2 2 2 2 2 2 2 2 2 2 2 2 2 2 2 2 2 2 2 2 2
left_child=-1 6 10 4 5 -4 7 -2 -8 -6 23 12 13 20 15 -15 -16 31 19 -19 22 -22 -12 24 25 28 27 -27 30 -30 -3 32 -14 -33 35 37 38 -25 -37 -38 41 42 -26 -43 -20 -36
right_child=1 2 3 -5 9 -7 8 -9 -10 -11 11 -13 17 14 16 -17 -18 18 44 -21 21 -23 -24 34 40 26 -28 -29 29 -31 -32 33 -34 -35 45 36 39 -39 -40 -41 -42 43 -44 -45 -46 -47
leaf_value=0.011818036587507854 -0.040409564829040963 0.0059151764214072974 -0.11125917718423836 -0.010891386647567506 -0.07933206283176121 -0.36069536003651825 -0.043684779222796156 -0.27334950060645741 0.1602991834245166 0.10940746540906952 -0.022509231425802592 0.023572899248684363 -0.014927815736702587 0.0060625230817712141 -0.024541952610673254 0.056415331193362471 -0.002340950086228658 0.070596785238453877 -0.036779021598518945 0.020195900611365281 -0.092556246604025366 0.055297326819235201 -0.0069671500568216915 -0.097620890141178654 -0.055862313799860321 -0.009692990175331543 -0.17759369095763877 -0.2014759397573769 0.037895141715050353 -0.02806985334620463 -0.07953933090727483 0.0081316456900942611 0.044601765905582819 -0.03630134824206141 0.036215109845819736 -0.10265585359343785 -0.0087343837397913984 0.014932971814069442 0.014208839177117953 0.1401398873047105 -0.0064853063751238726 -0.16048401717566277 -0.26602477566280869 0.019252201281755376 0.027125695598941613 -0.061150399536596352
leaf_weight=5691 694 11769 134 802 76 23 49 24 49 41 7259 2035 769 11644 3356 619 18273 670 673 2725 75 473 15454 97 67 1341 76 56 2450 415 178 1211 872 1509 2433 274 768 5613 124 56 8997 46 64 218 448 121
leaf_count=5691 694 11769 134 802 76 23 49 24 49 41 7259 2035 769 11644 3356 619 18273 670 673 2725 75 473 15454 97 67 1341 76 56 2450 415 178 1211 872 1509 2433 274 768 5613 124 56 8997 46 64 218 448 121
internal_value=3.25434e-11 -0.000639806 -0.000367828 -0.0311182 -0.0903221 -0.147801 -0.035405 -0.0481959 0.0583072 -0.0131926 -4.73009e-05 -0.00222273 -0.00301774 -0.00475 -0.000579071 0.00860418 -0.0057857 0.00813514 0.0198702 0.0301425 -0.0108272 0.0350619 -0.0119343 0.00416368 0.000645395 0.00607146 -0.025647 -0.0173808 0.00922575 0.02834 0.00464198 -0.00401698 0.0167052 -0.0165189 0.0136871 0.00708649 -0.0206432 0.0130209 -0.0662457 0.00138329 -0.00876298 -0.0606421 -0.158537 -0.0120655 -0.0112399 0.0316023
internal_weight=110811 105120 104304 1076 274 157 816 718 98 117 103228 68065 66030 57153 33892 12263 21629 8877 4516 3395 23261 548 22713 35163 25677 16285 1473 1397 14812 2865 11947 4361 1641 2720 9486 6932 1222 5710 398 824 9392 395 131 264 1121 2554
internal_count=110811 105120 104304 1076 274 157 816 718 98 117 103228 68065 66030 57153 33892 12263 21629 8877 4516 3395 23261 548 22713 35163 25677 16285 1473 1397 14812 2865 11947 4361 1641 2720 9486 6932 1222 5710 398 824 9392 395 131 264 1121 2554
is_linear=0
shrinkage=0.0998


Tree=119
num_leaves=47
num_cat=0
split_feature=38 22 12 17 11 48 69 72 3 76 25 31 49 28 18 24 5 27 61 87 42 66 31 8 59 7 60 6 21 82 88 7 74 14 79 100 0 59 27 55 84 23 22 32 60 45
split_gain=81.7769 106.289 102.326 120.33 117.829 157.478 187.571 163.758 148.642 151.127 134.454 136.503 131.463 128.375 142.864 131.286 116.107 113.034 123.058 112.909 115.559 111.82 111.251 107.781 104.714 127.442 104.438 109.119 106.737 102.486 101.723 159.072 96.4202 98.254 94.8131 150.891 145.498 179.1 163.658 166.71 147.191 146.949 167.765 155.495 165.336 154.129
threshold=0.017059647172344952 -0.087060427521272285 -0.039703582313681339 0.058465853457975163 0.038712187538076655 -0.028651835004919444 -0.04873629460226489 -0.011790393698729999 -0.093678183613809737 0.010706014913068851 -0.070577107495659833 0.078111080310894962 -0.086700434063125345 -0.032120161791572892 -0.054455145118061543 -0.013057005415354598 0.012261261497487902 -0.087125214242678176 0.0054751501016731012 -0.073573946746493937 0.032018856801884953 -0.022986568832839446 0.032119939932920012 -0.049968874731000347 0.028819261894200952 0.12380481323308747 -0.053699211427120891 -0.04600884953718589 0.0029588239411497503 0.013933574022077202 0.020033759396358604 -0.021266139684614296 -0.080375118479988281 -0.028565640028726445 0.0036133412190378503 -0.5422499999999999 0.1285057108681438 0.006574791241194651 0.028261423613378602 0.04871059547586646 0.036047970433961206 -0.0015559557581188497 0.065941644858608414 0.017084316849852153 -0.025158995882490848 -0.068934547613959937
decision_type=2 2 2 2 2 2 2 2 2 2 2 2 2 2 2 2 2 2 2 2 2 2 2 2 2 2 2 2 2 2 2 2 2 2 2 2 2 2 2 2 2 2 2 2 2 2
left_child=34 32 3 26 5 8 12 19 16 -10 23 -12 -7 15 -15 -14 -4 18 -6 -8 -21 -18 -23 -9 -19 30 27 -3 -29 -30 -26 -32 33 -2 -1 36 37 38 39 40 -36 43 -43 -38 -45 -46
right_child=1 2 4 -5 17 6 7 10 9 -11 11 -13 13 14 -16 -17 21 24 -20 20 -22 22 -24 -25 25 -27 -28 28 29 -31 31 -33 -34 -35 35 -37 41 -39 -40 -41 -42 42 -44 44 45 -47
leaf_value=0.0050146929760781535 -0.27458119744718784 -0.024848572879230237 0.011507838895929254 0.049267962235483388 -0.27461818128804366 -0.26303205410659314 0.12440002729259432 -0.18272381166619589 -0.0033359091830061148 0.0402169050752011 -0.021041367984979627 0.053195170904845587 -0.018295145283750786 0.067840038704860009 -0.049643255382028281 -0.16825947203094882 -0.24003226516696755 0.01219857265240692 -0.0072292934207152573 0.005204579613464112 -0.033204989867444634 -0.001118751814039197 -0.22305794706594562 -0.052352639562156467 0.001518341756305957 -0.22838697473787029 -0.0016581689144820532 0.14621426364543183 0.078050485919475818 -0.098880125938323529 -0.14000967501714215 0.013046336995592222 0.032157307695170417 0.034500254163444037 -0.033482937535673989 -0.0064576100441318942 -0.014233357888019858 0.019525148052462762 0.039260676290629688 -0.28714911199355947 -0.15179651078423806 0.033357970781027285 -0.032144267903097129 0.08562687649053477 -0.22765543996857274 0.013367052715815746
leaf_weight=41777 21 137 121 570 30 30 72 79 2204 1240 8582 254 92 123 637 158 51 4739 40 4541 942 82 31 315 802 29 6424 140 112 46 146 126 1064 20 1078 24029 2653 962 241 29 116 3872 433 351 27 1243
leaf_count=41777 21 137 121 570 30 30 72 79 2204 1240 8582 254 92 123 637 158 51 4739 40 4541 942 82 31 315 802 29 6424 140 112 46 146 126 1064 20 1078 24029 2653 962 241 29 116 3872 433 351 27 1243
internal_value=9.01088e-12 -0.00407499 -0.0050977 0.00520791 -0.00810408 -0.0118368 -0.0161844 -0.0133027 0.00661327 0.0123451 -0.0214509 -0.0189074 -0.0571515 -0.0510362 -0.0306295 -0.113073 -0.0626517 0.00424192 -0.121825 0.000236129 -0.00139433 -0.117367 -0.0620047 -0.0784931 0.00575247 -0.021943 0.00154641 0.0488711 0.0827623 0.026539 -0.0163686 -0.0691087 0.0263703 -0.12381 0.00180377 -0.00202515 0.00765295 -0.0139263 -0.0359074 -0.0507198 -0.0449774 0.0137552 0.0267697 0.000646346 0.0249991 0.00824295
internal_weight=110811 34000 32895 7429 25466 19554 15825 14785 3729 3444 9230 8836 1040 1010 760 250 285 5912 70 5555 5483 164 113 394 5842 1103 6859 435 298 158 1074 272 1105 41 76811 35034 11005 2426 1464 1223 1194 8579 4305 4274 1621 1270
internal_count=110811 34000 32895 7429 25466 19554 15825 14785 3729 3444 9230 8836 1040 1010 760 250 285 5912 70 5555 5483 164 113 394 5842 1103 6859 435 298 158 1074 272 1105 41 76811 35034 11005 2426 1464 1223 1194 8579 4305 4274 1621 1270
is_linear=0
shrinkage=0.0998


Tree=120
num_leaves=47
num_cat=0
split_feature=34 91 100 8 0 80 89 36 37 51 0 10 55 30 4 71 18 21 11 28 12 24 15 67 0 26 8 41 45 3 90 40 14 9 65 36 55 25 73 94 93 67 48 100 83 72
split_gain=79.4743 116.651 128.42 157.08 147.734 143.401 143.036 158.049 130.437 143.141 118.905 135.222 134.201 128.724 175.213 133.62 123.275 116.261 124.428 114.455 121.913 175.688 150.795 145.193 141.319 179.039 150.529 141.199 136.179 131.548 127.631 174.883 145.4 121.332 125.341 113.095 112.363 110.127 109.957 108.938 104.076 102.164 101.332 120.938 101.232 100.947
threshold=-0.029403871826759496 0.056117566137694704 -0.22714999999999999 -0.16074976389456561 0.11000102750885447 0.029399021576866451 0.022269541401150856 0.017555943324647903 -0.021331281352629298 0.027989058684306501 0.29692304742960279 -0.11492887948578079 -0.0065926223582022494 -0.0018831194288044999 0.064289379494728863 -0.0123822166376468 0.018712995688795305 0.10525850206223876 -0.12536486058254201 0.077225608832147755 0.020094401802819305 0.050150687741229556 -0.056602689056735343 0.0080181166740527516 0.078263711997384369 0.032745475413298801 0.015365972834846602 -0.13190626322746651 0.043024670582835454 0.18320225866052992 0.0096525747100804013 -0.019532868278278947 0.014523436215746251 -0.12540519002426134 0.11789088437622167 0.039096036348023257 -0.044930002364831488 0.11239210612620405 -0.038723423613284041 0.0049576702514023512 0.0054146584936722005 0.0030779750970407502 -0.032282867479961445 -0.87114999999999987 0.016283479349779102 -0.012098983348443349
decision_type=2 2 2 2 2 2 2 2 2 2 2 2 2 2 2 2 2 2 2 2 2 2 2 2 2 2 2 2 2 2 2 2 2 2 2 2 2 2 2 2 2 2 2 2 2 2
left_child=1 2 3 -1 5 8 7 -7 9 -5 11 12 16 14 -13 -15 -6 18 -2 20 21 23 27 30 25 26 -23 -22 39 33 32 -32 -20 35 -35 -24 -3 -4 40 -26 -25 -38 -19 -44 -40 -10
right_child=17 36 37 4 10 6 -8 -9 45 -11 -12 13 -14 15 -16 -17 -18 42 19 -21 22 24 29 38 28 -27 -28 -29 -30 -31 31 -33 -34 34 -36 -37 41 -39 44 -41 -42 -43 43 -45 -46 -47
leaf_value=-0.11899980624545188 -0.030086321392706363 -0.10254055978052137 -0.00016151387690843203 0.10768785444422774 -0.21574433593111381 -0.1386077236002918 -0.33147560773670676 0.11710588292235678 0.03703469554405002 -0.16055905202316201 0.073177488585045178 0.049541541690516645 0.032920401173392927 0.035236668852453891 -0.011641542414544041 -0.0041763356123210348 0.028957381382892874 -0.0063388159879069952 -0.0035182152196493602 0.016196975279630446 0.169002677023328 -0.10970411720089286 0.096828489081672742 0.011388840745120501 -0.032426556229294787 -0.32597642643759644 0.14518239275545908 -0.029717464106487651 0.019131969919234486 0.07430930927235832 -0.030651872878209648 -0.0023857429109316861 0.014642888116952371 -0.0068774306641684758 0.097137345987095919 -0.14273478113954718 0.017040162026614417 0.061851956001962964 0.0075242097829367758 -0.0025822563792479202 -0.034397252314775618 -0.050334441068703065 0.11817873642836393 0.028156459951794013 0.025360072293878173 -0.076708753804277094
leaf_weight=84 1534 166 14363 143 70 89 25 33 119 23 430 2311 75 1301 584 2509 29 673 12071 3525 36 113 182 937 2862 30 29 3314 1096 207 3072 7509 6901 21896 116 22 499 291 12407 2121 1047 407 178 901 4257 224
leaf_count=84 1534 166 14363 143 70 89 25 33 119 23 430 2311 75 1301 584 2509 29 673 12071 3525 36 113 182 937 2862 30 29 3314 1096 207 3072 7509 6901 21896 116 22 499 291 12407 2121 1047 407 178 901 4257 224
internal_value=2.62259e-11 0.00511378 0.00663282 0.0167606 0.0181923 -0.0271762 -0.114003 -0.0694393 -0.00210045 0.0705211 0.0222642 0.0190817 -0.0677776 0.0213358 0.0371993 0.00928202 -0.144064 -0.00139689 -0.00191969 -0.00140378 -0.00217714 0.000499422 -0.00783204 0.00254089 -0.0152422 -0.104451 -0.0576498 -0.027582 -0.0127181 -0.0048814 -0.00181013 -0.0105923 0.00308782 -0.00561927 -0.00632929 0.0709932 -0.0270567 0.00106995 0.0094363 -0.0197234 -0.0127735 -0.0132264 0.0240518 0.0430072 0.0120806 -0.0372467
internal_weight=110811 23775 22703 8049 7965 656 147 122 509 166 7309 6879 174 6705 2895 3810 99 87036 85284 83750 80225 54452 25773 48201 6251 172 142 3350 6079 22423 29553 10581 18972 22216 22012 204 1072 14654 18648 4983 1984 906 1752 1079 16664 343
internal_count=110811 23775 22703 8049 7965 656 147 122 509 166 7309 6879 174 6705 2895 3810 99 87036 85284 83750 80225 54452 25773 48201 6251 172 142 3350 6079 22423 29553 10581 18972 22216 22012 204 1072 14654 18648 4983 1984 906 1752 1079 16664 343
is_linear=0
shrinkage=0.0998


Tree=121
num_leaves=47
num_cat=0
split_feature=38 31 92 12 32 93 27 19 29 30 90 90 93 30 0 77 83 64 100 36 94 42 66 63 23 12 71 23 68 20 0 90 57 65 98 43 74 9 14 1 13 4 8 57 92 87
split_gain=77.9771 101.499 119.977 174.717 99.9022 97.661 96.3817 124.089 103.464 147.173 99.6971 95.9782 85.9418 104.204 137.612 133.669 132.774 124.616 122.019 111.501 104.872 100.784 156.327 191.973 134.429 160.257 136.825 126.974 118.63 115.796 115.566 230.356 308.124 176.659 277.533 161.397 160.164 154.955 135.637 117.594 149.93 147.578 112.453 133.03 116.224 112.373
threshold=0.089066326863860068 -0.0025858141593731493 -0.0071355086403763488 0.11127231260559646 0.056359968645218805 0.059870239689162406 -0.0020044787721314994 -0.097145030040495198 -0.049171791048805889 0.0066095542177685004 0.0056116394435305013 -0.011066549744190147 -0.051236470097233346 -0.010060863987306297 0.14516156248346071 -0.0019938330281555994 0.00054433217769665006 -0.022614586507620948 -0.3824999999999999 -0.0025710021770790495 0.034662601241590804 0.0044237546353489013 -0.036486868688072244 0.028120315214962003 -0.020856334169899498 -0.083873052798128581 -0.018145046556129998 0.054198850145476506 0.06688916640433111 0.059762068439959556 0.14653929794322268 -0.0086388082969946992 0.029172410900128502 -0.041537570101971996 0.0045179721357403507 -0.045788828394913141 0.0014934512481550501 0.059598292638332252 0.023568848744679401 -0.012671036047544099 -0.038006863382511191 -0.023320823423141897 -0.036321300608618191 0.011390517982563552 0.039254088785228958 0.025117918028657003
decision_type=2 2 2 2 2 2 2 2 2 2 2 2 2 2 2 2 2 2 2 2 2 2 2 2 2 2 2 2 2 2 2 2 2 2 2 2 2 2 2 2 2 2 2 2 2 2
left_child=12 4 3 5 -2 -3 7 -4 9 -9 -8 -6 13 18 15 16 17 -15 20 -17 -1 28 23 24 25 -23 -26 30 -14 -30 31 32 37 34 -33 -34 -35 -24 42 40 -40 -41 43 -32 -44 -25
right_child=1 2 6 -5 11 -7 10 8 -10 -11 -12 -13 21 14 -16 19 -18 -19 -20 -21 -22 22 27 45 26 -27 -28 -29 29 -31 38 33 35 36 -36 -37 -38 -39 39 41 -42 -43 44 -45 -46 -47
leaf_value=0.071108891018118459 0.021909623915947637 0.025151079024119661 -0.25707382617061469 -0.27137588124627415 0.030598655572180687 -0.17691483901250363 -0.060115289407763173 -0.27891095688080786 -0.048942758888494114 -0.0048216994188725951 0.031277425532001184 -0.11273479406235584 0.0017794936940678358 -0.12024417815497992 0.010612392872796359 -0.1697925593470003 -0.07296289013777342 0.061315962010544948 0.012301344436180495 -0.0423894270607224 -0.028738003672769324 -0.15193604184091633 0.020359370463723603 -0.035376840894433603 0.031923125681675851 -0.023591048676942842 -0.012341305356588311 0.015538807342387747 0.036350333191852401 -0.046187457178622264 -0.021568446034642284 0.0010966049561434783 -0.23310135525942527 -0.001995705269435509 -0.11951485841336179 -0.03723037879763872 -0.02901647313767242 -0.071439175120007775 -0.029068807382650216 0.0070506301733182994 0.011928541111879428 -0.043515415400900176 0.0077051840813757485 0.016577864432015105 0.038262046614580096 -0.10232051926844105
leaf_weight=742 847 506 38 22 76 25 283 50 402 32 205 120 52413 44 2699 110 180 261 2052 181 122 103 4453 1027 1089 1636 1925 3963 1624 189 2564 345 44 4401 423 878 4339 191 1260 853 3013 1763 10164 1412 1412 330
leaf_count=742 847 506 38 22 76 25 283 50 402 32 205 120 52413 44 2699 110 180 261 2052 181 122 103 4453 1027 1089 1636 1925 3963 1624 189 2564 345 44 4401 423 878 4339 191 1260 853 3013 1763 10164 1412 1412 330
internal_value=1.28026e-11 -0.0170592 -0.0331485 0.00421936 0.00705156 0.0156376 -0.0536083 -0.0834169 -0.0697827 -0.171949 -0.0217229 -0.0571565 0.000410853 0.0116369 -3.66669e-05 -0.0370751 -0.00499092 0.0351237 0.0255484 -0.0905487 0.0570101 -0.000293824 -0.00364561 -0.0185491 -0.0090968 -0.0311929 0.00365205 -0.00145023 0.00264766 0.027746 -0.00324491 -0.0100034 0.00612121 -0.0194428 -0.0653339 -0.0465778 -0.0154102 0.0165838 0.00129488 -0.0103628 -0.000160544 -0.0270273 0.00645884 -0.00802152 0.0114324 -0.0516564
internal_weight=110811 2606 1563 553 1043 531 1010 522 484 82 488 196 108205 6391 3475 776 485 305 2916 291 864 101814 47588 6110 4753 1739 3014 41478 54226 1813 37515 15074 5566 9508 768 922 8740 4644 22441 6889 4273 2616 15552 3976 11576 1357
internal_count=110811 2606 1563 553 1043 531 1010 522 484 82 488 196 108205 6391 3475 776 485 305 2916 291 864 101814 47588 6110 4753 1739 3014 41478 54226 1813 37515 15074 5566 9508 768 922 8740 4644 22441 6889 4273 2616 15552 3976 11576 1357
is_linear=0
shrinkage=0.0998


Tree=122
num_leaves=47
num_cat=0
split_feature=62 39 51 46 18 44 5 16 58 2 94 70 31 51 2 48 79 8 86 69 33 12 87 20 27 68 50 91 80 35 21 48 84 87 87 17 92 95 11 69 32 93 69 49 7 9
split_gain=78.4072 96.5814 129.183 131.061 140.811 119.356 157.825 129.693 170.62 168.268 123.763 117.056 108.358 112.2 102.597 131.435 102.248 101.963 124.238 99.5353 97.0954 137.53 127.584 127.255 169.555 147.178 123.669 128.972 119.291 146.259 140.296 144.525 117.045 114.962 117.019 110.459 136.707 109.443 107.657 105.1 109.834 104.203 102.419 128.036 114.174 99.1316
threshold=0.05058794189166866 0.032098163544501956 0.017862408198014452 -0.037370635693408295 -0.012117209448889648 -0.028889256182848898 0.018795176950726404 0.043730802262753561 0.026102236196875055 0.054650319486332907 0.0034839898655040506 -0.0032919179864330495 0.027444728537683854 0.0013428321952390504 -0.10244492144549054 -0.015317244632270749 -0.0016676698472459499 0.021139784696263954 -0.0086583781763636975 -0.015450858830715447 -0.012563186779835847 0.048545527351206409 -0.040928818771096991 0.081829696878544009 -0.0072800871498160486 0.017487023702002152 -0.052024872996300646 -0.029057150549428198 0.0011119441314626003 -0.012375246638361847 0.028137802218828601 -0.030108252335957045 0.016080823323738103 0.0037435692931275005 0.044124294142839506 0.0085381093165452521 -0.0080282069255615488 -0.046045058570837745 0.011464867805649851 0.028134536880844805 -0.032672042734090093 -0.011178563139907399 1.0000000180025095e-35 0.029267893665106504 0.089060067168469773 0.048219016271894607
decision_type=2 2 2 2 2 2 2 2 2 2 2 2 2 2 2 2 2 2 2 2 2 2 2 2 2 2 2 2 2 2 2 2 2 2 2 2 2 2 2 2 2 2 2 2 2 2
left_child=-1 20 5 -4 -5 7 10 8 9 -3 12 -9 13 16 -6 -16 -7 -12 -19 -15 26 22 32 25 -25 42 45 41 33 37 31 -31 -22 -29 38 -26 -37 -30 -35 40 -23 -28 44 -44 -24 -2
right_child=1 2 3 4 14 6 -8 11 -10 -11 17 -13 -14 19 15 -17 -18 18 -20 -21 21 39 23 24 35 -27 27 28 29 30 -32 -33 -34 34 -36 36 -38 -39 -40 -41 -42 -43 43 -45 -46 -47
leaf_value=0.00079562849114514749 -0.040383125203108203 -0.057542766121421986 0.144523901056723 0.035260366748893344 0.12003061927278837 -0.051102005122782249 -0.089580653276844904 -0.10465356125397414 0.060994367646505794 -0.27563249557579261 0.074429813837739639 -0.39933624886184932 -0.12325073115718314 -0.21098880871524833 0.01853541560174728 -0.1242118427821033 0.068835306576431707 -0.16030034606128324 0.048798472588631639 -0.010594202808172514 0.10230308995150346 0.02228115995246107 -0.042727047472648279 -0.21474343327149228 0.096665144854441429 0.039507579432306796 0.11085872329283786 0.032646906358648704 -0.25327611112996939 -0.17166383538915594 0.099873012717844309 -0.0090339725408780155 -0.042188050454833682 -0.096247151636363687 0.062103813484549311 0.064977007380693133 -0.22803313381365367 -0.077637322937550254 0.0094302946225655344 0.035053638313733641 -0.066497303107128786 -0.00039314092275908761 0.045207386669503823 -0.057163380653302003 0.067836899563290601 -0.15630553229972721
leaf_weight=101678 277 114 63 376 30 124 323 29 70 51 240 25 118 47 99 183 165 49 67 52 276 184 760 57 56 1266 146 572 40 67 90 290 70 255 104 29 35 303 154 211 565 197 541 157 106 100
leaf_count=101678 277 114 63 376 30 124 323 29 70 51 240 25 118 47 99 183 165 49 67 52 276 184 760 57 56 1266 146 572 40 67 90 290 70 255 104 29 35 303 154 211 565 197 541 157 106 100
internal_value=1.36963e-11 -0.00885776 -0.0269412 0.00674842 -0.00586765 -0.044106 -0.0300813 -0.101612 -0.0695639 -0.124952 -0.00778636 -0.241081 -0.0395055 -0.0140366 -0.0554322 -0.0740984 0.0173743 0.0372976 -0.0395278 -0.105731 -0.00303325 0.00614443 0.0156802 0.0090766 -0.0730167 0.0142111 -0.0182869 -0.00930474 -0.0195978 -0.0490986 -0.0114827 -0.0395555 0.0730708 0.00188209 -0.032421 -0.00569649 -0.0952629 -0.09812 -0.0564566 -0.0271614 -0.0446879 0.0469619 -0.00626554 0.0221813 -0.0291938 -0.0711318
internal_weight=110811 9133 2225 751 688 1474 1185 289 235 165 862 54 506 388 312 282 289 356 116 99 6908 4313 3353 3007 177 2830 2595 2218 1875 790 447 357 346 1085 513 120 64 343 409 960 749 343 1564 698 866 377
internal_count=110811 9133 2225 751 688 1474 1185 289 235 165 862 54 506 388 312 282 289 356 116 99 6908 4313 3353 3007 177 2830 2595 2218 1875 790 447 357 346 1085 513 120 64 343 409 960 749 343 1564 698 866 377
is_linear=0
shrinkage=0.0998


Tree=123
num_leaves=47
num_cat=0
split_feature=19 33 78 4 31 61 2 77 78 80 51 65 86 39 90 93 55 26 94 7 75 11 63 20 57 17 5 89 10 65 28 67 54 9 77 69 3 66 49 29 79 43 62 91 47 54
split_gain=75.0974 115.006 135.001 157.885 155.545 136.019 120.016 119.407 118.836 118.305 158.852 125.896 118.787 116.348 184.784 156.474 142.472 133.302 131.721 115.534 124.909 108.953 108.081 117.61 121.322 111.106 121.361 111.507 112.001 109.855 109.634 112.403 138.1 166.041 163.935 143.489 142.364 130.832 114.723 114.532 108.018 111.361 107.189 109.617 129.24 133.944
threshold=0.021164155982204804 0.046526429892714903 -0.008458957972674647 -0.035326609017970141 -0.059982963111623745 0.04496052497727316 0.16643589288885638 0.064381369644063713 -0.0090747208774172479 0.004151237780886251 0.098454291130128713 0.11789088437622167 0.0026431032573724007 0.013986153156560802 -0.041571327132858341 0.036116325666757411 -0.03328515690821849 0.0084433582162745519 -0.023148812141995097 0.14177564617113228 0.024434744170237253 -0.065416308036392742 0.08385387183681571 -0.051338700243623546 -0.048207946813403693 -0.079733386262233336 0.037509996495933756 0.029530999516220704 0.031184044458268303 0.055783201260693312 0.085403255109252216 0.014020072541956951 0.0090553883429865516 0.032971317340178503 -0.027576970637524945 0.010895998679469401 -0.10152016796101658 0.010420059575302702 -0.04466616414950119 -0.027476040947344096 0.0064941350784392506 -0.061478175291833193 -0.0099795419485994488 0.019062238488468556 -0.059377990144471045 0.0080011056765500518
decision_type=2 2 2 2 2 2 2 2 2 2 2 2 2 2 2 2 2 2 2 2 2 2 2 2 2 2 2 2 2 2 2 2 2 2 2 2 2 2 2 2 2 2 2 2 2 2
left_child=22 2 4 5 6 7 -2 13 9 10 11 21 -11 15 18 16 -4 -16 -15 -5 -21 -6 23 24 29 26 42 28 -28 -1 31 32 34 37 36 -36 -27 -34 -33 -35 -26 -42 -25 44 45 -44
right_child=1 -3 3 19 8 -7 -8 -9 -10 12 -12 -13 -14 14 17 -17 -18 -19 -20 20 -22 -23 -24 25 40 30 27 -29 -30 -31 -32 38 33 39 35 -37 -38 -39 -40 -41 41 -43 43 -45 -46 -47
leaf_value=-0.03190826760003606 -0.039886968859711415 0.010794562149753566 -0.10090848875839017 -0.0051027269179762169 -0.040315656080043491 0.030755952055872095 0.19065640200159473 -0.13132326258131935 0.080613519987186799 0.03104653111701285 -0.14982661003830905 0.1878552341082517 -0.0014510465487756791 -0.24014164677345753 -0.030122228610828843 -0.11948614740174754 -0.025087409685961664 0.040076551076377552 -0.047341654985255249 -0.093297183369118991 0.06048046858739968 0.0008508440990559902 -0.024901205832967441 -0.040131693069933465 0.026824071637872864 -0.070667221397369445 -0.13051497656574504 0.027506936027772908 0.056237217570750696 0.11389927387374368 0.027625672410608072 -0.013833407798413626 0.0025220367589409826 0.014831855984307626 -0.016913157528925853 -0.00014888279907616445 0.014210362049338079 0.022658872942913365 0.0096511236521809578 -0.023147242726285485 -0.064717505926381383 0.0080872802357350032 -0.0039521538801339214 -0.045069659777306093 0.038130777351728394 -0.28783597221302987
leaf_weight=801 1015 4493 288 12436 742 342 23 124 207 2453 75 34 2062 50 498 251 1727 587 120 276 65 4674 1495 756 4611 206 236 82 37 55 1567 2337 8594 1080 12896 8396 4418 5133 18257 2954 225 2990 49 287 782 25
leaf_count=801 1015 4493 288 12436 742 342 23 124 207 2453 75 34 2062 50 498 251 1727 587 120 276 65 4674 1495 756 4611 206 236 82 37 55 1567 2337 8594 1080 12896 8396 4418 5133 18257 2954 225 2990 49 287 782 25
internal_value=1.23936e-11 -0.00402925 -0.00640379 -0.0120845 0.00203497 -0.0294227 -0.0347786 -0.0350691 0.00576411 0.0042209 -0.00557236 -0.00358721 0.0162049 -0.0316793 -0.007302 -0.0451803 -0.0359244 0.00785628 -0.104048 -0.0066742 -0.0639847 -0.00478903 0.00167525 0.00219276 0.0131319 0.000797978 -0.0209898 -0.0745498 -0.105204 -0.0225398 0.0015439 0.000907992 -0.00195788 0.00482089 -0.00660357 -0.0103026 0.0104291 0.0100519 0.00698611 -0.0129793 0.0170336 0.00299208 -0.0109773 0.00830597 0.0262018 -0.0998588
internal_weight=110811 32542 28049 16764 11285 3987 1038 3645 10247 10040 5525 5450 4515 3521 1255 2266 2015 1085 170 12777 341 5416 78269 76774 8682 68092 2254 355 273 856 65838 64271 43677 17761 25916 21292 4624 13727 20594 4034 7826 3215 1899 1143 856 74
internal_count=110811 32542 28049 16764 11285 3987 1038 3645 10247 10040 5525 5450 4515 3521 1255 2266 2015 1085 170 12777 341 5416 78269 76774 8682 68092 2254 355 273 856 65838 64271 43677 17761 25916 21292 4624 13727 20594 4034 7826 3215 1899 1143 856 74
is_linear=0
shrinkage=0.0998


Tree=124
num_leaves=47
num_cat=0
split_feature=19 7 24 98 19 62 3 39 15 34 9 51 0 25 21 91 27 48 19 3 2 65 95 85 12 13 23 83 94 38 94 11 4 42 11 26 31 6 36 92 98 18 37 84 7 44
split_gain=72.6934 83.3367 105.294 106.35 103.245 85.8978 82.8029 82.4086 101.703 103.503 121.798 111.498 187.443 216.205 251.442 209.541 199 180.013 163.776 135.598 169.677 172.339 120.237 135.466 150.579 126.867 121.364 125.697 142.698 134.772 113.28 109.682 104.888 103.913 102.913 102.34 115.506 96.0459 89.2482 155.209 145.21 100.719 98.837 121.155 99.9647 88.3711
threshold=-0.10105715696322749 -0.017270520361984749 -0.028695206234808795 0.055508659379878159 -0.11764302185134494 -0.018249174519361495 0.03870733624931131 -0.064510821965487436 0.11429078169592517 0.051907964861713458 0.1777796226144763 -0.00068661230353489987 0.070343430994422321 -0.0020902283914874995 -0.0086713016488395491 -0.013067349389710598 -0.0080297683569068492 0.00096139697277990014 -0.019221730765361895 0.042096081610435959 -0.12369240928797857 -0.041537570101971996 -0.06966232044890934 -0.010360776345797297 -0.018142121409194047 0.047588622721717308 -0.074198738043791193 0.018277175530444102 0.064888330339103767 0.028098198459494055 -0.08664575828008024 -0.022812517313069196 -0.0039251600010326996 -0.0052711770169227489 -0.010022129077029799 0.13521239938327292 -0.069477722017208546 0.074203221455054161 -0.0067038877222528994 0.031742138686571657 -0.032832327061917445 0.025984262700311202 0.019894063481558404 -0.0011823809788505497 -0.00099775140616724964 0.067121827009642324
decision_type=2 2 2 2 2 2 2 2 2 2 2 2 2 2 2 2 2 2 2 2 2 2 2 2 2 2 2 2 2 2 2 2 2 2 2 2 2 2 2 2 2 2 2 2 2 2
left_child=1 2 -1 5 -5 -4 -3 45 9 11 37 22 13 14 15 -13 -16 18 -15 20 -14 -22 23 -9 33 -26 35 29 -29 -28 32 -19 -21 -25 -32 36 -24 38 42 40 -40 -41 44 -44 -11 -2
right_child=7 6 3 4 -6 -7 -8 8 -10 10 -12 12 19 17 16 -17 -18 31 -20 30 21 -23 26 24 25 -27 27 28 -30 -31 34 -33 -34 -35 -36 -37 -38 -39 39 41 -42 -43 43 -45 -46 -47
leaf_value=0.044942702103750357 0.0067638598608708266 0.019855268853207514 0.030932078056926549 -0.030515387484940086 -0.2697148347412236 -0.034690325283991415 0.077761882902881441 0.012652641635342857 0.022157986315712867 0.0063388682056064183 -0.19252145472023938 -0.14722329204269163 0.032009563199667308 -0.12080515809766948 -0.22963597682164263 0.030324350659564566 -0.076397306428448233 0.16314392573352782 -0.0081791939044987359 -0.22530475261822341 -0.029419504914114252 -0.0050087069562983018 -0.10467896924680398 -0.017529328658315354 -0.07152137662868123 0.058108288479885355 0.0050157094134896359 0.012239999670703829 0.090667145034366958 -0.010997522332981619 0.019879622604501223 0.020190958294494212 0.035280307469129558 -0.20706222077583514 0.00029269539395884356 0.13356252828794857 -0.015597093297026529 0.013980311436832775 -0.061964603668254466 0.048681620748128887 -0.0079847538582509606 -0.029740674722239933 -0.020257363564438011 -0.093819377637748197 -0.041349058228026488 0.047439205020720208
leaf_weight=344 6192 1052 320 41 32 524 321 362 1837 918 37 91 1117 188 143 243 206 62 407 40 3222 27185 156 40 253 107 24463 11064 236 6660 4073 388 25 103 7766 43 2051 1300 581 686 3407 214 444 448 837 582
leaf_count=344 6192 1052 320 41 32 524 321 362 1837 918 37 91 1117 188 143 243 206 62 407 40 3222 27185 156 40 253 107 24463 11064 236 6660 4073 388 25 103 7766 43 2051 1300 581 686 3407 214 444 448 837 582
internal_value=4.15925e-12 0.0163812 -0.00214209 -0.0198053 -0.13537 -0.00980979 0.0333935 -0.000398866 -0.00111081 -0.00154012 -0.0118281 -0.000533718 -0.00404774 -0.0362822 -0.0799477 -0.0180494 -0.139186 -0.00774286 -0.0437652 -0.00276513 -0.006192 -0.00759533 0.00295082 -0.0339025 -0.0674074 -0.0329926 0.00366441 0.00486238 0.0138779 0.00158904 0.00630986 0.0398867 -0.12508 -0.154046 0.00703123 -0.0189228 -0.0218938 -0.0110714 -0.0153935 -0.00740066 -0.0158489 0.0300345 -0.0301532 -0.0572033 -0.0164046 0.0102586
internal_weight=110811 2634 1261 917 73 844 1373 108177 101403 99566 8872 90694 45156 1728 683 334 349 1045 595 43428 31524 30407 45538 865 503 360 44673 42423 11300 31123 11904 450 65 143 11839 2250 2207 8835 7535 4888 3988 900 2647 892 1755 6774
internal_count=110811 2634 1261 917 73 844 1373 108177 101403 99566 8872 90694 45156 1728 683 334 349 1045 595 43428 31524 30407 45538 865 503 360 44673 42423 11300 31123 11904 450 65 143 11839 2250 2207 8835 7535 4888 3988 900 2647 892 1755 6774
is_linear=0
shrinkage=0.0998


Tree=125
num_leaves=47
num_cat=0
split_feature=71 46 70 49 23 34 53 57 44 99 13 41 11 55 51 20 14 97 19 15 92 62 68 1 4 90 42 26 25 10 94 80 77 11 25 0 45 60 7 91 39 15 2 74 76 46
split_gain=72.4905 102.916 150.938 141.151 126.102 119.454 115.329 123 113.84 133.862 134.727 113.435 113.125 122.93 118.113 123.895 104.098 103.417 125.358 103.348 101.837 125.931 125.044 130.062 131.697 124.136 122.361 129.285 116.939 115.986 134.77 143.305 114.652 147.105 152.103 197.163 162.87 145.598 143.022 142.005 136.41 144.349 158.858 128.931 126.78 135.245
threshold=0.019827738354579454 -0.021033378492529699 0.058058332997847809 0.03942918298671861 -0.043013694295692795 0.076514654030738816 -0.052358465063417493 0.010027372415156251 -0.044521201123905237 0.085592216882778668 -0.073464582977839324 0.073884884749233118 -0.036931703115824589 0.026827393337771205 0.029612297043924603 0.093505484769818112 -0.066595640011556698 -0.041652385105824495 -0.069690187933493089 -0.062054601658982245 0.031742138686571657 0.11675850793571542 0.030656170846301654 -0.06855066784985929 0.1018864741080432 0.06894951333545736 -0.071767462645814781 -0.069633369429932188 0.021878727726546452 0.0087403043127645529 0.011586397227009953 0.044346821471649957 -0.0062067961101021493 -0.10246340893092402 -0.0110198908626478 0.10906143179108536 -0.0020301626469473996 0.049618456381192604 0.17465723710244555 -0.033341486788212339 0.0019284449243562004 -0.10991302374874019 -0.027962366914513447 0.028206958060210903 0.011007750070601402 0.057162676924289405
decision_type=2 2 2 2 2 2 2 2 2 2 2 2 2 2 2 2 2 2 2 2 2 2 2 2 2 2 2 2 2 2 2 2 2 2 2 2 2 2 2 2 2 2 2 2 2 2
left_child=20 3 5 4 -2 -3 -7 11 9 10 -6 16 13 17 15 -14 -8 -4 -19 -9 21 25 23 -22 -25 32 -26 -28 29 30 31 -27 33 -1 35 36 -35 -36 40 -37 44 -42 -43 -39 45 -34
right_child=1 2 12 -5 8 6 7 19 -10 -11 -12 -13 14 -15 -16 -17 -18 18 -20 -21 22 -23 -24 24 26 28 27 -29 -30 -31 -32 -33 38 34 37 39 -38 43 -40 -41 41 42 -44 -45 -46 -47
leaf_value=-0.029897724042337509 -0.048848210301189701 -0.0017260634881480614 0.16141209978638063 0.016742898134910856 -0.1363903909801914 -0.16536321050272221 0.053055023765611192 0.19729276230392917 -0.019327170571513889 0.26712962691996778 0.021811914913111047 -0.28263284404977507 0.033270601189004288 0.16028388537790625 -0.042642421782743724 -0.1691991344274292 -0.084908276081565995 -0.17553540662700931 0.038396718930012459 -0.00024311743325916891 0.02220827440094237 -0.071114733900947621 0.031489308023631583 6.403020511794705e-05 0.157401021656394 -0.072313532225745103 -0.24637619620599646 -0.057418100075721741 0.016286780200359036 -0.0064472172558156324 -0.0074723175460527482 -0.21881874267665238 -0.0042612974496938965 -0.0048685992408412345 0.015242671662567103 0.033085600187144307 -0.068812536019008483 -0.0069420041580180733 -0.076784705203907122 -0.0018411350766181867 -0.070590156156590311 0.0070089198846062552 -0.013213856584061018 -0.098509080485556552 0.015079705933166168 0.037758204437086738
leaf_weight=1117 1185 16531 60 1291 57 72 71 31 4975 21 903 23 1039 110 309 31 234 30 301 177 3082 247 2191 6682 20 451 47 155 505 597 272 78 13126 850 16490 1359 744 1137 257 7896 363 5572 12658 177 6477 810
leaf_count=1117 1185 16531 60 1291 57 72 71 31 4975 21 903 23 1039 110 309 31 234 30 301 177 3082 247 2191 6682 20 451 47 155 505 597 272 78 13126 850 16490 1359 744 1137 257 7896 363 5572 12658 177 6477 810
internal_value=-3.14659e-12 -0.00444815 -0.000379361 -0.0136256 -0.0191158 -0.00332393 -0.0467686 -0.030838 -0.0132003 0.0178712 0.0124187 -0.0689091 0.0264648 0.0670804 0.0117088 0.0274047 -0.0527922 0.0408595 0.0190071 0.0291973 0.00146481 2.20671e-05 0.00989861 0.00516145 -0.00244838 0.000269766 -0.0780697 -0.101384 -0.0248754 -0.0397444 -0.0645615 -0.0939154 0.000962931 0.00563378 0.00701893 -0.00229598 -0.0347145 0.012695 -0.0025786 0.00328749 -0.00208968 -0.00827363 -0.00703276 -0.0192764 0.00354292 -0.001819
internal_weight=110811 27451 19019 8432 7141 17139 608 536 5956 981 960 328 1880 501 1379 1070 305 391 331 208 83360 71183 12177 9986 6904 70936 222 202 1903 1398 801 529 69033 29770 28653 10849 1594 17804 39263 9255 39006 18593 18230 1314 20413 13936
internal_count=110811 27451 19019 8432 7141 17139 608 536 5956 981 960 328 1880 501 1379 1070 305 391 331 208 83360 71183 12177 9986 6904 70936 222 202 1903 1398 801 529 69033 29770 28653 10849 1594 17804 39263 9255 39006 18593 18230 1314 20413 13936
is_linear=0
shrinkage=0.0998


Tree=126
num_leaves=47
num_cat=0
split_feature=9 1 75 22 47 43 17 60 100 14 24 75 25 90 95 39 13 84 40 96 25 0 19 94 98 36 65 37 10 23 7 95 9 90 91 23 80 59 0 65 18 100 0 93 59 74
split_gain=74.003 118.558 127.233 94.9503 100.123 98.0271 95.3577 92.4898 92.268 124.58 110.815 122.697 112.514 124.216 117.307 160.594 107.855 97.3665 104.905 124.854 101.04 168.376 137.634 128.625 121.538 114.889 130.556 94.4193 121.406 116.121 108.49 93.7345 92.6489 168.772 145.373 92.252 92.1418 146.01 148.066 135.796 137.871 130.257 168.721 195.387 165.679 211.669
threshold=0.094949386485631324 -0.15482403420593177 0.089763778272768116 0.10932420719646672 -0.030398409580770596 -0.057065380053688948 0.0050590772225858503 0.0094801558339200013 -0.97184999999999988 0.074483199804552314 -0.037226981213606791 -0.045784677371890445 0.016235852676353652 0.044913529865830207 -0.0060264629452807484 0.056465695431533555 1.0000000180025095e-35 0.05065767875757516 -0.061232982278913446 0.054406752800430704 -0.005855801819847949 0.11936379563258732 -0.012635564521802348 0.015128009463624451 -0.0088201338678605481 -0.024826834023267096 -0.020660585787543595 -0.0058961645016589988 -0.028894770702524549 0.00077709358427230011 0.030681698165730801 -0.0036297649227795994 -0.010132685783385598 -0.013610125015251049 -0.015242393969852249 -0.050630121537996842 -0.00092140837885899992 -0.010334785456969298 0.26687329187070763 -0.028230901734497247 -0.0043147789465875991 0.38240000000000002 0.15373934122071545 0.026484777659818205 0.011436177374861403 0.048985793978211505
decision_type=2 2 2 2 2 2 2 2 2 2 2 2 2 2 2 2 2 2 2 2 2 2 2 2 2 2 2 2 2 2 2 2 2 2 2 2 2 2 2 2 2 2 2 2 2 2
left_child=1 2 -1 4 -2 6 35 -8 9 10 -3 -12 14 16 -13 -16 -14 36 19 27 21 32 25 24 -24 26 -22 28 -19 -30 -29 -32 33 -20 -34 -6 41 38 -38 40 -39 42 44 -44 45 -10
right_child=3 8 -4 -5 5 -7 7 -9 17 -11 11 12 13 -15 15 -17 -18 18 20 -21 22 -23 23 -25 -26 -27 -28 30 29 -31 31 -33 34 -35 -36 -37 37 39 -40 -41 -42 -43 43 -45 -46 -47
leaf_value=0.028806464712686188 0.014466874767751626 0.037589550579255109 -0.1251049309468879 -0.08480442598945731 -0.3296676219844818 -0.012382082814445724 0.048119313192710782 -0.11065308815356223 -0.0067169358834522344 -0.14090710659410832 0.09967391372801386 -0.052289806888092899 -0.033538030351197498 0.14152701734226683 0.039964749421884764 -0.21222566966811818 -0.14616059787171057 0.0076217822707998449 0.08966031927103478 -0.21316487136211659 0.056840243648304971 -0.012454410019330521 0.0713558132789259 -0.017297117849861234 0.012577239468849059 -0.0045148972820346555 -0.10026704090162201 0.041073897612464438 -0.23649992701100453 -0.043690700703885942 0.010474048330157231 -0.20833379750127595 0.037757032636746214 -0.10153652269371441 -0.22923375484307362 -0.098425148845256355 0.002956797694269213 -0.0050846817016872298 0.036488495558035017 -0.0026570399794894634 -0.03666772369288223 -0.0021476470812317435 0.021089908515569269 -0.0045112055326639294 0.016379781822054358 -0.097728802792604236
leaf_weight=1956 1374 301 55 169 20 3815 89 62 6436 85 69 440 148 23 367 27 198 78 62 45 65 2324 588 642 867 1125 278 188 70 56 39 39 27 178 82 122 16896 2949 1422 26880 2582 17054 12855 3861 3538 265
leaf_count=1956 1374 301 55 169 20 3815 89 62 6436 85 69 440 148 23 367 27 198 78 62 45 65 2324 588 642 867 1125 278 188 70 56 39 39 27 178 82 122 16896 2949 1422 26880 2582 17054 12855 3861 3538 265
internal_value=5.00914e-13 0.000597862 0.0245971 -0.0111257 -0.0088543 -0.0166545 -0.0722836 -0.017072 0.000129972 -0.0232232 -0.0168639 -0.0297495 -0.0371728 -0.0830577 -0.0168712 0.0226827 -0.0979868 0.000511479 -0.0110666 -0.0543577 -0.00749251 -0.022161 0.00350577 0.0199127 0.0363311 -0.0199311 -0.0704945 -0.0391528 -0.0902313 -0.150807 2.01599e-05 -0.0989299 -0.0867974 -0.052144 -0.163098 -0.130995 0.00133677 -0.00156217 0.00555982 -0.00558736 -0.0198284 0.00467837 0.00899708 0.0151767 -0.00109158 -0.0103161
internal_weight=110811 105160 2011 5651 5482 4108 293 151 103149 1658 1573 1272 1203 369 834 394 346 101491 6753 515 6238 2673 3565 2097 1455 1468 343 470 204 126 266 78 349 240 109 142 94738 50729 18318 32411 5531 44009 26955 16716 10239 6701
internal_count=110811 105160 2011 5651 5482 4108 293 151 103149 1658 1573 1272 1203 369 834 394 346 101491 6753 515 6238 2673 3565 2097 1455 1468 343 470 204 126 266 78 349 240 109 142 94738 50729 18318 32411 5531 44009 26955 16716 10239 6701
is_linear=0
shrinkage=0.0998


Tree=127
num_leaves=47
num_cat=0
split_feature=88 45 63 1 26 19 96 40 66 11 27 8 46 99 91 74 22 88 3 81 59 24 87 72 97 3 14 28 2 23 9 100 26 17 60 71 59 43 72 79 71 44 8 43 1 74
split_gain=72.8502 161.643 164.67 160.084 152.653 146.938 149.16 168.597 143.878 177.268 155.241 140.925 140.594 138.069 128.94 125.093 124.89 120.876 122.73 118.594 158.546 118.39 141.492 116.278 116.775 114.376 184.037 181.52 176.01 170.363 148.864 144.249 127.49 127.466 127.001 124.282 120.829 115.506 115.114 114.976 132.868 132.472 118.544 113.188 111.185 109.701
threshold=-0.0023555013540027497 0.038921726551335856 0.030062852676027655 -0.0059103188447005997 0.13521239938327292 -0.049164282996912896 0.027528933982572851 -0.021256897091431196 0.022191770227753805 0.018747849451068655 0.025353129790968206 0.029918607624681303 0.0020464211020962504 -0.016969827504353645 0.071756836734820112 -0.080375118479988281 0.020879115731897702 -0.014427824348743698 -0.13140843142842581 -0.026179662401463997 -0.00028739073796789995 -0.015762694143431247 0.008334178525527201 0.039458764837354207 0.027098170544849951 -0.070993857370241539 0.025144457078500205 -0.018932777041685146 0.049072010085443554 -0.057615292982508788 -0.0022702337887500492 -0.72664999999999991 -0.087780697106298933 -0.085978324766005823 -0.029357245113864547 -0.015363015064042447 -0.063752540260035281 0.030511432546992553 0.071232591948712912 -0.01231318402128955 0.0080787422890923524 0.054050496964064658 -0.085690092122657283 -0.052483930235650893 -0.11786597342299499 -0.020816773103493648
decision_type=2 2 2 2 2 2 2 2 2 2 2 2 2 2 2 2 2 2 2 2 2 2 2 2 2 2 2 2 2 2 2 2 2 2 2 2 2 2 2 2 2 2 2 2 2 2
left_child=1 2 5 23 14 17 45 15 9 10 11 12 -5 -10 -3 -8 -15 -1 -19 -12 -21 22 -9 24 -4 26 28 34 29 30 -2 -30 -33 -34 -28 -36 -37 -32 -35 40 42 -42 44 -26 -27 -7
right_child=25 4 3 8 -6 6 7 21 13 -11 19 -13 -14 16 -16 -17 -18 18 -20 20 -22 -23 -24 -25 43 39 27 -29 31 -31 37 32 33 38 35 36 -38 -39 -40 -41 41 -43 -44 -45 -46 -47
leaf_value=0.0083802454965717782 -0.21731514197013568 0.017013040793279543 0.0003198329808910731 -0.096091418152008903 0.14498553767366498 0.015970289656058258 -0.26769141390547158 -0.0065157087278373159 0.0486816981732913 -0.01033926774396661 0.060780502184628202 -0.14112330024224781 -0.013673044222419767 0.011257753817177887 -0.070204955115005629 -0.038104951758664928 -0.071642525915597666 -0.11665183659816782 0.045216107697206728 -0.12735284335729868 0.014829575294659782 -0.015879491327990027 0.059763952000038173 0.029805169194681722 0.082924229768016292 0.055232262421644911 0.010034412717210426 -0.016881744819121802 0.069806883827465249 -0.0091847707263530472 0.016160724188507135 -0.17192879530264016 -0.12612843913640531 0.02622969272952615 -0.022143820751767376 0.10186157906401158 -0.12278562719939669 -0.18691025742536937 -0.16050090043779244 -0.0043036799201850657 -0.010304073126731676 0.040493397911323468 0.013572319388479477 -0.059968269676933722 -0.065746165405445575 0.00040676879289956101
leaf_weight=3542 74 6996 3101 472 91 5885 24 764 421 1239 150 287 366 441 173 1565 307 48 1664 138 180 2416 553 1055 61 97 163 2177 498 2101 98 39 63 1000 211 25 517 39 34 33232 5996 559 11705 582 344 19318
leaf_count=3542 74 6996 3101 472 91 5885 24 764 421 1239 150 287 366 441 173 1565 307 48 1664 138 180 2416 553 1055 61 97 163 2177 498 2101 98 39 63 1000 211 25 517 39 34 33232 5996 559 11705 582 344 19318
internal_value=1.20907e-11 0.00272929 0.000480316 -0.0117502 0.0165388 0.00348847 0.000835082 -0.0143465 -0.0264922 -0.0386513 -0.0606718 -0.0807661 -0.0600948 0.00296442 0.0149083 -0.0415726 -0.0227668 0.0189043 0.0406778 -0.0123681 -0.0468722 -0.0027574 0.0213147 0.000540342 -0.00770602 -0.00239916 -0.0143374 -0.0325645 -5.04555e-05 -0.01777 -0.103256 0.0250215 0.00538851 0.0116924 -0.0698366 -0.0871261 -0.112424 -0.0416478 0.0200896 -0.000781054 0.00547871 -0.00597215 0.0116586 -0.0464124 -0.0391364 0.00404091
internal_weight=110811 51839 44579 8800 7260 35779 30525 5322 4001 2832 1593 1125 838 1169 7169 1589 748 5254 1712 468 318 3733 1317 4799 3744 58972 7039 3093 3946 2312 211 1634 1136 1097 916 753 542 137 1034 51933 18701 6555 12146 643 441 25203
internal_count=110811 51839 44579 8800 7260 35779 30525 5322 4001 2832 1593 1125 838 1169 7169 1589 748 5254 1712 468 318 3733 1317 4799 3744 58972 7039 3093 3946 2312 211 1634 1136 1097 916 753 542 137 1034 51933 18701 6555 12146 643 441 25203
is_linear=0
shrinkage=0.0998


Tree=128
num_leaves=47
num_cat=0
split_feature=91 59 18 48 34 77 70 100 10 7 76 30 45 51 48 18 7 3 61 46 7 1 43 70 69 15 97 80 14 46 36 38 93 20 90 69 72 4 94 68 24 37 100 90 24 43
split_gain=70.691 120.149 115.228 145.967 146.332 159.095 144.26 156.893 138.385 152.812 131.907 123.842 136.822 144.045 188.825 140.117 138.798 135.911 139.958 123.444 122.179 141.606 128.314 159.972 124.862 124.607 131.611 129.395 118.509 121.425 130.387 116.08 115.713 115.66 111.858 130.705 111.638 116.849 112.468 121.645 111.084 117.49 109.53 108.947 107.176 105.63
threshold=0.010692194638635001 -0.10489779580306173 0.024818314664555054 -0.0010024742300749998 -0.0041371565033125491 0.038837521467831856 0.013194464401619551 -0.29519999999999996 0.081185989016646351 0.028030629676504104 -0.017110873382088197 -0.067081790472652142 -0.016024134243149444 0.00169443701546695 -0.030108252335957045 -0.054455145118061543 0.058519025415882359 -0.013913882252674998 -0.020593574420144246 -0.069656257743535635 0.00049154994822640005 0.17057609265983603 -0.033166637650809648 -0.021557395538891546 -0.029274005001458797 -0.030123886687279947 -0.021251595467035696 -0.019984707633439295 0.026760328054307354 -0.048243260390549041 -0.061194997144193894 0.099487796973382212 -0.0011540002824084997 -0.072987311470798996 -0.021463880892895793 -0.044020783633697998 0.061985036205758605 -0.020214960103482244 -0.04056854837898894 0.023220027534512903 0.036742671097138455 -0.013007515603265449 -0.75764999999999982 0.072368961226447107 0.10994557259447872 -0.017990021657514798
decision_type=2 2 2 2 2 2 2 2 2 2 2 2 2 2 2 2 2 2 2 2 2 2 2 2 2 2 2 2 2 2 2 2 2 2 2 2 2 2 2 2 2 2 2 2 2 2
left_child=2 -2 6 31 -5 -6 8 11 20 28 -7 -8 15 -14 -15 34 -16 18 -17 -19 36 22 23 24 -22 27 -27 -24 -10 32 -31 43 -30 -12 -13 -36 37 38 39 -1 41 -35 -40 -4 -39 -11
right_child=1 -3 3 4 5 10 7 -9 9 45 33 12 13 14 16 17 -18 19 -20 -21 21 -23 25 -25 -26 26 -28 -29 29 30 -32 -33 -34 40 35 -37 -38 44 42 -41 -42 -43 -44 -45 -46 -47
leaf_value=-0.063919687801123948 0.060516799141141615 -0.0039665482155352124 0.006663406443816234 -0.0013597895723733888 -0.021321263370468423 -0.0027919606597595651 0.081600097812530262 0.003683158800180743 0.02784976308143965 0.0061396561244715609 0.062225644990988073 0.15904799145289125 0.048656398679255974 -0.06808096597587783 0.010574780220230019 0.083874954668117688 0.082425505359294327 -0.25547538780750084 -0.0072508547431260799 -0.026786229317679232 -0.07521521447016119 0.038476679748484635 0.0048812693039799798 0.027394895881769812 -0.0017659386336867653 0.0125017576104683 -0.014326805167583709 -0.04216567668829594 -0.016015293300628661 -0.21846995507260164 -0.0030914181537983988 -0.085975324506183073 -0.30673331959997613 -0.18356681131698582 0.16858040523166362 -0.0052667141257226463 -0.040235384600675252 0.0014220752753467383 0.049074665283228049 0.05462941669168235 -0.23880010839110311 -0.035279593422922716 0.014020119909903856 -0.072246105412896097 -0.075913148422528942 0.08003369535458249
leaf_weight=320 290 37889 8312 3884 3609 142 344 9988 756 281 32 83 2185 257 1521 250 325 24 511 1150 290 656 772 1922 1124 2409 7464 2369 25 30 419 142 30 95 53 230 540 12848 1086 118 79 121 4864 178 181 613
leaf_count=320 290 37889 8312 3884 3609 142 344 9988 756 281 32 83 2185 257 1521 250 325 24 511 1150 290 656 772 1922 1124 2409 7464 2369 25 30 419 142 30 95 53 230 540 12848 1086 118 79 121 4864 178 181 613
internal_value=-4.22841e-11 -0.00347675 0.00182755 -0.00547728 -0.0152233 -0.0284273 0.00399066 0.0116896 0.00066029 0.02525 -0.083109 0.0232241 0.0201764 0.0307113 0.0120664 0.000544276 0.0232246 -0.0101664 0.0226854 -0.0314613 -0.000772664 -0.00698838 -0.00881254 0.00864978 -0.0168298 -0.0132888 -0.00778067 -0.0306024 0.00285924 -0.0346266 -0.017482 0.00351227 -0.174589 -0.117987 0.0571705 0.0272912 0.00452394 0.00576873 0.0168254 -0.0319818 -0.137535 -0.100499 0.0204183 0.005009 0.000347728 0.0568075
internal_weight=110811 38179 72632 16594 7962 4078 56038 16921 39117 2154 469 6933 6589 4288 2103 2301 1846 1935 761 1174 36963 17006 16350 3336 1414 13014 9873 3141 1260 504 449 8632 55 327 366 283 19957 19417 6388 438 295 216 5950 8490 13029 894
internal_count=110811 38179 72632 16594 7962 4078 56038 16921 39117 2154 469 6933 6589 4288 2103 2301 1846 1935 761 1174 36963 17006 16350 3336 1414 13014 9873 3141 1260 504 449 8632 55 327 366 283 19957 19417 6388 438 295 216 5950 8490 13029 894
is_linear=0
shrinkage=0.0998


Tree=129
num_leaves=47
num_cat=0
split_feature=62 26 48 48 14 17 24 69 0 40 23 11 40 41 59 28 8 31 11 53 3 60 40 39 5 99 70 94 67 85 33 84 95 13 53 18 92 74 54 55 31 68 26 42 76 13
split_gain=68.0714 74.4759 99.9124 106.497 139.371 95.2196 112.136 92.112 112.265 89.9883 89.2558 88.1331 93.8116 89.8342 85.0433 123.749 115.217 140.919 131.183 138.108 133.539 132.43 134.473 115.589 111.729 109.745 121.719 110.584 109.669 107.947 103.88 102.422 169.256 112.333 140.313 112.428 111.79 111.942 101.498 99.6235 96.7903 127.957 127.111 103.066 100.04 98.9963
threshold=-0.074939323171457142 0.092827874771053615 0.030029236993730453 0.0049115293059089011 0.085526310849901616 0.011820584907614453 0.059483732108407052 -0.00090652689219999992 0.17932172932083582 -0.018663505861031496 0.067631537242217807 -0.10611799478017864 -0.013470269198571147 0.047370654140437056 0.02664991493666435 -0.060643550149978291 0.07489893075387126 0.027444728537683854 0.031567554202066909 0.028627946434614953 0.036136025331986253 -0.0080878528994900497 0.069814290944982108 0.010056828449570452 0.086996782872872866 -0.015924527493965248 0.052185658763850756 -0.038235336089990989 -0.035889823671343093 0.0047548624199199507 0.063225828085214472 0.015726778247700104 -0.055065925195217642 0.07095054613047766 -0.074694504432915379 0.075853322427746062 0.040000975802622504 0.075194172645499754 -0.0067289877575569994 -0.00028233230093524991 -0.023208359056236246 -0.0074168577032310496 -0.048666285616369744 -0.044026473088202296 0.061068859204416161 -0.13848161180466786
decision_type=2 2 2 2 2 2 2 2 2 2 2 2 2 2 2 2 2 2 2 2 2 2 2 2 2 2 2 2 2 2 2 2 2 2 2 2 2 2 2 2 2 2 2 2 2 2
left_child=-1 14 3 4 10 7 -7 8 -5 -10 11 12 -3 -13 15 16 18 23 19 21 -21 22 -2 -18 31 26 -26 -27 29 -25 -23 40 38 36 -35 -36 37 -34 -33 -22 45 42 -42 -43 -45 -16
right_child=1 2 -4 5 -6 6 -8 -9 9 -11 -12 13 -14 -15 24 -17 17 -19 -20 20 39 30 -24 28 25 27 -28 -29 -30 -31 -32 32 33 34 35 -37 -38 -39 -40 -41 41 43 -44 44 -46 -47
leaf_value=0.015882802316013096 -0.010627635463980253 0.05699183285820484 0.057383360247367364 -0.19887712039560465 -0.10771168829184503 -0.018161074262781299 0.15397470976228897 -0.0075694700263285392 -0.16009132640889254 0.017598731414983047 -0.073197779793452614 0.041439753198513382 -0.089148369064707134 0.19214979269751686 -0.22312369384313507 0.0018103123270087806 0.019334580345351536 -0.16007132040401137 0.012960599003238697 -0.011675676831971292 0.0013377015445042741 -0.048668896670765148 0.12740140985053133 -0.072575924743413928 0.026570469807678038 -0.13626391713053043 -0.17092793681621551 -0.03890426147330131 -0.039643018875694998 -0.3688939888294786 0.033469908508532736 -0.2015834598266002 -0.0192362199120234 0.2456842964333707 0.034331447863558046 -0.13842627285973327 0.02155350982524161 -0.11566878390791031 -0.050483625109775561 0.10649634713832462 -0.053540954510310983 0.049362728460477789 -0.00090083571110462647 0.0080512882475212415 0.11093213066955408 -0.01089021672562865
leaf_weight=2624 1406 75 485 77 78 137 52 192 44 80 79 1005 105 41 22 77128 208 107 1995 695 154 2013 74 25 362 136 34 798 116 24 166 72 4752 29 442 41 679 123 115 215 534 767 3164 4854 96 4391
leaf_count=2624 1406 75 485 77 78 137 52 192 44 80 79 1005 105 41 22 77128 208 107 1995 695 154 2013 74 25 362 136 34 798 116 24 166 72 4752 29 442 41 679 123 115 215 534 767 3164 4854 96 4391
internal_value=-6.13759e-12 -0.000385226 0.0168169 0.00680427 0.0218762 -0.029011 0.029199 -0.0570051 -0.104227 -0.0454526 0.0296217 0.0362471 -0.0282566 0.0473471 -0.000783811 0.000642371 -0.0118724 -0.0591093 -0.00849728 -0.0175611 0.0140866 -0.0267639 -0.00372618 -0.0301471 -0.00640075 -0.0344139 0.00961354 -0.0530808 -0.0925239 -0.217711 -0.0424114 -0.00454538 -0.0151445 -0.0122616 0.0324685 0.0196667 -0.0163851 -0.0216693 -0.108661 0.062609 0.000247532 0.00596394 -0.00850219 0.0153213 0.0100466 -0.0119483
internal_weight=110811 108187 2450 1965 1383 582 189 393 201 124 1305 1226 180 1046 105737 84326 7198 480 6718 4723 1064 3659 1480 373 21411 1330 396 934 165 49 2179 20081 6253 6066 512 483 5554 4875 187 369 13828 9415 3698 5717 4950 4413
internal_count=110811 108187 2450 1965 1383 582 189 393 201 124 1305 1226 180 1046 105737 84326 7198 480 6718 4723 1064 3659 1480 373 21411 1330 396 934 165 49 2179 20081 6253 6066 512 483 5554 4875 187 369 13828 9415 3698 5717 4950 4413
is_linear=0
shrinkage=0.0998


Tree=130
num_leaves=47
num_cat=0
split_feature=6 59 54 32 28 89 3 77 91 99 3 13 88 60 89 95 42 89 65 97 59 3 12 23 49 15 10 77 47 87 26 43 4 3 29 4 26 76 85 92 76 2 14 11 28 2
split_gain=68.4942 117.642 106.16 94.6114 120.546 121.051 107.116 105.498 97.3312 173.828 117.498 106.33 99.0918 90.0371 87.3675 81.8647 74.5229 111.541 120.386 128.967 116.617 102.023 148.107 84.2714 82.9598 123.563 93.8506 80.2588 139.634 125.267 110.654 131.233 153.73 112.554 110.419 115.421 128.964 109.497 108.69 103.579 169.307 116.722 111.326 98.3648 96.737 136.633
threshold=0.15112493867595647 -0.039643122974352893 -0.094959443109264227 -0.017962418112691596 -0.053374714707522496 -0.0080888324983952476 -0.11460074262759225 -0.00171418962355365 0.025402785975373904 -0.0030986831078158995 -0.070993857370241539 0.028332787273286104 0.012685865223819001 0.011657018040450351 -0.053721696514093295 -0.0085855143764158471 0.11831861655590166 0.027883676815727954 -0.032618995738524392 0.011355108189405102 0.017704560590151051 0.0041005721969596511 0.010219570932080603 -0.027735900879520596 0.1088757827541308 -0.032520778612505637 0.026404945603839304 0.018431960933817403 -0.0010275215830306999 0.008334178525527201 0.16590264668133978 -0.022370383078158047 0.067180014832260118 0.032849906534460911 0.050368798428460107 1.0000000180025095e-35 0.078972273279722061 0.0079323458853871511 -0.0065799000832967493 0.012497066420849802 -0.046662090383169742 -0.16580757367949528 0.020229109483945604 -0.14225944842784791 -0.034021272143954444 -0.052627909693709694
decision_type=2 2 2 2 2 2 2 2 2 2 2 2 2 2 2 2 2 2 2 2 2 2 2 2 2 2 2 2 2 2 2 2 2 2 2 2 2 2 2 2 2 2 2 2 2 2
left_child=16 -2 -3 4 7 6 13 -4 14 10 11 -10 -11 -6 -5 -8 24 18 -18 20 -20 22 -21 -22 27 26 -26 29 39 30 34 -32 33 -33 35 36 -1 -36 -37 -29 -41 -42 -43 -39 45 -30
right_child=1 2 3 8 5 -7 15 -9 9 12 -12 -13 -14 -15 -16 -17 17 -19 19 21 23 -23 -24 -25 25 -27 -28 28 44 -31 31 32 -34 -35 37 38 -38 43 -40 40 41 42 -44 -45 -46 -47
leaf_value=1.4595872403681141e-05 0.062036130017578073 0.18663440827745945 -0.28799184058327826 -0.11411659381068671 -0.082331760737872017 0.021388535835670307 -0.12282542188469914 -0.039905082694499903 -0.28678814176365419 0.1134638574178955 -0.021194909377787261 -0.041113596890228137 -0.051260525101411242 -0.35570166648853391 0.038000411844862352 0.011492443773821566 -0.19745716207687761 0.033898482681220567 -0.080827753750849524 -0.2910093623242816 -0.12509300243953864 -0.043160842126560843 -0.044356541584094522 0.073929708028088709 0.032866570845264162 0.0074165382408661008 0.14644525777830278 -0.0040103124783931621 0.0072259910262501351 -0.0037360532519193973 0.25897589132703391 -0.045949648019725134 0.30371035001195967 0.1331612740382552 -0.02241046575268529 0.02083143814743937 0.050466740947228299 -0.16638763775778934 0.0052995390966811672 -0.042290171748383391 -0.11517655437335132 0.034181083114235566 -0.0010291226619654321 0.0099045584972441043 -0.0075403908531248027 -0.039579145423140651
leaf_weight=22896 456 32 31 39 28 400 69 38 47 88 80 28 62 21 1052 131 51 207 100 49 24 190 48 181 167 871 128 9264 843 30948 33 111 20 51 2916 7604 516 32 10949 473 62 2765 1322 2117 10910 2361
leaf_count=22896 456 32 31 39 28 400 69 38 47 88 80 28 62 21 1052 131 51 207 100 49 24 190 48 181 167 871 128 9264 843 30948 33 111 20 51 2916 7604 516 32 10949 473 62 2765 1322 2117 10910 2361
internal_value=-1.40656e-12 0.0160009 0.00621894 0.00348796 -0.0259515 -0.012618 -0.0672469 -0.151364 0.0186295 -0.0312103 -0.105328 -0.19507 0.0453778 -0.19949 0.0325627 -0.0348472 -0.000384758 -0.029819 -0.0503315 -0.0376569 0.00752875 -0.0856764 -0.168954 0.0506295 -0.000151716 0.0263238 0.0821482 -0.000442418 -0.00502736 0.0011994 0.00443238 0.0758662 0.042665 0.0104371 0.00410582 0.00578582 0.00112656 -0.0098135 0.0116653 0.00207795 0.0142808 0.0207301 0.0227918 0.00727945 -0.0120179 -0.0272643
internal_weight=110811 2602 2146 2114 718 649 249 69 1396 305 155 75 150 49 1091 200 108209 850 643 592 305 287 97 205 107359 1166 295 106193 28000 78193 47245 215 182 162 47030 41965 23412 5065 18553 13886 4622 4149 4087 2149 14114 3204
internal_count=110811 2602 2146 2114 718 649 249 69 1396 305 155 75 150 49 1091 200 108209 850 643 592 305 287 97 205 107359 1166 295 106193 28000 78193 47245 215 182 162 47030 41965 23412 5065 18553 13886 4622 4149 4087 2149 14114 3204
is_linear=0
shrinkage=0.0998


Tree=131
num_leaves=47
num_cat=0
split_feature=11 71 68 63 60 98 100 0 37 31 68 7 48 47 72 69 38 39 42 15 9 41 93 53 32 5 4 6 77 82 48 42 94 92 31 48 72 30 50 100 10 48 42 27 1 46
split_gain=66.677 88.6782 76.5281 80.2032 84.3988 159.012 101.179 114.659 101.542 98.4058 116.92 106.535 147.077 117.587 93.8524 178.843 145.039 163.408 151.212 132.941 131.866 170.6 172.924 159.219 142.676 136.019 158.633 119.155 160.937 159.056 112.251 110.384 109.989 135.757 104.06 95.9258 95.3149 93.3941 93.2347 110.335 102.63 89.6263 88.6523 84.1858 83.6011 110.105
threshold=0.11572786674830127 0.045219115801078603 -0.083059174391951637 -0.052886120383337842 0.064356932166715106 -0.037389178875941696 0.45865000000000006 0.19940294511226689 0.017173247658364702 0.017229644343447353 -0.060609603840307939 0.037571758838667008 0.065684262254103967 0.060549293061099206 -0.0042609431069485495 -0.044020783633697998 0.0034491162827651003 0.086705464276728469 -0.033424014984513042 -0.076708091414308774 -0.0154027784306552 0.017639407470322305 0.036792798320869756 -0.025801908890166595 0.030931525606360803 0.16958822993925374 0.0089435115434952032 0.034837507984800904 0.04117430215227736 -0.011813172276451398 0.033612314339416062 -0.077052954183263939 -0.013376489742021548 -0.029621561062871348 -0.029625636746539095 0.006234621866924501 -0.010502358466662748 0.070912782192468812 0.0013609399029942003 -0.61224999999999985 -0.0034890663271180994 -0.019688455635924643 0.065021607192793721 0.0095924375200772526 -0.054044491410804495 -0.0089925397433877983
decision_type=2 2 2 2 2 2 2 2 2 2 2 2 2 2 2 2 2 2 2 2 2 2 2 2 2 2 2 2 2 2 2 2 2 2 2 2 2 2 2 2 2 2 2 2 2 2
left_child=2 -2 -1 -4 14 6 7 41 -9 42 -11 13 -13 -12 15 16 32 18 -18 30 27 22 23 -22 -24 26 -23 28 35 -30 36 -21 33 -5 -33 -16 -17 -32 39 -29 -40 -6 44 -27 -7 -46
right_child=1 -3 3 4 5 9 -8 8 -10 10 11 12 -14 -15 20 19 17 -19 -20 31 21 25 24 -25 -26 43 -28 38 29 -31 37 34 -34 -35 -36 -37 -38 -39 40 -41 -42 -43 -44 -45 45 -47
leaf_value=-0.018976989168496699 0.028420196187192701 -0.037534677045304089 0.010474609822606701 0.053376107182667207 -0.021523097982329705 0.029831377440154138 -0.0062617046349344174 0.012419637144197311 -0.12866478257855421 -0.14569372123466967 0.013554195288600255 -0.089013755934016253 0.1034611501639419 -0.1060202211160413 0.0082258051098539186 -0.018980536109544619 0.016144708382983201 0.14375368026586213 -0.054885881460505916 0.039941691221805443 -0.01644117616987532 -0.032167135202885208 -0.040564105378503537 0.006054080820135953 0.022369661972015228 0.1035810633539609 -0.0034127924385013537 0.068983220415794147 0.0057959819147900393 -0.058979605878069954 0.0019285078328071868 -0.0047021364029869277 0.014212748460429048 -0.047070156172440425 0.0085987382331185712 -0.0072932422676051231 -0.079783697477878571 0.11091861876603962 -0.016567651737993475 0.018752582786663516 0.026825128836818351 -0.21507665428465722 0.088776055782129784 0.0060610686654354361 -0.049524150410942533 0.0077920724373837826
leaf_weight=2144 1493 235 6898 164 31 667 182 112 93 81 687 326 45 93 9785 1451 372 49 1511 977 4059 5330 1835 13749 446 130 2979 565 652 897 361 7313 1765 733 29455 6672 312 100 1265 1901 951 103 120 274 522 926
leaf_count=2144 1493 235 6898 164 31 667 182 112 93 81 687 326 45 93 9785 1451 372 49 1511 977 4059 5330 1835 13749 446 130 2979 565 652 897 361 7313 1765 733 29455 6672 312 100 1265 1901 951 103 120 274 522 926
internal_value=-2.87558e-11 0.0194506 -0.00030812 6.61682e-05 -0.000651512 -0.0148777 -0.0662852 -0.0985101 -0.0515845 -0.00715246 -0.0297988 -0.0216428 -0.0656677 -0.000702754 -6.08598e-05 0.00329244 -0.0153561 -0.0361712 -0.0408533 0.00543589 -0.00296303 -0.00744555 -0.00238715 0.000926708 -0.0282588 -0.0191084 -0.0218579 0.00272744 -0.00096061 -0.0317145 -0.0182757 0.00683301 -0.000249152 -0.0287054 0.00595325 0.00193407 -0.0297409 0.0255706 0.0169109 0.0302612 0.00205443 -0.170299 0.00533088 0.0374413 0.000596398 -0.0128703
internal_weight=110811 1728 109083 106939 100041 3988 521 339 205 3467 1232 1151 371 780 96053 44563 4594 1932 1883 39969 51490 28802 20089 17808 2281 8713 8309 22688 18006 1549 2224 37745 2662 897 36768 16457 1763 461 4682 2466 2216 134 2235 404 2115 1448
internal_count=110811 1728 109083 106939 100041 3988 521 339 205 3467 1232 1151 371 780 96053 44563 4594 1932 1883 39969 51490 28802 20089 17808 2281 8713 8309 22688 18006 1549 2224 37745 2662 897 36768 16457 1763 461 4682 2466 2216 134 2235 404 2115 1448
is_linear=0
shrinkage=0.0998


Tree=132
num_leaves=47
num_cat=0
split_feature=0 100 9 30 8 7 21 6 8 1 23 21 69 96 88 67 39 11 90 9 44 88 53 29 47 14 84 73 26 86 44 56 20 57 58 92 37 8 19 76 48 5 100 12 61 4
split_gain=66.2399 222.454 125.928 118.663 130.833 130.054 123.091 116.599 116.249 154.379 170.23 155.204 131.61 126.252 129.166 120.673 143.752 126.683 156.481 115.394 110.079 132.696 128.049 137.725 132.924 118.027 114.986 111.186 142.971 110.967 106.625 155.742 108.455 177.554 132.183 132.104 130.805 159.953 121.548 121.463 146.348 113.985 187.363 138.37 106.636 105.691
threshold=0.23438136552888386 0.10280000000000002 0.07926248906008336 -0.032792336328772896 -0.018735544293164447 0.035145957361888906 -0.031893002421384743 0.13733598468869393 -0.062690654425724732 -0.12786072227555087 -0.0178851296950449 0.010751070128590001 0.040363698831871055 -0.0067377711612231989 0.047504103494298559 0.013654451451850501 -0.020848673229294047 0.010550537796070401 -0.017867620364057295 -0.068292372760330025 -0.037179164142260447 -0.029136272276508796 0.017245412780991953 -0.070913294530804291 -0.017779164257460397 -0.0078325982039445484 -0.017073869124945597 0.036232913045919558 0.0133218225271541 -0.019918957351251546 -0.10984383459296625 0.0015429391247786502 -0.044006946251597588 -0.042038110944200194 -0.010260432145918397 -0.040628832120245546 -0.069884701793816784 0.030693679213553853 0.060922990177793256 0.017524224938785405 -0.069419964021897387 0.16958822993925374 -0.84379999999999988 0.053312914745882255 -0.026189077680348293 -0.007551244806558049
decision_type=2 2 2 2 2 2 2 2 2 2 2 2 2 2 2 2 2 2 2 2 2 2 2 2 2 2 2 2 2 2 2 2 2 2 2 2 2 2 2 2 2 2 2 2 2 2
left_child=2 20 8 5 6 -4 -5 -3 9 -1 11 12 13 14 -11 16 -12 18 -18 -15 21 -2 23 24 -22 -24 29 -27 -29 -26 31 -10 33 34 35 -32 37 39 -35 -34 -41 -38 43 -43 -33 -30
right_child=1 7 3 4 -6 -7 -8 -9 30 10 15 -13 -14 19 -16 -17 17 -19 -20 -21 22 -23 25 -25 26 27 -28 28 45 -31 32 44 36 38 -36 -37 41 -39 -40 40 -42 42 -44 -45 -46 -47
leaf_value=0.041475273650652782 -0.050957688371521419 -0.01016242460401497 -0.063472357477160138 -0.099663284696708626 0.0032232898801184155 0.034373026929868176 -0.020710187684198002 0.027155424337807037 -0.0073024114791816934 -0.020852613377571105 0.018551151422657283 0.00038620057645175114 0.022837389211822302 0.025161102625152896 -0.23406989919185636 0.02454273918817966 -0.0033204963296699602 -0.0018592099565040501 -0.091687102913674948 -0.1094932343330942 0.10551600292750235 0.0072317094542086128 0.058153524898616561 0.0055136395043559406 0.078470822442571322 0.029629659510205835 0.056242821789984937 -0.10693288554892255 -0.12104651118593557 -0.1021850662178125 -0.11670599851819194 0.035023800710355865 -0.022545434342687323 0.018991072433054843 -0.061295612793176683 0.034391186485236272 -0.00019863665261401177 0.017445890198757752 -0.014812914912850512 0.18344778006047011 -0.092084730949387114 0.26497232094748452 0.019578779172239019 -0.022223733168343703 -0.16915072227896452 0.076624996468762308
leaf_weight=462 505 8469 821 234 2922 162 1233 925 339 499 753 627 172 70 30 993 312 662 554 671 280 1719 1302 5803 48 1574 283 147 35 115 68 32 1204 8321 566 378 63458 683 1214 20 480 55 1345 24 125 117
leaf_count=462 505 8469 821 234 2922 162 1233 925 339 499 753 627 172 70 30 993 312 662 554 671 280 1719 1302 5803 48 1574 283 147 35 115 68 32 1204 8321 566 378 63458 683 1214 20 480 55 1345 24 125 117
internal_value=-3.70629e-12 0.00499884 -0.00119104 -0.0160054 -0.00898574 -0.0473473 -0.0333039 -0.00648784 -0.000244951 -0.0138718 -0.0186576 -0.0410662 -0.0590903 -0.070186 -0.0329443 -0.00449648 -0.0171383 -0.0347261 -0.0598506 -0.0967729 0.0140453 -0.00598126 0.018635 0.0106406 0.0516205 0.0350748 0.0177848 0.0190317 -0.036758 -0.0489858 0.000765162 -0.0453601 0.00105917 0.0104686 -0.0292781 0.0113539 -0.000416126 -0.0233602 0.0146871 -0.0397162 -0.0810634 0.000427984 0.0283522 0.177723 -0.127536 0.0311085
internal_weight=110811 21322 89489 5372 4389 983 1467 9394 84117 5805 5343 2069 1442 1270 529 3274 2281 1528 866 741 11928 2224 9704 6529 726 3175 446 1873 299 163 78312 496 77816 10547 1012 446 67269 2387 9535 1704 500 64882 1424 79 157 152
internal_count=110811 21322 89489 5372 4389 983 1467 9394 84117 5805 5343 2069 1442 1270 529 3274 2281 1528 866 741 11928 2224 9704 6529 726 3175 446 1873 299 163 78312 496 77816 10547 1012 446 67269 2387 9535 1704 500 64882 1424 79 157 152
is_linear=0
shrinkage=0.0998


Tree=133
num_leaves=47
num_cat=0
split_feature=38 72 84 29 41 23 90 80 81 58 97 71 27 37 0 68 92 24 14 33 55 9 45 88 29 24 98 1 22 100 50 76 41 35 14 20 32 23 58 75 32 30 31 90 4 98
split_gain=66.3282 90.2885 102.411 103.779 102.13 117.723 96.6883 86.8783 83.8747 108.814 139.443 100.091 98.8612 86.9643 83.8573 103.181 92.8825 112.219 121.532 83.5059 81.0847 80.0461 79.2129 142.617 158.468 150.467 142.584 139.611 129.275 124.174 121.73 129.595 145.875 128.317 125.064 115.06 114.489 114.469 130.807 122.235 143.245 126.282 114.071 110.63 103.32 130.632
threshold=0.056013218138260261 0.054036359396492456 -0.027140008134981897 0.032242538039127355 0.014117816180670801 0.017409329846181754 0.011252516320938601 0.016359051886236403 0.014555023791109302 0.029452816604330401 -0.043486147988131843 0.069603256575461223 0.031463359698312453 -0.068098482977344291 0.10234529961788595 0.0059089987226290507 0.014500996155455052 -0.032140619575440843 0.085526310849901616 -0.0014906326246040497 0.020951444062016652 -0.045380547267881745 0.038921726551335856 0.0025704051133177007 -0.058821740232788695 -0.020891189558520849 -0.047492970347582646 -0.08748175022996374 -0.040184528082189093 -0.84674999999999989 -0.023260878428069048 -0.037496396171561495 0.024581241977760654 0.03755870391757881 -0.0069513886557356491 0.079436117404805454 0.03659322911852201 -0.022359660302872997 -0.045651000890261494 -0.0040988213162296491 0.073595596117579362 -0.017997270213525995 0.042324080144893812 -0.053384095936010144 -0.029855543022216446 0.044298533315216507
decision_type=2 2 2 2 2 2 2 2 2 2 2 2 2 2 2 2 2 2 2 2 2 2 2 2 2 2 2 2 2 2 2 2 2 2 2 2 2 2 2 2 2 2 2 2 2 2
left_child=22 8 4 -4 5 -3 -6 -5 -2 10 12 13 -10 19 15 -12 17 18 -16 -11 -18 -22 -1 25 28 44 27 -27 -25 37 31 33 34 36 -33 43 -31 42 -39 40 -40 -41 -26 -28 45 -24
right_child=1 2 3 7 6 -7 -8 -9 9 11 14 -13 -14 -15 16 -17 20 -19 -20 -21 21 -23 23 24 29 26 35 -29 -30 30 -32 32 -34 -35 -36 -37 -38 38 39 41 -42 -43 -44 -45 -46 -47
leaf_value=-0.00037331158710363088 -0.011722568008560634 -0.26628494923149365 0.0048286487649130743 -0.18029882627630989 0.037938993137950697 -0.068146851833420799 -0.17531186886191369 0.0037083095458704373 -0.10287664211652124 -0.0026057569151339325 -0.2103601653791243 -0.1814674257319607 0.052715749811408065 -0.0036543224569397749 0.01589394513448528 0.080389284719079732 -0.021224728593960546 0.066808399811046651 -0.20447659194139498 -0.26138431576694604 -0.06069444729086871 0.10457976783332415 -0.028966851665963425 -0.043366109835019671 0.021572752683538164 -0.19709144169846549 0.090708419305865318 -0.010107446450688716 0.061468968556320655 -0.026919973266635228 -0.0048777545550056974 -0.014209769643636941 0.039733386637444842 -0.34949400342695769 -0.090375811264504127 0.1031686067381035 -0.20075649940130011 -0.13672194476339852 0.042465041287116069 0.22003171286282328 -0.21098825962734225 0.069660377827151981 -0.11693610313036949 0.023888915009858284 0.0080192963527933401 -0.22330413454722711
leaf_weight=87848 5866 56 421 63 72 64 30 43 142 23 31 40 57 453 227 20 429 888 28 27 39 116 500 146 177 48 262 232 593 108 3785 506 251 21 373 211 58 33 199 79 25 188 89 4251 1656 37
leaf_count=87848 5866 56 421 63 72 64 30 43 142 23 31 40 57 453 227 20 429 888 28 27 39 116 500 146 177 48 262 232 593 108 3785 506 251 21 373 211 58 33 199 79 25 188 89 4251 1656 37
internal_value=-1.85823e-11 -0.00814597 -0.0413453 -0.0173938 -0.0982032 -0.160611 -0.0247818 -0.105654 -0.00518076 0.0100471 0.0209156 -0.0295238 -0.05831 -0.0174408 0.0297828 -0.0963408 0.0335074 0.0500511 -0.0083036 -0.142346 0.00112802 0.0629946 0.000731869 0.00775298 -0.00280603 0.0174816 0.0270345 -0.0421618 0.0407573 -0.00826993 -0.013971 -0.0401047 -0.0273692 -0.117062 -0.0465305 0.0311359 -0.087658 0.028549 0.0556158 0.0685428 0.0141778 0.114152 -0.0247704 0.0277681 -0.00431634 -0.0423569
internal_weight=110811 9135 749 527 222 120 102 106 8386 2520 1977 543 199 503 1778 51 1727 1143 255 50 584 155 101676 13828 6631 7197 5004 280 739 5892 5102 1317 1130 187 879 4724 166 790 524 491 224 267 266 4513 2193 537
internal_count=110811 9135 749 527 222 120 102 106 8386 2520 1977 543 199 503 1778 51 1727 1143 255 50 584 155 101676 13828 6631 7197 5004 280 739 5892 5102 1317 1130 187 879 4724 166 790 524 491 224 267 266 4513 2193 537
is_linear=0
shrinkage=0.0998


Tree=134
num_leaves=47
num_cat=0
split_feature=94 6 80 34 56 0 100 93 87 34 50 21 19 24 23 66 74 36 71 68 8 51 84 43 76 10 73 62 7 82 6 100 60 62 22 91 94 49 3 39 1 30 84 74 95 75
split_gain=63.9697 109.351 117.966 117.783 126.157 110.391 356.392 177.236 128.71 118.594 115.949 104.75 123.383 149.724 102.319 96.7581 96.5436 163.934 109.412 139.847 102.873 126.293 98.2792 96.7612 95.4686 90.8249 202.636 119.462 103.463 132.581 158.273 138.307 145.287 173.493 152.856 127.528 140.574 132.73 167.777 153.624 181.066 124.179 121.055 149.559 120.834 120.028
threshold=0.035292286472220803 -0.089832713555007035 0.073948136245430271 -0.005563874894914049 0.089899761928948205 0.13065871746805208 -0.51029999999999986 0.046534426693245111 0.023784117769919903 0.0078910547166921013 0.010264087131635352 -0.022736723945372048 -0.028221972217066946 -0.014424886171044798 0.010208364877083652 0.061436561135657854 0.048985793978211505 0.069839549530712766 0.010516876379919301 -0.075550527114439131 0.0056937526638011016 -0.019491183771703648 -0.030738814911825195 -0.08819953843095428 -0.07852698143056748 -0.065834330749108591 0.012618676240589403 -0.033562514882449497 -0.047596506372296697 -0.010527007236398298 0.038194657968476604 -0.74274999999999991 0.030362086221576604 -0.05553312675474794 -0.0013417620148762999 -0.028489823750968046 -0.012717713871459849 0.024194037814866204 -0.079195113318951696 -0.042814625062123191 -0.0099880315589697486 0.075117425503109209 0.05785313302361781 0.068945449146926407 -0.017461504081236895 -0.03228017323665134
decision_type=2 2 2 2 2 2 2 2 2 2 2 2 2 2 2 2 2 2 2 2 2 2 2 2 2 2 2 2 2 2 2 2 2 2 2 2 2 2 2 2 2 2 2 2 2 2
left_child=25 -2 3 15 5 6 7 9 24 -5 -10 12 -4 -14 -15 16 18 20 23 -20 22 -22 -18 -3 -8 26 -1 -28 45 30 31 32 -30 44 -35 36 41 38 -37 -40 -41 -31 -38 -44 -34 -27
right_child=1 2 11 4 -6 -7 8 -9 10 -11 -12 -13 13 14 -16 -17 17 -19 19 -21 21 -23 -24 -25 -26 28 27 -29 29 35 -32 -33 33 34 -36 37 42 -39 39 40 -42 -43 43 -45 -46 -47
leaf_value=0.0010599714053873591 -0.022576646324747159 -0.11180168403763324 0.046269465797451823 -0.15755964358482899 0.085512723511770708 0.0062809062100632222 -0.10909183681582411 -0.31751208795589558 -0.14941391572139801 -0.043262472535438481 0.057031112741976975 -0.00560411743698872 0.014102493046862737 -0.14327557772636415 -0.3718125672486145 -0.031552991729689804 -0.12253377571687266 -0.20187692599693935 -0.18169176330477804 0.014485697099943257 -0.027190378911911877 0.11418712204766841 -0.0012745878517252183 0.04453668884056089 0.03644148946796847 -0.01420122717544739 0.0046152460498949804 -0.043394178320044906 0.021862196908086575 0.028102939223351085 0.020271219340520483 -0.0044851997289065129 -0.29083804382714068 -0.04872976591012592 0.036546786277378937 -0.036532246292709819 -6.2217331143072887e-05 0.0043234099485040846 0.011960108719039205 -0.0054634319754352798 -0.024209014352180952 -0.054903211026545121 -0.031266189548669956 -0.21177156510666797 -0.058418607646014011 0.010548207634834252
leaf_weight=4943 1192 40 39 134 176 5339 48 34 84 278 40 283 35 50 32 319 91 42 37 1658 115 139 248 2769 694 2263 673 2216 4366 2984 4913 15274 37 430 408 2203 4115 8144 3403 18731 7069 191 231 57 56 14188
leaf_count=4943 1192 40 39 134 176 5339 48 34 84 278 40 283 35 50 32 319 91 42 37 1658 115 139 248 2769 694 2263 673 2216 4366 2984 4913 15274 37 430 408 2203 4115 8144 3403 18731 7069 191 231 57 56 14188
internal_value=3.44559e-11 0.00632732 0.00903508 0.0108516 0.00211412 -9.27907e-05 -0.0260297 -0.0985098 0.0112985 -0.0804368 -0.0828187 -0.0417987 -0.10746 -0.158703 -0.232461 0.0217807 0.0250913 -0.0113392 0.0302275 0.0102034 0.00215589 0.0501776 -0.033825 0.0423104 0.0270269 -0.000908726 -0.0112125 -0.0322103 -2.63854e-06 -0.00162171 0.00417755 0.00033388 0.0142298 -0.021563 -0.00721087 -0.0047576 0.00710256 -0.00703008 -0.00997419 -0.00797072 -0.0105996 0.0231095 -0.00444004 -0.0669912 -0.150887 0.00714367
internal_weight=110811 13916 12724 12285 6827 6651 1312 446 866 412 124 439 156 117 82 5458 5139 635 4504 1695 593 254 339 2809 742 96895 7832 2889 89063 72612 25484 20571 5297 931 838 47128 7578 39550 31406 29203 25800 3175 4403 288 93 16451
internal_count=110811 13916 12724 12285 6827 6651 1312 446 866 412 124 439 156 117 82 5458 5139 635 4504 1695 593 254 339 2809 742 96895 7832 2889 89063 72612 25484 20571 5297 931 838 47128 7578 39550 31406 29203 25800 3175 4403 288 93 16451
is_linear=0
shrinkage=0.0998


Tree=135
num_leaves=47
num_cat=0
split_feature=11 45 15 74 36 19 80 43 19 13 49 12 76 18 54 19 62 26 22 19 10 94 59 14 73 27 40 19 99 87 12 37 73 11 54 62 43 17 11 83 28 33 21 84 94 38
split_gain=63.7681 84.4418 110.772 101.507 95.4367 86.9031 102.495 82.4879 79.6789 78.3833 81.7803 87.3689 79.3695 78.239 77.2074 77.009 79.9163 74.1579 73.4587 72.8653 81.2609 111.507 124.754 96.2004 88.2456 101.422 90.8305 87.1448 79.251 111.954 83.6103 78.8362 85.7258 76.5553 79.6417 107.61 144.885 132.479 130.878 108.06 106.138 132.702 122.154 200.266 122.303 119.152
threshold=-0.15516119816725618 0.021359372445672205 0.12907256854163462 0.039654093762474509 -0.03540865823984609 -0.08511226306832069 0.011415257425431752 0.0025804066568183002 0.024650556128210852 0.1460856899505418 0.0036669453785673004 -0.10302892371117935 0.0013193457156411004 0.0014919688420125001 0.046583360192708159 -0.010579000302062597 -0.035361125352060943 0.011908793796854352 0.040542638787951203 -0.10105715696322749 -0.12204279950315719 0.028419889342836301 -0.031463632518610347 0.029626907552002604 -0.010757597149369198 0.031463359698312453 0.048476248575696108 -0.078242277585883077 0.044718525128997162 -0.034318014783454788 0.0052240022332949504 -0.043833405488931589 -0.014796870632569849 0.090411043541748962 0.046583360192708159 -0.029872657047209497 0.048492978023776355 0.03502859265236561 -0.032498994794595941 -0.080880319041640988 0.025985087069816552 -0.083952524979171592 -0.069433627047456745 0.037394251981671206 -0.04056854837898894 0.042127915692296757
decision_type=2 2 2 2 2 2 2 2 2 2 2 2 2 2 2 2 2 2 2 2 2 2 2 2 2 2 2 2 2 2 2 2 2 2 2 2 2 2 2 2 2 2 2 2 2 2
left_child=1 3 8 4 5 -1 18 14 -3 19 11 -11 -12 -10 -6 16 -5 -13 -7 28 21 22 23 -21 31 26 -26 -23 -2 -30 -31 -24 -33 34 40 38 39 -38 -36 -37 42 -42 43 -22 -44 -43
right_child=9 2 -4 15 7 6 -8 -9 13 10 12 17 -14 -15 -16 -17 -18 -19 -20 20 33 27 24 -25 25 -27 -28 -29 29 30 -32 32 -34 -35 35 36 37 -39 -40 -41 41 45 44 -45 -46 -47
leaf_value=-0.17344675743854965 0.022158846008822914 0.043872344074641113 0.19588257519304753 0.25790251047040025 -0.16210684056176455 0.19157806263754243 -0.091612793276247148 -0.039582474025358368 0.013184340201034433 -0.17305658617546926 0.019846310352051824 0.04704415311925781 0.11774170411663676 -0.1831190053206988 0.022627400323060844 -0.057153585814583033 0.024069084546815705 -0.035684626358696681 0.016403740693698637 0.070660043290659516 -0.013312553447737626 -0.11260432290741891 0.14764958437074874 -0.06706401158438928 -0.084448260429768343 -0.0097657663396151541 -0.23834326130343333 0.062024000499800634 0.09203139184159892 -0.13273463655545192 0.012917247105588114 -0.045866155930769141 0.12102313944331236 0.012815857676382729 0.060514055901601811 0.086704071696166216 -0.054110870050606191 0.041568707461694096 0.010953400500637624 0.0047438138264032682 -0.032548279132566721 0.008730019866024636 -0.016522871762029396 -0.08917464472276708 -0.001243022895659685 -0.012766255477074101
leaf_weight=26 2310 135 32 24 169 38 51 153 42 26 163 279 167 39 26 44 37 176 64 164 3114 33 29 73 422 178 42 207 49 107 62 247 35 4386 745 164 740 179 1845 6953 936 18986 5733 390 58021 2970
leaf_count=26 2310 135 32 24 169 38 51 153 42 26 163 279 167 39 26 44 37 176 64 164 3114 33 29 73 422 178 42 207 49 107 62 247 35 4386 745 164 740 179 1845 6953 936 18986 5733 390 58021 2970
internal_value=2.06645e-11 -0.0267584 0.0225932 -0.0461242 -0.0639771 -0.00476012 0.0239056 -0.0944364 -0.00307932 0.000214201 0.031126 0.00487599 0.0693873 -0.0813321 -0.137476 0.0434806 0.116069 0.0150436 0.0816648 -1.55408e-05 -0.0004127 -0.0240431 -0.0365585 0.0282387 -0.0526728 -0.0738098 -0.0983784 0.0380126 0.0167305 -0.0407899 -0.0793002 -0.00903953 -0.0251529 -9.13729e-05 -0.000653125 0.00751872 0.00181707 -0.0354747 0.0252093 0.00663246 -0.00161634 0.00425333 -0.00361415 -0.0217561 -0.00261704 0.00582221
internal_weight=110811 880 248 632 527 179 153 348 216 109931 811 481 330 81 195 105 61 455 102 109120 106592 1430 1190 237 953 642 464 240 2528 218 169 311 282 105162 100776 10626 8036 919 2590 7117 90150 22892 67258 3504 63754 21956
internal_count=110811 880 248 632 527 179 153 348 216 109931 811 481 330 81 195 105 61 455 102 109120 106592 1430 1190 237 953 642 464 240 2528 218 169 311 282 105162 100776 10626 8036 919 2590 7117 90150 22892 67258 3504 63754 21956
is_linear=0
shrinkage=0.0998


Tree=136
num_leaves=47
num_cat=0
split_feature=65 20 58 81 23 14 15 23 57 3 48 75 14 69 31 55 72 90 90 39 54 19 11 87 41 93 48 39 76 21 79 17 80 49 39 13 12 45 74 44 8 40 33 17 62 20
split_gain=62.9351 104.976 101.685 118.571 116.283 115.958 113.539 99.0823 91.4061 103.994 103.64 105.689 110.892 90.5423 109.646 131.013 119.936 95.3093 83.8908 75.2997 84.6355 78.633 86.1973 75.8525 103.184 75.2739 74.9884 74.8292 73.5429 106.443 85.9743 134.869 103.847 90.0485 82.1251 81.296 115.512 89.0646 95.2753 88.9243 74.1151 86.0327 73.5731 124.972 124.976 122.494
threshold=0.054342661265428457 0.036093006112772406 -0.01322715934280125 0.070909977004803906 0.042767961863109459 0.0050552907614125004 0.017916390579034405 0.025277820011550201 0.033808928943904158 -0.023988995420964995 -0.064720512944744485 -0.027649508874152996 -0.012760762956753798 -0.03140871327212439 0.0096958374725408022 -0.0088331261537170983 -0.006112446533690699 0.0099988943295222527 -0.011948425094496298 -0.11100562045550659 0.0080011056765500518 0.094183188960369771 0.05526725206849311 0.0074498581996805509 -0.01634635784831515 -0.00086217498351749981 0.0068785028048421008 0.034559714672562157 -0.084053884084150779 -0.05534494268742244 -0.045305375637603749 0.063293828285182416 0.078131791941583359 -0.0038276922554991498 -0.078484834070011375 -0.013037658142281349 0.086128518511541421 -0.0068210736753811993 0.032213375558753608 0.060518212544133906 0.0034446130455886505 0.010306175624072251 -0.083952524979171592 -0.12815706943253366 -0.028790032976092495 0.070005150727721316
decision_type=2 2 2 2 2 2 2 2 2 2 2 2 2 2 2 2 2 2 2 2 2 2 2 2 2 2 2 2 2 2 2 2 2 2 2 2 2 2 2 2 2 2 2 2 2 2
left_child=28 19 5 4 13 8 7 -7 10 -10 -3 12 -12 -4 15 16 -15 -17 -8 20 -2 -21 23 26 -25 -20 -23 -13 29 -1 31 32 40 -34 -32 36 37 -36 -39 -37 -31 -42 43 -30 45 -45
right_child=1 2 3 -5 -6 6 18 -9 9 -11 11 27 -14 14 -16 17 -18 -19 25 21 -22 22 -24 24 -26 -27 -28 -29 42 30 34 -33 33 -35 35 39 -38 38 -40 -41 41 -43 -44 44 -46 -47
leaf_value=-0.10092593556754169 -0.25922177387326956 -0.17203779479008297 -0.09545911819457667 0.17874992641836407 0.056447011683845597 -0.079020306844653554 0.088462492546720548 -0.23585759500473069 -0.27797535922427968 -0.036335914629081485 0.055153301341149673 -0.020101252400891546 0.31437594045217743 0.028965699122760157 0.072824941897008943 -0.041074728809737344 -0.18363218589525035 0.10425403690722426 -0.16081905377786987 0.018894244545870215 0.0079162987520435338 -0.021141750853496292 -0.1715018786236289 0.081690327359120476 -0.17720150089600811 0.015964267849605134 0.16267279994719794 0.13870204776566136 -0.20562736485609237 0.14512762762709552 0.16089595877891 -0.18465313745498657 0.034367232184644256 -0.21487566974975847 -0.13695431195675312 -0.017211477973193123 0.053225773108152429 -0.0053857621118858934 -0.19214275432242589 0.13279746178314977 -0.062839319420304698 0.16940069907059274 0.00017316948869381109 0.0040160411760926922 -0.026742779070400041 0.1176620534380933
leaf_weight=154 21 29 131 40 274 100 47 67 24 68 65 283 22 39 138 110 82 76 49 5382 27 60 42 23 46 47 35 33 34 116 23 25 42 22 176 626 71 155 33 42 47 24 98748 868 2139 106
leaf_count=154 21 29 131 40 274 100 47 67 24 68 65 283 22 39 138 110 82 76 49 5382 27 60 42 23 46 47 35 33 34 116 23 25 42 22 176 626 71 155 33 42 47 24 98748 868 2139 106
internal_value=4.81975e-12 0.0089169 -0.0126335 0.0108293 0.00292716 -0.0376717 -0.0860534 -0.141943 -0.00904885 -0.0993723 0.0101867 0.0232996 0.120704 -0.0225319 -0.00106348 -0.0342772 -0.115109 0.0183069 -0.0207837 0.015509 -0.108957 0.0165781 -0.0439341 -0.0112643 -0.0909042 -0.0742689 0.0465794 -0.00351736 -0.000634391 -0.0221674 -0.0135163 0.0364015 0.0584189 -0.05131 -0.025752 -0.029644 -0.0632194 -0.0859326 -0.0381676 -0.00777978 0.0959731 0.0156643 -0.000305568 -0.0153276 -0.0132492 0.0163841
internal_weight=110811 7360 1724 890 850 834 310 167 524 92 432 403 87 576 445 307 121 186 143 5636 48 5588 206 164 69 96 95 316 103451 1556 1402 276 251 64 1126 1103 435 364 188 668 187 71 101895 3147 3113 974
internal_count=110811 7360 1724 890 850 834 310 167 524 92 432 403 87 576 445 307 121 186 143 5636 48 5588 206 164 69 96 95 316 103451 1556 1402 276 251 64 1126 1103 435 364 188 668 187 71 101895 3147 3113 974
is_linear=0
shrinkage=0.0998


Tree=137
num_leaves=47
num_cat=0
split_feature=34 1 91 72 10 79 64 46 15 92 1 44 3 85 68 29 35 12 37 95 86 78 35 81 17 35 66 38 15 72 8 71 93 42 48 61 96 85 2 18 15 53 58 69 12 46
split_gain=60.6767 102.852 104.107 117.346 106.034 95.9626 81.8598 74.2105 119.739 84.2503 74.1987 89.8623 87.4398 119.707 125.366 147.06 111.652 125.082 114.726 91.5965 83.1908 79.2892 102.785 106.538 87.8398 77.37 72.8065 100.212 110.602 126.979 116.971 141.537 140.878 121.327 125.201 113.225 111.806 115.916 111.431 126.461 104.066 104.532 98.1018 96.7742 87.8597 87.2234
threshold=-0.081387212934806136 0.14210695638873913 -0.0014818952343717497 -0.026103730297705043 -0.10871470502633969 -0.062788231832767341 -0.0095816987664395972 0.11752244867158936 0.017916390579034405 0.0046482079593108501 -0.026579094057372146 0.053023654339467811 0.023877666434334702 -0.022286189565765595 -0.019745541920342797 0.015310252666494802 0.026487321428617903 -0.028661976508523947 -0.019490803690360898 0.033173884209943709 -0.068014696743662839 0.014315689268819801 -0.065146848934887785 0.013457262008145352 -0.074623747856793224 0.029780950492455206 -0.03716177260508189 -0.062624555451886887 0.054702812461245205 0.052811043672740358 0.034829173872188257 -0.013053164043723748 0.014497348175340102 0.0065233448583615515 -0.053817610678775045 -0.0017870742725330996 -0.039157865872447149 0.021576302500163954 -0.056984100260755094 0.028903224444126203 -0.010852579258290399 -0.020419105729633697 0.054363998915367161 0.034474252201246704 -0.093104759099434345 0.0086220892381988021
decision_type=2 2 2 2 2 2 2 2 2 2 2 2 2 2 2 2 2 2 2 2 2 2 2 2 2 2 2 2 2 2 2 2 2 2 2 2 2 2 2 2 2 2 2 2 2 2
left_child=1 5 3 -3 6 -1 -4 26 9 -9 20 12 13 19 -15 -16 17 -14 -19 -12 -7 -22 -23 24 -24 -18 27 42 30 44 32 40 36 34 -34 -35 37 -29 45 -40 -32 -42 -2 -38 -30 -33
right_child=7 2 4 -5 -6 10 -8 8 -10 -11 11 -13 16 14 15 -17 25 18 -20 -21 21 22 23 -25 -26 -27 -28 28 29 -31 31 38 33 35 -36 -37 43 -39 39 -41 41 -43 -44 -45 -46 -47
leaf_value=0.081758355695316628 0.031914603663553538 -0.0043903303040662804 -0.25652286478996278 0.09465699181754178 0.021963980992519415 -0.1279875572488457 -0.022751804341808766 0.10105551602019225 -0.030059414894505559 0.023480726819413305 0.049496318510952278 0.055477908368471204 0.099401499758565673 5.5317461057840024e-05 -0.046934005070998333 -0.18203442024866934 0.21884569647247376 -0.16988837605527218 -0.018604549165349649 -0.157667616045475 0.035330217530849438 0.072812341371737421 -0.2659006975506033 0.061638524536901634 -0.053676069279295538 0.028081696707049335 0.00032117767663412819 -0.069418542242042608 -0.075228275065667843 -0.065800410781682028 0.061297812427429779 -0.029937377271739962 -0.13793991021576102 -0.029331492749634723 -0.011543347525219254 -0.090890145190404864 -0.011895621254767562 0.016209720271506235 0.011723648403474373 -0.071966457353449531 0.05780656136322862 -0.034202795363736528 -0.055137866238367465 0.02483740677936961 0.027957722930634626 -0.14327823677113943
leaf_weight=143 1001 166 25 422 463 40 37 228 240 359 142 143 47 136 161 160 23 85 121 25 897 102 21 79 259 267 92419 567 87 182 569 190 83 554 1310 643 3758 218 1074 216 195 333 148 882 1486 105
leaf_count=143 1001 166 25 422 463 40 37 228 240 359 142 143 47 136 161 160 23 85 121 25 897 102 21 79 259 267 92419 567 87 182 569 190 83 554 1310 643 3758 218 1074 216 195 333 148 882 1486 105
internal_value=-3.90906e-11 0.0121245 0.0378535 0.0666947 0.0055513 0.00208021 -0.117014 -0.000449817 0.0293301 0.053612 -0.00212732 -0.0191929 -0.0283428 -0.0538262 -0.0802502 -0.114274 0.000941938 -0.0475091 -0.0810275 0.0184838 0.0138641 0.0180423 -0.0155959 -0.0407147 -0.0695929 0.0432113 -0.000682112 -0.00749948 -0.0101017 0.0131195 -0.0139115 0.0041295 -0.0199484 -0.0390976 -0.0190745 -0.0623993 -0.0108062 -0.045639 -0.0149438 -0.00228958 0.0316875 -0.000222067 0.0207016 -0.00491318 0.0222507 -0.070279
internal_weight=110811 3964 1113 588 525 2851 62 106847 827 587 2708 1310 1167 624 457 321 543 253 206 167 1398 1358 461 359 280 290 106020 13601 12452 1755 10697 2682 8015 2590 1393 1197 5425 785 1585 1290 1097 528 1149 4640 1573 295
internal_count=110811 3964 1113 588 525 2851 62 106847 827 587 2708 1310 1167 624 457 321 543 253 206 167 1398 1358 461 359 280 290 106020 13601 12452 1755 10697 2682 8015 2590 1393 1197 5425 785 1585 1290 1097 528 1149 4640 1573 295
is_linear=0
shrinkage=0.0998


Tree=138
num_leaves=47
num_cat=0
split_feature=17 75 94 74 32 53 33 0 48 20 83 65 81 62 18 62 7 46 77 43 86 85 52 0 20 91 27 48 88 66 0 87 95 55 53 93 85 36 11 55 92 54 50 23 74 51
split_gain=60.6049 108.914 91.8465 106.395 88.8748 88.7431 83.502 82.7639 77.5478 115.448 95.4273 96.833 88.5236 83.6144 75.358 128.563 134.667 142.455 126.973 126.046 129.907 127.652 118.554 110.703 110.7 134.791 109.374 108.413 108.047 104.906 104.456 144.029 103.889 103.298 110.193 101.204 105.958 104.33 115.673 171.904 133.601 163.063 121.818 119.283 109.915 146.798
threshold=0.11026416155031836 -0.032820488874843588 -0.023574295370300046 0.011849719025517201 0.018438436914314803 0.038539512498037207 -0.017928712549182196 0.079931287004021259 0.082712740643043917 -0.024147740041736147 -0.0038198777077240497 -0.062329043162795243 -0.0030234662956256995 0.087686299327365963 0.030071527517148554 -0.040755673955454298 0.05186478119257356 -0.019386481974320895 -0.036524217596909846 -0.0035940272447663999 -0.027593897332728046 0.043121272023207709 -0.0044571102789803989 0.12626222323602157 0.053133446371368909 0.014551970734070151 0.014837162788998801 -0.014936324260131148 0.037188057585732258 -0.064400535893121044 0.12774611331187888 0.035954196074917559 -0.045013027950492494 0.007682929832743551 0.018887088035967701 -0.068089785289405388 0.047129262328691253 0.0054964216045182007 0.040798591150504555 0.0094606221198824027 -0.06220713119486989 0.089024263747114266 -0.025840243123648295 0.0015349858024969502 -0.0059262154210305484 -0.020308760793714697
decision_type=2 2 2 2 2 2 2 2 2 2 2 2 2 2 2 2 2 2 2 2 2 2 2 2 2 2 2 2 2 2 2 2 2 2 2 2 2 2 2 2 2 2 2 2 2 2
left_child=14 2 3 4 -2 7 -7 -3 10 -10 11 -9 -12 -13 35 28 17 19 33 20 27 22 -21 -20 -19 30 -24 -17 -16 -25 31 -26 -32 -18 -35 36 -1 38 39 40 -37 43 -40 -42 -39 -46
right_child=1 5 -4 -5 -6 6 -8 8 9 -11 12 13 -14 -15 15 16 18 24 23 21 -22 -23 26 29 25 -27 -28 -29 -30 -31 32 -33 -34 34 -36 37 -38 44 42 -41 41 -43 -44 -45 45 -47
leaf_value=0.012369047343069709 -0.10709807269210567 -0.16876831778347492 -0.0079640895945958037 0.032776557565283249 -0.34855500440597537 0.10352224537718974 0.025739519642789813 -0.092647371257036926 -0.019149326422003361 -0.2653042964327903 -0.028676657590583077 0.055083653999800641 0.027230477265270177 -0.12646907616709718 0.021042626273929211 0.084188719662665112 0.050397949590340101 0.0068039361604005444 -0.12007720762175463 0.029226718325521199 -0.053102017668500014 -0.068150143583940698 -0.03856026130099393 -0.12482194008801031 -0.077872511515075182 0.023166706394603564 0.027055832342326457 -0.028772278523503336 -0.043788588213306438 -0.025963159646784948 -0.14063007788347032 -0.34962187886002727 -0.016952504760718749 -0.096365355925153842 0.058629968033420549 -0.051412324665537648 0.07224894889869278 0.010362958234921943 -0.013140751696871235 0.0038801019613029369 -0.017523266893556117 0.056997904722628556 0.013842676906858996 -0.0031185582881446952 0.012786784847531889 -0.0053127485798901307
leaf_weight=1699 49 25 417 34 22 222 361 50 197 21 551 895 578 26 2444 136 355 8120 141 969 1445 281 805 111 166 447 369 224 286 2904 74 22 788 125 72 764 356 16360 2205 13046 11045 367 6822 11889 6133 16393
leaf_count=1699 49 25 417 34 22 222 361 50 197 21 551 895 578 26 2444 136 355 8120 141 969 1445 281 805 111 166 447 369 224 286 2904 74 22 788 125 72 764 356 16360 2205 13046 11045 367 6822 11889 6133 16393
internal_value=-1.30619e-11 0.0130238 -0.0289706 -0.112396 -0.181916 0.0205156 0.0553583 0.0118458 0.0137937 -0.0428615 0.0196751 0.0426151 -5.45815e-05 0.0499584 -0.000418263 -0.00589659 -0.00902991 -0.00450635 -0.0259213 -0.0197717 -0.0397384 -0.00490384 0.00338931 -0.0336448 0.00220648 -0.0227309 -0.0179365 0.0139019 0.0142508 -0.0296027 -0.0422702 -0.109673 -0.0275698 0.0182372 -0.0397173 0.000857847 0.0227424 0.000328905 -0.00288055 -0.0053451 -0.0103462 -0.00899973 0.00725151 -0.0100559 0.0041369 -0.000384912
internal_weight=110811 3448 522 105 71 2926 583 2343 2318 218 2100 971 1129 921 107363 20284 17554 13846 3708 4229 1805 2424 2143 3156 9617 1497 1174 360 2730 3015 1050 188 862 552 197 87079 2055 85024 46138 37111 24065 23301 9027 22934 38886 22526
internal_count=110811 3448 522 105 71 2926 583 2343 2318 218 2100 971 1129 921 107363 20284 17554 13846 3708 4229 1805 2424 2143 3156 9617 1497 1174 360 2730 3015 1050 188 862 552 197 87079 2055 85024 46138 37111 24065 23301 9027 22934 38886 22526
is_linear=0
shrinkage=0.0998


Tree=139
num_leaves=47
num_cat=0
split_feature=17 87 61 67 95 28 98 82 25 52 37 11 58 87 89 15 0 48 22 71 74 68 72 92 89 15 80 84 77 84 77 2 37 100 80 0 80 31 46 9 12 51 42 64 91 75
split_gain=58.407 142.506 135.681 125.95 167.556 124.674 129.552 122.444 122.274 130.361 120.87 119.028 108.935 131.341 141.468 143.672 207.204 131.603 150.678 137.971 127.679 133.137 142.913 135.035 160.225 131.784 157.523 142.674 130.83 115.156 108.292 182.062 137.606 104.028 176.545 145.903 167.255 212.976 168.305 165.914 180.653 204.011 158.643 144.975 163.183 134.466
threshold=-0.032491006462105891 0.025117918028657003 0.021816298335639354 -0.0053750298484535495 -0.045013027950492494 -0.09800581402679738 0.013303704046103301 0.023646023498901752 -0.046831820822614188 -0.023094343004854197 -0.024331828713342846 0.011464867805649851 -0.016739137467449747 0.032224971952734258 0.0087635579300218026 -0.036885088530505795 0.10906143179108536 -0.011052682259238349 -0.013202121907853947 -0.033532161924995939 -0.020816773103493648 0.025781009031045802 -0.038000398759959093 0.043609569554724108 0.0025946030629801003 -0.011290135971798098 -0.0030029159890720496 0.027751696881288354 -0.0056057876548406488 -0.0064084816235721485 -0.046055955076377587 0.070563406913004653 0.064324315074843111 -0.050699999999999988 0.05248369320272666 0.10129086392623447 0.032430341207375209 0.023408181819970054 0.022502260941753702 0.038815968397684204 0.035456868298504161 0.011696685246221201 -0.019393243026484496 -0.014415046624521049 1.0000000180025095e-35 0.083771768152973214
decision_type=2 2 2 2 2 2 2 2 2 2 2 2 2 2 2 2 2 2 2 2 2 2 2 2 2 2 2 2 2 2 2 2 2 2 2 2 2 2 2 2 2 2 2 2 2 2
left_child=5 2 33 4 -4 6 11 -8 -5 -10 -6 -1 30 20 15 16 -15 -17 -19 -20 28 22 23 -22 -25 26 -24 -27 -14 -18 31 32 -7 34 35 36 37 38 -2 40 41 -37 -39 -38 -45 -36
right_child=1 -3 3 8 10 12 7 -9 9 -11 -12 -13 13 14 -16 17 29 18 19 -21 21 -23 25 24 -26 27 -28 -29 -30 -31 -32 -33 -34 -35 45 39 43 42 -40 -41 -42 -43 -44 44 -46 -47
leaf_value=-0.04866336358260609 0.0011747913044149129 -0.0069785469881790806 -0.065464306203549275 -0.026032334367504177 0.011713404837823637 -0.078398966182513755 -0.12732635945684487 0.024524664910071912 -0.01472598986585426 0.015145804046663654 -0.017931055187948904 0.043928280529792467 0.02995877565436289 -0.24721535219005916 0.043759893705264702 0.016660585007570068 0.11772950094897063 0.010269524994935603 0.038585615482408069 -0.11623551232558028 0.030617116799419135 0.0059878475928650515 -0.016025542231061604 0.036758322865677914 -0.2238928794049658 -0.0064677350720205862 -0.060772480785467646 -0.055209663595931942 -0.010220758961469149 0.010558274495384783 0.010574214399535089 0.089355430665131533 0.17800318196605552 0.0015978629901326309 -0.031581444272846163 0.03930318696806416 -0.21996061688683252 0.05117770904242358 0.0714059262699933 0.0013106254843188246 0.0029710748353993766 0.0099955519924669854 -0.095303481544269084 -0.10905364800513936 0.03841299568996278 0.07456525355020395
leaf_weight=364 2229 17012 586 1229 1880 398 238 68 1928 5932 5049 223 1317 23 953 457 188 235 69 339 743 2010 1338 46 48 3332 1891 729 2085 213 6742 93 22 28650 1388 6504 55 94 401 5494 3725 3718 340 169 134 130
leaf_count=364 2229 17012 586 1229 1880 398 238 68 1928 5932 5049 223 1317 23 953 457 188 235 69 339 743 2010 1338 46 48 3332 1891 729 2085 213 6742 93 22 28650 1388 6504 55 94 401 5494 3725 3718 340 169 134 130
internal_value=3.28658e-11 0.00120998 0.00321046 -0.00466245 -0.0142215 -0.00433874 -0.0409333 -0.0935817 0.00324122 0.00781847 -0.00988782 -0.013488 -0.00293447 -0.00753014 0.0135991 -0.00526122 0.0440946 -0.0242856 -0.0533874 -0.0900525 -0.0113958 -0.0170103 -0.0226983 0.0163591 -0.0963402 -0.0271826 -0.0422307 -0.0152175 0.00533375 0.0608031 0.00721085 -0.0369915 -0.0649684 0.00567547 0.010467 0.0126553 -0.00634736 0.00119449 0.011883 0.0160002 0.0217867 0.0286433 -0.0635771 -0.0708954 -0.0438374 -0.0224911
internal_weight=110811 86647 69635 16604 7515 24164 893 306 9089 7860 6929 587 23271 16016 2477 1524 424 1100 643 408 13539 10137 8127 837 94 7290 3229 4061 3402 401 7255 513 420 53031 24381 22863 3422 3064 2630 19441 13947 10222 434 358 303 1518
internal_count=110811 86647 69635 16604 7515 24164 893 306 9089 7860 6929 587 23271 16016 2477 1524 424 1100 643 408 13539 10137 8127 837 94 7290 3229 4061 3402 401 7255 513 420 53031 24381 22863 3422 3064 2630 19441 13947 10222 434 358 303 1518
is_linear=0
shrinkage=0.0998


Tree=140
num_leaves=47
num_cat=0
split_feature=38 45 12 55 7 4 98 24 39 82 20 32 82 41 48 18 90 94 36 32 15 25 28 69 66 27 77 17 69 40 100 82 24 14 51 31 13 53 86 27 59 65 99 63 62 69
split_gain=57.889 86.2264 89.4507 105.614 130.658 121.002 121.696 119.523 113.755 113.397 109.478 104.593 112.604 104.285 95.2636 104.693 118.772 114.445 106.555 102.23 99.5539 143.534 130.415 118.909 117.217 127.599 118.971 91.7801 91.2539 120.635 99.3867 108.076 90.8897 89.0101 88.4643 84.3583 83.504 82.531 87.0868 81.6109 83.6172 77.6144 83.2861 76.0439 73.3591 133.733
threshold=0.017059647172344952 0.13932085995205892 -0.039703582313681339 0.053934324543241756 0.10523956644012887 0.054247877551978206 0.036016866493943409 -0.013057005415354598 0.067964950000458671 0.0031370350544042002 0.006609863614845851 -0.077104421371200035 0.049351030816982208 -0.041602914955374042 -0.028651835004919444 0.014984808847496952 0.0056116394435305013 -0.048150280449342241 0.11853130665179785 -0.085067419871019193 -0.024544611515507995 0.048331687388009754 0.043686119115740905 0.018680715029463005 -0.010446124066682648 -0.0084063400866863491 -0.0062067961101021493 0.058465853457975163 0.047817465757376956 -0.018663505861031496 1.0000000180025095e-35 0.024116076554031203 0.07645789768128107 0.023051682122256351 -0.065177854663440379 -0.03721433956500194 0.0029959136449489504 -0.081381267737187443 0.027242422275767206 0.10655251291647101 -0.074332936962886287 -0.013253343598802399 0.0034100113053556007 0.010241607867227302 0.093124005589279815 -0.023347615105459348
decision_type=2 2 2 2 2 2 2 2 2 2 2 2 2 2 2 2 2 2 2 2 2 2 2 2 2 2 2 2 2 2 2 2 2 2 2 2 2 2 2 2 2 2 2 2 2 2
left_child=44 2 11 4 14 8 7 -7 9 33 -11 12 32 -9 15 18 35 -18 19 -4 21 23 -23 -16 26 -26 -22 28 37 34 31 -31 -2 -6 -30 -17 -3 38 -13 40 -39 -38 -43 -29 -1 -46
right_child=1 36 3 -5 5 6 -8 13 -10 10 -12 27 -14 -15 20 16 17 -19 -20 -21 24 22 -24 -25 25 -27 -28 43 29 30 -32 -33 -34 -35 -36 -37 41 39 -40 -41 -42 42 -44 -45 45 -47
leaf_value=0.0018583268710561729 -0.0069735764762504726 0.083537222497666291 -0.080974061938010905 0.017471964300243906 -0.015337066681849721 0.11358118791425227 -0.17717099378111237 -0.11812263976403646 0.12258950770055425 -0.17880018953729374 -0.045046174436830677 0.15460196112683591 -0.17948799834557705 0.03424133891113583 -0.026555754745234392 -0.022173515831479536 -0.13493240991674235 0.0096012353170575881 -0.19210063322633505 0.0012423222387609647 -0.00056207757171951214 -0.089318599807161378 0.040327663829388176 0.0069600087631324671 -0.012497532003269337 0.011894310991038392 -0.032354458445847632 0.072221857233998044 -0.1901631199982983 0.095759307781212014 0.026677100928957045 0.29847939605487117 -0.20192341783046722 -0.14404164063338915 0.009328959091758824 0.066551291919149255 0.09829040355565026 0.070842769892093468 -0.05452438072563548 0.085120338551297386 -0.003206516469449844 -0.20352937202196228 0.037963272462964062 -0.0070632665512194341 0.0064532515540119571 -0.070182703109115882
leaf_weight=75885 284 213 159 1690 266 100 33 70 29 164 97 68 54 124 3297 126 59 726 30 2863 2131 483 92 1550 3736 4988 2606 382 27 127 162 33 26 67 123 698 30 156 28 111 5758 33 25 176 529 397
leaf_count=75885 284 213 159 1690 266 100 33 70 29 164 97 68 54 124 3297 126 59 726 30 2863 2131 483 92 1550 3736 4988 2606 382 27 127 162 33 26 67 123 698 30 156 28 111 5758 33 25 176 529 397
internal_value=6.57793e-12 -0.00342854 -0.00390353 -0.00665814 -0.00832304 -0.0446097 0.00455296 0.0249505 -0.0704142 -0.079837 -0.129091 0.00569417 -0.0464914 -0.0207354 -0.00685887 0.00591875 0.0265186 -0.0012618 -0.00494139 -0.00308342 -0.0100128 -0.0214307 -0.0685752 -0.0158379 -0.00541382 0.00144865 -0.0180522 0.00835052 0.00506127 0.0473432 0.0817793 0.13757 -0.0233242 -0.0412326 -0.0265796 0.0529841 0.04975 0.00180084 0.0936068 0.000338043 -0.00125324 -0.0320304 -0.0994377 0.0472144 0.00151763 -0.0264026
internal_weight=110811 34000 33699 26184 24494 950 327 294 623 594 261 7515 364 194 23544 4661 1609 785 3052 3022 18883 5422 575 4847 13461 8724 4737 7151 6593 472 322 160 310 333 150 824 301 6121 96 6025 5914 88 58 558 76811 926
internal_count=110811 34000 33699 26184 24494 950 327 294 623 594 261 7515 364 194 23544 4661 1609 785 3052 3022 18883 5422 575 4847 13461 8724 4737 7151 6593 472 322 160 310 333 150 824 301 6121 96 6025 5914 88 58 558 76811 926
is_linear=0
shrinkage=0.0998


Tree=141
num_leaves=47
num_cat=0
split_feature=68 77 64 21 10 18 33 64 93 24 80 96 33 70 8 21 53 54 86 15 28 15 47 83 78 5 71 53 82 7 53 67 9 43 0 31 85 14 62 58 52 25 48 77 7 66
split_gain=56.8115 72.3262 99.4614 110.325 70.4391 82.2622 81.9889 107.785 81.8968 75.0752 98.7171 63.6735 60.5471 119.48 121.129 104.765 109.197 121.246 109.492 104.971 98.8535 92.4531 111.596 149.598 136.011 92.0442 91.7699 89.7826 150.173 152.902 115.799 96.7477 89.1387 105.585 120.595 117.339 179.023 114.324 108.447 129.8 104.842 103.27 100.345 111.607 172.707 98.3436
threshold=0.085723682423497302 -0.044206325425984495 0.006315800344191551 -0.0025788049096728497 -0.0085041712289552485 0.004080774060543451 0.042236315503186808 0.015359681742227852 -0.01319680021880215 0.037359979089867407 0.0089508156177098511 0.063623954824107057 0.03603499465970026 0.089779402464012364 0.046454085171234956 0.04646544238297181 0.030176376324766104 -0.011804722110389548 -0.0049216067573121984 -0.017923061294452498 0.0086215996996771519 -0.078546951473830284 0.017410079111910455 -0.056534286772700039 0.020746295364228156 -0.08882443596090174 0.044168842491655903 -0.023093057266442948 0.056644893602134851 0.034395952613936756 -0.041805301930192093 -0.034627210198936047 0.07926248906008336 -0.074843705213924083 0.21633676085698483 -0.052998881032519943 0.0038932365784467003 0.076195608005113921 0.019603588718530154 0.065452699788219867 -0.039593492559020692 0.044150450267123158 0.050571573234865504 0.069852563630057513 -0.10489883199925575 0.011126133529836853
decision_type=2 2 2 2 2 2 2 2 2 2 2 2 2 2 2 2 2 2 2 2 2 2 2 2 2 2 2 2 2 2 2 2 2 2 2 2 2 2 2 2 2 2 2 2 2 2
left_child=12 2 3 -2 6 8 11 -8 -6 -7 -11 -3 32 14 15 16 21 20 26 -20 25 22 23 -14 -24 -18 -19 28 29 31 -31 -17 -1 41 35 36 -35 38 40 -40 -37 -34 43 45 -45 -36
right_child=1 4 -4 -5 5 9 7 -9 -10 10 -12 -13 13 -15 -16 27 17 18 19 -21 -22 -23 24 -25 -26 -27 -28 -29 -30 30 -32 -33 33 34 42 37 -38 -39 39 -41 -42 -43 -44 44 -46 -47
leaf_value=-0.0004464031638630335 -0.32807408820255879 0.078092220692286565 0.050102381316968737 -0.043042524084762522 0.15800257188610883 -0.0097143037513853659 0.041250852266052053 -0.17040483999712128 0.01694716258003447 0.0039791202558347814 -0.2617098033451537 -0.082421523922452555 0.2163657122214635 0.072704077314551835 -0.013613564797640601 -0.096214455868626106 -0.11341866289302707 0.020607590772104153 -0.091456493813806772 -0.021503525461533047 -0.012878546235555162 0.018175507509169082 0.075994351946044605 -0.055663033477015463 -0.1189256517152556 0.061237158115354628 -0.070181419931985997 0.00021781098341634267 -0.22563439263194088 -0.036552765242212404 -0.18831371344829773 0.027915104690200841 -0.061433339408631285 -0.0029486756597536723 0.00030784956805479815 -0.067712379073683174 -0.22108273726024041 0.074759508945694567 -0.061961972680864154 0.10687083109393716 -0.0038151317973551184 -0.30239899630069733 -0.05648531966376133 -0.29346171045164265 -0.0066357962747630866 0.041691942391356013
leaf_weight=83719 21 462 47 38 49 234 76 35 251 26 30 26 21 255 3247 77 32 643 326 620 456 9833 188 489 44 494 134 1749 42 118 87 333 155 77 1673 291 73 125 823 48 2112 20 244 30 69 869
leaf_count=83719 21 462 47 38 49 234 76 35 251 26 30 26 21 255 3247 77 32 643 326 620 456 9833 188 489 44 494 134 1749 42 118 87 333 155 77 1673 291 73 125 823 48 2112 20 244 30 69 869
internal_value=4.79016e-11 0.0207807 -0.0582109 -0.144494 0.0278229 0.00334725 0.0519308 -0.0254874 0.0399862 -0.0345551 -0.138354 0.0695403 -0.000245727 0.00484565 0.00393169 0.00756356 0.0110352 -0.00685822 -0.0228094 -0.0456099 0.0211295 0.0156121 -0.0183576 -0.0444618 0.0390268 0.0506117 0.00495028 -0.0115981 -0.0430532 -0.0305842 -0.100959 0.00460297 -0.00132727 -0.0124855 -0.0104051 -0.0227241 -0.109107 -0.018912 -0.0224883 -0.0526578 -0.011553 -0.0889723 0.00474911 0.0104065 -0.0935527 0.0144553
internal_weight=110811 1295 106 59 1189 590 599 111 300 290 56 488 109516 19188 18933 15686 13280 2705 1723 946 982 10575 742 510 232 526 777 2406 657 615 205 410 90328 6609 6434 3549 150 3399 3274 871 2403 175 2885 2641 99 2542
internal_count=110811 1295 106 59 1189 590 599 111 300 290 56 488 109516 19188 18933 15686 13280 2705 1723 946 982 10575 742 510 232 526 777 2406 657 615 205 410 90328 6609 6434 3549 150 3399 3274 871 2403 175 2885 2641 99 2542
is_linear=0
shrinkage=0.0998


Tree=142
num_leaves=47
num_cat=0
split_feature=38 31 100 99 75 51 64 29 36 59 96 59 79 53 11 34 25 26 45 57 20 42 0 3 15 97 0 0 98 38 78 52 59 14 65 85 22 68 57 17 28 49 94 26 30 82
split_gain=56.7245 81.1445 100.742 94.1649 86.6832 87.4283 92.6503 86.0141 126.746 129.097 116.957 80.6013 75.6312 74.9044 74.7119 70.6063 87.5334 83.0485 73.2179 68.6755 94.3206 91.519 101.857 99.2311 100.781 98.9341 91.8268 85.0369 82.2499 78.765 78.5906 78.459 71.2753 90.8966 76.8449 66.7268 66.0574 71.7982 65.6878 90.4976 80.8179 65.2357 114.903 100.483 95.4891 98.953
threshold=0.089066326863860068 -0.0025858141593731493 -0.86659999999999993 -0.029580811014163894 -0.067968308547409942 -0.052507673027766245 0.058545631190422207 -0.048304424306069495 -0.071688669251061737 0.0094121951576555517 -0.0064722079780680994 0.023348391051804005 -0.023686385024375946 0.039288744605761504 -0.017506917774079346 0.058369436081527205 0.017921724172942202 -0.032724935759251741 -0.014133680620932398 -0.10505940086482234 0.00045839166921165007 0.11831861655590166 0.084523903549994714 0.010947161251270002 -0.018388492479708345 0.0077328176995538509 0.23677686233208964 0.21216494564835328 -0.042556948056776046 -0.024349097579231895 -0.0081569421232688486 0.017768087471879954 0.030551087200233754 0.043648928299590557 -0.018631725594611449 0.00087553369456400013 0.040542638787951203 0.0059089987226290507 0.012499492038991452 0.020348319832745255 0.056966002428429356 -0.043867623563434689 -0.044929577537112346 0.057432088252127055 -0.015151181220844199 -0.067147066997331126
decision_type=2 2 2 2 2 2 2 2 2 2 2 2 2 2 2 2 2 2 2 2 2 2 2 2 2 2 2 2 2 2 2 2 2 2 2 2 2 2 2 2 2 2 2 2 2 2
left_child=19 4 3 -3 -2 12 15 8 -4 10 14 -11 -6 -5 -10 16 17 -7 -17 20 27 41 -23 24 30 -26 29 -1 -25 -27 -24 -29 -30 34 -34 -8 37 -12 40 -40 -18 42 44 -44 -21 -46
right_child=1 2 7 13 5 6 35 -9 9 11 36 -13 -14 -15 -16 18 38 -19 -20 21 -22 22 23 28 25 26 -28 31 32 -31 -32 -33 33 -35 -36 -37 -38 -39 39 -41 -42 -43 43 -45 45 -47
leaf_value=0.10654797095799763 -0.17293266737461091 0.082580833354363073 0.15303694723274397 -0.14550071064990508 -0.177153469107456 0.18579190559467446 0.0027542548867789183 -0.0069535057109302465 -0.30037073457484897 -0.34678055298416705 0.084262532829205428 -0.11427233976342462 -0.00047713673385706818 0.051364422793144529 -0.080336416953729062 0.063737270009517663 0.057307389253994548 0.051503265573058503 -0.12246669007056747 -0.002563905192858994 0.073255081092055668 -0.19244220572037096 -0.070739538832686161 -0.11874228491989726 0.025960412505788791 -0.037519902771658134 0.048447033235485909 -0.019232208425784485 0.089530922688080564 -0.25260639515172606 -0.26531865409788413 -0.21953036376384219 -0.2179476157722019 0.13959098285252558 -0.013680476103856646 -0.24304721409732644 0.10244996938060742 -0.14712002102701979 -0.13012119068795969 0.047914665996774713 -0.10976013879285139 0.0013173569620854861 -0.0062195432853245853 0.028485714197377991 -0.22826430330872535 -0.053202212724979756
leaf_weight=33 26 26 23 154 43 52 22 1100 22 27 22 33 55 22 51 33 190 389 58 453 282 39 44 44 124 28 27 64 115 43 39 28 21 34 145 22 49 34 72 47 34 94830 10280 904 34 594
leaf_count=33 26 26 23 154 43 52 22 1100 22 27 22 33 55 22 51 33 190 389 58 453 282 39 44 44 124 28 27 64 115 43 39 28 21 34 145 22 49 34 72 47 34 94830 10280 904 34 594
internal_value=4.69457e-12 -0.0145499 -0.0289358 -0.0947029 0.00700815 0.0116084 0.0211639 -0.0191746 -0.0706812 -0.092301 -0.0496268 -0.218901 -0.0779984 -0.120893 -0.146648 0.0282698 0.0379283 0.0673378 -0.0549422 0.000350419 0.0412686 0.00019593 -0.0356953 -0.0264887 -0.0683457 -0.0332679 -0.10821 -0.030893 0.0090722 -0.167784 -0.162168 -0.0801925 0.0269257 -0.00907238 -0.0395215 -0.120146 0.0178261 -0.0562197 0.000116101 -0.0598045 0.0319489 0.000431529 -0.00641748 -0.00341433 -0.037488 -0.0626801
internal_weight=110811 2606 1563 202 1043 1017 919 1361 261 238 178 60 98 176 73 875 784 441 91 108205 407 107798 703 664 305 222 98 125 359 71 83 92 315 200 166 44 105 56 343 119 224 107095 12265 11184 1081 628
internal_count=110811 2606 1563 202 1043 1017 919 1361 261 238 178 60 98 176 73 875 784 441 91 108205 407 107798 703 664 305 222 98 125 359 71 83 92 315 200 166 44 105 56 343 119 224 107095 12265 11184 1081 628
is_linear=0
shrinkage=0.0998


Tree=143
num_leaves=47
num_cat=0
split_feature=84 98 6 49 78 79 57 64 97 18 17 48 0 0 69 13 38 12 86 43 63 25 73 90 55 21 58 73 19 37 9 87 74 97 78 86 17 97 70 94 33 4 55 26 51 70
split_gain=55.8217 108.435 124.741 94.5207 109.221 106.886 90.0828 106.016 89.3575 104.625 84.2699 84.2164 90.884 90.0113 93.5749 94.8567 89.0861 85.7947 81.7307 81.7104 81.4031 79.4282 78.9663 135.91 87.8631 100.034 93.2416 76.7913 104.586 89.4743 95.9016 106.547 117.77 97.8075 138.785 85.0585 83.3103 89.778 88.7222 81.9602 123.792 84.0734 80.6165 83.3451 78.2363 98.0614
threshold=-0.046650882796107643 0.0062094881959972011 0.070356805935886654 0.017477147756660354 -0.041465505083553393 0.032298807714079954 -0.036581603411808945 -0.026797035271210145 0.024335256980026605 -0.020945367882105347 -0.0083457373415686976 0.017342138528484801 0.098076914551736658 0.28586919358836688 0.015266474169883353 0.010613840423891702 0.0010024913511892002 0.0028078612155910004 -0.011964394917749099 -0.012314963273039648 0.11919498533128246 -0.066634605284538836 -0.098223179697524296 0.00112859405102315 -0.032729419874984143 -0.097035994128117739 0.032573711256197853 0.021322855095751502 -0.10499463129892833 -0.0022619470498534996 0.12080838836048725 0.0051657273179575016 -0.020816773103493648 0.061751051983563753 -0.00056802304276604989 -0.010133647322397648 -0.062323153462429844 0.070388746508077873 -0.029264869718712047 0.0040843398425192004 -0.030059687217842395 0.1018864741080432 -0.043273736219496838 -0.071948554609089679 0.026463944152781655 0.0028464281426778507
decision_type=2 2 2 2 2 2 2 2 2 2 2 2 2 2 2 2 2 2 2 2 2 2 2 2 2 2 2 2 2 2 2 2 2 2 2 2 2 2 2 2 2 2 2 2 2 2
left_child=1 2 6 4 10 -5 7 8 -1 -10 -4 22 17 14 15 -14 -15 -13 19 -9 -2 -16 23 -8 26 -26 -24 29 -29 39 31 -31 -33 -34 -35 -30 -37 -38 -39 42 -41 -42 -3 -44 45 -45
right_child=20 27 3 5 -6 -7 11 18 9 -11 -12 12 13 16 21 -17 -18 -19 -20 -21 -22 -23 24 -25 25 -27 -28 28 35 30 -32 32 33 34 -36 36 37 38 -40 40 41 -43 43 44 -46 -47
leaf_value=0.014826220833110467 -0.00050413794467338421 -0.091765617996278526 -0.23057603782787919 -0.051689123929821688 0.078485009984066989 0.12933140439592303 -0.010249545101856076 0.21034781381876932 0.046719401505589488 -0.19770101061493581 0.038217889806227041 -0.30611695564625163 -0.017878068879455748 -0.029143842890550348 -0.15161051338293724 -0.10364512355480603 -0.27651642177536573 -0.03926511694652339 0.022528665417733674 0.057457061511650684 -0.053094195165062565 0.02243780133749728 0.054208224530383854 -0.31522724398889324 -0.16028297304876826 -0.008073293214855547 -0.067396368562273448 -0.14652571125275768 0.045170646000230956 0.070602861641780076 -0.14035885698729092 0.075172357568984854 -0.00042208374002936522 -0.0016525913839936257 -0.35436713915124535 0.13143018579834867 -0.013556175190870785 -0.012003505394918224 -0.2757242734251199 -0.041883977567420828 0.083650094699427094 -0.067245111393442428 -0.11798723045192518 0.074750708381052175 -0.054115997134883173 -0.01669324031663889
leaf_weight=144 101773 106 21 173 423 40 43 54 26 53 26 24 319 29 28 215 29 24 312 98 294 388 415 22 44 1903 74 48 337 895 27 200 294 25 20 36 585 24 27 137 357 41 53 249 136 220
leaf_count=144 101773 106 21 173 423 40 43 54 26 53 26 24 319 29 28 215 29 24 312 98 294 388 415 22 44 1903 74 48 337 895 27 200 294 25 20 36 585 24 27 137 357 41 53 249 136 220
internal_value=-7.80592e-12 0.00765294 -0.00212911 0.037455 0.0624484 -0.0176947 -0.0084995 0.0245852 -0.0319662 -0.117259 -0.0818815 -0.0148895 -0.0385221 -0.0321331 -0.0247642 -0.0524097 -0.15283 -0.172691 0.051764 0.111774 -0.000655622 0.010723 -0.00491107 -0.113473 -0.0020143 -0.0115131 0.0358059 0.0202797 -0.00259436 0.0290397 0.0459833 0.0494918 0.0144373 -0.0213945 -0.158415 0.00425272 -0.0162671 -0.0246274 -0.15162 0.00998313 0.0399401 0.0681056 -0.0109946 0.0020172 0.01253 0.0318559
internal_weight=110811 8744 4927 683 470 213 4244 687 223 79 47 3557 1056 1008 950 534 58 48 464 152 102067 416 2501 65 2436 1947 489 3817 1057 2760 1461 1434 539 339 45 1009 672 636 51 1299 535 398 764 658 605 469
internal_count=110811 8744 4927 683 470 213 4244 687 223 79 47 3557 1056 1008 950 534 58 48 464 152 102067 416 2501 65 2436 1947 489 3817 1057 2760 1461 1434 539 339 45 1009 672 636 51 1299 535 398 764 658 605 469
is_linear=0
shrinkage=0.0998


Tree=144
num_leaves=47
num_cat=0
split_feature=0 100 53 26 29 11 98 51 14 16 37 34 3 96 19 8 22 1 74 43 25 97 6 93 95 42 1 70 39 66 17 23 94 29 91 33 49 8 66 80 28 80 50 63 33 18
split_gain=55.7414 189.19 124.524 119.116 122.889 121.482 112.625 109.786 108.11 113.764 103.917 103.669 109.317 120.607 156.09 154.804 155.184 154.381 145.038 137.601 150.545 131.989 133.365 148.529 128.196 125.566 120.53 119.089 118.929 130.206 116.118 112.672 149.791 109.758 108.782 106.353 106.263 105.459 105.146 111.689 107.972 104.924 102.8 110.381 102.396 137.318
threshold=0.23438136552888386 -0.31834999999999997 0.017245412780991953 -0.069633369429932188 -0.045810190362192339 -0.057991675606111494 0.052472560155764507 0.041225259662050102 0.025707309100256402 -0.099130548301699636 0.042677324260988858 0.051907964861713458 -0.079195113318951696 0.025022521669147053 -0.017028667013199248 -0.083201446603720988 -0.066617328977207832 -0.12605914524706577 -0.0093179592038435486 0.023790647366439151 -0.084340532114956832 -0.021251595467035696 0.061726521337437654 0.045562463779047206 0.075649031410353368 -0.0080477822229542469 0.057502257722822456 0.063631841878698761 0.018140763757685203 -0.045437086995163391 -0.018921577070868546 -0.0103960942299008 0.026007095536979503 0.0098788808650457013 -0.010599042884461148 0.014625473466890701 -0.071900509002203489 0.10590175406349091 -0.028741026380971497 0.05248369320272666 -0.050347038166644188 0.0023689791281012004 0.04440742556280141 0.0047384361333897016 -0.0074908453878086987 -0.0057646608408580989
decision_type=2 2 2 2 2 2 2 2 2 2 2 2 2 2 2 2 2 2 2 2 2 2 2 2 2 2 2 2 2 2 2 2 2 2 2 2 2 2 2 2 2 2 2 2 2 2
left_child=11 2 3 5 7 -2 -7 -5 9 -4 -9 12 31 15 -15 17 37 -14 19 26 -21 -16 -23 -24 25 -20 -18 28 30 -30 -19 32 38 -26 -34 -36 -13 44 40 -40 -1 -37 -33 -44 45 -17
right_child=1 -3 8 4 -6 6 -8 10 -10 -11 -12 36 13 14 21 16 18 27 24 20 -22 22 23 -25 33 -27 -28 -29 29 -31 -32 42 34 -35 35 41 -38 -39 39 -41 -42 -43 43 -45 -46 -47
leaf_value=-0.10772174324775115 0.033745542877091333 -0.0038447417559688865 -0.046074566846136748 0.057580068088763377 0.0048918222774431159 -0.036524621542211776 -0.17557472713094491 0.0037100937461866453 0.0072915082885651929 0.052376110850453447 -0.21489476219738524 0.039322507207356902 0.051537651422172981 0.0048882890507912276 0.0064616738779074518 -0.019275133886820246 0.0072421396232442477 -0.087910871044136807 0.0070720843013706855 -0.061669045502287675 0.025482105680168864 -0.027693515773337563 0.034223665687958371 -0.16707936858786987 -0.018458754133840322 -0.0054272063942070042 -0.019222768661258948 0.14335166610569666 -0.32151507360190151 -0.080779062344773125 -0.003959245601431861 0.0039023436338966682 -0.023314568865154574 -0.12856961688924004 -0.073835009014575431 -0.28385944434697591 -0.01605700723769575 0.11834278392258253 -0.036827755316536023 0.084429527661930778 0.046095844562501334 -0.073248892474194097 -0.012941777188083295 -0.12078808215976228 0.038403525663757321 0.032180267247386957
leaf_weight=52 230 11818 125 904 4444 540 65 222 1145 1805 24 365 198 6062 1973 1085 14007 229 12326 205 5336 5825 571 39 247 22835 1953 33 24 331 579 3246 188 142 168 62 6330 112 1394 80 361 38 291 140 1676 986
leaf_count=52 230 11818 125 904 4444 540 65 222 1145 1805 24 365 198 6062 1973 1085 14007 229 12326 205 5336 5825 571 39 247 22835 1953 33 24 331 579 3246 188 142 168 62 6330 112 1394 80 361 38 291 140 1676 986
internal_value=-4.75254e-12 0.00458563 0.0150686 0.00716809 0.0124165 -0.027993 -0.0514639 0.0414944 0.0315865 0.0459998 -0.0176172 -0.00109259 -0.00012666 0.000888808 -0.0073191 0.00279508 0.00354766 -0.0300884 0.00223752 0.00870792 0.0222578 -0.0161204 -0.0230442 0.0213535 -0.00167584 -0.00104547 0.00400367 -0.0436017 -0.0489065 -0.0970542 -0.0277525 -0.0130771 -0.0301812 -0.0586535 -0.0815135 -0.12234 -0.0130378 0.0229165 -0.0177766 -0.0302466 0.026729 -0.203827 -0.00217824 -0.0479731 0.0200642 0.00522271
internal_weight=110811 21322 9504 6429 5594 835 605 1150 3075 1930 246 89489 82794 76774 14470 62304 60910 1394 57051 21501 5541 8408 6435 610 35550 35161 15960 1196 1163 355 808 6020 2343 389 456 268 6695 3859 1887 1474 413 100 3677 431 3747 2071
internal_count=110811 21322 9504 6429 5594 835 605 1150 3075 1930 246 89489 82794 76774 14470 62304 60910 1394 57051 21501 5541 8408 6435 610 35550 35161 15960 1196 1163 355 808 6020 2343 389 456 268 6695 3859 1887 1474 413 100 3677 431 3747 2071
is_linear=0
shrinkage=0.0998


Tree=145
num_leaves=47
num_cat=0
split_feature=71 71 5 15 100 94 54 63 6 5 9 98 0 69 97 90 21 15 11 20 30 34 30 97 53 3 50 84 24 26 24 65 55 21 17 29 43 78 7 27 31 56 12 10 80 94
split_gain=54.114 94.1732 121.761 90.8249 152.423 95.6694 128.734 125.933 116.66 137.987 133.449 131.447 140.044 111.739 134.009 107.277 106.932 105.332 136.266 136.337 119.31 141.788 152.283 123.301 107.291 121.411 119.291 105.219 102.536 101.564 128.074 159.64 165.671 145.241 117.824 116.955 103.137 101.212 98.9282 106.291 103.553 98.9163 97.3403 95.8826 98.0907 140.014
threshold=0.019827738354579454 0.020751050790610504 0.036659728932862561 0.056721917652989305 0.44105000000000005 0.010625521875115802 0.042976581619948655 0.022123004448172803 0.0064963860106362513 0.16958822993925374 -0.071776494748993336 0.0076462753354417509 0.079931287004021259 -0.088853993407606732 0.0012524424205262502 0.086740732585887173 0.058027088639763656 -0.073312548877460929 -0.054546037093781093 0.081829696878544009 0.040643354913373855 0.029854151959879106 -0.028266380620398098 -0.010046589151537199 0.053956580098972057 0.12302585330801862 0.021858526940310801 0.011902587681607851 -0.054208726474098239 0.023614982927256004 -0.0023737218490033495 -0.0092198093406343981 -0.032729419874984143 -0.023728779903941496 -0.082664688038650888 0.062044014172868506 -0.04093639981181129 -0.014747659444567197 -0.11662074239669119 0.021040789703358154 -0.078205024427311282 -0.036179686028355897 0.0028078612155910004 0.011400757968990103 0.051334976293803056 -0.026519472007285196
decision_type=2 2 2 2 2 2 2 2 2 2 2 2 2 2 2 2 2 2 2 2 2 2 2 2 2 2 2 2 2 2 2 2 2 2 2 2 2 2 2 2 2 2 2 2 2 2
left_child=3 2 -2 5 -5 6 7 29 9 11 -10 16 -13 14 -12 -8 -9 18 19 -7 21 22 27 41 -19 38 -27 -20 -25 30 34 32 -32 -33 35 -1 -36 -17 -26 40 -40 -23 -15 44 -31 -46
right_child=1 -3 -4 4 -6 17 15 8 10 -11 13 12 -14 42 -16 37 -18 24 20 -21 -22 23 -24 28 25 26 -28 -29 -30 43 31 33 -34 -35 36 -37 -38 -39 39 -41 -42 -43 -44 -45 45 -47
leaf_value=-0.038233178820296289 -0.050940476708307959 -0.0027844293875301843 0.057695000865116336 0.021678368710559941 -0.0030144753940843519 -0.076319201909028744 0.014109830521903885 -0.020183550898577787 0.047800670662873114 0.064478952428522016 -0.007162618236243725 -0.14019652113437045 -0.039097837813877087 -0.020682517825033546 -0.35694955872416495 -0.20146399720523092 0.039268410820211909 0.0086153934150618051 0.08134846372821472 0.066262991590761613 0.057023218178975953 -0.12776820169922917 -0.030634935467538336 0.063028506157733505 -0.17568861165526839 -0.056859661654367732 -0.33237080598214402 -0.017181502326722036 -0.15914492398319394 0.0032139511216833939 -0.073400402790383901 -0.024365833229402493 -0.018805397736254226 0.0057056527327141423 -0.022213019157042938 -0.24370280517896098 0.0079092749919134082 0.0038842649856472718 -0.18078165626339615 0.040071622408493199 -0.017288410398186339 0.054666707336096777 0.01157363404299405 0.02247170161877703 0.037942626660161967 -0.11234855771670278
leaf_weight=251 753 26579 119 5349 4658 504 5124 3168 480 172 24 147 1905 2074 20 45 333 22296 302 77 289 43 569 24 36 49 23 168 150 4812 643 2250 3982 5535 1277 31 9980 51 40 347 1091 95 1692 2985 96 173
leaf_count=251 753 26579 119 5349 4658 504 5124 3168 480 172 24 147 1905 2074 20 45 333 22296 302 77 289 43 569 24 36 49 23 168 150 4812 643 2250 3982 5535 1277 31 9980 51 40 347 1091 95 1692 2985 96 173
internal_value=-1.87422e-11 -0.00384321 -0.0361152 0.00126559 0.0101845 4.88549e-05 -0.00263002 -0.00446584 -0.0142331 -0.0235572 -0.0017901 -0.0262841 -0.0463403 -0.00803776 -0.166157 0.0121515 -0.0145287 0.00489798 -0.0158907 -0.0574228 -0.00117718 -0.0136272 0.00408996 -0.0726274 0.00683131 -0.0182494 -0.14487 0.0461292 -0.1285 -0.00141043 -0.00467262 -0.0117101 -0.0263956 -0.00298553 0.00289602 -0.0608203 0.00449219 -0.0923727 -0.0122278 -0.00824633 -0.0230707 -0.00217895 -0.00619038 0.00827545 -6.46084e-05 -0.058713
internal_weight=110811 27451 872 83360 10007 73353 47250 42030 10015 5725 4290 5553 2052 3810 44 5220 3501 26103 2221 581 1640 1351 1039 312 23882 1586 72 470 174 32015 23949 12410 4625 7785 11539 282 11257 96 1514 1478 1131 138 3766 8066 5081 269
internal_count=110811 27451 872 83360 10007 73353 47250 42030 10015 5725 4290 5553 2052 3810 44 5220 3501 26103 2221 581 1640 1351 1039 312 23882 1586 72 470 174 32015 23949 12410 4625 7785 11539 282 11257 96 1514 1478 1131 138 3766 8066 5081 269
is_linear=0
shrinkage=0.0998


Tree=146
num_leaves=47
num_cat=0
split_feature=38 88 62 96 94 75 0 23 100 66 68 90 93 4 46 48 45 97 91 93 63 64 17 86 25 0 51 14 99 83 2 91 4 93 30 32 89 29 31 95 95 3 30 40 91 47
split_gain=53.648 111.095 118.148 111.662 111.331 106.427 109.083 149.196 141.163 145.978 177.072 138.363 154.494 130.174 101.628 97.8687 93.9903 126.793 116.901 125.069 103.572 92.6932 103.913 108.68 104.725 95.8024 120.712 104.515 91.564 88.991 88.7654 88.1364 125.318 93.5778 91.0069 87.4982 91.525 87.3781 85.2286 84.0896 82.2337 108.311 119.963 127.793 127.26 147.525
threshold=0.042127915692296757 -0.012029654421984897 0.022645124665801205 -0.022768710024058395 -0.08664575828008024 0.063728905339103123 0.13432655675643132 0.062202144308209605 -0.47729999999999995 0.015065621287861151 0.023586277076949502 0.040287395281160106 -0.00056485915858884986 0.0034930152170545006 0.016694956202225702 -0.015978862892252348 -0.0047546234688277495 -0.017259967568436795 0.028325146679017452 0.017721182102381404 0.041328418176858256 -0.033235584841751493 0.016241506032366203 -0.034117779911003843 0.014680462972592501 0.15099113442536385 0.0098202662283370015 -0.063959833316268089 -0.036177866841651141 -0.013773949060533948 -0.021507250821265294 0.013549804872501103 0.056582114999538156 0.0087144996409751017 -0.035472256043573493 0.0078621517253897513 0.031830618650791308 -0.014159148281019449 -0.052093013945071841 -0.0033457679705006494 -0.0008912133045653499 0.0058981344311635009 0.058559293158344454 -0.059776408866803792 0.0045285308647968004 -0.078267316773713486
decision_type=2 2 2 2 2 2 2 2 2 2 2 2 2 2 2 2 2 2 2 2 2 2 2 2 2 2 2 2 2 2 2 2 2 2 2 2 2 2 2 2 2 2 2 2 2 2
left_child=-1 4 5 30 -2 6 7 8 9 10 -3 28 -13 -9 -11 16 18 37 -5 -20 29 -17 25 -24 -25 26 -23 -27 -10 -19 -4 33 39 -7 -35 36 -32 -18 -8 -33 -6 -42 43 -43 45 -45
right_child=1 2 3 15 40 31 38 13 11 14 -12 12 -14 -15 -16 21 17 20 19 -21 -22 22 23 24 -26 27 -28 -29 -30 -31 35 32 -34 34 -36 -37 -38 -39 -40 -41 41 42 -44 44 -46 -47
leaf_value=0.00087695699067055852 -0.18230632645891559 -0.087766172096110748 -0.035204951321620478 0.048216920800225119 0.018941868975173467 0.045596188073381123 -0.031795751087229415 -0.39895624474644664 -0.10251475087734871 0.038005543316922012 -0.34933313984891468 0.028256564717401161 -0.26345969262047675 -0.038881483079418536 -0.16170010878392269 0.0047403360207439868 0.22426562469493111 -0.20349501866207403 -0.20691121924242412 0.069710742554675645 0.12845473537385463 -0.26629952113696509 0.092745707142065481 -0.014523085981932922 -0.13903588332316105 0.092782943553850056 -0.063268339272558691 -0.09490656493155436 0.02195965888365102 -0.06571514478265339 0.13236885619969793 -0.092726984654170522 0.055664059067098426 -0.24225551399682405 -0.034125407100292625 -0.02624986667400226 -0.076270328508377075 -0.015771871768479998 0.0064390434564735415 -0.26644823244793375 -0.030090909971696628 -0.099216770370060742 0.10918032526829813 -0.22109977447465062 -0.022300096143341764 0.054663506071455453
leaf_weight=95569 31 232 213 292 2818 113 650 20 64 140 29 33 40 20 31 171 23 68 41 27 20 70 57 194 103 32 50 386 733 149 129 64 32 27 93 88 25 44 5444 49 1057 110 117 20 523 570
leaf_count=95569 31 232 213 292 2818 113 650 20 64 140 29 33 40 20 31 171 23 68 41 27 20 70 57 194 103 32 50 386 733 149 129 64 32 27 93 88 25 44 5444 49 1057 110 117 20 523 570
internal_value=-2.23266e-12 -0.00549862 -0.0116711 -0.0322035 0.0062627 -0.00593755 -0.00331154 -0.0290697 -0.0232372 -0.0698712 -0.116829 -8.096e-05 -0.131588 -0.218919 0.00180159 -0.0437916 -0.0137316 -0.054592 0.0207727 -0.097076 -0.0888613 -0.0625685 -0.0754719 -0.0334793 -0.0577043 -0.103103 -0.181703 -0.080538 0.0119642 -0.10889 0.0117806 -0.0575964 -0.118684 -0.0195802 -0.0809547 0.0531357 0.0984989 0.0666291 0.00236083 -0.168057 0.00738362 -0.00620467 0.0126369 0.00340099 0.0135429 0.0453156
internal_weight=110811 15242 9996 2182 5246 7814 7436 1342 1302 432 261 870 73 40 171 1727 664 304 360 68 237 1063 892 354 297 538 120 418 797 217 455 378 145 233 120 242 154 67 6094 113 5215 2397 1340 1223 1113 590
internal_count=110811 15242 9996 2182 5246 7814 7436 1342 1302 432 261 870 73 40 171 1727 664 304 360 68 237 1063 892 354 297 538 120 418 797 217 455 378 145 233 120 242 154 67 6094 113 5215 2397 1340 1223 1113 590
is_linear=0
shrinkage=0.0998


Tree=147
num_leaves=47
num_cat=0
split_feature=89 13 75 44 72 77 75 71 39 12 30 94 21 29 94 90 87 18 8 54 33 56 7 87 92 75 76 2 75 29 76 31 7 20 26 58 0 71 90 97 37 81 17 38 45 78
split_gain=53.4833 129 123.292 121.125 123.686 114.201 110.21 132.92 107.764 127.495 106.882 138.961 117.68 107.567 135.251 141.627 106.249 104.418 141.876 124.929 120.834 112.061 113.483 122.897 126.53 173.662 136.497 112.189 111.259 108.345 107.682 107.648 104.407 134.753 105.65 123.774 145.39 131.952 103.837 112.255 103.025 102.902 109.758 107.293 102.181 102.102
threshold=0.0014714837640885001 -0.0076786144756713992 -0.004365457753379199 -0.017496005415869095 -0.040885209177076949 -0.015873656459525449 -0.052444014620181188 -0.089141782424184288 0.021325483702781752 -0.038970367732236742 0.019367517200878651 -0.058389866392489047 0.023204656285503503 0.04221482413279911 -0.028018890350910697 -0.035987039174445144 0.029460160352909302 0.030071527517148554 0.059947524588646557 0.10394817321989401 0.035339869393881208 -0.032632458146077591 -0.078970114533016084 -0.011396919865404998 0.031742138686571657 0.0014215457270279504 -0.04914517912119349 -0.04357178693686594 -0.0014840708016954998 -0.074545702936556976 -0.029838729972463347 0.0058828798376761504 -0.052803277565442487 0.008678104854161801 0.028181144935968353 -0.022842300437828245 0.26524841051772857 -0.055371869704948194 0.037171744738783159 0.029538340937043103 -0.066314972840854594 -0.0027556005892805497 -0.021714113145167444 0.075980310067125412 -0.030970293807979849 0.0066911050529987514
decision_type=2 2 2 2 2 2 2 2 2 2 2 2 2 2 2 2 2 2 2 2 2 2 2 2 2 2 2 2 2 2 2 2 2 2 2 2 2 2 2 2 2 2 2 2 2 2
left_child=1 3 -3 6 -5 -2 7 -1 -9 -10 -4 12 44 14 15 16 -13 21 19 20 -19 29 31 27 25 28 -26 -24 -25 -7 -28 -23 33 -8 35 -34 37 -37 -16 -40 -27 -6 -43 45 -12 -44
right_child=5 2 10 4 41 17 32 8 9 -11 11 13 -14 -15 38 -17 -18 18 -20 -21 -22 22 23 24 26 40 30 -29 -30 -31 -32 -33 34 -35 -36 36 -38 -39 39 -41 -42 42 43 -45 -46 -47
leaf_value=0.13558937696536383 0.0094398399721971442 0.0085541642453059539 0.0014470500460080891 0.021373331710647925 -0.014024113834659315 0.08163860702119799 0.029007405302481505 -0.03861906790684512 0.0069608940954719268 -0.19402013212479352 -0.29052749875970185 -0.11617541475909693 0.017780184003627249 -0.048260821682345557 -0.0073850801837358872 0.05340009756169279 0.10557581016591616 -0.011980674302696311 -0.04688562417998824 -0.17353926539653064 0.021632841715529202 -0.0025898300220658244 0.028373704199291149 -0.019269831572674222 0.10022491528111026 -0.053882000571792786 -0.056710954765581981 0.00039932884808163965 -0.066089362002372962 0.012439236914122428 0.016147040461380529 0.044051699079980654 0.00052620464754388478 -0.030818131250383483 0.0018705050136069163 0.027870502596376467 0.033988821578552549 -0.052640821430889301 -0.083742458721336829 0.044011472290318245 0.0035904920744059482 -0.013849997194126627 0.024946231574691006 -0.067652539668187586 -0.09226252347293197 -0.0049089146928428138
leaf_weight=30 15712 15360 13017 1860 7718 237 1026 235 42 125 30 93 87 682 3474 606 28 4980 972 44 1355 932 1902 6004 171 329 231 5728 552 4586 1612 1046 1002 591 1403 220 244 2586 353 85 5573 2732 3030 167 189 1830
leaf_count=30 15712 15360 13017 1860 7718 237 1026 235 42 125 30 93 87 682 3474 606 28 4980 972 44 1355 932 1902 6004 171 329 231 5728 552 4586 1612 1046 1002 591 1403 220 244 2586 353 85 5573 2732 3030 167 189 1830
internal_value=-2.52171e-11 -0.00206041 0.00193342 -0.00752743 -0.00294261 0.00233315 -0.01812 -0.0670555 -0.0821782 -0.143474 -0.00352112 -0.0150141 -0.0804136 -0.0112531 -0.00581238 0.033717 -0.0648611 -0.00074679 -0.0113671 -0.00595501 -0.00479104 0.00195432 -0.000826786 -0.00287636 -0.00827995 -0.012032 0.0149291 0.00737276 -0.0232119 0.0158397 0.00701508 0.022075 -0.0151308 0.00714167 -0.0217329 -0.0299055 -0.0399031 -0.0463285 -0.0131585 -0.05895 0.000386756 -0.00586486 0.00225127 0.0110017 -0.119422 0.0137045
internal_weight=110811 58845 34004 24841 17337 51966 7504 432 402 167 18644 5627 306 5321 4639 727 121 36254 7351 6379 6335 28903 24080 22102 14472 12458 2014 7630 6556 4823 1843 1978 7072 1617 5455 4052 3050 2806 3912 438 5902 15477 7759 5027 219 4860
internal_count=110811 58845 34004 24841 17337 51966 7504 432 402 167 18644 5627 306 5321 4639 727 121 36254 7351 6379 6335 28903 24080 22102 14472 12458 2014 7630 6556 4823 1843 1978 7072 1617 5455 4052 3050 2806 3912 438 5902 15477 7759 5027 219 4860
is_linear=0
shrinkage=0.0998


Tree=148
num_leaves=47
num_cat=0
split_feature=11 58 73 78 26 78 53 35 79 9 13 49 69 82 16 22 62 28 59 31 81 76 63 3 99 80 41 79 68 58 69 72 49 77 94 9 19 90 25 82 46 86 12 73 87 92
split_gain=53.0985 78.5384 66.6752 131.874 78.0045 78.0119 74.588 70.5948 69.6508 66.7424 63.2102 97.5536 102.744 85.4412 79.4141 117.071 78.5964 77.5686 95.4518 81.7519 105.435 86.8908 82.0258 84.576 81.6952 89.7293 82.9484 90.3762 77.9385 74.8848 73.4023 107.539 113.193 115.152 131.916 115.023 113.156 109.531 107.37 107.871 116.989 123.775 110.639 106.422 100.018 110.984
threshold=-0.15516119816725618 0.097113426571245109 -0.018976677570462546 0.014691040883620651 -0.04143833838326804 0.061549638797295352 0.12324408045883166 -0.088393588534726994 -0.026420918473663398 -0.044760913323112141 0.08718084449706627 -0.061309552942000342 0.021443560855187904 0.050621481750564856 -0.017253930286506448 0.12321720280708771 -0.032499588098140894 0.073119820141982803 0.067838302465242709 -0.059982963111623745 -0.04728931422520264 0.012321617293396701 -0.034036664756646344 1.0000000180025095e-35 0.016377358167866601 0.059623638919799611 -0.043131744794725195 -0.028510236266167398 0.085723682423497302 0.010850523691427453 -0.043194586505481941 1.0000000180025095e-35 -0.017289876583133395 0.06683342983966041 0.022633436334193954 -0.0048954986917168998 -0.053261703926799193 -0.032492566292007495 0.0095044867543049531 -0.046532098547274296 0.020592769871735455 -0.021846168884910897 0.012720630533695902 -0.0088101699802928986 -0.040928818771096991 0.048715358489045506
decision_type=2 2 2 2 2 2 2 2 2 2 2 2 2 2 2 2 2 2 2 2 2 2 2 2 2 2 2 2 2 2 2 2 2 2 2 2 2 2 2 2 2 2 2 2 2 2
left_child=1 2 8 6 -5 -6 7 -4 -1 -10 17 12 -12 14 -13 -16 -14 28 19 20 -19 -22 23 -23 -21 26 27 -26 30 -18 38 44 35 36 -35 37 -34 -33 39 43 42 -42 -41 -2 45 -32
right_child=10 -3 3 4 5 -7 -8 -9 9 -11 11 13 16 -15 15 -17 29 18 -20 24 21 22 -24 -25 25 -27 -28 -29 -30 -31 31 32 33 34 -36 -37 -38 -39 -40 40 41 -43 -44 -45 -46 -47
leaf_value=0.1230305729376881 -0.0050333685928793306 0.17109062104277314 -0.2637924525618553 0.21165382296606897 -0.033611004397746613 0.1544384780415782 0.078507435763520858 -0.079651114936809153 0.10826371210836447 -0.034514191348949945 -0.0059116064320533322 0.027639253174670361 -0.30129796584015311 0.062363883808402423 0.0025268895596306726 -0.21873307163330416 0.024120658817291259 -0.12908894563569789 -0.040969339651006582 0.011969721083268938 -0.026570028840467351 -0.15176105459792275 0.087037519612063227 0.070937607281615564 -0.18826294872484825 0.15159491134610856 0.050923904220762616 0.0061467157221809579 0.025233807410044027 -0.2123939683407545 0.023417786517350731 0.029993473932596663 0.017418024536902037 -0.071339321553170687 0.030987736010551454 -0.020595404339394625 -0.0018588325395979147 -0.0072435556334089187 -0.022425285870254778 -2.5569641195669113e-06 -0.033692199657191051 0.03473282345641579 -0.033511587043157702 0.07657720160476171 0.0015405051127500757 -0.032210682865009277
leaf_weight=46 304 20 22 20 118 27 28 361 39 199 156 1691 23 334 3140 24 30 72 319 2711 477 35 161 33 27 72 847 202 1119 24 3647 908 3465 450 174 6848 24324 5893 3852 2268 345 1112 1730 334 42384 396
leaf_count=46 304 20 22 20 118 27 28 361 39 199 156 1691 23 334 3140 24 30 72 319 2711 477 35 161 33 27 72 847 202 1119 24 3647 908 3465 450 174 6848 24324 5893 3852 2268 345 1112 1730 334 42384 396
internal_value=-3.70333e-12 -0.0244174 -0.0289641 -0.0484765 0.0268898 0.00140511 -0.078733 -0.0902284 0.0106104 -0.0111178 0.000195462 0.010702 -0.0524717 0.0135387 0.0101798 0.000848559 -0.146801 -0.000349627 0.0118363 0.015469 -0.0140437 -0.00231099 0.0482198 -0.0436867 0.021419 0.0437334 0.0365159 -0.0167749 -0.000956273 -0.080997 -0.001254 -0.000340372 -0.00399556 -0.000407265 -0.0428058 -0.0114653 0.000544792 -0.00227205 -0.00938334 -0.00113821 -0.00567951 0.0185306 -0.0145025 0.0376907 0.00297116 0.0179691
internal_weight=110811 880 860 576 165 145 411 383 284 238 109931 5422 233 5189 4855 3164 77 104509 4956 4637 778 706 229 68 3859 1148 1076 229 99553 54 98434 88489 42062 28413 624 13649 27789 6801 9945 6093 5455 1457 3998 638 46427 4043
internal_count=110811 880 860 576 165 145 411 383 284 238 109931 5422 233 5189 4855 3164 77 104509 4956 4637 778 706 229 68 3859 1148 1076 229 99553 54 98434 88489 42062 28413 624 13649 27789 6801 9945 6093 5455 1457 3998 638 46427 4043
is_linear=0
shrinkage=0.0998


Tree=149
num_leaves=47
num_cat=0
split_feature=9 59 40 26 23 4 71 17 1 13 62 92 41 51 75 97 20 75 53 50 75 43 26 58 25 87 44 28 67 45 17 28 31 97 79 98 97 16 21 78 70 21 4 70 21 96
split_gain=52.4691 108.412 92.0721 96.6525 110.056 96.8406 79.2922 78.9096 78.6723 86.5292 106.495 75.6497 83.0516 77.051 76.4212 75.3516 74.1504 93.1828 72.8064 71.4006 70.3446 68.0032 66.534 65.8136 65.6307 62.202 61.972 104.378 102.513 66.9729 92.3538 91.9419 87.3597 79.8469 81.2345 77.8629 75.1871 75.0737 73.043 71.4273 71.0549 69.4291 65.3609 87.6313 126.643 116.647
threshold=0.13409269157169382 0.049154635230086056 0.026264249836844205 -0.027509154614624897 0.033400921644199805 -0.0067676444517426491 0.0074436344074558505 0.040476957179244162 -0.15482403420593177 -0.11851030176076653 -0.03413686655266799 -0.059888589583672498 0.034362139831100612 0.12325146260705507 0.083771768152973214 0.0080151715900806022 0.051123947660060856 -0.060788634959228642 0.044868204048833606 -0.072963210506358581 0.0040186494672015006 -0.0056844243939366988 0.050431590246073153 -0.0082368580396582989 0.049550671012690554 0.012006763808855651 -0.10984383459296625 -0.036610024597338288 0.033473271816426606 0.091395589169928418 -0.037730590228052044 0.025511977084653303 -0.015188101751305048 0.047524681574632209 0.079693084760267471 0.047408133770772409 0.042657011159858961 -0.046381946737699291 -0.045005053719187692 0.011065564588611703 -0.017492270134815194 -0.038001164013311946 -0.037338448420099389 -0.020375885640737845 -0.059089934398755241 -0.037680522289664391
decision_type=2 2 2 2 2 2 2 2 2 2 2 2 2 2 2 2 2 2 2 2 2 2 2 2 2 2 2 2 2 2 2 2 2 2 2 2 2 2 2 2 2 2 2 2 2 2
left_child=8 2 3 4 5 20 -7 -3 9 10 -1 12 18 14 24 -16 17 -5 -11 -19 23 -22 25 -2 -13 -21 27 28 -10 -28 31 35 -33 34 38 36 37 -31 39 -32 -35 -40 -29 45 -45 -44
right_child=1 7 -4 16 -6 6 -8 -9 26 11 -12 13 -14 -15 15 -17 -18 19 -20 22 21 -23 -24 -25 -26 -27 29 42 -30 30 33 32 -34 40 -36 -37 -38 -39 41 -41 -42 -43 43 44 -46 -47
leaf_value=0.086882078759123876 -0.11577436667769044 -0.13826242094453325 0.03359717575968231 -0.18631713626403962 0.047833976789017518 -0.23866386584670227 -0.061582416745387017 0.048886218456604652 0.20508675183388925 0.038310055869486596 -0.16727028423318496 0.023204796283506249 -0.21349455917408833 -0.16061746174801481 0.039575841576688822 -0.18523310276757587 0.078338993284708031 -0.18329105893684469 -0.15937101509988308 0.023843238163415763 -0.25926509959449368 -0.016348508641123773 -0.13193710368076961 0.075058094704371914 0.073220796153432521 -0.036076100942957802 -0.00026684244870272519 -0.0033797549716481192 -0.061192876505782867 -0.19349187717630018 0.14130726703958454 -0.11433190377426369 0.084509667732566601 -0.19919914085602761 0.22420161824511442 0.10688882795390983 -0.22393281509864787 -0.029118035177297372 -0.094408009330539597 0.0044805665570000807 -0.0061531953927925261 0.030816018992341397 0.041160173079768818 0.083654761958979071 -0.070297917274127264 -0.18296010342556063
leaf_weight=24 27 113 373 31 60 68 40 28 36 72 52 1899 26 22 27 33 91 23 25 469 24 22 39 54 303 273 103900 308 24 31 114 27 119 25 23 30 26 258 46 57 79 1067 30 70 222 101
leaf_count=24 27 113 373 31 60 68 40 28 36 72 52 1899 26 22 27 33 91 23 25 469 24 22 39 54 303 273 103900 308 24 31 114 27 119 25 23 30 26 258 46 57 79 1067 30 70 222 101
internal_value=2.45631e-12 -0.0172189 -0.00979923 -0.0230563 -0.0728041 -0.103605 -0.173078 -0.101098 0.00027389 0.017835 -0.0870116 0.0211455 -0.055096 0.0252513 0.0270591 -0.0840691 -0.00720791 -0.016531 -0.0126387 -0.0099845 -0.044526 -0.143088 -0.00488072 0.0114473 0.0300871 0.00179744 -0.000135183 -0.0279658 0.0985749 7.28849e-05 0.0186311 -0.0186489 0.0477376 0.0316038 0.0383007 -0.0467429 -0.0613745 -0.0467498 0.0349707 0.0956984 -0.0525585 0.0256405 -0.0383522 -0.0638167 -0.0333915 -0.131635
internal_weight=110811 1735 1594 1221 295 235 108 141 109076 2483 76 2407 123 2284 2262 60 926 835 97 804 127 46 781 81 2202 742 106593 791 60 105802 1902 491 146 1411 1307 345 315 289 1284 171 104 1113 731 423 292 131
internal_count=110811 1735 1594 1221 295 235 108 141 109076 2483 76 2407 123 2284 2262 60 926 835 97 804 127 46 781 81 2202 742 106593 791 60 105802 1902 491 146 1411 1307 345 315 289 1284 171 104 1113 731 423 292 131
is_linear=0
shrinkage=0.0998


Tree=150
num_leaves=47
num_cat=0
split_feature=91 27 43 8 40 36 51 25 99 0 78 32 59 80 100 50 86 84 92 42 56 91 88 13 21 29 34 30 81 42 6 68 52 26 81 2 68 62 60 52 85 32 30 8 33 43
split_gain=53.0018 87.314 80.4325 77.7595 112.071 95.3384 77.7371 98.8694 77.5273 74.0561 104.75 92.6636 80.7772 72.2883 70.553 68.6587 64.8751 61.632 87.7255 84.0676 89.2731 111.298 147.127 97.6725 96.9795 89.4176 86.4164 83.7599 80.6615 74.9609 96.5191 87.1046 73.0724 110.972 129.612 126.582 90.0275 97.5451 80.6258 72.8756 70.4264 85.716 68.3713 93.8503 89.3495 91.1622
threshold=-0.073860410302845333 0.083284516042064868 -0.019233258113740197 0.019352173928832903 0.052889644895379909 -0.026849130773842496 -0.084030877889420194 0.0035058841660104002 0.057540080413701455 0.17266165114258378 0.036911825125620759 -0.015061467373261748 0.063926732901699604 0.049115317296592402 -0.44024999999999997 0.050328273206707512 0.051690234991347207 0.05065767875757516 0.045485802238784005 -0.044026473088202296 -0.035560675684953143 0.010358721399512752 0.062645243750447013 0.074236680471921154 0.012870030474788052 0.063527851539054658 0.063487728456021561 -0.097933880376149932 -0.085972305920384975 0.0054932356200882012 0.061726521337437654 0.010737218381101652 0.0025863204929848006 -0.0013987711207687997 0.032478883093551257 0.029874727013810803 -0.011762638540648898 -0.012401348343061449 0.068546447724362664 0.011824715720041351 -0.035555706507510838 0.081083602918600103 -0.0030830507695514494 -0.049968874731000347 0.029026188512788254 0.029960345263965956
decision_type=2 2 2 2 2 2 2 2 2 2 2 2 2 2 2 2 2 2 2 2 2 2 2 2 2 2 2 2 2 2 2 2 2 2 2 2 2 2 2 2 2 2 2 2 2 2
left_child=1 3 -3 4 5 13 7 -5 9 10 11 -7 15 -1 -10 -11 -8 -2 19 26 21 25 23 24 -23 29 40 39 -20 30 -21 -31 33 34 -29 -35 37 -34 -38 -22 -19 -42 44 -44 45 -30
right_child=17 2 -4 6 -6 8 16 -9 14 12 -12 -13 -14 -15 -16 -17 -18 18 28 20 27 22 -24 -25 -26 -27 -28 32 42 31 -32 -33 36 35 -36 -37 38 -39 -40 -41 41 -43 43 -45 -46 -47
leaf_value=0.025948401775594133 0.00034626284411937679 -0.25450511587233771 -0.023087496872848043 -0.16009794853627682 0.1172482374218221 0.041492453103540355 0.048649446502896154 0.10972945930446898 -0.28660807094744273 0.035954333368054321 -0.23897153903369248 -0.095271347406323537 -0.17428906400853938 0.19235785295863947 -0.042704950665786036 -0.13597494063913823 0.19639527195826653 -0.05443392872452428 -0.1393963501027034 -0.025978065143872367 -0.030493215416436608 -0.19830842294127626 0.12265770607980399 0.083511734267026183 -0.059829702554754907 -0.16963732660185352 -0.090681862425309206 -0.062685224996147551 -0.0018676650512852091 -0.011182668205402318 -0.21604193843295497 0.11881459505251826 -0.015155548476023413 -0.021976953533769439 0.028670166709768102 0.04428701281248365 -0.0075935505914761763 0.06164111025804983 -0.12932436034133038 -0.29097471580326556 0.046057177207845301 -0.095046641862327641 -0.026031282278657558 0.079861833037920521 0.057414642697888013 -0.1258582309816457
leaf_weight=195 102013 21 52 38 78 87 656 21 21 310 29 114 22 30 27 25 31 97 31 188 23 136 26 20 80 38 70 895 234 173 31 73 269 1121 187 386 1100 425 57 20 632 46 112 326 166 79
leaf_count=195 102013 21 52 38 78 87 656 21 21 310 29 114 22 30 27 25 31 97 31 188 23 136 26 20 80 38 70 895 234 173 31 73 269 1121 187 386 1100 425 57 20 632 46 112 326 166 79
internal_value=-7.91475e-12 0.0171957 -0.0896597 0.0218278 0.00270264 -0.00768638 0.0458752 -0.0640577 -0.0274661 -0.0174943 -0.0616577 -0.0360751 0.0109583 0.0481363 -0.149413 0.0231238 0.0553163 -0.000277044 -0.00930779 -0.0137018 -0.0184058 -0.0499157 -0.10266 -0.127483 -0.14702 -0.0224424 0.0155126 -0.0130288 0.0189337 -0.0104136 -0.0528821 0.0273938 -0.0116863 -0.0225119 -0.0468964 -0.00500423 0.00345556 0.0318741 -0.0135907 -0.151647 0.0251044 0.0364838 0.0242862 0.0527841 -0.00177245 -0.0331624
internal_weight=110811 1757 73 1684 938 860 746 59 635 587 230 201 357 225 48 335 687 109054 7041 6093 5248 765 262 236 216 503 845 4483 948 465 219 246 4440 2589 1082 1507 1851 694 1157 43 775 678 917 438 479 313
internal_count=110811 1757 73 1684 938 860 746 59 635 587 230 201 357 225 48 335 687 109054 7041 6093 5248 765 262 236 216 503 845 4483 948 465 219 246 4440 2589 1082 1507 1851 694 1157 43 775 678 917 438 479 313
is_linear=0
shrinkage=0.0998


Tree=151
num_leaves=47
num_cat=0
split_feature=24 40 0 81 35 13 10 44 26 15 7 1 64 42 53 63 51 65 91 95 98 70 93 21 31 38 98 26 95 93 100 51 0 92 8 47 32 78 7 34 87 49 49 100 30 13
split_gain=52.4087 70.2749 96.5173 102.468 92.5043 96.9857 88.6224 85.4298 128.453 92.9175 89.1958 94.9711 94.3438 83.0203 79.8032 73.8228 71.3621 78.1725 68.0104 67.1909 67.0891 66.8979 89.3114 83.8892 68.0496 86.1286 99.6166 72.102 67.1408 64.1517 68.9574 63.9653 98.217 106.603 105.959 73.9738 85.547 63.7972 72.4749 79.4344 63.0865 62.5111 61.6297 84.3738 65.4554 86.6192
threshold=-0.083828253339822092 -0.018239557279516646 0.23559507531861598 -0.05565824902060159 0.0044786923865203507 -0.073464582977839324 0.087008087989963914 0.071295175685040055 0.017508058734461554 -0.028850744153839199 -0.086590833002044273 -0.058464359534638098 0.024943592265674303 -0.023607551974451597 -0.052358465063417493 0.0092349741236053516 0.05357453632875811 0.033570956907930403 0.017067839802209953 -0.0068815857385947496 -0.025619487934259146 -0.034526136729365796 0.011530946705732301 0.047493066980124309 -0.040512120735050942 -0.055076342377770343 -0.037389178875941696 -0.037292540339125997 -0.015000188843863749 -0.030777871375460897 -0.85564999999999991 0.0048055366224687007 0.17397336804048538 0.00029672610393345004 0.037478910585872306 -0.053254088153915337 -0.0090431632608799477 0.028683215874043252 0.073910495520861166 0.0075104346327986007 0.010108328188340151 -0.026229652436116298 0.1088757827541308 0.91045000000000009 0.04763940234616041 -0.11851030176076653
decision_type=2 2 2 2 2 2 2 2 2 2 2 2 2 2 2 2 2 2 2 2 2 2 2 2 2 2 2 2 2 2 2 2 2 2 2 2 2 2 2 2 2 2 2 2 2 2
left_child=1 2 7 -4 5 13 14 9 -9 10 -1 -12 -13 -3 15 20 17 29 -17 -15 -6 22 -7 28 27 26 -26 -23 -24 -11 -31 32 33 -16 -35 -34 -37 38 -5 -40 -14 -29 -2 44 45 -44
right_child=42 4 3 37 6 21 -8 8 -10 16 11 12 40 19 31 18 -18 -19 -20 -21 -22 24 23 -25 25 -27 -28 41 -30 30 -32 -33 35 34 -36 36 -38 -39 39 -41 -42 -43 43 -45 -46 -47
leaf_value=0.11786981538931528 -0.00066537238501960757 0.045934021874010564 -0.11078736024547654 0.074717653518465613 0.015667184844464065 0.048260249370779273 0.076817154116533809 -0.014580154035819902 -0.33944813911779359 -0.093619259094517196 0.082644147191256276 -0.16802190292382496 -0.11759851557835936 -0.266976039388234 0.019566884130547788 -0.073140502515269656 0.1094622633592649 -0.12455032247421903 0.1437482754677534 -0.052540501520453496 -0.17280203964769056 -0.12344899367997139 0.018418976833112537 0.084410548137452288 -0.2045939451856166 0.086215485885408824 0.034181334264476351 -0.031031619851106727 -0.19856874959487089 -0.15125894224345685 0.041590237858172709 0.025678997626284623 -0.14436360330984874 -0.37622601566977149 -0.073290332195875427 0.073124809046688874 -0.032408300429780754 -0.027092783591041031 -0.20144598241405828 0.041571898939762569 0.13306946992401034 0.06491243153145243 -0.084509109708555838 -0.03761983023509189 -0.023011874753464109 0.055228406464988104
leaf_weight=21 105732 50 52 324 25 128 134 27 22 53 25 127 20 22 29 36 55 53 24 43 76 33 20 23 20 647 134 103 49 20 241 514 34 23 23 129 188 120 21 37 20 197 47 192 161 737
leaf_count=21 105732 50 52 324 25 128 134 27 22 53 25 127 20 22 29 36 55 53 24 43 76 33 20 23 20 647 134 103 49 20 241 514 34 23 23 129 188 120 21 37 20 197 47 192 161 737
internal_value=-1.71488e-11 0.0113008 -0.00839239 0.0225708 0.0203171 0.0372422 0.000185158 -0.0334708 -0.160439 -0.0236732 -0.0774084 -0.098767 -0.125924 -0.0507479 -0.00914153 -0.0740644 0.00344906 -0.0124385 0.013615 -0.125119 -0.126151 0.0447155 -0.00564879 -0.0806527 0.0544863 0.0702495 0.00317156 0.0165696 -0.135674 0.00648487 0.0268125 0.00197824 -0.0266184 -0.130286 -0.224758 -0.0044673 0.0105373 0.0363848 0.0563254 -0.0464173 0.00773548 0.0319716 -0.000416844 0.0226944 0.0349487 0.0468513
internal_weight=110811 3942 1238 554 2704 1469 1235 684 49 635 213 192 167 115 1101 161 422 367 60 65 101 1354 220 92 1134 801 154 333 69 314 261 940 426 75 46 351 317 502 382 58 40 300 106869 1137 945 784
internal_count=110811 3942 1238 554 2704 1469 1235 684 49 635 213 192 167 115 1101 161 422 367 60 65 101 1354 220 92 1134 801 154 333 69 314 261 940 426 75 46 351 317 502 382 58 40 300 106869 1137 945 784
is_linear=0
shrinkage=0.0998


Tree=152
num_leaves=47
num_cat=0
split_feature=19 54 96 80 59 57 28 54 36 43 31 1 34 81 2 13 76 48 37 71 84 1 23 18 65 45 8 5 15 92 50 70 52 77 40 3 49 9 44 8 46 20 78 74 27 0
split_gain=51.7995 104.991 180.473 104.934 91.4036 85.0894 93.768 162.46 131.427 129.623 110.361 107.537 104.149 114.07 102.823 205.745 121.721 95.0792 93.5741 93.9592 119.711 116.391 102.391 102.416 90.9281 162.709 105.583 87.5801 84.6982 90.0963 139.85 84.076 83.7943 114.354 111.599 83.5955 101.651 99.9464 97.7738 94.8469 101.664 96.1547 100.713 112.141 99.063 94.6678
threshold=0.025269154529364051 -0.082059526153913334 0.025022521669147053 -0.022657529844950394 -0.020416640381892299 0.074582716793253165 -0.057989191160742644 0.018630702951598802 0.022371636736259304 -0.031426146600822095 -0.056405694904297497 -0.071940863315820183 -0.081387212934806136 -0.048434603178952339 0.080473402778604722 0.020848919174752002 0.029978003420349956 0.0039027648422050002 0.069817828716061306 -0.027018766994645897 0.016461717653012301 -0.10682896109224828 -0.038209504073375748 0.034883950472946103 0.046236021600286656 0.027224590619459855 0.011224730466823452 -0.15022021645131425 0.072805073274179413 -0.016358015138964049 -0.037995284795353947 -0.019638401387775995 -0.0065173239789440987 -0.084219318280382233 -0.041053513068485793 -0.10152016796101658 -0.022072243774644146 -0.028427146051390597 0.026273127840389904 0.14564477107407794 0.031380460820482313 0.015877511394777655 0.018638060152416005 0.039654093762474509 -0.048422683776030241 0.29692304742960279
decision_type=2 2 2 2 2 2 2 2 2 2 2 2 2 2 2 2 2 2 2 2 2 2 2 2 2 2 2 2 2 2 2 2 2 2 2 2 2 2 2 2 2 2 2 2 2 2
left_child=35 2 4 -4 -2 6 7 8 24 -10 11 -8 -13 -14 15 -11 -16 -15 19 20 21 -9 23 -21 26 -26 -3 -12 32 30 -30 -28 34 -34 -29 36 37 -1 -39 45 41 -41 43 44 -43 -37
right_child=1 5 3 -5 -6 -7 10 18 9 14 27 12 13 17 16 -17 -18 -19 -20 22 -22 -23 -24 -25 25 -27 31 28 29 -31 -32 -33 33 -35 -36 39 -38 38 -40 40 -42 42 -44 -45 -46 -47
leaf_value=0.033582655849038009 0.13255206957108132 0.041759543905485814 -0.24360540697957786 -0.021479841007780411 0.036916336665101669 0.024575709630060706 0.0046252297486480236 -0.14009434336982668 0.036030529951879449 -0.028430924568689692 -0.066500765641901036 0.026118422653549453 -0.13344432218037192 -0.062204054004454432 0.056251543020766154 -0.14827231337273611 -0.16512998920479169 -0.0088330521144205712 0.021274856387202938 0.0052217244123966295 -0.10979709174197912 0.084856279384513345 -0.10409925520457682 -0.15857572904896547 0.0053657686048206319 -0.2379108048598233 -0.087715534867357933 -0.036694176735398369 -0.12387556050044875 0.036240460298209411 0.0097488720976703306 0.015085966491934735 -0.09832610476241882 0.0043895231093474237 -0.0048377072594190064 0.00097047810480381178 -0.002538433555867782 -0.030413980064714144 -0.10038024087080073 0.056963532394872979 -0.033116030340500945 -0.15536030933287268 0.079049798554906223 -0.22433194700096337 0.014438607190229035 0.022525843691400902
leaf_weight=174 137 873 28 87 364 972 937 28 215 413 201 223 138 738 141 218 30 605 153 199 75 126 525 47 98 38 128 1294 93 1194 484 208 109 11253 7132 73438 3074 789 266 861 235 41 107 28 207 2087
leaf_count=174 137 873 28 87 364 972 937 28 215 413 201 223 138 738 141 218 30 605 153 199 75 126 525 47 98 38 128 1294 93 1194 484 208 109 11253 7132 73438 3074 789 266 861 235 41 107 28 207 2087
internal_value=1.26384e-11 -0.003582 0.0371875 -0.0755626 0.0630682 -0.00445135 -0.00546204 -0.0207016 -0.00571109 -0.0327839 -0.00326676 -0.0225322 -0.0374657 -0.0470398 -0.0512316 -0.0698341 0.0174127 -0.0381613 -0.0514107 -0.0625316 -0.0063997 0.0439562 -0.0792037 -0.0260729 0.0147596 -0.0626086 0.0234627 -0.000928518 -0.000317171 0.0205924 -0.0117885 -0.0240765 -0.00218855 0.00340413 -0.00972998 0.00129981 -0.0122374 -0.0364967 -0.0480548 0.00205627 0.0270855 0.0384579 -0.00314346 -0.0350082 -0.013633 0.00156612
internal_weight=110811 29504 616 115 501 28888 27916 3515 2362 1017 24401 2641 1704 1481 802 631 171 1343 1153 1000 229 154 771 246 1345 136 1209 21760 21559 1771 577 336 19788 11362 8426 81307 4303 1229 1055 77004 1479 1244 383 276 248 75525
internal_count=110811 29504 616 115 501 28888 27916 3515 2362 1017 24401 2641 1704 1481 802 631 171 1343 1153 1000 229 154 771 246 1345 136 1209 21760 21559 1771 577 336 19788 11362 8426 81307 4303 1229 1055 77004 1479 1244 383 276 248 75525
is_linear=0
shrinkage=0.0998


Tree=153
num_leaves=47
num_cat=0
split_feature=65 20 0 75 89 74 50 14 97 98 15 78 0 87 93 80 19 51 58 100 91 97 85 56 79 28 92 58 39 43 1 25 33 74 96 84 35 68 99 31 22 37 55 100 27 18
split_gain=51.9714 77.2036 81.6962 93.9878 76.2039 78.6807 79.7512 73.0685 72.8942 77.6123 78.3748 110.213 135.087 83.0784 82.6753 67.105 81.3266 111.522 112.545 114.857 79.699 78.8783 82.7329 75.4743 96.6819 96.7972 85.246 78.766 84.7676 75.0603 74.9226 72.058 71.4907 84.6405 73.4626 68.003 66.9756 66.6139 66.123 65.6536 65.3102 65.3096 64.8566 76.6687 64.2195 63.0595
threshold=0.054342661265428457 0.036093006112772406 0.25106636121271825 0.089763778272768116 -0.0075163297706733493 0.033404402862275508 0.018294719930930355 -0.042693581308801444 -0.025765499856346446 0.031396119094410958 0.027559728137641602 0.036911825125620759 0.1418730586162972 0.034107254916052661 -0.0071566797290689996 -0.0012249709888280998 0.025269154529364051 -0.061613294927003792 -0.020845839237587496 -0.95304999999999984 0.0065263883901587006 -0.05321905688374929 0.0011675488664166503 0.024033658597382001 -0.027439255756604098 0.045190265286720703 0.05532190148155066 -0.065279481635059131 0.086705464276728469 -0.038136710494562943 1.0000000180025095e-35 0.0098667021252761503 -0.013841370356683048 0.046785908019441158 -0.045232640623757793 0.012923425483600553 -0.060936978719150596 0.0088636745045878509 0.012653748331666803 -0.0014735493483613998 -0.011920973214037749 0.021683176235031253 -0.038877104734931944 -0.024899999999999995 0.010901205005783151 -0.078372255635072788
decision_type=2 2 2 2 2 2 2 2 2 2 2 2 2 2 2 2 2 2 2 2 2 2 2 2 2 2 2 2 2 2 2 2 2 2 2 2 2 2 2 2 2 2 2 2 2 2
left_child=-1 15 3 8 5 -4 -7 -6 36 10 11 14 -13 -12 -10 16 21 -18 -19 -20 29 22 -2 24 45 27 32 30 31 -21 -26 -29 33 34 -25 -24 -3 -38 -23 -40 -11 -27 -34 -44 -22 -17
right_child=1 2 4 -5 7 6 -8 -9 9 40 13 12 -14 -15 -16 23 17 18 19 20 44 38 35 26 25 41 -28 28 -30 -31 -32 -33 42 -35 -36 -37 37 -39 39 -41 -42 -43 43 -45 -46 -47
leaf_value=-0.0005764914145110051 0.027503511130147509 0.18432916434143598 0.018296332868795 -0.18884671895522059 -0.017336878466160156 -0.27593300533181148 -0.012118697767138482 0.10454965091266057 0.0024972571935259823 0.11100105590169777 0.012636246886195732 -0.3921250200200081 -0.099370931574212368 -0.15144611876484226 -0.081811025210170765 -0.13414737748652697 0.11632107079502296 0.027303122454205561 -0.27140259088277818 -0.12251167686769837 -0.1130388019291292 0.023745352303590764 -0.29276572218149904 -0.16709984024174157 -0.055338674594741316 0.086496514968204041 -0.11710933315873145 -0.051504939162014748 -0.23125339155949295 0.029970570325852333 -0.288604106293122 0.0082417246864095184 -0.0093256477539226407 -0.16823879647361381 0.0263161686314747 -0.043593182241668305 -0.034844031874939153 0.083742743632085628 0.031262263719081342 0.087959465355995595 -0.023746062755555689 -0.042738483979304631 0.13279955625176015 0.03514515580870211 -0.0025695630972832439 0.04444690942292609
leaf_weight=103451 54 26 137 33 71 21 25 158 213 67 320 20 73 34 254 21 74 416 21 38 152 1505 20 21 32 111 40 517 21 209 24 329 103 28 285 24 115 80 415 399 77 60 153 168 80 316
leaf_count=103451 54 26 137 33 71 21 25 158 213 67 320 20 73 34 254 21 74 416 21 38 152 1505 20 21 32 111 40 517 21 209 24 329 103 28 285 24 115 80 415 399 77 60 153 168 80 316
internal_value=-1.54428e-11 0.00810307 -0.010378 -0.0225523 0.0283907 -0.0196227 -0.132556 0.0667595 -0.0182617 -0.0291509 -0.0398799 -0.0631155 -0.162329 -0.00312308 -0.0433578 0.0137563 0.0225645 -0.00152793 -0.0110485 -0.042957 -0.0329417 0.0324328 -0.055269 0.000292901 -0.0134209 -0.0278184 0.0248849 -0.0405961 -0.0331867 0.00651176 -0.15531 -0.0282701 0.032378 -0.00215472 0.0130425 -0.156853 0.0338684 0.013807 0.036139 0.0590536 0.0389488 0.0411509 0.0595806 0.0816907 -0.074946 0.0333179
internal_weight=110811 7360 1724 1312 412 183 46 229 1279 1058 914 560 93 354 467 5636 3407 990 916 500 479 2417 98 2229 1431 1094 798 923 867 247 56 846 758 334 306 44 221 195 2319 814 144 171 424 321 232 337
internal_count=110811 7360 1724 1312 412 183 46 229 1279 1058 914 560 93 354 467 5636 3407 990 916 500 479 2417 98 2229 1431 1094 798 923 867 247 56 846 758 334 306 44 221 195 2319 814 144 171 424 321 232 337
is_linear=0
shrinkage=0.0998


Tree=154
num_leaves=47
num_cat=0
split_feature=3 37 26 76 99 41 100 73 9 93 90 36 3 2 87 58 32 42 91 92 62 54 2 8 69 67 41 47 8 35 71 13 66 87 99 7 87 8 0 96 28 87 54 84 64 61
split_gain=51.8933 80.4818 84.2344 88.7637 72.0977 68.8141 73.5185 79.0888 58.9309 121.883 160.755 196.523 163.039 139.509 138.179 180.406 135.579 143.19 108.246 111.963 107.605 107.167 157.944 136.469 114.615 191.363 116.923 123.886 118.515 106.434 127.059 104.593 104.034 103.644 103.166 102.397 117.091 103.886 102.298 103.912 102.18 127.58 125.941 119.2 104.843 101.899
threshold=0.18320225866052992 -0.009947770827363098 -0.052260140642021995 0.0027405241344067503 -0.026518998517125945 -0.021441224637084848 -0.42139999999999994 -0.00029128923283814999 0.0032962987332410005 0.005710307300536001 0.021072651550734855 0.013141021868915801 -0.027716833595366197 -0.018409755292468796 -0.036332741402369438 0.012838780865181901 -0.015458903849973999 0.037247313244336062 0.015603953766901352 -0.05798422905038849 -0.056859378327842394 -0.021262335773799896 0.057004560230815307 0.0098044394666165508 -0.064779360579244286 -0.08638607605580699 0.025510713576034603 0.0013732705677664502 -0.03452606290491584 -0.038617039790681339 0.03246526569445201 0.055464021159580552 0.052516605405473711 -0.018324364389185496 -0.038436350999633696 -0.030468903514131947 -0.019074580590548899 0.086016830584958362 0.11085437453111217 0.0098489687446942017 0.0038764510346527004 0.0089244388586661519 -0.0057862929830458992 0.0052095271908913507 -0.025857593524091744 -0.0059890928718057497
decision_type=2 2 2 2 2 2 2 2 2 2 2 2 2 2 2 2 2 2 2 2 2 2 2 2 2 2 2 2 2 2 2 2 2 2 2 2 2 2 2 2 2 2 2 2 2 2
left_child=8 4 3 -3 -2 6 7 -6 21 10 12 16 29 14 -11 -16 17 20 34 -20 -12 23 -23 24 25 -1 27 -26 -28 30 -10 -32 35 -19 -15 36 -18 -37 39 -13 41 -21 -43 -42 -45 -35
right_child=1 2 -4 -5 5 -7 -8 -9 9 13 11 38 -14 18 15 -17 32 33 19 40 -22 22 -24 -25 26 -27 28 -29 -30 -31 31 -33 -34 45 -36 37 -38 -39 -40 -41 43 42 -44 44 -46 -47
leaf_value=-0.31163437517892856 0.080561441701656022 0.01191715914182938 0.034419441223631747 0.24878361704915761 -0.041157999148899692 -0.0046150025371123442 0.012704454936273396 -0.30300052752665901 0.0046301992446696923 0.030596471576693544 0.076100650394783365 -0.021914241794096796 0.01245000778871678 -0.045834805594246859 -0.015254653705682965 0.018105008520884792 -0.056618697757642202 -0.22521141588907029 -0.1202693394815107 -0.024741384898254584 -0.044473577132102704 0.0017924484895096549 0.018200704617389769 -0.017078421656364938 0.0099411120953657641 -0.031979949815372118 0.04792055442471569 -0.016410970246992229 0.0039747180400182495 -0.012391363011037108 0.11255430694342404 -0.096710854414105415 0.058140046947999596 -0.16431766477132645 -0.0066733699246291356 -0.024745741225720045 0.037511237351312322 -0.12101553974573709 0.016019122589039519 -0.22522294281054947 0.018202785453126539 -0.13935495516381718 -0.041771050470808549 0.040074640448677999 -0.066721872150289199 -0.010385556448172581
leaf_weight=26 69 26 432 40 20 220 28 27 959 1291 79 95 13024 740 5131 2356 176 68 139 986 1103 41520 6800 6091 3780 389 1062 3353 1440 5594 200 27 194 78 7084 1444 522 121 2135 34 742 238 295 117 421 95
leaf_count=26 69 26 432 40 20 220 28 27 959 1291 79 95 13024 740 5131 2356 176 68 139 986 1103 41520 6800 6091 3780 389 1062 3353 1440 5594 200 27 194 78 7084 1444 522 121 2135 34 742 238 295 117 421 95
internal_value=-1.65889e-11 0.0243914 0.0504626 0.155473 -0.0112775 -0.0327585 -0.115313 -0.191578 -0.000191228 -0.0029417 0.00154125 -0.0125617 0.00591656 -0.00889479 0.000442449 -0.00475708 -0.0261961 -0.0507099 -0.0165107 -0.0328441 -0.0364149 0.00174969 0.00410156 -0.00529092 0.00185313 -0.0495005 0.00406504 -0.00244618 0.022628 -0.00663381 0.0205228 0.0876637 -0.0119986 -0.120821 -0.0103773 -0.0180114 0.0137765 -0.032189 0.0108045 -0.0754995 -0.0285026 -0.0460065 -0.0853451 -0.00773024 -0.0434966 -0.0797885
internal_weight=110811 862 498 66 364 295 75 47 109949 45488 25948 6144 19804 19540 8778 7487 3880 1423 10762 2938 1182 64461 48320 16141 10050 415 9635 7133 2502 6780 1186 227 2457 241 7824 2263 698 1565 2264 129 2799 1519 533 1280 538 173
internal_count=110811 862 498 66 364 295 75 47 109949 45488 25948 6144 19804 19540 8778 7487 3880 1423 10762 2938 1182 64461 48320 16141 10050 415 9635 7133 2502 6780 1186 227 2457 241 7824 2263 698 1565 2264 129 2799 1519 533 1280 538 173
is_linear=0
shrinkage=0.0998


Tree=155
num_leaves=47
num_cat=0
split_feature=17 77 15 95 71 0 46 87 62 13 77 64 60 64 53 27 14 28 48 96 86 72 10 10 76 52 94 82 5 6 100 55 55 2 56 95 56 100 41 97 85 96 62 6 17 70
split_gain=50.7231 94.7693 101.704 95.095 107.291 93.5217 88.7405 138.716 113.14 103.269 121.993 97.8538 94.397 93.3903 93.2895 89.4282 78.4602 72.4412 70.1618 69.4585 70.7963 66.9557 68.0908 111.258 59.7821 56.3935 63.9883 55.9443 147.492 117.751 115.597 142.061 114.141 111.33 118.55 108.373 102.742 142.592 163.37 119.501 116.667 114.989 122.929 110.238 112.22 107.334
threshold=-0.10019920891768137 0.08863316367313577 0.094113792900192617 -0.0014304466969248997 0.021196089556645054 0.29692304742960279 0.023516938605009204 -0.039318256733959445 0.052951224470425259 -0.064368282404826435 -0.024910511933663997 -0.065357966064253828 0.040006685383182854 0.052738929307325703 0.0030051071636749004 -0.0072800871498160486 0.04699618541698266 0.027019105125103953 -0.026199855165483198 -0.048475659315791245 -0.048952571890927589 0.025754237298835202 -0.017311093344478196 -0.0037937381500916497 -0.0093067456054200994 -0.0050690849148979497 0.007598675725462801 -0.0087234613413869986 0.019276473153008154 0.035602023599793552 -0.44024999999999997 0.093182523229094566 -0.020791748898810299 -0.055883932151115645 0.021327694803908153 -0.050826371576686742 -0.0016378340292123497 -0.97184999999999988 0.014870637080630153 -0.01615736326815875 0.082930109984951164 -0.0032993045860638995 0.058216697636205156 0.055948613139835207 0.0018167272666594003 0.08067813697483131
decision_type=2 2 2 2 2 2 2 2 2 2 2 2 2 2 2 2 2 2 2 2 2 2 2 2 2 2 2 2 2 2 2 2 2 2 2 2 2 2 2 2 2 2 2 2 2 2
left_child=1 2 5 -4 21 6 7 18 12 10 16 -11 19 -13 -14 -12 -9 -6 -1 -8 -21 22 -5 -24 -7 -20 -27 28 29 -2 31 -30 35 34 -31 -32 41 38 39 -38 -39 42 45 -44 -45 -29
right_child=27 -3 3 4 17 24 8 9 -10 11 15 13 14 -15 -16 -17 -18 -19 25 20 -22 -23 23 -25 -26 26 -28 36 30 33 32 -33 -34 -35 -36 -37 37 40 -40 -41 -42 -43 43 44 -46 -47
leaf_value=-0.32154278295874594 -0.0039502042418606198 -0.2210991741449318 0.071150639552771164 0.066121263548867271 -0.28249817930447019 -0.015248679551549934 0.17143497238891819 -0.33354931042534963 -0.19345896038103563 -0.16860710581948882 -0.1134727793198774 0.0065307837920054882 0.029331465588522884 -0.12350793072902908 -0.22380981667514505 -0.0019788592802626745 -0.081694788703593341 -0.022794191158115866 -0.23236475698285633 -0.12940928326370538 0.039264874907976498 0.12396551186602031 -0.26787094765804381 0.019893868572823704 0.14146459730244068 -0.13501541905554162 0.086550154317021372 0.0094006033118450589 0.027770402940935145 -0.027673587902829744 -0.096333244857282591 -0.12816941778515861 0.013437602811845951 0.019394569990796359 0.038902792006710693 -0.0071729777217939533 -0.0016838921499533618 -0.0050915292171205967 0.024348145270193675 -0.13127807307268957 0.045183117690195861 -0.0029045322228326695 -0.016667469806288061 -0.23978991363389152 -0.023938638189419156 0.062288925154522792
leaf_weight=20 22905 22 246 44 23 44 36 28 26 38 134 661 29 60 29 154 22 20 27 27 302 42 23 32 54 37 20 13893 4220 1136 144 59 5417 4577 348 2379 98 34207 167 256 466 17384 466 49 47 393
leaf_count=20 22905 22 246 44 23 44 36 28 26 38 134 661 29 60 29 154 22 20 27 27 302 42 23 32 54 37 20 13893 4220 1136 144 59 5417 4577 348 2379 98 34207 167 256 466 17384 466 49 47 393
internal_value=-1.54098e-11 -0.0150026 -0.0129209 0.0305609 -0.0237059 -0.0236172 -0.029243 -0.0433944 0.00860979 -0.0329512 -0.0788366 -0.0125174 0.0210301 -0.00429075 -0.0972392 -0.0538545 -0.222733 -0.161706 -0.153551 0.0398236 0.0254223 0.0183791 -0.0264151 -0.100444 0.0711035 -0.113553 -0.0572731 0.00030389 0.00320201 -0.000676984 0.0123974 0.0256203 0.00527141 0.0116928 -0.0120613 -0.0122618 -0.00146633 -0.00519454 -0.0570174 -0.0954017 -0.00441585 0.00260449 0.00905444 -0.0367293 -0.134113 0.0108555
internal_weight=110811 2200 2178 430 184 1748 1650 1201 449 1097 338 759 423 721 58 288 50 43 104 365 329 141 99 55 98 84 57 108611 41185 28966 12219 4279 7940 6061 1484 2523 67426 35194 521 354 34673 32232 14848 562 96 14286
internal_count=110811 2200 2178 430 184 1748 1650 1201 449 1097 338 759 423 721 58 288 50 43 104 365 329 141 99 55 98 84 57 108611 41185 28966 12219 4279 7940 6061 1484 2523 67426 35194 521 354 34673 32232 14848 562 96 14286
is_linear=0
shrinkage=0.0998


Tree=156
num_leaves=47
num_cat=0
split_feature=38 10 72 63 84 56 96 21 70 76 74 90 0 32 17 14 87 4 54 83 99 98 57 58 80 76 36 23 69 0 94 9 86 66 90 27 2 66 92 34 24 9 25 32 37 93
split_gain=50.1186 77.8973 77.1637 107.17 95.8995 95.2796 91.6707 93.7065 86.8556 87.5536 100.914 81.3941 116.518 89.4904 126.422 94.3392 83.9423 100.991 158.071 119.207 116.836 100.171 90.4758 90.1885 117.779 95.4586 81.3602 81.3564 80.6302 110.79 78.768 76.1294 74.8134 73.4106 72.3706 80.9452 70.9832 64.127 82.1573 62.7575 62.5498 161.098 106.245 72.4184 85.9948 83.2294
threshold=0.056013218138260261 0.087008087989963914 0.054036359396492456 0.047591402447967855 -0.027140008134981897 0.041759870435371507 -0.024389302935849799 0.016940351745971301 0.027817015438553753 0.044022733014567557 -0.034402609557299242 0.035710103529415206 0.092471168286318503 0.0042795906770620512 -0.068459640196351826 -0.03341232509921814 -0.011396919865404998 -0.045480005283831691 0.038576075918094858 0.024087414498126253 0.021497943125746852 -0.043431406992786491 -0.0025044903389935497 0.026102236196875055 -0.064990051734139284 -0.07852698143056748 -0.0086007961039537995 -0.0030636324026267997 -0.029796559732697649 0.19198741423502216 0.014127767072166552 0.036269058284658255 -0.028082130724038649 -0.025681994377280744 -0.041571327132858341 -0.017874169934299394 -0.0082993661839772994 -0.028741026380971497 -0.013895368352402048 0.056937387162071307 0.14512608310463124 -0.10448051949505939 0.099335838685156067 -0.0022699039264519496 -0.069884701793816784 -0.00028181786187114993
decision_type=2 2 2 2 2 2 2 2 2 2 2 2 2 2 2 2 2 2 2 2 2 2 2 2 2 2 2 2 2 2 2 2 2 2 2 2 2 2 2 2 2 2 2 2 2 2
left_child=40 2 3 11 6 8 -4 -8 9 10 26 16 -13 14 -14 -16 23 18 21 20 -19 -18 -20 25 -25 -2 -5 -9 29 -15 -21 -30 -27 -12 35 -6 -26 38 -36 -39 -1 -42 43 -43 -45 -46
right_child=1 -3 4 5 34 -7 7 27 -10 -11 33 12 13 28 15 -17 17 19 22 30 -22 -23 -24 24 36 32 -28 -29 31 -31 -32 -33 -34 -35 37 -37 -38 39 -40 -41 41 42 -44 44 45 -47
leaf_value=0.00079077074590321896 -0.18124593009768947 0.027928189552144926 0.00045213183098502692 -0.2201532736660661 -0.26796154853468357 0.12778621689076169 -0.066708625677899577 -0.38864864460934295 0.096540970797105261 0.11736101879298134 -0.080803258343921464 -0.26783593708163217 -0.27404168416336178 -0.25456965406051385 0.02356505899786282 -0.073725378607458605 -0.18794338846407832 -0.029479221765354034 -0.3680673523312265 0.0067266020013025266 0.021308409256621041 -0.024847938184744286 -0.10678521299687298 -0.25909110175683381 0.015390039053854053 0.06689299441231647 -0.03848857614913611 -0.15268909664503622 0.039629909990659774 -0.021489537330444265 0.078841097863573073 -0.057272381591485844 0.013290093797200144 0.038373257192129341 0.055224545366849224 -0.028278777499083012 -0.063330024682146935 0.029369112937296667 -0.15543665576643415 -0.10333739849396051 0.17209272586025975 -0.0064345023296125559 0.072304140248683826 0.085081975620239975 -0.055291708824683615 -0.18688878809169177
leaf_weight=101281 23 592 62 37 23 89 71 22 110 54 66 21 26 27 134 383 40 1876 22 480 594 602 33 21 273 320 73 43 339 82 220 106 1368 234 28 36 196 315 54 40 33 92 53 20 82 115
leaf_count=101281 23 592 62 37 23 89 71 22 110 54 66 21 26 27 134 383 40 1876 22 480 594 602 33 21 273 320 73 43 339 82 220 106 1368 234 28 36 196 315 54 40 33 92 53 20 82 115
internal_value=2.20031e-11 -0.00708098 -0.00950699 -0.00668664 -0.0414047 0.0317058 -0.100122 -0.145972 0.0168083 -0.00209378 -0.0178269 -0.0102288 -0.0349737 -0.030516 -0.0593079 -0.0485089 -0.0056697 -0.0145254 -0.0489205 -0.00696278 -0.0172655 -0.0350096 -0.211298 0.00988907 -0.0278615 0.0207001 -0.099594 -0.232552 -0.00229577 -0.079225 0.0293912 0.0165476 0.0234518 0.0121544 -0.0179651 -0.121714 -0.0175079 -0.00395771 -0.0835036 0.0144163 0.000636185 -0.0390007 -0.058244 -0.0806358 -0.112094 -0.132112
internal_weight=110811 9135 8543 7849 694 663 198 136 574 464 410 7186 1118 1097 543 517 6068 3867 697 3170 2470 642 55 2201 490 1711 110 65 554 109 700 445 1688 300 496 59 469 437 82 355 101676 395 362 309 217 197
internal_count=110811 9135 8543 7849 694 663 198 136 574 464 410 7186 1118 1097 543 517 6068 3867 697 3170 2470 642 55 2201 490 1711 110 65 554 109 700 445 1688 300 496 59 469 437 82 355 101676 395 362 309 217 197
is_linear=0
shrinkage=0.0998


Tree=157
num_leaves=47
num_cat=0
split_feature=26 40 53 57 51 49 68 88 16 42 17 82 97 90 22 65 4 96 63 32 23 78 86 81 36 66 25 38 55 11 96 58 97 0 100 66 41 66 63 34 15 65 85 64 53 17
split_gain=49.8002 117.224 122.803 153.489 107.705 115.457 97.2685 90.1907 141.341 96.8394 127.338 102.672 87.9954 87.8403 87.428 87.2395 86.5141 92.2256 83.9057 76.7092 76.4804 74.7206 73.3973 97.4528 89.3196 100.53 85.4297 71.7468 70.6718 70.5814 68.9727 68.8861 67.3543 66.546 96.006 89.9224 90.688 84.1064 83.6547 97.9018 109.669 92.1151 86.2783 78.2247 108.406 76.6939
threshold=-0.097288285728082832 0.082874858571059015 0.015206180586191302 0.044415704548392408 0.063271295327997662 0.014455976368821002 0.0018100320324991002 0.014393778487626451 -0.050297946828651095 -0.023607551974451597 0.012242610913703203 0.009571815066492852 0.0071451400752246012 0.029361867492402553 -0.033581320079872641 0.018790596281015703 0.030578625433920203 -0.0013685623998888998 0.0063921601205854011 0.026528539003446202 1.0000000180025095e-35 -0.028753073771513895 -0.00030481938937519995 0.044495133598069357 -0.015195654396263499 0.007056644145646801 0.020027138199492454 0.016667262671614703 0.0098093058552720519 -0.11978308526222209 0.00057898779035400012 -0.0085750426632442978 -0.030685554189266145 0.3005157122154567 0.64900000000000013 -0.0024261533467476496 0.043718822407728002 0.011840107293441052 -0.040324664644428243 0.076514654030738816 -0.057564189976198041 -0.013597554969088748 -0.013742841761184699 0.021231459737356 -0.019165115395110299 -0.011178207417548448
decision_type=2 2 2 2 2 2 2 2 2 2 2 2 2 2 2 2 2 2 2 2 2 2 2 2 2 2 2 2 2 2 2 2 2 2 2 2 2 2 2 2 2 2 2 2 2 2
left_child=1 2 3 7 5 13 31 22 -9 18 11 -11 28 32 -8 -12 17 27 19 -10 -18 -3 29 24 25 -24 -26 -7 -6 -1 -16 -5 -4 -2 35 38 -37 -38 41 43 -41 -35 -43 -40 -45 -44
right_child=33 21 4 6 12 16 14 8 9 10 15 -13 -14 -15 30 -17 20 -19 -20 -21 -22 -23 23 -25 26 -27 -28 -29 -30 -31 -32 -33 -34 34 -36 36 37 -39 39 40 -42 42 45 44 -46 -47
leaf_value=0.18627003359287267 -0.0001313782319477093 0.039817140448870865 -0.087454183011776848 -0.017421677649617197 -0.070738347531689533 -0.047769662141409076 0.15835609912384641 0.009576155687435195 -0.0015243570721381015 -0.25811400153323388 0.034984119271449218 -0.09082728804178157 0.03809994762718677 -0.099712300462454939 -0.20033709711790088 -0.18541623753218187 0.058038003778771358 0.094523978443435061 0.085005699935455509 -0.21830789141716628 0.25457102524950737 -0.16487446707003772 -0.1836418757147526 0.12817259095464983 -0.0013306013812494724 -0.027172603982135859 -0.11341668736819517 0.11256569739182791 -0.31170579638264395 -0.00025038266677313665 0.019426692232941134 0.19558462665455956 0.023037877644380995 -0.10343832982919411 -0.012510087621173633 0.029665884579900239 0.22291569322483107 0.068648403597468599 0.047651092656298612 0.08322614561976531 -0.11380901142443244 0.080472398053448316 0.04180877792398046 -0.092891885371454472 0.032940565056228964 -0.091586241460346551
leaf_weight=21 103710 23 61 20 27 122 22 153 37 96 53 59 30 79 25 27 38 171 41 29 41 78 93 31 294 73 88 36 22 535 33 62 554 128 1080 1171 44 176 726 39 101 88 70 108 185 111
leaf_count=21 103710 23 61 20 27 122 22 153 37 96 53 59 30 79 25 27 38 171 41 29 41 78 93 31 294 73 88 36 22 535 33 62 554 128 1080 1171 44 176 726 39 101 88 70 108 185 111
internal_value=-4.2492e-12 -0.0125252 -0.0089331 -0.0253993 0.016052 0.0241215 0.0672488 -0.0346073 -0.0701551 -0.105824 -0.141659 -0.194437 -0.0965122 -0.000646964 -0.0110439 -0.039401 0.0662523 0.0437327 -0.0271224 -0.0967777 0.160036 -0.118262 -0.019104 -0.0439738 -0.053712 -0.114833 -0.0271515 -0.0112376 -0.178928 0.00679445 -0.0752991 0.143632 0.0120785 0.000357375 0.0129446 0.022273 0.0407111 0.0995019 0.00579016 0.0193335 -0.0589206 -0.0337481 -0.000586942 0.0300848 -0.0134414 -0.039997
internal_weight=110811 3074 2973 1792 1181 1102 162 1630 495 342 235 155 79 694 80 80 408 329 107 66 79 101 1135 579 548 166 382 158 49 556 58 82 615 107737 4027 2947 1391 220 1556 1159 140 397 269 1019 293 181
internal_count=110811 3074 2973 1792 1181 1102 162 1630 495 342 235 155 79 694 80 80 408 329 107 66 79 101 1135 579 548 166 382 158 49 556 58 82 615 107737 4027 2947 1391 220 1556 1159 140 397 269 1019 293 181
is_linear=0
shrinkage=0.0998


Tree=158
num_leaves=47
num_cat=0
split_feature=33 60 1 45 22 19 3 27 12 92 77 10 59 71 5 100 91 40 0 96 85 94 19 75 36 100 90 26 23 89 18 46 20 75 81 84 89 20 93 35 11 25 14 43 90 81
split_gain=48.0725 93.3453 159.393 144.877 99.7001 96.8463 98.788 91.4633 90.1301 86.5429 80.2123 78.8846 77.3998 73.2579 72.5264 100.346 72.8575 72.8028 71.2451 69.7181 67.6355 73.4765 66.8711 65.9298 63.7363 62.3323 67.0296 53.9082 122.458 98.4893 76.2223 91.5251 113.217 110.352 85.6063 71.0866 83.1202 69.1739 124.449 74.6561 69.0073 65.6715 62.1531 79.2497 77.554 64.0852
threshold=0.10382802237438966 0.036933032531786959 -0.015169470707859399 0.030379772671487604 0.089627386937843515 0.076594469843203714 0.10115501634649351 -0.069861833574704393 -0.057755980897350741 -0.0028335065002876992 0.0029410139937263505 -0.042318257180240147 0.019342121124048001 -0.033532161924995939 0.010357309785736001 0.15220000000000003 -0.00031422743618649994 -0.022147492581058397 0.21633676085698483 -0.013775061354852297 -0.026861456753591896 -0.0030607015616344498 -0.004738556986329549 -0.027649508874152996 -0.062593441414623793 0.7581500000000001 -0.023854358727386196 0.11838855171119995 -0.0074502369762558989 -0.060595900585824293 0.028903224444126203 -0.028793965775434648 0.079436117404805454 0.0091469078317520016 0.067977700709866709 -0.035270528726604695 0.010020427167689151 0.056287281162861212 0.040366603300933605 -0.018016919936418095 -0.17604839349501017 0.019629843592594953 -0.017537769994117998 -0.010013986998503447 0.0089892405172415004 0.0039357025378303516
decision_type=2 2 2 2 2 2 2 2 2 2 2 2 2 2 2 2 2 2 2 2 2 2 2 2 2 2 2 2 2 2 2 2 2 2 2 2 2 2 2 2 2 2 2 2 2 2
left_child=27 2 4 5 14 6 8 -3 12 22 11 -5 -4 -9 16 17 20 -16 -11 -8 -2 -22 -10 -23 -17 26 -15 40 29 -29 31 32 33 -31 35 41 -37 -30 39 -39 42 -33 45 -44 -45 -1
right_child=1 7 3 10 -6 -7 19 13 9 18 -12 -13 -14 25 15 24 -18 -19 -20 -21 21 23 -24 -25 -26 -27 -28 28 37 30 -32 34 -34 -35 -36 36 -38 38 -40 -41 -42 -43 43 44 -46 -47
leaf_value=-0.055624815934068622 -0.17554830671755287 -0.10523523059795643 -0.21384675089319546 -0.064673472938407209 -0.16153026367623047 -0.23534426493728836 -0.10468132905342749 -0.025085589724668751 0.085482882658550238 -0.23096693136389215 -0.036521062229031863 0.11122619059955081 -0.024003524117796649 0.019465963097910086 0.022379365669818303 -0.12505400946965586 0.063345346875158748 0.18299113034806042 -0.051447096482115359 0.10907512595322999 0.06484361963210647 -0.21328713259441512 -0.078048341758986936 -0.01690497049383612 0.061554807257945418 -0.020327297665221351 0.15337069701303738 -0.11899496874029146 -0.091041291756163309 -0.10269088181038112 0.14455887898643871 0.0692026987272501 -0.24900579162212935 0.1704393239067151 -0.13358452680293809 0.05553631912164466 0.15831149579627421 0.099459879803979717 0.20572716170499725 -0.061493168577400503 -0.00032998089095781318 -0.14141047408462598 -0.13515426239475609 -0.073933203453967963 0.087739736721689013 0.10117456960481405
leaf_weight=54 24 29 69 32 24 31 21 54 66 31 110 123 31 48 38 26 219 108 76 55 97 21 40 90 61 35 166 34 114 34 83 30 22 26 22 293 107 37 27 128 107752 29 110 90 44 50
leaf_count=54 24 29 69 32 24 31 21 54 66 31 110 123 31 48 38 26 219 108 76 55 97 21 40 90 61 35 166 34 114 34 83 30 22 26 22 293 107 37 27 128 107752 29 110 90 44 50
internal_value=-1.09016e-11 0.0165302 0.00519637 -0.0291247 0.0384025 -0.0655819 -0.0520533 0.0640843 -0.0768356 -0.0401409 0.0286564 0.0749114 -0.154995 0.0802899 0.0454177 0.0906305 0.0220595 0.141188 -0.103458 0.0500108 -0.016913 0.00139112 0.023773 -0.0540584 0.00578666 0.103142 0.123336 -0.000261395 0.0229685 0.046562 0.0552755 0.042113 -0.0553438 0.0156655 0.0587272 0.0679448 0.0830287 -0.0294614 0.00710168 -0.0254007 -0.00047328 -0.034319 -0.0448432 -0.0723787 -0.0208466 0.0197595
internal_weight=110811 1725 1393 685 708 420 389 332 313 213 265 155 100 303 684 233 451 146 107 76 232 208 106 111 87 249 214 109086 986 680 646 563 82 60 481 459 400 306 192 165 108100 59 348 244 134 104
internal_count=110811 1725 1393 685 708 420 389 332 313 213 265 155 100 303 684 233 451 146 107 76 232 208 106 111 87 249 214 109086 986 680 646 563 82 60 481 459 400 306 192 165 108100 59 348 244 134 104
is_linear=0
shrinkage=0.0998


Tree=159
num_leaves=47
num_cat=0
split_feature=63 64 95 30 95 69 40 74 73 15 41 76 98 51 47 31 32 44 98 48 72 99 88 69 1 47 71 97 36 64 30 28 3 31 10 30 79 35 23 0 97 73 77 57 97 45
split_gain=47.9561 125.576 105.116 153.986 89.0351 94.6557 87.3028 79.0337 103.048 73.8871 72.1606 94.0449 69.1245 78.3611 65.7068 63.9736 63.4108 62.7971 62.034 60.9908 77.8222 64.9724 57.8475 104.844 127.722 111.959 108.484 108.687 97.8686 102.26 119.875 133.335 127.266 151.118 124.261 123.628 109.108 105.255 97.7389 94.5223 144.692 91.085 100.444 98.0683 95.109 97.9221
threshold=0.095288132820850871 0.070611935391769715 -0.022281796242550344 -0.039110750094915998 -0.025398468758222745 -0.025188539119556447 -0.021701926210237147 -0.045211151333719592 0.020170500590304404 -0.0021966686799221495 0.0012887072625958503 -0.0016444254499048997 0.059176720208525956 0.041225259662050102 0.015332321497810752 0.024394818240042252 0.090645766705036421 -0.0121639667500277 -0.007919159600798047 0.026789223870747201 -0.023512157924632845 0.028749785507534605 -0.026625337395484595 0.0038736892086856504 -0.038035899186096844 -0.024873229070539748 0.033843963161203812 -0.04897310959664234 -0.085984575451008433 0.014656006812844652 0.023593955504724803 -0.051276124288967641 0.023261611600508502 -0.032901329402505841 0.055410233911415106 -0.039797416056593996 0.019177522718174352 -0.023849343765949046 -0.058871212970921794 0.17333573867876162 0.004033076769629401 0.024410360661608305 0.037338075109063056 -0.029950591329465398 -0.01615736326815875 -0.036628125911061189
decision_type=2 2 2 2 2 2 2 2 2 2 2 2 2 2 2 2 2 2 2 2 2 2 2 2 2 2 2 2 2 2 2 2 2 2 2 2 2 2 2 2 2 2 2 2 2 2
left_child=22 2 3 -2 5 -5 17 8 -4 14 11 -10 13 16 -3 -11 19 -7 -8 20 -9 -21 23 25 26 -1 38 -28 -26 30 31 35 34 -34 -32 -30 39 -33 -25 40 -31 -27 43 -43 -44 -46
right_child=1 9 7 4 -6 6 18 12 10 15 -12 -13 -14 -15 -16 -17 -18 -19 -20 21 -22 -23 -24 24 28 41 27 -29 29 36 32 37 33 -35 -36 -37 -38 -39 -40 -41 -42 42 44 -45 45 -47
leaf_value=0.015609489507825093 0.1539240528070501 -0.32805546426872412 0.013431609507538142 -0.1820833767202038 -0.24305720917937512 -0.25164479548205498 -0.069158675115284104 -0.08169574397470683 -0.33662257338297369 -0.11259191916424173 -0.03636772999906393 -0.072487567949574436 0.1458287243948064 0.099668196239905235 -0.099059203162560089 0.095604042553617846 0.17532757383480668 -0.020874670877369741 0.10141409729070686 -0.081044151399491379 0.042376891990432708 0.090463588024525407 -0.00088020393236323011 -0.018832877482813204 0.073358556872628669 -0.013356036850102842 0.066295399077726108 -0.033784503706271424 0.065704682791839331 0.016611713765681057 -0.034323392908205227 -0.030496462585256852 0.031139088565187708 -0.13292224569581995 0.10024820194577798 -0.11042822626734661 0.05928469086099139 0.022856838165291056 0.036590626359701034 0.022987870002143578 -0.097333357745685842 0.061361968720836359 -0.13956328680062666 0.0067256903781502458 -0.1422294637316919 0.019412576800074917
leaf_weight=2847 28 24 158 52 34 23 35 62 25 49 61 29 44 95 26 21 20 24 54 143 268 26 88837 349 183 6279 137 512 51 251 469 497 73 239 80 179 470 1422 3447 833 199 426 75 1411 46 198
leaf_count=2847 28 24 158 52 34 23 35 62 25 49 61 29 44 95 26 21 20 24 54 143 268 26 88837 349 183 6279 137 512 51 251 469 497 73 239 80 179 470 1422 3447 833 199 426 75 1411 46 198
internal_value=-5.16466e-12 -0.019048 -0.00916449 -0.0666217 -0.0944383 -0.0675604 -0.0237722 0.00626441 -0.0388789 -0.116318 -0.110749 -0.194772 0.0249941 0.0163349 -0.208977 -0.0501331 0.00108124 -0.133805 0.0343349 -0.00590258 0.0190663 -0.0546583 0.000226294 0.00498119 0.0127712 -0.00150313 0.0250484 -0.0126582 0.00173765 -0.00101411 -0.0121738 0.000432745 -0.0436389 -0.0945361 -0.0147137 -0.0713727 0.0181477 0.00903892 0.0314951 0.00307802 -0.0337773 -0.00727902 0.0104193 0.0193958 -0.0412731 -0.0110609
internal_weight=110811 1301 1181 250 222 188 136 931 273 120 115 54 658 614 50 70 519 47 89 499 330 169 109510 20673 9391 11282 4445 649 4946 4763 3010 2149 861 312 549 230 1753 1919 3796 1283 450 8435 2156 1837 319 244
internal_count=110811 1301 1181 250 222 188 136 931 273 120 115 54 658 614 50 70 519 47 89 499 330 169 109510 20673 9391 11282 4445 649 4946 4763 3010 2149 861 312 549 230 1753 1919 3796 1283 450 8435 2156 1837 319 244
is_linear=0
shrinkage=0.0998


Tree=160
num_leaves=47
num_cat=0
split_feature=36 100 68 28 44 57 71 14 97 98 53 56 60 65 94 87 40 67 44 78 81 2 99 23 36 37 64 42 42 21 48 0 24 94 88 30 32 73 87 84 5 4 100 12 55 85
split_gain=47.0497 128.147 129.93 119.935 147.95 155.102 125.465 113.567 113.183 214.606 157.461 172.363 164.453 164.906 140.851 141.091 133.053 131.791 125.339 122.265 120.029 118.363 139.505 113.749 135.611 110.212 120.005 110.092 107.39 106.45 103.668 131.855 141.051 149.241 116.868 130.355 108.676 150.649 135.594 126.082 137.629 137.872 113.521 134.247 111.272 107.627
threshold=0.0054964216045182007 -0.98494999999999988 -0.0015063416434245999 -0.044902978838901687 -0.040616124740648497 -0.043613576438003544 -0.013709764430425498 0.020229109483945604 0.019629752028620953 0.0019316420086031001 0.021512902349779654 1.0000000180025095e-35 0.023824203082072653 -0.0082688604474455488 0.032736335355635006 -0.012706273534879398 0.027345280783878205 -0.029517726986023646 0.060518212544133906 0.011735216957196553 0.052882632278509256 0.033037530489750007 0.018103903243725804 0.011393654728586102 0.037199746227125706 -0.029153238263331497 -0.032085417298445593 0.023950268198222251 0.021900257949014804 -0.0098435437360073989 0.020403601308727554 0.067923067979694468 0.015708656424266002 -0.0030607015616344498 -0.026625337395484595 0.041417812498539056 -0.064662315720025038 0.00029394037578810004 -0.015456233779501999 0.021399598420842304 0.030495420395854154 -0.057625860786704994 0.9023500000000001 0.07139972686938327 -0.0062723424196828989 0.038408131104047304
decision_type=2 2 2 2 2 2 2 2 2 2 2 2 2 2 2 2 2 2 2 2 2 2 2 2 2 2 2 2 2 2 2 2 2 2 2 2 2 2 2 2 2 2 2 2 2 2
left_child=30 2 -2 4 -3 -6 -7 -4 10 20 18 29 13 16 15 17 -13 -11 -5 -19 -10 22 -17 -22 -25 -8 -27 -28 -23 -12 34 32 33 -32 35 45 37 38 -36 -39 42 -42 43 -41 -40 -1
right_child=1 3 7 8 5 6 25 -9 9 14 11 12 -14 -15 -16 21 -18 19 -20 -21 23 28 -24 24 -26 26 27 -29 -30 -31 31 -33 -34 -35 36 -37 -38 39 44 40 41 -43 -44 -45 -46 -47
leaf_value=0.01295536999412894 -0.14888667371195874 0.025586868552027426 0.09092443981869909 0.010101660199711105 -0.057520043663833724 0.010367019501191651 -0.050536173458421464 -0.13890093317325369 0.0055105073528185049 -0.064852284129250287 0.029684851807382288 -0.071036246356330809 0.016198254989156748 -0.0087451139595875211 0.019462922126597837 -0.0065924069948511948 -0.0065022299126144996 0.039623773620780477 0.040422514693963983 -0.030149797289574651 0.10289441911459125 -0.050653337250065253 -0.063251590455317197 -0.1493807593811883 0.11049366017853221 0.035955787218592113 -0.031951585606956281 0.01932544654510358 -0.13331723544940532 -0.0031750648105858688 -0.12070949467876736 -0.0096248234679240183 0.20535100692343294 0.098451173415638152 -0.047205396199756403 -0.017430287353401571 -0.0003340358147497483 -0.028761799650044266 -0.015553263215990898 -0.23324125670127871 -0.23031782340490817 0.033089088041719637 0.039496596773217117 0.045240654403269291 0.059682968682015183 0.056817802735913768
leaf_weight=6326 112 1061 61 21377 743 2101 901 33 5234 255 1788 1075 1158 2080 779 1276 452 704 1450 388 240 662 655 45 36 464 1745 548 205 2178 49 16172 57 84 354 1317 33939 1010 346 125 25 95 24 20 451 611
leaf_count=6326 112 1061 61 21377 743 2101 901 33 5234 255 1788 1075 1158 2080 779 1276 452 704 1450 388 240 662 655 45 36 464 1745 548 205 2178 49 16172 57 84 354 1317 33939 1010 346 125 25 95 24 20 451 611
internal_value=1.02122e-11 0.00227593 -0.076275 0.00260217 -0.00896779 -0.0146064 -0.00906992 0.0102411 0.00468376 -0.00430295 0.00766784 -0.00373084 -0.0165237 -0.0270288 -0.0194726 -0.02679 -0.0519338 -0.000252648 0.0120277 0.0148324 0.00914353 -0.0395655 -0.0258113 0.068381 -0.033881 -0.0202337 -0.0103307 -0.019697 -0.070199 0.0116392 -0.00185813 -0.00865374 0.0740007 0.0177078 0.000632515 0.011354 -0.0017994 -0.0220985 0.0041919 -0.0453936 -0.103519 -0.0217874 -0.161553 -0.19483 0.0270208 0.0168187
internal_weight=110811 49806 206 49600 7563 6502 5759 94 42037 10479 31558 8731 4765 3607 4924 4145 1527 1347 22827 1092 5555 2798 1931 321 81 3658 2757 2293 867 3966 61005 16362 190 133 44643 8254 36389 2450 1151 1299 289 120 169 145 797 6937
internal_count=110811 49806 206 49600 7563 6502 5759 94 42037 10479 31558 8731 4765 3607 4924 4145 1527 1347 22827 1092 5555 2798 1931 321 81 3658 2757 2293 867 3966 61005 16362 190 133 44643 8254 36389 2450 1151 1299 289 120 169 145 797 6937
is_linear=0
shrinkage=0.0998


Tree=161
num_leaves=47
num_cat=0
split_feature=40 59 35 59 21 52 85 82 52 6 18 98 58 11 15 11 71 29 31 65 47 12 81 33 0 40 27 55 12 76 97 47 77 62 66 81 44 94 24 10 45 51 5 81 32 76
split_gain=48.081 113.925 83.1667 86.2165 87.6114 100.741 81.189 81.0582 79.4613 79.4421 73.8205 88.5767 83.5412 57.5206 53.3079 53.1213 75.144 65.9727 59.7898 56.1801 54.2376 53.9225 158.914 109.789 89.8128 87.4144 94.9916 103.155 92.6593 114.116 87.7154 120.248 101.595 86.852 82.976 79.0215 77.0421 70.484 70.579 67.8986 64.4941 63.611 61.8633 93.2027 78.0696 84.0627
threshold=-0.096269210075232883 -0.04303997071639009 0.074839382404753921 -0.038070201273066193 -0.043278355832032898 0.019155433925003806 0.0035888200808932504 0.040319136447663606 -0.031985172132414245 0.11350761046052626 -0.010561803670723997 -0.025619487934259146 0.0048745149346183505 -0.008481721443424798 -0.017923061294452498 0.11572786674830127 0.045219115801078603 -0.018867246057882998 -0.020138193886409497 0.021649695114519706 -0.0043534888319047985 0.068418697841827122 0.055871105614866308 0.084992824385089802 0.20883018170901521 -0.043101507055249448 -0.081026487678788783 -0.014056372259150548 0.17167377337958464 -0.053325321413163845 0.047524681574632209 -0.008494338867773548 0.0029410139937263505 0.043156602809895306 0.036304310121228207 -0.037499813064558039 0.047166182661659804 -0.030091316293265048 0.006291937825715751 0.051873838590736708 -0.018398686684488196 0.0010016577862351501 -0.15022021645131425 -0.033403405392241341 0.0035013156463923503 0.026253306141160556
decision_type=2 2 2 2 2 2 2 2 2 2 2 2 2 2 2 2 2 2 2 2 2 2 2 2 2 2 2 2 2 2 2 2 2 2 2 2 2 2 2 2 2 2 2 2 2 2
left_child=1 -1 3 -3 5 6 8 9 -5 10 11 -6 -12 -10 -8 21 -17 18 -18 -19 -21 42 23 25 36 30 27 -27 33 -30 34 32 -32 -28 39 -36 -25 38 -24 -23 -29 -26 43 -2 45 -45
right_child=15 2 -4 4 7 -7 14 -9 13 -11 12 -13 -14 -15 -16 16 17 19 -20 20 -22 22 37 24 41 26 28 40 29 -31 31 -33 -34 -35 35 -37 -38 -39 -40 -41 -42 -43 -44 44 -46 -47
leaf_value=0.058301448913311293 -0.20029099004183498 -0.20409418469406665 0.041345737157609891 -0.11710141818071051 -0.13648284731105698 0.14761365180326544 -0.17643065060071458 0.042927313979182924 -0.055682095589019633 0.041626330966195994 -0.1851363972635191 -0.016650497460311317 -0.065861176520615614 0.11176678500461081 -0.020066497787692563 0.026223120700680197 -0.24213139696096378 0.059442295223628164 -0.051109079842897601 -0.16434111637900273 0.014148202816463815 0.04037860538347731 0.027711483784311531 0.008288283228302995 0.027093520800666356 -0.17024533526016564 -0.0076899380288291651 -0.10347137935308807 0.093461592306409561 -0.10067237316614289 -0.13844533855358759 -0.23383068311989086 0.11022679262892343 -0.03844529044755781 0.13617133230773301 -0.045525631925204077 -0.20328124918550255 0.058648977248773666 -0.1502196618776111 -0.017130110127830816 0.010950416640123974 0.12818511046059727 0.00080132843712368352 0.080029401968974012 -0.09094611216436288 -0.12182601236590633
leaf_weight=166 35 31 142 28 82 46 39 77 27 62 107 245 129 84 49 1446 24 80 51 30 39 907 64 120 123 79 6031 83 35 218 30 34 36 1078 26 287 20 493 34 264 120 125 97377 86 95 27
leaf_count=166 35 31 142 28 82 46 39 77 27 62 107 245 129 84 49 1446 24 80 51 30 39 907 64 120 123 79 6031 83 35 218 30 34 36 1078 26 287 20 493 34 264 120 125 97377 86 95 27
internal_value=4.62184e-11 -0.0189771 -0.0301515 -0.0402435 -0.0350339 0.0129389 -0.014352 -0.0536901 0.0331378 -0.0655933 -0.0774008 -0.0467002 -0.119939 0.071036 -0.0893642 0.000227731 0.0178909 -0.0358964 -0.112236 0.00252973 -0.0634558 -4.58324e-05 -0.00694779 -0.010035 0.0419706 -0.0122216 -0.0166432 -0.0734874 -0.0144658 -0.0738159 0.00911629 -0.0813544 -0.00280599 -0.0123536 0.0152127 -0.0304326 -0.0219359 0.0432826 -0.0340197 0.0274134 -0.0358329 0.0780469 0.000675826 -0.0496166 -0.0242628 0.0317985
internal_weight=110811 1314 1148 1006 975 273 227 702 139 625 563 327 236 111 88 109497 1670 224 75 149 69 107827 10207 9616 388 9228 7644 282 7362 253 1584 100 66 7109 1484 313 140 591 98 1171 203 248 97620 243 208 113
internal_count=110811 1314 1148 1006 975 273 227 702 139 625 563 327 236 111 88 109497 1670 224 75 149 69 107827 10207 9616 388 9228 7644 282 7362 253 1584 100 66 7109 1484 313 140 591 98 1171 203 248 97620 243 208 113
is_linear=0
shrinkage=0.0998


Tree=162
num_leaves=47
num_cat=0
split_feature=4 27 1 1 49 28 13 55 86 50 12 10 58 98 65 44 90 85 30 30 44 34 75 89 39 76 68 17 26 78 34 77 58 7 18 0 3 65 66 41 51 35 11 99 94 7
split_gain=46.0702 71.9064 75.2572 122.37 61.206 61.1723 82.5948 53.6689 99.2158 98.2413 88.5523 126.422 95.7773 94.2603 94.3408 92.4476 103.308 90.5353 98.3921 88.3777 97.0054 146.995 132.079 105.139 126.259 127.887 104.248 157.052 108.655 101.166 105.087 97.8094 94.029 98.6771 135.916 99.7924 96.9822 95.6044 89.4707 150.884 103.285 88.308 87.8583 86.693 92.25 102.224
threshold=-0.21232109448451167 -0.081026487678788783 0.027897564576369851 0.099942548205472617 -0.043032931172882143 0.0098547505178768514 -0.018962628065208448 -0.020791748898810299 0.065992513894099714 -0.037995284795353947 0.0077093401709237008 -0.081349174544859834 -0.043231666275571595 0.0013704536436531503 0.022534824542096654 -0.020064785382577947 -0.010162932777387048 -0.00028718872798204993 0.061326894694036356 0.059896750614750659 0.0072430745852782004 0.016095706479279551 0.074706891393986022 -0.0075163297706733493 0.083446943995424419 0.010090089674833052 -0.017239670231777148 -0.042573802183708896 -0.13085923703866678 -0.0021018009367959997 0.023548984766818104 -0.0034692033286860494 -0.020456922863913197 0.14989649242999753 -0.0083384469282897986 0.22934061595085123 0.098637426988032517 0.0091250076161582521 -0.050592239072612739 -0.061049702888712941 0.065082590974388219 0.015808789589075351 -0.042279608257036541 -0.022097273059662546 -0.015402167064811298 0.070765473541924112
decision_type=2 2 2 2 2 2 2 2 2 2 2 2 2 2 2 2 2 2 2 2 2 2 2 2 2 2 2 2 2 2 2 2 2 2 2 2 2 2 2 2 2 2 2 2 2 2
left_child=1 -1 -3 4 -4 6 -5 10 19 -10 11 13 15 14 -2 16 41 18 -15 20 32 22 26 24 25 -23 27 -22 -28 30 -25 -31 38 36 -35 -36 37 -34 39 -9 -41 42 -12 44 -21 -46
right_child=7 2 3 5 -6 -7 -8 8 9 -11 12 -13 -14 17 -16 -17 -18 -19 -20 43 21 23 -24 29 -26 -27 28 -29 -30 31 -32 -33 33 34 35 -37 -38 -39 -40 40 -42 -43 -44 -45 45 -47
leaf_value=-0.15635948579985162 0.02576575151639314 0.006836318106684826 -0.038182702738431197 0.039127877381302065 0.11086651733767974 0.058659324808418747 -0.21893276415348054 0.1308313745386267 -0.064482617654913421 -0.0099096101844829525 0.27338439696263522 0.0031709965437934202 -0.013472358432066582 0.0067609089074213667 -0.071108766535995183 -0.005585557327553608 0.0090933145659003716 -0.10141141029304962 -0.15811792051542636 -0.02589154372490864 -0.040264441523356641 -0.0051157436864049093 0.05858166137410032 -0.019926592319240728 0.095683129601478581 -0.042968970130291821 -0.12144420337167663 0.0064936434836961442 0.015426575577994551 0.013195745920383993 0.029008288073106299 -0.024410335819954363 -0.0090863143846824923 0.054294373340385685 -0.14536973636738315 -0.028877170694888744 0.016278942133166024 0.0033998502142678425 0.010107250686407197 -0.045178139817067149 0.084199701452611089 -0.0022744364679511634 0.092781151452081573 -0.015138927373227124 0.039371866762943672 -0.04102871028896659
leaf_weight=23 358 938 31 21 239 35 30 59 391 2057 32 16069 11333 223 139 1378 458 277 43 475 878 2641 591 543 100 1340 58 3865 14462 1255 2241 1527 16415 89 145 148 2462 9727 10191 743 67 80 166 5309 971 188
leaf_count=23 358 938 31 21 239 35 30 59 391 2057 32 16069 11333 223 139 1378 458 277 43 475 878 2641 591 543 100 1340 58 3865 14462 1255 2241 1527 16415 89 145 148 2462 9727 10191 743 67 80 166 5309 971 188
internal_value=1.57938e-11 0.0185546 0.0216636 0.0607309 0.0937535 -0.0429444 -0.112672 -0.000223176 0.00115151 -0.0186261 -0.00377451 0.00098851 -0.00983464 -0.032733 -0.00132793 0.00966691 0.0382239 -0.0614776 -0.0198924 0.00178447 0.00285632 0.00719893 0.0121095 -0.00290736 -0.0150749 -0.0178571 0.0106838 -0.00216198 0.0148798 0.00601393 0.0194639 -0.00744569 -0.000342779 -0.00332999 -0.0537179 -0.0865271 -0.00265707 -0.00444042 0.00748608 -0.0232531 -0.0344765 0.0862159 0.12197 -0.00895209 0.0111495 0.0263302
internal_weight=110811 1317 1294 356 270 86 51 109494 78938 2448 30556 17109 13447 1040 497 2114 736 543 266 76490 69547 29501 19854 9647 4081 3981 19263 4743 14520 5566 2784 2782 40046 28986 382 293 28604 26142 11060 869 810 278 198 6943 1634 1159
internal_count=110811 1317 1294 356 270 86 51 109494 78938 2448 30556 17109 13447 1040 497 2114 736 543 266 76490 69547 29501 19854 9647 4081 3981 19263 4743 14520 5566 2784 2782 40046 28986 382 293 28604 26142 11060 869 810 278 198 6943 1634 1159
is_linear=0
shrinkage=0.0998


Tree=163
num_leaves=47
num_cat=0
split_feature=6 29 100 62 37 42 38 33 64 46 31 51 15 21 32 90 75 68 16 48 70 35 27 98 69 14 32 5 49 13 51 8 93 36 80 42 47 6 80 72 29 94 91 97 11 12
split_gain=46.4862 91.9344 126.02 111.808 107.713 104.109 89.1143 85.4768 81.3662 136.054 99.0919 141.59 93.9928 70.7614 78.3018 68.1229 67.2988 74.4082 65.7122 84.7546 89.2946 79.742 59.503 58.3982 99.3747 57.8239 80.1479 56.8819 55.4891 105.483 133.406 119.613 132.597 95.591 95.9392 110.126 115.947 101.101 95.3875 93.2096 87.413 84.1249 93.5748 82.532 81.201 108.465
threshold=0.16028091844503176 -0.012457521679617148 -0.076299999999999993 -0.0099795419485994488 -0.040021551245929897 -0.050997875882669644 -0.019925083308989646 0.0076909500782317008 0.00058018017736530009 0.0041075121289576508 -0.00038030879185014995 0.0020459236931479503 -0.058612931508121344 -0.037344258362123996 0.0086853366199377523 0.0050071621782958511 -0.031730008280202789 -0.020509556766064699 0.00041909107753145008 0.03426519113619126 0.0016202497237659504 -0.024334505930017295 -0.017874169934299394 -0.017111761001231549 0.0084935869596061506 -0.061381561234269889 -0.017140572139781946 0.059779684231358807 -0.056901037139659848 -0.047388159446140693 -0.0078428564545787987 -0.03452606290491584 0.083624569942193874 0.054549405371947156 0.035185388951639453 0.039859101572674853 -0.06247112366011124 0.047193644022891161 0.017350780635673104 0.019317173194916704 -0.050945966789134892 0.050390694046440455 -0.019500692443292996 -0.011631716089050498 0.034479150597148955 -0.041015240116849594
decision_type=2 2 2 2 2 2 2 2 2 2 2 2 2 2 2 2 2 2 2 2 2 2 2 2 2 2 2 2 2 2 2 2 2 2 2 2 2 2 2 2 2 2 2 2 2 2
left_child=28 2 3 4 -2 -5 -6 -8 12 27 11 -11 -4 -7 15 -15 -16 -18 25 21 -21 -20 -23 -24 -25 26 -3 -10 29 30 33 39 -33 34 35 36 37 -1 41 40 -31 -32 -43 -41 45 -42
right_child=1 18 8 5 6 13 7 -9 9 10 -12 -13 -14 14 16 -17 17 -19 19 20 -22 22 23 24 -26 -27 -28 -29 -30 31 38 32 -34 -35 -36 -37 -38 -39 -40 43 44 42 -44 -45 -46 -47
leaf_value=-0.24213320966984545 0.18783958574092635 -0.19657890553985322 0.13984270865560272 0.1278695288874209 0.11566362779922783 -0.22670010241113958 0.027059193792625478 -0.17951837746305835 0.060341593189787324 -0.32601859918236731 0.0025727324573855312 -0.011292239096201957 0.022880057906192075 -0.081290045064775385 -0.17331169453468173 -0.24812372723637444 -0.11419508400044658 0.11059406685057012 0.10420189744756271 -0.008465557963162661 -0.19968085432599506 0.058169086999759867 -0.17327345083036594 0.085408019969250376 -0.10785354334627684 0.062594284669429151 0.075998410540548234 -0.11327842790538614 0.00029652984050384569 0.065409011822651061 0.026284226569801696 -0.0062271233550218819 -0.18882233788819985 0.067550723439084859 -0.14227549907141063 -0.16322404686924144 0.016342028097419959 0.034853153764953217 0.079851808785118467 -0.1812666372081265 0.021881826563795975 0.048986499428642652 -0.18889215996839107 -0.059846784833296321 0.02056177524974236 -0.080150524464818129
leaf_weight=35 30 21 86 20 32 42 38 42 129 35 42 24 335 68 20 38 22 44 101 75 36 95 28 53 53 614 22 22 101791 88 590 4072 40 99 77 49 352 21 331 80 134 28 40 184 173 460
leaf_count=35 30 21 86 20 32 42 38 42 129 35 42 24 335 68 20 38 22 44 101 75 36 95 28 53 53 614 22 22 101791 88 590 4072 40 99 77 49 352 21 331 80 134 28 40 184 173 460
internal_value=3.88265e-11 0.0144735 -0.0063595 -0.0510301 0.0198937 -0.0906804 -0.0250918 -0.081394 0.0199251 -0.0249273 -0.11459 -0.197994 0.0467727 -0.10936 -0.0836917 -0.141098 -0.0129347 0.0356643 0.0347563 0.00495637 -0.0704813 0.0303309 -0.00224981 -0.0450841 -0.0112228 0.0547591 -0.0571207 0.035046 -0.000288687 -0.00898121 0.0132543 -0.0158759 -0.00800334 -0.0225214 -0.0392201 -0.0218563 -0.00487831 -0.138263 0.0361523 -0.0448052 -0.0287999 0.0141696 -0.0909421 -0.0966407 -0.0396087 -0.0571331
internal_weight=110811 2167 1069 396 142 254 112 80 673 252 101 59 421 234 192 106 86 66 1098 441 111 330 229 134 106 657 43 151 108644 6853 1622 5231 4112 633 534 457 408 56 989 1119 855 658 68 264 767 594
internal_count=110811 2167 1069 396 142 254 112 80 673 252 101 59 421 234 192 106 86 66 1098 441 111 330 229 134 106 657 43 151 108644 6853 1622 5231 4112 633 534 457 408 56 989 1119 855 658 68 264 767 594
is_linear=0
shrinkage=0.0998


Tree=164
num_leaves=47
num_cat=0
split_feature=39 3 80 11 1 37 50 73 36 72 5 95 1 96 77 90 63 40 87 44 83 12 99 21 80 34 98 91 7 27 6 82 35 26 10 77 6 2 0 57 66 59 90 53 59 4
split_gain=45.0708 72.5111 100.296 88.7144 78.6281 98.6863 146.427 109.966 121.654 79.7093 76.8209 86.1206 103.926 75.584 69.0788 68.2491 86.9722 67.4147 83.2332 71.6439 84.6646 67.0383 64.7536 63.5929 68.2269 61.4568 98.5535 110.04 80.4592 72.3458 70.3174 86.2664 73.8891 67.4568 84.9382 103.798 97.9194 97.487 95.5296 92.0571 106.159 109.365 89.6043 88.8969 86.807 84.9288
threshold=-0.064510821965487436 -0.093678183613809737 0.070722763896936255 0.0095421383640936514 0.023233723475790755 0.022673532273535354 -0.03931668937642379 -0.007341354470697399 0.013573706158906752 0.037789331048325256 -0.035205223583867344 -0.0091381651945725475 -0.015169470707859399 -0.0061921001098593489 -0.091981182671444742 0.017103435301102202 -0.013859425539658299 0.052889644895379909 -0.049120700755114939 0.071295175685040055 0.0068851943336056013 -0.071639625062560289 0.0059342647675061514 -0.069433627047456745 0.036987062521771009 0.11160386411670366 -0.032832327061917445 0.021463907768541252 -0.024839229708823747 0.04057944027057666 0.039028531661528455 0.0071780038674341511 0.023954827934894254 0.047611767690624356 0.087008087989963914 0.045855779180954702 -0.073808629126897493 0.13068736519091187 0.280887073684503 -0.024352298021426595 0.07607303920553371 0.013920005060538402 0.013956987637386701 0.068843964710747912 -0.0087730681865243482 -0.005946086635525049
decision_type=2 2 2 2 2 2 2 2 2 2 2 2 2 2 2 2 2 2 2 2 2 2 2 2 2 2 2 2 2 2 2 2 2 2 2 2 2 2 2 2 2 2 2 2 2 2
left_child=1 -1 3 14 10 7 -7 -6 9 -9 11 12 -5 -10 -3 -13 -17 18 -16 20 -20 -19 -21 -23 -25 33 30 -28 29 -29 31 32 -27 -2 35 36 39 43 -36 40 41 -35 -39 -37 -40 -41
right_child=25 2 -4 4 5 6 -8 8 13 -11 -12 15 -14 -15 17 16 -18 21 19 22 -22 23 -24 24 -26 26 27 28 -30 -31 -32 -33 -34 34 38 37 -38 42 44 45 -42 -43 -44 -45 -46 -47
leaf_value=-0.024208838658182359 -0.0011349975285761624 -0.08457386855137726 0.10094884038503968 -0.051224973486424366 -0.011299101818196941 -0.15296753349548242 0.031670750941239431 -0.13174961055814702 0.075108398681811309 -0.32807033329108826 0.019647380636765709 0.055989684652555466 -0.28087158403423701 -0.097102305807570607 0.083530305603993285 0.061858229330233459 -0.16897205798843423 0.15505560405822028 0.030811717215957761 0.10984688032789622 -0.004626302741737056 -0.18534259625673294 -0.0035807627000884242 -0.0017192424602758031 -0.14348025894627758 -0.15076224087350906 0.0083464192830919152 -0.29680306127346479 -0.039309650839582939 -0.063561083733373228 0.012009031683379827 -0.2606253924046692 0.052468270598272124 -0.11325056736428611 0.05398753549648376 0.055667760483021009 0.0064725667338779167 -0.17953437712851325 0.053594544490580924 0.041631394359335883 0.083150473451753165 -0.019462926732508705 0.070042468702533972 -0.051811646174332683 -0.10852654801457569 -0.020579136554910459
leaf_weight=643 92162 63 121 182 240 49 337 117 44 25 1266 137 22 60 229 29 37 21 1688 160 1115 24 73 307 38 49 705 26 195 27 43 38 28 257 667 780 7119 38 58 298 51 239 23 85 76 820
leaf_count=643 92162 63 121 182 240 49 337 117 44 25 1266 137 22 60 229 29 37 21 1688 160 1115 24 73 307 38 49 705 26 195 27 43 38 28 257 667 780 7119 38 58 298 51 239 23 85 76 820
internal_value=-2.93088e-11 0.00773511 0.0109525 0.00921381 -0.00514264 -0.0294403 0.00823221 -0.0593613 -0.106251 -0.166313 0.0075218 -0.0301956 -0.0759908 -0.0242439 0.0190409 0.0158252 -0.0675466 0.0208269 0.0255113 0.021135 0.0167149 -0.01839 0.0743095 -0.0282609 -0.0173335 -0.000523729 -0.0238702 -0.0117672 -0.0689452 -0.177982 -0.096871 -0.137583 -0.0768602 -0.000271102 0.00730366 0.00472695 0.00137672 0.0365071 0.0385395 -0.0204115 -0.0539604 -0.0680585 -0.0854316 0.0451062 -0.0383547 -0.00399708
internal_weight=110811 7027 6384 6263 2545 872 386 486 246 142 1673 407 204 104 3718 203 66 3655 3265 3036 2803 390 233 369 345 103784 1111 953 248 53 158 115 77 102673 10511 9710 8784 926 801 1665 547 496 61 865 134 1118
internal_count=110811 7027 6384 6263 2545 872 386 486 246 142 1673 407 204 104 3718 203 66 3655 3265 3036 2803 390 233 369 345 103784 1111 953 248 53 158 115 77 102673 10511 9710 8784 926 801 1665 547 496 61 865 134 1118
is_linear=0
shrinkage=0.0998


Tree=165
num_leaves=47
num_cat=0
split_feature=93 24 85 9 26 0 19 75 84 56 47 100 17 21 62 72 64 36 25 18 83 53 25 35 33 6 0 63 62 76 80 54 16 18 36 45 70 57 75 19 54 82 80 56 56 69
split_gain=44.267 91.8342 91.3511 120.113 122.393 105.623 106.845 114.023 142.557 120.733 118.333 99.8724 120.041 100.762 105.183 97.0279 97.7189 131.728 110.177 109.869 122.217 104.641 101.466 100.1 98.3968 98.3862 96.2898 93.8834 93.4768 93.2343 92.1227 106.086 115.905 90.122 87.0054 86.645 86.3315 85.8795 83.6106 83.4928 82.267 81.119 78.3072 77.3391 93.5334 78.5216
threshold=0.028894428430656451 -0.11906704889823173 -0.023154509388797696 -0.013826940947988298 0.061723031694539805 0.049565826383218159 0.016903109297804753 -0.004365457753379199 0.015026557734428353 0.010469982544113651 -0.032577431756334298 -0.95304999999999984 0.0081331256414581519 -0.069433627047456745 -0.0099795419485994488 -0.024776118903090494 0.026423369730969651 0.012349201819567251 -0.036197613853861041 -0.025960992426542397 -0.09991728832018959 0.0057237597356430006 -0.049598051638686441 -0.010432215004407599 0.04066983080549421 -0.062462079758928792 0.13208159450316759 0.0063921601205854011 -0.035361125352060943 -0.062534890019724385 -0.027706958649631196 -0.0076941512958826489 -0.029702075131223495 0.022182149379489102 0.023815485564796905 0.11809500026420607 -0.0015196479553671999 0.030294376375702203 -0.067968308547409942 0.046684803975924512 0.020643097923894755 0.041144517921710456 -0.067336712899494625 -0.051673639460974044 -0.07199294361825459 -0.064779360579244286
decision_type=2 2 2 2 2 2 2 2 2 2 2 2 2 2 2 2 2 2 2 2 2 2 2 2 2 2 2 2 2 2 2 2 2 2 2 2 2 2 2 2 2 2 2 2 2 2
left_child=-1 -2 15 5 11 -4 30 34 10 -10 -9 12 26 14 -13 29 17 18 25 20 -18 39 -19 33 -23 -17 -5 -28 -14 -3 43 32 -32 -24 38 41 -33 -16 -8 -20 -30 -15 -21 44 -7 -45
right_child=1 2 3 4 -6 6 7 8 9 -11 -12 13 28 35 37 16 19 22 21 42 -22 24 23 -25 -26 -27 27 -29 40 -31 31 36 -34 -35 -36 -37 -38 -39 -40 -41 -42 -43 -44 45 -46 -47
leaf_value=0.00092474931814182191 0.063844009520516568 -0.06827732743418051 -0.1859398636382818 -0.097129989896624372 0.034472832694735195 0.01016958635174311 -0.068128918946919761 -0.097600292194487931 -0.045992933806630575 -0.17793038921778614 -0.00063473204416366149 0.0086122382578998815 -0.18663823204108648 -0.025323233422928051 -0.15292827787532318 0.17989503666962617 0.12964598148465156 -0.037867694928448291 -0.034236439621482595 0.14044090806478085 -0.10646883184777588 0.025832825650800337 0.03448997159703307 0.073522429255465052 -0.080575433928003676 0.020009429739441559 0.13280758431334622 0.010393146620970219 -0.055966377066944399 0.036916050883706947 0.040067815514403429 0.010357709900505992 -0.023589249302739358 -0.07827241506485208 -0.041155426505170317 0.083954817022060826 0.049299250890688366 -0.019532261449164326 0.035568916137186969 -0.13129587479387136 0.10703531556871201 0.013646912464229404 -0.016444966400953512 -0.14467635526075959 -0.19428674957729303 -0.00069181143185025474
leaf_weight=91208 195 90 30 33 430 39 87 152 173 115 715 100 35 5976 164 46 24 168 656 34 242 516 293 554 104 230 156 104 98 1242 406 1089 955 93 273 78 1183 68 705 102 45 584 466 40 52 663
leaf_count=91208 195 90 30 33 430 39 87 152 173 115 715 100 35 5976 164 46 24 168 656 34 242 516 293 554 104 230 156 104 98 1242 406 1089 955 93 273 78 1183 68 705 102 45 584 466 40 52 663
internal_value=2.92455e-11 -0.00430263 -0.00498733 -0.00894476 -0.0172969 0.000900963 0.00174423 -0.0161236 -0.0378423 -0.0986763 -0.0176345 -0.0202886 0.0241892 -0.0232942 -0.0769494 0.00685891 -0.00180569 0.00694129 -0.0108972 -0.0333451 -0.0851652 -0.0224248 0.0335703 0.0463379 0.0079837 0.046657 0.0634593 0.0838418 -0.040452 0.0298084 0.0107044 0.0174347 -0.00459971 0.00732183 0.00743046 -0.0206106 0.030634 -0.113829 0.0241779 -0.0472972 -0.00467214 -0.0218539 -0.00577673 -0.0200907 -0.106663 -0.00888439
internal_weight=110811 19603 19408 14548 7871 6677 6647 2220 1155 288 867 7441 471 6970 332 4860 3528 2762 1654 766 266 1378 1108 940 620 276 293 260 178 1332 4427 3633 1361 386 1065 6638 2272 232 792 758 143 6560 500 794 91 703
internal_count=110811 19603 19408 14548 7871 6677 6647 2220 1155 288 867 7441 471 6970 332 4860 3528 2762 1654 766 266 1378 1108 940 620 276 293 260 178 1332 4427 3633 1361 386 1065 6638 2272 232 792 758 143 6560 500 794 91 703
is_linear=0
shrinkage=0.0998


Tree=166
num_leaves=47
num_cat=0
split_feature=2 9 1 6 5 75 60 73 30 51 45 22 27 84 31 83 10 11 64 11 54 100 39 38 14 71 79 19 69 40 18 44 50 64 63 73 79 28 50 67 87 73 41 22 94 99
split_gain=44.8271 102.504 114.966 97.7449 101.302 101.581 92.3151 111.691 151.594 101.837 97.5764 77.8514 86.8754 91.8486 81.6214 96.1324 80.5879 81.4501 105.277 94.0952 78.2177 75.9783 78.5683 75.2556 91.2066 85.0933 80.0388 88.4577 74.2234 73.4466 105.972 100.335 72.8522 70.3558 69.4001 69.0041 68.4581 77.0609 67.8795 75.3636 67.3615 80.1988 66.3818 79.8567 65.3923 67.0581
threshold=-0.10244492144549054 -0.046650152471472993 0.080261532039906172 0.058833712736370357 -0.057467428610740792 0.061338568232622806 0.00059921075173215014 0.018613604202667101 0.038905265917616803 0.049262482665510907 0.011226637876749853 0.064477304086893769 0.013474176286888703 -0.039161092121240443 -0.043400000846853144 0.028002883988240152 0.044177745462359662 -0.038400346959895491 0.008210184884168201 -0.068029734234783937 0.030669251052204655 0.10280000000000002 0.0092278886490405523 -0.014564310179638749 -0.03341232509921814 0.067085083082094862 -0.048526259630367691 0.013944582204238351 0.0035582842076942504 -0.044626701898105442 0.036335851145181459 0.026754307859735805 -0.011557395182194998 -0.017337138215624149 0.012642242557515901 0.020170500590304404 0.049644121210836605 0.0046563955978958004 -0.04069776279516784 0.029393072728885604 0.053814054284156157 0.016010268238388806 0.0012887072625958503 0.030205026631681255 -0.029486884190615795 -0.044446797100379694
decision_type=2 2 2 2 2 2 2 2 2 2 2 2 2 2 2 2 2 2 2 2 2 2 2 2 2 2 2 2 2 2 2 2 2 2 2 2 2 2 2 2 2 2 2 2 2 2
left_child=1 36 11 6 5 38 10 8 9 28 42 12 23 14 21 -16 17 18 -13 -20 35 22 -14 26 25 -25 27 -3 -8 -6 33 -32 -17 -31 -18 -19 -1 -38 39 -5 -15 -42 43 -4 45 -28
right_child=-2 2 3 4 29 -7 7 -9 -10 -11 -12 16 13 40 15 32 34 20 19 -21 -22 -23 -24 24 -26 -27 44 -29 -30 30 31 -33 -34 -35 -36 -37 37 -39 -40 -41 41 -43 -44 -45 -46 -47
leaf_value=-0.019624606992565585 -0.00057205954256527741 -0.016003355985723045 -0.17717090229738378 -0.0053852417558431622 -0.049648872643330337 -0.24430800530672075 0.023891458685916883 -0.16917237535912741 -0.20008920804297922 0.18649089988122383 0.06504890906468791 -0.0071709550456702711 -0.079909438652946405 0.016562964266224566 0.030828619453600783 -0.25000637423098088 -0.19188336169832282 0.026057722422108822 -0.050029122836434327 -0.33550231211651926 0.10441740003237829 -0.014263515935497623 -0.32297511357024866 0.01314680841551137 0.051241037278464997 -0.18700909616935321 -0.21068576455129079 -0.2753051247171685 -0.099972973168067553 0.039177872517850952 -0.12399550235122442 0.092999082233613112 -0.024146648495260513 0.1641436702694343 -0.0087145459043156161 -0.072788553379859885 -0.0040653216231436957 -0.26339178847062589 0.0059574039735735499 -0.26426754517271406 0.00061390657320618629 -0.22724771125483512 -0.0030445826542752608 0.0420607806806979 0.026469939047608033 -0.017668291307825358
leaf_weight=760 102487 38 59 24 59 20 108 95 50 24 128 90 26 1642 143 25 45 243 23 23 85 35 27 551 1780 22 20 20 87 74 44 41 33 114 38 99 21 25 277 21 40 25 143 23 881 173
leaf_count=760 102487 38 59 24 59 20 108 95 50 24 128 90 26 1642 143 25 45 243 23 23 85 35 27 551 1780 22 20 20 87 74 44 41 33 114 38 99 21 25 277 21 40 25 143 23 881 173
internal_value=2.26787e-11 0.00704333 0.0106695 -0.0152319 0.0120543 -0.0260667 -0.0408818 -0.0761468 -0.0432939 -0.00749584 -0.00451785 0.0165499 0.020412 0.00380964 -0.0482204 -0.0131269 -0.0162184 -0.00268414 -0.0699457 -0.192766 0.0187387 -0.128377 -0.203735 0.0299209 0.040093 0.00546194 0.00877691 -0.105418 -0.0313711 0.0513235 0.0731454 -0.0193275 -0.1215 0.114955 -0.108023 -0.00255567 -0.0267802 -0.145004 -0.0125114 -0.126197 0.0126185 -0.0870252 -0.0440936 -0.115679 0.0149438 -0.0376701
internal_weight=110811 8324 7518 1391 674 342 717 364 269 219 353 6127 5481 1996 289 201 646 563 136 46 427 88 53 3485 2353 573 1132 58 195 332 273 85 58 188 83 342 806 46 322 45 1707 65 225 82 1074 193
internal_count=110811 8324 7518 1391 674 342 717 364 269 219 353 6127 5481 1996 289 201 646 563 136 46 427 88 53 3485 2353 573 1132 58 195 332 273 85 58 188 83 342 806 46 322 45 1707 65 225 82 1074 193
is_linear=0
shrinkage=0.0998


Tree=167
num_leaves=47
num_cat=0
split_feature=38 58 7 72 34 62 12 33 49 24 54 59 93 63 59 54 23 93 21 97 3 36 18 94 54 13 37 71 61 55 23 76 95 29 67 58 52 86 86 4 11 6 27 96 51 7
split_gain=44.5845 63.497 111.631 81.5893 123.415 100.503 137.906 110.85 77.328 76.3946 74.3942 141.088 92.8401 76.0313 101.567 83.513 74.1368 73.9353 108.111 95.2254 92.9884 75.8945 75.8016 73.0723 104.141 71.9622 97.8557 91.6205 90.6915 76.9083 76.1816 139.019 126.982 88.1773 79.2364 82.189 71.7458 71.5542 70.5577 101.352 87.1472 110.872 84.0272 91.9293 82.0233 85.5584
threshold=0.056013218138260261 -0.0052830337549939497 -0.053761832459276092 0.027744365573879503 0.076514654030738816 0.015608652243321952 -0.011709083790774198 0.026152684580882306 -0.023244518122304148 0.014368745091709953 0.051636130345793653 0.048157420022601212 0.011530946705732301 0.031761372983208559 0.052857304932646461 0.047491100152223402 -0.050630121537996842 0.026018383838819353 0.00074211801435615011 -0.039216477743356688 0.015358293580428702 0.035916342303704309 -0.0033360069564842497 0.0031894576691736004 -0.014785947583103398 0.021332135526789104 0.066068610764438304 0.036090133865364062 0.026883951848714855 0.062326653826923907 -0.014321779617361648 -0.022121737544364396 -0.032189723465422142 0.018007176621221106 0.042589918013827062 0.0041620130307063003 0.052086503571187957 -0.013505780637515548 -0.012877679177547749 -0.047348150088402242 0.0028725317434983503 0.027874191782334006 -0.026521938794450497 0.0037514909130934504 -0.041362665430490046 -0.042012910933677095
decision_type=2 2 2 2 2 2 2 2 2 2 2 2 2 2 2 2 2 2 2 2 2 2 2 2 2 2 2 2 2 2 2 2 2 2 2 2 2 2 2 2 2 2 2 2 2 2
left_child=-1 2 8 25 5 38 9 -8 -2 -7 13 12 16 15 23 17 -12 19 -19 20 -4 -20 -21 24 -15 26 29 -27 -29 30 31 33 -33 -3 35 -32 -36 -6 42 -40 41 -41 44 -44 -5 -46
right_child=1 3 10 4 37 6 7 -9 -10 -11 11 -13 -14 14 -16 -17 -18 18 21 22 -22 -23 -24 -25 -26 27 -28 28 -30 -31 34 32 -34 -35 36 -37 -38 -39 39 40 -42 -43 43 -45 45 -47
leaf_value=0.00060003410204015502 -0.030455759537469356 0.056764290764958272 -0.15213305226705892 -0.29879374511979878 -0.0079086818798230242 0.050682308516478126 -0.091213698219278147 -0.2825405648633128 0.057059569965845276 -0.10647857378435632 0.16815168015956877 -0.26237635869445469 -0.10789008625298936 -0.025530552864135244 0.15912252573575511 0.1398187475135452 -0.013954246783491194 0.072323024335772326 -0.052736424288127456 0.0078036131098210429 -0.0048097692430019382 0.065652232512479022 -0.033752841884595756 -0.021046460941442531 0.1214706951150205 0.01986363907980505 0.044351028256986988 -0.015058318835100077 -0.16546033800345863 0.049872648342758528 -0.054299840449798194 -0.18755386286038941 -0.058642494087451168 -0.096661535560041673 -0.053613644658862501 0.010462403782849818 -0.2543878290986642 -0.20380464287450684 0.092466386974158404 -0.12395388000406649 0.026900295640498981 0.032015180968989927 -0.063999244949600659 0.064750445989999503 -0.25593862680077556 -0.017588020193278788
leaf_weight=101676 124 147 99 21 26 86 107 42 532 48 27 29 94 80 59 38 127 245 192 954 75 75 807 216 120 1339 229 184 51 131 253 91 465 50 156 854 20 65 119 115 255 75 143 90 20 60
leaf_count=101676 124 147 99 21 26 86 107 42 532 48 27 29 94 80 59 38 127 245 192 954 75 75 807 216 120 1339 229 184 51 131 253 91 465 50 156 854 20 65 119 115 255 75 143 90 20 60
internal_value=-1.74244e-11 -0.00667861 0.00297655 -0.0138491 -0.0358454 -0.0272163 -0.0790773 -0.145145 0.040517 -0.00561413 -0.00463128 -0.0540891 -0.0297329 -2.97006e-06 0.0365815 -0.00699599 0.0179734 -0.0092759 0.0244486 -0.0181994 -0.0886316 -0.0194812 -0.0112401 0.0192019 0.0626702 -0.00680137 -0.0176918 0.0097765 -0.0476988 -0.0242483 -0.0290174 -0.0542163 -0.0797413 0.0178237 -0.0142279 -0.00433872 -0.0764289 -0.147834 -0.0108726 0.0106552 -0.0112224 -0.0623871 -0.0472248 -0.0142676 -0.123255 -0.0771757
internal_weight=110811 9135 3893 5242 1272 1181 283 149 656 134 3237 277 248 2960 475 2485 154 2447 512 1935 174 267 1761 416 200 3970 2396 1574 235 2167 2036 753 556 197 1283 1107 176 91 898 564 445 190 334 233 101 80
internal_count=110811 9135 3893 5242 1272 1181 283 149 656 134 3237 277 248 2960 475 2485 154 2447 512 1935 174 267 1761 416 200 3970 2396 1574 235 2167 2036 753 556 197 1283 1107 176 91 898 564 445 190 334 233 101 80
is_linear=0
shrinkage=0.0998


Tree=168
num_leaves=47
num_cat=0
split_feature=16 27 17 12 0 84 73 73 88 53 21 31 7 36 41 21 22 69 67 21 20 85 69 96 95 49 3 88 75 63 34 30 74 80 18 34 86 39 5 53 18 35 12 93 39 13
split_gain=43.9318 116.389 146.204 137.599 131.622 115.846 110.271 128.76 101.229 105.08 94.2622 125.306 100.193 95.4032 92.7363 91.5287 88.1345 101.18 93.0381 108.625 87.6352 92.4788 86.897 109.064 89.4186 81.2276 81.4344 107.744 86.7416 106.527 135.241 90.1227 88.0017 80.3552 136.821 96.1826 83.812 92.4553 78.9926 78.2342 138.144 77.7544 85.6466 77.4121 76.6679 76.0356
threshold=0.065712280116106067 -0.030516104079245949 0.014363182153190901 0.036784591856109904 0.081605648293037972 -0.0073245723652304489 -0.0057696127070751497 -0.0029837387626007496 -0.0032494418343747495 -0.069912598682906127 0.050612858482826158 -0.0036591718697294496 -0.027581098768560148 0.030538458490290153 -0.075260876095781984 -0.097035994128117739 0.051720751373541457 -0.064779360579244286 -0.058623407171140694 0.010751070128590001 -0.030563806785535896 0.028149809517464455 -0.019037919616426997 -0.0099700778125420483 0.015356313407914652 0.021192483572174455 -0.13140843142842581 0.041849077956019907 -0.00028237339393044993 -0.033494127977455344 0.073679205046206772 0.0028839257156661005 0.045884463612895207 -0.033929212181417943 0.011183556088079902 -0.0044709309697686991 -0.027131072485540749 -0.05131811990839049 -0.035901885590640441 0.020569814047644703 -0.086448270877126435 -0.055094028462095893 -0.0065428933818275992 0.011230399223938502 -0.088034834857280295 -0.018455167354295646
decision_type=2 2 2 2 2 2 2 2 2 2 2 2 2 2 2 2 2 2 2 2 2 2 2 2 2 2 2 2 2 2 2 2 2 2 2 2 2 2 2 2 2 2 2 2 2 2
left_child=-1 2 3 6 -4 -5 22 -8 16 -10 11 12 -9 -13 -6 -16 39 -18 -19 20 -20 -22 23 -2 -25 26 27 -11 31 -30 -31 32 -28 34 -17 -36 -35 -38 -24 -3 -41 42 -27 -12 -33 -45
right_child=1 8 4 5 14 -7 7 10 9 25 43 13 -14 -15 15 33 17 18 19 -21 21 -23 38 24 -26 41 28 -29 29 30 -32 44 -34 36 35 -37 37 -39 -40 40 -42 -43 -44 45 -46 -47
leaf_value=0.00062551193571556887 0.034294424428886326 0.030520165989435494 -0.22771114567025352 0.099150622656918611 0.072447022960748939 -0.057674592003722984 -0.31388307496176826 -0.23841315455148615 0.069631507970814827 -0.04812286985084159 0.033734878051624534 -0.0094671522327038366 -0.079993784482753835 -0.22544660435375571 -0.20687221009679463 -0.012664231238749182 -0.23245493732365693 0.1701044129258738 0.067463005086664446 -0.088483044495958105 -0.0062955861532236809 -0.18853846373297273 -0.0699758825085601 -0.23285461962670087 0.011861661066561937 0.013948562299555288 -0.032876354486256337 -0.29354854857921603 0.026297043893131804 -0.045740722784665552 -0.23081537037738939 0.20536027880505375 0.11389418061930079 0.054833221828764489 -0.014545611354166812 -0.27213787158458008 -0.10447178653462476 0.0014051423937705195 0.042769004040347808 0.11304483931437134 -0.017040238423255947 0.017965187092635046 -0.18095675670506303 -0.02217102057250107 0.019385723250844481 -0.26028353921283376
leaf_weight=100821 39 2004 26 98 153 90 27 105 154 62 90 110 64 25 23 172 22 26 146 174 208 32 98 58 20 47 757 25 201 963 41 23 43 259 22 42 92 767 168 90 842 932 43 34 551 22
leaf_count=100821 39 2004 26 98 153 90 27 105 154 62 90 110 64 25 23 172 22 26 146 174 208 32 98 58 20 47 757 25 201 963 41 23 43 259 22 42 92 767 168 90 842 932 43 34 551 22
internal_value=6.5693e-12 -0.00631279 -0.0244549 -0.0532696 -0.00504759 0.0240747 -0.0701774 -0.1022 8.33815e-05 -0.011138 -0.0894988 -0.121153 -0.17842 -0.0494633 -0.00126377 -0.00945386 0.0122483 -0.0223363 -0.0144479 -0.0230164 0.00649452 -0.0305946 -0.0302958 -0.101973 -0.170107 -0.0145107 -0.023681 -0.118647 -0.0204774 -0.0400216 -0.0532986 -0.00333707 -0.0249874 -0.00610037 -0.0590171 -0.183591 0.0050699 -0.00993441 0.00123141 0.0194103 -0.00447837 0.00941096 -0.0791729 -0.0235884 0.0268377 -0.115715
internal_weight=110811 9990 2604 1048 1556 188 860 477 7386 3842 450 304 169 135 1530 1377 3544 608 586 560 386 240 383 117 78 3688 2666 87 2579 1205 1004 1374 800 1354 236 64 1118 859 266 2936 932 1022 90 146 574 56
internal_count=110811 9990 2604 1048 1556 188 860 477 7386 3842 450 304 169 135 1530 1377 3544 608 586 560 386 240 383 117 78 3688 2666 87 2579 1205 1004 1374 800 1354 236 64 1118 859 266 2936 932 1022 90 146 574 56
is_linear=0
shrinkage=0.0998


Tree=169
num_leaves=47
num_cat=0
split_feature=0 100 8 3 75 13 93 88 11 92 4 35 29 96 97 19 27 10 39 7 28 37 43 11 32 89 40 95 65 87 53 98 8 92 20 77 41 4 28 70 74 17 77 100 41 88
split_gain=43.0733 189.144 140.945 138.273 157.209 137.966 135.878 142.828 133.103 176.25 120.872 119.117 119.477 115.571 133.617 137.251 132.076 153.26 124.286 186.178 146.046 133.714 133.728 132.726 135.967 172.621 141.537 131.62 128.765 140.17 135.089 125.976 122.655 120.958 113.814 113.388 112.724 153.911 110.461 108.026 162.702 125.872 135.229 110.21 185.625 171.024
threshold=0.17870843006555423 -0.47729999999999995 -0.16074976389456561 -0.093678183613809737 0.025923589198055406 0.005265795666593201 -0.016315659257966797 0.026876004597940806 0.00043933169297050005 -0.028527384661677094 -0.058968504132112645 -0.037972530306061548 0.024758162640781452 0.025022521669147053 -0.040816033804748887 -0.017489326389503197 -0.05928314967189089 0.015842005196600204 0.014367112691130201 0.091448979704867608 0.013634829038544802 -0.020878648873064596 -0.0092986363325293989 -0.014289845541505799 -0.043531574393231999 0.044794011728971059 -0.037807897228791694 0.0094029961475431013 -0.024513632622393245 0.022881067315950406 0.023699055466616353 -0.030051553427074197 0.012193575000823803 -0.027552378979112595 -0.011850518647564949 -0.025323283122550649 -0.037083865860949146 -0.024717100253272496 0.075295966775113007 -0.026874977669236747 -0.032032984088936588 -0.030874932191312297 0.0029410139937263505 -0.79039999999999988 -0.033669438580927337 0.0073267621809876508
decision_type=2 2 2 2 2 2 2 2 2 2 2 2 2 2 2 2 2 2 2 2 2 2 2 2 2 2 2 2 2 2 2 2 2 2 2 2 2 2 2 2 2 2 2 2 2 2
left_child=3 2 -2 4 5 -1 -7 -8 36 -10 11 12 -11 18 -15 16 17 -16 19 39 23 -21 -23 24 31 27 -27 -26 29 -25 33 35 -31 -30 -32 -20 37 38 -4 40 -5 42 -42 44 45 -41
right_child=1 -3 8 13 -6 6 7 -9 9 10 -12 -13 -14 14 15 -17 -18 -19 20 21 -22 22 -24 28 25 26 -28 -29 30 32 34 -33 -34 -35 -36 -37 -38 -39 -40 43 41 -43 -44 -45 -46 -47
leaf_value=-0.09028575780958624 -0.073080084754604605 -0.0027416937261132996 0.024934639352952558 0.033988124098057154 0.025964200873973765 -0.098575329862240768 0.03194780060547768 -0.13492094258671089 -0.027027417278915746 -0.051944775035007509 0.013451518023468223 -0.0090035381351012342 -0.24839292647441227 0.023300706470207832 -0.015053946027209695 -0.024625848086352257 0.0044746210769828669 -0.18845845611194609 0.099998574912771573 -0.080215529200116459 0.0077085903016829481 0.048478234396072649 -0.044482352007459758 -0.015122142975414773 -0.016537167509911136 0.056085184768324393 -0.16850650382017254 -0.062826649105719209 0.056611456586704141 -0.050967705665920272 0.010865128949676948 0.035509089347994925 -0.19018747917582815 0.0042208083860053583 -0.054085740835078625 -0.1774924965146184 0.022722809060877588 -0.017941183636776235 0.15357140538797703 -0.082710853220966649 -0.080407470143440199 -0.005380398575018942 -0.0082017026582623768 0.011803635763266797 0.0042059183705067619 0.0058457255955730435
leaf_weight=491 203 31285 487 807 348 157 381 59 1750 116 6113 767 42 1041 149 5445 3668 77 20 421 4974 254 392 1099 2018 34 157 878 497 216 443 484 89 3756 683 55 8944 1640 77 522 530 3351 504 20801 4214 372
leaf_count=491 203 31285 487 807 348 157 381 59 1750 116 6113 767 42 1041 149 5445 3668 77 20 421 4974 254 392 1099 2018 34 157 878 497 216 443 484 89 3756 683 55 8944 1640 77 522 530 3351 504 20801 4214 372
internal_value=1.80756e-12 0.00211449 0.00965835 -0.00183097 -0.0324229 -0.0510982 -0.0188686 0.00957222 0.0105008 0.00131627 0.00836393 -0.0252582 -0.104165 -0.00107291 -0.010614 -0.0143944 -8.76808e-05 -0.0741342 0.00100895 0.00453884 -0.00636296 -0.0364521 -0.00793129 -0.0130742 -0.0284306 -0.0366318 -0.128527 -0.0305711 -0.00481984 -0.0317343 0.00220523 0.0168592 -0.0915925 0.0103431 -0.0285322 -0.103495 0.0177411 -0.00247521 0.0424968 0.00594514 -0.00719394 -0.0147729 -0.0452124 0.00857813 -0.00455691 -0.0458618
internal_weight=110811 51424 20139 59387 1436 1088 597 440 19936 8788 7038 925 158 57951 10380 9339 3894 226 47571 32168 15403 1067 646 10429 3646 3087 191 2896 6783 1404 5379 559 305 4253 1126 75 11148 2204 564 31101 5192 4385 1034 25909 5108 894
internal_count=110811 51424 20139 59387 1436 1088 597 440 19936 8788 7038 925 158 57951 10380 9339 3894 226 47571 32168 15403 1067 646 10429 3646 3087 191 2896 6783 1404 5379 559 305 4253 1126 75 11148 2204 564 31101 5192 4385 1034 25909 5108 894
is_linear=0
shrinkage=0.0998


Tree=170
num_leaves=47
num_cat=0
split_feature=15 55 36 55 77 96 28 70 44 71 39 10 64 70 24 80 13 13 92 57 56 55 41 86 81 75 18 26 48 74 80 88 15 89 99 35 40 1 84 35 25 24 9 55 28 90
split_gain=43.1917 106.442 90.7541 83.012 126.432 125.411 102.718 101.731 90.2432 87.2279 102.244 84.1222 80.6442 80.0185 79.4288 74.5791 73.5211 72.6965 69.6366 105.395 97.4194 68.1507 90.0279 91.5437 63.0223 62.4421 88.5748 59.6982 71.9219 116.309 80.1923 79.0886 91.2308 76.1249 78.844 74.7111 73.6234 62.2647 60.8323 58.9958 57.0719 56.3728 91.2641 80.3132 81.4397 86.7193
threshold=-0.11688891795680724 0.093182523229094566 -0.039356335353475692 -0.0081673071007156983 -0.0047377222915660992 -0.020081840014976596 -0.052235595152872141 -0.031705127202272441 0.037248805731175109 -0.0069258790034173994 -0.035790262581815648 -0.039291752494071845 -0.00060725627820059985 0.055033656744220907 0.082957297380862258 0.012072723602019102 0.16519571602010066 0.0079486185193916505 -0.017051604268418296 -0.015009748149354149 -0.0022386246340160496 0.0028385365362607004 0.062084694255189053 0.0032510533700582504 -0.017780327204896699 0.015975611917207502 -0.0046274997423896491 0.13521239938327292 0.026240890448815904 -0.0075147203794968991 0.024948891661069606 -0.0011352005265795999 -0.023426825148863444 0.031830618650791308 0.0014156142843327003 0.0088382678610553506 0.043934640345324162 0.10275012029562196 1.0000000180025095e-35 0.021904246622710701 0.0098667021252761503 0.14512608310463124 -0.076847203255084887 0.062326653826923907 -0.0031166339909662493 -0.0036823029147938498
decision_type=2 2 2 2 2 2 2 2 2 2 2 2 2 2 2 2 2 2 2 2 2 2 2 2 2 2 2 2 2 2 2 2 2 2 2 2 2 2 2 2 2 2 2 2 2 2
left_child=1 2 12 4 8 -6 7 -5 9 17 -11 21 18 -13 25 39 27 -4 20 -20 -1 -8 23 -23 -9 -14 -27 41 29 30 -29 -32 -33 34 36 -36 -31 38 -30 -7 -3 -2 -43 44 45 -44
right_child=16 40 3 6 5 15 11 24 -10 10 -12 13 14 -15 -16 -17 -18 -19 19 -21 -22 22 -24 -25 -26 26 -28 28 37 33 31 32 -34 -35 35 -37 -38 -39 -40 -41 -42 42 43 -45 -46 -47
leaf_value=-0.010057816339816367 5.0800676038121908e-05 0.019451118783224374 -0.19977775247478485 -0.16170734267587011 -0.17469030014326176 -0.10478134544845392 0.097621519882098218 0.18088704989353815 0.16366853104108259 -0.076332948655864374 0.16248304871937685 -0.10873994473674048 -0.073665008047309244 0.053273872082070864 0.1536534064391385 0.12336033089267356 0.044129809171403696 0.0086535572949647897 -0.081244888125482154 0.0858494800250445 0.22418183102319017 -0.16162513804912568 0.050259739594502112 -0.013714831680376295 0.015358207928850539 0.189055391371727 -0.058403005653532111 0.080952790471208666 0.04089227049265589 0.087254824535160189 0.1338417048133555 -0.22365070704690049 0.019613753335616168 -0.22281769658042624 -0.18752514399899994 0.0073476216997537354 -0.12204646705971522 0.039320456771636828 0.25574845424294473 0.034695488620888101 0.25238891578492795 0.072830318948362394 -0.10493196805524556 0.081804273047830375 -0.12423436077589192 0.068560376093379449
leaf_weight=28 107653 20 25 22 60 67 39 36 57 26 57 380 160 33 23 35 379 50 61 98 48 80 70 87 63 25 34 229 21 70 21 28 34 22 43 36 22 84 35 55 22 61 55 35 162 60
leaf_count=28 107653 20 25 22 60 67 39 36 57 26 57 380 160 33 23 35 379 50 61 98 48 80 70 87 63 25 34 229 21 70 21 28 34 22 43 36 22 84 35 55 22 61 55 35 162 60
internal_value=2.00753e-11 -0.015505 -0.0193403 -0.0335513 0.0017785 -0.0519627 -0.0523938 0.0324127 0.0560196 0.0171842 0.0876732 -0.0672873 0.0176619 -0.0957945 -0.0227756 -0.00506042 0.000250384 -0.0608235 0.0593039 0.0217441 0.137883 -0.0246296 -0.0447469 -0.0845701 0.0755505 -0.0413047 0.0464522 9.73504e-05 0.0303692 0.0128223 0.050492 -0.0335503 -0.0902476 -0.0480738 -0.0255921 -0.0987224 0.0372045 0.0936632 0.175177 -0.0419024 0.141466 -8.33962e-05 -0.0388145 -0.0606425 -0.0786412 -0.0144142
internal_weight=110811 1761 1719 1242 432 217 810 121 215 158 83 689 477 413 242 157 109050 75 235 159 76 276 237 167 99 219 59 108671 645 505 312 83 62 193 171 79 92 140 56 122 42 108026 373 312 277 115
internal_count=110811 1761 1719 1242 432 217 810 121 215 158 83 689 477 413 242 157 109050 75 235 159 76 276 237 167 99 219 59 108671 645 505 312 83 62 193 171 79 92 140 56 122 42 108026 373 312 277 115
is_linear=0
shrinkage=0.0998


Tree=171
num_leaves=47
num_cat=0
split_feature=42 1 99 30 8 93 5 91 62 21 83 40 80 36 48 84 68 24 76 19 58 73 15 92 35 16 94 18 93 37 91 6 10 51 58 98 63 31 51 54 22 58 10 15 41 30
split_gain=43.7559 91.6221 100.645 100.591 117.391 92.0342 88.7906 73.9676 79.1796 82.0207 80.2516 71.5859 73.5511 88.9367 76.4821 88.183 79.6297 76.9412 77.0284 75.9312 109.001 71.2309 70.581 113.765 100.174 85.8848 78.3837 84.2379 69.1537 68.4523 65.9742 65.7098 64.8119 63.2994 62.5024 61.2344 61.1149 105.105 73.829 79.38 61.1145 60.8978 60.5497 59.8227 90.3171 67.013
threshold=-0.092963536600902744 0.025563501414801303 0.017763765726382202 0.033863215227217004 -0.078856996437326535 0.04283160204699351 0.018288449567450505 -0.031075953267326747 -0.010333430490819999 -0.085782764465803088 0.0041096913778644511 -0.086144691630274675 -0.023159688927993544 0.07890008276736761 0.016931087660143302 0.033570038825599453 0.032880244668076708 0.040753127502359605 -0.046662090383169742 -0.042435975900998145 -0.018233421587889247 -0.03324282824110484 -0.045630932116400395 0.011217680305644701 -0.059758957281735796 -0.0070892667182450497 -0.035409750155904293 -0.010561803670723997 -0.014231103300569248 0.0014073944463601003 -0.024282037306147395 -0.11554716460805574 -0.03786239431861254 0.020350703272556104 0.021557595202726404 -0.00082904009268964986 -0.0028933573448013997 -0.00074090037274154982 0.007997744059508401 -0.0061048829903577991 -0.087060427521272285 -0.029931298226413897 0.038532891683395361 -0.071648425880399144 0.032483674183141305 0.014676020558132502
decision_type=2 2 2 2 2 2 2 2 2 2 2 2 2 2 2 2 2 2 2 2 2 2 2 2 2 2 2 2 2 2 2 2 2 2 2 2 2 2 2 2 2 2 2 2 2 2
left_child=1 2 6 4 -3 31 32 -4 -9 -10 28 12 13 19 40 16 17 18 -16 20 -2 -20 23 24 26 -25 -8 -28 -11 -17 -5 -6 -1 35 -19 -15 -21 38 -38 -40 -14 -24 -30 44 -42 -45
right_child=11 3 7 30 5 -7 22 8 9 10 -12 -13 14 33 15 29 -18 34 21 36 -22 -23 41 25 -26 -27 27 -29 42 -31 -32 -33 -34 -35 -36 -37 37 -39 39 -41 43 -43 -44 45 -46 -47
leaf_value=0.058513305655362918 -0.056850304078551316 0.082419487195743407 0.08114451443240446 0.14831245223501832 0.054426647339087163 0.1017810145940293 0.13639014506054961 0.024810573213195134 -0.19469659740984441 0.083936582023253048 -0.12884839197031089 6.2023577640943594e-05 0.081484371006458264 -0.13119244645884529 -0.23400246903032065 -0.24052058595424597 0.035453143606152281 -0.24501019250452519 -0.16787459686165676 0.037100547605244401 0.11808012785959769 -0.0073378652772714912 0.20182494965237241 -0.17446900858715886 0.11320273494736498 0.031202559533992258 -0.17074441955754388 0.061166922530990382 -0.0040506108380647171 -0.040338453204101989 -0.0049653680870944466 -0.13180976577953146 -0.013973285282811857 -0.22164342516798238 -0.038541009043529632 0.086050330132680639 -0.19053882617492759 0.019753351433583411 -0.13740431409506793 0.11281925568781469 -0.24874974143207074 0.076145915192524408 -0.17929985432646892 0.0072507805884695041 -0.00147387905414066 -0.065809985628180204
leaf_weight=180 48 46 70 41 21 22 23 166 40 60 70 106700 61 28 20 46 90 40 32 202 136 197 43 42 144 39 39 26 72 27 88 186 387 26 23 24 56 141 28 23 28 359 27 438 31 175
leaf_count=180 48 46 70 41 21 22 23 166 40 60 70 106700 61 28 20 46 90 40 32 202 136 197 43 42 144 39 39 26 72 27 88 186 387 26 23 24 56 141 28 23 28 359 27 438 31 175
internal_value=-1.76671e-12 0.0139634 0.0236671 -0.0289587 -0.0630661 -0.0922903 0.0385322 -0.0140696 -0.0293914 -0.0628394 -0.0398076 -0.000281659 -0.0193811 0.00606187 -0.0343773 -0.0655721 -0.0472479 -0.071104 -0.0461751 0.0184337 0.0724461 -0.0297709 0.061921 0.0263855 0.0619374 -0.075442 -0.0219514 -0.0779799 -0.000607202 -0.166481 0.0437508 -0.112916 0.00903833 -0.0944988 -0.169633 -0.0309265 -0.00365138 -0.0368445 -0.111427 -0.0245584 -0.0141624 0.0895892 -0.0518459 -0.0228446 -0.118825 -0.0136067
internal_weight=110811 2191 1787 404 275 229 1282 505 435 269 229 108620 1920 712 1208 475 402 312 249 634 184 229 715 313 232 81 88 65 159 73 129 207 567 78 63 52 450 248 107 51 733 402 99 672 59 613
internal_count=110811 2191 1787 404 275 229 1282 505 435 269 229 108620 1920 712 1208 475 402 312 249 634 184 229 715 313 232 81 88 65 159 73 129 207 567 78 63 52 450 248 107 51 733 402 99 672 59 613
is_linear=0
shrinkage=0.0998


Tree=172
num_leaves=47
num_cat=0
split_feature=42 97 57 55 6 77 89 20 41 35 75 37 57 29 27 18 22 65 20 58 38 27 51 56 72 86 57 28 1 32 76 67 76 58 74 77 0 96 49 19 30 39 54 62 88 97
split_gain=42.991 81.4435 135.997 87.2602 62.3573 63.0505 59.355 57.2062 54.5582 56.6416 50.8576 70.1747 58.3233 59.0618 56.3409 54.9954 48.7574 46.5413 71.1217 77.4188 74.0425 137.462 70.5815 103.479 90.0629 65.6969 85.0048 65.6757 64.3982 67.4424 71.8143 67.0127 62.2843 130.146 80.5985 79.6854 73.4084 89.0965 83.8335 69.7912 88.6963 85.4445 67.5558 81.7652 72.4837 64.8325
threshold=0.11831861655590166 0.0092491560788167514 -0.020674468160143046 -0.061305958948392698 -0.070764602598361828 -0.015495607906943248 0.04568290670921716 0.063620690072318756 0.10615428088507116 -0.041258024528365043 0.038465539282212462 0.031846725013909359 -0.086493251310440236 0.030353642788662451 -0.025178680056705646 0.0033336748005944002 -0.026256633504533795 0.054342661265428457 0.073492131989936663 0.061650322200850309 -0.012255163330528547 -0.041788133497286294 -0.060098735894911041 0.054373543937541853 0.06010714811595666 -0.046053381724278294 -0.019449947953682298 0.010230697427668852 0.17057609265983603 -0.013084248965368198 0.0079323458853871511 -0.022962753387588349 0.0018797619506122 -0.11093393652830803 0.046785908019441158 0.035896495285058554 0.094764606496079817 0.0077698195229164513 0.005077548560495351 0.040591017659879651 0.031852510863717355 0.033936260265761901 -0.021262335773799896 0.069484061528900964 0.046447465249185353 -0.022388717724168797
decision_type=2 2 2 2 2 2 2 2 2 2 2 2 2 2 2 2 2 2 2 2 2 2 2 2 2 2 2 2 2 2 2 2 2 2 2 2 2 2 2 2 2 2 2 2 2 2
left_child=17 2 4 16 -2 -6 10 8 9 -4 12 -12 -5 14 -14 -16 -3 -1 22 20 21 -20 23 24 25 -19 -27 28 29 -22 -31 -30 33 -24 39 45 37 38 -35 -34 41 -41 43 -38 -44 -36
right_child=1 3 7 6 5 -7 -8 -9 -10 -11 11 -13 13 -15 15 -17 -18 18 19 -21 27 -23 32 -25 -26 26 -28 -29 31 30 -32 -33 34 36 35 -37 42 -39 -40 40 -42 -43 44 -45 -46 -47
leaf_value=-0.00037046288844174894 -0.12111476636797189 -0.22321322714771541 -0.20599902255035937 0.030985087219079825 0.11760569508559349 0.019141444875081379 0.093490351895355817 0.085988439298272129 -0.21050776020990261 -0.016148938795199824 -0.22593239654609651 0.010979448448047043 0.089936974474694578 -0.14474598161218069 0.039030111076901942 -0.11891064682542797 -0.033888651832938196 0.19648896927315121 -0.30310777764205749 0.084528254026199803 0.0058500111060104925 -0.052356645415395281 -0.23628481395214795 0.14095178281983636 -0.16287192174998733 -0.12288720794539242 0.047440260249222807 0.072076392047922752 -0.10125279260300099 -0.15841999383617084 -0.021375220432175674 0.11489866237939896 0.010414730970473289 0.056337119889171769 0.010650412831514215 0.069705128914817338 0.0073410111777276622 -0.17848689284604044 -0.16819869038388133 0.02004569079503726 -0.10625644276982003 -0.12331355064536165 0.036563976098704307 -0.11038121386840939 -0.027801969991900807 -0.10563280664513819
leaf_weight=102718 20 42 20 101 114 150 33 20 31 72 33 20 32 60 34 62 20 24 26 59 108 134 20 98 24 34 206 74 20 85 69 50 2137 67 65 45 874 40 22 241 121 50 2103 63 190 180
leaf_count=102718 20 42 20 101 114 150 33 20 31 72 33 20 32 60 34 62 20 24 26 59 108 134 20 98 24 34 206 74 20 85 69 50 2137 67 65 45 874 40 22 241 121 50 2103 63 190 180
internal_value=-3.17116e-11 -0.0221749 0.0088227 -0.0524633 0.0487886 0.0616601 -0.0343299 -0.0705502 -0.0960036 -0.0574207 -0.0466634 -0.136532 -0.0301824 -0.0630437 -0.0247457 -0.0629733 -0.162141 0.000174258 0.00791428 -0.0242635 -0.035604 -0.0931037 0.0109596 0.0523695 0.0222269 0.039054 0.0233105 -0.012944 -0.0318943 -0.0546137 -0.0970168 0.0531411 0.00838894 0.0175445 -0.00250804 -0.0523617 0.0190558 -0.0547695 0.000833886 0.00316382 -0.0344459 -0.00458648 0.0220042 -0.000574144 0.0312306 -0.0747822
internal_weight=110811 864 427 437 284 264 375 143 123 92 342 53 289 188 128 96 62 109947 7229 625 566 160 6604 386 288 264 240 406 332 262 154 70 6218 3379 2839 290 3359 129 89 2549 412 291 3230 937 2293 245
internal_count=110811 864 427 437 284 264 375 143 123 92 342 53 289 188 128 96 62 109947 7229 625 566 160 6604 386 288 264 240 406 332 262 154 70 6218 3379 2839 290 3359 129 89 2549 412 291 3230 937 2293 245
is_linear=0
shrinkage=0.0998


Tree=173
num_leaves=47
num_cat=0
split_feature=73 98 0 15 41 98 63 57 48 44 14 71 96 56 22 98 17 13 81 0 36 2 15 20 93 67 57 13 12 55 51 70 19 93 11 17 24 100 22 88 95 14 31 12 35 52
split_gain=42.9891 79.4106 111.934 172.424 104.695 92.9909 88.9868 117.858 98.8982 87.2566 91.5132 101.79 89.1007 87.2679 92.0656 95.7122 91.9244 83.1318 112.506 82.7174 80.3483 80.3306 90.8818 112.574 97.4444 91.8268 77.9979 76.4919 75.0384 72.7314 72.1144 73.1908 71.9786 70.7015 69.4126 74.0991 101.099 79.5734 84.2665 86.7106 70.9519 72.2733 68.6829 68.442 65.6142 70.4725
threshold=-0.053298034007447141 0.010452218572649002 0.15034048010922144 -0.0012871454647949998 -0.0049103068654536989 0.013303704046103301 0.010241607867227302 0.028636754036074751 -0.015317244632270749 0.020728339359651553 -0.05910174280876794 -0.051494189289173493 0.10010716862752091 0.019161750855954455 -0.022081738651322496 0.0033611521153910505 0.019288117558764455 -0.0035809865644646495 0.014195041401203102 0.1418730586162972 -0.019071222632711597 -0.092560993587315538 -0.019352198403562098 0.031715921685033406 0.022992341178708554 0.0021631697717355005 -0.0018581385505310498 -0.020006028765910445 0.057492421389345509 -0.059758320934426991 -0.076651778584255481 0.0022146805071258002 -0.040332495072538693 0.035522454470438052 -0.081646643084545792 0.10444300126659412 -0.012680245087194399 -0.47649999999999998 0.051720751373541457 -0.0023555013540027497 0.040095634150266755 -0.020045411314813147 0.019073585488911405 -0.007006876280395649 -0.015557435202909949 -0.019174130003180193
decision_type=2 2 2 2 2 2 2 2 2 2 2 2 2 2 2 2 2 2 2 2 2 2 2 2 2 2 2 2 2 2 2 2 2 2 2 2 2 2 2 2 2 2 2 2 2 2
left_child=1 4 3 5 21 -3 20 8 -8 10 17 26 -11 14 15 -13 -16 18 -6 -5 -7 -1 23 44 25 27 28 -25 -12 32 -15 -32 -4 -34 40 37 -37 38 -36 -40 41 -31 -28 -22 45 -23
right_child=-2 2 29 19 9 6 7 -9 -10 12 11 13 -14 30 16 -17 -18 -19 -20 -21 43 22 -24 24 -26 -27 42 -29 -30 34 31 -33 33 -35 35 36 -38 -39 39 -41 -42 -43 -44 -45 -46 -47
leaf_value=-0.021073294165113325 -0.00051164659672315823 -0.25850961839486575 0.059151476697460181 0.02156190352624484 -0.24686475920689602 -0.28822283025774464 -0.10674676176346838 -0.2036400984156187 0.1118063747648535 0.040727743066762849 0.035136067844218598 -0.11229560817526839 -0.16356623083176938 -0.10291267769369813 0.014205978255572753 0.047140627075918019 -0.073619876819506963 -0.022482356447105604 0.0077871631213912258 -0.10544135990646042 0.046840411402517927 0.15574247975096106 0.024852016411647752 -0.1839089696007967 -0.1248366434613416 0.1663732936545167 0.062200443088807983 0.047696956168388829 -0.16550174751728772 0.017346703861732825 0.055764688531154238 -0.021689335186381321 -0.13269609149095446 0.039605904519029199 0.0769145094883259 0.065331975583159008 -0.19006538667867059 0.0077764388653675598 -0.15016837848739492 0.049790125276579486 0.069163936384736252 -0.11229554857478218 0.21336497579827904 -0.15305343050020354 0.13235926343995291 -0.0034640773864752714
leaf_weight=233 103780 34 41 314 48 29 32 27 58 635 82 203 22 45 423 46 165 126 27 61 24 40 1083 20 43 43 119 49 24 66 347 187 101 31 391 26 38 1039 36 54 48 122 40 59 260 90
leaf_count=233 103780 34 41 314 48 29 32 27 58 635 82 203 22 45 423 46 165 126 27 61 24 40 1083 20 43 43 119 49 24 66 347 187 101 31 391 26 38 1039 36 54 48 122 40 59 260 90
internal_value=-2.10259e-11 0.00755208 -0.00616391 -0.0425465 0.0157536 -0.104499 -0.0816325 -0.0207642 0.0340986 0.0025738 -0.00835748 -0.000747622 0.0338868 -0.0113717 -0.0319781 -0.0828415 -0.010439 -0.0720002 -0.15519 0.000902706 -0.145218 0.0337351 0.0415793 0.0748191 0.00287127 0.051902 0.056021 -0.0194352 -0.0102914 0.0054829 0.0184169 0.0286413 -0.0563544 -0.0922312 0.0113608 0.0188839 -0.0863102 0.0233131 0.0568736 -0.0301933 -0.0391327 -0.0667828 0.100229 -0.0952528 0.103414 0.0455226
internal_weight=110811 7031 2631 638 4400 263 229 117 90 2539 1882 1681 657 1416 837 249 588 201 75 375 112 1861 1628 545 155 112 265 69 106 1993 579 534 173 132 1820 1584 64 1520 481 90 236 188 159 83 390 130
internal_count=110811 7031 2631 638 4400 263 229 117 90 2539 1882 1681 657 1416 837 249 588 201 75 375 112 1861 1628 545 155 112 265 69 106 1993 579 534 173 132 1820 1584 64 1520 481 90 236 188 159 83 390 130
is_linear=0
shrinkage=0.0998


Tree=174
num_leaves=47
num_cat=0
split_feature=9 59 51 15 17 39 66 75 46 40 25 87 45 94 98 1 68 13 62 51 41 67 14 6 58 3 13 3 80 65 84 0 95 29 96 46 26 52 11 87 55 80 86 62 7 13
split_gain=42.5821 84.2744 84.0882 63.3312 62.1488 71.8151 60.8164 60.6164 91.0722 61.4568 76.4096 89.5336 73.0408 68.9069 59.2864 58.8604 64.0371 62.2776 69.6666 59.1055 64.6671 67.5638 75.3671 88.7748 85.0877 57.7043 57.0246 56.8407 76.9774 66.7323 114.539 63.8659 53.2299 52.3254 79.0661 85.9323 76.2047 85.9219 98.0466 79.9714 77.4422 67.5013 58.1634 56.3141 79.664 73.1254
threshold=0.13409269157169382 0.049154635230086056 0.098454291130128713 -0.076708091414308774 0.040476957179244162 -0.00036485193230694992 0.011471075675118802 -0.052444014620181188 -0.048243260390549041 0.026264249836844205 -0.049598051638686441 0.012006763808855651 0.065931756229478902 -0.048150280449342241 -0.035276534750852996 -0.15482403420593177 -0.10405088414974868 -0.11851030176076653 -0.03413686655266799 0.12325146260705507 -0.022748601298282146 0.057407477370890504 0.067565379943920617 0.17093251579376159 0.020645817810141152 -0.034986805841587039 0.056589985345750708 -0.13667504780404063 -0.0083649933411567966 -0.031437406206600647 -0.0076253456559335986 0.23886881002426599 -0.035739531752944045 -0.10282473433565557 0.072140807889704714 0.026948898532904556 -0.13085923703866678 0.0094247361578636019 -0.068029734234783937 -0.035608199276357839 -0.052965671351895789 -0.0051313731044757499 -0.056948267292214694 0.093124005589279815 -0.12181406870462509 -0.021042659639885896
decision_type=2 2 2 2 2 2 2 2 2 2 2 2 2 2 2 2 2 2 2 2 2 2 2 2 2 2 2 2 2 2 2 2 2 2 2 2 2 2 2 2 2 2 2 2 2 2
left_child=15 2 7 -3 5 6 -5 8 -2 10 32 13 14 -12 -13 16 -1 18 -18 20 27 22 23 -22 -24 -20 -15 28 -19 30 -29 -30 -9 34 35 36 -17 40 41 -40 -38 -39 -37 -35 -45 -46
right_child=1 3 -4 4 -6 -7 -8 9 -10 -11 11 12 -14 26 -16 33 17 19 25 -21 21 -23 24 -25 -26 -27 -28 29 31 -31 -32 -33 -34 43 -36 42 37 38 39 -41 -42 -43 -44 44 45 -47
leaf_value=-0.11860198028649602 -0.20815557108124097 -0.25398204793643209 -0.19056164262101055 -0.30994251585494387 0.077885131382822992 -0.019371919903732264 -0.075279615412203765 -0.080254445081138992 -0.010822264129939405 0.036644938732810432 0.14059104110274467 0.044413822779452078 0.05928631424622044 0.0086176648518624249 -0.089480308225626443 -0.15028944584675905 0.073906636228751058 -0.16854992427867033 -0.24221516298800708 -0.14269801961359652 -0.0032940407428952239 0.079400396292074779 0.080732801076161542 -0.1221667188293787 -0.046196529749662839 -0.027616390848726347 -0.072284392130041397 -0.087344059868550858 0.17397363602459431 0.065058727826951657 0.061541498394794607 -0.056262991168697679 0.099743810173306205 -9.9230290387618665e-05 -0.14861911464821961 -0.056399937797803432 0.18960896534947677 0.01673508736362888 -0.14656794489264488 0.026808810395064935 0.029529757030649459 -0.17232670536045167 0.086041258000380025 -0.21452239790622679 -0.056277066888749387 -0.0020865714883339
leaf_weight=35 36 20 25 22 25 52 22 20 66 335 34 37 46 500 300 29 22 29 26 22 947 121 203 67 71 24 105 87 20 653 126 30 90 104156 27 32 32 27 30 227 507 62 265 21 355 823
leaf_count=35 36 20 25 22 25 52 22 20 66 335 34 37 46 500 300 29 22 29 26 22 947 121 203 67 71 24 105 87 20 653 126 30 90 104156 27 32 32 27 30 227 507 62 265 21 355 823
internal_value=-2.05243e-11 -0.015512 -0.00897023 -0.0894662 -0.0622735 -0.0987732 -0.192611 -0.0060768 -0.0804693 -0.000904319 -0.0120165 -0.020523 -0.0586778 0.00234596 -0.0747798 0.000246739 0.0154366 0.017353 -0.0740895 0.020124 0.0216457 0.0080991 0.00140076 -0.0111485 0.0478424 -0.139208 -0.00542319 0.0418437 -0.0391945 0.0492363 0.000729087 0.0358317 0.0670169 -0.000107097 0.020291 0.024057 0.00890244 0.0141189 -0.0246932 0.00657028 0.0390335 -0.114971 0.0706941 -0.000346789 -0.021852 -0.0184173
internal_weight=110811 1735 1594 141 121 96 44 1569 102 1467 1132 1022 383 639 337 109076 2483 2448 72 2376 2354 1409 1288 1014 274 50 605 945 79 866 213 50 110 106593 1238 1211 914 885 346 257 539 89 297 105355 1199 1178
internal_count=110811 1735 1594 141 121 96 44 1569 102 1467 1132 1022 383 639 337 109076 2483 2448 72 2376 2354 1409 1288 1014 274 50 605 945 79 866 213 50 110 106593 1238 1211 914 885 346 257 539 89 297 105355 1199 1178
is_linear=0
shrinkage=0.0998


Tree=175
num_leaves=47
num_cat=0
split_feature=3 31 56 1 53 99 82 20 80 82 74 49 62 80 34 36 96 36 43 30 85 75 90 13 51 19 57 98 19 92 28 100 6 10 45 32 59 100 9 2 0 1 1 20 35 54
split_gain=41.7969 91.7438 99.5305 95.1106 95.9911 125.824 117.778 114.46 93.5004 101.807 86.4202 102.277 101.927 93.1079 98.0342 84.5242 80.9379 76.396 74.1412 72.5763 133.672 72.2894 72.1687 95.8459 120.646 88.8575 73.5744 72.8786 135.879 86.1256 78.4789 82.0825 74.3669 69.9939 74.8279 92.234 79.8544 70.1368 67.9108 83.7859 95.6117 94.6793 100.564 83.2952 76.7076 83.5517
threshold=0.12681663250519523 0.0022002619433945506 0.0021810738114374502 -0.13420704563369165 0.0091592377341426518 0.0056307714717109009 -0.018477882595412744 0.060964400856306201 0.035185388951639453 -0.0084082033010776987 -0.025474997183371994 -0.0093654903799170967 0.016782137056755301 0.073948136245430271 0.076514654030738816 -0.095358795734079141 -0.013460044966249599 -0.054840305706065746 -0.045788828394913141 -0.034479471141641495 0.027652207737483805 -0.034539456581804497 0.021485317046755752 0.028915617859504403 0.0094479691166481014 -0.048320393323044594 0.0082005358554359514 0.0013704536436531503 0.083270268769773267 0.0049324938831889513 0.007066398362480051 -0.85919999999999985 -0.024486093202847798 -0.07065232190249203 0.029853785062209204 1.0000000180025095e-35 0.040904261412947757 -0.8748999999999999 0.059598292638332252 0.22340930330581951 0.20708959433417531 -0.11350959996507208 -0.06595760297835164 0.028942622942728653 0.0025811994441055004 -0.012909913155833697
decision_type=2 2 2 2 2 2 2 2 2 2 2 2 2 2 2 2 2 2 2 2 2 2 2 2 2 2 2 2 2 2 2 2 2 2 2 2 2 2 2 2 2 2 2 2 2 2
left_child=38 3 10 -2 15 6 -6 8 9 -8 11 12 -3 14 16 -5 18 -18 -12 20 -7 -13 25 -24 -25 26 -4 29 30 -27 31 -29 -31 37 36 -36 -35 -17 -1 -40 41 -41 43 -43 45 -42
right_child=1 2 22 4 5 19 7 -9 -10 -11 13 21 -14 -15 -16 33 17 -19 -20 -21 -22 -23 23 24 -26 27 -28 28 -30 32 -32 -33 -34 34 35 -37 -38 -39 39 40 44 42 -44 -45 -46 -47
leaf_value=0.00052994157476304394 0.074885076234751616 -0.16220283819143017 -0.024509601902030408 -0.16461025573677487 0.018514152012778912 -0.002432658264353731 -0.22906239886987381 -0.294542810583166 0.10203961769224455 -0.073858336894634724 -0.041323096733433859 -0.1200582825284203 0.086319800924221896 -0.13948831219983099 -0.10029681371081717 0.2223221401007906 0.10989181253665915 0.025285106831660284 0.11092235387452079 0.025863166163315715 -0.30523552538514137 0.044655482532347995 0.0010774031965021821 -0.21979482659404739 0.015606669131858007 0.085457315372569009 -0.25519454760821092 -0.16084372993290424 -0.21127792375587648 -0.17965837483809077 0.065918533982697924 5.6668482859929402e-05 0.019323061460304259 0.03277426266303924 -0.0041041025353277605 -0.18743254609433252 -0.081147751719968908 0.021209554462975417 -0.0060358578854675738 0.035075725395060507 0.026209194684444475 -0.39934585210132595 -0.044713960321563662 -0.15076464386356289 0.055393393086130359 -0.16265635072392429
leaf_weight=93963 128 65 40 27 100 53 52 29 24 221 35 30 22 25 39 31 130 583 355 292 20 230 139 57 35 255 21 40 31 22 134 150 125 548 82 41 69 39 12239 26 43 25 33 29 83 51
leaf_count=93963 128 65 40 27 100 53 52 29 24 221 35 30 22 25 39 31 130 583 355 292 20 230 139 57 35 255 21 40 31 22 134 150 125 548 82 41 69 39 12239 26 43 25 33 29 83 51
internal_value=-6.73163e-12 0.0096245 0.0216642 -0.00794824 -0.0144609 -0.0393893 -0.0762331 -0.105297 -0.0868181 -0.103421 0.0380346 -0.00569204 -0.099358 0.0510364 0.0552073 0.00909739 0.0607056 0.0407113 0.0972593 0.00361206 -0.0853923 0.02565 -0.00196287 -0.0512221 -0.13024 0.0119478 -0.103926 0.021285 -0.011667 0.0503844 0.00743159 -0.0338171 -0.0104565 0.0148876 0.00586464 -0.0652136 0.0200342 0.110274 -0.000390341 -0.00729213 -0.0603112 -0.13203 -0.18197 -0.265849 -0.0145244 -0.0762604
internal_weight=110811 4319 2563 1756 1628 791 426 326 297 273 1514 347 87 1167 1142 837 1103 713 390 365 73 260 1049 231 92 818 61 757 355 402 324 190 147 810 740 123 617 70 106492 12529 290 113 87 54 177 94
internal_count=110811 4319 2563 1756 1628 791 426 326 297 273 1514 347 87 1167 1142 837 1103 713 390 365 73 260 1049 231 92 818 61 757 355 402 324 190 147 810 740 123 617 70 106492 12529 290 113 87 54 177 94
is_linear=0
shrinkage=0.0998


Tree=176
num_leaves=47
num_cat=0
split_feature=11 19 96 5 9 47 93 100 69 15 54 70 17 46 49 9 59 72 91 24 17 77 91 76 35 65 80 53 93 60 96 74 77 52 35 19 79 16 46 32 23 4 6 38 46 12
split_gain=41.6731 56.3777 78.9429 73.8075 58.1535 64.3374 93.8899 77.9791 75.1934 61.3633 74.4771 54.4479 61.4515 92.1298 53.8755 53.4074 52.3852 49.9695 50.3174 48.9951 71.2469 114.774 65.385 55.9335 55.0301 51.3141 50.5626 48.4558 58.5892 48.0272 94.2246 122.845 112.762 106.375 97.0862 115.494 109.978 101.84 101.46 96.6052 93.4017 88.6109 78.7386 108.017 86.0026 77.9107
threshold=0.098886786864309809 -0.066711073716715877 0.03791242745462161 -0.0035414969197495997 -0.048046979069551694 -0.028377086759047949 -0.0053301441001286495 0.74330000000000018 0.0055293265835266005 -0.10510920546429559 -0.026375105166482896 -0.0059110720275105492 0.0097438537139361014 -0.0033590995909754495 -0.0012714314110762498 0.052464080104266959 -0.014052828872099498 -0.014884731562711149 -0.040201977162759944 -0.014869158795739747 -0.030326873708573895 -0.024083481498327397 0.075605648118949473 -0.015728505390440645 -0.068619741780960627 0.0068509996906198503 -0.031267326715775895 0.018887088035967701 -0.03710983561670634 0.064356932166715106 -0.0011072548512863999 -0.016333051675028146 -0.084219318280382233 -0.077015526220956435 0.027562730987048603 -0.023779671331725896 0.011086004921850702 -0.0091530711979782974 -0.013054844364028999 0.031479659043874002 0.021527565243550754 0.0094534533640336007 0.058833712736370357 -0.053933642614099143 0.069573878706497713 -0.043866641736044688
decision_type=2 2 2 2 2 2 2 2 2 2 2 2 2 2 2 2 2 2 2 2 2 2 2 2 2 2 2 2 2 2 2 2 2 2 2 2 2 2 2 2 2 2 2 2 2 2
left_child=29 2 11 -4 5 6 -3 8 -8 10 -6 -2 -13 16 -12 19 -14 18 -7 22 21 -21 23 -11 -22 -25 -26 -17 -29 -1 31 34 -32 -33 35 38 37 39 -31 -37 42 -38 43 -35 -45 -36
right_child=1 4 3 -5 9 17 7 -9 -10 15 14 12 13 -15 -16 27 -18 -19 -20 20 24 -23 -24 25 26 -27 -28 28 -30 30 32 33 -34 40 45 36 41 -39 -40 -41 -42 -43 -44 44 -46 -47
leaf_value=0.00011821879042231294 0.040553957441027334 0.017714848184054718 -0.014638926086712765 -0.24208361892839275 -0.23107907678484918 -0.17520643009342576 -0.28335767643608545 -0.012556210872955853 -0.051515302695240822 0.06496519026376249 -0.083813326129141982 0.025891548113524912 -0.088889276670700026 -0.0066342266974899061 0.1194965273357573 0.020259036631008809 -0.30690489843422952 0.027319346343673334 -0.016316569833919922 -0.2121467985562831 0.13909484737015065 0.02986728963550557 -0.13744660250938118 0.029360088263776042 -0.0074308150772573588 -0.043851645791579505 0.063890386067403826 -0.1824774850510216 -0.017455126151982695 -0.048946231237164246 -0.19816947031556456 0.14306067832467456 0.0069658975852277573 0.017802480743570746 -0.038450008836217846 0.095098189233842292 -0.16826045616317986 -0.063044554105482098 0.07141382242827321 -0.098013737817064808 -0.010428717663790681 -0.016419298930743991 -0.0064980113159107799 -0.10462303536868306 0.039954868912324311 0.064401430741406182
leaf_weight=102375 136 80 27 30 20 23 38 36 22 196 34 71 21 52 21 528 23 379 145 25 81 89 27 236 118 160 615 24 200 108 27 30 2322 98 96 107 109 193 197 34 465 59 182 597 44 311
leaf_count=102375 136 80 27 30 20 23 38 36 22 196 34 71 21 52 21 528 23 379 145 25 81 89 27 236 118 160 615 24 200 108 27 30 2322 98 96 107 109 193 197 34 465 59 182 597 44 311
internal_value=3.67991e-11 0.0107852 -0.0265961 -0.134347 0.0151304 -0.0096506 -0.062135 -0.128677 -0.198349 0.0226775 -0.0661574 -0.00632617 -0.044504 -0.0965674 -0.00618593 0.0255755 -0.202852 0.00723653 -0.0380693 0.0361809 0.0506864 -0.023206 0.0144343 0.0213613 0.0610349 -0.00022041 0.0524089 0.00375836 -0.0351361 -0.000347302 -0.00991905 -0.022894 0.00460802 -0.0428654 0.000400565 -0.0196423 -0.0490711 -0.0159418 0.0287945 0.0485322 -0.0468898 -0.114935 -0.0652985 -0.0797798 -0.0946988 0.0401416
internal_weight=110811 3457 360 57 3097 723 176 96 60 2374 75 303 167 96 55 2299 44 547 168 1547 928 114 619 592 814 396 733 752 224 107354 4979 2630 2349 1416 1214 807 502 334 305 141 1386 168 921 739 641 407
internal_count=110811 3457 360 57 3097 723 176 96 60 2374 75 303 167 96 55 2299 44 547 168 1547 928 114 619 592 814 396 733 752 224 107354 4979 2630 2349 1416 1214 807 502 334 305 141 1386 168 921 739 641 407
is_linear=0
shrinkage=0.0998


Tree=177
num_leaves=47
num_cat=0
split_feature=91 10 18 39 61 67 69 17 100 32 7 48 25 73 40 40 4 67 29 44 67 67 14 0 80 76 12 11 6 55 63 73 94 80 3 88 50 73 23 96 100 24 61 50 83 69
split_gain=41.694 103.664 82.1513 73.2675 104.388 84.8685 92.2209 89.9197 82.0185 80.3425 79.9234 78.0264 71.1954 83.509 88.7267 70.8677 123.662 103.681 100.585 74.588 71.3352 109.676 135.865 90.9588 114.523 75.1671 69.9301 74.0985 69.5219 68.2162 69.4344 67.6994 67.4416 80.8008 70.4003 66.8224 66.1883 65.1911 60.2544 59.2407 89.1269 128.806 116.769 98.8018 96.0983 93.2981
threshold=-0.047616704011319642 0.11718094112428991 0.083105421415486214 0.025261064563083652 -0.049442628415982695 0.016029887721800602 -0.0014935297590521 0.022012092076084452 -0.85919999999999985 0.013933268061053652 0.0060797590656355505 -0.021335790803968496 -0.023743509187147696 0.018262651758308605 0.0029033200731189003 -0.059776408866803792 -0.026714477089413598 0.018373629407979153 -0.0092499622383209485 0.016917161377630056 -0.0073173632755329995 -0.010982909580608099 -0.054905882916415294 0.087256318932523072 0.004151237780886251 0.0073376902041622514 0.019550716004515651 -0.077769624999195638 -0.10340810078733619 -0.067133088182885783 0.015109271980091552 -0.07852415693375589 0.05467201715335241 0.030415710613557953 -0.061246959893921843 -0.0073749007231773489 0.025107081996487157 -0.013752316423921848 0.025277820011550201 0.059438369344425555 -0.69114999999999982 0.022220070859312605 0.025893740124821801 0.031046531922613103 0.093875375460185068 0.055586938114836705
decision_type=2 2 2 2 2 2 2 2 2 2 2 2 2 2 2 2 2 2 2 2 2 2 2 2 2 2 2 2 2 2 2 2 2 2 2 2 2 2 2 2 2 2 2 2 2 2
left_child=1 2 3 15 5 6 -5 35 10 26 36 -8 38 14 -14 16 -1 18 -18 -20 21 23 -23 24 -17 -24 37 -28 -25 -11 -31 -22 33 -33 -34 -7 -6 -10 -4 -2 41 42 45 -43 -42 -41
right_child=39 -3 12 4 8 7 11 -9 9 29 -12 -13 13 -15 -16 20 17 -19 19 -21 31 22 25 28 -26 -27 27 -29 -30 30 -32 32 34 -35 -36 -37 -38 -39 -40 40 44 43 -44 -45 -46 -47
leaf_value=0.037349336581916949 -5.7316309614409568e-05 0.065387393498434712 0.060794873926821438 0.070465452149443525 0.071410716453258222 -0.3491189449235797 -0.24952109438521522 0.027004590739216655 0.06963303331530156 -0.064976263658338126 0.14516418404323414 0.011424841504573822 -0.25423258132986398 0.013379580000987866 -0.050997761574825266 0.025582566748215602 -0.048807723719388241 0.015735406166665692 -0.15797532616562784 -0.38155539320642534 -0.071032565438312087 -0.32147999684640338 -0.11511220039433422 0.089453055805978413 -0.16994451421984072 0.016634533022780246 -0.19156970066925366 -0.016766407414389336 -0.0019281189282435805 0.036008734178126105 0.11288630665009686 0.0027956320219890076 -0.046135615372019156 0.047099403626909737 0.11345626407775077 -0.11199488508423855 -0.10630739599008644 0.0020745778123449003 -0.11315617979027615 0.0055148364699911323 -0.02345090209911211 0.097934761501060105 -0.080091625271655753 -0.062230369165053832 0.13428220743198807 0.20436312504744528
leaf_weight=101 99602 293 68 78 82 20 21 24 219 45 115 25 46 41 40 52 50 51 42 23 89 21 91 87 70 82 26 340 1769 331 181 1755 35 535 129 29 28 406 28 392 2835 231 173 46 39 25
leaf_count=101 99602 293 68 78 82 20 21 24 219 45 115 25 46 41 40 52 50 51 42 23 89 21 91 87 70 82 26 340 1769 331 181 1755 35 535 129 29 28 406 28 392 2835 231 173 46 39 25
internal_value=-2.00394e-11 0.00720136 0.00482526 0.00673786 0.0230308 -0.045889 0.00437083 -0.131262 0.0306886 0.0225051 0.0869909 -0.107703 -0.0547999 -0.103827 -0.159705 0.00029524 -0.0497241 -0.102703 -0.155227 -0.237088 0.00312772 -0.0101549 -0.0817642 -0.00313157 -0.0866051 -0.0526658 0.00545966 -0.0291841 0.00235537 0.0528319 0.0631862 0.0144726 0.0175736 0.0131461 0.079397 -0.20878 0.0261734 0.0257471 0.0100591 -0.0005204 -0.0128498 0.0151965 -0.0111609 0.0713369 -0.0213105 0.0174362
internal_weight=110811 7468 7175 6952 1970 197 124 73 1773 1548 225 46 223 127 86 4982 267 166 115 65 4715 2172 194 1978 122 173 991 366 1856 557 512 2543 2454 2290 164 49 110 625 96 103343 3741 867 590 277 2874 417
internal_count=110811 7468 7175 6952 1970 197 124 73 1773 1548 225 46 223 127 86 4982 267 166 115 65 4715 2172 194 1978 122 173 991 366 1856 557 512 2543 2454 2290 164 49 110 625 96 103343 3741 867 590 277 2874 417
is_linear=0
shrinkage=0.0998


Tree=178
num_leaves=47
num_cat=0
split_feature=34 40 52 37 1 15 12 64 75 86 33 12 6 40 79 7 80 9 54 7 23 70 37 89 12 39 39 55 10 56 68 30 28 24 29 19 100 28 3 36 70 15 56 76 4 82
split_gain=41.4174 78.8774 78.5918 113.481 77.344 106.309 73.8919 71.4959 70.2579 69.7365 65.6093 61.6043 76.2138 79.905 88.7314 82.5373 77.0276 79.6673 75.2716 72.6508 61.1387 67.301 60.0351 63.6241 57.7017 68.9447 59.1547 55.1535 53.9393 51.4822 49.5443 76.94 79.9562 69.3746 63.9153 74.9257 76.4058 57.1075 64.6559 54.6501 53.1659 52.5169 139.801 146.697 129.661 119.561
threshold=-0.081387212934806136 -0.0097395803841199471 0.056590029169442911 -0.057647885996034195 0.14557294659921924 -0.044093960342047094 -0.026986476427794549 -0.051278177501721145 0.013825734725329952 -0.030387738597568596 -0.053256780399129594 -0.060925406689534646 0.018798979761128903 -0.011580754422161098 0.036680080358385055 -0.065632037704277987 -0.0073657220004243488 -0.029002966875096247 -0.026375105166482896 -0.077163817965381534 -0.0054330243855229996 -0.0011993439975145498 0.0212318575024498 0.023113129261690905 -0.086014056612700437 0.021792731188875803 0.10090979621237132 0.0047646297303091511 0.17771516333739693 -0.024426427945127695 0.094058496790186713 0.0053551588065429007 0.0098547505178768514 0.037359979089867407 0.0016214315362792001 0.007705699917012851 -0.29519999999999996 -0.060643550149978291 -0.008594555201221649 0.034671216044718657 -0.015813836557421097 -0.073312548877460929 0.067224366341363667 0.018349412117114754 0.03299990870676741 0.043748395442522105
decision_type=2 2 2 2 2 2 2 2 2 2 2 2 2 2 2 2 2 2 2 2 2 2 2 2 2 2 2 2 2 2 2 2 2 2 2 2 2 2 2 2 2 2 2 2 2 2
left_child=1 7 4 8 24 6 -6 9 -4 -1 -5 -9 13 14 15 19 28 -18 -17 -13 -19 -22 23 -16 25 -3 -26 -8 -14 -28 41 34 33 37 39 36 -36 -33 -39 -32 -41 42 43 -2 -45 -46
right_child=30 2 3 10 5 -7 27 11 -10 -11 -12 12 16 -15 22 18 17 20 -20 -21 21 -23 -24 -25 26 -27 29 -29 -30 -31 31 32 -34 -35 35 -37 -38 38 -40 40 -42 -43 -44 44 45 -47
leaf_value=-0.17795741367081092 -0.022195843439153685 0.0028762570911220141 -0.06694679408424041 -0.13869937559202314 0.28869362764964912 0.037107442971054935 0.19131774626500905 0.053613590723569783 -0.29583394446847117 -0.030707302297382031 0.038060638609260788 -0.054395157332986589 0.054546777878362894 -0.18084541050445649 0.19699871843221792 -0.075630293939861634 0.067400167466859173 0.018441096105193209 0.00023887773629151538 -0.25294991188069871 -0.0070082798992212002 -0.1604057778515513 -0.0091779280314842858 -0.018459115467220545 0.017290358391217928 -0.20916611913976568 0.0058033797532320019 0.037881236214669683 0.22676760290712117 0.21393735633510452 0.11544209645096107 0.093505899905562406 0.049762950500812551 -0.16335591888683185 0.14538028557343552 -0.094913591209053988 0.0028535986255513813 0.022386428810491719 -0.11115581109057386 0.13553407805817469 -0.059738489575211592 4.8506994734338397e-05 0.040799396551503241 0.025672170177220486 -0.016801478707786512 -0.19689452696962234
leaf_weight=42 4763 42 34 25 27 412 40 196 22 135 128 50 192 31 43 176 96 91 501 29 52 63 63 20 1305 24 20 56 20 29 175 35 134 42 52 50 134 68 77 21 41 98579 529 1481 627 39
leaf_count=42 4763 42 34 25 27 412 40 196 22 135 128 50 192 31 43 176 96 91 501 29 52 63 63 20 1305 24 20 56 20 29 175 35 134 42 52 50 134 68 77 21 41 98579 529 1481 627 39
internal_value=-1.78237e-12 0.0100172 0.0228566 -0.0353123 0.0290752 0.0614151 0.142836 -0.00541875 -0.156867 -0.065648 0.00917828 0.00114969 -0.00605629 -0.0233617 -0.0178265 -0.0307494 0.0246827 -0.00768688 -0.0194849 -0.127282 -0.0426789 -0.0910434 0.0597107 0.128599 0.0168908 -0.0742301 0.0213325 0.101813 0.070794 0.128985 -0.000371634 0.0239313 -0.0111144 -0.0478602 0.0503082 0.0135444 0.0426998 -0.0209112 -0.0485291 0.0869169 0.00640222 -0.00056167 -0.00864751 -0.012433 0.00922546 -0.0273475
internal_weight=110811 3964 2164 209 1955 535 123 1800 56 177 153 1623 1427 913 882 756 514 302 677 79 206 115 126 63 1420 66 1354 96 212 49 106847 829 356 222 473 236 186 180 145 237 62 106018 7439 6910 2147 666
internal_count=110811 3964 2164 209 1955 535 123 1800 56 177 153 1623 1427 913 882 756 514 302 677 79 206 115 126 63 1420 66 1354 96 212 49 106847 829 356 222 473 236 186 180 145 237 62 106018 7439 6910 2147 666
is_linear=0
shrinkage=0.0998


Tree=179
num_leaves=47
num_cat=0
split_feature=19 100 59 24 66 41 5 48 71 54 47 29 60 40 33 7 6 14 35 15 23 89 17 89 27 33 11 34 53 99 94 100 94 15 68 54 81 49 26 18 94 28 8 3 45 24
split_gain=40.4817 61.9697 72.2065 108.279 116.052 92.1475 88.1398 87.7924 73.9878 69.185 67.4049 66.1895 78.547 93.2069 70.777 67.2872 65.7279 66.9357 63.6925 55.4758 78.5199 64.0467 57.6256 88.0802 75.7015 77.0411 78.652 76.8957 74.0647 72.5571 75.5898 95.057 77.5127 76.7133 76.0474 75.0763 72.1778 62.0485 65.9878 56.4888 56.4014 110.114 98.265 118.132 88.9046 89.6938
threshold=-0.10105715696322749 0.66010000000000002 0.0081258563424643025 0.012146067248008601 -0.036486868688072244 0.025510713576034603 0.10976319008876846 0.04085110526182776 -0.023699648048205995 0.063683297644710105 0.006705591910902451 0.086773843746403817 -0.011359219623298949 -0.018239557279516646 0.035339869393881208 -0.027581098768560148 -0.087740862609204134 0.012246955533291552 -0.041950909222797546 0.14000864188583392 0.05626569391468516 -0.060595900585824293 -0.10019920891768137 0.036457327054145554 -0.041788133497286294 -0.017928712549182196 -0.033951265674093546 -0.0084383357179099484 -0.037598478714633239 0.061458315342312504 -0.036017274735949546 -0.77164999999999984 -0.033508474398893741 0.024697481547703102 -0.0033016131934553495 0.0063394478433075009 -0.024793627881185148 -0.017657670861231798 -0.024149274363541844 0.038766379438292906 -0.058389866392489047 -0.0067663485611202494 0.076715980415213256 -0.018910360512447846 0.036800739221834113 -0.018558202657900449
decision_type=2 2 2 2 2 2 2 2 2 2 2 2 2 2 2 2 2 2 2 2 2 2 2 2 2 2 2 2 2 2 2 2 2 2 2 2 2 2 2 2 2 2 2 2 2 2
left_child=1 2 3 -1 10 7 9 18 -7 11 -5 12 13 15 -15 -4 17 -3 -6 22 21 -21 23 24 25 26 -2 -27 -25 30 31 33 -32 -26 -34 -33 -30 -29 -39 -23 41 42 44 -44 45 -24
right_child=19 16 6 4 5 8 -8 -9 -10 -11 -12 -13 -14 14 -16 -17 -18 -19 -20 20 -22 39 40 28 29 27 -28 37 36 -31 32 35 34 -35 -36 -37 -38 38 -40 -41 -42 -43 43 -45 -46 -47
leaf_value=0.0293195429373799 -0.23341447544857569 -0.018108361708611249 -0.1783792738099893 -0.071691997731861565 -0.17331133182843528 -0.071351908155779048 -0.14438020864365003 0.10949134493526071 0.13648275165007276 -0.10732140169364435 -0.29194377045060693 -0.085337868347112086 0.094168346218930651 0.082318727430795213 -0.051015925639991952 0.00026421917547604868 -0.0012458549092827294 -0.19517361334368991 -0.040107765788916262 -0.13081397949755191 -0.062072039900455213 0.019971693173571732 -0.010159200103849658 0.15884250829487109 -0.23284469225108623 0.053225288899795248 -0.035679684400535899 -0.22429243916066793 -0.094807273604035375 0.17088315499067308 -0.21925577892724957 0.13626005039601374 -0.053214654664525192 0.040262603702999299 -0.0035190825404690508 -0.017200777592658995 0.038553001109097526 -0.17006968108234197 0.047540160936968667 0.078706955169085838 0.00028493318165113935 0.0020282491171177762 0.11378623708422334 -0.048793564524764133 0.019951611113108975 -0.067563839706970413
leaf_weight=657 51 50 30 31 45 24 24 32 59 27 25 32 366 228 48 70 675 37 174 22 90 432 392 40 20 58 33 26 50 20 21 87 558 21 681 50 211 23 35 262 101344 2380 96 83 212 879
leaf_count=657 51 50 30 31 45 24 24 32 59 27 25 32 366 228 48 70 675 37 174 22 90 432 392 40 20 58 33 26 50 20 21 87 558 21 681 50 211 23 35 262 101344 2380 96 83 212 879
internal_value=1.24667e-11 0.0122244 0.0219909 0.00459206 -0.0370642 -0.0147725 0.0440715 -0.0449165 0.076386 0.049718 -0.170019 0.0551962 0.0612569 0.0292208 0.0591301 -0.0533288 -0.0117688 -0.093412 -0.0674784 -0.000297652 0.0257873 0.0368311 -0.000493464 -0.0173398 -0.0262278 -0.0799726 -0.155733 -0.0351566 0.0323854 -0.017897 -0.0205226 0.0403551 -0.0291227 -0.0929605 -0.0259001 0.0802524 0.0130051 -0.0961821 -0.0387534 0.0421455 -0.000176154 -0.0117369 -0.0314487 0.0384001 -0.0398795 -0.0498592
internal_weight=110811 2634 1872 1047 390 334 825 251 83 801 56 774 742 376 276 100 762 87 219 108177 806 716 107371 1985 1684 226 84 142 301 1458 1438 178 1260 41 1239 137 261 84 58 694 105386 4042 1662 179 1483 1271
internal_count=110811 2634 1872 1047 390 334 825 251 83 801 56 774 742 376 276 100 762 87 219 108177 806 716 107371 1985 1684 226 84 142 301 1458 1438 178 1260 41 1239 137 261 84 58 694 105386 4042 1662 179 1483 1271
is_linear=0
shrinkage=0.0998


Tree=180
num_leaves=47
num_cat=0
split_feature=98 84 6 90 100 100 30 0 28 28 6 67 5 22 10 22 16 71 63 64 28 58 74 22 57 55 60 90 82 32 51 82 15 93 78 12 74 95 30 29 25 40 35 59 5 63
split_gain=40.5459 68.1808 108.103 94.6195 83.6944 96.7441 82.2806 84.1595 74.8578 126.168 98.4328 86.2864 80.5599 93.3536 79.9035 71.5547 69.8953 69.4551 67.8916 63.3084 94.5463 73.749 63.3915 62.2019 65.3152 61.9291 66.7792 60.3619 60.3501 59.9886 57.4594 55.7572 54.3448 53.4455 52.2387 83.2747 72.2632 147.208 80.7439 77.9706 74.4837 63.2343 59.9882 58.6849 127.291 77.1775
threshold=0.077001744271285311 0.011902587681607851 -0.050898079318101287 -0.0011379004459432997 0.89105000000000012 0.15395000000000003 0.065842350269431624 0.10234529961788595 -0.040896945934992941 -0.0011509733267213499 0.027173353633856406 -0.040556500000699248 -0.0059434359125057996 -0.0051649090818704493 -0.048241469237359093 -0.023931047405446496 0.058785271588646805 0.010139226687330001 0.007662287567705651 -0.00027364827390394996 -0.052235595152872141 -0.040889660526216697 -0.058007380428862491 -0.0026018685432371998 -0.012255884969662999 0.030701852348414254 -0.0051984912333953989 0.0050071621782958511 -0.0099146087932204478 0.0035013156463923503 -0.039936843229385642 -0.0028170087417480998 0.018949402766859854 -0.010530224778242898 -0.10068251429073223 -0.0098892380748652978 -0.066525284175407942 -0.0077306010088160496 0.030577097764131655 -0.017536221210526396 0.017493646806778156 0.017606971373496403 -0.0039954880990980988 -0.10489779580306173 -0.0035414969197495997 0.042178045474102206
decision_type=2 2 2 2 2 2 2 2 2 2 2 2 2 2 2 2 2 2 2 2 2 2 2 2 2 2 2 2 2 2 2 2 2 2 2 2 2 2 2 2 2 2 2 2 2 2
left_child=34 8 4 16 5 23 7 -5 19 10 -10 17 -12 -14 30 29 25 -11 -17 20 22 -21 -2 24 -3 32 -27 -23 -9 -16 -13 -24 -4 -30 35 -1 37 -37 39 41 42 -38 -41 44 -36 -46
right_child=1 2 3 6 -6 -7 -8 28 9 11 12 14 13 -15 15 18 -18 -19 -20 21 -22 27 31 -25 -26 26 -28 -29 33 -31 -32 -33 -34 -35 43 36 38 -39 -40 40 -42 -43 -44 -45 45 -47
leaf_value=0.023644048076082176 -0.13472614891290663 -0.07739022785763329 0.14741226399889937 -0.20159667283126284 -0.24703569689511012 0.033818840431288272 -0.22111920040847644 0.068362844866428574 0.12402441362316927 -0.22017550565038738 0.1149430447181066 -0.17770256513631344 0.10099958388686181 -0.16792090820955732 0.069657697589209547 0.035654733790272924 -0.071114992414454847 -0.013548919375760611 0.15701330748920922 0.20759490895469981 -0.19764198584604908 0.065783097104948077 -0.071449140424769506 -0.023703495823368431 -0.30109030381624519 0.090228681564662183 -0.13613191717123985 -0.089684939338479722 -0.17252590343862773 -0.088262137982308864 -0.002995553154806296 0.10524968987693605 0.030764839574406226 0.0015864453377044301 -0.0073596648230259635 -0.34714930693531032 -0.077327240335103117 0.016111250238120555 0.073808203701437869 -0.039761822055429219 -0.0074199318585807779 0.13450857096880672 -0.24314405969335484 -0.00030331732666242437 0.097352112072303695 -0.032475434819188985
leaf_weight=146 30 26 111 21 24 78 21 87 252 26 39 25 20 36 46 96 37 43 88 21 37 61 29 40 26 27 25 42 25 50 75 46 62 59 441 25 32 20 44 20 34 25 52 107919 267 55
leaf_count=146 30 26 111 21 24 78 21 87 252 26 39 25 20 36 46 96 37 43 88 21 37 61 29 40 26 27 25 42 25 50 75 46 62 59 441 25 32 20 44 20 34 25 52 107919 267 55
internal_value=3.32589e-11 0.0151543 -0.00980094 0.0158375 -0.0725754 -0.0479457 -0.0335634 -0.0130495 0.0308747 0.0461916 0.0913884 0.0112623 0.00481703 -0.0718779 0.0299051 0.0572542 0.0559992 -0.0914082 0.0936958 -0.0149608 -0.0604583 0.0371411 -0.0121174 -0.117268 -0.18924 0.0769025 -0.0185985 0.00238836 0.0101054 -0.0125922 -0.0466723 0.0369261 0.105608 -0.0502327 -0.000240485 -0.0363309 -0.0710782 -0.1857 -0.0461604 -0.0785446 -0.12916 0.0155832 -0.186649 -0.00010832 0.0274722 0.0751766
internal_weight=110811 1731 669 475 194 170 213 192 1062 796 347 449 95 56 380 280 262 69 184 266 142 124 105 92 52 225 52 103 171 96 100 75 173 84 109080 398 252 45 207 163 106 57 72 108682 763 322
internal_count=110811 1731 669 475 194 170 213 192 1062 796 347 449 95 56 380 280 262 69 184 266 142 124 105 92 52 225 52 103 171 96 100 75 173 84 109080 398 252 45 207 163 106 57 72 108682 763 322
is_linear=0
shrinkage=0.0998


Tree=181
num_leaves=47
num_cat=0
split_feature=76 42 89 69 62 73 23 8 81 49 7 24 13 13 97 58 36 43 74 74 73 51 0 0 75 46 92 12 39 48 100 0 69 49 25 0 25 48 35 34 89 29 92 53 87 52
split_gain=40.0843 118.959 96.8677 90.3893 78.3375 99.8337 99.5265 136.999 98.231 92.4314 79.2635 114.268 77.4041 73.2559 104.726 97.1623 119.334 78.9276 71.522 63.3625 62.3887 83.362 62.6897 61.4923 57.2406 95.9071 56.3489 55.0237 52.9448 51.9373 48.0435 149.746 141.394 134.047 124.788 129.199 266.178 230.53 215.203 201.557 193.344 143.486 130.93 194.355 130.253 134.9
threshold=-0.084053884084150779 0.056756531938173857 0.016017877117062301 0.036926385360650203 0.043156602809895306 0.074269557584338272 0.0050088280294019009 -0.0047982579741200496 0.044495133598069357 0.0013355289702359002 -0.011160907394266199 0.0058722753564932504 0.037081557818335456 0.028332787273286104 0.057483283855436808 -0.027175472929142994 0.031106252201460401 0.036693697256583509 -0.044242406472813342 -0.014586709912697048 0.027062603509728552 -0.012440423761253297 0.17194073010779493 0.18355225643261153 0.031418985881927756 0.0089548513063931016 0.043609569554724108 0.03415679901581966 0.044934692307575803 -0.0093746226982885494 0.3604500000000001 0.15034048010922144 -0.049903820076160045 0.031230516943398054 -0.019156896604036647 0.058955390498669456 -0.0020902283914874995 0.028335123162552902 0.016243901584248953 -0.011756752038596498 0.0078337164969174509 -0.0092499622383209485 0.016909772850375652 0.0060514606967241513 0.023784117769919903 0.0046328146431510514
decision_type=2 2 2 2 2 2 2 2 2 2 2 2 2 2 2 2 2 2 2 2 2 2 2 2 2 2 2 2 2 2 2 2 2 2 2 2 2 2 2 2 2 2 2 2 2 2
left_child=1 4 12 27 5 8 9 -8 13 -7 11 -6 18 14 15 16 -1 -17 -3 -10 22 -22 -15 -21 25 -12 -24 -4 -20 -13 31 32 33 -2 -34 36 37 38 -36 40 -38 42 -37 -44 -43 -46
right_child=30 2 3 -5 10 6 7 -9 19 -11 24 29 -14 20 -16 17 -18 -19 28 23 21 -23 26 -25 -26 -27 -28 -29 -30 -31 -32 -33 34 -35 35 41 39 -39 -40 -41 -42 44 43 -45 45 -47
leaf_value=0.10432434691506236 -0.021277799017620433 0.15897943878484808 -0.38662863019534516 -0.058465810507535937 0.094562367815056017 0.10555075572286883 -0.35932195635548342 -0.056194324724060121 0.025645623039484023 -0.16562537351307416 -0.077516407894499081 -0.04133162227102688 -0.18906434811433923 0.14370678014098842 0.18652739572268726 -0.067052496380071117 -0.061690640897603122 0.011628473551303305 0.0066290441345145451 -0.28762707115163405 0.11770108209694254 -0.084840279775768968 0.058860471223454391 -0.083575850521856426 0.14048711281464518 0.14164586809599722 -0.12299916904389857 -0.15816832365138189 -0.1688649094965147 -0.26604943319141866 -0.0023958170933266621 0.0054650057455383283 -0.014968469813158162 -0.10397122222103113 -0.17700431266147804 -0.00025580317457743316 -0.19572855442944501 0.14919553485492865 0.095523886405699185 0.031266189210869717 0.12176631251406669 0.016003179722853134 -0.065850142565526695 0.012430865088774293 -0.033623255697222756 0.025098451506349002
leaf_weight=115 1359 23 21 37 35 31 27 33 25 21 43 21 26 79 25 387 69 189 67 24 29 67 112 38 88 37 20 21 23 20 42202 42634 5799 228 230 4227 81 30 33 478 25 8646 830 510 1159 587
leaf_count=115 1359 23 21 37 35 31 27 33 25 21 43 21 26 79 25 387 69 189 67 24 29 67 112 38 88 37 20 21 23 20 42202 42634 5799 228 230 4227 81 30 33 478 25 8646 830 510 1159 587
internal_value=-2.63092e-11 -0.0149715 -0.0839581 -0.172202 -0.00517402 -0.0149755 -0.105019 -0.192602 -0.00642175 -0.00396268 0.0466856 -0.0378851 -0.033805 0.0017093 -0.0144557 -0.021067 0.0420687 -0.0412353 0.00191841 -0.10848 0.0430432 -0.0236559 0.0733897 -0.162563 0.0849438 0.0238461 0.031306 -0.272398 -0.0382194 -0.15095 0.000240652 0.00190489 -0.0043614 -0.0331581 -0.00234238 0.00200655 -0.0352879 -0.112911 -0.142809 0.00365648 -0.120848 0.004056 -0.00887321 -0.0360566 0.0109822 -0.0138812
internal_weight=110811 1753 218 79 1535 1291 112 60 1179 52 244 76 139 1092 785 760 184 576 113 87 307 96 211 62 168 80 132 42 90 41 109058 66856 24222 1587 22635 16836 877 293 263 584 106 15959 5567 1340 10392 1746
internal_count=110811 1753 218 79 1535 1291 112 60 1179 52 244 76 139 1092 785 760 184 576 113 87 307 96 211 62 168 80 132 42 90 41 109058 66856 24222 1587 22635 16836 877 293 263 584 106 15959 5567 1340 10392 1746
is_linear=0
shrinkage=0.0998


Tree=182
num_leaves=47
num_cat=0
split_feature=38 0 75 58 88 63 65 3 64 11 64 89 19 11 97 87 70 23 54 92 88 11 94 67 46 77 72 82 54 64 37 75 100 50 95 47 1 60 83 22 87 70 83 86 73 24
split_gain=41.2015 82.386 84.315 89.3958 135.306 115.31 109.621 79.9372 166.348 100.544 83.9512 108.263 93.4568 104.792 81.8891 79.4314 79.1369 78.6937 73.162 114.871 97.0708 131.199 99.3761 94.243 89.8312 122.473 93.5876 78.5402 108.467 73.0436 92.2258 90.6933 72.1829 80.3305 78.7369 69.8019 68.8754 67.9701 67.1605 88.9764 65.9905 65.5639 64.5645 83.273 63.906 66.4378
threshold=0.042127915692296757 0.049565826383218159 -0.0052206415842422993 0.025564801917656105 0.0023009701145911003 0.046598019563787403 0.029404011034293204 0.15284858503778329 0.030245002795576351 0.024416497966174552 -0.016567165689413948 -0.0019291068109644498 0.03307660682039331 -0.031821152397015197 -0.031796904418792543 -0.05307010555021139 -0.034526136729365796 0.017000346908058753 0.011840875163367503 0.034210587645159309 -0.016509302309556998 -0.079601572395499434 -0.045879922956655543 0.0034056850883044504 -0.04019073074000009 -0.011250537193260397 -0.028903669082681396 -0.021218868737892044 0.0056663169092322002 0.0011261724773687003 -0.088481976077402186 -0.022818795429055547 -0.94224999999999992 -0.064457091087673932 -0.010249293829147249 0.076934518842689911 0.060896187002409612 0.056077408269265404 -0.015442962107927598 -0.033581320079872641 -0.0055583057865037496 0.018979117411236052 -0.010553616521061149 0.048011851361994602 -0.037173178210200296 -0.0039656778690080495
decision_type=2 2 2 2 2 2 2 2 2 2 2 2 2 2 2 2 2 2 2 2 2 2 2 2 2 2 2 2 2 2 2 2 2 2 2 2 2 2 2 2 2 2 2 2 2 2
left_child=-1 -2 3 36 29 6 16 10 9 -9 11 32 15 -14 -15 -13 -6 -18 23 20 22 -22 -20 24 26 -26 -12 40 -29 31 -31 38 41 -34 -35 -17 -3 42 -5 -40 -25 -4 44 -44 -38 -46
right_child=1 2 7 4 5 -7 -8 8 -10 -11 18 12 13 14 -16 35 17 -19 19 -21 21 -23 -24 27 25 -27 -28 28 -30 30 -32 -33 33 34 -36 -37 37 -39 39 -41 -42 -43 43 -45 45 -47
leaf_value=0.00076852497553709439 -0.19780756173973735 0.0040964479575832059 -0.14163752719002687 0.01340372958146902 -0.0012792746441749234 0.064881681625369642 0.0077641947515571536 0.13828488320157581 -0.15690047916850527 0.010858408945059418 -0.11082293312956805 -0.065129428743469844 -0.11377412565495275 -0.168607909268296 0.024419827732153565 0.04746808785583885 -0.13973880747078923 -0.042671452154370584 -0.14103566340515106 0.065951020674321098 -0.16583237942255694 -0.020615643670813491 0.038873247083762941 -0.010241120905669717 -0.014042478923269828 -0.073450134933750716 0.029184659921557107 -0.013037623541699333 -0.11257095749679952 -0.13793422734191577 0.049244089061419652 0.031448855282379576 -0.15777492851465941 0.025230875548450504 -0.031073904247411521 -0.069129837617057349 -0.085863215135691451 -0.050750872596939292 0.025975471454759438 -0.13733878127500107 0.08035786409155142 0.034703489011206796 0.078555317540188935 -0.05595749479777673 0.067623662678926388 -0.014776319069044754
leaf_weight=95569 22 4407 84 86 84 77 156 115 37 133 58 75 96 24 249 965 257 123 33 207 66 1014 417 168 515 1051 264 1195 120 28 412 196 37 418 606 54 57 89 45 127 153 28 453 51 199 191
leaf_count=95569 22 4407 84 86 84 77 156 115 37 133 58 75 96 24 249 965 257 123 33 207 66 1014 417 168 515 1051 264 1195 120 28 412 196 37 418 606 54 57 89 45 127 153 28 453 51 199 191
internal_value=2.29983e-12 -0.00481874 -0.00453978 0.00346927 -0.0173425 -0.0503039 -0.0646092 -0.011429 0.0404969 0.0699473 -0.013303 0.00123399 0.0193442 -0.0240877 0.00745036 0.0339936 -0.0889416 -0.10832 -0.0205867 -0.00382347 -0.0132636 -0.02949 0.0256799 -0.0288494 -0.0440418 -0.0539131 0.0039659 -0.0113168 -0.0221205 0.00835568 0.0373327 -0.0197278 -0.0213536 -0.01331 -0.00809012 0.0412892 0.00954811 0.0326495 -0.0586062 -0.0946112 0.0329416 -0.0975523 0.0404546 0.0649439 0.0128426 0.0272688
internal_weight=110811 15242 15220 7038 1591 697 620 8182 285 248 7897 2636 1463 369 273 1094 464 380 5261 1737 1530 1080 450 3524 1888 1566 322 1636 1315 894 440 454 1173 1061 1024 1019 5447 1040 258 172 321 112 951 504 447 390
internal_count=110811 15242 15220 7038 1591 697 620 8182 285 248 7897 2636 1463 369 273 1094 464 380 5261 1737 1530 1080 450 3524 1888 1566 322 1636 1315 894 440 454 1173 1061 1024 1019 5447 1040 258 172 321 112 951 504 447 390
is_linear=0
shrinkage=0.0998


Tree=183
num_leaves=47
num_cat=0
split_feature=86 94 72 76 3 83 54 73 59 31 71 12 50 57 30 61 47 35 61 47 97 52 39 0 43 92 83 10 73 88 80 76 62 55 83 61 12 72 41 19 10 40 90 18 20 46
split_gain=40.6501 81.3539 141.323 90.3226 94.277 106.964 125.306 121.883 116.197 94.3097 106.425 109.526 94.3018 93.0253 92.4267 91.9159 121.41 119.768 89.5906 88.0808 103.836 98.4116 109.712 100.482 87.5038 83.0314 98.3298 97.6304 129.594 82.9962 87.5188 82.8334 80.2855 81.235 125.505 102.933 90.1802 99.8149 147.959 115.881 100.197 97.0744 102.869 90.6143 130.47 86.9899
threshold=0.022153458678584852 0.015128009463624451 -0.022710389475349146 0.11065275306925786 0.064732455425072513 0.025985712979210603 0.0046995037222689511 -0.026052314378958896 0.015748199448936604 -0.015579520850164999 -0.020609655351634098 0.10327071114275906 0.0063308194108084512 0.074582716793253165 -0.046035109303286241 0.030280106456210352 -0.0057204952278001988 -0.031894466263973388 0.023116297837787552 -0.085291526279803631 0.0068607190540340007 -0.019577448518889897 -0.045896874926772795 0.07251470438803076 -0.032554185714886795 -0.033738407717115594 -0.023541869563782847 0.012909829953868602 -0.056097188053135995 -0.044436100607256938 0.05248369320272666 0.036301902755509458 0.054131323846571051 0.005417875841171451 0.055650455284296053 0.076838489079294817 0.044811487374554808 -0.016991917644667249 -0.070317420541871192 0.007705699917012851 -0.031603280982037442 -0.011580754422161098 0.034278957350476258 0.050391159908555458 -0.0058265879158354997 0.050872463099305008
decision_type=2 2 2 2 2 2 2 2 2 2 2 2 2 2 2 2 2 2 2 2 2 2 2 2 2 2 2 2 2 2 2 2 2 2 2 2 2 2 2 2 2 2 2 2 2 2
left_child=32 2 31 4 5 19 12 -8 -9 13 -11 24 14 15 -7 16 -6 -17 -14 20 -4 23 -23 -21 -12 26 27 28 -3 30 -28 -2 -1 36 35 -35 37 38 -34 41 -41 42 -40 -39 -45 -43
right_child=1 25 3 -5 9 6 7 8 -10 10 11 -13 18 -15 -16 17 -18 -19 -20 21 -22 22 -24 -25 -26 -27 29 -29 -30 -31 -32 -33 33 34 -36 -37 -38 43 39 40 -42 45 -44 44 -46 -47
leaf_value=0.0018168053763528821 0.012638855950796647 0.17334804914408922 -0.14024438190856262 -0.18919030997182387 -0.065548864839777343 -0.19362535943725223 -0.077821770653223418 -0.025757664101513953 0.055795145992081907 0.05756746795478325 -0.048300217304697059 -0.13068831349040491 0.013708135429449481 0.12823725005420478 -0.074197111641720104 0.022007546409631113 0.035032358364200072 -0.15622198643402049 -0.098256197083138291 -0.15059183828952985 0.00023334004524135096 0.023742135608382484 -0.022102383214338217 0.011110581879424711 0.023141957332517598 0.0093655580320702297 0.015603008042991457 -0.17665461241208813 -0.073739453049186263 -0.018892782493278706 0.19002450783930719 -0.020059392070154933 -0.19459999723560883 0.014605161817080313 -0.10633398189124307 -0.15133827546411438 -0.049866242102769541 -0.018340321083024733 0.023332985423993514 0.065029455422896607 -0.056290002117004891 0.088706232236714616 -0.15654235341629308 0.014123689884325462 -0.16412185828648151 -0.073687130824445446
leaf_weight=80687 4148 25 114 29 225 74 224 442 287 485 213 59 221 37 505 56 255 114 105 39 97 581 4946 2059 861 6436 101 70 137 695 40 948 33 1838 95 38 772 1551 190 91 266 376 38 67 105 36
leaf_count=80687 4148 25 114 29 225 74 224 442 287 485 213 59 221 37 505 56 255 114 105 39 97 581 4946 2059 861 6436 101 70 137 695 40 948 33 1838 95 38 772 1551 190 91 266 376 38 67 105 36
internal_value=-5.0243e-11 -0.00357574 -0.00737282 -0.0132742 -0.012849 -0.0171627 -0.0386916 -0.0134352 0.00634886 0.00529264 0.0184468 0.0017005 -0.0652875 -0.0256876 -0.0894608 -0.0344494 -0.0121151 -0.0975111 -0.022354 -0.0120579 -0.0756646 -0.0102978 -0.0172832 0.00810467 0.00897326 0.00508911 -0.0206817 -0.0781656 -0.0356087 -0.00472919 0.0650843 0.00655606 0.00102182 -0.0106494 0.00557671 0.0112438 -0.0197222 -0.0112692 0.0133089 0.0201906 -0.0253654 0.0456023 -0.00664624 -0.0259619 -0.094689 0.0745165
internal_weight=110811 24628 17124 12028 11999 9694 1858 953 729 2305 1618 1133 905 687 579 650 480 170 326 7836 211 7625 5527 2098 1074 7504 1068 232 162 836 141 5096 86183 5496 1971 1876 3525 2753 1030 997 357 640 228 1723 172 412
internal_count=110811 24628 17124 12028 11999 9694 1858 953 729 2305 1618 1133 905 687 579 650 480 170 326 7836 211 7625 5527 2098 1074 7504 1068 232 162 836 141 5096 86183 5496 1971 1876 3525 2753 1030 997 357 640 228 1723 172 412
is_linear=0
shrinkage=0.0998


Tree=184
num_leaves=47
num_cat=0
split_feature=36 100 68 28 0 95 37 66 21 47 36 70 99 41 5 45 67 19 11 20 44 22 82 31 14 13 48 74 51 39 97 60 81 90 45 50 79 56 43 11 68 30 23 42 96 48
split_gain=39.9261 98.6475 99.1317 93.4381 100.725 177.85 109.327 108.136 107.954 128.637 174.2 104.218 98.3981 96.0801 94.4647 92.5449 88.5725 89.03 88.3657 129.353 124.629 97.0286 104.704 95.4528 89.1764 93.3394 86.1465 84.6871 89.9804 115.974 139.779 171.03 152.15 114.966 110.461 136.939 113.405 107.46 124.879 122.611 116.203 106.087 95.1726 94.9194 133.301 94.7225
threshold=0.0054964216045182007 -0.98494999999999988 -0.0015063416434245999 -0.055681929654777189 0.16855573530186854 -0.060828041679714041 0.0024196904976147506 0.024407032069905351 -0.027173662711741046 -0.018623357415683394 0.029500153866900004 -0.036924384837666795 0.029797904379696653 0.020607999873004355 -0.043328331036569093 0.019148727338295802 -0.0044207949099028488 -0.031938095712265795 -0.11004754385454064 0.097212757620579363 0.014845757119162003 -0.10989410633483103 -0.013480699959623548 -0.011581253490850948 0.088657049484344164 -0.11851030176076653 0.025164259258457954 -0.0044323121699133992 -0.0085210483731948984 0.014755722673168001 0.017841268366188105 -0.028838935573751497 0.045485807205914809 -0.065319697383936434 0.015007049147565803 0.011299723175433202 -0.062788231832767341 -0.0019402812647662498 0.034671404887249908 0.034479150597148955 -0.0018045947997163499 -0.0022730712696108495 0.0097768024029619028 0.004784868589863601 0.00087027419352765005 -0.010045228629551149
decision_type=2 2 2 2 2 2 2 2 2 2 2 2 2 2 2 2 2 2 2 2 2 2 2 2 2 2 2 2 2 2 2 2 2 2 2 2 2 2 2 2 2 2 2 2 2 2
left_child=18 2 -2 4 5 6 -3 8 9 14 -11 13 -13 -10 -7 -4 -9 -18 19 20 -1 22 -20 -22 25 -25 -21 -5 33 37 34 45 -33 -29 36 -36 -31 38 39 -30 -39 -42 43 -35 -45 -32
right_child=1 3 15 27 -6 7 -8 16 11 10 -12 12 -14 -15 -16 -17 17 -19 21 26 23 -23 -24 24 -26 -27 -28 28 29 30 31 32 -34 42 35 -37 -38 40 -40 -41 41 -43 -44 44 -46 -47
leaf_value=-0.010496295933489226 -0.13024724755285838 -0.25224767506756568 0.083290202786112197 0.0088140752712096634 9.8491656058185198e-05 -0.14989178015172483 0.0068696731247331784 -0.1177702832573319 -0.19249634541181884 -0.22345396028743922 -0.030900774709470228 0.0013437119412702606 0.089629578833792301 0.017425760516371482 0.047466028022952376 -0.12279918340996784 0.099617272299819676 -0.06070327081076398 0.098385144626575924 0.0043420925060114945 -0.028451816167985908 -0.0014545836639203438 0.0093114506312698374 0.070764815734262049 0.074411523575305935 -0.13882612592896482 0.14582203308085898 0.068188193855565044 0.03153917964248365 0.13549513495875379 -0.060380488188965249 -0.074026777069712918 0.073485721385439226 0.0091624319583408255 -0.010309149164007251 -0.085363619681956007 0.0017610852894332848 0.0063749070508924768 -0.018021127283106637 -0.012590067545721319 -0.044611935132455108 -0.0046571448377443724 0.018203816698425444 -0.038015185943400136 0.0061887885301682962 0.067564430588121685
leaf_weight=987 112 55 60 19536 3541 30 23 190 49 82 109 906 146 39 124 34 46 138 198 119 313 58617 391 23 25 265 67 300 2720 65 85 975 75 3279 835 341 2225 2644 1037 815 1233 1429 3631 1368 1350 179
leaf_count=987 112 55 60 19536 3541 30 23 190 49 82 109 906 146 39 124 34 46 138 198 119 313 58617 391 23 25 265 67 300 2720 65 85 975 75 3279 835 341 2225 2644 1037 815 1233 1429 3631 1368 1350 179
internal_value=-3.12698e-11 0.00209657 -0.0668226 0.00238281 -0.00991049 -0.0282077 -0.175841 -0.0220133 -0.00993385 -0.0588475 -0.113568 0.00486895 0.0135963 -0.0994627 0.0090197 0.00874723 -0.069976 -0.0206231 -0.00171169 -0.0235017 -0.0325892 -0.00104959 0.0392547 -0.0674225 -0.106393 -0.122088 0.0553053 0.00390909 1.15973e-05 -0.00495723 -0.0177185 -0.0454361 -0.0634902 0.00734773 -0.00721048 -0.0320724 0.00555703 0.001218 0.0124317 0.0213651 -0.00844446 -0.0231636 0.00545199 -0.00226885 -0.0160596 0.02637
internal_weight=110811 49806 206 49600 5478 1937 78 1859 1485 345 191 1140 1052 88 154 94 374 184 61005 1799 1613 59206 589 626 313 288 186 44122 24586 14658 4780 1314 1050 9928 3466 1176 2290 9878 4572 3535 5306 2662 9628 5997 2718 264
internal_count=110811 49806 206 49600 5478 1937 78 1859 1485 345 191 1140 1052 88 154 94 374 184 61005 1799 1613 59206 589 626 313 288 186 44122 24586 14658 4780 1314 1050 9928 3466 1176 2290 9878 4572 3535 5306 2662 9628 5997 2718 264
is_linear=0
shrinkage=0.0998


Tree=185
num_leaves=47
num_cat=0
split_feature=17 53 75 25 83 48 33 91 66 7 62 21 41 67 19 6 49 49 86 88 37 94 46 4 70 51 6 48 73 13 61 74 10 46 43 82 54 16 27 86 4 0 53 85 93 45
split_gain=40.2088 81.9844 77.2427 64.6975 61.0428 76.5877 72.2454 72.0185 68.0682 71.9036 78.3036 65.2042 82.1782 72.2626 75.3142 66.8514 93.4407 65.7159 60.6484 59.1276 55.4265 68.2341 83.2006 54.9031 64.761 99.051 61.9097 56.8086 72.5821 80.6991 54.7992 58.8157 53.3734 52.0963 49.3313 55.2077 49.1589 48.9958 123.062 110.603 109.412 101.772 88.9554 135.636 130.298 151.693
threshold=0.11026416155031836 0.044868204048833606 -0.032820488874843588 -0.098091981782831641 -0.0038198777077240497 0.082712740643043917 -0.043694896057167538 0.022280256126973905 -0.022521078594289198 0.046811610602709608 0.063218189580460465 0.073704580840560571 -0.070317420541871192 -0.0069958799848783993 -0.035352069772803689 0.0090606878325456015 0.0040281184013538007 0.034654006628609353 -0.068014696743662839 0.025453778286283903 0.008495826730874052 -0.015754176779113099 -0.030280670617332396 -0.095058355358115035 -0.038251024258037496 -0.0067964449470129485 0.0244186977510269 0.054490389617338306 0.0030005496758496505 0.017457772606156902 0.016677642828584555 0.028698855508539501 0.055410233911415106 0.012684226726201252 0.020052681967739953 0.032743674241082509 0.014723101905004352 0.065712280116106067 -0.030516104079245949 -0.042659614160166247 -0.095058355358115035 0.079931287004021259 0.020136941136833401 0.024848455539455354 -0.024116160682539148 -0.0034232888015120495
decision_type=2 2 2 2 2 2 2 2 2 2 2 2 2 2 2 2 2 2 2 2 2 2 2 2 2 2 2 2 2 2 2 2 2 2 2 2 2 2 2 2 2 2 2 2 2 2
left_child=37 2 23 -3 5 8 19 -7 9 10 -4 12 -8 14 -13 16 -14 -17 -5 -6 -10 33 -23 -2 25 -25 27 28 29 -26 31 32 -20 -22 -32 -36 -33 -1 39 -39 -40 -41 -42 -44 -45 -46
right_child=1 3 4 18 6 7 11 -9 20 -11 -12 13 15 -15 -16 17 -18 -19 30 -21 21 22 -24 24 26 -27 -28 -29 -30 -31 34 36 -34 -35 35 -37 -38 38 40 41 42 -43 43 44 45 -47
leaf_value=0.00029749597571691514 -0.1700726107036695 -0.087319788725937111 -0.0087825156470626581 -0.10007077869375547 0.064403544226020043 -0.01246232271355459 0.063650163273457183 -0.21838080542598454 0.070972939194528406 0.13113541137484774 -0.19380964326732433 -0.25939392515168047 -0.098041668889211842 -0.011564304739822883 -0.053307541134737825 0.03038458666810737 0.0034427303544687237 -0.066900026253136721 0.069331405245003128 -0.083249975475380503 0.033858225155661885 0.089020007754271394 -0.050274374424396244 0.043616172066872773 -0.0097429050835765273 -0.22517279726639389 0.042303844586593642 -0.13642588470130135 0.060605522106734797 -0.21493069053292274 0.14453212018621783 0.039984616067228113 -0.0933492512031035 0.18631804253932308 0.09373567868998417 -0.10137455657541751 -0.16218605340516568 0.037176371507921906 0.030833424037812605 -0.26069334777563807 0.0020184696027958338 -0.034336811685559139 -0.009795189978646604 0.021448431883003598 -0.18616107454664763 -0.042517671611885993
leaf_weight=98534 28 34 184 24 210 87 146 21 485 31 26 33 188 82 38 323 174 88 231 31 65 58 162 22 60 36 139 50 71 28 117 23 22 34 52 20 25 226 931 20 4090 1828 1339 101 138 156
leaf_count=98534 28 34 184 24 210 87 146 21 485 31 26 33 188 82 38 323 174 88 231 31 65 58 162 22 60 36 139 50 71 28 117 23 22 34 52 20 25 226 931 20 4090 1828 1339 101 138 156
internal_value=3.08888e-11 0.0106082 0.00391859 0.0460097 0.0107515 0.0275075 -0.00396254 -0.052502 0.0357764 -0.0107462 -0.0316906 -0.0150623 -0.00501943 -0.0753854 -0.149094 -0.0179894 -0.0492619 0.00955479 0.0548292 0.0454108 0.0497216 0.0174116 -0.0135513 -0.0349065 -0.0255846 -0.123218 -0.00931236 -0.0436408 -0.0144632 -0.0750299 0.0624161 0.0359697 0.0551853 0.0862182 0.104535 0.0395384 -0.0653126 -0.000340687 -0.00746298 -0.028727 -0.00093427 -0.0367866 -0.00601252 -0.0249553 -0.0763461 -0.109942
internal_weight=110811 3448 2900 548 2466 1153 1313 108 1045 241 210 1072 919 153 71 773 362 411 514 241 804 319 220 434 406 58 348 209 159 88 490 301 253 99 189 72 48 107363 8829 2074 6755 1848 5824 1734 395 294
internal_count=110811 3448 2900 548 2466 1153 1313 108 1045 241 210 1072 919 153 71 773 362 411 514 241 804 319 220 434 406 58 348 209 159 88 490 301 253 99 189 72 48 107363 8829 2074 6755 1848 5824 1734 395 294
is_linear=0
shrinkage=0.0998


Tree=186
num_leaves=47
num_cat=0
split_feature=9 0 41 22 46 92 64 33 48 0 18 53 72 90 43 62 30 78 49 10 97 96 57 74 34 65 96 53 51 57 88 66 11 68 40 7 15 78 55 84 7 31 38 70 90 7
split_gain=38.2913 106.702 140.796 143.305 162.603 174.725 156.864 156.397 140.866 136.864 126.622 144.975 136.152 127.151 119.806 113.009 137.471 112.079 110.168 105.88 121.661 103.941 107.297 103.561 146.239 115.886 100.724 99.8769 148.727 129.47 98.935 98.7523 97.776 114.173 95.4774 94.2591 106.357 94.1418 91.5968 91.7922 90.1597 88.6448 102.839 100.488 99.1504 87.0934
threshold=0.0032962987332410005 0.21302536036341352 0.038332224659594905 -0.060630990391028594 -0.016301693995318448 -0.021016370885347597 0.021644585523760754 -0.083952524979171592 -0.015663097424579248 0.13208159450316759 -0.0098005068085588991 -0.041805301930192093 0.0079546719118545519 -0.0039414886290676495 0.020997579899619801 0.015215558610022552 0.059896750614750659 -0.029767348580490394 -0.04228811109570934 -0.081349174544859834 0.027098170544849951 -0.0027365635939700498 0.033808928943904158 0.018414202167247002 0.043133566928979308 -0.021066911378414644 0.028495869573489603 0.0088098554373599019 -0.0098505643255006482 -0.044435962426046187 0.025453778286283903 -0.027672858977787096 0.015314151779415251 -0.0058061989412128492 0.034391497781227007 -0.078970114533016084 -0.047908780707242839 -0.10068251429073223 0.031330036965278307 0.0036580484726457005 -0.084540219301190586 -0.078205024427311282 -0.043756671064606741 -0.081325688168642635 0.022336023200243502 -0.059727494449313641
decision_type=2 2 2 2 2 2 2 2 2 2 2 2 2 2 2 2 2 2 2 2 2 2 2 2 2 2 2 2 2 2 2 2 2 2 2 2 2 2 2 2 2 2 2 2 2 2
left_child=41 2 3 21 5 10 19 -7 14 27 35 12 -12 -13 -4 18 -17 -16 -9 31 37 22 -2 24 -10 -26 34 29 -29 -8 -22 -6 -19 -34 40 -5 -37 -21 39 -23 -25 42 44 -44 -1 -33
right_child=1 -3 8 4 6 7 9 15 23 -11 11 13 -14 -15 17 16 -18 32 -20 20 30 38 -24 26 25 -27 -28 28 -30 -31 -32 45 33 -35 -36 36 -38 -39 -40 -41 -42 -43 43 -45 -46 -47
leaf_value=0.031539907008343041 0.064816920001458014 0.0040330613991195301 -0.024988544964568083 0.080517044928732018 -0.16707293575764715 -0.11597243097217796 -0.20836028728678418 -0.039896293785228312 -0.0045921913873910496 -0.0063717736005808601 0.096495626930100845 -0.12150006074360863 -0.094178205474942434 -0.047136701883395096 0.0091019117857390475 -0.022194998293237383 -0.16228904549728518 -0.13582065075510913 0.0093050152864664303 -0.18164999603068827 -0.0033750536819477928 0.052213728475657445 -0.048291801986392387 0.1069834686133312 0.23297934268858622 0.045040991254514599 -0.11704747461959282 -0.014265232732825714 -0.15247354979494368 -0.016021513359609062 -0.057527076500716097 -0.22479111443482341 0.045068283238497715 -0.12460488888502498 0.032344645142977461 -0.14759383108946494 -0.011120577288068714 0.012257062740242932 -0.055404916562237928 -0.01635487160440291 -0.068636807597500071 0.0023217934206356894 0.17200378024031721 -0.033657267732913068 -0.045495937486426698 -0.008295160760354971
leaf_weight=639 692 17204 890 96 59 133 37 523 1343 2854 96 424 61 498 107 1574 73 318 3400 25 1477 395 95 32 44 127 136 132 188 602 435 20 79 79 208 64 511 10007 213 383 323 62033 24 1685 225 248
leaf_count=639 692 17204 890 96 59 133 37 523 1343 2854 96 424 61 498 107 1574 73 318 3400 25 1477 395 95 32 44 127 136 132 188 602 435 20 79 79 208 64 511 10007 213 383 323 62033 24 1685 225 248
internal_value=1.52443e-11 -0.00219372 -0.00588758 -0.00323414 -0.00529792 -0.0174836 0.000348685 -0.00901895 -0.024111 -0.0173321 -0.0450688 -0.0662385 0.0224122 -0.0813342 -0.0480246 -0.00646512 -0.0284044 -0.0831912 0.00274568 0.00584269 0.00737659 0.024086 0.0511634 -0.00819386 0.00647555 0.0933994 -0.0399671 -0.0499503 -0.0954626 -0.0271585 -0.0156952 -0.0501845 -0.103938 -0.0397683 -0.0213473 -0.0110268 -0.0263106 0.0117738 0.0025825 0.0184582 -0.0528062 0.00156891 -0.0165826 -0.0307691 0.0114785 -0.0244516
internal_weight=110811 46205 29001 25315 23537 7453 16084 5703 3686 3813 1750 1079 157 922 1473 5570 1647 583 3923 12271 11944 1778 787 2213 1514 171 699 959 320 639 1912 327 476 158 563 671 575 10032 991 778 355 64606 2573 1709 864 268
internal_count=110811 46205 29001 25315 23537 7453 16084 5703 3686 3813 1750 1079 157 922 1473 5570 1647 583 3923 12271 11944 1778 787 2213 1514 171 699 959 320 639 1912 327 476 158 563 671 575 10032 991 778 355 64606 2573 1709 864 268
is_linear=0
shrinkage=0.0998


Tree=187
num_leaves=47
num_cat=0
split_feature=42 3 1 8 68 35 72 91 32 7 81 81 84 62 29 52 60 12 99 92 95 91 87 59 10 20 40 58 73 45 21 31 30 24 80 49 1 1 94 58 28 61 63 92 26 49
split_gain=38.3491 78.7073 64.5186 72.8502 80.91 87.0111 60.839 57.4677 68.944 68.8248 67.3971 69.4945 65.0415 65.3895 62.8223 74.5115 60.7834 66.7982 59.5562 56.8643 85.8989 79.8219 74.1371 61.6849 59.815 58.1299 55.7556 63.4978 110.453 102.748 76.4967 73.2955 78.4373 91.8104 71.2181 70.1345 71.0235 66.1275 66.9604 87.0197 64.4898 62.8577 60.145 110.482 59.3898 58.6427
threshold=-0.092963536600902744 0.017121266251011406 -0.014339463034966648 -0.085690092122657283 0.0018100320324991002 -0.028247907123545895 -0.029388354940601446 0.0053617271240428508 -0.0034430896844592994 0.11168854488009611 0.039927238910536407 -0.012972623879249899 0.023501226852374105 0.049619628357915758 0.016642048976966455 0.0061648269808528512 -0.049238197690585392 0.050435622474738658 0.028228765496569403 0.0023221818111492007 1.0000000180025095e-35 0.025402785975373904 0.044124294142839506 -0.012607734538432497 -0.0044888724123754989 0.06229494153152261 -0.086144691630274675 0.0048745149346183505 0.019421383012575903 -0.018004057640547497 -0.066164460506163439 -0.032901329402505841 0.021946266854229204 -0.011851749162440698 0.029399021576866451 0.013223920285421001 -0.10568841082074489 0.15556962042993769 0.019019973904186055 0.015610013071322652 0.033796842637072305 -0.05759682480929789 -0.020484728318202899 -0.023754331129365647 0.025322171211599052 -0.0025285152082297497
decision_type=2 2 2 2 2 2 2 2 2 2 2 2 2 2 2 2 2 2 2 2 2 2 2 2 2 2 2 2 2 2 2 2 2 2 2 2 2 2 2 2 2 2 2 2 2 2
left_child=1 2 7 -4 5 -5 -6 8 10 12 11 18 13 -10 16 -16 -9 -18 -1 22 21 23 25 24 -21 -3 27 29 31 30 -2 35 -33 -34 42 36 -29 38 39 -30 45 -32 -31 -44 -36 -40
right_child=26 19 3 4 6 -7 -8 14 9 -11 -12 -13 -14 -15 15 -17 17 -19 -20 20 -22 -23 -24 -25 -26 -27 -28 28 37 34 41 32 33 -35 44 -37 -38 -39 40 -41 -42 -43 43 -45 -46 -47
leaf_value=0.031935834000503288 0.1930516908535268 0.03935205660506453 0.091682304221054292 -0.20960557253184642 0.17050783494966371 -0.028423181146428441 -0.014345171434478018 -0.057346250103839813 -0.0099333576370335998 -0.16004510460009178 -0.1065404146095308 0.094515923365295601 0.085387959676168176 -0.19999390184640886 0.060548966693208174 -0.11296141550017473 0.13320051137884406 0.043224110623803123 -0.15310066181790261 -0.27162748821228744 0.0086645410629999798 -0.27218997052555738 -0.12511812761709901 -0.021628732132927122 -0.046403350925445556 -0.061116033561592516 3.9627611888679291e-05 -0.14161675940968774 -0.17581899368951195 0.0040410038229553771 -0.1794132264998555 0.075813719879266703 0.062069156261816832 -0.10344278486664332 -0.23257658023983241 -0.10124260622036457 0.056094341022520346 0.05042059676587337 -0.089117557014822962 -0.010379869517264398 -0.0065268166215646829 0.0024849059940729042 -0.19673031716662148 -0.047111899045479542 -0.027024195897259882 -0.31642549991332569
leaf_weight=99 20 340 53 44 21 66 114 28 183 30 26 213 66 20 67 39 197 141 21 24 153 22 37 95 23 69 106700 22 38 139 20 306 71 63 42 75 102 61 20 190 21 351 60 272 21 26
leaf_count=99 20 340 53 44 21 66 114 28 183 30 26 213 66 20 67 39 197 141 21 24 153 22 37 95 23 69 106700 22 38 139 20 306 71 63 42 75 102 61 20 190 21 351 60 272 21 26
internal_value=-8.19044e-12 0.0130722 0.0268988 -0.0144097 -0.0373602 -0.100896 0.0144097 0.0377926 0.0187309 -0.016667 0.0482127 0.0602956 -0.000676867 -0.0286585 0.0643659 -0.00328976 0.0839601 0.095666 -0.000445553 -0.012805 -0.0451217 -0.0953003 0.0101644 -0.0678948 -0.161411 0.0224027 -0.000263683 -0.0171196 0.000379652 -0.035943 0.00292832 0.0251985 0.0479296 -0.0157462 -0.064405 -0.025061 0.0210166 -0.0441689 -0.063728 -0.0379531 -0.15144 -0.00732092 -0.0510755 -0.0741514 -0.164059 -0.217596
internal_weight=110811 2191 1428 298 245 110 135 1130 658 299 359 333 269 203 472 106 366 338 120 763 317 164 446 142 47 409 108620 1920 995 925 391 639 440 134 534 199 124 356 295 228 67 371 471 332 63 46
internal_count=110811 2191 1428 298 245 110 135 1130 658 299 359 333 269 203 472 106 366 338 120 763 317 164 446 142 47 409 108620 1920 995 925 391 639 440 134 534 199 124 356 295 228 67 371 471 332 63 46
is_linear=0
shrinkage=0.0998


Tree=188
num_leaves=47
num_cat=0
split_feature=7 1 1 19 99 97 74 85 39 53 28 62 66 23 1 33 87 14 0 89 94 22 59 84 38 97 46 74 85 14 17 27 34 2 28 90 44 58 86 51 2 29 87 13 93 48
split_gain=39.1207 112.732 151.21 121.992 134.592 110.789 105.361 100.668 97.8612 95.2299 100.149 94.7089 96.4214 94.5075 93.7168 126.297 145.567 130.024 148.678 93.2494 115.026 100.06 93.2364 92.727 89.9366 105.465 103.912 101.141 115.72 104.253 119.923 87.1369 106.497 98.2338 137.333 86.926 98.0802 86.5992 85.4167 84.6385 89.659 115.494 94.3668 84.0047 98.1053 94.3782
threshold=-0.045065122558056593 0.067498221690603308 -0.031543230271249841 -0.046786754522366393 -0.029023562500930095 0.021249395355356405 0.014961835421924252 0.038408131104047304 0.064515743610479515 -0.061893011850625991 -0.0018786184531011999 0.087686299327365963 -0.0063064509534654992 -0.098438052020862282 -0.06855066784985929 -0.043694896057167538 -0.05307010555021139 -0.029716189775595498 0.22273229839247802 -0.0087040498743697989 -0.049425715824532743 0.032865081824452559 0.00091324672140000011 0.032944146475436954 -0.05854361217106039 0.025171820789891552 -0.024049484774759395 0.0053646282216651504 0.0011675488664166503 -0.050054944247457288 -0.012210678932005099 0.012188509235846553 -0.015533697677352049 -0.0010846783949497497 0.033796842637072305 0.011949173948023802 0.0014390321656121503 0.037345663915755958 -0.0057779436376859993 0.048328203748911204 -0.031119888445089047 -0.088229357976433345 0.0045902365577177506 0.005265795666593201 0.0017946030327724502 0.043484717973441306
decision_type=2 2 2 2 2 2 2 2 2 2 2 2 2 2 2 2 2 2 2 2 2 2 2 2 2 2 2 2 2 2 2 2 2 2 2 2 2 2 2 2 2 2 2 2 2 2
left_child=1 2 8 4 6 7 -3 9 19 10 -5 -11 -13 -6 15 -10 -17 18 -18 20 22 -22 23 -1 26 31 -4 -27 29 -29 -31 32 -26 -34 -35 36 -23 -37 -7 -21 -41 -42 -43 45 -45 -15
right_child=-2 3 24 5 13 38 -8 -9 14 11 -12 12 -14 43 -16 16 17 -19 -20 39 21 35 -24 -25 25 27 -28 28 -30 30 -32 -33 33 34 -36 37 -38 -39 -40 40 41 42 -44 44 -46 -47
leaf_value=0.033208822282413383 -0.00094255143880127984 0.083320021612443132 -0.1483674838973737 -0.17165175802038268 0.079327774376002219 0.058378767482391403 -0.039651837596403061 -0.047774947383528985 0.012984570243773731 0.0058185924125884834 -0.0090815420216218464 -0.28315529932768452 0.0058251125631125075 -0.04985903315840598 0.019260698412311875 -0.31836428615086609 -0.24648230507264676 -0.019360722203790603 -0.011333202632481968 0.014732181689687606 0.0067419273990752338 -0.01551316509587458 -0.16442984864768789 -0.18800805522227287 0.011605523337791909 0.028024568121661562 0.0020055324646378889 0.092242094150050122 0.0072825653435974504 -0.24564522498030156 -0.056642697223215487 0.015489040762746811 0.043304763977150017 0.12373943012969664 -0.0051327727677146859 0.022753102225541541 -0.084109911377828667 -0.12456157349543805 0.0026690477400345605 0.019554765271093944 -0.29142043050303529 0.0046106384122797418 -0.10576005480204696 -0.03833169245762285 -0.14505040010086839 0.054170793275535103
leaf_weight=77 88461 156 60 65 55 492 125 557 157 2557 90 23 23 661 220 27 71 166 43 6562 2872 473 81 25 558 393 193 22 185 61 74 1326 907 411 103 411 370 44 619 257 20 175 138 160 185 100
leaf_count=77 88461 156 60 65 55 492 125 557 157 2557 90 23 23 661 220 27 71 166 43 6562 2872 473 81 25 558 393 193 22 185 61 74 1326 907 411 103 411 370 44 619 257 20 175 138 160 185 100
internal_value=-6.24028e-12 0.00373061 0.00795978 -0.00814826 -0.0333583 6.52264e-05 0.0286172 -0.00907566 0.00228679 -0.00126003 -0.0772561 0.00326529 -0.138665 -0.0483584 -0.0343879 -0.0598248 -0.0970596 -0.0757195 -0.157786 0.00446719 -0.00704955 -0.00365102 -0.0844915 -0.021011 0.0240669 0.0276818 -0.0336561 -0.00651111 -0.0461968 -0.109214 -0.142044 0.0352859 0.0485505 0.0630582 0.0979148 -0.0266468 -0.0456209 0.00850729 0.0273398 0.0114768 -0.0247303 -0.0589082 -0.0440512 -0.0547081 -0.0955577 -0.0361889
internal_weight=110811 22350 16482 5868 1442 4426 281 3315 12189 2758 155 2603 46 1161 684 464 307 280 114 11505 4353 4170 183 102 4293 4040 253 735 342 157 135 3305 1979 1421 514 1298 843 455 1111 7152 590 333 313 1106 345 761
internal_count=110811 22350 16482 5868 1442 4426 281 3315 12189 2758 155 2603 46 1161 684 464 307 280 114 11505 4353 4170 183 102 4293 4040 253 735 342 157 135 3305 1979 1421 514 1298 843 455 1111 7152 590 333 313 1106 345 761
is_linear=0
shrinkage=0.0998


Tree=189
num_leaves=47
num_cat=0
split_feature=92 90 60 72 3 85 2 92 11 77 55 59 90 68 62 75 48 63 50 91 31 61 94 39 84 36 53 59 52 75 18 36 4 89 26 59 7 95 90 80 65 62 4 88 74 57
split_gain=38.7333 121.089 92.1617 105.135 103.957 96.5386 95.2173 90.7024 120.004 130.563 112.804 133.36 110.245 122.484 131.399 99.7468 123.378 99.4641 89.2325 88.861 102.488 87.7026 87.4593 86.7 82.091 96.4499 81.577 130.485 98.959 139.75 104.069 122.559 171.634 100.042 98.69 122.555 128.033 121.235 146.654 144.357 149.265 137.544 126.243 111.879 106.123 94.6398
threshold=0.031742138686571657 0.0031989410200545004 -0.013027888828851747 0.022419888129481102 0.12302585330801862 -0.0020376015160013497 0.047984904566050861 0.020764823330040903 0.040123507386760508 0.049264015065923004 0.0094606221198824027 -0.065724157538627287 0.058218769297562707 -0.028922918696650396 -0.022641833639258847 -0.067968308547409942 0.035560424797935905 0.0019514118991787001 -0.072963210506358581 0.047368516960753553 -0.062808025739782239 0.076838489079294817 0.049157701521831208 0.011198419487099652 -0.004175490542286199 0.07384076635660701 0.033818326655915207 -0.039643122974352893 -0.0050690849148979497 0.097936404914574116 -0.015621482879603349 -0.046548412076840746 -0.0051728319707592492 0.013966351701751851 -0.0010822605466523497 -0.0099963067975990978 0.14177564617113228 0.010069416894079102 -0.040825003097443739 -0.0018227881406400997 -0.062329043162795243 -0.010333430490819999 0.0094534533640336007 -0.014072955668151848 -0.053356983953632191 0.038735803374606755
decision_type=2 2 2 2 2 2 2 2 2 2 2 2 2 2 2 2 2 2 2 2 2 2 2 2 2 2 2 2 2 2 2 2 2 2 2 2 2 2 2 2 2 2 2 2 2 2
left_child=7 -2 5 -4 18 21 -7 26 9 10 11 17 13 23 -15 16 -10 -9 -5 20 -14 24 -8 -13 25 -3 34 -28 29 45 -30 -32 -33 -34 35 -1 37 39 43 40 -37 -41 -40 -39 -38 -29
right_child=1 2 3 4 -6 6 22 8 15 -11 -12 12 19 14 -16 -17 -18 -19 -20 -21 -22 -23 -24 -25 -26 -27 27 28 30 -31 31 32 33 -35 -36 36 44 38 42 41 -42 -43 -44 -45 -46 -47
leaf_value=0.0055408638291570417 0.012239048168053749 -0.050670904103666543 -0.0053697838500006432 0.11180261164793745 -0.18611601349743914 0.013772519032955462 0.09067644905029397 0.16363354123830795 -0.018746716715361586 0.033873515290733222 -0.0022574597131820684 0.038017991371086531 -0.34467285550534726 -0.0024266471485870525 -0.045907150897971344 0.01424739352623812 -0.31769651325620707 -0.0069719618242669416 -0.04030322012525437 0.062410898248575354 -0.10357550018847041 -0.19132335986265769 -0.10368634101772309 -0.036596048530468273 0.013591173900763956 0.13422124526103338 0.019164224074001278 -0.013344575987277124 0.013562633372112005 -0.19930049608918124 0.027786558355108806 -0.00062917603068989459 -0.062231558827292512 -0.0067794311418853722 0.0051371397114603123 -0.060383225184220637 -0.24641380292484838 -0.025263794986492963 -0.035257016827685478 0.0072728743755690016 0.013963349296657638 -0.020739954950927363 -0.0043688136499989236 0.054551760451046663 -0.051559601081300852 -0.050659824051496494
leaf_weight=12148 9030 444 3738 40 47 1083 297 61 44 497 2586 432 20 923 2769 2170 20 77 969 27 144 26 25 242 788 30 1717 4731 2601 43 660 2110 1029 473 37860 282 31 283 3378 2801 5819 4634 2161 458 273 790
leaf_count=12148 9030 444 3738 40 47 1083 297 61 44 497 2586 432 20 923 2769 2170 20 77 969 27 144 26 25 242 788 30 1717 4731 2601 43 660 2110 1029 473 37860 282 31 283 3378 2801 5819 4634 2161 458 273 790
internal_value=2.02217e-12 0.00445818 -0.00492625 -0.0132252 -0.0410314 0.00984723 0.0279391 -0.000780917 -0.00976151 -0.0156172 -0.0189954 -0.0282146 -0.0311416 -0.0278949 -0.035037 0.0106258 -0.112169 0.0684406 -0.0342733 -0.105357 -0.132978 -0.00988805 0.0755862 0.0112278 -0.00615008 -0.0389689 0.000285902 -0.00662529 -0.0101857 -0.0200799 -0.0021759 -0.0117583 -0.0189841 -0.0447689 0.0016808 -0.00237453 -0.00715366 -0.0061676 -0.0176281 -0.000850544 0.0105269 -0.0101866 -0.0232062 0.0240689 -0.0714296 -0.018684
internal_weight=110811 16517 7487 4794 1056 2693 1405 94294 10012 7778 7281 4695 4557 4366 3692 2234 64 138 1009 191 164 1288 322 674 1262 474 84282 14154 12437 5564 6873 4272 3612 1502 70128 32268 20120 19816 6280 13536 6101 7435 5539 741 304 5521
internal_count=110811 16517 7487 4794 1056 2693 1405 94294 10012 7778 7281 4695 4557 4366 3692 2234 64 138 1009 191 164 1288 322 674 1262 474 84282 14154 12437 5564 6873 4272 3612 1502 70128 32268 20120 19816 6280 13536 6101 7435 5539 741 304 5521
is_linear=0
shrinkage=0.0998


Tree=190
num_leaves=47
num_cat=0
split_feature=38 96 46 1 48 11 41 69 83 5 88 73 7 95 20 62 28 32 5 39 66 71 42 26 34 47 3 88 59 66 47 45 67 78 12 28 23 40 48 62 100 34 29 64 84 81
split_gain=39.9252 81.7606 95.4269 91.5725 92.9359 90.8617 89.6514 91.6354 129.261 86.8177 86.6586 121.914 94.7498 87.8009 84.1238 83.3338 92.4834 82.2965 102.07 124.418 87.6438 87.312 85.0957 103.924 81.5337 95.895 81.4091 81.2484 80.6188 90.0964 79.8446 79.8337 77.4963 82.7892 76.642 88.1531 109.104 84.8726 111.904 82.0048 72.0646 71.0096 70.3076 69.5678 94.3631 111.986
threshold=0.012804055312711901 -0.020450028136503293 -0.033624302047972197 0.027897564576369851 0.039231071878819503 -0.019223962180686647 -0.088531663290677229 -0.069618226843713896 -0.014743243574037 0.21947242103551204 0.021182052430138956 0.056421416619931962 0.12380481323308747 0.0075414403747785007 0.042243451051296461 0.032831025463036755 -0.037906486932539542 0.011327694688476301 0.0099621316270907031 -0.032065589697118098 0.013658994911421552 -0.062298686807235389 0.013015208963666201 0.020079745654150254 0.013316717912207102 0.0088468179761042511 0.0076024320992744508 0.0073267621809876508 0.062039638413585403 -0.055462999549592946 0.032261377846991457 -0.017188718119941698 -0.042847323693222299 -0.03526156757525719 0.052285656288061512 -0.024742706626761698 0.031690681176715162 -0.030277302920905046 0.053059790906600506 0.019194128420253004 -0.2967499999999999 -0.011033089873781349 -0.0030617277192053999 -0.013383357748475698 0.018324574614672854 -0.0024864278263938993
decision_type=2 2 2 2 2 2 2 2 2 2 2 2 2 2 2 2 2 2 2 2 2 2 2 2 2 2 2 2 2 2 2 2 2 2 2 2 2 2 2 2 2 2 2 2 2 2
left_child=-1 2 3 10 28 9 -7 8 27 17 12 13 15 14 -12 32 26 21 30 42 -21 40 31 -24 -10 -26 -17 -8 29 -5 -19 -23 -2 -34 35 36 -9 -36 -39 -37 -4 -32 -20 44 45 -3
right_child=1 43 5 4 -6 6 7 34 24 -11 11 -13 -14 -15 -16 16 -18 18 19 20 -22 22 23 -25 25 -27 -28 -29 -30 -31 41 -33 33 -35 37 39 -38 38 -40 -41 -42 -43 -44 -45 -46 -47
leaf_value=0.0013784963868789996 -0.050026778918303788 -0.0056797106752641243 0.23285169756790489 0.13249943117997476 -0.16421409785692509 0.12429269948112469 -0.3081991795049111 -0.032811480381125725 0.051128583185374735 0.20102860413065982 -0.045091043511615136 -0.28927721681177615 -0.17447857834200065 0.038081915076103208 -0.23076578583319982 -0.26972868305018971 -0.0013570375896946472 0.046276903678090855 0.13560642080478943 -0.11752426757512527 0.0031556478758165405 0.013865252135102299 0.031874082678166119 -0.06548753253271182 0.0061711344129509399 -0.28215275476455687 -0.034963726975456362 -0.055695508824610572 -0.1627351765090769 -0.036283664908384285 0.028724891839648287 0.074979039574980658 0.1221266724712725 0.026966061904095978 0.033191529053502249 0.0072812462846912991 0.040310943928673473 -0.032282896504201977 -0.19365561938774078 0.042270064607561518 0.033010009381547571 -0.12753534196812127 -0.05240958040538244 -0.0087382115112819916 -0.01330800542365481 0.020289977216117708
leaf_weight=72448 108 3085 41 35 65 60 30 851 75 28 128 20 27 103 30 28 170 444 52 172 92 345 335 162 27 20 31 22 44 315 60 556 106 646 177 2387 267 479 47 926 32 56 32 19173 2909 3565
leaf_count=72448 108 3085 41 35 65 60 30 851 75 28 128 20 27 103 30 28 170 444 52 172 92 345 335 162 27 20 31 22 44 315 60 556 106 646 177 2387 267 479 47 926 32 56 32 19173 2909 3565
internal_value=1.52105e-11 -0.00260327 0.00535454 -0.014978 -0.0536517 0.0102082 0.00298378 0.00161254 -0.0696153 0.0263198 -0.00227131 -0.0518069 0.0102014 -0.0336099 -0.0803457 0.0147802 -0.0387204 0.0242635 0.000637701 -0.0418087 -0.0754691 0.038847 0.0332909 0.000138506 -0.0134573 -0.11652 -0.146378 -0.201371 -0.0354117 -0.0194054 0.0270151 0.0515781 0.0290263 0.0403797 0.00402658 0.00888352 -0.0153484 -0.0265867 -0.0467021 0.0170608 0.14525 -0.0467111 0.0639813 -0.00527074 0.00168416 0.00824239
internal_weight=110811 38363 9631 1856 459 7775 5368 5308 174 2407 1397 281 1116 261 158 1089 229 2379 908 348 264 1471 1398 497 122 47 59 52 394 350 560 901 860 752 5134 4431 1118 703 526 3313 73 116 84 28732 9559 6650
internal_count=110811 38363 9631 1856 459 7775 5368 5308 174 2407 1397 281 1116 261 158 1089 229 2379 908 348 264 1471 1398 497 122 47 59 52 394 350 560 901 860 752 5134 4431 1118 703 526 3313 73 116 84 28732 9559 6650
is_linear=0
shrinkage=0.0998


Tree=191
num_leaves=47
num_cat=0
split_feature=77 89 93 53 73 74 51 61 53 18 17 67 99 99 23 45 79 69 74 12 62 10 28 62 54 73 28 33 68 76 39 54 24 60 89 20 100 61 92 14 41 4 8 9 29 95
split_gain=37.9207 97.3006 98.0174 105.628 109.755 112.883 102.547 95.7549 100.635 122.907 101.341 97.7077 95.6511 84.8621 148.225 139.195 100.15 100.01 136.073 114.886 134.714 99.5825 90.4787 140.633 84.9877 85.061 108.64 81.2216 104.66 93.2791 107.769 98.5814 80.7609 88.7393 83.514 80.1781 80.0504 157.915 144.366 128.831 197.711 145.643 143.601 126.536 121.835 147.179
threshold=-0.0056057876548406488 -0.019218616161892098 0.0011812785396034002 -0.046497941295410745 0.0067831509260430503 0.090630076717804112 -0.043796644033859793 0.011285795972103852 0.053956580098972057 0.024269961908224755 0.0021837484740044504 0.046063068448172956 -0.036177866841651141 -0.038436350999633696 0.045108762376986307 -0.071416076164601633 -0.052219148665375088 -0.0046157940650893995 0.0050360752677949009 -0.016059635723559996 -0.013448963224231348 0.0047356820816569509 0.034458974150977408 0.0091079899257110013 -0.013682480418084097 -0.033887909061540288 0.006671805578262701 0.039020942748805208 -0.041423032919771889 0.037109270619288155 0.010816255050730901 -0.021262335773799896 -0.022326254118819847 -0.023945458046540996 -0.0069148364801046485 0.075306749844219159 0.3604500000000001 -0.020593574420144246 0.030102044540494855 -0.0086876557383081983 0.029728526752223254 -0.021504121534323798 0.088699395189913169 0.097911686297019365 -0.032264833128417388 -0.0071692242858712989
decision_type=2 2 2 2 2 2 2 2 2 2 2 2 2 2 2 2 2 2 2 2 2 2 2 2 2 2 2 2 2 2 2 2 2 2 2 2 2 2 2 2 2 2 2 2 2 2
left_child=1 2 -1 -4 5 27 -6 8 10 -10 -8 35 13 16 15 -15 22 32 19 20 -19 -21 23 24 -2 -26 -27 29 -29 30 -5 -31 -17 -34 -35 -9 37 38 -14 43 41 44 -43 -39 -41 -46
right_child=12 -3 3 4 6 -7 7 11 9 -11 -12 -13 36 14 -16 17 -18 18 -20 21 -22 -23 -24 -25 25 26 -28 28 -30 31 -32 -33 33 34 -36 -37 -38 39 -40 40 -42 42 -44 -45 45 -47
leaf_value=0.002746142969724078 0.05207213878506365 0.004912572830087821 0.027218020165747692 -0.02484093638373636 0.060999909693191322 -0.24511436637341977 0.0067496448419700856 0.04808347117592824 -0.052036367455513162 -0.31990775098626811 -0.049867006262163553 -0.085785282737142601 0.0094119060218118712 0.14205686186989469 0.05406022176561863 0.068370879891681863 -0.0053152120521941593 -0.44177216720122559 -0.041035037252646185 -0.16580532813770696 -0.1652703569394019 0.025478345294460289 0.012036989520566867 -0.19554495748666426 0.034441470875626518 -0.21081534514944211 0.0028194880184289573 -0.11509294533946085 0.019962184511573788 -0.080558415407066541 -0.067648649443301845 0.034505703115038734 0.06087372974221443 0.0013458960054526952 -0.17317465826742764 -0.11718664162519478 -0.0051648890340621418 0.0094139078638340434 0.047193490155683485 -0.031738244813369038 0.01436929854955875 -0.025627100584851518 0.023604820892478253 -0.032200153235611144 0.033860275679571721 -0.008752041074490827
leaf_weight=7394 65 34644 558 1418 237 24 778 514 59 24 529 71 6686 31 127 68 5670 26 170 80 54 41 136 84 42 66 37 64 534 96 998 326 43 44 72 31 20733 11273 1186 850 3318 6933 645 778 1485 1769
leaf_count=7394 65 34644 558 1418 237 24 778 514 59 24 529 71 6686 31 127 68 5670 26 170 80 54 41 136 84 42 66 37 64 534 96 998 326 43 44 72 31 20733 11273 1186 850 3318 6933 645 778 1485 1769
internal_value=-1.18025e-11 0.00210034 -0.00503455 -0.0142233 -0.018278 -0.0294253 -0.00108248 -0.00841724 -0.0229326 -0.129493 -0.0161656 0.0243366 -0.0016228 -0.0127456 -0.0442852 -0.0641419 -0.00883676 -0.0748311 -0.106756 -0.162341 -0.255133 -0.10099 -0.0552721 -0.0864083 -0.0427536 -0.0852617 -0.134073 -0.0279187 0.00550812 -0.0349621 -0.0425239 0.00832998 -0.0226545 -0.0615836 -0.106977 0.0386828 -0.000252632 0.00266366 0.0151041 -0.000956576 -0.00712984 -0.0132362 -0.0214367 0.00672735 0.0019061 0.0106946
internal_weight=110811 48299 13655 6261 5703 3460 2243 2006 1390 83 1307 616 62512 6856 756 629 6100 598 371 201 80 121 430 294 210 145 103 3436 598 2838 2416 422 227 159 116 545 55656 34923 7872 27051 15000 11682 7578 12051 4104 3254
internal_count=110811 48299 13655 6261 5703 3460 2243 2006 1390 83 1307 616 62512 6856 756 629 6100 598 371 201 80 121 430 294 210 145 103 3436 598 2838 2416 422 227 159 116 545 55656 34923 7872 27051 15000 11682 7578 12051 4104 3254
is_linear=0
shrinkage=0.0998


Tree=192
num_leaves=47
num_cat=0
split_feature=30 1 29 17 41 87 84 72 31 44 26 50 42 68 84 65 94 27 61 49 74 94 1 44 1 46 3 100 32 83 87 72 77 36 96 27 48 56 27 23 3 43 11 0 41 69
split_gain=37.5789 108.348 86.0466 118.979 102.029 90.6829 84.8499 91.4746 96.5143 96.0465 100.063 84.6794 83.2659 79.4301 75.6105 75.3581 68.6156 68.4076 84.723 80.1208 94.3252 70.151 66.911 66.8891 65.994 64.9396 78.9823 75.0338 63.0389 61.9164 56.811 55.6882 67.6414 54.7168 79.5143 54.0007 53.6804 51.4739 60.363 77.4708 47.4779 115.867 103.163 99.4442 145.878 138.335
threshold=0.09514369846306131 -0.047762383340843942 -0.032264833128417388 -0.060999609192695543 -0.01634635784831515 0.026008122170841204 0.030261825064085302 -0.053071981097654188 0.031456907782528055 0.046310638281855061 -0.014042767350981549 0.029923797303493954 -0.0016928247260363997 -0.025239417973561547 0.054687670398651057 -0.036283235040775644 0.032097812470985206 0.11967119505240106 0.0064425976206165013 -0.04466616414950119 -0.014187456702816598 -0.043981909836815693 0.13869818967007372 0.093603932129162806 -0.051740389369441843 -0.04164169696221489 0.065915943949659675 -0.91684999999999983 0.013490354278739651 0.0091631176036393019 0.038085077258907807 -0.016991917644667249 0.031399984852905509 0.023319448833284653 0.030116534248300953 -0.060642805204447391 -0.038525185512574493 -0.027313638146118046 -0.021150303187858547 0.014353072469911051 -0.018201141239484946 -0.047486658490801949 0.064238670046360621 0.21302536036341352 0.05025244963363721 0.029634246688532605
decision_type=2 2 2 2 2 2 2 2 2 2 2 2 2 2 2 2 2 2 2 2 2 2 2 2 2 2 2 2 2 2 2 2 2 2 2 2 2 2 2 2 2 2 2 2 2 2
left_child=40 13 3 -3 5 15 7 -4 17 10 11 -10 -12 30 23 -5 35 19 -19 21 -21 -9 -17 24 25 33 27 -27 -26 -16 31 -2 -33 34 -15 -8 -37 -6 -39 -40 41 -1 43 44 45 -43
right_child=1 2 6 4 37 -7 16 8 9 -11 12 -13 -14 14 29 22 -18 18 -20 20 -22 -23 -24 -25 28 26 -28 -29 -30 -31 -32 32 -34 -35 -36 36 -38 38 39 -41 -42 42 -44 -45 -46 -47
leaf_value=0.012568583471079395 0.023869929969887918 0.15354528331676354 0.029667366671051774 0.034830916098337023 0.12662975989717246 0.06529712769133704 0.070687428702298896 -0.16264764577661242 -0.35571386141312472 0.061194938154891132 -0.028659294383556525 -0.13457222850028958 -0.24832710514766693 0.0035311899377303757 -0.22902614677675068 -0.19925681112850352 0.11575029110953493 0.12419423803082108 -0.056909224694025401 -0.019697489414339381 -0.10331367327815677 0.033239592520196509 -0.033328156667545031 0.1959015027447939 -0.00020820536311715843 -0.12253910215681757 0.084748508737215775 0.0020166303744635632 0.225655488533061 0.011071902905404567 0.062832983348307739 -0.12197972766959782 0.010337575705562319 0.15818047303849797 0.19075676221471013 -0.18925525834668766 -0.018861104656010867 0.10865501441603992 0.031446071323654151 -0.12863579889390206 0.0018000897061358915 -0.013089734679811522 0.0097546943716020212 0.0010269663752081888 -0.042106591158255775 0.010815268960730994
leaf_weight=4390 71 52 129 31 50 42 55 21 34 24 68 35 23 117 20 70 53 50 53 211 370 137 37 25 20 55 100 388 32 23 53 123 56 53 28 22 113 48 91 45 71502 13320 4248 9958 1421 2944
leaf_count=4390 71 52 129 31 50 42 55 21 34 24 68 35 23 117 20 70 53 50 53 211 370 137 37 25 20 55 100 388 32 23 53 123 56 53 28 22 113 48 91 45 71502 13320 4248 9958 1421 2944
internal_value=4.11423e-11 -0.010965 -0.0258832 0.0112562 -0.00661587 -0.0631049 -0.038263 -0.0495406 -0.0594995 -0.124978 -0.152904 -0.243541 -0.0841797 0.0129247 0.0283903 -0.102184 0.0153401 -0.0451906 0.0310051 -0.0558106 -0.072947 0.00720395 -0.14188 0.035171 0.0301039 0.0224771 0.00463656 -0.0134474 0.138785 -0.100602 -0.0310221 -0.0509193 -0.0805844 0.0714036 0.0396851 -0.012669 -0.046629 0.0368372 0.0124371 -0.0215222 0.000308045 -0.00263245 -0.00472497 -0.00695012 -0.0114418 -0.00876261
internal_weight=110811 3028 1864 466 414 180 1398 1155 1026 184 160 69 91 1164 861 138 243 842 103 739 581 158 107 818 793 741 543 443 52 43 303 250 179 198 145 190 135 234 184 136 107783 36281 31891 27643 17685 16264
internal_count=110811 3028 1864 466 414 180 1398 1155 1026 184 160 69 91 1164 861 138 243 842 103 739 581 158 107 818 793 741 543 443 52 43 303 250 179 198 145 190 135 234 184 136 107783 36281 31891 27643 17685 16264
is_linear=0
shrinkage=0.0998


Tree=193
num_leaves=47
num_cat=0
split_feature=25 27 46 22 1 88 9 95 43 3 68 60 90 15 92 33 0 2 44 61 15 40 80 71 2 66 79 74 83 29 51 66 87 45 74 38 21 32 42 29 87 45 72 80 65 63
split_gain=37.5545 98.2224 92.8452 84.0637 91.6686 98.9658 87.9262 87.6312 90.6639 112.478 100.187 84.5397 94.4726 94.2633 89.4405 76.9439 136.432 105.461 75.7696 71.5966 116.286 104.501 88.8145 77.9978 76.5217 65.5962 63.1779 62.3266 87.8715 66.0279 61.7994 61.5328 58.9828 78.7693 60.0784 58.7679 57.3562 60.1802 54.6284 61.325 59.7331 57.8707 53.9401 57.7893 53.8646 53.1856
threshold=-0.061716402903786195 0.037253496775993204 -0.05745090795004399 0.10932420719646672 -0.07125389273233608 -0.014779243910879399 0.10399567262603616 -0.04717477678038854 0.037379395762834305 -0.041447995051943846 -0.0048504143551821996 0.0044282579418270006 -0.05078664007990389 -0.12409369541922739 -0.017396615574767047 0.025614083537941906 0.12999010278713977 -0.044591145506568043 -0.036573186458357838 0.026883951848714855 -0.0053881507231608988 -0.0097395803841199471 0.035185388951639453 -0.052699886568968145 0.11079335623138727 0.0051709179297035508 -0.013980081219091197 -0.0012182551029178998 -0.0071629956177229493 1.0000000180025095e-35 0.058608148152521605 -0.033375198234360991 -0.015127551444152098 0.0097712925292523008 0.011849719025517201 0.0092424028701013506 -0.10878881064727379 0.061618576413750702 0.027074387805631903 -0.035337203043272841 -0.014787181922025648 -0.029902557549047349 0.021497396207830654 0.027563195226003853 0.022094182948023153 0.048518324140513658
decision_type=2 2 2 2 2 2 2 2 2 2 2 2 2 2 2 2 2 2 2 2 2 2 2 2 2 2 2 2 2 2 2 2 2 2 2 2 2 2 2 2 2 2 2 2 2 2
left_child=1 2 32 4 5 18 11 25 9 -9 -10 12 14 -14 -6 17 -17 -13 35 20 22 38 30 -23 42 -7 -24 28 -5 -29 45 -32 33 34 -1 -4 -34 -38 39 -22 -41 -42 43 -21 -35 -3
right_child=-2 19 3 27 6 7 -8 8 10 -11 -12 15 13 -15 -16 16 -18 -19 -20 24 21 23 26 -25 -26 -27 -28 29 -30 -31 31 -33 36 44 -36 -37 37 -39 -40 40 41 -43 -44 -45 -46 -47
leaf_value=-0.02804834887504578 0.00050862478070466764 0.05190024292159811 0.022539030096719141 -0.13694776604592798 0.03637110014294203 -0.20194474233668297 0.095140380287587895 -0.061741775240436308 -0.11660151463435993 0.044239114825542949 0.0060654459263996359 -0.084164224635453866 -0.22201883255779742 -0.0039170239334566708 -0.14132378399474363 -0.32237472473653878 -0.067984540480898942 -0.0059509868019266953 0.063145124388658741 -0.029265886731291914 0.021653950804566491 -0.084209638897482661 -0.14741905876225547 0.02340683252982154 0.15343525881934911 -0.014458610404879949 0.010534692922957242 -0.068559170684097587 0.07224154328018427 -0.26121543659778201 -0.006204345978423953 0.19028935782255832 -0.10256900862672114 0.094615675113832245 -0.24243772103660133 -0.17448043899685145 0.080567166521138114 -0.068928820544878644 0.037281179843540305 -0.0257720619645481 -0.033410774209844514 -0.1638067676609018 -0.084858960099948685 0.058315837925693288 -0.095296988933143159 -0.029704142340314522
leaf_weight=30 102923 749 38 40 39 41 58 131 126 418 140 245 20 1502 102 22 461 574 354 407 67 73 38 827 24 34 75 37 40 34 22 57 22 51 23 25 253 30 64 102 49 110 132 92 21 89
leaf_count=30 102923 749 38 40 39 41 58 131 126 418 140 245 20 1502 102 22 461 574 354 407 67 73 38 827 24 34 75 37 40 34 22 57 22 51 23 25 253 30 64 102 49 110 132 92 21 89
internal_value=-1.03224e-12 -0.00663656 -0.0153073 -0.0195581 -0.0170055 0.00507855 -0.0265535 -0.0137193 -0.00421945 0.0189504 -0.05204 -0.0289341 -0.014023 -0.00678301 -0.0921741 -0.0479794 -0.0795717 -0.0293481 0.0451987 0.00766712 0.0158872 -0.00405392 0.0409008 0.0146779 -0.0214734 -0.116951 -0.0425825 -0.0927567 -0.0323531 -0.160817 0.0511882 0.13557 0.0289901 -0.0287468 -0.121085 -0.0556433 0.0526528 0.0647195 -0.0470607 -0.0635177 -0.0853817 -0.123622 -0.0281261 -0.0131186 0.0392245 0.0432334
internal_weight=110811 7888 4911 4481 4330 1307 3023 890 815 549 266 2965 1663 1522 141 1302 483 819 417 2977 2322 1292 1030 900 655 75 113 151 80 71 917 79 430 125 53 63 305 283 392 328 261 159 631 499 72 838
internal_count=110811 7888 4911 4481 4330 1307 3023 890 815 549 266 2965 1663 1522 141 1302 483 819 417 2977 2322 1292 1030 900 655 75 113 151 80 71 917 79 430 125 53 63 305 283 392 328 261 159 631 499 72 838
is_linear=0
shrinkage=0.0998


Tree=194
num_leaves=47
num_cat=0
split_feature=70 43 46 59 74 90 74 22 66 82 20 76 31 40 33 52 33 89 47 3 92 21 100 6 27 24 4 48 58 2 1 6 74 60 31 55 84 96 6 26 30 37 67 39 12 67
split_gain=37.1925 90.6782 94.824 89.1637 80.6218 88.7059 82.3184 69.5807 106.134 78.6343 120.854 74.4523 123.142 70.8556 65.2741 63.0793 55.7672 67.8468 86.837 77.1269 60.8663 59.5359 54.8413 76.7496 71.3314 60.2737 54.1167 51.9742 46.9087 44.3708 111.176 104.548 115.013 106.773 85.6506 72.793 75.5002 72.1421 71.701 93.4601 95.821 69.2738 69.9637 63.166 63.2519 87.314
threshold=0.089779402464012364 0.045772432115844454 -0.022697158668185346 0.046199467753243857 -0.063966462903545643 -0.040063295181477991 -0.051895546513279593 -0.021196965632348196 0.040592486818794161 -0.026083754971585198 0.033561561628962101 0.023838549235725953 -0.065774105952506684 -0.0043699095466935992 0.03680655241817176 0.044300947081436108 0.022113339121187753 0.0023148891133513501 -0.020904104596391547 -0.046400681798022488 -0.018831942005012946 0.017887343662740505 0.20145000000000005 0.014920070169905953 -0.030516104079245949 0.015286530128140002 0.00178640012009865 0.022215570147792154 -0.00034399206733439993 -0.10914951224013754 0.070421574323952615 -0.013372582971673997 -0.032639063597752448 -0.0024137823040828997 0.00075182931479240013 0.017432189004247152 -0.031734828110366542 -0.011544459180477798 0.13165131948365169 -0.036434106450794895 0.038905265917616803 0.048973292314588704 0.011468711376267501 -0.0014960425863466498 0.0032692407341498005 0.015643459713205552
decision_type=2 2 2 2 2 2 2 2 2 2 2 2 2 2 2 2 2 2 2 2 2 2 2 2 2 2 2 2 2 2 2 2 2 2 2 2 2 2 2 2 2 2 2 2 2 2
left_child=29 2 3 16 5 28 -6 8 -8 10 13 15 -13 -9 22 -11 17 20 19 -19 -2 -21 23 25 -25 -3 -22 -24 -4 30 35 37 -33 34 41 36 -1 -32 39 -35 -41 42 -34 -37 -45 -46
right_child=1 14 4 -5 6 -7 7 9 -10 11 -12 12 -14 -15 -16 -17 -18 18 -20 21 26 -23 27 24 -26 -27 -28 -29 -30 -31 31 32 33 38 -36 43 -38 -39 -40 40 -42 -43 -44 44 45 -47
leaf_value=-0.0071448310847212976 0.016344753313188749 -0.10135478740266213 -0.0087221488271097772 -0.1619852935486879 0.15789024901816884 0.046543694776049187 0.038521285112212637 -0.12328966435276228 0.15891916327050357 0.094453174543387516 -0.2255045426077644 -0.24236459777256475 0.019042032388985157 0.065702343253130388 0.047109709101805432 -0.044792210822002229 0.074682089055605125 0.10579471168220043 0.12442725983199823 -0.19908724446892739 -0.18822365642702923 0.0014459880678818144 0.030820923734107053 0.097539370939406483 -0.14663131247062522 -0.32502285810212295 -0.027706991440605906 -0.15011895815283061 -0.18216939104024957 -0.00075419781914768096 -0.13214153806495868 0.05804441596923831 -0.019456438253435418 -0.23295820918465271 0.054884192680538478 0.016213961597054068 0.027653476118880107 -0.031255025572999473 0.017016591701380632 -0.035529440934102575 -0.21837287423974452 0.078007501011641653 -0.16333953562522052 0.013073749658659584 -0.012144398089218618 -0.093709376550743878
leaf_weight=771 48 24 25 39 64 67 229 29 107 220 30 20 175 62 61 38 73 26 54 30 52 29 64 22 26 24 35 21 41 102163 117 231 99 39 215 810 3192 178 81 178 34 41 51 318 349 209
leaf_count=771 48 24 25 39 64 67 229 29 107 220 30 20 175 62 61 38 73 26 54 30 52 29 64 22 26 24 35 21 41 102163 117 231 99 39 215 810 3192 178 81 178 34 41 51 318 349 209
internal_value=5.66961e-12 0.0144971 0.0236828 -0.0189104 0.0385346 -0.0343502 0.048487 0.0407927 0.0768623 0.0196789 -0.0517933 0.0387697 -0.0077689 0.00547412 -0.0421731 0.0739442 -0.00282992 -0.0234809 0.0254608 -0.037412 -0.0738728 -0.10052 -0.0722628 -0.123954 -0.0347197 -0.213189 -0.123648 -0.0138819 -0.11647 -0.000230596 0.00750739 -0.0192482 -0.00341154 -0.0226477 0.0116796 0.0134941 0.0208835 -0.0712676 -0.0646263 -0.0909733 -0.0648534 -0.0369539 -0.0683767 -0.00387479 -0.02245 -0.0426947
internal_weight=110811 1735 1493 386 1107 133 974 910 336 574 121 453 195 91 242 258 347 274 139 85 135 59 181 96 48 48 87 85 66 109076 6913 1264 969 738 406 5649 3963 295 332 251 212 191 150 1686 876 558
internal_count=110811 1735 1493 386 1107 133 974 910 336 574 121 453 195 91 242 258 347 274 139 85 135 59 181 96 48 48 87 85 66 109076 6913 1264 969 738 406 5649 3963 295 332 251 212 191 150 1686 876 558
is_linear=0
shrinkage=0.0998


Tree=195
num_leaves=47
num_cat=0
split_feature=38 2 65 100 8 42 11 31 31 25 92 45 18 78 40 21 68 68 8 87 95 6 54 79 19 85 43 61 86 3 57 20 0 42 0 4 12 0 51 70 24 89 15 25 75 47
split_gain=38.1203 64.7407 65.749 62.5245 59.8542 65.1764 90.4297 101.386 75.2308 81.1434 64.4384 84.684 87.7849 78.998 94.1911 70.4922 63.7117 109.932 62.9632 70.3873 69.7584 78.9088 58.824 58.5199 54.8027 57.0872 55.141 52.8272 59.5014 51.1834 49.7854 66.8713 61.1294 57.4894 76.6543 68.6306 71.9189 60.9793 57.1045 56.8855 51.9846 76.1362 68.468 59.9469 51.3781 51.2155
threshold=0.089066326863860068 0.14843597597263367 -0.039908986101672643 -0.98114999999999986 -0.026658816946797146 -0.061997519492495497 0.064238670046360621 -0.0014735493483613998 0.033915927162044057 -0.017865221502436999 -0.0071355086403763488 -0.014503057746892799 0.019735861917503105 0.019032699462865704 0.023607220007364503 0.039567361343812453 0.039988866386157555 0.018920641741278905 -0.022884466378055746 0.016228714105814952 0.048266735293332259 0.012755947187598203 -0.010784124925680198 -0.0087111879308401988 0.00090798351780210014 0.031828161681936654 -0.0092986363325293989 0.029686608951772702 -0.024588375795447499 0.052585647126599556 -0.10505940086482234 0.00045839166921165007 0.21216494564835328 0.11831861655590166 0.087256318932523072 -0.019719591672158546 -0.078055643649576734 0.17266165114258378 0.00032162917679520004 0.040908107034118103 0.011750007044492103 0.013006278441186901 -0.018388492479708345 -0.056126013504897043 0.04018727821968756 0.062121084736376654
decision_type=2 2 2 2 2 2 2 2 2 2 2 2 2 2 2 2 2 2 2 2 2 2 2 2 2 2 2 2 2 2 2 2 2 2 2 2 2 2 2 2 2 2 2 2 2 2
left_child=30 3 -3 -2 5 -5 7 29 9 -9 18 15 16 14 -14 27 17 -13 -6 24 21 -21 -10 -15 25 -20 -26 -12 -29 -7 31 32 -1 -32 38 39 -37 -38 -35 40 41 42 -36 -42 -33 -45
right_child=1 2 -4 4 10 6 -8 8 22 -11 11 12 13 23 -16 -17 -18 -19 19 20 -22 -23 -24 -25 26 -27 -28 28 -30 -31 33 44 -34 34 35 36 37 -39 -40 -41 43 -43 -44 45 -46 -47
leaf_value=0.090895543654473984 -0.18432719177007675 -0.24997037989139556 -0.050509399069529226 0.091124060902398343 -0.15174901052514711 -0.00047419337873657545 0.091446088964546868 -0.20503278226549831 0.074513237502690274 -0.051053198713729424 0.040409147467863928 -0.019891248061774579 -0.09321248869013174 -0.1412929570120573 -0.26964664417289669 -0.080156707083973391 0.071978946445772754 -0.15757602674387811 0.046566880875133186 0.046588207184435008 -0.19524245886603991 -0.087302040899079295 -0.058977102569426808 0.079096873834927875 -0.1189705909329391 0.19451978596798306 0.022712012497262939 -0.20180622598297895 0.00021767600808503496 0.084914728344717152 0.00034245543868239773 0.079378003587519896 -0.067433229571835993 -0.036977251342535017 -0.18932600614840786 0.14009839198965773 0.045692391449605164 -0.043739061325226543 -0.26998166613836183 -0.19524763680627713 0.024422323880730006 0.071783678420643579 -0.01312203908209212 -0.091410114427079567 -0.042719455381631848 -0.27254932677312327
leaf_weight=33 20 20 93 99 24 195 102 49 62 112 274 292 84 20 47 87 51 72 249 97 24 80 70 30 37 29 105 20 53 109 107095 242 92 20 30 38 133 177 22 26 29 71 82 53 40 22
leaf_count=33 20 20 93 99 24 195 102 49 62 112 274 292 84 20 47 87 51 72 249 97 24 80 70 30 37 29 105 20 53 109 107095 242 92 20 30 38 133 177 22 26 29 71 82 53 40 22
internal_value=-3.14035e-12 -0.0119276 -0.0858122 -0.00857866 -0.00715732 0.0153369 0.00460314 -0.0102343 -0.0521268 -0.0979166 -0.017874 -0.0333642 -0.0577835 -0.11578 -0.156513 0.000170242 -0.0324887 -0.0471256 0.00686229 0.0129922 -0.0355767 -0.0139272 0.00372291 -0.00905906 0.0362359 0.0620008 -0.0142053 0.0203099 -0.0551313 0.0301422 0.000287264 0.0351263 -0.0256344 0.000155726 -0.0282906 -0.0199836 0.0105144 -0.00537008 -0.159027 -0.0538919 -0.0410861 -0.00906637 -0.0603195 -0.0974286 0.0620592 -0.144544
internal_weight=110811 2606 113 2493 2473 798 699 597 293 161 1675 1030 596 181 131 434 415 364 645 621 201 177 132 50 420 278 142 347 73 304 108205 407 125 107798 703 661 348 310 42 313 287 183 112 104 282 75
internal_count=110811 2606 113 2493 2473 798 699 597 293 161 1675 1030 596 181 131 434 415 364 645 621 201 177 132 50 420 278 142 347 73 304 108205 407 125 107798 703 661 348 310 42 313 287 183 112 104 282 75
is_linear=0
shrinkage=0.0998


Tree=196
num_leaves=47
num_cat=0
split_feature=48 32 95 84 30 58 70 83 77 10 37 34 73 84 86 90 94 32 30 0 95 49 6 73 89 42 71 97 5 37 4 53 35 52 99 36 40 65 8 83 36 79 0 61 85 19
split_gain=37.4658 100.91 84.5481 75.5689 103.31 83.0803 77.6631 72.3647 80.6286 69.6231 65.1085 62.306 63.0981 61.8715 56.201 74.2066 52.2951 51.704 80.2541 58.72 63.3297 57.9831 50.5584 50.5151 47.3077 47.9339 46.999 75.8524 119.052 116.21 104.853 101.397 94.1031 84.6774 74.405 73.5876 89.8836 73.0498 66.7244 123.304 122.219 105.369 103.235 117.26 90.6523 81.9943
threshold=-0.08709505758592638 -0.08784227176916988 -0.074468327764035544 0.030261825064085302 0.0044926145891701014 -0.0069159797256464995 -0.031705127202272441 0.041514933447556406 0.049264015065923004 0.016325981572700803 -0.055247156945624439 0.056937387162071307 0.068403117150563367 -0.037764428988200843 0.013564216434342751 0.0031989410200545004 0.013465877627803302 -0.037953949323915846 -0.046813378986651645 0.14516156248346071 -0.011957572610698847 0.029267893665106504 -0.079866290668496695 0.037651891394198451 0.035724200412780655 0.024376400410888201 0.017320556159294603 -0.06926271308211078 -0.016630710408125696 0.0088607416397536009 0.0084521636280986013 -0.063634291153279232 0.029209455490784703 -0.022244739910601947 0.032636506440740905 -0.044828258131730893 -0.027652486563361046 0.11789088437622167 -0.056896425585237088 -0.016436429181648646 -0.073856216634069535 -0.0057433776333993989 0.26064086567814454 -0.014931196468498499 0.043121272023207709 -0.066711073716715877
decision_type=2 2 2 2 2 2 2 2 2 2 2 2 2 2 2 2 2 2 2 2 2 2 2 2 2 2 2 2 2 2 2 2 2 2 2 2 2 2 2 2 2 2 2 2 2 2
left_child=1 13 -3 5 9 7 -6 8 11 -5 -9 12 -4 -1 15 -8 -13 18 -7 20 -19 22 -21 -15 25 -12 37 28 32 31 33 -30 35 -31 -32 -28 -37 38 39 -2 44 45 43 -43 -41 -42
right_child=26 2 3 4 6 17 14 10 -10 -11 24 16 -14 23 -16 -17 -18 19 -20 21 -22 -23 -24 -25 -26 -27 27 -29 29 30 34 -33 -34 -35 -36 36 -38 -39 -40 40 41 42 -44 -45 -46 -47
leaf_value=0.070770835638010787 0.010230716652047419 -0.15155341235739844 0.082851929064515731 0.074944549381895056 0.069081604665906529 -0.20392881010713487 -0.099592767910028482 0.11886827090895176 0.18002239613440835 -0.057741099686872577 -0.2406202385994792 -0.086643254488781102 -0.05293026667074175 -0.18031700100579229 -0.041838475569416035 -0.33174086335649089 0.063457675977709682 -0.19058511708577475 -0.011215867596322298 -0.13951910788785665 0.0031817671574918289 0.096911165817961595 0.025506781424198832 -0.015924201875873682 0.050376386259744568 -0.045907430122529763 -0.20344228555156341 -0.0044697753985777937 -0.12505795565336944 -0.17011108301440875 0.020530129531025888 0.10709754408852477 0.076227947641989355 0.0014051577990285204 0.23884144198836194 0.10869574900413589 -0.073560168854284749 0.063330315852551694 0.0019270992397751045 -0.050569864527095144 0.045315924590861437 -0.0047452102506073228 0.0072073313758382407 -0.049554619477636244 -0.1914024735088736 -0.003998279984507711
leaf_weight=21 2826 28 433 108 23 26 32 25 59 62 20 50 37 52 38 24 43 24 125 20 56 119 245 29 24 34 31 28682 20 45 48 297 65 79 23 34 130 187 70224 290 394 911 831 1609 54 2274
leaf_count=21 2826 28 433 108 23 26 32 25 59 62 20 50 37 52 38 24 43 24 125 20 56 119 245 29 24 34 31 28682 20 45 48 297 65 79 23 34 130 187 70224 290 394 911 831 1609 54 2274
internal_value=-1.27562e-12 0.0144574 0.0203951 0.0233542 -0.0231208 0.0333082 -0.0952969 0.0561956 0.0690262 0.0265533 -0.0212866 0.0573943 0.0721627 -0.0818833 -0.135517 -0.199085 -0.0172417 0.00632717 -0.0443982 0.0228348 -0.0549483 0.0390396 0.013052 -0.12146 -0.066208 -0.118023 -0.000232928 -0.00363888 0.0272313 0.0551594 -0.00546252 0.0924505 -0.0277656 -0.0608386 0.0912507 -0.0624301 -0.0357754 0.00102736 0.00088065 -0.00711651 -0.0148209 -0.0115143 -0.0232966 -0.0333557 -0.0726773 0.00328425
internal_weight=110811 1757 1655 1627 287 1340 117 725 622 170 103 563 470 102 94 56 93 615 151 464 80 384 265 81 78 54 109054 29454 772 512 195 317 260 124 71 195 164 79600 79413 9189 6363 6019 3351 2520 344 2668
internal_count=110811 1757 1655 1627 287 1340 117 725 622 170 103 563 470 102 94 56 93 615 151 464 80 384 265 81 78 54 109054 29454 772 512 195 317 260 124 71 195 164 79600 79413 9189 6363 6019 3351 2520 344 2668
is_linear=0
shrinkage=0.0998


Tree=197
num_leaves=47
num_cat=0
split_feature=55 86 57 50 66 80 71 12 49 65 36 27 1 61 38 27 57 78 31 21 93 7 26 20 51 97 96 42 89 88 15 100 60 55 67 89 15 92 0 7 71 42 86 69 90 12
split_gain=37.5156 81.3539 83.6249 84.1957 94.4552 108.994 91.4716 91.7002 82.2142 102.853 83.7889 78.2859 76.4747 72.1878 101.676 115.106 96.8229 80.608 111.24 77.7534 76.537 101.366 95.4701 89.1024 94.3515 91.7218 91.5147 83.0868 85.075 79.3805 79.3452 154.006 89.0714 84.865 98.5047 95.0142 80.9268 82.5767 104.59 80.3405 79.4469 77.4429 112.662 94.348 76.8579 74.3952
threshold=-0.020791748898810299 0.065992513894099714 0.090120844082416066 -0.037995284795353947 -0.0085119989499034491 0.013677295254957552 0.060634143174546302 0.0091753354749097016 -0.024888709244189296 -0.074585521617319586 0.0040866039361998506 -0.066535027328353938 0.0027752352565235503 -0.070213619251063827 -0.023339056653360949 0.0062499508095240014 -0.025177157603415549 -0.054019071732513448 -0.033500541590815093 0.071457395341224458 0.064201276558036965 0.091448979704867608 -0.077375284095915389 0.044427359938061607 0.015561015891418851 -0.028579126680845394 -0.061036591802729391 0.0034405855371416505 0.025857543890210603 -0.011702094632556748 0.083956405294052558 0.45865000000000006 -0.053699211427120891 -0.017410003519830446 -0.010630269138522849 0.028944069954108757 -0.11688891795680724 0.068522024573549264 0.18137017975174388 -0.0038245251556386995 0.021650848460606154 0.013792871880041952 -0.033014672527460695 0.047817465757376956 -0.030825041544852699 -0.086014056612700437
decision_type=2 2 2 2 2 2 2 2 2 2 2 2 2 2 2 2 2 2 2 2 2 2 2 2 2 2 2 2 2 2 2 2 2 2 2 2 2 2 2 2 2 2 2 2 2 2
left_child=-1 13 3 -3 5 -5 7 8 10 -10 -6 -9 -7 14 17 16 -16 18 -2 -17 30 22 27 24 26 -26 -24 28 -22 -25 32 40 36 34 39 -36 44 -38 -39 -34 -32 43 -43 -35 -15 -42
right_child=1 2 -4 4 6 12 -8 11 9 -11 -12 -13 -14 20 15 19 -18 -19 -20 -21 21 -23 23 29 25 -27 -28 -29 -30 -31 31 -33 33 41 35 -37 37 38 -40 -41 45 42 -44 -45 -46 -47
leaf_value=-0.0029380673375860957 -0.19000090510464673 -0.063367489098960214 0.067585821065644272 0.051094920792792951 -0.19044951826560147 0.0092119586416495435 0.082781533063969751 -0.13032734909170168 -0.24753263286890628 -0.025802236029740154 -0.057718337167917848 0.0040750166706115427 -0.092577893836665565 0.098864696697235105 0.10588042308644793 0.0070332080566729467 0.035067628038822837 0.0020210035521007826 0.012710367323830725 -0.16934557652954874 -0.14599610056116114 0.052939482884412872 -0.21500792912624098 -0.040148032989263262 0.0090839148693437725 -0.10030638500326393 -0.0089990106258872448 -0.21346853265601154 0.11626028062947603 0.0664095163385897 0.047238280467038284 -0.0054622952789628526 0.019182281754591777 0.00056522913511232139 0.037399854154071772 -0.022590828413528379 0.021401860571357293 -0.24675016153907775 -0.012538372088657527 -0.033698541683032726 -0.12941493289638312 0.011178102730447958 -0.0085594942188224523 0.019700146215415312 -0.09466879870842676 0.012447225011360166
leaf_weight=31127 56 385 112 401 85 207 69 47 22 394 107 529 114 25 268 585 681 542 52 26 28 179 22 108 103 295 904 49 22 196 1440 1757 562 37696 1798 308 3498 25 79 583 40 3410 18546 2754 112 463
leaf_count=31127 56 385 112 401 85 207 69 47 22 394 107 529 114 25 268 585 681 542 52 26 28 179 22 108 103 295 904 49 22 196 1440 1757 562 37696 1798 308 3498 25 79 583 40 3410 18546 2754 112 463
internal_value=2.91994e-11 0.0011477 -0.0166741 -0.0206729 -0.0123502 0.0164017 -0.0289175 -0.035427 -0.0624603 -0.0375284 -0.11648 -0.00689184 -0.0269377 0.00171828 0.0194953 0.0333131 0.0550653 -0.0136673 -0.0923992 -0.000472272 0.00119446 -0.0185486 -0.0259582 -0.0201718 -0.0313595 -0.0719968 -0.0138934 -0.121112 -0.0306033 0.0285535 0.00170927 0.0159493 0.000950031 9.67937e-05 0.015817 0.0286263 0.0159329 0.0187963 -0.0688393 -0.00774306 0.0353112 -0.000722142 -0.00549404 0.00186801 -0.0593525 0.00116594
internal_weight=110811 79684 2472 2360 1975 722 1253 1184 608 416 192 576 321 77212 2210 1560 949 650 108 611 75002 1906 1727 1628 1324 398 926 99 50 304 73096 3700 69396 65657 3251 2106 3739 3602 104 1145 1943 62406 21956 40450 137 503
internal_count=110811 79684 2472 2360 1975 722 1253 1184 608 416 192 576 321 77212 2210 1560 949 650 108 611 75002 1906 1727 1628 1324 398 926 99 50 304 73096 3700 69396 65657 3251 2106 3739 3602 104 1145 1943 62406 21956 40450 137 503
is_linear=0
shrinkage=0.0998


Tree=198
num_leaves=47
num_cat=0
split_feature=34 73 40 71 63 82 18 5 4 45 19 6 99 26 70 70 85 5 80 34 37 47 63 55 81 63 97 33 20 15 58 84 29 87 98 43 19 78 77 75 59 95 95 5 69 81
split_gain=36.6731 81.4277 85.6339 87.2069 106.007 79.1113 126.722 144.775 143.021 103.477 100.824 99.0488 98.4759 94.2031 115.322 91.9071 130.738 89.1513 96.0451 87.9747 87.9009 87.3639 85.77 84.8452 91.7149 83.1644 81.9882 80.2045 90.3476 124.312 130.199 117.635 92.8073 83.0141 78.3601 85.1378 77.3077 76.7384 76.1463 100.744 98.6234 136.076 96.7385 75.2484 76.271 85.5633
threshold=-0.029403871826759496 -0.028637250471335196 -0.030277302920905046 -0.0030902403821873995 0.072668536111229962 0.0028569198156536001 0.052764088490747811 0.019276473153008154 -0.067458856272070142 -0.017188718119941698 -0.056087096471880642 0.072241345341184815 0.027748501998407653 0.015063259975551203 0.014748036557075203 0.0040925101693310506 -0.0034743613382498995 0.065848089103638416 0.022955267920343404 -0.040772381225188649 0.0010765850992891502 0.04546504610569551 -0.0034789025281389495 -0.010458251794356149 -0.0059268096207822493 0.0092349741236053516 0.0098318791138669506 0.015563810792707451 -0.025159770746512999 0.011635344298762302 -0.065279481635059131 -0.010157038976235247 -0.023503359776086395 0.055562651683047005 -0.041731744523812495 0.0018425186496835004 -0.0067980986192306492 0.044286693128991854 0.022481475479051754 -0.075434581647971732 0.0044643211110372014 -0.012543579258443798 0.068252256730034919 -0.058618840614676343 0.053108879682763205 -0.012056636919736097
decision_type=2 2 2 2 2 2 2 2 2 2 2 2 2 2 2 2 2 2 2 2 2 2 2 2 2 2 2 2 2 2 2 2 2 2 2 2 2 2 2 2 2 2 2 2 2 2
left_child=1 2 -1 43 -5 9 7 13 25 10 -3 -9 -12 14 15 22 -17 18 26 -19 37 -15 -7 24 -16 -8 -13 38 -29 30 -30 32 -31 -33 35 -10 -25 -14 -11 -40 42 -42 -41 44 45 -4
right_child=-2 5 3 4 -6 6 8 11 34 27 12 17 20 21 23 16 -18 19 -20 -21 -22 -23 -24 36 -26 -27 -28 28 29 31 -32 33 -34 -35 -36 -37 -38 -39 39 40 41 -43 -44 -45 -46 -47
leaf_value=-0.0083708611166147823 -0.00094890760284322003 0.033711235780820317 0.011426869519000106 0.011300423979270899 -0.14720209660235531 0.013977029581706126 -0.067210047399221082 -0.012928665251039419 -0.23763650979878648 0.013174304621273199 -0.0059677347364272531 -0.085007621021290558 -0.07840244618417587 0.033711921900811029 0.04397292170957607 0.007205128707255642 -0.11083980337436816 0.049616477353429916 -0.0082949432887288992 -0.17122246610657735 -0.013527633616212967 -0.016290274928937341 -0.028313963524701904 0.088059373645243161 -0.055730936865004715 -0.24032445183874898 -0.21115516105702051 -0.0036356047774193444 -0.1122837922129248 -0.16769898570949832 0.066819041696016213 0.051263849126596095 -0.017299423340614885 -0.14475750643306451 -0.017525490986888416 -0.0064040751932510015 0.010670352049524805 -0.2696322062849027 -0.1951346611188304 0.020256411914289185 -0.13793606994671226 -0.010148536861431502 -0.1728893071738658 0.029767294241260289 -0.060264229600948668 0.14377591886707738
leaf_weight=1179 87036 517 68 1856 43 970 59 2027 35 3302 2601 158 229 1665 170 163 219 98 98 22 265 440 941 281 200 52 76 626 42 54 1079 334 168 23 705 29 237 23 31 595 125 247 27 1494 31 171
leaf_count=1179 87036 517 68 1856 43 970 59 2027 35 3302 2601 158 229 1665 170 163 219 98 98 22 265 440 941 281 200 52 76 626 42 54 1079 334 168 23 705 29 237 23 31 595 125 247 27 1494 31 171
internal_value=-1.55729e-11 0.00347378 0.015023 0.0225528 0.00771137 0.00052013 -0.00651745 -0.00244979 -0.0424099 0.0064338 -0.00710699 -0.0223488 -0.0138751 0.00688237 -0.0039555 -0.0157807 -0.0604698 -0.0645938 -0.0912407 0.00912934 -0.0536567 0.0232602 -0.00684758 0.0265797 -0.00992106 -0.148309 -0.125979 0.0138321 0.0287776 0.0407132 0.0601087 0.00316175 -0.0538831 0.038635 -0.0271241 -0.132859 0.0526517 -0.095856 0.00579807 -0.0179642 -0.0124388 -0.0530879 0.0118723 0.03853 0.0870167 0.10612
internal_weight=110811 23775 4842 3663 1899 18933 8645 7765 880 10288 3635 2479 3118 5286 3181 2293 382 452 332 120 517 2105 1911 888 370 111 234 6653 2326 1700 1121 579 222 357 769 64 518 252 4327 1025 994 372 622 1764 270 239
internal_count=110811 23775 4842 3663 1899 18933 8645 7765 880 10288 3635 2479 3118 5286 3181 2293 382 452 332 120 517 2105 1911 888 370 111 234 6653 2326 1700 1121 579 222 357 769 64 518 252 4327 1025 994 372 622 1764 270 239
is_linear=0
shrinkage=0.0998


end of trees

feature_importances:
SVD_1=222
SVD_15=220
Sentiment=220
SVD_11=216
SVD_0=184
SVD_21=183
SVD_7=181
SVD_3=177
SVD_28=170
SVD_24=153
SVD_9=150
SVD_62=144
SVD_20=139
SVD_33=134
SVD_2=129
SVD_13=129
SVD_4=123
SVD_38=122
SVD_12=117
SVD_60=111
SVD_14=110
SVD_68=110
SVD_94=109
SVD_26=108
SVD_42=107
SVD_23=106
SVD_6=105
SVD_90=105
SVD_18=104
SVD_74=104
SVD_55=102
SVD_31=101
SVD_93=100
SVD_22=98
SVD_30=95
SVD_91=95
SVD_19=94
SVD_63=93
SVD_40=92
SVD_5=91
SVD_70=90
SVD_39=89
SVD_48=89
SVD_69=89
SVD_8=88
SVD_34=88
SVD_51=88
SVD_80=88
SVD_65=87
SVD_27=86
SVD_17=85
SVD_95=83
SVD_29=81
SVD_84=81
SVD_10=80
SVD_46=78
SVD_49=78
SVD_97=75
SVD_66=74
SVD_59=72
SVD_75=70
SVD_87=69
SVD_32=68
SVD_77=68
SVD_54=67
SVD_53=66
SVD_25=64
SVD_92=64
SVD_36=63
SVD_88=63
SVD_96=63
SVD_58=62
SVD_76=62
SVD_41=61
SVD_82=61
SVD_89=61
SVD_73=60
SVD_67=59
SVD_79=58
SVD_43=56
SVD_37=55
SVD_86=55
SVD_57=53
SVD_98=53
SVD_71=52
SVD_78=51
SVD_99=51
SVD_72=50
SVD_81=50
SVD_45=49
SVD_64=49
SVD_61=48
SVD_44=47
SVD_85=45
SVD_35=44
SVD_83=41
SVD_52=40
SVD_47=39
SVD_56=36
SVD_50=34
SVD_16=25

parameters:
[boosting: gbdt]
[objective: regression]
[metric: l2]
[tree_learner: serial]
[device_type: cpu]
[data_sample_strategy: bagging]
[data: ]
[valid: ]
[num_iterations: 199]
[learning_rate: 0.0998]
[num_leaves: 47]
[num_threads: 8]
[seed: 0]
[deterministic: 0]
[force_col_wise: 0]
[force_row_wise: 0]
[histogram_pool_size: -1]
[max_depth: 9]
[min_data_in_leaf: 20]
[min_sum_hessian_in_leaf: 0.001]
[bagging_fraction: 1]
[pos_bagging_fraction: 1]
[neg_bagging_fraction: 1]
[bagging_freq: 0]
[bagging_seed: 3]
[bagging_by_query: 0]
[feature_fraction: 1]
[feature_fraction_bynode: 1]
[feature_fraction_seed: 2]
[extra_trees: 0]
[extra_seed: 6]
[early_stopping_round: 0]
[early_stopping_min_delta: 0]
[first_metric_only: 0]
[max_delta_step: 0]
[lambda_l1: 0]
[lambda_l2: 0]
[linear_lambda: 0]
[min_gain_to_split: 0]
[drop_rate: 0.1]
[max_drop: 50]
[skip_drop: 0.5]
[xgboost_dart_mode: 0]
[uniform_drop: 0]
[drop_seed: 4]
[top_rate: 0.2]
[other_rate: 0.1]
[min_data_per_group: 100]
[max_cat_threshold: 32]
[cat_l2: 10]
[cat_smooth: 10]
[max_cat_to_onehot: 4]
[top_k: 20]
[monotone_constraints: ]
[monotone_constraints_method: basic]
[monotone_penalty: 0]
[feature_contri: ]
[forcedsplits_filename: ]
[refit_decay_rate: 0.9]
[cegb_tradeoff: 1]
[cegb_penalty_split: 0]
[cegb_penalty_feature_lazy: ]
[cegb_penalty_feature_coupled: ]
[path_smooth: 0]
[interaction_constraints: ]
[verbosity: 1]
[saved_feature_importance_type: 0]
[use_quantized_grad: 0]
[num_grad_quant_bins: 4]
[quant_train_renew_leaf: 0]
[stochastic_rounding: 1]
[linear_tree: 0]
[max_bin: 255]
[max_bin_by_feature: ]
[min_data_in_bin: 3]
[bin_construct_sample_cnt: 200000]
[data_random_seed: 1]
[is_enable_sparse: 1]
[enable_bundle: 1]
[use_missing: 1]
[zero_as_missing: 0]
[feature_pre_filter: 1]
[pre_partition: 0]
[two_round: 0]
[header: 0]
[label_column: ]
[weight_column: ]
[group_column: ]
[ignore_column: ]
[categorical_feature: ]
[forcedbins_filename: ]
[precise_float_parser: 0]
[parser_config_file: ]
[objective_seed: 5]
[num_class: 1]
[is_unbalance: 0]
[scale_pos_weight: 1]
[sigmoid: 1]
[boost_from_average: 1]
[reg_sqrt: 0]
[alpha: 0.9]
[fair_c: 1]
[poisson_max_delta_step: 0.7]
[tweedie_variance_power: 1.5]
[lambdarank_truncation_level: 30]
[lambdarank_norm: 1]
[label_gain: ]
[lambdarank_position_bias_regularization: 0]
[eval_at: ]
[multi_error_top_k: 1]
[auc_mu_weights: ]
[num_machines: 1]
[local_listen_port: 12400]
[time_out: 120]
[machine_list_filename: ]
[machines: ]
[gpu_platform_id: -1]
[gpu_device_id: -1]
[gpu_use_dp: 0]
[num_gpu: 1]

end of parameters

pandas_categorical:[]
