tree
version=v4
num_class=1
num_tree_per_iteration=1
label_index=0
max_feature_idx=100
objective=regression
feature_names=SVD_0 SVD_1 SVD_2 SVD_3 SVD_4 SVD_5 SVD_6 SVD_7 SVD_8 SVD_9 SVD_10 SVD_11 SVD_12 SVD_13 SVD_14 SVD_15 SVD_16 SVD_17 SVD_18 SVD_19 SVD_20 SVD_21 SVD_22 SVD_23 SVD_24 SVD_25 SVD_26 SVD_27 SVD_28 SVD_29 SVD_30 SVD_31 SVD_32 SVD_33 SVD_34 SVD_35 SVD_36 SVD_37 SVD_38 SVD_39 SVD_40 SVD_41 SVD_42 SVD_43 SVD_44 SVD_45 SVD_46 SVD_47 SVD_48 SVD_49 SVD_50 SVD_51 SVD_52 SVD_53 SVD_54 SVD_55 SVD_56 SVD_57 SVD_58 SVD_59 SVD_60 SVD_61 SVD_62 SVD_63 SVD_64 SVD_65 SVD_66 SVD_67 SVD_68 SVD_69 SVD_70 SVD_71 SVD_72 SVD_73 SVD_74 SVD_75 SVD_76 SVD_77 SVD_78 SVD_79 SVD_80 SVD_81 SVD_82 SVD_83 SVD_84 SVD_85 SVD_86 SVD_87 SVD_88 SVD_89 SVD_90 SVD_91 SVD_92 SVD_93 SVD_94 SVD_95 SVD_96 SVD_97 SVD_98 SVD_99 Sentiment
feature_infos=[0.0140241210399339:0.46225580201630101] [-0.3289436129286557:0.51441455654519508] [-0.30138214719916268:0.38874745970413649] [-0.36751038813230819:0.3795489908236061] [-0.42974451523891199:0.33098464400620609] [-0.27178820603390219:0.47570034619283169] [-0.27932655082389329:0.40841137020376] [-0.33103143607375091:0.40017464804058778] [-0.32835098477399549:0.55128368910221426] [-0.28492663753456748:0.32466029370721289] [-0.29978929520262732:0.46274622010768851] [-0.3640951246917738:0.27805317060144108] [-0.29036224678326922:0.28611927350892691] [-0.29898531255112859:0.29569443089589448] [-0.30220780045236428:0.3601441328561284] [-0.27525349882450462:0.29068197351417191] [-0.27577492496825368:0.33801460146837059] [-0.28438197967332252:0.44301835597008238] [-0.35249144095743318:0.50059553891568975] [-0.2615544003345428:0.30009017446009251] [-0.2939446284614548:0.25977706870761769] [-0.3004849575318822:0.33259067833044947] [-0.29248412385142208:0.31502475452488982] [-0.2978307745814584:0.26617882134721288] [-0.22940238932092091:0.30446590946594809] [-0.28141009667037209:0.33392984577918272] [-0.29761390639400148:0.38974151698547521] [-0.23265128314925199:0.3020370181000363] [-0.30981119841010868:0.29056032049602371] [-0.29513880236187401:0.31451466046880239] [-0.22175738524380079:0.3223984515778372] [-0.23319798130350519:0.32344243121758798] [-0.28170954820745298:0.28056071351807038] [-0.20866610346142339:0.24027994763368959] [-0.2898907408214359:0.28607768811688927] [-0.22431674436394189:0.2804288654291564] [-0.2252080856579636:0.2536126735500383] [-0.29282089071392731:0.25653994831087418] [-0.23360086268393659:0.38222730733846499] [-0.22241042494644439:0.19377656726743769] [-0.2174105978475934:0.26189401273096491] [-0.25365190286097689:0.23787985776979531] [-0.25608725334157778:0.26462613181460082] [-0.28410408333013609:0.28475472804364221] [-0.23139595626640511:0.21859674695855319] [-0.23343270590542509:0.3073076174655307] [-0.2505599366470771:0.35389350184602858] [-0.24742711082545379:0.23372537073822891] [-0.32209161803767228:0.32131762544428588] [-0.24122667541399939:0.3295483068175899] [-0.1908683577217688:0.27172870604795879] [-0.21720815185640691:0.26914280840941518] [-0.27698277468931021:0.3638506792796114] [-0.20122182944460609:0.27266425135669731] [-0.23459528425455481:0.23106312842924839] [-0.23617153446192199:0.2643450426909239] [-0.24118522215567151:0.2481151147219014] [-0.206022102281298:0.26125632228972739] [-0.22438282215815231:0.2183913988408821] [-0.24904556451432189:0.25339059059694208] [-0.18140959528335049:0.2454433848263799] [-0.2427859830678355:0.24916222747539271] [-0.19587664439101829:0.30325980272194691] [-0.20392760222534359:0.26352727058200659] [-0.2102513451072453:0.27900723398469912] [-0.18485017966448519:0.23030441091227269] [-0.23072060949358139:0.26555495114569161] [-0.2020465663155229:0.21085669998491149] [-0.2485956734271289:0.2130794522418572] [-0.21370073202426729:0.21456859472150519] [-0.19408001769865491:0.22370341197012231] [-0.18659239453159329:0.29048056229558139] [-0.22169512013775899:0.19663844961737881] [-0.2405878416225414:0.23765143055693599] [-0.24455821383634019:0.2191188933295127] [-0.20839708638020191:0.26854078607770709] [-0.25512528690713732:0.2392956888282653] [-0.1877446480445058:0.28676951738889761] [-0.18497673446351739:0.2752483292091007] [-0.22123814047129839:0.22912254570212029] [-0.21041951382819429:0.19499273885034779] [-0.224245589004165:0.2477160263545338] [-0.20543162152410641:0.2438309095740078] [-0.2159227403556262:0.21038198729293989] [-0.20842326382994389:0.23036723729934219] [-0.2011598144477347:0.20282462189659001] [-0.1544741058342565:0.2161579343931328] [-0.2402709880922341:0.22814309091443921] [-0.18430389192365579:0.22242739895904581] [-0.224686235078663:0.191980166294801] [-0.157611730016991:0.2153342675178965] [-0.1730439688891916:0.23403547843908509] [-0.2119122535970529:0.2445775870017331] [-0.18781628953476881:0.1615692564986447] [-0.18572008744894669:0.19650632727469891] [-0.15919292617997641:0.20988581491290439] [-0.18299755896361619:0.19474537313481699] [-0.24436617269651639:0.214465068193781] [-0.17965245635595689:0.18999328881562569] [-0.1775492595992185:0.17772398601449799] [-0.99560000000000004:0.99370000000000003]
tree_sizes=2182 2316 2303 2301 2324 2323 2333 2324 2328 2308 2321 2338 2312 2314 2329 2323 2341 2326 2314 2329 2347 2344 2329 2337 2325 2337 2321 2327 2344 2331 2324 2322 2326 2331 2332 2336 2347 2333 2336 2342 2331 2328 2345 2339 2336 2345 2342 2327 2334 2345 2333 2332 2337 2339 2345 2337 2343 2348 2334 2351 2327 2348 2336 2337 2335 2344 2335 2356 2347 2332 2334 2332 2354 2335 2340 2339 2350 2357 2350 2342 2337 2358 2323 2359 2347 2341 2351 2348 2337 2340 2344 2343 2336 2336 2360 2348 2339 2335 2351 2351 2347 2349 2363 2356 2353 2326 2346 2349 2356 2340 2346 2350 2327 2360 2342 2347 2346 2356 2350 2345 2348 2337 2339 2341 2359 2360 2345 2344 2348 2352 2330 2335 2357 2348 2340 2341 2353 2348 2341 2351 2358 2337 2368 2345 2343 2348 2336 2347 2334 2350

Tree=0
num_leaves=23
num_cat=0
split_feature=100 11 100 5 100 1 15 9 1 1 15 1 2 2 5 1 11 7 15 9 15 3
split_gain=73579.8 25265.7 10828.2 9318.19 7684.51 4533.3 4238.09 4040.5 3918.51 3885.84 3657.46 3363.19 3701.4 2638.34 2451.99 2309.67 2163.66 2089.96 1912.87 1865.67 1865.36 1780.11
threshold=-0.24919999999999998 -0.0054274964605963991 0.5273000000000001 0.0060323741847945504 -0.84674999999999989 0.023233723475790755 -0.028850744153839199 -0.030100682472812498 -0.039198989009521297 0.036597395995265555 -0.046410671377038144 -0.0109481708729846 -0.06432641396568109 -0.056984100260755094 -0.0031532910695055492 0.036597395995265555 0.00094840894575840007 0.0113560394668704 -0.0030590357167551998 -0.029565661379314146 -0.026182659013875498 0.031543377519723005
decision_type=2 2 2 2 2 2 2 2 2 2 2 2 2 2 2 2 2 2 2 2 2 2
left_child=1 4 5 8 11 14 -7 -5 -3 13 15 12 -1 -6 -2 -4 -12 -9 -10 -16 -11 -15
right_child=2 3 10 7 9 6 -8 17 18 20 16 -13 -14 21 19 -17 -18 -19 -20 -21 -22 -23
leaf_value=6.9953139120497969 7.0396592520592662 7.0307588460851447 7.0353430741499876 7.0018907445732053 7.0148330682425737 6.9479595577263078 7.0091275400460606 6.9744594127024246 6.9744129570778117 6.9066677104008098 7.0380628264093525 6.8951698358209228 6.9278853422332896 6.95893703669649 7.0286045164871158 6.9771719170543074 7.0569187874360306 6.9300162542339869 7.0141582562245759 7.0004720738788899 6.9578460028679308 6.9922065641861204
leaf_weight=1226 8028 9737 2085 3290 1854 1973 4835 2611 2948 1634 12260 2986 5662 6612 5776 1419 19543 2630 3045 5890 1918 2849
leaf_count=1226 8028 9737 2085 3290 1854 1973 4835 2611 2948 1634 12260 2986 5662 6612 5776 1419 19543 2630 3045 5890 1918 2849
internal_value=7.00762 6.97543 7.03314 7.00093 6.95041 7.01614 6.9914 6.97133 7.01699 6.96639 7.04589 6.92636 6.93988 6.97647 7.0247 7.01178 7.04965 6.95215 6.99461 7.0144 6.93429 6.96895
internal_weight=110811 49002 61809 24261 24741 26502 6808 8531 15730 14867 35307 9874 6888 11315 19694 3504 31803 5241 5993 11666 3552 9461
internal_count=110811 49002 61809 24261 24741 26502 6808 8531 15730 14867 35307 9874 6888 11315 19694 3504 31803 5241 5993 11666 3552 9461
is_linear=0
shrinkage=1


Tree=1
num_leaves=23
num_cat=0
split_feature=100 11 5 100 100 1 15 9 1 1 2 100 2 3 15 15 15 2 100 24 14 33
split_gain=68619.7 23972.5 9022 8515.74 7891.25 4684.78 4888.39 4678.2 4474.89 3913.76 3132.83 2982.2 2583.85 2507.44 2372.78 2196.84 2141.03 1946.81 1905.59 1902.68 1756.6 1683.51
threshold=-0.12714999999999996 -0.014832961824089648 0.0060323741847945504 0.74330000000000018 -0.89139999999999986 0.023233723475790755 -0.029470645471271848 -0.029565661379314146 -0.039719878089841593 0.036597395995265555 -0.056984100260755094 -0.76479999999999981 -0.073369462239977187 0.023877666434334702 -0.038195205855435795 -0.049754782208191746 -0.018889827030510797 -0.051604985828024245 -0.62474999999999992 -0.0023737218490033495 -0.041883652800327596 -0.058757165160958892
decision_type=2 2 2 2 2 2 2 2 2 2 2 2 2 2 2 2 2 2 2 2 2 2
left_child=1 4 8 5 12 13 -7 21 19 10 -6 -9 -1 17 -10 -5 -11 -2 -12 -3 -16 -4
right_child=3 2 7 15 9 6 -8 11 14 16 18 -13 -14 -15 20 -17 -18 -19 -20 -21 -22 -23
leaf_value=-0.033874976508407498 0.0393244564860896 0.033876361084112912 -0.071683741599966627 0.0056348663337432896 0.0062150142386979282 -0.048849815989562853 0.0094653039297895609 -0.078530412319339438 -0.052736218768370459 -0.098479749338144004 -0.055610618428451698 -0.031313234850069684 -0.098933493641808437 0.038155484977284999 0.029693225948230338 0.046086239974254227 -0.047090378867147918 0.0092154993579376832 -0.025210634163181402 0.005550602524258535 -0.01551520462458918 0.0020472630299868512
leaf_weight=879 3300 5819 425 1802 2037 2451 6480 2974 1630 2074 5511 3736 5412 8881 1395 21389 1947 13648 4756 5921 4470 3874
leaf_count=879 3300 5819 425 1802 2037 2451 6480 2974 1630 2074 5511 3736 5412 8881 1395 21389 1947 13648 4756 5921 4470 3874
internal_value=0 -0.0289819 -0.00849747 0.0264357 -0.0563744 0.0154213 -0.00653729 -0.0338914 0.00603586 -0.0434736 -0.0336247 -0.0522447 -0.0898471 0.0230147 -0.0151961 0.0429438 -0.0736037 0.0150794 -0.0415306 0.0195921 -0.00475894 -0.00524039
internal_weight=110811 52860 30244 57951 22616 34760 8931 11009 19235 16325 12304 6710 6291 25829 7495 23191 4021 16948 10267 11740 5865 4299
internal_count=110811 52860 30244 57951 22616 34760 8931 11009 19235 16325 12304 6710 6291 25829 7495 23191 4021 16948 10267 11740 5865 4299
is_linear=0
shrinkage=0.0351744


Tree=2
num_leaves=23
num_cat=0
split_feature=100 11 100 5 15 1 15 1 7 15 1 5 18 2 100 9 1 100 11 37 15 20
split_gain=64072.6 21236.5 11363.7 8393.13 6595.41 4403.76 4110.21 4078 3281.46 3194.96 3183.37 2613.83 2270.52 2560 2471.05 2253.54 2242.59 2026.53 1941.13 1776.73 1683.55 1936.08
threshold=-0.36109999999999992 -0.0054274964605963991 0.5273000000000001 0.0060323741847945504 -0.0099521616891134479 0.023233723475790755 -0.017923061294452498 0.018851818115529401 0.02534889633907365 -0.044093960342047094 -0.035604141808636296 -0.0007645497752643499 0.14970622230451747 -0.065636685617632834 -0.89559999999999984 -0.029565661379314146 0.045355472178381158 -0.9061499999999999 0.00094840894575840007 -0.030173135708893049 0.019943716421292654 -0.0096297902456573495
decision_type=2 2 2 2 2 2 2 2 2 2 2 2 2 2 2 2 2 2 2 2 2 2
left_child=1 4 5 10 7 11 -7 12 -5 16 -3 -2 13 -1 -15 -13 -4 -6 -11 -10 21 -12
right_child=2 3 9 8 17 6 -8 -9 19 18 20 15 -14 14 -16 -17 -18 -19 -20 -21 -22 -23
leaf_value=-0.011139693081264642 0.027768425451865322 0.02031955631511264 0.02631724689708928 -0.019592120866367375 -0.063575915834792621 -0.049988347044270354 0.0031066515324576402 -0.1061083399746693 -0.10712855306554828 0.028402037820021132 -0.00021608650940050441 0.018760931121396363 0.028109156088487765 -0.099634044060868732 -0.056388501646860476 -0.010897794948982249 -0.029398682338294273 -0.028001238426337238 0.046345814357627364 -0.048069233312897378 0.014709969525538422 -0.052532804427021886
leaf_weight=974 9918 9306 2369 4819 2593 2859 4886 3494 927 12149 1654 6226 340 2558 4542 6456 1435 8415 19354 1976 1701 1860
leaf_count=974 9918 9306 2369 4819 2593 2859 4886 3494 927 12149 1654 6226 340 2558 4542 6456 1435 8415 19354 1976 1701 1860
internal_value=0 -0.0322495 0.0221829 -0.00776532 -0.0560138 0.00639697 -0.0164914 -0.0741583 -0.0373949 0.0357497 0.00799023 0.0142416 -0.060887 -0.0646372 -0.0719734 0.00366137 0.00529454 -0.0363834 0.0394266 -0.0669391 -0.0140078 -0.0279138
internal_weight=110811 45159 65652 22243 22916 30345 7745 11908 7722 35307 14521 22600 8414 8074 7100 12682 3804 11008 31503 2903 5215 3514
internal_count=110811 45159 65652 22243 22916 30345 7745 11908 7722 35307 14521 22600 8414 8074 7100 12682 3804 11008 31503 2903 5215 3514
is_linear=0
shrinkage=0.0351744


Tree=3
num_leaves=23
num_cat=0
split_feature=100 11 100 5 15 11 1 1 9 1 15 15 2 100 14 9 1 1 2 7 4 3
split_gain=59746.2 18755 12271.7 8213.88 5109.03 4970.24 4087.33 3506.03 3248.84 3225.82 2978.55 2327.52 2067.33 2372.22 1960.86 1946.58 1940.36 1936.91 1780.6 1773.34 1722.68 1743.3
threshold=-0.45819999999999994 -0.014832961824089648 0.5273000000000001 0.006431453249888551 0.004182429908162851 -0.0049417004250916991 0.036597395995265555 -0.036816370909091643 -0.033953573498802188 0.018851818115529401 -0.046410671377038144 -0.0053881507231608988 -0.065636685617632834 -0.93124999999999991 -0.042693581308801444 -0.048728933350633989 0.036597395995265555 0.027897564576369851 -0.042595275058382141 0.011916101677242151 0.075035994885910715 0.029133736221182555
decision_type=2 2 2 2 2 2 2 2 2 2 2 2 2 2 2 2 2 2 2 2 2 2
left_child=1 4 5 7 9 6 18 20 -5 12 16 17 -1 -14 -9 -12 -4 -7 -2 -10 21 -3
right_child=2 3 10 8 -6 11 -8 14 19 -11 15 -13 13 -15 -16 -17 -18 -19 -20 -21 -22 -23
leaf_value=-0.013962064536990405 0.026101804553961869 -0.015936654472603794 0.025305016646597314 -0.010226168434034141 -0.036184404498760078 0.01215802780872941 -0.042418130291424418 0.017449597197458949 -0.036228099788621376 -0.10411687496263128 0.052673039958746767 0.028532062227357852 -0.10617601281371539 -0.057992324953511733 -0.031893057281017122 0.032759474030484188 -0.028012904095923143 -0.028952132222426336 -0.0070776270016723979 -0.076792656435910461 0.039352628394259501 0.019779368426437842
leaf_weight=948 2564 2732 2085 2757 6770 6862 3654 1311 2577 3298 8182 10088 1654 5386 4147 23621 1419 1787 9114 2769 2651 4435
leaf_count=948 2564 2732 2085 2757 6770 6862 3654 1311 2577 3298 8182 10088 1654 5386 4147 23621 1419 1787 9114 2769 2651 4435
internal_value=0 -0.0334204 0.0199603 -0.0126224 -0.0603485 0.00489967 -0.00995164 0.00256131 -0.0412488 -0.0748413 0.0344922 0.017053 -0.0627504 -0.0693173 -0.0200378 0.0378834 0.00370804 0.0036618 0.000206029 -0.0572436 0.0151264 0.00616235
internal_weight=110811 41435 69376 23379 18056 34069 15332 15276 8103 11286 35307 18737 7988 7040 5458 31803 3504 8649 11678 5346 9818 7167
internal_count=110811 41435 69376 23379 18056 34069 15332 15276 8103 11286 35307 18737 7988 7040 5458 31803 3504 8649 11678 5346 9818 7167
is_linear=0
shrinkage=0.0351744


Tree=4
num_leaves=23
num_cat=0
split_feature=100 11 5 100 100 9 1 15 1 15 100 2 21 15 3 1 15 2 24 30 28 14
split_gain=55800 20069.2 7386.84 6878.55 6705.79 4140.43 3912.26 4119.66 3640.86 2862.63 2782.53 2555.29 2232.8 2163.38 1994.16 1909.64 2115.4 1783.32 1739.99 1725.92 1557.8 1521.73
threshold=-0.10264999999999998 -0.014832961824089648 0.006431453249888551 0.74330000000000018 -0.83144999999999991 -0.039770614529429239 0.033502415493766806 -0.027757079694464299 -0.039719878089841593 -0.0099521616891134479 -0.85564999999999991 -0.074804891597230638 0.050612858482826158 -0.038195205855435795 0.023877666434334702 0.036597395995265555 -0.018388492479708345 -0.051604985828024245 -0.0023737218490033495 0.016991339185559253 -0.0022766277410646496 -0.041883652800327596
decision_type=2 2 2 2 2 2 2 2 2 2 2 2 2 2 2 2 2 2 2 2 2 2
left_child=1 4 8 6 11 -4 14 -8 18 12 -7 -1 -6 -10 17 -5 -17 -2 -3 -13 -19 -15
right_child=3 2 5 15 9 10 7 -9 13 -11 -12 19 -14 21 -16 16 -18 20 -20 -21 -22 -23
leaf_value=-0.025451073516426437 0.036789290687284239 0.031520474559945229 0.0017157127310822374 0.045052862358451379 -0.062165884561714735 -0.079090457141196766 -0.046537743666780665 0.0087121961772798923 -0.048574795089564159 -0.020207781476925854 -0.031522489015565272 -0.067489885885728781 -0.0078352408252365165 0.0285457560668545 0.03421643730940941 -0.010394814922152404 0.035125490379436318 -0.0048019065209703275 0.0046487532379924116 -0.1007498404482694 0.019078128930704215 -0.013138984123095018
leaf_weight=1170 3321 5899 3476 16957 5225 2098 2342 5815 1667 7354 5546 4715 1141 1419 8949 1759 4475 6286 6031 3278 7308 4580
leaf_count=1170 3321 5899 3476 16957 5225 2098 2342 5815 1667 7354 5546 4715 1141 1419 8949 1759 4475 6286 6031 3278 7308 4580
internal_value=-1.46756e-08 -0.0257881 -0.00720991 0.0241593 -0.0507249 -0.0301083 0.0140887 -0.00714949 0.00578338 -0.0351609 -0.0445818 -0.0740264 -0.0524311 -0.0131291 0.0207874 0.0389319 0.0222788 0.0136814 0.0179376 -0.081134 0.00803462 -0.00327562
internal_weight=110811 53599 30716 57212 22883 11120 34021 8157 19596 13720 7644 9163 6366 7666 25864 23191 6234 16915 11930 7993 13594 5999
internal_count=110811 53599 30716 57212 22883 11120 34021 8157 19596 13720 7644 9163 6366 7666 25864 23191 6234 16915 11930 7993 13594 5999
is_linear=0
shrinkage=0.0351744


Tree=5
num_leaves=23
num_cat=0
split_feature=100 100 5 1 15 9 15 1 2 100 3 14 15 1 24 100 13 20 9 24 100 64
split_gain=52245.8 10656.1 9741.78 7625.65 4825.55 4788.09 4326.2 3775.14 3752.29 3011.78 2811.3 2747.21 2685.41 2915.75 2546.76 2472.56 1708.89 1685.38 1646.97 1583.32 1582.85 1492.61
threshold=-0.45819999999999994 0.5273000000000001 0.006431453249888551 -0.0099880315589697486 -0.035635790281660189 -0.036328493634105598 -0.030123886687279947 0.03941418630084096 -0.059279961538838043 -0.90994999999999993 0.090767803853695816 -0.041883652800327596 -0.025097330520276896 0.030608773561614001 0.0012201193948971503 -0.93124999999999991 0.043521661990152255 0.00045839166921165007 -0.067280322973575876 0.0096773958339143509 -0.88329999999999986 0.033311017938045459
decision_type=2 2 2 2 2 2 2 2 2 2 2 2 2 2 2 2 2 2 2 2 2 2
left_child=2 6 3 8 17 16 7 -2 -1 -7 15 -6 13 -3 -8 -10 21 -5 -16 -14 -13 -4
right_child=1 12 5 4 11 9 14 -9 10 -11 -12 20 19 -15 18 -17 -18 -19 -20 -21 -22 -23
leaf_value=0.020317868716352636 -0.0025995419741948293 0.028923897393622118 -0.044043101765277808 -0.050895480801076282 0.015975838011822858 -0.097969921806098606 0.022609248602338778 -0.055408373620206994 -0.059653958619937907 -0.055360412036486853 0.012709375981238764 -0.076937530752970912 0.04414982334471082 -0.018607275475497669 0.034590481027046559 -0.015943974334675037 0.025246621073855287 -0.10897656107541445 -0.0041997985204341231 0.027220949069821455 -0.02825534996820343 0.01082774293268402
leaf_weight=5002 5932 4757 2990 1018 1331 2759 13098 2334 2011 8037 3286 1162 16424 2403 1541 7866 753 1581 11164 11723 2868 771
leaf_count=5002 5932 4757 2990 1018 1331 2759 13098 2334 2011 8037 3286 1162 16424 2403 1541 7866 753 1581 11164 11723 2868 771
internal_value=-3.89374e-08 0.0186653 -0.0312524 -0.0181949 -0.0469025 -0.0535322 0.00463104 -0.0175135 -0.00561387 -0.0662525 -0.0154694 -0.0278276 0.0322069 0.0129694 0.0117258 -0.024846 -0.0231046 -0.0862379 0.000504185 0.0370999 -0.0422989 -0.0327903
internal_weight=110811 69376 41435 26125 7960 15310 34069 8266 18165 10796 13163 5361 35307 7160 25803 9877 4514 2599 12705 28147 4030 3761
internal_count=110811 69376 41435 26125 7960 15310 34069 8266 18165 10796 13163 5361 35307 7160 25803 9877 4514 2599 12705 28147 4030 3761
is_linear=0
shrinkage=0.0351744


Tree=6
num_leaves=23
num_cat=0
split_feature=100 11 100 5 15 11 1 1 7 15 1 2 100 11 13 15 20 2 11 15 15 33
split_gain=48635.2 16225.6 9919.63 6130.85 5442.87 4450.59 4056.19 3514.85 2642.41 2523.46 2986.04 2315.99 2430.37 2144.2 2059.16 2011.91 1801.89 1601.44 1495.6 1467.87 1363.58 1306
threshold=-0.45819999999999994 0.0057539464899786013 0.5273000000000001 0.019760869183026303 -0.0021966686799221495 -0.0049417004250916991 0.018851818115529401 0.036597395995265555 0.02534889633907365 -0.013156848115637049 0.045355472178381158 -0.065636685617632834 -0.89559999999999984 -0.042279608257036541 0.013258992544083451 -0.0053881507231608988 0.0045911742205492507 -0.042595275058382141 -0.016008746476948197 -0.014688854341964248 -0.030695532482002647 -0.038005689863504839
decision_type=2 2 2 2 2 2 2 2 2 2 2 2 2 2 2 2 2 2 2 2 2 2
left_child=1 4 5 14 6 7 11 17 -5 10 -4 -1 -13 -6 19 16 -7 -2 -11 -3 -9 -10
right_child=2 3 9 8 13 15 -8 20 21 18 -12 12 -14 -15 -16 -17 -18 -19 -20 -21 -22 -23
leaf_value=-0.0059769979622729952 0.024392541305242977 -0.024789278602302466 0.028167342313841007 -0.018067873955981847 -0.047259818198039455 0.018126490991395423 -0.092867501336359529 -0.068034002521057971 -0.12118831664812367 0.022905074454154892 -0.014380198988912364 -0.080503001347448325 -0.043339417549543464 -0.014715637823799458 0.024185989122682255 0.026641081889561775 -0.01412535532564198 -0.0070733970223553428 0.042230569608574478 0.0088472616231864368 -0.023385253973316152 -0.05355204522184167
leaf_weight=1258 2564 2644 7267 2472 4355 4732 3868 1334 532 6785 2837 3416 6016 5901 5832 10088 3917 9114 18418 4084 2320 1057
leaf_count=1258 2564 2644 7267 2472 4355 4732 3868 1334 532 6785 2837 3416 6016 5901 5832 10088 3917 9114 18418 4084 2320 1057
internal_value=-6.77873e-08 -0.0301532 0.0180088 -0.00325762 -0.0481677 0.00446811 -0.0619958 -0.00958537 -0.0408271 0.0310741 0.0162192 -0.0508226 -0.0568019 -0.028537 0.00888869 0.0159686 0.00351821 -0.000163125 0.0370287 -0.00436919 -0.0396925 -0.0762174
internal_weight=110811 41435 69376 16621 24814 34069 14558 15332 4061 35307 10104 10690 9432 10256 12560 18737 8649 11678 25203 6728 3654 1589
internal_count=110811 41435 69376 16621 24814 34069 14558 15332 4061 35307 10104 10690 9432 10256 12560 18737 8649 11678 25203 6728 3654 1589
is_linear=0
shrinkage=0.0351744


Tree=7
num_leaves=23
num_cat=0
split_feature=100 11 5 100 100 9 1 15 1 15 100 15 1 2 20 3 1 40 2 28 24 21
split_gain=45427.6 17278.9 6191.1 5770.41 5759.93 3661.08 3374.82 3205.62 3161.88 2977.06 2314.42 2210.46 2205.04 1860.52 1848.36 1843.96 1636.83 1803.49 1573.3 1465.92 1459.11 1365.23
threshold=-0.10264999999999998 -0.014832961824089648 0.0060323741847945504 -0.89139999999999986 0.74330000000000018 -0.039770614529429239 0.025563501414801303 -0.014187407861517148 -0.0069821464535533492 0.0032045110554531505 -0.76479999999999981 -0.0067564994056995989 0.036597395995265555 -0.083611852015541346 -0.016978530504370697 0.023877666434334702 0.036597395995265555 -0.0007289302557472499 -0.051604985828024245 -0.0022766277410646496 0.050150687741229556 0.015493467388554
decision_type=2 2 2 2 2 2 2 2 2 2 2 2 2 2 2 2 2 2 2 2 2 2
left_child=1 3 8 13 6 -4 15 -8 14 12 -7 -10 21 -1 -3 18 -6 -18 -2 -20 -9 -5
right_child=4 2 5 9 16 10 7 20 11 -11 -12 -13 -14 -15 -16 -17 17 -19 19 -21 -22 -23
leaf_value=-0.020909155859732662 0.034075818734573778 0.033262100584320851 0.0029239516050182735 -0.050288920683956184 0.040983498006465252 -0.062661980259083802 -0.034428159021549429 0.018928140279226242 -0.042472654349498408 -0.018346734332946226 -0.02369400101530255 0.0028368807966530456 -0.075545084034025531 -0.081853017686286209 0.0059645945602314803 0.032112696602884828 -0.00022523921086271346 0.037679625404723076 -0.0057116953713759223 0.01761026593042923 -0.027436251090704453 -0.017885123130890357
leaf_weight=698 3262 4518 3506 4179 16957 3307 3190 4373 2360 7124 4393 3057 2670 5593 9575 8743 2924 3310 6196 7218 1039 2619
leaf_count=698 3262 4518 3506 4179 16957 3307 3190 4373 2360 7124 4393 3057 2670 5593 9575 8743 2924 3310 6196 7218 1039 2619
internal_value=-1.19821e-07 -0.0232683 -0.00602986 -0.0464067 0.0217984 -0.0268668 0.0125829 -0.00645958 0.00593755 -0.0355278 -0.0404331 -0.0169005 -0.048453 -0.0750945 0.0147172 0.0190277 0.0353165 0.0198985 0.0121661 0.00683655 0.0100234 -0.0378082
internal_weight=110811 53599 30716 22883 57212 11206 34021 8602 19510 16592 7700 5417 9468 6291 14093 25419 23191 6234 16676 13414 5412 6798
internal_count=110811 53599 30716 22883 57212 11206 34021 8602 19510 16592 7700 5417 9468 6291 14093 25419 23191 6234 16676 13414 5412 6798
is_linear=0
shrinkage=0.0351744


Tree=8
num_leaves=23
num_cat=0
split_feature=100 11 100 5 15 11 1 1 7 15 2 100 11 13 15 20 9 21 15 1 2 9
split_gain=42527.6 14312.3 8622.19 5424.66 4852.05 4242.65 3591.52 3297.43 2440.63 2213.18 2093.38 2183.35 1917.69 1898.9 1841.28 1741.05 1737.09 1698 1582.85 1571.24 1390.73 1339.75
threshold=-0.45819999999999994 0.0057539464899786013 0.57195000000000007 0.019760869183026303 -0.0021966686799221495 -0.0049417004250916991 0.018851818115529401 0.036597395995265555 0.02534889633907365 -0.049754782208191746 -0.065636685617632834 -0.93604999999999994 -0.042279608257036541 0.049417566445361653 -0.0053881507231608988 0.0045911742205492507 -0.051508719244332944 0.084152524140046411 -0.014688854341964248 0.048370956058493307 -0.042595275058382141 -0.058841439165573599
decision_type=2 2 2 2 2 2 2 2 2 2 2 2 2 2 2 2 2 2 2 2 2 2
left_child=1 4 5 13 6 7 10 20 -5 -4 -1 -12 -6 18 15 -7 -11 -13 19 -3 -2 -22
right_child=2 3 9 8 12 14 -8 -9 -10 16 11 17 -14 -15 -16 -17 -18 -19 -20 -21 21 -23
leaf_value=-0.0050213771910020888 0.022616512691731733 -0.0053029304573028639 0.00015013084246135209 -0.016402773403314485 -0.044287063930069231 0.018127410121034901 -0.087221497700004605 -0.036983263039491288 -0.072288098099612702 0.04744493869608378 -0.086437239635995228 -0.049002329500404791 -0.013509656986844813 0.036320382133518639 0.025664901163972326 -0.012696700581614227 0.027785812748635536 0.020306115084682091 0.013018397355209972 -0.063422845836038938 0.020354579967062501 -0.0124711312762573
leaf_weight=1258 2714 3303 2861 2472 4355 5015 3868 3830 1589 7325 1956 7010 5901 2443 10743 4137 23145 466 6117 697 1923 7683
leaf_count=1258 2714 3303 2861 2472 4355 5015 3868 3830 1589 7325 1956 7010 5901 2443 10743 4137 23145 466 6117 697 1923 7683
internal_value=-1.38343e-07 -0.0281965 0.01684 -0.00293631 -0.0451156 0.00491512 -0.0581716 -0.00847812 -0.0382759 0.0297353 -0.0476577 -0.0533424 -0.0265808 0.00848899 0.0157881 0.00419212 0.0325127 -0.0446796 0.00176629 -0.0154367 0.000382494 -0.00589787
internal_weight=110811 41435 69376 16621 24814 36045 14558 16150 4061 33331 10690 9432 10256 12560 19895 9152 30470 7476 10117 4000 12320 9606
internal_count=110811 41435 69376 16621 24814 36045 14558 16150 4061 33331 10690 9432 10256 12560 19895 9152 30470 7476 10117 4000 12320 9606
is_linear=0
shrinkage=0.0351744


Tree=9
num_leaves=23
num_cat=0
split_feature=100 11 100 5 15 11 1 1 9 2 1 15 24 100 7 13 7 24 3 100 2 21
split_gain=39652.8 12888.5 8857.15 5232.7 4424.44 4224.54 3350.33 2892.32 2306.74 2282.48 2207.94 2652 2136.03 2087.65 1989.68 1894.97 1747.74 1662.94 1636.64 1545.64 1478.29 1444.38
threshold=-0.52614999999999978 0.0057539464899786013 0.5273000000000001 0.021243967719340052 0.0074070635974369014 -0.019223962180686647 0.020873159494971753 0.03941418630084096 -0.04405656825647309 -0.065636685617632834 0.036597395995265555 -0.028329081345206748 -0.0072149403448404986 -0.93604999999999994 0.02534889633907365 -0.012528099629778697 0.044903310782419957 -0.0072149403448404986 0.066880848446210714 0.86590000000000011 -0.041613341181813847 0.087403027277073414
decision_type=2 2 2 2 2 2 2 2 2 2 2 2 2 2 2 2 2 2 2 2 2 2
left_child=1 4 5 15 6 7 9 20 -7 -1 19 -12 -10 -11 -5 -3 -14 -6 21 -4 -2 -15
right_child=2 3 10 14 17 8 -8 -9 12 13 11 -13 16 18 -16 -17 -18 -19 -20 -21 -22 -23
leaf_value=-0.0046181458566277415 0.022137702829985527 -0.01408270080188492 0.027019346226697487 -0.019561513312529855 -0.0052280493671792256 0.02989259472159185 -0.08440154595050417 -0.04242331606970081 0.020368070427247587 -0.0831078964883398 -0.020685763822253112 0.023779291167523951 0.0026902154808591009 -0.05387263301682485 -0.073176645591531878 0.016630464033658747 -0.032565663353566442 -0.037789344699169232 -0.00092119891365523548 0.04501726926931756 -0.010974808072259694 0.017150486802341776
leaf_weight=1404 2157 3543 17288 2129 3391 6496 3898 3135 7050 2166 2189 6856 8381 6576 1434 8323 2195 4541 955 8974 7356 374
leaf_count=1404 2157 3543 17288 2129 3391 6496 3898 3135 7050 2166 2189 6856 8381 6576 1434 8323 2195 4541 955 8974 7356 374
internal_value=-1.58348e-07 -0.028703 0.0154245 -0.00376513 -0.0452123 0.0033414 -0.0562219 -0.013123 0.011975 -0.0466469 0.0280077 0.0130162 0.00537033 -0.0525044 -0.041147 0.00745853 -0.0046258 -0.0238716 -0.0441152 0.0331703 -0.0034648 -0.050048
internal_weight=110811 38734 72077 15429 23305 36770 15373 12648 24122 11475 35307 9045 17626 10071 3563 11866 10576 7932 7905 26262 9513 6950
internal_count=110811 38734 72077 15429 23305 36770 15373 12648 24122 11475 35307 9045 17626 10071 3563 11866 10576 7932 7905 26262 9513 6950
is_linear=0
shrinkage=0.0351744


Tree=10
num_leaves=23
num_cat=0
split_feature=100 11 100 5 100 15 1 7 1 1 2 24 1 2 33 11 42 15 9 3 15 20
split_gain=37046.4 13856.1 5746.67 5020.75 4707.22 3565.46 3519.17 2777.7 2495.02 2393.6 2339.85 2217.2 1942.38 1766.11 1732.17 1685 1573.23 1461.54 1387.86 1366.48 1285.06 1359.23
threshold=-0.24919999999999998 -0.0054274964605963991 0.74330000000000018 0.0060323741847945504 -0.83144999999999991 -0.025097330520276896 0.033502415493766806 0.02534889633907365 -0.051740389369441843 -0.0109481708729846 -0.063105681280720541 0.042936140493792359 0.036597395995265555 -0.036110331403089592 -0.057584775010464488 -0.024092953130503997 0.013792871880041952 -0.063354224844603985 -0.030100682472812498 0.03477939404959466 -0.0026064745856046998 -0.012769260415367698
decision_type=2 2 2 2 2 2 2 2 2 2 2 2 2 2 2 2 2 2 2 2 2 2
left_child=1 4 5 8 9 6 -2 18 -3 10 -1 15 13 -6 -9 -7 -12 -4 -5 -15 21 -10
right_child=2 3 17 7 12 11 -8 14 20 -11 16 -13 -14 19 -16 -17 -18 -19 -20 -21 -22 -23
leaf_value=-0.0057208264557416259 0.0048086106889719321 0.020353952581526957 -0.0083254369058498347 0.010458798454618817 0.0054622110382107686 0.005625713826964274 -0.041617680932463118 -0.10651242714778883 0.0020188099707433684 -0.084134629792209564 -0.043083647218660759 -0.0061501209424382284 -0.05123415424483084 -0.037506265351721857 -0.03941397343673643 0.026269072686510575 -0.079798497351219827 0.033884500148874418 -0.025709845544843228 -0.0056440997943370021 0.0074362358078880518 -0.041927878538694369
leaf_weight=1334 7125 8743 1063 2292 2470 6842 2819 584 1545 3250 3775 4646 3373 5869 2585 17186 2343 22128 3070 2327 3449 1993
leaf_count=1334 7125 8743 1063 2292 2470 6842 2819 584 1545 3250 3775 4646 3373 5869 2585 17186 2343 22128 3070 2327 3449 1993
internal_value=-1.88458e-07 -0.022842 0.0181084 -0.00395277 -0.0413638 0.00979635 -0.00835146 -0.025681 0.00783041 -0.0589379 -0.0479451 0.0160905 -0.0279654 -0.0206047 -0.0517894 0.0203916 -0.0571488 0.031949 -0.0102465 -0.0284623 -0.00783833 -0.022733
internal_weight=110811 49002 61809 24261 24741 38618 9944 8531 15730 10702 7452 28674 14039 10666 3169 24028 6118 23191 5362 8196 6987 3538
internal_count=110811 49002 61809 24261 24741 38618 9944 8531 15730 10702 7452 28674 14039 10666 3169 24028 6118 23191 5362 8196 6987 3538
is_linear=0
shrinkage=0.0351744


Tree=11
num_leaves=23
num_cat=0
split_feature=100 11 100 5 11 1 9 15 1 11 21 18 11 9 15 2 20 7 15 15 70 9
split_gain=34634.4 11487.5 7710.69 5405.51 3761.02 3206.48 3178.28 2966.1 2961.96 2063.96 1854.55 1749.84 1771.93 1594.72 1497.42 1475.35 1393.35 1598.24 1358.98 1315.42 1323.86 1263.22
threshold=-0.52614999999999978 -0.024092953130503997 0.5273000000000001 -0.0039534870869877498 -0.0049417004250916991 -0.051159864496574996 -0.039770614529429239 0.0074070635974369014 0.03941418630084096 -0.012187474749259098 -0.0029462045024882997 0.13008795650375352 -0.069640024415746085 -0.0074762196809996994 -0.0053881507231608988 -0.042595275058382141 -0.051338700243623546 0.007654621366310301 -0.030695532482002647 -0.0044497366503048483 -0.026408668264631747 0.015023399779198601
decision_type=2 2 2 2 2 2 2 2 2 2 2 2 2 2 2 2 2 2 2 2 2 2
left_child=1 7 4 5 8 21 -5 11 15 -4 14 12 -1 -11 -6 -2 -7 -18 -10 20 -8 -3
right_child=2 3 9 6 10 16 19 -9 18 13 -12 -13 -14 -15 -16 -17 17 -19 -20 -21 -22 -23
leaf_value=-0.088940701540253006 0.021581198669759351 0.033769591455796569 0.012835054115668884 -0.0010653654341930183 -0.011600058547952605 0.016705287265051459 -0.085229811423239488 -0.030201090144571809 -0.062899385897642379 0.039364491946713827 0.023935576539890608 0.0082982609824842537 -0.055669228092498114 0.021465966265815227 0.015675056574963622 -0.0073656938325570246 -0.0059034335880721539 -0.04711179483136501 -0.019986383283855033 -0.022467491669971484 -0.043512856350517257 0.0053562874890988408
leaf_weight=3002 2790 3160 10227 3048 4787 1158 1262 5058 1460 14181 10166 399 5842 10899 5190 9935 2343 2317 2442 2422 3721 5002
leaf_count=3002 2790 3160 10227 3048 4787 1158 1262 5058 1460 14181 10166 399 5842 10899 5190 9935 2343 2317 2442 2422 3721 5002
internal_value=-2.26865e-07 -0.0268254 0.0144154 -0.0121693 0.00314132 0.00213585 -0.0313025 -0.0518636 -0.00923996 0.026156 0.0133622 -0.0637153 -0.0669662 0.0315872 0.00258672 -0.00101749 -0.0178151 -0.0263972 -0.0360492 -0.0437459 -0.0540839 0.0163593
internal_weight=110811 38734 72077 24433 36770 13980 10453 14301 16627 35307 20143 9243 8844 25080 9977 12725 5818 4660 3902 7405 4983 8162
internal_count=110811 38734 72077 24433 36770 13980 10453 14301 16627 35307 20143 9243 8844 25080 9977 12725 5818 4660 3902 7405 4983 8162
is_linear=0
shrinkage=0.0351744


Tree=12
num_leaves=23
num_cat=0
split_feature=100 11 100 5 15 11 1 100 7 13 13 1 24 7 2 15 11 33 20 9 1 2
split_gain=32361.8 12715 5524.06 4384.76 4331.04 3228.31 3012.13 2961.28 2599.7 2560.73 2192.39 2034.55 1943.63 1604.44 1567.36 1505.07 1314.12 1308.02 1216.8 1210.02 1156.1 1080.29
threshold=-0.10264999999999998 0.0047572588312820513 -0.72664999999999991 0.019760869183026303 -0.034982634674192194 -0.053503364706735793 0.03941418630084096 0.74330000000000018 0.02534889633907365 0.023387116596919551 0.013258992544083451 0.036597395995265555 0.037359979089867407 0.034395952613936756 -0.039829957998234737 -0.014688854341964248 0.0076801594257517513 -0.057584775010464488 -0.029212067127399547 -0.058841439165573599 0.023233723475790755 -0.10244492144549054
decision_type=2 2 2 2 2 2 2 2 2 2 2 2 2 2 2 2 2 2 2 2 2 2
left_child=1 2 5 10 6 21 18 12 -5 13 15 14 16 -7 -4 20 -6 -10 -2 -16 -3 -1
right_child=4 3 11 8 7 9 -8 -9 17 -11 -12 -13 -14 -15 19 -17 -18 -19 -20 -21 -22 -23
leaf_value=-0.008972753342624009 0.033432562183747613 -0.0084524218927184147 0.015060806457652549 -0.00776407406213482 0.01174929093771384 -0.037904736416335162 -0.03142945218912347 0.032992203070995152 -0.10730117384403641 -0.013821886540133266 0.024188805686083784 -0.042117875507588151 -0.0037865863044149743 -0.073207606778287568 0.010722040986246286 0.0096161254395441629 0.028866133287966556 -0.041631698463101441 0.00023225984729541039 -0.023687936631908806 -0.055900479618082664 -0.073166277911472108
leaf_weight=346 1991 2713 2316 3642 11783 5097 3148 20087 488 3929 7328 3306 5353 2320 1539 5702 10498 1633 4352 7068 830 5342
leaf_count=346 1991 2713 2316 3642 11783 5097 3148 20087 488 3929 7328 3306 5353 2320 1539 5702 10498 1633 4352 7068 830 5342
internal_value=-2.44213e-07 -0.0196392 -0.03412 0.000628413 0.0183982 -0.0476341 -0.0033011 0.0227143 -0.0257989 -0.0367879 0.00981926 -0.0179403 0.0152425 -0.0489509 -0.0106206 -0.00156911 0.019815 -0.0567559 0.0106567 -0.0175331 -0.0195746 -0.0692647
internal_weight=110811 53599 31263 22336 57212 17034 9491 47721 5763 11346 16573 14229 27634 7417 10923 9245 22281 2121 6343 8607 3543 5688
internal_count=110811 53599 31263 22336 57212 17034 9491 47721 5763 11346 16573 14229 27634 7417 10923 9245 22281 2121 6343 8607 3543 5688
is_linear=0
shrinkage=0.0351744


Tree=13
num_leaves=23
num_cat=0
split_feature=100 11 100 5 11 1 9 1 15 15 1 9 24 18 7 2 11 7 13 11 33 24
split_gain=30283.8 9896.2 7433.55 5132.67 3711.29 2989.49 2666.09 2297.84 2271.97 2179.73 2472.61 1922.9 1748.57 1669.47 1496.71 1441.37 1379.42 1337.2 1318.27 1272.03 1263.55 1185.63
threshold=-0.58544999999999991 -0.027891336391990297 0.47730000000000006 -0.0035414969197495997 -0.014289845541505799 -0.051159864496574996 -0.030100682472812498 0.048370956058493307 0.0065314390870892013 -0.013156848115637049 0.030608773561614001 -0.042845470769760891 -0.0072149403448404986 0.14970622230451747 0.044903310782419957 -0.059279961538838043 -0.077769624999195638 0.069193759738756952 0.04276564113094581 -0.016008746476948197 -0.048501395903668691 0.0058722753564932504
decision_type=2 2 2 2 2 2 2 2 2 2 2 2 2 2 2 2 2 2 2 2 2 2
left_child=1 8 4 5 7 21 18 15 13 10 17 -6 -13 16 -14 -2 -1 -4 20 -11 -5 -3
right_child=2 3 9 6 11 -7 -8 -9 -10 19 -12 12 14 -15 -16 -17 -18 -19 -20 -21 -22 -23
leaf_value=-0.088901170316008221 0.025095181747874971 0.025956703451324181 0.02558614095114049 -0.075890710591124289 0.026878703013947226 -0.018821162169720001 -0.046096294802480647 -0.037690188064596182 -0.03171334761571161 0.016667975515358618 -0.014874385470698373 0.018092410593798944 0.0018290082298822803 0.020106795108659682 -0.031659174993114998 -0.010006521467113847 -0.056446969918467371 -0.033258642784310399 0.036444965034699038 0.03396902212675576 -0.0089903751735400106 -0.0015274972595712246
leaf_weight=2324 1713 4723 7077 406 6360 5607 6334 3384 4427 7230 3295 6662 7888 287 2088 9323 5381 512 668 19324 2502 3296
leaf_count=2324 1713 4723 7077 406 6360 5607 6334 3384 4427 7230 3295 6662 7888 287 2088 9323 5381 512 668 19324 2502 3296
internal_value=-2.7565e-07 -0.0265326 0.0127436 -0.0131268 0.00165576 0.000880387 -0.0323876 -0.0123334 -0.051937 0.023825 0.0105655 0.0104279 0.00413823 -0.0631365 -0.00517889 -0.00455626 -0.0662397 0.0216133 -0.00810037 0.0292591 -0.0183401 0.0146582
internal_weight=110811 35955 74856 23536 37418 13626 9910 14420 12419 37438 10884 22998 16638 7992 9976 11036 7705 7589 3576 26554 2908 8019
internal_count=110811 35955 74856 23536 37418 13626 9910 14420 12419 37438 10884 22998 16638 7992 9976 11036 7705 7589 3576 26554 2908 8019
is_linear=0
shrinkage=0.0351744


Tree=14
num_leaves=23
num_cat=0
split_feature=100 11 100 5 9 15 1 2 15 7 21 24 13 1 42 1 18 14 3 15 24 1
split_gain=28294.2 11635.9 5706.58 3764.09 3468.93 3564.89 2490.88 2610.22 2420.62 2388.95 2314.92 2100.79 1986.43 1877.69 1751.17 1748.12 1757.86 1622.34 1464.82 1450.89 1410.71 1353.24
threshold=1.0000000180025095e-35 0.0072183644249842012 -0.83144999999999991 0.019760869183026303 -0.05230931845471249 -0.025097330520276896 -0.0109481708729846 -0.065636685617632834 -0.0099521616891134479 0.0097592602912810016 0.050612858482826158 0.0092691669400615517 0.041950526572167454 0.030608773561614001 0.013792871880041952 -0.0059103188447005997 -0.032420615704039743 -0.048213164611394042 -0.021079018721210045 0.024181560287199855 -0.011851749162440698 0.027897564576369851
decision_type=2 2 2 2 2 2 2 2 2 2 2 2 2 2 2 2 2 2 2 2 2 2
left_child=1 2 6 12 -2 13 7 -1 10 -5 21 -7 15 -6 -9 18 -17 -8 -3 -18 -10 -4
right_child=4 3 8 9 5 11 17 14 20 -11 -12 -13 -14 -15 -16 16 19 -19 -20 -21 -22 -23
leaf_value=0.0037726222322278014 0.034863291680101917 -0.012404207058427534 -0.030576355797568407 -0.0012520938457602541 0.0058493806904334322 0.026735222670474179 -0.020406495970419953 -0.034034575256788289 0.0073676791326695917 -0.045871024561859874 0.0057348797805717305 0.0085412966229351916 0.033733122079888919 -0.027743368536786921 -0.069207765712428537 0.020207277457053925 -0.049204510957156354 -0.082947627656116019 0.020393690783997966 0.0046503009030426671 -0.017779655900386285 -0.062209141753676776
leaf_weight=1494 12245 2201 5948 3235 5826 18510 614 4709 4441 2745 1685 13643 3643 3183 2792 1205 1805 3152 7175 941 7288 2331
leaf_count=1494 12245 2201 5948 3235 5826 18510 614 4709 4441 2745 1685 13643 3643 3183 2792 1205 1805 3152 7175 941 7288 2331
internal_value=-2.88246e-07 -0.0171444 -0.0300693 0.00225865 0.0184266 0.0135364 -0.0487344 -0.0386738 -0.0190884 -0.021737 -0.031837 0.0190159 0.0107155 -0.00601783 -0.0471301 0.00442194 -0.0152004 -0.0727568 0.0126926 -0.0307443 -0.00825663 -0.0394858
internal_weight=110811 57404 34454 22950 53407 41162 12761 8995 21693 5980 9964 32153 16970 9009 7501 13327 3951 3766 9376 2746 11729 8279
internal_count=110811 57404 34454 22950 53407 41162 12761 8995 21693 5980 9964 32153 16970 9009 7501 13327 3951 3766 9376 2746 11729 8279
is_linear=0
shrinkage=0.0351744


Tree=15
num_leaves=23
num_cat=0
split_feature=100 11 100 5 11 1 9 1 21 15 1 40 15 7 18 2 11 13 20 7 100 33
split_gain=26588.4 8764.13 6543.78 4567.17 3561.47 2669.14 2441.09 2382.88 2077.63 2040.48 1738.02 2098.64 1632.12 1673.88 1531.8 1305.61 1263.15 1200.59 1193.88 1447.52 1175.7 1158.87
threshold=-0.58544999999999991 -0.027891336391990297 0.57195000000000007 -0.0035414969197495997 -0.016489651107849643 -0.048917904234424846 -0.030100682472812498 0.03941418630084096 -0.0068068241796669492 0.0065314390870892013 0.036597395995265555 -0.0007289302557472499 0.021417929038795702 0.044903310782419957 0.14970622230451747 -0.059279961538838043 -0.077769624999195638 0.04276564113094581 -0.048217106714869541 0.007654621366310301 0.86590000000000011 -0.048501395903668691
decision_type=2 2 2 2 2 2 2 2 2 2 2 2 2 2 2 2 2 2 2 2 2 2
left_child=1 9 4 5 7 -3 17 15 12 14 20 -12 13 -6 16 -2 -1 21 -7 -20 -4 -5
right_child=2 3 10 6 8 18 -8 -9 -10 -11 11 -13 -14 -15 -16 -17 -18 -19 19 -21 -22 -23
leaf_value=-0.084040227055956096 0.024752796351864184 0.01365372502819355 0.022493734530562207 -0.07206147273967535 -0.0013911261705072326 0.013091827845566091 -0.043531666660998912 -0.035344215621843193 0.01934644998436089 -0.029602417125163184 -0.0082139076620556788 0.026598944437534067 0.020068942520674305 -0.041954454464200652 0.020353485842030707 -0.0080890900887678023 -0.052983512838189903 0.035336102204744049 -0.0061632792383957838 -0.047215497142070538 0.038446535782896425 -0.007992215992989991
leaf_weight=2324 1773 8189 15774 406 6912 1184 6334 3738 14525 4427 4115 4468 3403 1539 287 9635 5381 668 2112 2141 8974 2502
leaf_count=2324 1773 8189 15774 406 6912 1184 6334 3738 14525 4427 4115 4468 3403 1539 287 9635 5381 668 2112 2141 8974 2502
internal_value=-2.92787e-07 -0.0248612 0.0119407 -0.0122453 0.00262282 0.000967613 -0.0304142 -0.0109712 0.0104287 -0.0487684 0.0235488 0.00990663 -0.00049709 -0.0087807 -0.0593821 -0.00298315 -0.0623547 -0.00717425 -0.0181365 -0.0268343 0.0282794 -0.0169465
internal_weight=110811 35955 74856 23536 41525 13626 9910 15146 26379 12419 33331 8583 11854 8451 7992 11408 7705 3576 5437 4253 24748 2908
internal_count=110811 35955 74856 23536 41525 13626 9910 15146 26379 12419 33331 8583 11854 8451 7992 11408 7705 3576 5437 4253 24748 2908
is_linear=0
shrinkage=0.0351744


Tree=16
num_leaves=23
num_cat=0
split_feature=100 11 15 15 5 1 11 1 24 70 42 24 20 7 21 9 24 100 20 13 53 3
split_gain=24775.7 9361.11 4684.35 3636.02 3616.04 3523.24 2924.8 2226.93 2052.78 1956.04 1927.87 1715.67 1702.94 1910.45 1513.95 1315.77 1309.23 1284.72 1254.93 1233.98 1187.45 1136.09
threshold=-0.36109999999999992 0.0024245489919414507 -0.025097330520276896 -0.0099521616891134479 0.021243967719340052 0.03941418630084096 -0.016008746476948197 0.0074724399692202509 0.0020836027717366008 -0.026408668264631747 -0.029080899831541499 0.0012201193948971503 -0.014172031042892748 0.031347900195552704 -0.0033109757921191995 -0.067280322973575876 0.036742671097138455 -0.91684999999999983 -0.013700849782724749 -0.016332196168985597 0.0064052979549694012 -0.012025422060187198
decision_type=2 2 2 2 2 2 2 2 2 2 2 2 2 2 2 2 2 2 2 2 2 2
left_child=1 3 5 7 12 14 16 10 19 -6 -1 18 -3 -14 21 -13 -4 -12 -8 -5 -7 -2
right_child=2 4 6 8 9 20 11 -9 -10 -11 17 15 13 -15 -16 -17 -18 -19 -20 -21 -22 -23
leaf_value=-0.0085999024935865271 -0.02487061383901297 0.021996164784551759 0.011256286952416771 -0.026661912078516987 -0.06440466646578745 -0.011794387569816907 0.045205874004314146 -0.06855137023989355 -0.035251454573564697 -0.0141908258019599 -0.06976178469588673 0.040433134640649834 0.0067985055438481842 -0.030320058194041113 0.020000526450758654 0.012920349862633542 -0.014767341702428998 -0.036620100842862914 0.025444247576671419 0.0051796218393092251 -0.047747612721213667 0.0084267014651586477
leaf_weight=2211 2259 5677 12380 2388 1343 2365 6192 4049 5927 3368 2044 2513 6810 2293 5820 14947 2964 4975 11133 4074 2191 2888
leaf_count=2211 2259 5677 12380 2388 1343 2365 6192 4049 5927 3368 2044 2513 6810 2293 5820 14947 2964 4975 11133 4074 2191 2888
internal_value=-3.03714e-07 -0.0200544 0.0137937 -0.0340096 -0.00167549 -0.00308966 0.0190222 -0.0467979 -0.0203009 -0.0285109 -0.0372523 0.0246652 0.00687718 -0.00255003 0.00771004 0.0168815 0.00622812 -0.0462751 0.0325084 -0.00658507 -0.0290892 -0.00618447
internal_weight=110811 45159 65652 25668 19491 15523 50129 13279 12389 4711 9230 34785 14780 9103 10967 17460 15344 7019 17325 6462 4556 5147
internal_count=110811 45159 65652 25668 19491 15523 50129 13279 12389 4711 9230 34785 14780 9103 10967 17460 15344 7019 17325 6462 4556 5147
is_linear=0
shrinkage=0.0351744


Tree=17
num_leaves=23
num_cat=0
split_feature=100 11 15 13 7 100 9 15 24 1 33 1 24 12 2 15 21 38 7 20 100 1
split_gain=23279.1 9715.9 4689.24 4417.88 3901.75 3713.11 3112.38 3132.86 2180.5 2052.74 2030.78 1934.31 1547.22 1356.44 1320.14 1270.82 1595.64 1179.01 1139.46 1129.65 1121.22 973.631
threshold=1.0000000180025095e-35 -0.024092953130503997 -0.0035621910404385498 0.041950526572167454 -0.00099775140616724964 -0.77804999999999991 -0.053633272910594339 -0.01557486765853945 -0.0035340879673727496 0.045355472178381158 -0.028476347625834748 0.045355472178381158 0.019343722235856151 0.046620598378209706 -0.083611852015541346 0.0060698043151713012 0.015493467388554 -0.013468968268402147 0.06371074052120386 0.012769836739831801 -0.93124999999999991 -0.0109481708729846
decision_type=2 2 2 2 2 2 2 2 2 2 2 2 2 2 2 2 2 2 2 2 2 2
left_child=1 5 3 4 11 14 -2 9 -4 18 -6 13 19 -3 21 16 -7 -12 -8 -9 -16 -1
right_child=6 2 8 -5 10 15 7 12 -10 -11 17 -13 -14 -15 20 -17 -18 -19 -20 -21 -22 -23
leaf_value=0.0079187446602554078 0.032688881566941816 0.0063642171169785303 0.022519183407512567 0.016336845597684856 -0.069109967004182218 -0.045694076856896082 0.010543119691460266 0.030697635791256821 -0.0032719189344980887 -0.025295158408834093 -0.0080911007099871476 -0.050347402941531678 0.0069215878631105326 -0.03693281801550885 -0.073771108445933847 -0.0076246984705215801 -0.0091710532200754181 -0.041119225570345558 -0.034643244423069271 0.013443907545558126 -0.046585829698576282 -0.077174443277607058
leaf_weight=721 11766 6035 7955 4201 2298 3856 7719 12126 8272 3570 1993 1092 9799 1051 2832 4811 2404 4073 758 7669 5594 216
leaf_count=721 11766 6035 7955 4201 2298 3856 7719 12126 8272 3570 1993 1092 9799 1051 2832 4811 2404 4073 758 7669 5594 216
internal_value=-3.16914e-07 -0.015551 -0.00479199 -0.0158722 -0.024053 -0.0350156 0.0167139 0.0121995 0.00937079 -0.00292094 -0.0409451 -0.00677426 0.0183552 -5.59882e-05 -0.0513212 -0.0212236 -0.0316716 -0.030271 0.00650007 0.0240142 -0.0557261 -0.0116895
internal_weight=110811 57404 36970 20743 16542 20434 53407 41641 16227 12047 8364 8178 29594 7086 9363 11071 6260 6066 8477 19795 8426 937
internal_count=110811 57404 36970 20743 16542 20434 53407 41641 16227 12047 8364 8178 29594 7086 9363 11071 6260 6066 8477 19795 8426 937
is_linear=0
shrinkage=0.0351744


Tree=18
num_leaves=23
num_cat=0
split_feature=100 11 100 5 11 1 1 21 28 7 20 15 21 24 21 24 2 14 7 3 2 18
split_gain=21951.4 7106.81 5956.57 4438.42 3934.24 3084.39 2479.42 1913.46 2164.21 1877.54 1838.66 1986.32 1620.43 1502.44 1483.2 1415.06 1294.47 1236.6 1230.07 1154.33 1129.83 1127.53
threshold=-0.62474999999999992 -0.037683646759146046 0.74330000000000018 0.0060323741847945504 0.0038081962513300503 0.036597395995265555 -0.048917904234424846 0.014634885021916151 0.00040888887211815004 0.030681698165730801 0.012769836739831801 -0.014187407861517148 0.0056229932902896506 0.037359979089867407 0.081641661952488773 0.0058722753564932504 -0.10244492144549054 -0.04339450768652315 0.0081528391622223018 -0.00059863951889184994 0.032215495617701456 0.14970622230451747
decision_type=2 2 2 2 2 2 2 2 2 2 2 2 2 2 2 2 2 2 2 2 2 2
left_child=1 16 4 6 5 7 15 8 19 -5 13 -12 -7 -6 -11 -3 -1 20 -19 -2 -8 -18
right_child=2 3 -4 9 10 12 17 -9 -10 14 11 -13 -14 -15 -16 -17 21 18 -20 -21 -22 -23
leaf_value=0.0018231952536851258 -0.03517155963098495 0.020410591849561757 0.025325893543464425 -0.021096323416817338 0.02713488341642583 -0.043738510738261203 -0.039242632953353535 0.015866704119412801 0.006933836846547704 -0.062280356797471077 -0.018933715237501272 0.01352095195151783 -0.0078481559845897837 0.00024578986397082484 0.026235595065917192 -0.0072306411712597315 -0.054645069387031488 -0.011273540162101187 -0.045536114554731284 -0.0063498885576546054 0.030619555842010624 0.018151988256367067
leaf_weight=578 3388 5539 23191 5237 12271 3331 403 7212 7318 2956 3557 6780 2924 3254 254 3907 8731 2837 2390 3494 988 271
leaf_count=578 3388 5539 23191 5237 12271 3331 403 7212 7318 2956 3557 6780 2924 3254 254 3907 8731 2837 2390 3494 988 271
internal_value=-3.4679e-07 -0.023486 0.0104355 -0.0134446 0.00398392 -0.00523525 -0.00258949 0.00111175 -0.00638103 -0.0340857 0.0138471 0.00235145 -0.0269643 0.0215001 -0.0552701 0.0089761 -0.0491751 -0.0190996 -0.0269439 -0.0205417 0.0103649 -0.0524514
internal_weight=110811 34091 76720 24511 53529 27667 16064 21412 14200 8447 25862 10337 6255 15525 3210 9446 9580 6618 5227 6882 1391 9002
internal_count=110811 34091 76720 24511 53529 27667 16064 21412 14200 8447 25862 10337 6255 15525 3210 9446 9580 6618 5227 6882 1391 9002
is_linear=0
shrinkage=0.0351744


Tree=19
num_leaves=23
num_cat=0
split_feature=100 11 11 5 9 15 15 20 15 21 1 42 13 24 7 28 31 24 11 7 2 18
split_gain=20446.7 6866.8 5384.14 3109.24 2955.2 2839.3 2808.27 2372.12 2322.82 2176.79 2174.58 1666.1 1616.59 1505.84 1364.98 1353.15 1313.79 1266.91 1252.35 1248.46 1241.02 1332.37
threshold=-0.58544999999999991 0.0057539464899786013 -0.014289845541505799 0.030495420395854154 -0.041524953795783547 0.0083144628029031015 -0.0062761940846778989 0.0029370507776331502 -0.014187407861517148 0.015957399507415506 0.020873159494971753 0.013792871880041952 -0.012528099629778697 0.042200811811707102 0.007654621366310301 -0.0067663485611202494 0.043989514810209261 0.033552013067749707 -0.099494634212686825 0.028708659826157005 -0.029537336235281795 0.14970622230451747
decision_type=2 2 2 2 2 2 2 2 2 2 2 2 2 2 2 2 2 2 2 2 2 2
left_child=1 5 6 12 16 10 9 13 14 15 11 20 -3 -6 -9 -2 -4 -8 -7 -5 -1 -22
right_child=2 3 4 19 7 18 17 8 -10 -11 -12 -13 -14 -15 -16 -17 -18 -19 -20 -21 21 -23
leaf_value=0.0029494508707128423 -0.049883220842206845 -0.015241923022318889 0.025393144975382084 -0.01853864320766974 0.024990797827180208 -0.058651440267309361 0.011787560301890954 -0.0026576839297027042 0.011018155828876497 0.0023909153919324851 -0.066619313444063938 -0.052899417400067816 0.013420240753223645 -0.00075112452615744253 -0.038799410346253074 -0.015553150604467074 0.052814890066667439 -0.01295503577049806 -0.010956433323934537 -0.068706104298582468 -0.03682427203358863 0.045729055567113291
leaf_weight=1562 2673 3462 12381 1621 15030 763 11975 3232 11113 3926 3665 4129 8201 3457 2156 3036 2621 3256 6359 989 4950 254
leaf_count=1562 2673 3462 12381 1621 15030 763 11975 3232 11113 3926 3665 4129 8201 3457 2156 3036 2621 3256 6359 989 4950 254
internal_value=-3.43321e-07 -0.0218017 0.0104711 -0.00285437 0.0171244 -0.0342736 -0.00290381 0.0115235 0.00182807 -0.0177663 -0.0431765 -0.0352881 0.00491075 0.0201763 -0.0171236 -0.0316307 0.0301856 0.00649705 -0.0160697 -0.037558 -0.0245372 -0.0327904
internal_weight=110811 35955 74856 14273 49990 21682 24866 34988 16501 9635 14560 10895 11663 18487 5388 5709 15002 15231 7122 2610 6766 5204
internal_count=110811 35955 74856 14273 49990 21682 24866 34988 16501 9635 14560 10895 11663 18487 5388 5709 15002 15231 7122 2610 6766 5204
is_linear=0
shrinkage=0.0351744


Tree=20
num_leaves=23
num_cat=0
split_feature=100 11 15 7 13 21 100 21 38 11 24 1 12 24 15 2 15 33 28 9 21 9
split_gain=19368.1 8244.69 5054.72 4805.99 3043.6 2874.65 2864.17 2356.04 2198.77 2165.11 1797.95 1755.45 1895.58 1548.08 1323.42 1301.32 1253.68 1207.57 1120.22 1068.32 1034.87 1019.28
threshold=0.078100000000000017 -0.037683646759146046 0.0087459754560187519 0.030025241328595905 0.049417566445361653 -0.037344258362123996 -0.83144999999999991 0.081641661952488773 -0.020340913461745595 0.00094840894575840007 -0.0023737218490033495 0.045355472178381158 0.0067303871322885508 -0.0050929882231730995 -0.0049323831614139996 -0.017708981009966294 0.028143738365646206 -0.0014906326246040497 0.005044673245424001 -0.0048954986917168998 0.035797039130897913 -0.025127159098785497
decision_type=2 2 2 2 2 2 2 2 2 2 2 2 2 2 2 2 2 2 2 2 2 2
left_child=1 6 3 4 8 16 -1 13 -3 14 -4 12 -10 -5 -7 -8 18 -15 -2 -11 -17 -12
right_child=5 2 10 7 -6 9 15 -9 11 19 21 -13 -14 17 -16 20 -18 -19 -20 -21 -22 -23
leaf_value=-0.054648935181619882 -0.024769982083110112 0.01174633715549136 0.023295882789084493 -0.022925825003072744 0.026616785539297985 -0.0030963147573915628 -0.0061553882437012271 0.029295431662108219 -0.00024772619978013995 0.032669636240459016 0.017843909556378851 -0.047785037896133691 -0.029390790728351168 -0.071365296917221682 0.01736096695866033 -0.040001322021316621 0.015932534004328119 -0.035197309701874797 0.0057664363026120498 0.017821272889698182 -0.0057088670353188375 -0.010421963759117015
leaf_weight=5922 3376 4087 7420 3152 3170 6005 3415 620 6661 14391 2325 2038 4718 2515 11221 5253 3192 2098 2654 10289 1375 4914
leaf_count=5922 3376 4087 7420 3152 3170 6005 3415 620 6661 14391 2325 2038 4718 2515 11221 5253 3192 2098 2654 10289 1375 4914
internal_value=-3.65855e-07 -0.0136113 -0.00571047 -0.0142056 -0.00509456 0.0158877 -0.0352452 -0.0366671 -0.0108387 0.0198003 0.0111285 -0.0177197 -0.0123328 -0.0419366 0.0102286 -0.0238012 -0.00189001 -0.0549215 -0.0113274 0.0264802 -0.0328901 -0.00134112
internal_weight=110811 59683 43718 29059 20674 51128 15965 8385 17504 41906 14659 13417 11379 7765 17226 10043 9222 4613 6030 24680 6628 7239
internal_count=110811 59683 43718 29059 20674 51128 15965 8385 17504 41906 14659 13417 11379 7765 17226 10043 9222 4613 6030 24680 6628 7239
is_linear=0
shrinkage=0.0351744


Tree=21
num_leaves=23
num_cat=0
split_feature=100 11 100 21 15 7 15 11 20 38 15 100 1 4 1 3 28 7 21 20 24 15
split_gain=18036.6 5709.1 5344.65 3024.54 2302.73 2101.12 1902.76 1894.52 1829.99 1792.52 1722.74 1648.2 1560.68 1463.68 1580.75 1530.97 1372.05 1352.06 1265.91 1206.03 1172.64 1122.86
threshold=-0.64819999999999989 0.0057539464899786013 0.47730000000000006 -0.018290733920946246 0.0083144628029031015 0.011916101677242151 -0.0035621910404385498 0.031567554202066909 -0.014172031042892748 -0.038814162717511494 -0.015120989747338448 0.86590000000000011 0.036597395995265555 -0.091042437508464635 -0.0069821464535533492 1.0000000180025095e-35 -0.0018786184531011999 0.035145957361888906 -0.0033109757921191995 -0.013208462612385298 0.034880395704190305 -0.014187407861517148
decision_type=2 2 2 2 2 2 2 2 2 2 2 2 2 2 2 2 2 2 2 2 2 2
left_child=1 4 3 6 9 -3 16 13 -7 -1 -10 18 17 -5 15 -15 -2 19 21 -11 -8 -4
right_child=2 5 11 7 -6 8 20 -9 10 12 -12 -13 -14 14 -16 -17 -18 -19 -20 -21 -22 -23
leaf_value=-0.0044052729517214855 -0.0429701986062134 0.0087451178638121227 -0.010319035578523117 0.034149453417724539 -0.016408768095021963 0.0059181931584110503 0.0066682877087203326 0.02382180112505607 -0.062055770585233025 -0.011439844858450494 -0.012752987082163068 0.0292571698510561 -0.070165931188530831 -0.0074578753586306565 -0.016219869249151555 0.016914952576775281 -0.011008808625777642 -0.061420101702655924 0.021247102259963083 -0.042392185508617113 -0.029114876861894796 0.012714908686579396
leaf_weight=1407 3234 7316 3835 1609 6447 2136 5733 6480 1617 2414 1918 12444 2660 5771 5713 7124 3422 2561 12909 4399 1412 8250
leaf_count=1407 3234 7316 3835 1609 6447 2136 5733 6480 1617 2414 1918 12444 2660 5771 5713 7124 3422 2561 12909 4399 1412 8250
internal_value=-3.71498e-07 -0.0218503 0.00921621 0.000359381 -0.0336954 -0.0037096 -0.0130096 0.00727114 -0.0197798 -0.0419854 -0.0353119 0.0187965 -0.0463778 0.00196531 -0.00081698 0.00600595 -0.0265413 -0.0396247 0.0135875 -0.0314281 -0.000401387 0.005404
internal_weight=110811 32875 77936 40498 19888 12987 13801 26697 5671 13441 3535 37438 12034 20217 18608 12895 6656 9374 24994 6813 7145 12085
internal_count=110811 32875 77936 40498 19888 12987 13801 26697 5671 13441 3535 37438 12034 20217 18608 12895 6656 9374 24994 6813 7145 12085
is_linear=0
shrinkage=0.0351744


Tree=22
num_leaves=23
num_cat=0
split_feature=100 11 100 5 21 15 21 11 7 28 1 13 9 37 15 15 33 11 13 9 21 7
split_gain=16885.4 7486.92 4245.56 2701.8 2578.42 2371.01 2259.12 2006.6 1816.31 1775.27 1736.51 1706.85 1465.21 1243.66 1205.96 1199.98 1174.83 1160.72 1081.94 1037.36 989.27 1045.17
threshold=0.078100000000000017 0.0072183644249842012 -0.9020999999999999 0.019760869183026303 -0.038001164013311946 0.0092995181482817529 0.015028098917057453 0.00094840894575840007 0.011916101677242151 0.0012391603315140504 -0.095894413325025782 -0.038006863382511191 -0.018438498402095497 -0.031255417777537292 -0.034379304198200546 -0.0049323831614139996 -0.006698226332065199 0.032134417775220005 0.034328770451743505 -0.041524953795783547 0.10525850206223876 0.035957093045195308
decision_type=2 2 2 2 2 2 2 2 2 2 2 2 2 2 2 2 2 2 2 2 2 2
left_child=1 2 10 11 14 6 9 15 -5 -4 18 -3 -8 -10 -2 -6 -7 -13 -1 -9 21 -12
right_child=4 3 5 8 7 16 12 19 13 -11 20 17 -14 -15 -16 -17 -18 -19 -20 -21 -22 -23
leaf_value=-0.038627888351511555 -0.024754180374208797 -0.015392610151819208 -0.047763319538080828 -0.00053183897540623926 -0.0033654026875734027 -0.016531791546218668 0.012833946153912571 0.035450465278743834 -0.071441307018255504 -0.019247060489794396 -0.046236180550450451 0.0037322018272410058 -0.021538511233990223 -0.021664395967598945 0.0051112843490092987 0.016073065133331416 0.0071285709201540084 0.023475426453881836 0.017862397086236367 0.019994289625637776 0.026258639644575307 -0.077221934514395976
leaf_weight=969 2217 2847 5703 3523 6030 4637 2542 7881 942 5137 4008 6860 3869 1827 6812 11271 5899 7964 739 16917 183 2034
leaf_count=969 2217 2847 5703 3523 6030 4637 2542 7881 942 5137 4008 6860 3869 1827 6812 11271 5899 7964 739 16917 183 2034
internal_value=-3.91993e-07 -0.0127091 -0.022913 0.00250063 0.0148344 -0.0164325 -0.0244624 0.0184926 -0.0172915 -0.0342517 -0.0456096 0.00954891 -0.00790705 -0.0386075 -0.00222042 0.00929715 -0.00328311 0.0143403 -0.0141771 0.0249073 -0.0542306 -0.0566719
internal_weight=110811 59683 35720 23963 51128 27787 17251 42099 6292 10840 7933 17671 6411 2769 9029 17301 10536 14824 1708 24798 6225 6042
internal_count=110811 59683 35720 23963 51128 27787 17251 42099 6292 10840 7933 17671 6411 2769 9029 17301 10536 14824 1708 24798 6225 6042
is_linear=0
shrinkage=0.0351744


Tree=23
num_leaves=23
num_cat=0
split_feature=100 11 11 15 5 20 1 9 1 9 30 1 7 7 24 38 21 64 2 15 31 28
split_gain=15892.1 5462.01 4680.72 3442.67 3259.87 3058.76 2180.71 1876.32 1753.99 1743.96 1385.58 1290.22 1273.77 1256.15 1187.03 1094.14 1053.34 1051.96 1038.63 1035.65 1026.34 1003.32
threshold=-0.62474999999999992 -0.027891336391990297 -0.044922168986462195 -0.0062761940846778989 -0.0035414969197495997 0.0029370507776331502 -0.048917904234424846 -0.030100682472812498 0.014690404804428502 -0.022554223766791549 0.010606276877554052 0.045355472178381158 0.069193759738756952 0.0014897316429366002 0.051083644951331754 -0.016887007303277496 0.050612858482826158 0.019623939891848404 -0.060632413594850797 -0.038900200619748547 0.043989514810209261 0.012797333131448303
decision_type=2 2 2 2 2 2 2 2 2 2 2 2 2 2 2 2 2 2 2 2 2 2
left_child=1 10 8 5 6 11 -3 17 16 20 -1 12 -4 -7 -11 -9 18 -6 -2 -10 -5 -15
right_child=2 4 3 9 7 13 -8 15 19 14 -12 -13 -14 21 -16 -17 -18 -19 -20 -21 -22 -23
leaf_value=-0.028332667919748689 0.023990936749641107 0.013290062041205799 0.022510515345097317 0.024194838918715322 -0.018623900269347248 -0.00019479692178362763 -0.016213820079979235 -0.011240304864098631 -0.054160059474172254 0.016025862456166863 -0.05256628029327879 -0.0082366836064568984 -0.020191389987868472 -0.035007120270964524 -0.0085299073165840365 -0.046010145656331859 0.028843862004659278 0.023085449804819004 -0.012525933311340314 -0.016809630651538367 0.048082836609404975 -0.0030052309434384257
leaf_weight=6424 1144 7858 10532 13897 2201 6661 5118 1492 1414 18894 5359 2646 941 3299 2795 4506 1198 1133 6102 2627 2652 1918
leaf_count=6424 1144 7858 10532 13897 2201 6661 5118 1492 1414 18894 5359 2646 941 3299 2795 4506 1198 1133 6102 2627 2652 1918
internal_value=-4.01102e-07 -0.0199835 0.00887902 0.0127095 -0.0097499 0.00283285 0.00165179 -0.0256053 -0.0108272 0.0194239 -0.0393563 0.0138997 0.0190065 -0.0103206 0.0128606 -0.0373645 -0.00170447 -0.0044443 -0.00675793 -0.0298848 0.0280244 -0.0232455
internal_weight=110811 34091 76720 64235 22308 25997 12976 9332 12485 38238 11783 14119 11473 11878 21689 5998 8444 3334 7246 4041 16549 5217
internal_count=110811 34091 76720 64235 22308 25997 12976 9332 12485 38238 11783 14119 11473 11878 21689 5998 8444 3334 7246 4041 16549 5217
is_linear=0
shrinkage=0.0351744


Tree=24
num_leaves=23
num_cat=0
split_feature=100 11 13 15 7 21 100 3 1 15 11 38 28 11 5 38 2 1 31 12 9 21
split_gain=14938.3 6714.27 4465.97 4251.21 3150.35 2348.69 2291.35 1775.89 1570.38 1523.59 1481.75 1396.68 1382.5 1494.79 1250.87 1190.96 1164.77 1118.71 1116.36 1062.32 1019.32 1002
threshold=0.078100000000000017 -0.037683646759146046 0.026049342418653053 -0.0072207479575060992 -0.00099775140616724964 -0.019159792641172044 -0.83144999999999991 0.012079557883119952 0.045355472178381158 0.033166434836737306 0.023872907263590152 -0.017749453154593298 0.0038764510346527004 -0.037683646759146046 0.065848089103638416 -0.031463229729298645 -0.017708981009966294 -0.045503285490511594 0.0018206808270181502 0.047617476621577157 -0.010693988605914547 0.048580650556495859
decision_type=2 2 2 2 2 2 2 2 2 2 2 2 2 2 2 2 2 2 2 2 2 2
left_child=1 6 3 4 8 9 -1 15 19 12 -7 -6 13 -2 18 -5 -8 -9 -4 -3 -20 -13
right_child=5 2 14 7 11 10 16 17 -10 -11 -12 21 -14 -15 -16 -17 -18 -19 20 -21 -22 -23
leaf_value=-0.048832522556682634 -0.056756307046863866 0.0026218833809673911 0.0049100039030486467 0.021933654955142219 -0.017377410463691942 0.013457574873880853 -0.0045464718168246928 0.025637261270228733 -0.047858319071545766 0.018466565556860499 0.02843492754552213 -0.055733407272963782 0.0097340409015608809 -0.008211826375136998 -0.025290851832482784 -0.017329313290060745 -0.029839508578683369 -0.0014746118551466759 0.041520898528043838 -0.036964116354207897 0.012458108676461136 -0.009653160129810788
leaf_weight=5922 920 5881 6134 1134 2251 21596 3415 4117 1125 5306 13156 4895 4805 5345 1009 6070 6628 3468 2845 978 3147 664
leaf_count=5922 920 5881 6134 1134 2251 21596 3415 4117 1125 5306 13156 4895 4805 5345 1009 6070 6628 3468 2845 978 3147 664
internal_value=-4.25541e-07 -0.0119539 -0.004824 -0.0121919 -0.024882 0.0139529 -0.031477 0.00135955 -0.00934171 0.00296925 0.0191281 -0.0407659 -0.00445748 -0.0153444 0.0123298 -0.0111462 -0.0212408 0.0132393 0.0154619 -0.00302087 0.0262606 -0.0502327
internal_weight=110811 59683 43718 30583 15794 51128 15965 14789 7984 16376 34752 7810 11070 6265 13135 7204 10043 7585 12126 6859 5992 5559
internal_count=110811 59683 43718 30583 15794 51128 15965 14789 7984 16376 34752 7810 11070 6265 13135 7204 10043 7585 12126 6859 5992 5559
is_linear=0
shrinkage=0.0351744


Tree=25
num_leaves=23
num_cat=0
split_feature=100 11 11 13 15 38 1 15 20 7 21 15 7 42 1 7 24 33 7 24 24 28
split_gain=14115.8 4709.97 4446.31 3711.76 2988.08 2690.85 2568.08 2421.99 2459.17 2064.2 1526.5 1515.88 1480.15 1448.29 1218.45 1189.99 1146.33 1146.1 1098.33 1076.08 1011.95 982.639
threshold=-0.68049999999999988 -0.014289845541505799 -0.045819074632108395 0.046689446714606758 -0.0040078979668783489 -0.045438102821860747 0.016521050577421304 0.0087459754560187519 0.0029370507776331502 -0.0014992295605405998 0.090825141032628023 -0.029470645471271848 0.038350382520869607 -0.0070092658293062493 0.064256267873574413 0.073910495520861166 -0.0035340879673727496 -0.028476347625834748 0.057402110332118554 0.042200811811707102 0.056237934562455155 0.01322285481738465
decision_type=2 2 2 2 2 2 2 2 2 2 2 2 2 2 2 2 2 2 2 2 2 2
left_child=2 6 -1 4 9 -3 13 8 14 -4 17 -8 -10 -2 15 -7 -6 -11 21 -13 -9 -15
right_child=1 5 3 -5 16 7 11 20 12 10 -12 19 -14 18 -16 -17 -18 -19 -20 -21 -22 -23
leaf_value=-0.043981541028730801 0.01390791813562231 0.032569277691800839 -0.014166920831409271 0.015578495103664242 0.010679652880167154 0.02167485669025947 -0.042840946221768733 0.022654783271803664 -0.0023560644123696499 -0.073169543031491702 0.032688550088876243 -0.0008743354363350774 -0.034311178400247659 -0.0099688784486357245 -0.010808622463199424 -0.020742454949288641 -0.016033867656075177 -0.038881239363119158 -0.038826700695799694 -0.040758549173889332 -0.0032486676884846766 0.012954900357755539
leaf_weight=7364 8148 8120 4889 4625 3860 10353 2679 17385 9670 1684 300 3733 2202 6599 2109 888 4096 4270 1107 1079 2089 3562
leaf_count=7364 8148 8120 4889 4625 3860 10353 2679 17385 9670 1684 300 3733 2202 6599 2109 888 4096 4270 1107 1079 2089 3562
internal_value=-4.30538e-07 0.007839 -0.0201046 -0.0126921 -0.0195391 0.0139414 -0.00413878 0.0105567 0.00336112 -0.0312952 -0.0446817 -0.0216335 -0.00828484 0.00261025 0.013719 0.0183223 -0.00307127 -0.0485837 -0.00555781 -0.00982216 0.0198752 -0.00193109
internal_weight=110811 79723 31088 23724 19099 52816 26907 44696 25222 11143 6254 7491 11872 19416 13350 11241 7956 5954 11268 4812 19474 10161
internal_count=110811 79723 31088 23724 19099 52816 26907 44696 25222 11143 6254 7491 11872 19416 13350 11241 7956 5954 11268 4812 19474 10161
is_linear=0
shrinkage=0.0351744


Tree=26
num_leaves=23
num_cat=0
split_feature=100 11 100 9 5 15 21 28 13 24 1 21 15 7 9 1 20 15 1 11 13 37
split_gain=13237.9 6190.82 3371.04 2448.04 2285.28 2193.42 2024.39 2026.72 1689.53 1593 1553.21 1437.07 1383.84 1376.03 1182.47 1176.21 1132.42 1066.45 1522.97 969.26 954.589 926.575
threshold=1.0000000180025095e-35 0.0076801594257517513 -0.9020999999999999 -0.053633272910594339 0.032318947704015458 -0.025097330520276896 0.015028098917057453 0.0015916102490158002 0.041220320494632708 0.0092691669400615517 -0.095894413325025782 -0.004438293604274399 -0.023426825148863444 0.0113560394668704 -0.010693988605914547 0.030608773561614001 0.014067609360347752 0.024181560287199855 -0.0011303825497638498 -0.074359162551747737 0.034328770451743505 -0.03678993228020374
decision_type=2 2 2 2 2 2 2 2 2 2 2 2 2 2 2 2 2 2 2 2 2 2
left_child=1 2 10 -2 8 15 7 12 11 16 20 17 -4 -6 -8 -5 -7 18 -3 -11 -1 -15
right_child=3 4 6 5 13 9 14 -9 -10 19 -12 -13 -14 21 -16 -17 -18 -19 -20 -21 -22 -23
leaf_value=-0.034466803509496477 0.026771362415198598 -0.0065113228456146798 -0.052918195710493443 0.0026603906768916073 -0.0025917382903163947 0.026244674838057272 0.012991392769150125 -0.0098764407860457894 0.028474323421557392 -0.032013217067371758 -0.049308038763373779 0.01239800785645853 -0.023785861032473422 -0.075399735054133193 -0.01265175958369099 -0.023803451722909812 0.0083606742415295657 0.015876418652162015 -0.051693855981937854 0.0062331673870967995 0.018252875063405279 -0.02457190064290626
leaf_weight=981 11766 3631 3066 5899 2478 11719 3916 8650 3931 875 6249 7974 5911 675 5151 3207 7001 1504 1238 12940 749 1300
leaf_count=981 11766 3631 3066 5899 2478 11719 3916 8650 3931 875 6249 7974 5911 675 5151 3207 7001 1504 1238 12940 749 1300
internal_value=-4.58954e-07 -0.0117272 -0.0210801 0.0126036 0.0025386 0.00859992 -0.0150827 -0.0220299 0.00804416 0.0128709 -0.0411418 0.00244499 -0.0337383 -0.0200556 -0.00157472 -0.00665822 0.0195573 -0.0100058 -0.0180043 0.0038092 -0.0116328 -0.0419567
internal_weight=110811 57404 34673 53407 22731 41641 26694 17627 18278 32535 7979 14347 8977 4453 9067 9106 18720 6373 4869 13815 1730 1975
internal_count=110811 57404 34673 53407 22731 41641 26694 17627 18278 32535 7979 14347 8977 4453 9067 9106 18720 6373 4869 13815 1730 1975
is_linear=0
shrinkage=0.0351744


Tree=27
num_leaves=23
num_cat=0
split_feature=100 100 5 1 21 9 15 13 14 24 20 4 100 2 9 33 13 15 9 28 3 21
split_gain=12436.8 4363.32 4129.38 3414.39 3236.78 2536.88 2107.8 1952.74 1814.7 1805.82 1537.82 1487.73 1499.56 1478.71 1399.6 1375.54 1523.05 1292.92 1170.3 1106.89 971.464 955.66
threshold=-0.68049999999999988 0.74330000000000018 -0.0035414969197495997 -0.015169470707859399 -0.018290733920946246 -0.060666941076508739 -0.034379304198200546 0.030080380924687605 -0.03953021895365124 0.050150687741229556 0.0021200727347737004 0.082526604212036905 -0.94224999999999992 0.039990724894451803 -0.026797320517512397 -0.049481334024252747 -0.011463064184144897 -0.0086090722231190967 -0.05230931845471249 0.036280117322040804 0.096604976774522525 0.090825141032628023
decision_type=2 2 2 2 2 2 2 2 2 2 2 2 2 2 2 2 2 2 2 2 2 2
left_child=2 4 3 11 6 -4 19 10 13 18 14 12 -1 -5 -6 -7 -17 -12 -8 -2 -14 -18
right_child=1 -3 5 8 7 15 9 -9 -10 -11 17 -13 20 -15 -16 16 21 -19 -20 -21 -22 -23
leaf_value=-0.02939444244257583 -0.039922600540192803 0.020205853501423246 0.0063352093486069658 -0.048150484372486986 0.025653472640222681 -0.066087387546084023 0.021226559253681124 0.02291566986949431 -0.042431880934591257 -0.036148838717488425 -0.017635953809510538 0.025858577066131958 -0.0034439432002024112 0.032033024119405291 0.0031094639109233149 -0.050239202358989127 -0.02536581787005528 0.0038983224910357122 -0.0042103871556847944 -0.0002006892536733658 0.026490846251110842 0.043095902029928794
leaf_weight=2178 3540 23191 1734 425 5605 1966 2909 8502 4074 1784 5556 2689 5476 860 8694 4113 5533 9096 9695 1151 1776 264
leaf_count=2178 3540 23191 1734 425 5605 1966 2909 8502 4074 1784 5556 2689 5476 860 8694 4113 5533 9096 9695 1151 1776 264
internal_value=-4.65953e-07 0.00735796 -0.0188711 -0.00755732 0.00208706 -0.0333988 -0.00970489 0.00809447 -0.0309363 -0.00302779 0.00374128 0.00277972 -0.00379987 0.00549749 0.0119477 -0.0392017 -0.0338653 -0.00426639 0.00165933 -0.0301802 0.00388517 -0.022244
internal_weight=110811 79723 31088 17478 56532 13610 19079 37453 5359 14388 28951 12119 9430 1285 14299 11876 9910 14652 12604 4691 7252 5797
internal_count=110811 79723 31088 17478 56532 13610 19079 37453 5359 14388 28951 12119 9430 1285 14299 11876 9910 14652 12604 4691 7252 5797
is_linear=0
shrinkage=0.0351744


Tree=28
num_leaves=23
num_cat=0
split_feature=100 11 11 15 5 21 20 15 28 24 24 24 14 70 9 68 13 1 9 3 42 7
split_gain=11628.1 5012.72 3497.02 3326.04 2939.46 2455.16 2134.95 2099.98 1997.83 1651.52 1617.47 1553.78 1370.05 1436.27 1148.63 1025.08 974.574 931.552 913.182 905.369 880.194 865.563
threshold=-0.77164999999999984 0.0072183644249842012 -0.046743107410934091 -0.0035621910404385498 0.006431453249888551 0.015028098917057453 0.013608792607664353 -0.029470645471271848 0.0038764510346527004 0.012146067248008601 0.036742671097138455 -0.0088896346320862484 -0.047391013062219593 -0.028235353143962649 -0.020515419641408048 -0.033148445791732796 0.041950526572167454 -0.0099880315589697486 -0.060666941076508739 -0.0011709492336022499 0.0151783968189856 0.017119633578686153
decision_type=2 2 2 2 2 2 2 2 2 2 2 2 2 2 2 2 2 2 2 2 2 2
left_child=2 3 -1 5 11 8 9 21 19 -3 20 -4 -6 -14 -7 -13 -9 -17 -15 -2 -5 -8
right_child=1 6 4 10 12 14 7 16 -10 -11 -12 15 13 18 -16 17 -18 -19 -20 -21 -22 -23
leaf_value=-0.044553245320898827 -0.050626981828573427 0.028610280685161322 0.0091377751532263525 0.015826005873519434 0.0023023648007523038 0.017958594404726715 -0.0065676773445381377 0.0071376959876426026 -0.0069773469311051328 0.010374282991350764 -0.01211471595145997 -0.048284870946002083 -0.075215693516398618 0.016775998575090694 -0.009901842121016545 -0.0026046663497199004 0.033418953430807502 -0.036700941340586005 -0.036730585532021694 -0.024123958038071429 0.00021052765187251757 -0.043816801005468427
leaf_weight=5955 2982 15228 5947 13529 1105 3318 2183 10693 5121 10307 4763 1001 1166 442 4084 4696 2087 1257 3645 3437 6670 1195
leaf_count=5955 2982 15228 5947 13529 1105 3318 2183 10693 5121 10307 4763 1001 1166 442 4084 4696 2087 1257 3645 3437 6670 1195
internal_value=-4.5648e-07 0.00618358 -0.0209947 -0.00211104 -0.0137091 -0.0132251 0.0149184 0.00491097 -0.0233672 0.0212502 0.00632207 -0.00406048 -0.0332838 -0.0407726 0.00258468 -0.0153499 0.0114312 -0.00980784 -0.0309395 -0.0364397 0.0106704 -0.0197513
internal_weight=110811 85597 25214 43904 19259 18942 41693 16158 11540 25535 24962 12901 6358 5253 7402 6954 12780 5953 4087 6419 20199 3378
internal_count=110811 85597 25214 43904 19259 18942 41693 16158 11540 25535 24962 12901 6358 5253 7402 6954 12780 5953 4087 6419 20199 3378
is_linear=0
shrinkage=0.0351744


Tree=29
num_leaves=23
num_cat=0
split_feature=100 11 100 100 24 24 1 40 7 13 11 7 15 20 14 23 15 20 62 28 1 33
split_gain=11104.6 5315.69 2998.56 2119.55 2108.56 1944.85 1853.99 1798.67 1601.56 1393.6 1337.59 1292.52 1285.78 1613.9 1273.38 1308.9 1253.18 1086.98 1080.68 1034.12 921.929 904.764
threshold=0.078100000000000017 0.0072183644249842012 -0.9020999999999999 0.86590000000000011 0.0096773958339143509 -0.0031504678499456496 0.025563501414801303 0.0069209124025083005 0.031347900195552704 0.045799227452507661 -0.054546037093781093 0.058519025415882359 -0.019818623304950395 0.032377823099668961 -0.03341232509921814 0.0046368684344818513 0.020936725407406102 -0.021494140312406294 0.00066765653013755005 0.0062520510155598509 -0.073400848999863696 -0.038005689863504839
decision_type=2 2 2 2 2 2 2 2 2 2 2 2 2 2 2 2 2 2 2 2 2 2
left_child=1 2 9 6 12 10 11 16 -6 -1 -4 17 13 -3 -7 -16 -8 -2 -12 -19 -11 -10
right_child=3 4 5 -5 8 14 7 -9 21 20 18 -13 -14 -15 15 -17 -18 19 -20 -21 -22 -23
leaf_value=-0.046067045198523053 0.027231671013793202 0.0074435425553622302 -0.020352572671747324 0.024657535427236973 -0.00096626465590427218 -0.0038709531539301606 -0.030657899193072779 0.01234852502280896 -0.063799788789593331 0.014810941518378005 0.017466238830932072 -0.0079632809577050087 0.019487674175477504 -0.03960196086470328 -0.038162201654319196 -0.014194599495917993 0.003116252332065134 0.0035252118302207531 -0.0073093265078822342 0.020312995604790895 -0.035078368393953348 -0.019806522029034612
leaf_weight=6098 6828 4425 3922 12444 6828 3650 3582 4230 812 882 4121 3365 8748 1133 6479 4996 2189 10472 4619 8018 953 2017
leaf_count=6098 6828 4425 3922 12444 6828 3650 3582 4230 812 882 4121 3365 8748 1133 6479 4996 2189 10472 4619 8018 953 2017
internal_value=-4.64336e-07 -0.0103066 -0.0189046 0.0120298 0.00250919 -0.0134582 0.00796719 -0.00507242 -0.0101893 -0.0379791 -0.003286 0.0125143 0.0110823 -0.00214459 -0.0219727 -0.027729 -0.0178444 0.0152367 0.00437081 0.0108061 -0.0110906 -0.0324426
internal_weight=110811 59683 35720 51128 23963 27787 38684 10001 9657 7933 12662 28683 14306 5558 15125 11475 5771 25318 8740 18490 1835 2829
internal_count=110811 59683 35720 51128 23963 27787 38684 10001 9657 7933 12662 28683 14306 5558 15125 11475 5771 25318 8740 18490 1835 2829
is_linear=0
shrinkage=0.0351744


Tree=30
num_leaves=23
num_cat=0
split_feature=100 11 15 7 20 24 5 38 21 21 30 20 1 13 5 28 15 20 33 33 24 3
split_gain=10338 5125.24 3103.1 2138.21 2137.2 1994.74 1913.4 1892.96 1756.81 1603.69 1568.22 1209.92 1283.96 1205.79 1185.4 1183.34 1109.05 1061.49 1032.3 987.046 972.619 913.11
threshold=0.17810000000000001 0.0076801594257517513 -0.012185090194689998 0.012985596000153402 -0.051338700243623546 -0.0023737218490033495 0.017004237557773805 -0.045438102821860747 -0.019159792641172044 0.10525850206223876 0.020867401951033853 -0.024620269887565095 0.010951438399460502 0.043521661990152255 0.015653275979422555 0.019828326375400603 -0.025097330520276896 0.014067609360347752 -0.012989529541220499 -0.034439889161582297 0.091931186692319714 0.029133736221182555
decision_type=2 2 2 2 2 2 2 2 2 2 2 2 2 2 2 2 2 2 2 2 2 2
left_child=1 2 4 13 14 -4 11 -2 16 10 15 -5 -13 21 -1 -6 -9 -10 -7 -8 -18 -3
right_child=7 3 5 6 9 18 19 8 17 -11 -12 12 -14 -15 -16 -17 20 -19 -20 -21 -22 -23
leaf_value=0.016135354545600496 0.027525242760949958 -0.0014448393411267268 0.0035827302518059538 0.021017544380460072 -0.03627197153528957 -0.032377653702647842 -0.061626715435515192 -0.019436768303582902 0.019433827982805886 0.028859087414747745 -0.052405078608081204 0.00051895184507451246 -0.043290608420707248 0.031421120579430965 -0.036233971014425673 -0.010532260777856626 0.0063745774595330672 0.0048997336503030951 -0.0097478281090722027 -0.018952108347354064 -0.057535035903140609 0.018063033829579595
leaf_weight=1856 8312 7474 9466 2318 6602 4133 1011 3234 17201 494 4655 3339 1100 2922 751 3325 9355 9742 6297 1997 304 4923
leaf_count=1856 8312 7474 9466 2318 6602 4133 1011 3234 17201 494 4655 3339 1100 2922 751 3325 9355 9742 6297 1997 304 4923
internal_value=-4.67824e-07 -0.00941815 -0.0176369 0.00289395 -0.0283588 -0.00810664 -0.00996778 0.012256 0.00906944 -0.0334438 -0.0355559 0.000418549 -0.0103347 0.0110937 0.00104158 -0.0276526 -0.00160756 0.0141793 -0.0187171 -0.0333033 0.00436047 0.00630077
internal_weight=110811 62663 37579 25084 17683 19896 9765 48148 39836 15076 14582 6757 4439 15319 2607 9927 12893 26943 10430 3008 9659 12397
internal_count=110811 62663 37579 25084 17683 19896 9765 48148 39836 15076 14582 6757 4439 15319 2607 9927 12893 26943 10430 3008 9659 12397
is_linear=0
shrinkage=0.0351744


Tree=31
num_leaves=23
num_cat=0
split_feature=100 11 5 38 1 21 7 28 21 14 2 9 3 2 33 64 11 33 62 1 3 74
split_gain=9859.82 4348.93 3075.04 2972.75 2418.03 2336.85 1898.02 1823.04 2095.8 1805.04 1653.13 1503.58 1502.94 1330.04 1167.62 1140.31 1114.69 1071.25 1050.92 1472.4 1284.7 951.742
threshold=-0.77164999999999984 -0.025956082040251498 0.006431453249888551 -0.045438102821860747 -0.0099880315589697486 -0.0025788049096728497 0.04584389544947861 0.01322285481738465 0.016396591115845151 -0.044126520817896191 -0.047546432020394942 -0.029565661379314146 0.062587273729508008 0.039990724894451803 -0.033328990435563643 0.020015851854650452 0.031027711339089905 0.020104437055198456 -0.035361125352060943 0.045355472178381158 0.018256997508574253 0.029269262876480757
decision_type=2 2 2 2 2 2 2 2 2 2 2 2 2 2 2 2 2 2 2 2 2 2
left_child=2 7 4 -3 10 6 18 8 17 13 -1 15 21 -6 -8 -4 -7 -2 -5 20 -20 -12
right_child=1 3 11 5 9 16 14 -9 -10 -11 12 -13 -14 -15 -16 -17 -18 -19 19 -21 -22 -23
leaf_value=0.016714225534862692 -0.032789726263229332 0.028890040020500676 -0.030681338946536938 0.023788942944870203 -0.052226595782061173 0.0092412628286267715 -0.045797656340762521 0.0052152608248812685 0.0031402867096613804 -0.044233683070820116 -0.017474712929155756 -0.046139547077996973 0.0059935081601195372 0.033935343519991508 -0.0086691927834561117 0.017695580263312218 0.024206602934808589 -0.0061213343539055221 -0.0032797291495805618 -0.016528079869571007 0.017791569571538941 -0.061085602274786176
leaf_weight=3896 6563 9251 1807 3019 316 16963 1463 8709 4974 3526 3778 5974 3531 741 3699 904 9673 2605 7441 4340 6897 741
leaf_count=3896 6563 9251 1807 3019 316 16963 1463 8709 4974 3526 3778 5974 3531 741 3699 904 9673 2605 7441 4340 6897 741
internal_value=-4.61908e-07 0.00569397 -0.0193326 0.0104787 -0.0104269 0.0072944 -2.60756e-05 -0.00744356 -0.0152403 -0.0321472 -0.00209228 -0.0362793 -0.0111964 0.00815659 -0.0191964 -0.0145435 0.0146767 -0.0252142 0.00453414 0.00142083 0.00685511 -0.0246314
internal_weight=110811 85597 25214 62746 16529 53495 26859 22851 14142 4583 11946 8685 8050 1057 5162 2711 26636 9168 21697 18678 14338 4519
internal_count=110811 85597 25214 62746 16529 53495 26859 22851 14142 4583 11946 8685 8050 1057 5162 2711 26636 9168 21697 18678 14338 4519
is_linear=0
shrinkage=0.0351744


Tree=32
num_leaves=23
num_cat=0
split_feature=100 11 24 9 15 7 62 24 20 22 38 21 18 38 15 33 1 14 28 11 3 28
split_gain=9275.35 4396.62 3620.86 2628.55 2658.42 2588.45 1988.78 1934.16 1418.77 1320.44 1254.62 1132.22 1098.03 1079.2 1264.64 1019.23 935.535 963.588 927.63 919.961 878.427 850.681
threshold=-0.31744999999999995 -0.053503364706735793 -0.0031504678499456496 -0.066321557817352286 -0.049754782208191746 0.035145957361888906 0.021353162220639401 0.037359979089867407 0.0029370507776331502 0.020879115731897702 -0.016096272919591748 0.084152524140046411 0.14970622230451747 -0.039498728213958646 -0.023426825148863444 -0.0022290470655373994 -0.030333181533519996 -0.036053716955198246 -0.026833814488234294 0.008581205561819202 0.027387715128839002 0.011483278724515352
decision_type=2 2 2 2 2 2 2 2 2 2 2 2 2 2 2 2 2 2 2 2 2 2
left_child=1 9 6 -2 -5 10 13 8 19 12 -4 15 18 -3 -15 -7 20 -18 -1 -6 -12 -10
right_child=3 2 5 4 7 11 -8 -9 21 -11 16 -13 -14 14 -16 -17 17 -19 -20 -21 -22 -23
leaf_value=-0.051836065453921519 0.025540163706112659 0.038823049184743885 0.0082834908908261985 -0.017105323405855046 0.010960043578999655 -0.055975653040277192 -0.014358865532290106 -0.0056465686757679549 -0.00079647843259702329 -0.052144015243649186 -0.018875150861669254 0.021370203930870458 0.04353710227947185 -0.0072158618358653471 0.01727153926571914 -0.024993258248298931 0.014259246087207654 -0.034896211900797676 -0.018833452720648909 0.025954853369353957 0.007359877269152151 0.01480084272312854
leaf_weight=1429 9703 1638 3822 5680 10379 2777 4811 9803 11949 3216 3412 382 283 4129 7086 2499 571 3606 4025 9893 2938 6780
leaf_count=1429 9703 1638 3822 5680 10379 2777 4811 9803 11949 3216 3412 382 283 4129 7086 2499 571 3606 4025 9893 2938 6780
internal_value=-4.5497e-07 -0.011941 -0.0066746 0.00867263 0.00566834 -0.0169214 0.00493046 0.00831922 0.01183 -0.0340977 -0.00897499 -0.0370701 -0.0239773 0.012152 0.00825461 -0.0413051 -0.0152426 -0.0281723 -0.0274848 0.0182787 -0.00673431 0.00484903
internal_weight=110811 46624 37671 64187 54484 20007 17664 48804 39001 8953 14349 5658 5737 12853 11215 5276 10527 4177 5454 20272 6350 18729
internal_count=110811 46624 37671 64187 54484 20007 17664 48804 39001 8953 14349 5658 5737 12853 11215 5276 10527 4177 5454 20272 6350 18729
is_linear=0
shrinkage=0.0351744


Tree=33
num_leaves=23
num_cat=0
split_feature=100 11 15 5 1 21 13 20 28 9 15 24 14 24 4 12 9 2 38 9 33 42
split_gain=8754.06 4019.52 2847.63 2767.4 2339.38 2222.61 1876.71 1888.44 1806.83 1627.56 1511.18 1407.02 1372.9 1311.01 1169.35 1175.24 1018.45 939.484 918.331 914.453 871.262 831.634
threshold=-0.78429999999999989 0.0072183644249842012 -0.0035621910404385498 -0.0067850973737058487 -0.012671036047544099 0.015028098917057453 0.041950526572167454 0.013608792607664353 0.005044673245424001 -0.05975098773632119 -0.029470645471271848 0.036742671097138455 -0.044126520817896191 0.04147810879812331 0.082526604212036905 0.055492973329842911 -0.03125499123685594 0.039990724894451803 -0.016887007303277496 -0.017957790037774198 -0.00037192131382074992 0.0151783968189856
decision_type=2 2 2 2 2 2 2 2 2 2 2 2 2 2 2 2 2 2 2 2 2 2
left_child=3 2 5 4 14 8 7 13 -2 -5 -9 21 17 19 15 -1 -7 -6 -11 -3 -20 -4
right_child=1 6 11 9 12 16 -8 10 -10 18 -12 -13 -14 -15 -16 -17 -18 -19 20 -21 -22 -23
leaf_value=0.00037147179378495726 -0.033932925162080255 0.029106742454079623 0.014678980051710281 0.0040978423477949387 -0.049376391748271457 0.019509717575399658 0.030546592286596265 -0.022232284889471841 -0.0060669364921535421 -0.017646773194036253 0.0058686784141218544 -0.011462611504524071 -0.042303652349005717 -0.001811859965904073 0.024487066141161303 -0.042707843977734868 -0.0073025225528054417 0.030230251937236836 -0.053715547354196917 0.013107579478566096 -0.029375179397194563 -0.00041804909228358532
leaf_weight=6227 6663 8131 13638 1385 257 2779 6413 3034 5072 2383 10779 4812 2961 4027 2162 896 4745 639 4056 9698 3309 6745
leaf_count=6227 6663 8131 13638 1385 257 2779 6413 3034 5072 2383 10779 4812 2961 4027 2162 896 4745 639 4056 9698 3309 6745
internal_value=-4.42861e-07 0.00523567 -0.00213979 -0.0186668 -0.00773405 -0.0123225 0.0130272 0.00987681 -0.0218906 -0.0315707 -0.000302634 0.0056432 -0.0307593 0.0163109 0.00182927 -0.00504599 0.00259862 0.00737323 -0.0366402 0.0204052 -0.0427829 0.0096824
internal_weight=110811 86536 44454 24275 13142 19259 42082 35669 11735 11133 13813 25195 3857 21856 9285 7123 7524 896 9748 17829 7365 20383
internal_count=110811 86536 44454 24275 13142 19259 42082 35669 11735 11133 13813 25195 3857 21856 9285 7123 7524 896 9748 17829 7365 20383
is_linear=0
shrinkage=0.0351744


Tree=34
num_leaves=23
num_cat=0
split_feature=100 24 100 62 33 11 100 11 1 40 22 3 7 28 42 23 65 1 15 38 15 20
split_gain=8344.19 4371.48 2951.9 2534.31 1953.99 1899.48 1730.59 1429.52 1376.81 1426.04 1286.13 1218.81 1087.05 1038.37 1021.14 1005.98 998.541 954.328 917.862 891.148 941.341 951.938
threshold=0.17810000000000001 -0.0046980945101937994 -0.89559999999999984 0.024532029258435856 -0.032791225513357995 -0.014289845541505799 0.86590000000000011 0.017299062331333753 0.016521050577421304 0.0069209124025083005 0.019746512133721205 -0.0017903630970337499 0.032783043108846159 -0.0022766277410646496 0.0041100211550800002 0.016091984656635801 -0.0066489026001028987 0.036597395995265555 0.034444313149233262 -0.038119364223084547 0.017916390579034405 0.014546705019001852
decision_type=2 2 2 2 2 2 2 2 2 2 2 2 2 2 2 2 2 2 2 2 2 2
left_child=1 3 12 5 16 10 8 14 11 18 -1 13 -3 15 17 -2 -4 -6 -10 -7 21 -21
right_child=6 2 4 -5 7 19 -8 -9 9 -11 -12 -13 -14 -15 -16 -17 -18 -19 -20 20 -22 -23
leaf_value=0.0047165595277254609 -0.018373336593007036 -0.026904391983908506 -0.045768412665341617 -0.016661590868864949 0.0023805729959936513 0.038878916630021326 0.0223070546349655 0.0066542917978569417 -0.024574368356437053 0.011542331228217843 -0.023755447619264482 0.01847274192701482 -0.055764540602776483 0.012668676635242798 -0.022838869547701996 0.013918152445054607 -0.017008734411782103 -0.02806913483303608 0.0063791134371325 0.015094960838996436 0.028992795390829603 -0.011445900644133039
leaf_weight=6033 3751 4547 2585 6945 6016 1903 12444 6832 4041 4175 2909 13814 2508 6497 6760 1750 3545 1615 1676 4810 3093 2562
leaf_count=6033 3751 4547 2585 6945 6016 1903 12444 6832 4041 4175 2909 13814 2508 6497 6760 1750 3545 1615 1676 4810 3093 2562
internal_value=-4.45475e-07 -0.00846138 -0.0168803 0.0017903 -0.0116469 0.00780469 0.0110108 -0.00659322 0.00707316 -0.00408326 -0.00454432 0.0113493 -0.0371674 0.00314616 -0.0128835 -0.00809751 -0.0291402 -0.00406199 -0.0154972 0.0167343 0.0127052 0.00586888
internal_weight=110811 62663 34408 28255 27353 21310 48148 21223 35704 9892 8942 25812 7055 11998 14391 5501 6130 7631 5717 12368 10465 7372
internal_count=110811 62663 34408 28255 27353 21310 48148 21223 35704 9892 8942 25812 7055 11998 14391 5501 6130 7631 5717 12368 10465 7372
is_linear=0
shrinkage=0.0351744


Tree=35
num_leaves=23
num_cat=0
split_feature=100 15 1 7 24 13 21 13 20 33 38 20 33 63 20 33 28 38 11 9 14 3
split_gain=7767.57 4261.36 3810.93 3369.79 2141.08 2105.75 1642.96 1480.27 1433.66 1270.43 1261.2 1209.24 1165.9 1116.08 1104.74 916.737 887.21 878.837 835.119 819.35 799.206 768.098
threshold=0.17810000000000001 -0.0040078979668783489 0.033502415493766806 -0.00099775140616724964 0.0020836027717366008 0.028915617859504403 -0.037344258362123996 -0.0072565660235510985 -0.024147740041736147 -0.049481334024252747 -0.043069114035077342 0.017263898005591402 -0.036248275353527197 -0.014885939542535349 0.014067609360347752 -0.018334112597855699 -0.0084255025660312493 -0.011865034972903348 0.0047572588312820513 1.0000000180025095e-35 -0.0086876557383081983 0.0082059095705291022
decision_type=2 2 2 2 2 2 2 2 2 2 2 2 2 2 2 2 2 2 2 2 2 2
left_child=1 2 3 8 7 9 -2 21 -1 -5 -8 -7 -6 -4 19 -13 -10 -11 -14 -12 -15 -3
right_child=6 4 13 5 12 11 10 -9 16 17 14 15 18 20 -16 -17 -18 -19 -20 -21 -22 -23
leaf_value=0.018781702084920644 -0.0032456591722079533 -0.014803051052190513 -0.019956171990353287 -0.064557817111835614 -0.029357444717132079 0.010273595551943357 0.026872945794357284 0.020098256916530974 -0.018467746560479698 -0.010596852403921319 0.02116028211299786 -0.078300387769525484 -0.011337739313443285 -0.03118478117999314 0.0019030475849329176 -0.00850069040092577 0.0033490982900502716 -0.03564863456723693 0.008684716710347028 0.0068503722373551802 -0.0602308965241014 0.0096081921551000853
leaf_weight=4242 8664 3063 2556 1312 2647 2836 7296 8896 3980 2632 12556 374 6411 1954 11452 618 5481 5083 4309 8180 2943 3326
leaf_count=4242 8664 3063 2556 1312 2647 2836 7296 8896 3980 2632 12556 374 6411 1954 11452 618 5481 5083 4309 8180 2943 3326
internal_value=-4.24904e-07 -0.00816379 -0.0165829 -0.0103445 0.00182942 -0.0232805 0.0106236 0.0108217 0.0017899 -0.0325511 0.0136673 -0.00141437 -0.00845192 -0.0388096 0.0106734 -0.0348417 -0.00582709 -0.0271047 -0.00328797 0.0155162 -0.0486458 -0.00209247
internal_weight=110811 62663 34011 26558 28652 12855 48148 15285 13703 9027 39484 3828 13367 7453 32188 992 9461 7715 10720 20736 4897 6389
internal_count=110811 62663 34011 26558 28652 12855 48148 15285 13703 9027 39484 3828 13367 7453 32188 992 9461 7715 10720 20736 4897 6389
is_linear=0
shrinkage=0.0351744


Tree=36
num_leaves=23
num_cat=0
split_feature=100 21 15 11 13 11 11 15 7 4 9 1 15 12 4 20 62 24 28 26 33 33
split_gain=7441.05 3662.54 2855.45 2585.46 2365.78 2324.26 2149.46 1839.99 1806.96 1495.33 1783.42 1374.14 1285.38 1234.19 1192.82 1192.11 1062.97 959.344 943.567 896.331 808.912 784.738
threshold=-0.78429999999999989 -0.004438293604274399 0.025260250773585752 -0.046743107410934091 0.046689446714606758 -0.037683646759146046 0.031027711339089905 -0.0040078979668783489 0.066330729236624017 -0.13769199117331887 -0.036859393946041548 0.045355472178381158 -0.075025603548725089 -0.0060205814491441989 0.038916898581855958 0.00045839166921165007 -0.024526383519967197 0.036742671097138455 0.0012391603315140504 -0.00070598144209614978 -0.029518341735190197 0.019132831059834151
decision_type=2 2 2 2 2 2 2 2 2 2 2 2 2 2 2 2 2 2 2 2 2 2
left_child=3 2 5 -1 7 18 9 15 11 -3 -11 13 -12 -7 -15 -5 -13 -4 -2 -14 -17 -10
right_child=1 6 17 4 -6 8 -8 -9 21 10 12 16 19 14 -16 20 -18 -19 -20 -21 -22 -23
leaf_value=-0.037801386580213953 -0.047029712695519039 0.040317076566694685 0.014836104928712077 -0.013694139554248258 0.013890386676001846 0.014486515303331921 0.02393226791756466 -0.0022290515390766333 -0.043678252877665719 0.017724915082644462 -0.041732667143012638 0.014264333333202876 -0.0074571312567399094 -0.010287895926219554 0.029430481577310617 -0.063081836160168991 -0.028834852038586961 -0.0085391510912541536 -0.015554934621084386 0.0074644521206300007 -0.030467266508727896 -0.0014156387237585129
leaf_weight=5756 2444 1579 11062 4085 3810 7152 12767 6006 1929 9733 893 911 8420 7476 1069 1319 3169 2702 2280 12192 3299 758
leaf_count=5756 2444 1579 11062 4085 3810 7152 12767 6006 1929 9733 893 911 8420 7476 1069 1319 3169 2702 2280 12192 3299 758
internal_value=-4.34023e-07 0.00482705 -0.00280726 -0.0172101 -0.0108089 -0.00941617 0.0116859 -0.0172078 -0.004699 0.00692108 0.00523226 -0.00102088 -0.000421135 0.00370525 -0.00531662 -0.0275426 -0.0192072 0.0102461 -0.0318433 0.00136817 -0.0397882 -0.031763
internal_weight=110811 86536 40952 24275 18519 27188 45584 14709 22464 32817 31238 19777 21505 15697 8545 8703 4080 13764 4724 20612 4618 2687
internal_count=110811 86536 40952 24275 18519 27188 45584 14709 22464 32817 31238 19777 21505 15697 8545 8703 4080 13764 4724 20612 4618 2687
is_linear=0
shrinkage=0.0351744


Tree=37
num_leaves=23
num_cat=0
split_feature=100 11 38 15 7 20 13 1 22 20 38 62 33 40 1 4 4 15 15 15 9 33
split_gain=7001.15 4413 3649.01 3256.39 2669.58 2203.43 1612.56 1572.82 1508.66 1278.09 1264.95 1260.62 1203.99 1170.06 1248.03 1056.42 1020.57 960.521 901.594 871.134 828.044 809.176
threshold=0.42215000000000008 -0.045819074632108395 -0.016887007303277496 0.0087459754560187519 -0.013196052642705647 0.0013121196898274502 -0.014476571888329598 0.096473599710589761 0.019746512133721205 -0.051338700243623546 -0.055076342377770343 0.0077264098060446009 -0.021728682288152699 -0.015433004001775297 0.016521050577421304 -0.091042437508464635 0.070048127474454505 -0.0040078979668783489 0.088755355054549304 0.03643252794496251 0.035488849536434205 -0.051308163639517193
decision_type=2 2 2 2 2 2 2 2 2 2 2 2 2 2 2 2 2 2 2 2 2 2
left_child=1 8 16 4 7 6 -6 -4 9 -1 -2 21 -7 14 -12 -11 17 -3 -10 -17 -8 -5
right_child=10 2 3 11 5 12 20 -9 18 15 13 -13 -14 -15 -16 19 -18 -19 -20 -21 -22 -23
leaf_value=0.011903525341357475 0.027913509876018833 -0.00037869665115579935 0.003392761153363193 -0.021949912627663246 -0.036261538672149998 -0.055968888148692407 0.0063341306363749175 -0.040134468671906537 -0.043249970524007746 0.020627811092260372 0.0083675970983675737 -0.0070343843969034149 -0.027214906457787364 0.014268309356002382 -0.015544546812926538 -0.031614129047515427 0.033275430405230198 0.018194295955007697 0.0065418017127069879 -0.0036664784599305042 -0.029056808135496354 0.017887723459941596
leaf_weight=1758 5255 7311 9262 687 2192 2817 4298 1155 4781 687 8503 5546 5012 21960 3957 5755 2388 6512 496 1817 1010 7652
leaf_count=1758 5255 7311 9262 687 2192 2817 4298 1155 4781 687 8503 5546 5012 21960 3957 5755 2388 6512 496 1817 1010 7652
internal_value=-4.49035e-07 -0.00660348 -0.00201824 -0.00776919 -0.0151738 -0.0245108 -0.0108822 -0.00143234 -0.023344 -0.0153224 0.0118381 0.00595956 -0.0375641 0.00938325 0.000772229 -0.0211199 0.01204 0.00836993 -0.0385667 -0.0249101 -0.000397575 0.0146034
internal_weight=110811 71136 55842 39631 25746 15329 7500 10417 15294 10017 39675 13885 7829 34420 12460 8259 16211 13823 5277 7572 5308 8339
internal_count=110811 71136 55842 39631 25746 15329 7500 10417 15294 10017 39675 13885 7829 34420 12460 8259 16211 13823 5277 7572 5308 8339
is_linear=0
shrinkage=0.0351744


Tree=38
num_leaves=23
num_cat=0
split_feature=100 21 15 5 11 1 24 2 12 14 28 11 4 9 15 14 13 2 24 33 38 68
split_gain=6652.86 3375.46 2583.13 2360.14 1944.6 1874.7 1671.26 1646.84 1672.87 1551.4 1416.46 1485.25 1367.44 1656.49 1165.16 1122.76 1099.35 983.563 929.022 925.748 903.952 831.647
threshold=-0.78429999999999989 -0.004438293604274399 -0.020892644623853946 0.013520690132399852 0.030440858912344954 -0.012671036047544099 0.050150687741229556 -0.047546432020394942 0.016322246300490655 -0.044126520817896191 0.024530531217677402 0.018229900106156004 -0.13769199117331887 -0.036859393946041548 -0.0021966686799221495 -0.048213164611394042 -0.020006028765910445 0.039990724894451803 -0.0023737218490033495 0.020104437055198456 -0.029829386821627748 -0.018485197373265799
decision_type=2 2 2 2 2 2 2 2 2 2 2 2 2 2 2 2 2 2 2 2 2 2
left_child=3 2 10 5 12 7 16 -1 18 17 11 19 -3 -14 21 -5 20 -7 -9 -2 -4 -15
right_child=1 4 6 15 -6 9 -8 8 -10 -11 -12 -13 13 14 -16 -17 -18 -19 -20 -21 -22 -23
leaf_value=0.01666111374938823 -0.046700786178287587 0.038549456060862929 0.016985382065339984 -0.0031329792305056937 0.022666552434920949 -0.041906786631196159 -0.020026454050732702 0.015697591068505427 -0.032104941776411162 -0.038784097214804282 0.0022242074883694674 -0.0072392137789164005 0.017041449264380289 -0.027163608314394259 0.0069504699158897355 -0.04029814004537545 0.011478082461330426 0.03060243812312307 -0.012924430238297879 -0.014054202939778923 -0.010366178442710662 -0.003508440430408159
leaf_weight=3933 3414 1574 1939 1224 12975 331 3409 2637 2983 3736 3673 3810 9648 2469 11706 5665 16613 768 2998 1571 6523 7212
leaf_count=3933 3414 1574 1939 1224 12975 331 3409 2637 2983 3736 3673 3810 9648 2469 11706 5665 16613 768 2998 1571 6523 7212
internal_value=-4.40698e-07 0.0045642 -0.00276479 -0.0162732 0.0111488 -0.00936779 0.00307941 -0.00219734 -0.0108059 -0.0279771 -0.0161174 -0.0237791 0.00656534 0.00494248 -0.000514866 -0.0336975 0.00622147 0.00874578 0.000466879 -0.0364165 -0.00409661 -0.00954343
internal_weight=110811 86536 40952 24275 45584 17386 28484 12551 8618 4835 12468 8795 32609 31035 21387 6889 25075 1099 5635 4985 8462 9681
internal_count=110811 86536 40952 24275 45584 17386 28484 12551 8618 4835 12468 8795 32609 31035 21387 6889 25075 1099 5635 4985 8462 9681
is_linear=0
shrinkage=0.0351744


Tree=39
num_leaves=23
num_cat=0
split_feature=100 15 24 20 7 11 62 22 40 1 33 38 11 55 7 13 38 38 38 11 28 33
split_gain=6258.29 4015.4 3181.74 2957.28 1997.12 1657.6 1646.1 1569.44 1176.56 1505.38 1126.42 1094.09 1087.7 900.48 897.831 863.943 833.478 780.014 779.092 744.624 737.051 723.861
threshold=0.42215000000000008 -0.036885088530505795 -0.0031504678499456496 0.0029370507776331502 0.08113326105371936 0.0076801594257517513 0.024981062572160654 0.00085113390070050009 -0.015433004001775297 0.016521050577421304 0.032045198404165955 -0.011444458749135848 -0.057991675606111494 0.033979071253145303 0.060968070880206053 0.048485263123072754 -0.00067468716228164991 -0.038119364223084547 -0.048028776725024237 -0.044922168986462195 -0.030765836143119396 -0.0078937547051270984
decision_type=2 2 2 2 2 2 2 2 2 2 2 2 2 2 2 2 2 2 2 2 2 2
left_child=1 3 6 7 5 10 12 14 9 -2 16 -5 -3 -10 18 17 -4 -14 -1 -9 -13 -6
right_child=8 2 4 11 21 -7 -8 19 13 -11 -12 20 15 -15 -16 -17 -18 -19 -20 -21 -22 -23
leaf_value=0.04869247377058674 0.010559037468821617 -0.0070564590588030624 -0.0086909982068927184 -0.018753283673954499 -0.057988577361871234 0.0044944454372354862 -0.0082275517510262079 -0.049829812007158122 0.012487690448047701 -0.014344699584073884 0.0060739582213255447 -0.064956678634826237 0.034428868874792025 0.029231036390529829 -0.030264500914627179 0.035564054313909778 -0.027051563206007382 0.0096965904724482105 0.0053654146072128674 -0.015281053330506209 -0.036605268189295694 -0.020395851491942046
leaf_weight=584 10102 2818 5767 3065 1265 10266 5905 992 20359 4273 2858 1618 1829 4941 771 2516 6523 11517 4257 3490 3821 1274
leaf_count=584 10102 2818 5767 3065 1265 10266 5905 992 20359 4273 2858 1618 1829 4941 771 2516 6523 11517 4257 3490 3821 1274
internal_value=-4.41997e-07 -0.00624336 -0.00127086 -0.0202893 -0.00938901 -0.00641636 0.00795874 -0.00741278 0.0111925 0.00315511 -0.0138118 -0.0355709 0.0130764 0.0157584 0.00497971 0.0166542 -0.0184376 0.0130876 0.0105971 -0.022933 -0.045044 -0.0391347
internal_weight=110811 71136 52538 18598 27953 25414 24585 10094 39675 14375 15148 8504 18680 25300 5612 15862 12290 13346 4841 4482 5439 2539
internal_count=110811 71136 52538 18598 27953 25414 24585 10094 39675 14375 15148 8504 18680 25300 5612 15862 12290 13346 4841 4482 5439 2539
is_linear=0
shrinkage=0.0351744


Tree=40
num_leaves=23
num_cat=0
split_feature=100 11 13 15 13 3 15 2 7 31 38 12 17 62 1 20 15 22 11 33 60 20
split_gain=6058.05 3964.23 3045.59 2670.85 2073.45 1527.48 1429.06 1425.64 1390.39 1326.19 1212.73 1171.32 1157.72 1009.74 882.349 878.437 890.441 863.958 860.583 843.32 805.047 730.688
threshold=-0.86364999999999992 -0.044034834418470496 0.012408308488798852 -0.014187407861517148 0.045799227452507661 0.016553662416510202 -0.037504484479936144 -0.0151506610666173 0.030025241328595905 0.024394818240042252 -0.016887007303277496 -0.0055083524071482494 0.11653067998479781 0.031144879896291406 0.030608773561614001 -0.0083893198769363474 0.014421963947464752 0.026871440331342304 -0.083548118816796441 -0.030600121960025796 0.032207310257406307 -0.040774092789886189
decision_type=2 2 2 2 2 2 2 2 2 2 2 2 2 2 2 2 2 2 2 2 2 2
left_child=4 7 3 8 6 10 21 -2 11 15 -5 14 18 20 -3 -4 -17 -6 -9 -12 -8 -1
right_child=1 2 9 5 17 -7 13 12 -10 -11 19 -13 -14 -15 -16 16 -18 -19 -20 -21 -22 -23
leaf_value=-0.013220376222644025 0.00050426052789422169 0.012418544773022533 0.019671460424590947 0.013421547318362431 0.01185166522570005 0.016049422330577452 -0.007485041503534331 -0.039021434598893207 -0.027883690259920633 0.02863886648195425 -0.023550360583208692 -0.01494076989207431 0.021036597309986395 -0.04378701629620721 -0.021300530777188888 -0.0023627351418631236 0.016750282383212824 -0.028943490122901306 -0.016284422437458958 -0.00094757560905121569 -0.040163537029996629 -0.050320284820502659
leaf_weight=817 6701 5303 9197 5863 3027 14123 6054 3097 4038 7425 2674 6358 768 1557 1172 7468 5057 815 6163 8651 1103 3380
leaf_count=817 6701 5303 9197 5863 3027 14123 6054 3097 4038 7425 2674 6358 768 1557 1172 7468 5057 815 6163 8651 1103 3380
internal_value=-4.45473e-07 0.00347038 0.00682922 0.00139951 -0.0194879 0.00747879 -0.0262383 -0.0120546 -0.00988204 0.0158043 0.000435435 -0.00421611 -0.0204484 -0.018113 0.00631231 0.0114162 0.00535298 0.00319263 -0.0238912 -0.00628616 -0.0125244 -0.0431031
internal_weight=110811 94058 77329 48182 16753 31311 12911 16729 16871 29147 17188 12833 10028 8714 6475 21722 12525 3842 9260 11325 7157 4197
internal_count=110811 94058 77329 48182 16753 31311 12911 16729 16871 29147 17188 12833 10028 8714 6475 21722 12525 3842 9260 11325 7157 4197
is_linear=0
shrinkage=0.0351744


Tree=41
num_leaves=23
num_cat=0
split_feature=100 38 11 15 24 1 2 12 7 14 28 11 21 20 24 100 31 5 100 15 13 14
split_gain=5644 2689.46 2623.94 2495.05 2083.25 1861.75 2152.07 1885.93 1815.09 1639.02 1580.14 1427.74 1269.41 1257.98 1201.25 1031 965.086 913.511 812.702 768.369 713.824 691.325
threshold=-0.68049999999999988 -0.043069114035077342 0.032134417775220005 -0.05551447834488369 0.042200811811707102 -0.015169470707859399 -0.044591145506568043 0.036106362989118457 0.070765473541924112 -0.048213164611394042 0.013634829038544802 0.016253589878105903 0.00074211801435615011 0.014067609360347752 0.021739855983089654 -0.93924999999999992 0.00040862983780650005 0.032318947704015458 0.74330000000000018 -0.018889827030510797 0.010613840423891702 -0.065299817070519725
decision_type=2 2 2 2 2 2 2 2 2 2 2 2 2 2 2 2 2 2 2 2 2 2
left_child=2 16 5 13 10 6 -1 8 14 -7 11 12 19 -3 -8 -11 -2 -4 -6 -5 -13 -9
right_child=1 3 17 4 18 9 7 21 -10 15 -12 20 -14 -15 -16 -17 -18 -19 -20 -21 -22 -23
leaf_value=0.011021275420105815 0.010556462051239834 -0.0063992713148307238 0.013610593415513362 -0.031017765140667574 -0.016678560452512141 0.0043464783537859033 0.004532794514535512 0.0075359574959563439 -0.050129116401428052 -0.067753824963571505 0.015786310905636671 0.0049078893846717835 0.0060521148735349943 -0.03837624467422035 -0.024578969652033794 -0.032373085185475971 0.029808134814316427 -0.02160539354679962 0.0052436222638130546 -0.0071008177497195804 0.021396417605145261 -0.045986842394803329
leaf_weight=4051 6836 3955 5235 2101 7134 1275 5738 330 1232 1266 17522 8248 9062 2476 2525 5253 6100 1103 2959 7967 5363 3080
leaf_count=4051 6836 3955 5235 2101 7134 1275 5738 330 1232 1266 17522 8248 9062 2476 2525 5253 6100 1103 2959 7967 5363 3080
internal_value=-4.60812e-07 0.00495656 -0.0127129 0.00211296 0.00433242 -0.0178843 -0.011342 -0.0183634 -0.0103024 -0.0321146 0.00726096 0.00269789 -0.00349718 -0.018714 -0.00436145 -0.0392482 0.0196362 0.00747894 -0.0102499 -0.0120939 0.0114061 -0.0408022
internal_weight=110811 79723 31088 66787 60356 24750 16956 12905 9495 7794 50263 32741 19130 6431 8263 6519 12936 6338 10093 10068 13611 3410
internal_count=110811 79723 31088 66787 60356 24750 16956 12905 9495 7794 50263 32741 19130 6431 8263 6519 12936 6338 10093 10068 13611 3410
is_linear=0
shrinkage=0.0351744


Tree=42
num_leaves=23
num_cat=0
split_feature=11 15 20 9 38 15 5 22 20 62 33 28 38 28 9 3 15 21 68 13 68 3
split_gain=5473.74 4170.68 3873.51 2259.28 2112.06 1800.89 1779.44 1695.9 1493.93 1458.38 1380.68 1081.2 994.998 989.006 928.623 877.105 868.309 863.697 813.285 759.24 748.344 745.407
threshold=-0.045819074632108395 0.0087459754560187519 -0.0012712450229963497 0.0005177657844908501 -0.0041828293153920492 0.03643252794496251 -0.0072631854053195983 0.030838190855477253 -0.051338700243623546 0.0063498144727744512 -0.004096006263089349 -0.0067663485611202494 -0.021184511678884348 -0.060643550149978291 -0.021507897993602896 0.017689323104727202 -0.047908780707242839 0.094691000577307102 0.0088636745045878509 0.0079486185193916505 -0.03375104308344324 -0.016068606144909497
decision_type=2 2 2 2 2 2 2 2 2 2 2 2 2 2 2 2 2 2 2 2 2 2
left_child=5 2 3 12 17 7 -5 8 21 14 11 -6 -2 -10 -3 -11 -12 20 -15 -14 -4 -1
right_child=1 9 4 6 10 -7 -8 -9 13 15 16 -13 19 18 -16 -17 -18 -19 -20 -21 -22 -23
leaf_value=-0.022753973271631703 0.030068669918205733 0.027236883618018338 -0.024214105304538297 0.0074655294021154853 -0.045537932732419066 -0.00019375486713715622 -0.021237199922394565 -0.043660205443044199 -0.057405988120312355 -0.003234134903706015 -0.032024690214409297 -0.018614027980729274 0.0016375215991243077 -0.027712937144393848 0.012480850978439102 0.013605763501585426 -0.0035072803756892416 0.047269171207290878 -0.0042305794354088279 0.020517309917119232 0.00056758455736755271 0.024414670660751866
leaf_weight=579 4397 9030 1760 6123 3556 5898 4741 3738 901 8367 1718 3843 5832 4618 12712 7050 5723 438 3020 4811 10500 1456
leaf_count=579 4397 9030 1760 6123 3556 5898 4741 3738 901 8367 1718 3843 5832 4618 12712 7050 5723 438 3020 4811 10500 1456
internal_value=-4.44884e-07 0.00369169 -0.00260101 0.00716241 -0.0117857 -0.0165529 -0.00505881 -0.0232933 -0.0160913 0.0127422 -0.0207965 -0.0315568 0.0159914 -0.0225462 0.0186103 0.00446552 -0.0100943 -0.00125342 -0.0184307 0.0101736 -0.0029889 0.0109853
internal_weight=110811 90601 53442 25904 27538 20210 10864 14312 10574 37159 14840 7399 15040 8539 21742 15417 7441 12698 7638 10643 12260 2035
internal_count=110811 90601 53442 25904 27538 20210 10864 14312 10574 37159 14840 7399 15040 8539 21742 15417 7441 12698 7638 10643 12260 2035
is_linear=0
shrinkage=0.0351744


Tree=43
num_leaves=23
num_cat=0
split_feature=100 21 15 11 7 1 3 11 1 20 62 4 9 14 26 28 2 7 33 33 24 3
split_gain=5239.83 3479.88 2645.72 2672.21 2099.71 1903.41 1618.93 1585.29 1536.47 1441.13 1285.18 1266.59 1436.32 1252.49 1109.84 1061.05 958.753 948.478 876.719 843.672 807.846 773.258
threshold=-0.86364999999999992 0.0022027289066186002 0.03787868221436471 -0.033160675033238239 0.066330729236624017 -0.069203642328287449 -0.019655016499419746 0.031027711339089905 0.045355472178381158 -0.010476322565836398 -0.024526383519967197 -0.13769199117331887 -0.04405656825647309 -0.048213164611394042 -0.028084905959681997 0.0012391603315140504 -0.035202473496292942 -0.0014992295605405998 -0.021728682288152699 0.019132831059834151 0.036742671097138455 -0.056443928249199492
decision_type=2 2 2 2 2 2 2 2 2 2 2 2 2 2 2 2 2 2 2 2 2 2
left_child=5 2 3 15 8 6 16 11 9 -5 -10 -3 -13 21 -14 -2 -1 -15 -11 -6 -4 -7
right_child=1 7 20 4 19 13 -8 -9 10 18 -12 12 14 17 -16 -17 -18 -19 -20 -21 -22 -23
leaf_value=-0.00020304377210657383 -0.038905419826059322 0.037553539653250381 0.015601291507549842 0.016660467935470866 -0.038028816330723317 0.046455275287572415 0.0066006395780076584 0.021707813777889728 0.01492904192829566 -0.014826648062665914 -0.026120825715933195 0.018208101006780865 -0.016597666438712938 -0.018964540591840846 0.0040271000890382599 -0.012558693300956048 -0.051652927248230653 -0.04318470307691416 0.0038391289372828354 -0.00041132435804506606 -0.0066688056256849568 -0.012551838231746239
leaf_weight=734 3934 1544 9979 7800 2701 356 4984 11631 1228 4578 4067 7479 3920 3354 18282 3647 1153 4970 9728 1016 2524 1202
leaf_count=734 3934 1544 9979 7800 2701 356 4984 11631 1228 4578 4067 7479 3920 3354 18282 3647 1153 4970 9728 1016 2524 1202
internal_value=-4.45978e-07 0.00322748 -0.00296202 -0.00750705 -0.00294424 -0.0181242 -0.0039025 0.0106227 0.000420451 0.00449753 -0.0165974 0.00649301 0.00487649 -0.0280106 0.000384733 -0.0262335 -0.0316507 -0.0334282 -0.00213296 -0.0277514 0.0111042 0.000923983
internal_weight=110811 94058 51202 38699 31118 16753 6871 42856 27401 22106 5295 31225 29681 9882 22202 7581 1887 8324 14306 3717 12503 1558
internal_count=110811 94058 51202 38699 31118 16753 6871 42856 27401 22106 5295 31225 29681 9882 22202 7581 1887 8324 14306 3717 12503 1558
is_linear=0
shrinkage=0.0351744


Tree=44
num_leaves=23
num_cat=0
split_feature=100 24 7 62 11 38 15 33 1 42 60 100 22 14 1 18 3 100 20 28 33 22
split_gain=5015.25 3410.98 2540.87 2187.43 1792.74 1337.25 1304.62 1254.86 1148.05 1378.11 1132.98 1097.91 1019.11 928.874 892.396 1299.53 1258.07 860.677 850.667 875.486 839.497 805.293
threshold=0.42215000000000008 -0.0046980945101937994 0.030681698165730801 0.021353162220639401 0.014822430836596102 -0.038814162717511494 -0.024544611515507995 -0.04014609575085349 0.033502415493766806 0.0041100211550800002 0.040852440577136752 0.86590000000000011 0.0040842969172934515 -0.074495937447968077 0.014690404804428502 -0.042508411007303092 -0.008594555201221649 -0.92594999999999994 -0.030563806785535896 -0.0022766277410646496 0.034640660129495508 -0.0047249067120146487
decision_type=2 2 2 2 2 2 2 2 2 2 2 2 2 2 2 2 2 2 2 2 2 2
left_child=1 3 4 5 8 -1 12 -4 9 -3 13 18 -7 -9 16 -16 -5 -15 -2 -20 -11 -10
right_child=11 2 7 14 -6 6 -8 10 21 20 -12 -13 -14 17 15 -17 -18 -19 19 -21 -22 -23
leaf_value=0.029431563735043638 0.017286141728280892 0.001649613701154691 -0.049961106267864243 -0.022909484924111406 0.0052502053071967246 0.0058422065012551771 0.01160838480653289 0.031488970307761134 -0.012147746598993023 -0.025690905156930212 -0.053022708550482085 0.01867570930723508 -0.021459878193822154 -0.046537383464617423 0.012162166342171373 -0.042662633825427593 0.0096952275346579627 -0.013268226902421932 -0.0049713650483755633 0.0094669880495171915 0.0040257217756672391 -0.044601021245615352
leaf_weight=3270 6394 7505 2331 2575 9681 3490 13186 483 1675 5897 1163 12444 3281 1162 721 2067 3393 5609 9883 10954 1468 2179
leaf_count=3270 6394 7505 2331 2575 9681 3490 13186 483 1675 5897 1163 12444 3281 1162 721 2067 3393 5609 9883 10954 1468 2179
internal_value=-4.45818e-07 -0.0055891 -0.0125506 0.00293253 -0.00703781 0.00858088 0.00516341 -0.027118 -0.013392 -0.00895614 -0.020789 0.0100194 -0.00738521 -0.0156177 -0.0120488 -0.0284786 -0.00437012 -0.0189811 0.00606293 0.00261809 -0.0197655 -0.0305018
internal_weight=110811 71136 39153 31983 28405 23227 19957 10748 18724 14870 8417 39675 6771 7254 8756 2788 5968 6771 27231 20837 7365 3854
internal_count=110811 71136 39153 31983 28405 23227 19957 10748 18724 14870 8417 39675 6771 7254 8756 2788 5968 6771 27231 20837 7365 3854
is_linear=0
shrinkage=0.0351744


Tree=45
num_leaves=23
num_cat=0
split_feature=15 38 11 20 100 21 28 28 31 13 33 13 33 62 30 5 7 34 62 24 94 9
split_gain=4875.38 3886.52 3143.25 2093.87 2070.38 1637.3 1573.14 1465.37 1390.16 1269.32 1237.02 1050.04 1011.53 877.369 833.279 776.36 721.419 713.439 701.479 701.087 681.61 644.901
threshold=-0.05551447834488369 -0.029293476896049997 0.016253589878105903 -0.035660706675738389 -0.83144999999999991 0.0067753308193450506 -0.034021272143954444 0.021199700384649803 0.020431922789050403 0.04276564113094581 -0.035647251291608346 -0.0072565660235510985 0.00074279668968040013 0.049619628357915758 -0.010463524328993848 0.009582197258102252 0.089060067168469773 0.0023602967599475502 0.017574676032385803 -0.0043373252611944987 -0.0068924669121216992 -0.018438498402095497
decision_type=2 2 2 2 2 2 2 2 2 2 2 2 2 2 2 2 2 2 2 2 2 2
left_child=3 8 4 15 11 6 -6 17 18 10 16 -3 -8 20 -13 -1 -4 -5 -2 -7 -12 -10
right_child=1 2 9 7 5 19 12 -9 21 -11 13 14 -14 -15 -16 -17 -18 -19 -20 -21 -22 -23
leaf_value=0.015501876539001407 0.014973596300470441 -0.035938861959747596 -0.006065951361326663 -0.026871154068604287 -0.028744391968589973 0.013988646039001611 -0.011988114951846462 -0.010928907877827347 0.039532816665938865 0.025981653445821221 0.0027332725658765515 0.0067179795118286869 0.0051363500956331043 -0.01533843950134765 -0.021578974784552427 -0.018139779904960584 -0.047594411871253614 -0.050548370560632681 -0.0014560308541067108 -0.0011797657664838746 0.016567238505254881 0.017657001131726458
leaf_weight=2366 10545 3718 3938 3359 4103 7115 9792 4068 3536 4202 7336 1953 7563 1703 3774 1323 596 2973 4623 8015 11047 3163
leaf_count=2366 10545 3718 3938 3359 4103 7115 9792 4068 3536 4202 7336 1953 7563 1703 3774 1323 596 2973 4623 8015 11047 3163
internal_value=-4.29002e-07 0.00281533 -0.000995379 -0.0193318 -0.00669896 -0.00290832 -0.00915668 -0.0274079 0.0158608 0.0081135 0.00506304 -0.0213811 -0.00452464 0.00880949 -0.0119264 0.00343207 -0.0115301 -0.0379917 0.00996501 0.00595227 0.0110476 0.0292071
internal_weight=110811 96722 74855 14089 46033 36588 21458 10400 21867 28822 24620 9445 17355 20086 5727 3689 4534 6332 15168 15130 18383 6699
internal_count=110811 96722 74855 14089 46033 36588 21458 10400 21867 28822 24620 9445 17355 20086 5727 3689 4534 6332 15168 15130 18383 6699
is_linear=0
shrinkage=0.0351744


Tree=46
num_leaves=23
num_cat=0
split_feature=11 15 20 7 9 5 15 18 33 2 68 9 38 7 38 11 34 24 13 3 38 15
split_gain=4689.54 3632.06 3469.58 2612.31 2100.49 1681.78 1509.17 1545.32 1461.4 1127.74 1116.29 1042.24 1010.15 910.621 898.711 859.036 764.095 761.077 714.416 709.365 700.755 676.949
threshold=-0.045819074632108395 0.019454241742854452 -0.0012712450229963497 0.012985596000153402 0.0005177657844908501 -0.0072631854053195983 0.03643252794496251 0.14970622230451747 -0.04085588569882944 0.015389123415821151 -0.017239670231777148 -0.005964897038093349 -0.0035577108361844996 -0.010658947213939849 -0.021184511678884348 0.024416497966174552 -0.015933028198537497 0.05516564797992491 0.020385888261869104 0.026801450003916354 -0.043756671064606741 -0.048811798612725339
decision_type=2 2 2 2 2 2 2 2 2 2 2 2 2 2 2 2 2 2 2 2 2 2
left_child=6 2 4 10 14 -6 7 9 -5 13 -4 -3 -10 -1 -2 21 -14 -13 19 -16 -15 -12
right_child=1 11 3 8 5 -7 -8 -9 12 -11 15 17 16 20 18 -17 -18 -19 -20 -21 -22 -23
leaf_value=-0.0035653385112414961 0.027865437469674161 0.020144252223752497 -0.015639394417234196 -0.045533686336055298 0.0077449845817299887 -0.018387335107536894 -0.00034540448892218339 0.026832308665779871 -0.0030740332922604544 -0.036350726120821013 -0.025894312616011928 0.0098133667457866083 -0.008531048414578607 0.012012274755303448 -0.0041202678448017021 0.013440428027151298 -0.037105373973953019 -0.015459793880553192 0.022639485321418573 0.016999445651683119 -0.032824790873281454 0.00043926460657293465
leaf_weight=3889 4998 14967 5315 2657 6948 5426 5898 774 4153 5597 1433 12320 1836 490 4954 5997 3143 1674 3844 3263 3562 7673
leaf_count=3889 4998 14967 5315 2657 6948 5426 5898 774 4153 5597 1433 12320 1836 490 4954 5997 3143 1674 3844 3263 3562 7673
internal_value=-4.30613e-07 0.00341699 -0.00141016 -0.00938803 0.00731905 -0.00371279 -0.0153214 -0.0214918 -0.0225716 -0.0242561 -0.00177514 0.0136915 -0.0158881 -0.0157289 0.0153221 0.00310294 -0.0265726 0.00678879 0.0101225 0.00426459 -0.0273984 -0.00370339
internal_weight=110811 90601 61640 32207 29433 12374 20210 14312 11789 13538 20418 28961 9132 7941 17059 15103 4979 13994 12061 8217 4052 9106
internal_count=110811 90601 61640 32207 29433 12374 20210 14312 11789 13538 20418 28961 9132 7941 17059 15103 4979 13994 12061 8217 4052 9106
is_linear=0
shrinkage=0.0351744


Tree=47
num_leaves=23
num_cat=0
split_feature=38 15 11 20 28 21 24 7 1 23 7 13 31 100 1 4 7 20 3 11 28 21
split_gain=4449.38 4607 2666.8 2361.17 1773.72 1411.19 1257.35 1179.66 1202.11 1111.72 1012 955.346 874.37 853.327 828.054 785.967 771.992 770.724 766.62 854.814 697.845 662.993
threshold=-0.043069114035077342 -0.037504484479936144 0.0072183644249842012 0.0045911742205492507 0.0038764510346527004 0.015028098917057453 0.011750007044492103 0.060968070880206053 0.014690404804428502 -0.0091569704678155488 0.089060067168469773 -0.0076786144756713992 0.00040862983780650005 -0.88839999999999986 -0.0023420014699473495 -0.19748487446538143 0.0045007101044249017 0.013175628788399651 0.03477939404959466 -0.020339911022023444 0.05055352400025661 0.084152524140046411
decision_type=2 2 2 2 2 2 2 2 2 2 2 2 2 2 2 2 2 2 2 2 2 2
left_child=12 3 4 7 5 9 17 8 18 -3 -8 16 -1 -5 -14 -10 -6 -4 19 -2 -15 -9
right_child=1 2 6 13 11 -7 10 21 15 -11 -12 -13 14 20 -16 -17 -18 -19 -20 -21 -22 -23
leaf_value=0.0091890291238766776 -0.019896222635574255 -0.029492903896252975 0.019279354131314905 -0.051405429544707802 0.0031472767258271159 0.0013830749392820918 0.0030674991447204232 -0.041250615089180098 0.039213425158143626 -0.0097400227100403764 -0.030264480291043411 0.010343623523118349 0.032850578183875059 -0.029998635733934624 0.0069871723716837938 -0.031274330235840947 -0.017649982290541613 0.0054831663907773049 0.023735950106491044 0.0089020506604830189 0.00093760604175446665 0.028630154647406411
leaf_weight=8021 2059 6188 12529 1996 5344 6622 12548 1549 216 8201 1238 9896 5605 5986 2110 2053 3762 8355 1935 3349 1061 188
leaf_count=8021 2059 6188 12529 1996 5344 6622 12548 1549 216 8201 1238 9896 5605 5986 2110 2053 3762 8355 1935 3349 1061 188
internal_value=-4.30653e-07 -0.00286806 0.00117771 -0.0176858 -0.00500913 -0.012052 0.00831847 -0.00699968 -0.0021768 -0.0182362 7.27149e-05 0.00277756 0.0173242 -0.0310948 0.0257796 -0.0245545 -0.00544312 0.0137608 0.00473608 -0.00205958 -0.0253386 -0.0336757
internal_weight=110811 95075 74683 20392 40013 21011 34670 11349 9612 14389 13786 19002 15736 9043 7715 2269 9106 20884 7343 5408 7047 1737
internal_count=110811 95075 74683 20392 40013 21011 34670 11349 9612 14389 13786 19002 15736 9043 7715 2269 9106 20884 7343 5408 7047 1737
is_linear=0
shrinkage=0.0351744


Tree=48
num_leaves=23
num_cat=0
split_feature=100 9 21 11 15 2 33 68 1 100 38 24 4 34 13 4 7 13 18 60 31 28
split_gain=4285.99 3502.18 3275.43 2398.3 2290.07 1645.94 1596.63 1462.51 1237.32 1209.51 1167.95 902.848 819.77 770.122 769.521 752.033 725.721 712.513 720.748 702.067 662.419 657.843
threshold=-0.93124999999999991 -0.063437157008745235 -0.032435441913664896 0.034479150597148955 0.0087459754560187519 -0.065636685617632834 0.00035963432068305005 -0.017239670231777148 0.0027752352565235503 0.64900000000000013 0.00068659218048130013 0.078565514943708517 -0.07606194171542259 0.035826120870992913 -0.0076786144756713992 -0.13769199117331887 0.10822796859505861 -0.027049723641003245 0.022182149379489102 0.046268711569851156 0.033915927162044057 -0.0055115477126928989
decision_type=2 2 2 2 2 2 2 2 2 2 2 2 2 2 2 2 2 2 2 2 2 2
left_child=5 20 6 4 7 8 9 15 -1 16 -9 14 -12 -7 -6 -4 21 18 -5 -17 -2 -3
right_child=1 2 3 17 11 13 -8 10 -10 -11 12 -13 -14 -15 -16 19 -18 -19 -20 -21 -22 -23
leaf_value=0.017754514672479699 0.013264455005291937 -0.04055301462679016 0.029119765250018192 0.011223216434119485 0.0014123852637958124 -0.024969337222701667 -0.0028920991198299897 0.0054187174862867218 -0.080141209486604803 -0.0035398814679945428 0.01847087091607728 -0.024418527305594222 -0.014252091855186338 -0.052192054150973805 0.014932980707969301 -0.018481104479969462 -0.076306047511585609 0.019160210941532519 -0.01915912344896601 -0.051533059906321149 0.03004795285583458 -0.018451336472122604
leaf_weight=1471 10900 2997 368 3716 9064 4900 8880 11166 179 2739 1053 1037 9382 1746 12252 6870 413 11737 1305 900 3973 3763
leaf_count=1471 10900 2997 368 3716 9064 4900 8880 11166 179 2739 1053 1037 9382 1746 12252 6870 413 11737 1305 900 3973 3763
internal_value=-3.87391e-07 0.00196737 -0.000710671 0.00284168 -0.000881539 -0.0243179 -0.0137265 -0.00727577 0.00711731 -0.0234311 -0.00248705 0.00762475 -0.0109482 -0.0321248 0.00918458 -0.0199843 -0.0310239 0.0144161 0.00332291 -0.0223127 0.0177492 -0.0282532
internal_weight=110811 102515 87642 68850 52092 8296 18792 29739 1650 9912 21601 22353 10435 6646 21316 8138 7173 16758 5021 7770 14873 6760
internal_count=110811 102515 87642 68850 52092 8296 18792 29739 1650 9912 21601 22353 10435 6646 21316 8138 7173 16758 5021 7770 14873 6760
is_linear=0
shrinkage=0.0351744


Tree=49
num_leaves=23
num_cat=0
split_feature=11 38 15 7 1 20 21 22 62 4 20 33 13 15 7 9 28 89 24 42 62 26
split_gain=4141.58 3279.96 2799.66 2492.55 1710.71 1683.63 1481.62 1451.47 1211.89 1052.84 1130.42 1047.75 1045.72 1015.71 923.154 920.615 856.42 810.236 778.707 776.386 752.099 730.767
threshold=-0.045819074632108395 -0.016887007303277496 0.0087459754560187519 0.030025241328595905 0.03941418630084096 -0.0123081443945886 0.081641661952488773 0.019746512133721205 0.024532029258435856 -0.091042437508464635 -0.097463530589374486 0.017754612753770101 -0.010943067418734997 0.088755355054549304 -0.013686311631270499 -0.014342543383057899 -0.060643550149978291 -0.016990375777296996 0.063311869135761464 0.013792871880041952 0.0084334023191900021 -0.0086908493390172991
decision_type=2 2 2 2 2 2 2 2 2 2 2 2 2 2 2 2 2 2 2 2 2 2
left_child=7 8 3 4 5 -3 11 9 15 -1 -11 17 -4 -9 -7 -2 -12 -5 -14 -18 -6 -10
right_child=1 2 12 6 20 14 -8 13 21 10 16 -13 18 -15 -16 -17 19 -19 -20 -21 -22 -23
leaf_value=0.024143341380306223 0.023972428647707454 0.015006455047241376 -0.00094825049341874877 -0.052931513558784178 -0.0095388768399381693 0.0031187684005425402 0.030733876171456842 -0.032544450466678906 -0.015578875422686248 0.031271739394102827 -0.041536624158346677 -0.008279324976370947 0.016224285592713418 0.0086082134975216888 -0.014795504629440482 0.0098565049901414396 -0.0021272542102879098 -0.025857380306542745 -0.015150052713500003 -0.021913043559121378 -0.038285486004737163 0.0080423131683577329
leaf_weight=1177 11025 7791 10048 2032 2668 7552 590 6050 2426 745 1201 2651 13119 845 6729 11884 6072 4199 1057 4120 1951 4879
leaf_count=1177 11025 7791 10048 2032 2668 7552 590 6050 2426 745 1201 2651 13119 845 6729 11884 6072 4199 1057 4120 1951 4879
internal_value=-3.98172e-07 0.00321116 -0.00152258 -0.00772147 -0.00221956 0.00185346 -0.0232231 -0.0143985 0.0126727 -0.00761323 -0.0106943 -0.0268097 0.00773077 -0.0274986 -0.00532109 0.0166507 -0.0134403 -0.0346904 0.0138836 -0.0101273 -0.0216856 0.000195236
internal_weight=110811 90601 60387 36163 26691 22072 9472 20210 30214 13315 12138 8882 24224 6895 14281 22909 11393 6231 14176 10192 4619 7305
internal_count=110811 90601 60387 36163 26691 22072 9472 20210 30214 13315 12138 8882 24224 6895 14281 22909 11393 6231 14176 10192 4619 7305
is_linear=0
shrinkage=0.0351744


Tree=50
num_leaves=23
num_cat=0
split_feature=100 24 7 62 11 68 34 60 40 1 7 65 20 15 62 26 1 18 3 14 6 15
split_gain=3988.13 2940.77 2184.13 1922.99 1774.17 1516.26 1153.98 1075.97 1054.6 1341.01 942.981 906.168 906.095 890.508 877.528 830.8 736.339 1145.03 1128.08 705.813 681.789 690.947
threshold=0.42215000000000008 -0.0046980945101937994 0.08113326105371936 0.021353162220639401 -0.068029734234783937 -0.0033016131934553495 0.032074967866004306 0.010207903351532252 0.035063232259149209 0.016521050577421304 0.066330729236624017 0.013707452565820353 -0.056628322399568047 -0.029470645471271848 0.044769411051733508 -0.0010822605466523497 0.014690404804428502 -0.042508411007303092 -0.072599118313715238 -0.042693581308801444 0.12185500860820542 0.0037102486790430004
decision_type=2 2 2 2 2 2 2 2 2 2 2 2 2 2 2 2 2 2 2 2 2 2
left_child=1 3 4 6 19 7 12 15 9 10 -2 14 -1 -14 -7 -6 18 -18 -5 -3 21 -11
right_child=8 2 -4 16 5 11 -8 -9 -10 20 -12 -13 13 -15 -16 -17 17 -19 -20 -21 -22 -23
leaf_value=0.033676324398609306 0.013004582348782202 0.00031862856335740608 -0.037402036266594191 -0.039801737743894137 -0.017550987462630972 -0.0010143861368375469 -0.0064897578713852596 -0.027136434804318498 0.020831973021161798 -0.020562617416396978 -0.0094400177406103267 0.012314276816186765 -0.0038418423818720108 0.014680636850583663 -0.031951432390309918 0.003391747014610588 0.01210505311993436 -0.039356967718763229 0.002412414888492938 -0.036411536515706583 0.022371009781929529 0.00057562562958000279
leaf_weight=2179 20938 789 3639 927 4686 9353 5135 5117 7481 3542 2603 6011 4461 11452 1291 4686 721 2067 5041 3581 954 4157
leaf_count=2179 20938 789 3639 927 4686 9353 5135 5117 7481 3542 2603 6011 4461 11452 1291 4686 721 2067 5041 3581 954 4157
internal_value=-4.00394e-07 -0.00498404 -0.0114479 0.00292844 -0.00878788 -0.00584218 0.00822441 -0.0141633 0.00893467 0.00616946 0.0105221 0.00139582 0.0124016 0.00948707 -0.00476871 -0.00707797 -0.0111181 -0.0260426 -0.00414277 -0.0297764 -0.0056701 -0.0091473
internal_weight=110811 71136 39153 31983 35514 31144 23227 14489 39675 32194 23541 16655 18092 15913 10644 9372 8756 2788 5968 4370 8653 7699
internal_count=110811 71136 39153 31983 35514 31144 23227 14489 39675 32194 23541 16655 18092 15913 10644 9372 8756 2788 5968 4370 8653 7699
is_linear=0
shrinkage=0.0351744


Tree=51
num_leaves=23
num_cat=0
split_feature=38 15 33 62 11 42 20 1 2 13 68 26 31 13 29 7 28 18 70 9 1 7
split_gain=3878.6 4076.33 2868.9 2298.81 2101.56 1657.36 1519.74 1164.09 1118.77 996.284 973.583 914.624 851.284 805.436 755.062 734.004 729.423 727.687 711.992 698.948 661.944 660.653
threshold=-0.045438102821860747 -0.05551447834488369 -0.048501395903668691 0.044769411051733508 0.032134417775220005 0.013792871880041952 0.008678104854161801 0.023233723475790755 0.017226491743713504 0.030692114200072552 -0.017239670231777148 -0.0045322887041530499 0.00075182931479240013 -0.027634569102666148 0.010284310732563052 0.041940620523972703 -0.052235595152872141 -0.017604484139525794 -0.024712341098548796 -0.022079742524729499 -0.0011303825497638498 0.015307926922273151
decision_type=2 2 2 2 2 2 2 2 2 2 2 2 2 2 2 2 2 2 2 2 2 2
left_child=12 6 8 4 5 7 15 9 16 -4 -7 -5 -1 17 -9 -2 -3 -6 21 -12 -14 -10
right_child=1 2 3 11 13 10 -8 14 18 -11 19 -13 20 -15 -16 -17 -18 -19 -20 -21 -22 -23
leaf_value=0.0086470515402634653 -0.0049606429723974433 -0.037319688402562778 0.005263326684956212 -0.030800868253364047 0.022462323417015879 -0.021243288271206241 -0.036440731124361782 0.0025967725651974876 -0.027428490729387425 0.021782342839619565 0.0071540038177881782 -0.005833261261801735 0.032188103574811923 0.019762554590946054 -0.0224060444712532 -0.031954442436162613 -0.0031530519312504288 -0.0066202185917862699 -0.021038746501031443 -0.0095576357624473657 0.00770803880128675 -0.076302788826205697
leaf_weight=7370 5456 904 19422 3012 1582 4787 5022 3528 669 5888 5282 4574 5197 12737 2591 1616 5344 3252 2536 7481 1857 704
leaf_count=7370 5456 904 19422 3012 1582 4787 5022 3528 669 5888 5282 4574 5197 12737 2591 1616 5344 3252 2536 7481 1857 704
internal_value=-3.93359e-07 -0.00254625 0.000193516 0.00259563 0.00468704 0.000942821 -0.021643 0.0057782 -0.0173377 0.00910701 -0.00771553 -0.0157492 0.0170107 0.015123 -0.0079879 -0.0111319 -0.00810001 0.00289449 -0.0320976 -0.00264018 0.0257463 -0.0525068
internal_weight=110811 96387 84293 74136 66550 48979 12094 31429 10157 25310 17550 7586 14424 17571 6119 7072 6248 4834 3909 12763 7054 1373
internal_count=110811 96387 84293 74136 66550 48979 12094 31429 10157 25310 17550 7586 14424 17571 6119 7072 6248 4834 3909 12763 7054 1373
is_linear=0
shrinkage=0.0351744


Tree=52
num_leaves=23
num_cat=0
split_feature=100 9 21 24 26 2 33 62 100 42 23 3 31 20 34 11 1 62 11 60 20 13
split_gain=3788.21 3098.72 2788.69 2032.1 1942.88 1489.02 1201.9 1124.6 1016.57 959.883 952.995 916.79 906.721 864.831 801.056 798.158 779.42 766.242 651.791 646.727 628.91 689.949
threshold=-0.93124999999999991 -0.049390437701246043 -0.032435441913664896 -0.011851749162440698 -0.00070598144209614978 -0.083611852015541346 1.0000000180025095e-35 0.022645124665801205 0.64900000000000013 0.027573847704226755 0.021527565243550754 1.0000000180025095e-35 0.030875827474859705 0.019097664378791002 0.035826120870992913 -0.069640024415746085 0.014690404804428502 0.043932034007490059 -0.079601572395499434 0.005075156378872351 -0.051338700243623546 -0.011991856928274197
decision_type=2 2 2 2 2 2 2 2 2 2 2 2 2 2 2 2 2 2 2 2 2 2
left_child=5 12 6 7 9 16 8 15 19 17 11 -6 13 -2 20 -4 -1 -5 -14 -3 -7 -22
right_child=1 2 3 4 10 14 -8 -9 -10 -11 -12 -13 18 -15 -16 -17 -18 -19 -20 -21 21 -23
leaf_value=0.02275475856000711 0.015304193089307826 -0.020564370552000784 -0.0065418069341148999 -0.0042656739793117439 -0.009847423837665098 0.015460573042826617 -0.0041449878811325724 -0.0030480095404617942 -0.003836611089091019 -0.027171777401157563 0.014713219267453503 0.0074407833663665407 -0.01274838363603825 -0.0014319951153439923 -0.048843956131108937 0.017125138503583746 -0.078009929669216771 -0.031076113646223185 0.028824782581553701 -0.043064025081620903 -0.046566864951166222 -0.017209397742566183
leaf_weight=1071 10433 3665 1981 11684 7406 503 8003 6031 2495 3896 6980 7783 510 6024 1849 15946 104 1487 5405 2786 1406 3363
leaf_count=1071 10433 3665 1981 11684 7406 503 8003 6031 2495 3896 6980 7783 510 6024 1849 15946 104 1487 5405 2786 1406 3363
internal_value=-4.11461e-07 0.00184954 -0.00138133 0.00201649 -0.00291202 -0.0228622 -0.0140509 0.0100886 -0.0229105 -0.011833 0.00395513 -0.000987689 0.0134241 0.00917703 -0.0289161 0.0145089 0.0138122 -0.00729417 0.0252372 -0.0302847 -0.0219226 -0.0258694
internal_weight=110811 102515 80143 63194 39236 8296 16949 23958 8946 17067 22169 15189 22372 16457 7121 17927 1175 13171 5915 6451 5272 4769
internal_count=110811 102515 80143 63194 39236 8296 16949 23958 8946 17067 22169 15189 22372 16457 7121 17927 1175 13171 5915 6451 5272 4769
is_linear=0
shrinkage=0.0351744


Tree=53
num_leaves=23
num_cat=0
split_feature=11 13 15 7 12 15 21 28 33 1 3 33 9 9 1 62 21 20 23 28 31 100
split_gain=3628.59 2442.09 2581.23 2192.84 1712.49 1686.77 1636.6 1436.09 1189.8 1165.07 1068.64 1033.37 935.899 885.987 865.442 863.857 832.926 810.526 758.645 728.948 711.769 674.628
threshold=-0.027891336391990297 0.041950526572167454 -0.0021966686799221495 0.030025241328595905 0.0091753354749097016 0.027559728137641602 0.050612858482826158 0.015782430852915454 0.025614083537941906 0.030608773561614001 0.0058981344311635009 -0.04014609575085349 0.035488849536434205 0.0038808374162708505 -0.044862229559394791 0.0053325887406699508 1.0000000180025095e-35 -0.049186769346602745 0.036496053353031306 0.030312758232338605 -0.0061482685805753995 -0.93124999999999991
decision_type=2 2 2 2 2 2 2 2 2 2 2 2 2 2 2 2 2 2 2 2 2 2
left_child=5 2 3 4 9 6 7 8 17 18 15 -5 20 -13 -12 -4 19 -1 -2 -6 -3 -19
right_child=1 12 10 11 16 -7 -8 -9 -10 -11 14 13 -14 -15 -16 -17 -18 21 -20 -21 -22 -23
leaf_value=-0.0083627631451602732 0.0066385334948412195 0.011762499946465339 0.0084306241030992247 -0.044274297078161495 -0.028779179154800865 0.0015988892047344304 0.00569118903390998 -0.0067411701127032177 -0.0072067652806379751 -0.016102030104525225 0.021688726124264545 -0.0035200614901324508 0.00091168645126379596 -0.029456224357273776 0.0065706155096663761 -0.0084680906447697248 -0.00016970593047034214 -0.069045235562296511 0.027929379120142581 0.003540242331678 0.03028779293169679 -0.035081927987931395
leaf_weight=1263 9808 4432 8442 1886 4039 9996 3567 6081 2606 2302 8627 3762 3253 2877 10262 6723 3814 817 2626 1097 6108 6423
leaf_count=1263 9808 4432 8442 1886 4039 9996 3567 6081 2606 2302 8627 3762 3253 2877 10262 6723 3814 817 2626 1097 6108 6423
internal_value=-4.51557e-07 0.00394439 0.0011413 -0.00599645 -0.000489772 -0.0102704 -0.0159871 -0.0204864 -0.0280087 0.00688031 0.00789325 -0.0212941 0.0174097 -0.0147624 0.0134764 0.000937921 -0.0126262 -0.0343819 0.0111367 -0.0218729 0.0224999 -0.0389183
internal_weight=110811 80058 66265 32211 23686 30753 20757 17190 11109 14736 34054 8525 13793 6639 18889 15165 8950 8503 12434 5136 10540 7240
internal_count=110811 80058 66265 32211 23686 30753 20757 17190 11109 14736 34054 8525 13793 6639 18889 15165 8950 8503 12434 5136 10540 7240
is_linear=0
shrinkage=0.0351744


Tree=54
num_leaves=23
num_cat=0
split_feature=38 15 33 20 62 11 4 28 9 22 100 21 24 23 100 20 20 60 23 7 91 30
split_gain=3520.17 3131.01 2138.91 1712.21 1642.72 1187.26 1044.94 994.446 978.361 953.135 906.523 939.211 886.543 869.251 792.728 768.369 717.305 708.272 705.125 690.244 685.115 671.588
threshold=-0.029293476896049997 -0.037504484479936144 -0.030600121960025796 0.0045911742205492507 0.013723886813736251 0.032134417775220005 -0.13769199117331887 0.0042937170105158502 -0.010693988605914547 0.028844374931038252 0.8317500000000001 -0.020933196745335246 0.056237934562455155 0.015221864583425252 -0.49384999999999996 -0.013700849782724749 0.019097664378791002 0.017222639646481502 0.020128504245923901 0.020706746912483105 0.034965100486857963 0.010184011046255402
decision_type=2 2 2 2 2 2 2 2 2 2 2 2 2 2 2 2 2 2 2 2 2 2
left_child=8 3 6 9 5 12 -3 14 15 13 11 19 17 -2 -6 -1 -13 18 -4 -8 -10 -5
right_child=1 2 4 21 7 -7 10 -9 20 -11 -12 16 -14 -15 -16 -17 -18 -19 -20 -21 -22 -23
leaf_value=0.029807823046654768 -0.0087071189988323933 0.031745448852368276 0.0052047390977538717 -0.01936961216691967 -0.027182633633790657 0.018750548313277639 -0.019952844387274866 0.0038354406692492288 0.0078781526900342652 -0.024805495767845322 0.0075984043804952633 -0.0019964833367616384 -0.017644090931185134 0.016772197249543274 -0.0056804879590097368 0.011869618469899585 -0.023220088431442649 -0.0041221009848749499 0.021084876530879787 -0.049787085077285222 -0.015635796324734663 -0.039820622078403964
leaf_weight=4626 5038 662 12182 4478 3235 9199 2672 7922 10734 2668 2162 5086 2143 2468 6170 8191 3218 6256 4834 1500 1788 3579
leaf_count=4626 5038 662 12182 4478 3235 9199 2672 7922 10734 2668 2162 5086 2143 2468 6170 8191 3218 6256 4834 1500 1788 3579
internal_value=-4.42548e-07 -0.0034141 9.11316e-05 -0.0163431 0.00349622 0.00792217 -0.0114674 -0.00534449 0.0115136 -0.00674812 -0.0134232 -0.0170675 0.00400208 -0.000327029 -0.0130786 0.0183456 -0.0102234 0.00599619 0.00971719 -0.030685 0.00451914 -0.0284568
internal_weight=110811 85472 67241 18231 51941 34614 15300 17327 25339 10174 14638 12476 25415 7506 9405 12817 8304 23272 17016 4172 12522 8057
internal_count=110811 85472 67241 18231 51941 34614 15300 17327 25339 10174 14638 12476 25415 7506 9405 12817 8304 23272 17016 4172 12522 8057
is_linear=0
shrinkage=0.0351744


Tree=55
num_leaves=23
num_cat=0
split_feature=100 21 15 3 1 28 42 2 24 11 1 21 24 100 2 70 20 7 12 4 24 34
split_gain=3397.34 2895.22 2284.69 2175.99 2038.89 1593.84 1439.74 1343.05 1095.28 1093.07 1024.58 987.299 1004.9 955.967 811.984 821.357 725.975 708.751 695.509 898.035 687.201 627.278
threshold=-0.93364999999999987 0.0022027289066186002 0.035052049108563757 -0.0011709492336022499 -0.019854513424471146 0.0042937170105158502 0.018789467840222153 -0.065636685617632834 0.040753127502359605 0.034479150597148955 0.0027752352565235503 0.084152524140046411 0.035503099427714006 0.49445000000000006 0.0021268738028510001 0.0073826479477652014 0.042243451051296461 0.052929717533569058 0.0028078612155910004 0.078729861167707513 0.082957297380862258 0.035826120870992913
decision_type=2 2 2 2 2 2 2 2 2 2 2 2 2 2 2 2 2 2 2 2 2 2
left_child=7 2 3 5 8 9 11 10 18 14 -1 12 16 -6 -2 -16 -3 -11 -5 -20 -4 -9
right_child=1 6 20 4 13 -7 -8 21 -10 17 -12 -13 -14 -15 15 -17 -18 -19 19 -21 -22 -23
leaf_value=0.016371570103714678 -0.017849373812620629 0.015887430056773809 0.010252864436302713 0.020394347336513664 -0.021382355504934537 -0.0052844511127795469 -0.001500771778158095 -0.022882148222179918 -0.013322315883618201 0.00051853870393205623 -0.074942657419357295 0.029750947425065458 -0.0027827382883296647 0.00024276683434271078 -0.055818318369838797 -0.025907937217584172 -0.0010920436497106666 -0.041434063705919774 -0.005512305777688473 0.036469293420906615 -0.026498258043860978 -0.04809696335932083
leaf_weight=1424 2588 20124 13460 6540 6078 8100 13598 4652 2345 2362 170 3501 6059 4329 2552 2053 3684 631 3473 770 660 1658
leaf_count=1424 2588 20124 13460 6540 6078 8100 13598 4652 2345 2362 170 3501 6059 4329 2552 2053 3684 631 3473 770 660 1658
internal_value=-4.42924e-07 0.00170631 -0.00369943 -0.00783006 -0.000757008 -0.0169324 0.00814541 -0.0222234 0.00846005 -0.0261932 0.00661576 0.0120769 0.0100044 -0.0123855 -0.0336265 -0.0424887 0.0132594 -0.00832237 0.0131988 0.00210352 0.00853357 -0.0295112
internal_weight=110811 102907 55941 41821 23535 18286 46966 7904 13128 10186 1594 33368 29867 10407 7193 4605 23808 2993 10783 4243 14120 6310
internal_count=110811 102907 55941 41821 23535 18286 46966 7904 13128 10186 1594 33368 29867 10407 7193 4605 23808 2993 10783 4243 14120 6310
is_linear=0
shrinkage=0.0351744


Tree=56
num_leaves=23
num_cat=0
split_feature=11 100 21 1 3 13 13 20 63 21 28 11 24 30 7 100 33 23 15 24 58 39
split_gain=3325.98 2791.35 1683.13 1614.93 1547.97 1468.55 1164.13 1184.04 1107.84 1062.6 972.884 963.42 924.432 909.161 873.023 870.576 813.703 805.568 752.569 750.642 717.926 662.561
threshold=0.024416497966174552 -0.62474999999999992 0.05287311430924841 0.012719415840708201 -0.0017903630970337499 0.028915617859504403 0.049417566445361653 0.014067609360347752 -0.013506451940264499 0.0063959367305837008 0.0023373559090248503 -0.099494634212686825 0.04147810879812331 0.0012793175919110003 0.0028962160750008507 -0.93924999999999992 -0.031144567112936648 0.019209032152973503 0.032520273062718708 0.0088507637863274018 -0.013548677228388848 0.014367112691130201
decision_type=2 2 2 2 2 2 2 2 2 2 2 2 2 2 2 2 2 2 2 2 2 2
left_child=1 5 3 4 10 9 7 12 -5 16 17 -7 -2 -10 -9 -11 -1 21 -13 -6 -16 -3
right_child=6 2 -4 8 19 11 -8 14 13 15 -12 18 -14 -15 20 -17 -18 -19 -20 -21 -22 -23
leaf_value=-0.044576876263887691 0.015346346055771282 -0.012308139473779635 0.018408935898909747 0.0013592517224538 0.015346181916600881 -0.039185780137950106 0.024793555633508161 0.0061749656548585859 -0.010593038085089178 -0.032088714327932852 0.0030331142353280608 -0.0025431240166885237 -0.0046783517625123162 -0.036232408584133242 -0.02915264039100535 -0.0037107618110277848 -0.021164878240462481 0.0050064121842210499 0.026632837416237329 0.00095572182576700825 -0.0027182078349077079 -0.037108676659762863
leaf_weight=2464 15680 3491 5821 3978 10191 736 4863 6586 3878 1701 6997 5634 3485 3066 2073 6266 7242 1839 1357 8014 3290 2159
leaf_count=2464 15680 3491 5821 3978 10191 736 4863 6586 3878 1701 6997 5634 3485 3066 2073 6266 7242 1839 1357 8014 3290 2159
internal_value=-4.71245e-07 -0.00422592 0.000643309 -0.00172754 0.00218434 -0.0137031 0.0087882 0.00628598 -0.0134377 -0.0192956 -0.00639548 -0.000909831 0.0117041 -0.0219166 -0.00240286 -0.00977224 -0.0271107 -0.0152068 0.00311824 0.00901235 -0.0129398 -0.0217888
internal_weight=110811 74834 49434 43613 32691 25400 35977 31114 10922 17673 14486 7727 19165 6944 11949 7967 9706 7489 6991 18205 5363 5650
internal_count=110811 74834 49434 43613 32691 25400 35977 31114 10922 17673 14486 7727 19165 6944 11949 7967 9706 7489 6991 18205 5363 5650
is_linear=0
shrinkage=0.0351744


Tree=57
num_leaves=23
num_cat=0
split_feature=34 24 21 68 3 20 62 100 4 9 65 60 20 15 38 14 11 23 23 28 27 15
split_gain=3257.27 2747.09 1926.4 1859.05 1588.49 1533.44 1336.82 1335.05 1142.08 1048.63 887.068 879.569 868.303 851.878 825.827 782.266 740.609 651.432 650.456 663.869 581.242 567.867
threshold=0.032074967866004306 -0.011851749162440698 0.050612858482826158 -0.025239417973561547 -0.018201141239484946 0.028428689574359355 0.024532029258435856 -0.93364999999999987 -0.13769199117331887 -0.070619879363845742 0.015938270018250954 -0.0055201616683515494 -0.038442397776089141 -0.030123886687279947 -0.0041828293153920492 -0.0082507642678362973 -0.081646643084545792 0.036496053353031306 0.0082028397177859522 0.013634829038544802 -0.022429138394772546 -0.024013788872722146
decision_type=2 2 2 2 2 2 2 2 2 2 2 2 2 2 2 2 2 2 2 2 2 2
left_child=1 6 3 11 15 10 12 -2 -9 -10 17 -3 -1 -14 16 -5 -11 -6 19 -13 -4 -16
right_child=7 2 20 4 5 -7 -8 8 9 14 -12 18 13 -15 21 -17 -18 -19 -20 -21 -22 -23
leaf_value=0.02718457231982099 -0.038377019231575778 -0.0064306925389506914 -0.004148068179454378 -0.001122389052229702 0.00037269494733318647 -0.010722022026966581 -0.0017934983382436325 0.021553466354116205 0.009764562892587517 -0.040042349205870319 0.019137813008554973 -0.047847287609842332 -0.0020560063667899009 0.015338262961444922 -0.036534636099008228 -0.019646512409315087 -0.0026169356697319747 0.019931203518237014 -0.01188075721958669 -0.013798894285545964 0.022161785183743846 -0.016531717396036212
leaf_weight=5524 2195 4592 1315 4920 12632 6905 7807 1368 2407 729 6539 2253 4493 15479 2576 6616 6378 2529 2053 1036 4929 5536
leaf_count=5524 2195 4592 1315 4920 12632 6905 7807 1368 2407 729 6539 2253 4493 15479 2576 6616 6378 2529 2053 1036 4929 5536
internal_value=-4.73531e-07 0.00293169 -0.00180361 -0.00410106 -0.000729054 0.00371408 0.0109401 -0.0124032 -0.00940043 -0.011804 0.0083085 -0.0177246 0.0148398 0.0114243 -0.0152163 -0.0117477 -0.00645902 0.00363652 -0.0274294 -0.0371287 0.0166182 -0.0228864
internal_weight=110811 89622 56319 50075 40141 28605 33303 21189 18994 17626 21700 9934 25496 19972 15219 11536 7107 15161 5342 3289 6244 8112
internal_count=110811 89622 56319 50075 40141 28605 33303 21189 18994 17626 21700 9934 25496 19972 15219 11536 7107 15161 5342 3289 6244 8112
is_linear=0
shrinkage=0.0351744


Tree=58
num_leaves=23
num_cat=0
split_feature=11 38 15 7 21 1 20 62 33 22 20 24 11 60 7 20 9 4 13 28 15 62
split_gain=3167.59 2905.2 2257.83 2064.66 1581.26 1433 1277.34 1180.49 1108.12 1105.21 1029.5 947.136 862.207 834.229 813.225 881.946 765.937 714.333 690.121 687.159 661.682 638.842
threshold=-0.069640024415746085 -0.011865034972903348 0.019454241742854452 0.017703287300454302 0.058027088639763656 0.051332671033917511 -0.016494631345409246 0.048556166353620055 0.017754612753770101 0.019746512133721205 -0.033704096097564189 0.078565514943708517 0.024416497966174552 0.029157233516091455 0.089060067168469773 -0.0075415243570058988 -0.079598744515618977 -0.091042437508464635 -0.012528099629778697 -0.08436367520802239 0.094113792900192617 0.0084334023191900021
decision_type=2 2 2 2 2 2 2 2 2 2 2 2 2 2 2 2 2 2 2 2 2 2
left_child=9 7 3 5 8 6 -3 10 14 16 -2 18 19 -12 15 -5 -1 -18 -4 -8 -11 -7
right_child=1 2 11 4 -6 21 12 -9 -10 20 13 -13 -14 -15 -16 -17 17 -19 -20 -21 -22 -23
leaf_value=0.032870107746302418 0.023022596923146614 0.013844821158921609 0.00067761907216263727 -0.0070825835480182496 0.01524365893664204 -0.0085230049349831402 -0.054129659009327036 -0.0094142304688326958 -0.0061490480130598551 -0.037603588519487426 0.011369390620096155 -0.026319822480282556 0.0072943037888830711 -0.0043223579518459785 -0.049809903545528562 -0.032823034330193929 0.022813332332029295 -0.016484997865488703 0.014555170428198583 -0.0080293101474272315 0.0058101799145561716 -0.035209204120237154
leaf_weight=494 7595 7400 7435 2568 1557 2630 417 3664 3722 3609 21903 992 5559 5182 1844 4601 635 5754 10992 9842 493 1923
leaf_count=494 7595 7400 7435 2568 1557 2630 417 3664 3722 3609 21903 992 5559 5182 1844 4601 635 5754 10992 9842 493 1923
internal_value=-4.94689e-07 0.00197214 -0.00276644 -0.00734659 -0.0182096 -0.00175539 0.00178226 0.00957056 -0.0223011 -0.0179281 0.0115768 0.00715363 -0.0038599 0.00836657 -0.0289692 -0.0236053 -0.00931122 -0.0125761 0.00895676 -0.00990562 -0.0323818 -0.0197987
internal_weight=110811 99826 61482 42063 14292 27771 23218 38344 12735 10985 34680 19419 15818 27085 9013 7169 6883 6389 18427 10259 4102 4553
internal_count=110811 99826 61482 42063 14292 27771 23218 38344 12735 10985 34680 19419 15818 27085 9013 7169 6883 6389 18427 10259 4102 4553
is_linear=0
shrinkage=0.0351744


Tree=59
num_leaves=23
num_cat=0
split_feature=9 15 60 38 13 7 100 20 21 21 1 38 3 68 21 3 28 15 68 21 23 11
split_gain=3091.59 2555.68 1828.69 1277.32 1230.74 1176.56 1013.04 1012.75 1159.27 948.746 927.211 888.755 871.834 781.586 771.315 705.008 694.83 667.045 662.235 612.194 593.537 558.632
threshold=-0.036328493634105598 -0.037504484479936144 0.015143661432654601 -0.046299701775604545 -0.0076786144756713992 0.030025241328595905 0.74275000000000013 0.019097664378791002 0.094691000577307102 0.0083761942283764029 0.060896187002409612 -0.0048337684753854996 -0.096041086116257737 0.0032517361049050502 -0.0040519328970489996 0.041444936240664761 0.0015916102490158002 0.011635344298762302 0.010082859876461953 -0.0068068241796669492 0.018726571563681654 -0.0064470339305020994
decision_type=2 2 2 2 2 2 2 2 2 2 2 2 2 2 2 2 2 2 2 2 2 2
left_child=7 3 4 -2 11 10 9 15 12 18 13 -3 -9 21 -13 19 20 -14 -4 -1 -6 -5
right_child=1 2 6 5 16 -7 -8 8 -10 -11 -12 14 17 -15 -16 -17 -18 -19 -20 -21 -22 -23
leaf_value=0.0010886830677580186 0.010696320721880793 0.0049099961342092763 -0.028735524572990275 -0.031905833398167521 -0.0019068528915167676 -0.034007053129049357 0.0062585887994638587 0.03240305466140099 0.036515431680346863 -0.0034116328372023924 -0.031664580385097459 -0.02108044891257262 -0.013331963207741406 0.0054370728163248075 -0.0013783784317382753 0.023026575010655061 0.015195044379351113 0.0051001376183011328 -0.0083718827685043771 0.016026713649868018 0.014193498371213429 -0.0058295984250915072
leaf_weight=6230 1965 8773 5497 1788 8848 4707 3933 817 1032 6272 2427 4564 5642 3532 5333 6896 11212 4264 3089 7464 4166 2360
leaf_count=6230 1965 8773 5497 1788 8848 4707 3933 817 1032 6272 2427 4564 5642 3532 5333 6896 11212 4264 3089 7464 4166 2360
internal_value=-4.95572e-07 -0.0037728 -0.000461763 -0.0159445 0.00354632 -0.0194795 -0.00961223 0.00915022 0.000911248 -0.0138145 -0.0127117 -0.0032399 -0.00251432 -0.00671952 -0.0104659 0.0138531 0.00877686 -0.0053963 -0.0214115 0.00923206 0.00324598 -0.0170746
internal_weight=110811 78466 61687 16779 42896 14814 18791 32345 11755 14858 10107 18670 10723 7680 9897 20590 24226 9906 8586 13694 13014 4148
internal_count=110811 78466 61687 16779 42896 14814 18791 32345 11755 14858 10107 18670 10723 7680 9897 20590 24226 9906 8586 13694 13014 4148
is_linear=0
shrinkage=0.0351744


Tree=60
num_leaves=23
num_cat=0
split_feature=38 15 33 62 11 42 20 2 1 2 68 26 31 29 13 18 28 70 7 65 7 1
split_gain=2958.12 3054.27 2310.22 1895.95 1614.37 1419.7 1095.29 916.681 906.684 838.543 831.425 770.013 694.163 656.93 637.017 627.478 626.122 626.07 620.489 593.784 586.283 544.33
threshold=-0.045438102821860747 -0.05551447834488369 -0.048501395903668691 0.044769411051733508 0.032134417775220005 0.013792871880041952 0.008678104854161801 0.017226491743713504 0.023233723475790755 -0.021507250821265294 -0.017239670231777148 -0.0045322887041530499 0.00075182931479240013 0.010284310732563052 -0.027634569102666148 -0.017604484139525794 -0.052235595152872141 -0.024712341098548796 0.1288734819880071 0.012982297887611452 0.089060067168469773 0.048370956058493307
decision_type=2 2 2 2 2 2 2 2 2 2 2 2 2 2 2 2 2 2 2 2 2 2
left_child=12 6 7 4 5 8 20 16 9 -4 -7 -5 -1 -10 15 -6 -3 19 -12 -9 21 -2
right_child=1 2 3 11 14 10 -8 17 13 -11 18 -13 -14 -15 -16 -17 -18 -19 -20 -21 -22 -23
leaf_value=0.0073028325872038407 -0.0012923664367266523 -0.034293667877211033 0.01757034712458156 -0.02816739452634047 0.020644681251762848 -0.0195937718165097 -0.03131675038581961 -0.065925724449338613 0.003120110323365911 0.0038945062592654111 -0.0012975910531616214 -0.0052580373879967139 0.022743919217194517 -0.020201488005050242 0.017475407547132702 -0.0063612730972820858 -0.0026385169145229765 -0.018574311605555099 -0.056922083882007528 -0.018033554310024347 -0.042216000012293094 -0.026151227777731198
leaf_weight=7370 5052 904 8215 3012 1582 4787 5022 861 3528 17095 12510 4574 7054 2591 12737 3252 5344 2536 253 512 630 1390
leaf_count=7370 5052 904 8215 3012 1582 4787 5022 861 3528 17095 12510 4574 7054 2591 12737 3252 5344 2536 253 512 630 1390
internal_value=-4.68148e-07 -0.00222382 0.000147703 0.0023033 0.00420265 0.00092096 -0.018754 -0.0155842 0.00539626 0.00833409 -0.00709256 -0.0143567 0.0148556 -0.00675264 0.0133493 0.0024738 -0.00722203 -0.0289447 -0.00240225 -0.0480828 -0.00983009 -0.00665931
internal_weight=110811 96387 84293 74136 66550 48979 12094 10157 31429 25310 17550 7586 14424 6119 17571 4834 6248 3909 12763 1373 7072 6442
internal_count=110811 96387 84293 74136 66550 48979 12094 10157 31429 25310 17550 7586 14424 6119 17571 4834 6248 3909 12763 1373 7072 6442
is_linear=0
shrinkage=0.0351744


Tree=61
num_leaves=23
num_cat=0
split_feature=34 24 68 11 13 2 100 62 3 60 9 9 20 11 33 38 15 48 1 21 23 28
split_gain=2920.19 2479.74 1710.74 1329.59 1340.13 1221.95 1207.91 1173.09 1059.83 1032.78 974.088 770.035 715.394 697.197 662.171 654.311 639.019 592.52 582.373 576.953 564.857 559.749
threshold=0.032074967866004306 -0.011851749162440698 -0.025239417973561547 -0.045819074632108395 0.015582429571074903 -0.076298159710646685 -0.93364999999999987 0.024532029258435856 -0.018201141239484946 -0.0055201616683515494 -0.070619879363845742 -0.0154027784306552 0.025403309943347854 -0.076125887519388286 0.023088422292553753 -0.0041828293153920492 -0.031926877183129594 -0.0026418944736691496 -0.030333181533519996 0.050612858482826158 0.0082028397177859522 0.019828326375400603
decision_type=2 2 2 2 2 2 2 2 2 2 2 2 2 2 2 2 2 2 2 2 2 2
left_child=1 7 9 14 8 -2 -7 11 -5 -3 -8 -1 18 -12 19 -15 -13 -6 -10 -4 21 -11
right_child=5 2 3 4 17 6 10 -9 12 20 13 16 -14 15 -16 -17 -18 -19 -20 -21 -22 -23
leaf_value=0.020865160463313954 0.0073106152293382926 -0.0027827796791864774 -0.025039925168460507 -0.012342128993047418 0.019634325654747899 -0.042075601038421673 0.0088713035519344102 -0.0015436687890795829 0.015023612362508026 -0.041532803474255059 -0.037745764463584748 -0.004341483321352816 -0.007830547102314964 -0.004172083602091866 0.0026576558818057184 -0.020688645710491473 0.012891044922942694 0.0050115116173893425 -0.00043915300590367389 0.0097179389351261022 -0.010863352192279459 -0.0097397529042549513
leaf_weight=11346 3479 5313 4118 7197 7253 1889 2295 7807 6886 2588 1596 3554 4744 5566 2370 6364 10596 6509 5355 689 2363 934
leaf_count=11346 3479 5313 4118 7197 7253 1889 2295 7807 6886 2588 1596 3554 4744 5566 2370 6364 10596 6509 5355 689 2363 934
internal_value=-5.08782e-07 0.00277579 -0.00172317 0.00133053 0.00395689 -0.011744 -0.0154881 0.0103845 -0.00102931 -0.014029 -0.0123121 0.0140376 0.00376332 -0.0159077 -0.0125522 -0.0129843 0.00856164 0.0127195 0.00825793 -0.0200544 -0.024179 -0.0331072
internal_weight=110811 89622 56319 45121 37944 21189 17710 33303 24182 11198 15821 25496 16985 13526 7177 11930 14150 13762 12241 4807 5885 3522
internal_count=110811 89622 56319 45121 37944 21189 17710 33303 24182 11198 15821 25496 16985 13526 7177 11930 14150 13762 12241 4807 5885 3522
is_linear=0
shrinkage=0.0351744


Tree=62
num_leaves=23
num_cat=0
split_feature=11 15 21 28 21 94 62 13 24 33 24 60 74 20 20 34 9 2 33 3 7 27
split_gain=2782.04 2145.17 1907.66 1670.85 1324.18 1165.75 1155.1 958.917 841.617 785.523 781.6 775.883 765.57 737.549 691.956 691.479 687.476 664.965 723.142 650.004 638.617 578.083
threshold=0.017299062331333753 0.017916390579034405 0.050612858482826158 0.013634829038544802 -0.018727755192716997 -0.010186298446500548 0.022645124665801205 -0.03954183996451844 0.099487548053832406 -0.057584775010464488 0.04147810879812331 0.013559680985890101 0.031608244490659861 -0.010055251518410798 -0.0079855350936327476 0.020369313748932551 0.0027172724448009506 0.016593767612998352 0.025111038252633753 -0.049469788334955141 0.013523990410904402 -0.037781984553164741
decision_type=2 2 2 2 2 2 2 2 2 2 2 2 2 2 2 2 2 2 2 2 2 2
left_child=1 2 3 4 17 10 13 -7 9 -3 14 -5 -9 19 -2 -11 -13 -1 -19 -6 -16 -4
right_child=5 8 21 11 6 7 -8 12 -10 15 -12 16 -14 -15 20 -17 -18 18 -20 -21 -22 -23
leaf_value=-0.019608233372426044 0.012532053482082264 -0.01689214408297289 -0.013687458466388273 0.0037124465402012152 -0.024886596591085986 -0.0023521761692622289 -0.02789446084791701 0.017663809278070999 -0.037680391575323886 0.011008104140404245 -0.017337266808106433 -0.0029327219350383776 -0.00013609621485923123 -0.012640568182200596 0.0041638973636940789 -0.002732881787914579 -0.031514903601613659 -0.047978656653202112 -0.012540116363769201 0.011616129752173632 -0.017717432481442669 0.013417095262976823
leaf_weight=4556 5472 1853 1187 9201 724 4990 3991 18197 583 15379 2822 2616 3575 7604 4334 6421 1731 2952 941 3619 2664 5399
leaf_count=4556 5472 1853 1187 9201 724 4990 3991 18197 583 15379 2822 2616 3575 7604 4334 6421 1731 2952 941 3619 2664 5399
internal_value=-5.18216e-07 -0.00435942 -0.00894356 -0.0119775 -0.0174798 0.00712575 -0.0115101 0.0115526 0.00406085 0.00509065 -0.000620558 -0.00207195 0.0147403 -0.00603509 0.00316133 0.00696006 -0.0143189 -0.0287383 -0.0394178 0.0055264 -0.00416374 0.00852928
internal_weight=110811 68757 44521 37935 24387 42054 15938 26762 24236 23653 15292 13548 21772 11947 12470 21800 4347 8449 3893 4343 6998 6586
internal_count=110811 68757 44521 37935 24387 42054 15938 26762 24236 23653 15292 13548 21772 11947 12470 21800 4347 8449 3893 4343 6998 6586
is_linear=0
shrinkage=0.0351744


Tree=63
num_leaves=23
num_cat=0
split_feature=62 24 9 26 100 60 65 33 28 20 28 22 7 11 68 21 100 11 3 68 15 91
split_gain=2715.74 2438.55 1780.91 1547.2 1545.92 1499.21 1155.26 1093.19 1044.2 988.318 933.529 854.198 798.555 679.095 673.675 640.942 664.63 622.979 588.711 585.149 502.469 485.754
threshold=0.024532029258435856 -0.011851749162440698 -0.068292372760330025 -0.0049098326052719491 0.73515000000000008 0.015143661432654601 0.018357624489959052 -0.0022290470655373994 0.012797333131448303 0.042243451051296461 -0.013097026254717899 0.012042788848989452 0.032032059847896054 -0.069640024415746085 1.0000000180025095e-35 0.055485662395232255 -0.86364999999999992 -0.036194883533769047 -0.0047829561281900988 0.012000235050847201 -0.059785038021376594 0.043097305177024654
decision_type=2 2 2 2 2 2 2 2 2 2 2 2 2 2 2 2 2 2 2 2 2 2
left_child=1 9 -3 14 5 6 7 8 -4 11 15 -1 21 -13 -2 16 -5 -12 -18 -14 -9 -7
right_child=3 2 4 10 -6 12 -8 20 -10 -11 17 13 19 -15 -16 -17 18 -19 -20 -21 -22 -23
leaf_value=0.018738596378813165 -0.029632028380131827 0.016582692394167247 -0.023636143001200184 -0.052391419762935834 0.0084117906575098423 -0.0092100805195793715 0.0095853833688865856 -0.020742455916514798 0.0008196344335105266 -0.0018244772959190006 -0.013491130810518373 -0.02059352483113578 -0.04442854953178841 0.0088346885938197887 -0.011873754788987979 0.019100806559652149 -0.027358704449207526 0.0086553959991194137 -0.0023919990653970464 -0.013639121602421572 0.0049474585848324083 -0.039095264775351635
leaf_weight=16089 5012 5927 6349 606 9963 7363 7094 1072 3272 6234 1986 1095 1994 8486 5602 657 2071 7521 2685 1241 7751 741
leaf_count=16089 5012 5927 6349 606 9963 7363 7094 1072 3272 6234 1986 1095 1994 8486 5602 657 2071 7521 2685 1241 7751 741
internal_value=-5.53396e-07 0.0030589 -0.00158241 -0.00991114 -0.00388138 -0.00720308 -0.00247649 -0.00711672 -0.0153174 0.0107358 -0.00283433 0.0137867 -0.0178468 0.00546935 -0.0202612 -0.0136745 -0.017694 0.00402711 -0.0132678 -0.0326236 0.00182391 -0.0119455
internal_weight=110811 84671 52767 26140 46840 36877 25538 18444 9621 31904 15526 25670 11339 9581 10614 6019 5362 9507 4756 3235 8823 8104
internal_count=110811 84671 52767 26140 46840 36877 25538 18444 9621 31904 15526 25670 11339 9581 10614 6019 5362 9507 4756 3235 8823 8104
is_linear=0
shrinkage=0.0351744


Tree=64
num_leaves=23
num_cat=0
split_feature=38 11 13 15 7 15 21 1 21 27 12 12 28 34 100 3 7 1 9 9 91 20
split_gain=2663.27 2418.55 1544.94 1577.06 1612.96 1216.89 1299.23 1159.23 1087.59 863.732 843.44 814.378 824.904 807.344 796.885 691.158 677.222 636.078 573.007 540.157 517.662 486.273
threshold=-0.029293476896049997 -0.020339911022023444 0.041950526572167454 0.0087459754560187519 0.00049154994822640005 0.047246927038361856 0.015493467388554 0.051332671033917511 0.039567361343812453 -0.024753947464252395 0.046620598378209706 0.021176743249152204 -0.022646432486360998 0.015331563755536352 0.8226500000000001 0.0041005721969596511 0.083068829820494461 0.012719415840708201 0.047166723553374208 -0.010693988605914547 0.034965100486857963 0.034830777748895009
decision_type=2 2 2 2 2 2 2 2 2 2 2 2 2 2 2 2 2 2 2 2 2 2
left_child=13 5 3 4 7 6 11 10 14 -8 21 12 -2 19 16 -5 -6 -14 -4 -1 -21 -3
right_child=1 2 18 15 8 -7 9 -9 -10 -11 -12 -13 17 -15 -16 -17 -18 -19 -20 20 -22 -23
leaf_value=0.020516738581313483 -0.03067248642913754 0.011432634626295244 0.018489414936581492 -0.0011034975704779112 -0.019075596845328866 0.0032175074425329318 -0.021177991573584048 -0.021702804275411165 0.0089379546260071711 0.0030700649800601623 -0.019131838554682232 -0.035244569045513728 -0.0023153948708711145 0.00095883156768980635 0.004367800335158635 0.012376608807518702 -0.043468298631079746 -0.026642972357307514 -0.0036665364557419864 0.011560565993250539 -0.013435496145895242 -0.0082692866525749201
leaf_weight=8697 3316 9915 7555 8377 8226 5605 2616 2344 1921 5951 1565 3960 4734 8229 1484 10732 1701 1850 1784 7219 1194 1836
leaf_count=8697 3316 9915 7555 8377 8226 5605 2616 2344 1921 5951 1565 3960 4734 8229 1484 10732 1701 1850 1784 7219 1194 1836
internal_value=-5.66212e-07 -0.00296982 0.00116337 -0.00137817 -0.00654919 -0.0114396 -0.0151035 0.00110493 -0.015541 -0.00433259 0.00512122 -0.0217598 -0.0163637 0.0100145 -0.0196635 0.00646637 -0.0232576 -0.00915408 0.0142553 0.0143687 0.00801088 0.00835288
internal_weight=110811 85472 57440 48101 28992 28032 22427 15660 13332 8567 13316 13860 9900 25339 11411 19109 9927 6584 9339 17110 8413 11751
internal_count=110811 85472 57440 48101 28992 28032 22427 15660 13332 8567 13316 13860 9900 25339 11411 19109 9927 6584 9339 17110 8413 11751
is_linear=0
shrinkage=0.0351744


Tree=65
num_leaves=23
num_cat=0
split_feature=34 24 68 60 62 33 9 11 13 20 15 7 15 9 65 21 94 100 42 7 7 21
split_gain=2609.05 2380.12 1858.04 1274.59 1143.6 1135.39 1062.97 1007.68 815.922 759.463 704.465 693.891 645.697 642.233 636.769 603.115 586.37 581.609 543.629 540.4 528.055 518.339
threshold=0.051907964861713458 -0.011851749162440698 -0.011762638540648898 -0.013683795345765248 0.024532029258435856 -0.050403264128118096 -0.030638308240341246 0.0014409928868787004 -0.014476571888329598 -0.038442397776089141 -0.023426825148863444 0.031347900195552704 -0.049754782208191746 -0.066321557817352286 0.017944743150450103 -0.057816508389308491 -0.016824829902728298 0.70065000000000011 -0.0020277172659879995 0.012985596000153402 0.007654621366310301 0.015028098917057453
decision_type=2 2 2 2 2 2 2 2 2 2 2 2 2 2 2 2 2 2 2 2 2 2
left_child=1 4 3 -3 9 14 -5 8 13 -1 -2 -8 -11 -7 17 -10 -9 20 -17 -15 -4 -6
right_child=10 2 5 6 21 7 11 16 15 12 -12 -13 -14 19 -16 18 -18 -19 -20 -21 -22 -23
leaf_value=0.023045646859479258 -0.029269808336149176 0.00044799559435309931 -0.014635080600970561 -0.0028987176528106544 -0.0088300163312124771 0.016379086272211317 -0.018091511634868787 -0.00093820322239159936 -0.019069254183543088 -0.0064309781815290552 -0.010053047361114566 -0.03955340083166467 0.011472521760913826 -0.008023204582218493 0.0037860171611238222 0.015784956150045427 0.013202324532096667 0.0018455854989908385 -0.00070141939150144324 -0.030465374147648536 -0.047732125090947986 0.0089685400267621746
leaf_weight=6253 3639 7796 1142 4273 5547 873 6645 4865 1269 2860 6729 2594 19325 3755 1643 4474 14247 853 5533 2056 1253 3187
leaf_count=6253 3639 7796 1142 4273 5547 873 6645 4865 1269 2860 6729 2594 19325 3755 1643 4474 14247 853 5533 2056 1253 3187
internal_value=-5.64723e-07 0.00173336 -0.00241667 -0.0108756 0.00879759 0.00187826 -0.0174102 0.00398019 -0.00200131 0.0122168 -0.0167998 -0.0241197 0.0091637 -0.0117395 -0.0140497 0.00376974 0.00960198 -0.0230768 0.0066679 -0.015967 -0.0319596 -0.00233345
internal_weight=110811 100443 63271 21308 37172 41963 13512 37072 17960 28438 10368 9239 22185 6684 4891 11276 19112 3248 10007 5811 2395 8734
internal_count=110811 100443 63271 21308 37172 41963 13512 37072 17960 28438 10368 9239 22185 6684 4891 11276 19112 3248 10007 5811 2395 8734
is_linear=0
shrinkage=0.0351744


Tree=66
num_leaves=23
num_cat=0
split_feature=100 21 15 28 3 42 1 2 7 33 21 26 23 20 68 12 1 4 53 1 30 91
split_gain=2569.18 2172.06 1756.83 1736.45 1284.25 1167.61 1105.51 1100.11 958.504 758.608 723.517 831.673 709.323 703.337 692.665 689.267 979.847 707.491 631.168 617.773 559.527 543.972
threshold=-0.93364999999999987 0.0022027289066186002 0.03787868221436471 -0.007168902564005499 -0.0023190882243054492 0.018789467840222153 -0.026579094057372146 -0.083611852015541346 0.038350382520869607 0.019132831059834151 0.094691000577307102 -0.015808102746543148 0.033400921644199805 -0.017452297322581949 0.0073980818586290506 0.010665195356896853 0.014690404804428502 0.076824957676648251 0.037770316159403357 0.0027752352565235503 0.0097290599877965008 0.086600828606624061
decision_type=2 2 2 2 2 2 2 2 2 2 2 2 2 2 2 2 2 2 2 2 2 2
left_child=7 2 3 4 14 10 12 19 15 -10 11 -3 -6 -13 -2 16 -5 -17 -18 -1 -9 -8
right_child=1 5 -4 8 6 -7 21 20 9 -11 -12 13 -14 -15 -16 17 18 -19 -20 -21 -22 -23
leaf_value=0.021010516470102648 -0.034299082364964061 -0.00083053749075123642 0.0080040927269824699 0.014170778759091873 -0.0027447009244422702 -0.001625869481450179 -0.015981324613272539 -0.014070392822320352 -0.022823965206028026 0.0074824301250616424 0.028354953525248229 0.020514847738116175 0.026857680778647284 0.0077505671009521658 -0.013586176448173377 -0.0096559189219327449 -0.0016860457816975378 0.023429588186650873 -0.044528981325397884 -0.068464510425025896 -0.0343333635213426 -0.083701295830807362
leaf_weight=1030 4559 7801 13224 8947 3934 13598 5204 3219 3555 1433 2618 8469 1343 14480 3562 6231 2362 917 519 105 3550 151
leaf_count=1030 4559 7801 13224 8947 3934 13598 5204 3219 3555 1433 2618 8469 1343 14480 3562 6231 2362 917 519 105 3550 151
internal_value=-5.73377e-07 0.00148363 -0.00319854 -0.00666698 -0.0146838 0.00706089 -0.00663671 -0.0193261 -0.000392691 -0.014114 0.0106014 0.00908919 0.00478658 0.0124619 -0.0252166 0.00321327 0.00842518 -0.00540869 -0.00941189 0.0127097 -0.0247003 -0.0178965
internal_weight=110811 102907 55941 42717 18753 46966 10632 7904 23964 4988 33368 30750 5277 22949 8121 18976 11828 7148 2881 1135 6769 5355
internal_count=110811 102907 55941 42717 18753 46966 10632 7904 23964 4988 33368 30750 5277 22949 8121 18976 11828 7148 2881 1135 6769 5355
is_linear=0
shrinkage=0.0351744


Tree=67
num_leaves=23
num_cat=0
split_feature=38 100 4 3 33 30 60 62 28 1 68 55 15 9 28 20 21 34 23 4 5 15
split_gain=2478.2 2001.13 1506.39 1739.41 1431.39 1094.03 1077.85 933.877 943.077 872.85 861.315 800.544 731.5 723.539 699.613 698.237 688.559 593.674 592.099 590.908 577.808 550.456
threshold=-0.011865034972903348 -0.84854999999999992 -0.13769199117331887 0.044148753684022261 -0.031144567112936648 0.050482318287480454 0.010207903351532252 -0.0082744159475764481 -0.028524572768928697 0.012719415840708201 -0.010775826837467698 0.031983728886061456 -0.064498075460903234 -0.014342543383057899 -0.0043113103254015994 0.0082940215699038519 -0.031313150953097245 -0.0059279190880301988 0.014802112974471151 0.055382887113547101 0.013520690132399852 -0.029470645471271848
decision_type=2 2 2 2 2 2 2 2 2 2 2 2 2 2 2 2 2 2 2 2 2 2
left_child=6 5 -3 4 14 10 15 -6 -9 -5 17 12 19 -14 -4 -1 -10 -2 20 -8 -12 -11
right_child=1 2 3 9 7 -7 11 8 16 21 18 -13 13 -15 -16 -17 -18 -19 -20 -21 -22 -23
leaf_value=0.015928431595268855 -0.0063032963222316649 0.023120450339829842 -0.028879523778696209 0.014834089488269381 0.0052540058254772638 -0.039386834076810977 -0.040983900619794393 -0.022910818504453943 -0.019364709036123178 -0.022517285370723835 -0.0047419790054533074 0.015985140737789949 0.0081594291840436477 -0.0096103576634752382 -0.0094211588781047441 0.0045661436517540248 0.00031424217396409736 -0.034354046978998944 0.010766207841965999 0.017691642005492822 -0.03546050749485518 0.003902521034968548
leaf_weight=15056 1431 2967 4307 8743 11379 2178 1060 3905 2713 1395 3392 2897 5145 6313 4880 12054 11619 2694 2199 265 976 3243
leaf_count=15056 1431 2967 4307 8743 11379 2178 1060 3905 2713 1395 3392 2897 5145 6313 4880 12054 11619 2694 2199 265 976 3243
internal_value=-5.84266e-07 -0.00417281 -0.00125802 -0.00264449 -0.00641584 -0.0166619 0.00663139 -0.00265247 -0.00758665 0.00829062 -0.0120307 -0.000708144 -0.00449279 -0.00162971 -0.0185457 0.0108771 -0.00340994 -0.0246277 -0.00411505 -0.0292355 -0.0116107 -0.00404086
internal_weight=110811 68021 55151 52184 38803 12870 42790 29616 18237 13381 10692 15680 12783 11458 9187 27110 14332 4125 6567 1325 4368 4638
internal_count=110811 68021 55151 52184 38803 12870 42790 29616 18237 13381 10692 15680 12783 11458 9187 27110 14332 4125 6567 1325 4368 4638
is_linear=0
shrinkage=0.0351744


Tree=68
num_leaves=23
num_cat=0
split_feature=11 13 15 7 12 3 38 22 9 31 18 62 1 20 21 7 70 20 30 60 65 15
split_gain=2485.9 2250.4 1946.78 1730.76 1166.53 986.901 986.096 903.429 884.471 887.044 791.225 715.114 691.474 655.334 636.875 633.613 616.212 607.782 580.162 557.688 631.743 533.195
threshold=-0.069640024415746085 0.030692114200072552 -0.0053881507231608988 0.00049154994822640005 0.0091753354749097016 0.0070559166237428505 -0.0083643171336926486 0.019746512133721205 0.038815968397684204 0.014136588023718503 -0.030823988646206248 0.0053325887406699508 0.045355472178381158 0.013175628788399651 0.049522134067640354 -0.015687330121158246 -0.024712341098548796 -0.0083893198769363474 0.025286650564026906 0.039151047971006658 0.019166012498228954 0.094113792900192617
decision_type=2 2 2 2 2 2 2 2 2 2 2 2 2 2 2 2 2 2 2 2 2 2
left_child=7 2 3 4 12 10 19 15 9 17 -4 -12 -2 -7 16 -1 -8 -3 -18 20 -5 -9
right_child=1 8 5 6 -6 13 14 21 -10 -11 11 -13 -14 -15 -16 -17 18 -19 -20 -21 -22 -23
leaf_value=0.0028830941680206075 0.0095344719055028889 0.017641409560101715 0.010685622777915914 -0.0085086566460104169 -0.012355460285389084 0.014210578992335821 -0.045527279593468827 -0.033637833564259347 -0.0016039405667479906 0.024582975442754972 0.0011224565861342644 -0.014692814258108793 -0.013960970884262845 0.0018420427956517113 0.00079354104635059007 -0.018465655258934049 -0.015726758002887038 0.0018525112467376852 -0.041027034491843466 -0.030282132296042801 0.018170070850679974 0.0053307307648478618
leaf_weight=3344 10582 5408 4637 4262 6445 12692 1765 3609 5381 6935 7810 6463 1815 9106 1150 3539 4599 6827 1485 985 1479 493
leaf_count=3344 10582 5408 4637 4262 6445 12692 1765 3609 5381 6935 7810 6463 1815 9106 1150 3539 4599 6827 1485 985 1479 493
internal_value=-5.71709e-07 0.00174694 -0.00126895 -0.00740769 -0.000216487 0.00394333 -0.0160232 -0.0158824 0.0109945 0.0145317 -0.00193606 -0.00603783 0.00609311 0.0090445 -0.0236387 -0.00809146 -0.0272205 0.00883287 -0.0219058 -0.00583121 -0.00163245 -0.0289503
internal_weight=110811 99826 75275 34567 18842 40708 15725 10985 24551 19170 18910 14273 12397 21798 8999 6883 7849 12235 6084 6726 5741 4102
internal_count=110811 99826 75275 34567 18842 40708 15725 10985 24551 19170 18910 14273 12397 21798 8999 6883 7849 12235 6084 6726 5741 4102
is_linear=0
shrinkage=0.0351744


Tree=69
num_leaves=23
num_cat=0
split_feature=62 24 9 2 74 15 1 21 13 23 1 14 100 27 100 12 20 3 63 28 22 63
split_gain=2409.82 2203.94 1899.32 1453.04 1302.73 1208.83 1036.7 1033.83 997.401 962.064 920.51 896.55 821.287 701.111 678.771 675.967 661.008 628.595 587.453 547.516 516.579 512.568
threshold=0.031144879896291406 0.036742671097138455 -0.029565661379314146 -0.031943142818993644 0.03400557112183656 0.00090938788463340006 0.03941418630084096 0.094691000577307102 -0.024242838591819197 0.018726571563681654 0.016521050577421304 -0.042693581308801444 0.74330000000000018 -0.020298855753554845 0.051650000000000008 0.03148307074197406 0.020119657372313002 -0.10742709131411114 0.044723966599425409 0.056966002428429356 0.035713772385661806 -0.031145365699723798
decision_type=2 2 2 2 2 2 2 2 2 2 2 2 2 2 2 2 2 2 2 2 2 2
left_child=1 2 16 6 8 9 20 12 -2 11 -10 -5 13 -3 -6 -13 -1 -18 -12 -15 -4 -8
right_child=4 7 3 5 14 -7 21 -9 10 -11 18 15 -14 19 -16 -17 17 -19 -20 -21 -22 -23
leaf_value=0.017487480025345496 -0.020035259162347947 -0.025653015244967926 0.018335694820197007 0.0070206541924633945 -0.044712011075850856 0.0039069487801633362 0.017015152683481107 0.023882349103485474 0.0045355226844508989 0.0029210706023360487 -0.011625366233187757 -0.014616524957271296 0.0038660792136505405 -0.012776536876747239 -0.012338730120908666 -0.036723355823080887 0.037185446526290175 0.0021582003878206271 -0.056436820529142506 0.010872937733437029 -0.00054573757410249907 -0.012545873692199514
leaf_weight=15877 5109 4709 9943 1838 1915 15481 947 1145 8711 5094 2940 7307 3763 7133 1381 2237 693 7432 413 1458 2185 3100
leaf_count=15877 5109 4709 9943 1838 1915 15481 947 1145 8711 5094 2940 7307 3763 7133 1381 2237 693 7432 413 1458 2185 3100
internal_value=-5.47683e-07 0.00246836 0.00522872 0.00119779 -0.0108981 -0.0031498 0.00978831 -0.0084663 -0.00700911 -0.00978137 -0.00149107 -0.0154677 -0.0106382 -0.0147432 -0.0311542 -0.0198004 0.0133113 0.00514849 -0.0171524 -0.00876086 0.0149327 -0.00562406
internal_weight=110811 90342 72134 48132 20469 31957 16175 18208 17173 16476 12064 11382 17063 13300 3296 9544 24002 8125 3353 8591 12128 4047
internal_count=110811 90342 72134 48132 20469 31957 16175 18208 17173 16476 12064 11382 17063 13300 3296 9544 24002 8125 3353 8591 12128 4047
is_linear=0
shrinkage=0.0351744


Tree=70
num_leaves=23
num_cat=0
split_feature=11 38 4 3 28 60 100 9 15 62 94 60 1 1 100 34 91 2 11 55 33 2
split_gain=2379.38 2001.83 1699.8 1541.31 1299.86 1041.25 1037.09 859.585 833.7 784.276 824.503 742.53 710.252 705.133 693.341 675.007 607.22 586.966 585.324 574.976 568.98 579.583
threshold=0.032134417775220005 -0.0041828293153920492 -0.13769199117331887 0.044148753684022261 -0.032120161791572892 0.0037726443474268502 -0.27239999999999992 0.0021653291785411503 0.039351971848029556 0.049619628357915758 -0.013025485647939499 0.022354599082760003 -0.077906377262156185 0.027897564576369851 -0.86364999999999992 -0.026727510491128998 0.034965100486857963 -0.045482748016271293 -0.11978308526222209 0.010551932312396503 -0.049481334024252747 0.010286820979613302
decision_type=2 2 2 2 2 2 2 2 2 2 2 2 2 2 2 2 2 2 2 2 2 2
left_child=1 5 -3 4 8 18 11 19 15 10 20 17 -5 -8 -14 -4 -9 -6 -1 -7 21 -2
right_child=9 2 3 12 6 7 13 16 -10 -11 -12 -13 14 -15 -16 -17 -18 -19 -20 -21 -22 -23
leaf_value=-0.023052347285983973 0.0067975916276025511 0.024976401281417183 -0.012840745738297273 0.016234005098013874 0.0048733579158969009 -0.0032785127122883012 0.0014593779239405762 -0.0089760901006786225 -0.00024038269749237172 -0.009353289007098569 0.014638354417937052 -0.033602491381517295 -0.022475319571819866 -0.020263895597036199 0.0016466521192879835 -0.040509239148878058 -0.038534547845082208 -0.017266688126796232 0.0090556663527208477 0.014900559559471267 0.0052768035611450237 -0.04018363031426464
leaf_weight=727 575 1820 1490 2934 1881 6216 9639 5905 1151 2768 18076 2711 1913 2287 6422 4095 1007 6956 20467 3292 7734 745
leaf_count=727 575 1820 1490 2934 1881 6216 9639 5905 1151 2768 18076 2711 1913 2287 6422 4095 1007 6956 20467 3292 7734 745
internal_value=-5.23022e-07 -0.00313381 -0.00829054 -0.00975071 -0.0138919 0.00280188 -0.0099822 -0.00384632 -0.0275137 0.00847851 0.0102985 -0.0174958 0.00134964 -0.00270523 -0.00388802 -0.0331312 -0.0132856 -0.0125522 0.00795334 0.00301411 0.00163218 -0.0197074
internal_weight=110811 80913 43299 41479 30210 37614 23474 16420 6736 29898 27130 11548 11269 11926 8335 5585 6912 8837 21194 9508 9054 1320
internal_count=110811 80913 43299 41479 30210 37614 23474 16420 6736 29898 27130 11548 11269 11926 8335 5585 6912 8837 21194 9508 9054 1320
is_linear=0
shrinkage=0.0351744


Tree=71
num_leaves=23
num_cat=0
split_feature=34 38 33 42 11 48 21 15 7 62 7 4 6 100 70 13 30 28 3 20 11 23
split_gain=2282.45 1903.98 1803.34 1459.42 1022.59 1012.75 992.577 1046.25 954.989 780.192 750.275 720.976 689.938 605.222 621.248 583.063 525.395 505.544 497.379 477.755 472.007 468.257
threshold=0.032074967866004306 -0.046299701775604545 -0.050403264128118096 0.013792871880041952 0.021277210818736205 -0.0013241140802747497 0.015028098917057453 -0.020892644623853946 0.055179646868793709 0.0077264098060446009 0.015307926922273151 -0.14559509959692477 0.014920070169905953 0.8226500000000001 -0.029264869718712047 0.015582429571074903 0.043011112539501857 -0.015317030825566397 -0.021079018721210045 0.036093006112772406 0.035064526129068407 0.026283970223918752
decision_type=2 2 2 2 2 2 2 2 2 2 2 2 2 2 2 2 2 2 2 2 2 2
left_child=1 -1 10 5 9 15 7 -7 11 21 -3 -2 20 14 -12 18 17 -11 -4 -20 -13 -5
right_child=8 2 3 4 -6 6 -8 -9 -10 16 13 12 -14 -15 -16 -17 -18 -19 19 -21 -22 -23
leaf_value=0.01595413117272922 0.0202871386630444 -0.0060288464777022623 -0.0038394879600599017 -0.0073202198051783244 0.0056353058658615398 -0.01834154410871483 0.011633771631166696 0.001962731755463785 -0.024825670316808532 -0.029130174437712038 -0.057216608136082009 -0.01907037144799471 0.00045523504304321023 0.0062925642813639309 -0.022490350861620836 0.01911040986219157 -0.046961496334357866 -0.0080896235341291946 0.015815719739087075 -0.003833376094360122 -0.00041902070025764157 0.010244821587159116
leaf_weight=11296 1155 5456 3636 7311 8622 4448 7511 10672 4470 2094 916 7048 6310 576 2106 8367 703 4354 7076 1952 2206 2526
leaf_count=11296 1155 5456 3636 7311 8622 4448 7511 10672 4470 2094 916 7048 6310 576 2106 8367 703 4354 7076 1952 2206 2526
internal_value=-5.24084e-07 0.00245395 0.00050674 0.00243649 -0.00422941 0.00634677 0.00118171 -0.00400941 -0.0103828 -0.00923708 -0.0142557 -0.00652014 -0.00851076 -0.0267255 -0.0330243 0.0119039 -0.0180784 -0.0149257 0.00714117 0.0115654 -0.0146261 -0.00280798
internal_weight=110811 89622 78326 69272 25610 43662 22631 15120 21189 16988 9054 16719 15564 3598 3022 21031 7151 6448 12664 9028 9254 9837
internal_count=110811 89622 78326 69272 25610 43662 22631 15120 21189 16988 9054 16719 15564 3598 3022 21031 7151 6448 12664 9028 9254 9837
is_linear=0
shrinkage=0.0351744


Tree=72
num_leaves=23
num_cat=0
split_feature=68 24 62 11 55 60 15 21 20 22 9 13 21 28 22 94 74 2 62 13 9 100
split_gain=2218.01 1663.74 1358.16 1277.92 1272.02 1126.68 894.537 891.686 777.811 737.242 729.988 691.052 644.172 586.39 565.623 540.856 540.306 523.633 519.82 522.637 498.586 492.133
threshold=-0.00059623688637949984 0.0083995960139113517 0.021353162220639401 -0.069640024415746085 0.0080112705918583011 0.029762319508049705 -0.042579438457429744 0.0014670405244712503 0.013175628788399651 0.019746512133721205 0.0021653291785411503 -0.028883072880215247 0.081641661952488773 0.049576637521498157 -0.0089582280399126985 -0.014374912001418999 0.066498085225840012 -0.025697451159254644 -0.017117300066216649 -0.019473331112317648 -0.0154027784306552 -0.22549999999999998
decision_type=2 2 2 2 2 2 2 2 2 2 2 2 2 2 2 2 2 2 2 2 2 2
left_child=1 2 10 9 8 7 -4 13 14 -2 -1 -8 15 21 -5 -10 -16 -12 -6 -20 -7 -3
right_child=3 5 6 4 18 20 11 -9 12 -11 17 -13 -14 -15 16 -17 -18 -19 19 -21 -22 -23
leaf_value=0.010234238959198687 -0.00094143910869571971 -0.027781310510503275 -0.035985181107290529 0.013220708729008985 0.022496909211290925 -0.014156688226204908 -0.025762498838881018 -0.00028923907931074455 -0.01833461082042636 -0.026583604404192513 0.0077870918262930152 0.00036559664544976811 0.027435128713549785 0.0069584453119058889 0.0026798915296346718 -0.0017361093944501323 -0.044183849999799248 -0.0093563932860238359 0.00020510726106935987 0.014996857476896585 -0.038857548912686633 -0.011192170891817474
leaf_weight=12748 3616 4112 1562 8996 5865 1708 1686 8579 3376 2252 3593 4864 739 1240 10828 8666 313 5701 4517 8561 2488 4801
leaf_count=12748 3616 4112 1562 8996 5865 1708 1686 8579 3376 2252 3593 4864 739 1240 10828 8666 313 5701 4517 8561 2488 4801
internal_value=-5.23516e-07 -0.00519035 0.000239199 0.00477125 0.00653183 -0.0123317 -0.0120654 -0.00863996 0.0023523 -0.0107856 0.00476839 -0.00635783 -0.00443363 -0.0156943 0.00666018 -0.0063911 0.00136116 -0.00272702 0.0137938 0.00988928 -0.0288079 -0.0188478
internal_weight=110811 53082 30154 57729 51861 22928 8112 18732 32918 5868 22042 6550 12781 10153 20137 12042 11141 9294 18943 13078 4196 8913
internal_count=110811 53082 30154 57729 51861 22928 8112 18732 32918 5868 22042 6550 12781 10153 20137 12042 11141 9294 18943 13078 4196 8913
is_linear=0
shrinkage=0.0351744


Tree=73
num_leaves=23
num_cat=0
split_feature=9 60 20 15 28 26 91 7 33 15 31 21 5 74 24 15 2 3 48 13 64 2
split_gain=2145.61 1612.56 1407.62 1310.65 1064.79 1003.3 988.747 727.075 720.345 789.806 641.979 638.58 665.654 634.908 625.846 618.496 560.867 596.517 526.337 512.2 503.057 494.485
threshold=-0.0069727208777144991 0.0044282579418270006 -0.016494631345409246 0.019943716421292654 -0.007168902564005499 -0.023601344052965646 0.032352922589848961 0.032032059847896054 0.039020942748805208 -0.046410671377038144 0.057038735908558354 -0.049317320814781539 -0.0067850973737058487 0.028206958060210903 0.012146067248008601 0.028729666194142203 -0.019021112758449445 0.0064618689704486502 -0.010699549625849748 -0.021042659639885896 0.045106083525519154 0.0016242956919783503
decision_type=2 2 2 2 2 2 2 2 2 2 2 2 2 2 2 2 2 2 2 2 2 2
left_child=2 5 14 4 8 -2 7 13 9 -4 20 -7 -13 16 -1 -9 -3 -18 -6 -5 -11 -8
right_child=1 6 3 19 18 11 21 15 -10 10 -12 12 -14 -15 -16 -17 17 -19 -20 -21 -22 -23
leaf_value=0.017342375202044374 -0.011003318383735205 0.007919372912255326 -0.037338312923151526 -0.00022942836067329405 0.010985833970102742 -0.014228918206577804 -0.017290628155307082 -0.02631432472534579 0.010844065242618375 -0.016557681611878729 0.026639813380074699 0.011039458555575286 -0.0014687498799223523 -0.021769693748296431 0.004226277225638491 -0.0016262132159178934 -0.018590070085442795 0.0024710740524768828 -0.002921340549294132 0.01524723598632678 0.017335692594316814 -0.043641458731753131
leaf_weight=12202 7436 4896 1717 3896 5520 2202 1990 4267 1451 6436 524 12235 9235 2191 7138 1781 3236 3422 8629 8230 591 1586
leaf_count=12202 7436 4896 1717 3896 5520 2202 1990 4267 1451 6436 524 12235 9235 2191 7138 1781 3236 3422 8629 8230 591 1586
internal_value=-5.23413e-07 -0.00497792 0.0048125 0.000791819 -0.0038309 0.000266768 -0.0119601 -0.00888343 -0.0121933 -0.015802 -0.010902 0.00380775 0.0056585 -0.00440983 0.0125024 -0.0190472 -0.00111616 -0.00776302 0.0025032 0.0102734 -0.0137044 -0.0289837
internal_weight=110811 54477 56334 36994 24868 31108 23369 19793 10719 9268 7551 23672 21470 13745 19340 6048 11554 6658 14149 12126 7027 3576
internal_count=110811 54477 56334 36994 24868 31108 23369 19793 10719 9268 7551 23672 21470 13745 19340 6048 11554 6658 14149 12126 7027 3576
is_linear=0
shrinkage=0.0351744


Tree=74
num_leaves=23
num_cat=0
split_feature=62 24 9 2 74 38 3 27 1 13 19 1 34 15 60 21 60 20 3 59 63 100
split_gain=2121.78 1946.84 1600.55 1242.37 1167.91 1085.94 1024.58 908.902 892.707 877.26 832.671 819.276 754.056 635.239 613.644 602.168 593.312 573.231 562.111 557.155 541.753 500.216
threshold=0.031144879896291406 0.036742671097138455 -0.029565661379314146 -0.028767121113764647 0.03400557112183656 -0.032033372857961442 0.098637426988032517 -0.0068843883927273489 -0.0011303825497638498 -0.024242838591819197 -0.027237411618570698 0.016521050577421304 0.004427016094083901 0.040123463886980355 0.029762319508049705 0.071457395341224458 0.015143661432654601 0.020119657372313002 -0.10742709131411114 -0.0090698982833789989 0.033526475427076957 -0.89559999999999984
decision_type=2 2 2 2 2 2 2 2 2 2 2 2 2 2 2 2 2 2 2 2 2 2
left_child=1 2 17 8 9 -5 12 14 -4 -2 -10 -11 16 -6 -3 -9 -7 -1 -19 -12 -13 -14
right_child=4 7 3 5 13 6 -8 15 10 11 19 20 21 -15 -16 -17 -18 18 -20 -21 -22 -23
leaf_value=0.016219239445993999 -0.018760243643319935 -0.012129751011145985 0.014809112387027507 0.011443824733607324 -0.03761963874460298 0.0015213650374743806 0.012112324757573298 -0.0045179666241894519 0.018340028542829179 0.0043168240709294745 0.0042039746223405602 -0.0095811403520982257 -0.032939000249768258 -0.00035407539757603267 -0.036819382354384228 0.020440934086558164 -0.014455735472829528 0.035023851245669833 0.0019006216835173893 -0.021665620090964007 -0.046649068498545804 -0.012349135125596796
leaf_weight=15877 5109 6092 11004 5364 2569 9319 3377 9174 1742 8711 1801 2760 1838 727 1567 1375 4158 693 7432 2403 593 7126
leaf_count=15877 5109 6092 11004 5364 2569 9319 3377 9174 1742 8711 1801 2760 1838 727 1567 1375 4158 693 7432 2403 593 7126
internal_value=-5.20208e-07 0.00231614 0.00491051 0.00121015 -0.0102261 -0.00295593 -0.00594835 -0.00796093 0.00887519 -0.00654377 -0.00210378 -0.00136864 -0.00866699 -0.0294054 -0.017184 -0.00126288 -0.00340686 0.0123302 0.00472848 -0.0105794 -0.0161438 -0.0165733
internal_weight=110811 90342 72134 48132 20469 31182 25818 18208 16950 17173 5946 12064 22441 3296 7659 10549 13477 24002 8125 4204 3353 8964
internal_count=110811 90342 72134 48132 20469 31182 25818 18208 16950 17173 5946 12064 22441 3296 7659 10549 13477 24002 8125 4204 3353 8964
is_linear=0
shrinkage=0.0351744


Tree=75
num_leaves=23
num_cat=0
split_feature=11 38 4 3 28 11 1 12 7 15 60 13 1 9 18 12 17 4 2 100 18 88
split_gain=2106.25 1809.98 1461.73 1414.12 1196.8 944.434 892.777 915.251 847.561 799.441 798.82 791.262 709.215 705.294 686.348 682.87 646.232 643.784 629.13 620.269 581.305 572.936
threshold=0.034479150597148955 -0.0041828293153920492 -0.13769199117331887 0.044148753684022261 -0.032120161791572892 -0.11004754385454064 0.012719415840708201 0.03280441484001486 0.10233997228199336 0.039351971848029556 0.0025252706800866502 -0.027634569102666148 -0.080145420356260391 -0.0054171620886451994 -0.016808921483807596 0.0091753354749097016 0.11653067998479781 -0.0035126739173740999 -0.045482748016271293 -0.92864999999999986 -0.018389499521429199 0.035160022776978758
decision_type=2 2 2 2 2 2 2 2 2 2 2 2 2 2 2 2 2 2 2 2 2 2
left_child=1 5 -3 4 9 -1 7 8 -6 16 -7 14 -5 -12 -2 -14 -4 -13 -9 -17 -8 -15
right_child=11 2 3 12 6 10 20 18 -10 -11 13 17 15 21 -16 19 -18 -19 -20 -21 -22 -23
leaf_value=-0.021968111807811851 0.013474553564840062 0.022673084116188371 -0.034136906779432735 0.016720581518083255 0.000992201465518836 0.0086799092599641331 -0.0046356230338209384 -8.752116636073704e-05 -0.033899602506206335 0.00040229733805713732 0.0051623085903722155 0.0058592293612813344 0.0040502010469100173 -0.0054173225852894805 -0.0087756875169071168 -0.051144677011460853 0.020719324690582207 0.018343746679682922 -0.02830276056721397 -0.0095071013985609642 -0.030022175123449079 -0.032123008617488347
leaf_weight=1822 2581 1878 5385 2842 13256 20131 1621 1428 921 1178 8663 10531 5466 6684 5112 530 279 9938 3109 2694 3594 1168
leaf_count=1822 2581 1878 5385 2842 13256 20131 1621 1428 921 1178 8663 10531 5466 6684 5112 530 279 9938 3109 2694 3594 1168
internal_value=-5.07502e-07 -0.00283142 -0.00768861 -0.00903696 -0.012974 0.0027467 -0.00926346 -0.00567559 -0.00127372 -0.0259482 0.00397604 0.00830695 0.00146688 -0.00175677 -0.00130845 -0.00352004 -0.0314313 0.0119216 -0.0194261 -0.0163594 -0.0221348 -0.00939255
internal_weight=110811 82649 44181 42303 30771 38468 23929 18714 14177 6842 36646 28162 11532 16515 7693 8690 5664 20469 4537 3224 5215 7852
internal_count=110811 82649 44181 42303 30771 38468 23929 18714 14177 6842 36646 28162 11532 16515 7693 8690 5664 20469 4537 3224 5215 7852
is_linear=0
shrinkage=0.0351744


Tree=76
num_leaves=23
num_cat=0
split_feature=68 26 20 22 24 21 9 62 38 46 28 63 15 74 13 5 60 12 7 91 100 16
split_gain=2047.01 1501.68 1162.2 1061.63 1048.3 1021.43 780.306 774.248 772.178 769.972 734.544 689.025 622.129 614.403 592.55 551.082 546.254 535.125 531.326 527.283 516.686 508.473
threshold=-0.00059623688637949984 -0.0020637268819712995 0.019097664378791002 -0.0089582280399126985 0.027288592052113602 -0.032435441913664896 -0.0074762196809996994 0.032213806169629412 -0.046299701775604545 -0.010017407860130449 0.012797333131448303 0.0047384361333897016 -0.059785038021376594 0.035305252676541353 0.08718084449706627 0.014788503901458751 0.017222639646481502 0.0097127383539264509 0.0028962160750008507 0.065143971995989217 0.051650000000000008 0.0082676202827100011
decision_type=2 2 2 2 2 2 2 2 2 2 2 2 2 2 2 2 2 2 2 2 2 2
left_child=1 4 3 -2 7 10 -5 9 -4 16 19 -7 -10 -13 -6 -8 -1 -11 -14 -3 -15 -19
right_child=2 5 8 6 14 11 15 -9 12 17 -12 13 18 20 -16 -17 -18 21 -20 -21 -22 -23
leaf_value=-0.0069873259924022896 0.014525176460954694 -0.019726173859868416 0.014890913461931651 0.0098718057044792969 -0.025914296662647222 0.0089132038599013929 0.0015616487370556931 -0.024191353220604964 -0.024038089298700195 0.010027268410609205 0.0031208728762252688 0.00085122515100409816 0.0030581960584955435 -0.037174304905383329 0.01933928306304105 -0.0156232833219586 -0.031108006462646828 -0.018544112550047058 -0.010335583768660134 -0.078852502437821798 -0.00010645459359811787 0.0096123316043839196
leaf_weight=4307 17523 3274 2751 9901 6305 13193 7369 2710 1923 5242 2131 8473 8407 1085 379 3361 1592 2104 6494 198 816 1273
leaf_count=4307 17523 3274 2751 9901 6305 13193 7369 2710 1923 5242 2131 8473 8407 1085 379 3361 1592 2104 6494 198 816 1273
internal_value=-4.97112e-07 -0.00498626 0.00458364 0.00815852 -0.0115206 0.000369699 0.00275011 -0.00693173 -0.0023834 -0.00370858 -0.0131285 0.00357965 -0.00520914 -0.00320166 -0.0233454 -0.00381986 -0.0135004 0.00299133 -0.00277788 -0.0231064 -0.0212731 -0.00792534
internal_weight=110811 53082 57729 38154 23912 29170 20631 17228 19575 14518 5603 23567 16824 10374 6684 10730 5899 8619 14901 3472 1901 3377
internal_count=110811 53082 57729 38154 23912 29170 20631 17228 19575 14518 5603 23567 16824 10374 6684 10730 5899 8619 14901 3472 1901 3377
is_linear=0
shrinkage=0.0351744


Tree=77
num_leaves=23
num_cat=0
split_feature=34 24 26 42 11 20 55 100 48 70 60 33 3 33 15 2 6 11 3 22 62 9
split_gain=2019.64 1853.84 1606.4 1273.7 938.561 849.946 876.817 832.701 789.567 750.214 677.784 588.921 568.604 558.156 542.664 540.63 611.291 501.858 481.327 577.118 480.831 469.659
threshold=0.051907964861713458 -0.011851749162440698 0.012953348701121253 0.004784868589863601 -0.093672532763851041 0.042243451051296461 -0.0049400827932722493 -0.93604999999999994 -0.0058096670188973491 -0.026874977669236747 0.013559680985890101 -0.071836075458651991 -0.021079018721210045 0.034640660129495508 -0.065856962706443936 -0.074804891597230638 0.013805229923824252 -0.015405572447226948 0.023877666434334702 -0.00090233446961234985 0.024981062572160654 -0.068292372760330025
decision_type=2 2 2 2 2 2 2 2 2 2 2 2 2 2 2 2 2 2 2 2 2 2
left_child=1 5 3 8 -4 6 14 -5 20 11 13 -6 -8 17 -1 -2 -17 -9 19 -11 -3 -12
right_child=15 2 4 7 9 -7 12 10 -10 18 21 -13 -14 -15 -16 16 -18 -19 -20 -21 -22 -23
leaf_value=-0.018292967154924435 0.0022723986761685987 0.012160045210944945 -0.023662320171288161 -0.039809404565188895 -0.039678774514772759 -0.0038269823814602285 0.0064353314064868822 -0.021177659318098944 -0.0064769045717608439 0.012322070354023794 0.009249174401216087 -0.0011170606987711709 0.020304910141655197 0.010586298908823608 0.0059294926110079983 -0.026357003353260529 -0.0071209364174448578 -0.0044559047773284925 0.017358362902577175 -0.0038645433568871524 -0.0073663146440946558 -0.025807471858965713
leaf_weight=1255 1881 6580 1345 1361 547 6468 5474 3326 11780 6448 528 4701 11044 1943 12931 5047 3440 6692 6794 4718 2044 4464
leaf_count=1255 1881 6580 1345 1361 547 6468 5474 3326 11780 6448 528 4701 11044 1943 12931 5047 3440 6692 6794 4718 2044 4464
internal_value=-4.89914e-07 0.00152504 -0.00213752 -0.00660091 0.00490018 0.00775957 0.0102009 -0.0133348 -0.00055586 0.00655637 -0.0112081 -0.00514064 0.0157097 -0.00666232 0.00378523 -0.0147809 -0.0185624 -0.0100095 0.00997523 0.00548125 0.00753006 -0.022096
internal_weight=110811 100443 63271 38718 24553 37172 30704 18314 20404 23208 16953 5248 16518 11961 14186 10368 8487 10018 17960 11166 8624 4992
internal_count=110811 100443 63271 38718 24553 37172 30704 18314 20404 23208 16953 5248 16518 11961 14186 10368 8487 10018 17960 11166 8624 4992
is_linear=0
shrinkage=0.0351744


Tree=78
num_leaves=23
num_cat=0
split_feature=15 62 24 7 26 33 94 21 65 100 65 51 11 60 74 53 21 39 100 42 20 38
split_gain=1947.04 1761.81 1439.58 1302.45 1248.95 1215.69 848.121 757.832 749.269 684.786 770.598 683.992 671.819 629.505 617.067 566.558 552.376 566.091 531.491 519.246 518.765 518.947
threshold=-0.062054601658982245 0.013723886813736251 -0.035269126535192548 0.0019614815398792005 -0.0049098326052719491 -0.021728682288152699 -0.022241351411129099 0.10525850206223876 0.016313216206701404 0.8690500000000001 0.018357624489959052 0.034242062637732711 -0.054546037093781093 0.049618456381192604 0.023409406843573951 0.023259931991624651 -0.057816508389308491 -0.0119033677160804 -0.55684999999999996 -0.023115173182656396 -0.072987311470798996 -0.071304999184034226
decision_type=2 2 2 2 2 2 2 2 2 2 2 2 2 2 2 2 2 2 2 2 2 2
left_child=7 2 -2 6 14 9 -4 8 20 10 15 -8 -6 19 -3 -5 -14 -18 -16 -7 -1 -22
right_child=1 4 3 5 12 13 11 -9 -10 -11 -12 -13 16 -15 18 -17 17 -19 -20 -21 21 -23
leaf_value=0.0078324977797162992 0.015719233170190156 -0.0091307566226126943 -0.0040920055989914677 -0.017787248832310854 -0.01655814216915721 0.015402487148132766 0.012998193557818952 0.032330380121192735 -0.0016684754902590939 0.010915334507622953 0.00082774908265647034 -0.0045506492199309237 -0.020534741937610793 -0.020386174668691793 -0.044383456837739005 -0.042825973377306752 0.013095090004287206 -0.00036221317694039621 -0.015011319974263868 0.00025434336844455262 0.017649647628986433 -0.02662310324615564
leaf_weight=675 12415 10009 6217 3523 2513 3768 19729 425 3362 1111 1826 3191 1167 1419 1286 1641 6047 10723 1878 10902 344 6640
leaf_count=675 12415 10009 6217 3523 2513 3768 19729 425 3362 1111 1826 3191 1167 1419 1286 1641 6047 10723 1878 10902 344 6640
internal_value=-5.00673e-07 0.00158182 0.00493149 0.00241966 -0.00496719 -0.00361294 0.00742858 -0.0137382 -0.0155167 -0.0147256 -0.0188036 0.0105542 0.000473026 0.0019815 -0.0134138 -0.0257483 0.00286017 0.00448937 -0.0269565 0.00414642 -0.0215932 -0.0244397
internal_weight=110811 99365 65742 53327 33623 24190 29137 11446 11021 8101 6990 22920 20450 16089 13173 5164 17937 16770 3164 14670 7659 6984
internal_count=110811 99365 65742 53327 33623 24190 29137 11446 11021 8101 6990 22920 20450 16089 13173 5164 17937 16770 3164 14670 7659 6984
is_linear=0
shrinkage=0.0351744


Tree=79
num_leaves=23
num_cat=0
split_feature=11 42 1 2 30 33 100 3 21 30 6 28 13 21 18 21 7 4 39 18 62 20
split_gain=1912.28 1680.73 1918.13 1361.29 1222.68 1150.26 1087.95 888.142 892.334 874.718 821.151 749.248 711.919 651.342 623.224 593.841 593.2 590.818 572.682 571.43 567.552 544.214
threshold=0.034479150597148955 0.013792871880041952 0.023233723475790755 -0.021507250821265294 0.024171443642042753 -0.057584775010464488 -0.69999999999999984 0.017121266251011406 0.081641661952488773 -0.031224248673670445 0.082748586401843974 0.013634829038544802 -0.027634569102666148 -0.067745310251869084 -0.014022107169261798 0.05420432895338171 0.10233997228199336 -0.0043586201546290488 0.00078149226533000011 -0.050755442719659094 0.0077264098060446009 -0.051338700243623546
decision_type=2 2 2 2 2 2 2 2 2 2 2 2 2 2 2 2 2 2 2 2 2 2
left_child=1 2 3 -1 10 -5 9 8 -7 -3 19 13 14 -8 -2 -6 18 -14 -15 -4 -11 -9
right_child=12 6 4 5 15 7 11 21 -10 20 -12 -13 17 16 -16 -17 -18 -19 -20 -21 -22 -23
leaf_value=0.013717813600053419 0.012157381776657572 0.0041477272567768978 0.023751732744886709 -0.02738032537055226 -0.030944862458171477 -0.0065602498370465794 -0.044131906390575112 0.031997912927943829 0.022655633302814532 -0.016536689287973409 0.022138820276900579 0.0038188400502856203 0.0054560880533084709 0.0017944630981131583 -0.0087063332687474949 0.0033590905385793811 -0.041161210733288905 0.017412502690842994 -0.013777723274972821 -0.011535596830944154 -0.036258380516102348 0.0068890594499088761
leaf_weight=13781 2765 1590 632 1758 3881 13000 659 1203 1436 4440 1373 7636 10391 5527 4928 743 642 10078 6195 5555 3049 9549
leaf_count=13781 2765 1590 632 1758 3881 13000 659 1203 1436 4440 1373 7636 10391 5527 4928 743 642 10078 6195 5555 3049 9549
internal_value=-4.98681e-07 -0.00269792 0.00106226 0.00472563 -0.0111817 0.000126077 -0.00938869 0.00204672 -0.00365267 -0.0195379 -0.00246472 -0.0049275 0.00791518 -0.0100572 -0.00120529 -0.0254293 -0.00823907 0.0113438 -0.00643399 -0.00792779 -0.0245688 0.00970038
internal_weight=110811 82649 52911 40727 12184 26946 29738 25188 14436 9079 7560 20659 28162 13023 7693 4624 12364 20469 11722 6187 7489 10752
internal_count=110811 82649 52911 40727 12184 26946 29738 25188 14436 9079 7560 20659 28162 13023 7693 4624 12364 20469 11722 6187 7489 10752
is_linear=0
shrinkage=0.0351744


Tree=80
num_leaves=23
num_cat=0
split_feature=15 21 28 100 11 20 38 28 7 9 11 91 80 1 12 14 11 2 24 70 31 38
split_gain=1889.95 1799.5 1547.68 1140.67 1110.79 866.89 841.509 746.31 728.479 686.466 658.328 614.362 595.371 585.819 581.721 542.182 525.439 516.99 503.74 501.564 483.476 483.086
threshold=0.033166434836737306 -0.0029462045024882997 0.025511977084653303 -0.93924999999999992 0.016253589878105903 -0.013700849782724749 -0.0010381782999399497 -0.021153922894160949 0.057402110332118554 0.030566487320726303 -0.068029734234783937 0.052927809122010457 0.00024638303422570005 0.0058767452720590507 0.03148307074197406 -0.0078325982039445484 0.043426398862173456 0.0016242956919783503 0.10994557259447872 0.059793571635345912 0.068470295193445121 -0.048028776725024237
decision_type=2 2 2 2 2 2 2 2 2 2 2 2 2 2 2 2 2 2 2 2 2 2
left_child=1 2 4 -3 6 9 13 20 11 -5 -2 -6 -8 14 -1 -15 -9 -10 -12 -14 -7 -4
right_child=10 3 21 5 8 7 12 16 17 -11 18 -13 19 15 -16 -17 -18 -19 -20 -21 -22 -23
leaf_value=0.00093548801035690506 -0.0054808229163542024 -0.017382346374075163 0.021348065735096268 0.014440111599614516 0.0017928764481717761 -0.011648395474530532 -0.015616936956404722 0.0011456079058513868 -0.0080143156313148625 -0.0033014697638700935 0.011244093884211456 -0.034472531493119962 -0.036804354950540803 -0.0039394528935826033 -0.025184430211483779 -0.042868478362900329 0.017411408121752524 -0.042974965360465855 -0.024904756972366833 0.012000523112174801 0.02736386169743012 0.00039018739043984686
leaf_weight=4911 3728 3364 1605 12061 9800 7007 4058 15131 1235 3474 22183 614 4481 741 1343 1103 2934 910 487 276 416 8949
leaf_count=4911 3728 3364 1605 12061 9800 7007 4058 15131 1235 3474 22183 614 4481 741 1343 1103 2934 910 487 276 416 8949
internal_value=-4.63561e-07 -0.00256948 -0.00797779 0.0023071 -0.0121169 0.00392216 -0.0180016 -6.9137e-05 -0.00419066 0.0104716 0.00821384 -0.000344213 -0.0255229 -0.00981208 -0.00467143 -0.0272358 0.00378845 -0.022856 0.0104666 -0.0339689 -0.00945927 0.00357922
internal_weight=110811 84413 40026 44387 29472 41023 16913 25488 12559 15535 26398 10414 8815 8098 6254 1844 18065 2145 22670 4757 7423 10554
internal_count=110811 84413 40026 44387 29472 41023 16913 25488 12559 15535 26398 10414 8815 8098 6254 1844 18065 2145 22670 4757 7423 10554
is_linear=0
shrinkage=0.0351744


Tree=81
num_leaves=23
num_cat=0
split_feature=68 100 55 24 46 1 27 23 11 63 62 63 90 62 33 29 40 21 13 22 13 21
split_gain=1882.7 1340.59 1106.5 1072.68 897.116 879.237 862.544 834.465 755.767 649.651 645.134 644.338 597.205 571.27 567.232 532.753 492.427 490.554 658.518 487.464 480.37 476.257
threshold=-0.0033016131934553495 -0.78429999999999989 0.010551932312396503 0.042200811811707102 -0.014815663669910899 -0.019854513424471146 -0.0049880629349589494 0.026786772269147555 -0.069640024415746085 -0.0015948205244039498 0.030062416925137402 0.0051024057733178507 0.0080688868296852519 0.024532029258435856 -0.013841370356683048 0.025292586330930952 0.0073042638480290507 0.0067753308193450506 0.011051671579375652 0.020313761298822352 -0.028223416001286795 -0.035447503911086288
decision_type=2 2 2 2 2 2 2 2 2 2 2 2 2 2 2 2 2 2 2 2 2 2
left_child=1 6 5 4 11 7 9 12 19 -1 15 -3 -2 -6 -11 -7 -10 18 -8 -4 -15 -14
right_child=2 3 8 -5 13 10 17 -9 16 14 -12 -13 21 20 -16 -17 -18 -19 -20 -21 -22 -23
leaf_value=-0.011975193493212268 0.0057903649367992104 0.00065201169600804328 0.0046450267701866697 -0.01442055559627777 0.0083783187727347243 0.0016978654856265856 -0.030008954939102099 0.01577094138411602 0.0083427249248445787 -0.052561252345602667 -0.021800779688882246 -0.017008738631903886 -0.025083373785979926 -0.024503733286661496 -0.023301900046435998 -0.014592021465176793 0.019974613615858405 0.0084634754129526424 0.0021799314520980217 -0.026904738791732892 0.0011075350739743815 -0.0024442443080794928
leaf_weight=2889 11850 5484 1601 6926 15738 9243 1550 6324 11169 1335 2639 4784 1457 1229 2134 3396 7554 2039 1594 974 3443 5459
leaf_count=2889 11850 5484 1601 6926 15738 9243 1550 6324 11169 1335 2639 4784 1457 1229 2134 3396 7554 2039 1594 974 3443 5459
internal_value=-4.66381e-07 -0.00513643 0.00409239 -0.00191749 0.000904774 0.000669546 -0.015623 0.00472074 0.0105792 -0.0243057 -0.00598233 -0.00757489 0.000995909 0.00517162 -0.0345687 -0.00267792 0.0130368 -0.00496839 -0.0136847 -0.00728325 -0.00562674 -0.00721654
internal_weight=110811 49145 61666 37604 30678 40368 11541 25090 21298 6358 15278 10268 18766 20410 3469 12639 18723 5183 3144 2575 4672 6916
internal_count=110811 49145 61666 37604 30678 40368 11541 25090 21298 6358 15278 10268 18766 20410 3469 12639 18723 5183 3144 2575 4672 6916
is_linear=0
shrinkage=0.0351744


Tree=82
num_leaves=23
num_cat=0
split_feature=34 42 11 31 33 28 2 9 23 55 48 68 14 66 1 2 100 4 6 11 7 55
split_gain=1815.83 1555.38 1144.09 1121.26 1048.09 866.363 793.57 779.885 753.043 731.79 814.86 689.46 590.386 547.049 517.512 508.137 506.607 491.74 443.916 441.324 456.038 420.866
threshold=0.032074967866004306 0.004784868589863601 0.021748872114392002 0.037288142335683706 -0.060073361071693095 -0.0055115477126928989 -0.076298159710646685 -0.034522170389873992 0.033400921644199805 0.010551932312396503 -0.0032559181822890996 0.010414045167073251 -0.011413441497185099 0.026315751947931353 -0.020544636777111245 -0.016427926504392197 -0.77804999999999991 0.0099918569496138514 -0.005025900555303899 -0.14225944842784791 0.089060067168469773 0.068935246368217754
decision_type=2 2 2 2 2 2 2 2 2 2 2 2 2 2 2 2 2 2 2 2 2 2
left_child=1 3 5 4 13 8 -2 18 11 10 -6 12 -3 -1 15 -12 -7 -4 -8 -9 -21 -18
right_child=6 2 17 -5 9 16 7 19 -10 -11 14 -13 -14 -15 -16 -17 21 -19 -20 20 -22 -23
leaf_value=-0.024427081738143154 0.0060941267144858603 -0.011161378296222919 0 0.017964243339082028 0.0091113413690704862 -0.012935574048031176 -0.013307287201225431 -0.061439582783694137 0.0054710225820667289 0.012643963071383759 0.01390519629091062 -0.0059744073554315715 -0.033231994608863898 0.01309015062963205 -0.013083500490427251 -0.0048825851908611247 0.00070835330615065008 0.013153380686376146 0.0065809424766387634 -0.013549639140668984 -0.033608115343114038 0.032527322456593649
leaf_weight=2261 3479 2413 8884 8715 10845 3585 2360 275 2061 12169 2703 3804 3974 610 4827 5220 11191 5821 3372 10072 1631 539
leaf_count=2261 3479 2413 8884 8715 10845 3585 2360 275 2061 12169 2703 3804 3974 610 4827 5220 11191 5821 3372 10072 1631 539
internal_value=-4.59773e-07 0.00218877 -0.00271518 0.00656715 0.00399579 -0.00694181 -0.00926087 -0.0122782 -0.0139136 0.00563761 0.00202335 -0.0178355 -0.0248968 -0.0164497 -0.00400435 0.00152509 -0.00136323 0.00520719 -0.00160476 -0.0173844 -0.016347 0.0021723
internal_weight=110811 89622 42272 47350 38635 27567 21189 17710 12252 35764 23595 10191 6387 2871 12750 7923 15315 14705 5732 11978 11703 11730
internal_count=110811 89622 42272 47350 38635 27567 21189 17710 12252 35764 23595 10191 6387 2871 12750 7923 15315 14705 5732 11978 11703 11730
is_linear=0
shrinkage=0.0351744


Tree=83
num_leaves=23
num_cat=0
split_feature=38 33 21 27 68 15 4 60 15 62 100 13 7 9 9 100 3 28 13 21 49 55
split_gain=1772.6 1552.77 1569.64 954.887 1078.39 855.165 853.966 859.623 836.749 823.191 800.357 612.637 575.419 560.575 559.76 532.747 529.265 443.342 425.995 417.299 416.092 409.069
threshold=-0.011865034972903348 0.00035963432068305005 -0.040224923145051945 -0.0068843883927273489 0.011037075727404451 -0.073312548877460929 0.056582114999538156 0.0098451492553474507 -0.064498075460903234 0.0080640872711698515 -0.55684999999999996 0.013258992544083451 0.089060067168469773 -0.015872799073694297 -0.013826940947988298 -0.44024999999999997 -0.011379828557408397 -0.022646432486360998 0.058911197438186305 0.059325650782122909 -0.050014508369526596 -0.0037310848733034994
decision_type=2 2 2 2 2 2 2 2 2 2 2 2 2 2 2 2 2 2 2 2 2 2
left_child=6 2 15 4 10 -3 7 -1 -9 13 17 16 18 -7 -10 -2 -11 -4 19 -5 -15 -16
right_child=1 5 3 12 -6 9 -8 8 14 11 -12 -13 -14 20 21 -17 -18 -19 -20 -21 -22 -23
leaf_value=0.0076911041742964764 -0.038055370476314701 -0.01918168885169004 -0.050854788508685356 -0.0019569745334389235 0.00079939158625811756 0.01564173881781563 0.01773888014378066 -0.030531929912675677 0.0072565142109989383 -0.022312036474111081 -0.010163021596824504 0.0060966581115118185 -0.022037780135959317 -0.020999497361101439 -0.016759268031037462 -0.016188914238606935 -0.0022721202611382094 -0.024373199364054673 0.018942624991430655 0.018511550347683006 0.0051702585412506698 0.00099970104073013625
leaf_weight=23126 2408 2157 1101 13397 4778 7726 6149 1280 5819 2729 4547 4787 1356 818 3183 3235 4056 2721 1617 1357 9231 3233
leaf_count=23126 2408 2157 1101 13397 4778 7726 6149 1280 5819 2729 4547 4787 1356 818 3183 3235 4056 2721 1617 1357 9231 3233
internal_value=-4.41901e-07 -0.00352909 -0.00846538 -0.0053469 -0.0125299 0.00219216 0.00560847 0.00357225 -0.00347445 0.0037638 -0.0201417 -0.00353638 -1.87049e-05 0.00851734 -0.000642019 -0.0255236 -0.0103352 -0.0320079 0.00180431 -7.30689e-05 0.00303805 -0.0078082
internal_weight=110811 68021 36517 30874 13147 31504 42790 36641 13515 29347 8369 11572 17727 17775 12235 5643 6785 3822 16371 14754 10049 6416
internal_count=110811 68021 36517 30874 13147 31504 42790 36641 13515 29347 8369 11572 17727 17775 12235 5643 6785 3822 16371 14754 10049 6416
is_linear=0
shrinkage=0.0351744


Tree=84
num_leaves=23
num_cat=0
split_feature=62 38 15 7 74 1 21 33 12 13 1 70 13 11 15 95 2 29 23 18 63 28
split_gain=1741.41 1512.91 1299.27 1346.3 974.389 937.671 910.413 833.478 782.874 746.428 685.286 628.952 626.091 563.657 561.665 557.87 557.827 538.886 530.434 523.235 493.031 475.633
threshold=0.031144879896291406 -0.035575179466228346 0.0087459754560187519 0.00049154994822640005 0.03400557112183656 0.036597395995265555 0.03370376118609316 0.017754612753770101 0.047617476621577157 -0.024242838591819197 0.016521050577421304 -0.046084258072296193 -0.0076786144756713992 -0.027258055345550498 0.040123463886980355 0.026706012944563554 -0.041613341181813847 -0.0065046919197388987 0.022884322632752602 -0.0050129536328877488 0.044723966599425409 0.014102101358978001
decision_type=2 2 2 2 2 2 2 2 2 2 2 2 2 2 2 2 2 2 2 2 2 2
left_child=1 -1 3 5 9 8 7 11 18 -2 -11 -5 19 -13 -6 -14 -10 -7 21 -4 -12 -3
right_child=4 2 12 6 14 17 -8 -9 16 10 20 13 15 -15 -16 -17 -18 -19 -20 -21 -22 -23
leaf_value=0.011661018864543708 -0.017169425414440338 -0.00046292652120455988 0.006707675612377768 -0.044295931785182728 -0.034506657901591409 -0.00063552888556935602 0.0036515762409687316 -0.0014986694890512648 0.0081414950373304377 0.0040727556393697472 -0.0095763022322575189 -0.031920633954632398 0.012970299689063909 -0.012285314971168601 0.00049002830903409616 -0.003759104507011357 -0.025713874035265066 -0.024798105275828691 0.018375467569060496 -0.0073546941483068513 -0.050628869911728533 0.014588243399142099
leaf_weight=16688 5109 8513 6645 1156 2569 2304 4275 4299 964 8711 2940 2365 13971 7718 727 2993 1601 2267 4394 6452 413 3737
leaf_count=16688 5109 8513 6645 1156 2569 2304 4275 4299 964 8711 2940 2365 13971 7718 727 2993 1601 2267 4394 6452 413 3737
internal_value=-4.46133e-07 0.00209829 -6.81557e-05 -0.00394783 -0.0092642 0.0016939 -0.01072 -0.0146751 0.00510174 -0.00590069 -0.00112693 -0.0197136 0.0055574 -0.0168929 -0.0267827 0.0100177 -0.0129839 -0.0126231 0.00789 -0.000218632 -0.0146401 0.00412738
internal_weight=110811 90342 73654 43593 20469 23780 19813 15538 19209 17173 12064 11239 30061 10083 3296 16964 2565 4571 16644 13097 3353 12250
internal_count=110811 90342 73654 43593 20469 23780 19813 15538 19209 17173 12064 11239 30061 10083 3296 16964 2565 4571 16644 13097 3353 12250
is_linear=0
shrinkage=0.0351744


Tree=85
num_leaves=23
num_cat=0
split_feature=34 24 26 42 94 11 20 31 70 9 62 62 1 23 55 33 11 13 15 48 15 28
split_gain=1685.58 1543.76 1401.5 1038.29 932.62 786.166 756.565 681.004 667.545 629.784 625.614 553.508 519.834 510.689 499.349 494.711 480.552 466.704 453.302 448.815 440.915 430.926
threshold=0.051907964861713458 -0.011851749162440698 0.012953348701121253 0.027573847704226755 -0.0095416549536512484 -0.093672532763851041 -0.039994249425300894 0.020431922789050403 -0.026874977669236747 -0.063437157008745235 0.0098052264164147519 0.024532029258435856 0.042364295874524206 0.020599164012080205 0.0063781515650999003 -0.071836075458651991 -0.0044783415250820987 -0.038006863382511191 0.040772024051045859 -0.012816228130314149 -0.024013788872722146 0.019828326375400603
decision_type=2 2 2 2 2 2 2 2 2 2 2 2 2 2 2 2 2 2 2 2 2 2
left_child=1 6 3 4 14 -4 -1 11 15 -5 19 -8 16 -9 -3 -7 -12 -11 -14 -6 -2 -10
right_child=20 2 5 9 10 8 7 13 21 17 12 -13 18 -15 -16 -17 -18 -19 -20 -21 -22 -23
leaf_value=0.01675817984703612 -0.023442785598938077 -0.017118880487020725 -0.02151619151585597 0.00807690565536851 0.016222534095448025 -0.036548802846562353 0.0043517348937808422 0.005439215682117869 0.0054274890041694657 -0.036932371955760449 -0.012992141328192645 -0.0089873590998556258 -0.03895471406642538 0.023393648592098897 -0.001528198279489688 -0.0012052353620377882 0.0072350823136874982 -0.015841346837812336 0.0019878043854795195 0.0017439124834496365 -0.0082043667721142747 0.016909324865550787
leaf_weight=7880 3604 6805 1345 1086 3973 547 16268 4515 11802 1676 2618 5041 983 3468 4061 4701 3265 5788 506 7957 6764 6158
leaf_count=7880 3604 6805 1345 1086 3973 547 16268 4515 11802 1676 2618 5041 983 3468 4061 4701 3265 5788 506 7957 6764 6158
internal_value=-4.61137e-07 0.00139319 -0.00194903 -0.00611807 -0.00305089 0.00462451 0.00708246 0.0044789 0.00614033 -0.0169382 0.0015886 0.00119532 -0.00646593 0.0132414 -0.0112937 -0.0048933 -0.00176354 -0.0205802 -0.0250316 0.00656722 -0.0135033 0.00936535
internal_weight=110811 100443 63271 38718 30168 24553 37172 29292 23208 8550 19302 21309 7372 7983 10866 5248 5883 7464 1489 11930 10368 17960
internal_count=110811 100443 63271 38718 30168 24553 37172 29292 23208 8550 19302 21309 7372 7983 10866 5248 5883 7464 1489 11930 10368 17960
is_linear=0
shrinkage=0.0351744


Tree=86
num_leaves=23
num_cat=0
split_feature=68 60 34 20 9 19 38 62 5 28 100 7 7 55 33 11 21 26 4 21 70 42
split_gain=1700.96 1255.06 1035.01 979.071 834.986 714.128 630.162 620.334 619.339 584.486 594.428 545.189 523.743 468.533 465.549 438.307 418.266 415.566 406.696 404.486 403.948 394.686
threshold=-0.00059623688637949984 0.029762319508049705 0.0020128292081330003 0.019625006048229605 0.0032962987332410005 -0.026222779332621998 -0.046299701775604545 0.011219957004007151 0.0019391505165172504 0.05055352400025661 -0.78429999999999989 0.0028962160750008507 0.020706746912483105 0.0080112705918583011 0.017754612753770101 0.016253589878105903 -0.066164460506163439 0.033261717772477856 -0.083989982432087232 -0.047458169566988895 -0.026874977669236747 0.019577439273176105
decision_type=2 2 2 2 2 2 2 2 2 2 2 2 2 2 2 2 2 2 2 2 2 2
left_child=1 2 7 4 13 18 -5 20 -6 10 -4 15 -10 -2 -13 19 -12 -9 -3 -8 -1 -18
right_child=3 5 9 6 8 -7 11 17 12 -11 16 14 -14 -15 -16 -17 21 -19 -20 -21 -22 -23
leaf_value=-0.0034946690789840057 0.0080929021847828807 0.021824496268581968 -0.020627611592243127 0.013353779662608185 0.0070230958117002071 -0.022287300813921936 -0.028845397171228231 -0.0090758049199033963 0.001164332321921034 0.0073265762387725352 -0.030442948692078756 -0.017710355508426309 -0.019064564940901169 0.018842545362095394 0.0020196029278604045 0.010380333984476981 -0.00024823967218932545 0.0096162594565571448 -0.0087494595559752756 -0.0015715170598459367 0.010669747032917516 -0.013892970388936856
leaf_weight=3188 13989 695 4774 2741 9940 6755 778 6135 3985 2782 820 5188 2626 7830 2068 3604 8440 1935 2384 4980 11367 3807
leaf_count=3188 13989 695 4774 2741 9940 6755 778 6135 3985 2782 820 5188 2626 7830 2068 3604 8440 1935 2384 4980 11367 3807
internal_value=-4.50958e-07 -0.0045453 -0.00196574 0.00417826 0.00743209 -0.0158878 -0.00227005 0.00322888 0.00147326 -0.00766543 -0.0100042 -0.00484818 -0.00686868 0.0119514 -0.012085 0.000759046 -0.00612141 -0.00459171 -0.00184203 -0.00526027 0.00756615 -0.00449121
internal_weight=110811 53082 43248 57729 38370 9834 19359 22625 16551 20623 17841 16618 6611 21819 7256 9362 13067 8070 3079 5758 14555 12247
internal_count=110811 53082 43248 57729 38370 9834 19359 22625 16551 20623 17841 16618 6611 21819 7256 9362 13067 8070 3079 5758 14555 12247
is_linear=0
shrinkage=0.0351744


Tree=87
num_leaves=23
num_cat=0
split_feature=15 21 28 13 11 100 33 60 2 20 3 48 34 24 24 38 12 15 21 11 30 9
split_gain=1629.2 1528.41 1363.77 1019.65 1110.4 960.062 798.217 789.5 769.111 762.136 613.429 583.686 575.343 570.092 569.398 529.175 528.565 493.988 483.713 478.363 455.226 444.603
threshold=0.033166434836737306 -0.0029462045024882997 0.025511977084653303 -0.022104208884618948 -0.031821152397015197 -0.93924999999999992 -0.020862061547103048 0.045319370937734957 0.026925142917087003 -0.0050134717836638988 -0.010658901481515349 -0.0067364328494164986 -0.018887168407404047 0.082957297380862258 -0.043159587714564143 -0.006241264414413499 0.0032692407341498005 -0.037504484479936144 0.094691000577307102 -0.068029734234783937 0.012381070397990052 0.029729573826439055
decision_type=2 2 2 2 2 2 2 2 2 2 2 2 2 2 2 2 2 2 2 2 2 2
left_child=1 2 3 10 -5 20 8 9 -6 21 15 -8 -11 19 -9 -1 -12 -10 -14 -2 -3 -7
right_child=13 5 -4 4 6 7 11 14 17 12 16 -13 18 -15 -16 -17 -18 -19 -20 -21 -22 -23
leaf_value=-0.016441432575997044 -0.0031355407618677868 -0.0012018944302729572 0.0034785768389628976 -0.022736293078839523 -0.0033139063996139957 0.013908259957779171 0.012005910217677286 0.014541417303760417 -0.058066712505469111 0.0092823676411953639 -0.0021317546900926376 -0.0043722692946514445 -0.0050105658002641568 -0.014335131500345329 -0.017020225012592018 -0.043581631671090915 -0.025507600223945128 -0.020024274966424154 0.025815139014897317 0.010817842976775937 -0.027312651947649418 0.0002030626592846544
leaf_weight=1517 3539 1464 10554 4432 3377 12945 4667 888 577 6434 2514 6360 12843 1385 3463 2156 2287 1585 662 21474 1900 3788
leaf_count=1517 3539 1464 10554 4432 3377 12945 4667 888 577 6434 2514 6360 12843 1385 3463 2156 2287 1585 662 21474 1900 3788
internal_value=-4.38543e-07 -0.00238568 -0.00736999 -0.0112555 -0.00709791 0.00210857 -0.00291289 0.00359029 -0.0138073 0.0052714 -0.0215553 0.0025581 0.000625233 0.00762618 -0.0105747 -0.0323781 -0.013271 -0.0301885 -0.003498 0.00884296 -0.0159549 0.0108067
internal_weight=110811 84413 40026 29472 20998 44387 16566 41023 5539 36672 8474 11027 19939 26398 4351 3673 4801 2162 13505 25013 3364 16733
internal_count=110811 84413 40026 29472 20998 44387 16566 41023 5539 36672 8474 11027 19939 26398 4351 3673 4801 2162 13505 25013 3364 16733
is_linear=0
shrinkage=0.0351744


Tree=88
num_leaves=23
num_cat=0
split_feature=62 11 13 33 38 68 21 2 48 26 14 26 60 13 21 33 1 31 26 74 33 11
split_gain=1599.46 1469.81 1399.06 1441.59 1160.32 918.603 782.327 779.668 742.311 705.572 678.104 540.013 521.849 500.13 487.375 456.541 454.232 424.711 469.576 413.135 412.389 379.279
threshold=0.044769411051733508 -0.071257799742404079 0.049417566445361653 -0.062774183508371592 -0.011865034972903348 0.0097691773441483023 -0.034327305991221545 0.022214310642842901 -0.0029480911768932495 -0.0049098326052719491 -0.028565640028726445 0.021650714652912902 0.029762319508049705 -0.021580270777427798 0.038032903402884712 0.0050038590901558006 -0.12267930713417503 0.025369215967732204 -0.084258014803970188 0.056832728116011158 0.032045198404165955 -0.13294320776811239
decision_type=2 2 2 2 2 2 2 2 2 2 2 2 2 2 2 2 2 2 2 2 2 2
left_child=1 10 3 7 11 6 15 -3 -8 -2 -1 12 -5 -11 16 -6 -12 18 -4 -19 -18 -22
right_child=9 2 17 4 5 -7 8 -9 -10 13 14 -13 -14 -15 -16 -17 20 19 -20 -21 21 -23
leaf_value=0.0045655409082222664 -0.022775527546351215 -0.0062164928171085116 -0.040016426522733566 0.0076833576377248998 -0.027477660543544384 0.0053955375115428399 0.0044509942868206824 -0.034632381166642995 -0.0081716101380849959 -0.018963849984964587 0.0092757253702278088 0.015951121201308621 -0.0071846574329902128 0.00120858655551383 0.00098548159981208571 -0.0056645899245426111 -0.030652510090973719 0.026215043402202421 0.010766773951304227 -0.025665382426700335 -0.042640675622971767 0.0036255309905010341
leaf_weight=2366 4729 3127 231 15875 2711 16650 10690 1935 12507 2227 525 7708 3578 4789 1452 2116 3892 3610 8672 200 286 935
leaf_count=2366 4729 3127 231 15875 2711 16650 10690 1935 12507 2227 525 7708 3578 4789 1452 2116 3892 3610 8672 200 286 935
internal_value=-4.63847e-07 0.00145447 0.0028464 0.00105911 0.00233778 -0.00114762 -0.00503573 -0.0170828 -0.00235396 -0.0122737 -0.0117343 0.0080711 0.00494778 -0.00519242 -0.017176 -0.0179195 -0.0218561 0.0136557 0.00944656 0.0234863 -0.0250562 -0.00720227
internal_weight=110811 99066 89610 76897 71835 44674 28024 5062 23197 11745 9456 27161 19453 7016 7090 4827 5638 12713 8903 3810 5113 1221
internal_count=110811 99066 89610 76897 71835 44674 28024 5062 23197 11745 9456 27161 19453 7016 7090 4827 5638 12713 8903 3810 5113 1221
is_linear=0
shrinkage=0.0351744


Tree=89
num_leaves=23
num_cat=0
split_feature=24 62 74 1 3 18 48 68 63 13 55 23 13 60 12 63 100 60 33 11 21 33
split_gain=1574.16 1328.32 1144.04 956.267 1084.43 935.416 931.514 867.109 808.588 800.46 689.833 660.947 605.192 591.181 547.112 540.177 494.546 547.726 488.238 495.093 458.24 446.749
threshold=0.029537174986280803 1.0000000180025095e-35 0.026721989511366204 0.023233723475790755 -0.018201141239484946 -0.041119261471481143 -0.010699549625849748 -0.012094782848037897 0.007662287567705651 -0.023678018492365744 0.011620672605007902 0.037141171668177354 -0.0080957104341565483 0.0081432935882833016 0.038890464653085453 -0.020068426878643995 0.63705000000000012 0.021011576822174156 0.023088422292553753 -0.028525268217581595 0.017356602069816051 0.032045198404165955
decision_type=2 2 2 2 2 2 2 2 2 2 2 2 2 2 2 2 2 2 2 2 2 2
left_child=1 6 3 4 9 -5 12 15 -7 -3 -8 18 14 -4 -1 -2 17 21 19 -6 -17 -9
right_child=7 2 13 5 11 8 10 16 -10 -11 -12 -13 -14 -15 -16 20 -18 -19 -20 -21 -22 -23
leaf_value=0.011407901506905202 -0.0016538508901925398 -0.021526748353563881 -0.0065949083600373446 0.012920012804941407 -0.0098979534537740332 -0.00556879317874945 -0.0012041707188516246 -0.0062191074029697658 -0.030969290276981087 0.0014129455544778539 0.01090571624824695 0.024815352419153835 0.019713777580423843 -0.026614029843666488 -0.012156132006115964 -0.026730914316519666 0.0061758462024392039 -0.019301398151519749 0.018431810718594968 0.0071734255108722835 -0.0079407286251650822 0.012570871006808216
leaf_weight=4975 2530 2782 4789 1776 2859 3810 17505 7486 2617 5813 8717 2842 8861 2952 1614 4871 5461 3112 3129 7931 2400 1979
leaf_count=4975 2530 2782 4789 1776 2859 3810 17505 7486 2617 5813 8717 2842 8861 2952 1614 4871 5461 3112 3129 7931 2400 1979
internal_value=-4.56908e-07 0.0024278 -0.00204243 0.0007688 0.00414647 -0.00966964 0.00685851 -0.00723825 -0.0159147 -0.00601043 0.00282094 0.0093559 0.01371 -0.0142317 0.00563312 -0.0156601 -0.00266117 -0.0064996 0.00619792 0.00264844 -0.0205313 -0.00228848
internal_weight=110811 82972 41300 33559 25356 8203 41672 27839 6427 8595 26222 16761 15450 7741 6589 9801 18038 12577 13919 10790 7271 9465
internal_count=110811 82972 41300 33559 25356 8203 41672 27839 6427 8595 26222 16761 15450 7741 6589 9801 18038 12577 13919 10790 7271 9465
is_linear=0
shrinkage=0.0351744


Tree=90
num_leaves=23
num_cat=0
split_feature=100 21 24 13 3 1 12 48 1 28 15 5 11 3 42 55 60 23 63 1 62 48
split_gain=1543.95 1404 1573.47 1261.26 1374.42 907.545 1051.53 810.684 743.198 693.146 592.676 591.13 575.467 546.787 512.661 458.414 456.61 455.339 447.634 689.114 439.033 424.648
threshold=-0.93604999999999994 0.05420432895338171 0.042200811811707102 0.0034515430663591006 -0.018201141239484946 -0.023313528556165596 0.036106362989118457 -0.010699549625849748 -0.095894413325025782 -0.026300337724589496 -0.049754782208191746 0.013520690132399852 0.062024827971586906 0.022092794498701402 -0.034801524320991047 0.042471369821572458 0.057569225082806659 0.038575792746996261 0.007662287567705651 -0.0069821464535533492 0.0063498144727744512 -0.00032459882430094998
decision_type=2 2 2 2 2 2 2 2 2 2 2 2 2 2 2 2 2 2 2 2 2 2
left_child=8 2 3 4 12 6 21 20 -1 13 -7 18 14 17 -2 -12 -16 -4 -9 -20 -5 -6
right_child=1 -3 9 7 5 10 -8 11 -10 -11 15 -13 -14 -15 16 -17 -18 -19 19 -21 -22 -23
leaf_value=0.0025377964838445366 0.0011893516157805699 0.013112830406959255 -0.038731152637294812 0.019081185190079775 0.017739719926672746 -0.023509636767982872 -0.010575884782288122 0.011621510649977886 -0.02237663697885918 -0.0054884195708289523 -0.0050559304027344917 -0.0057622230399013118 0.0048375341564472528 -0.0084172110674625242 -0.016223488619850398 0.01722786281189331 -0.047743213794484693 -0.00015278164294504388 0.0074642947624987931 -0.017539449265125306 0.0062067267805380397 0.0051921388788575516
leaf_weight=2044 2036 10800 2229 7537 6900 1897 3272 8744 5370 10497 8343 7215 2206 2169 8700 1323 609 457 4154 2030 5807 6472
leaf_count=2044 2036 10800 2229 7537 6900 1897 3272 8744 5370 10497 8343 7215 2206 2169 8700 1323 609 457 4154 2030 5807 6472
internal_value=-4.54056e-07 0.0011112 -0.000288444 0.00175549 -0.00238763 0.00203494 0.00729417 0.00663122 -0.0155057 -0.0105737 -0.00553385 0.00250318 -0.0115946 -0.0215646 -0.0147912 -0.00200395 -0.0182881 -0.032174 0.00649915 -0.000741157 0.0134799 0.0116681
internal_weight=110811 103397 92597 77245 41758 28207 16644 35487 7414 15352 11563 22143 13551 4855 11345 9666 9309 2686 14928 6184 13344 13372
internal_count=110811 103397 92597 77245 41758 28207 16644 35487 7414 15352 11563 22143 13551 4855 11345 9666 9309 2686 14928 6184 13344 13372
is_linear=0
shrinkage=0.0351744


Tree=91
num_leaves=23
num_cat=0
split_feature=11 38 21 15 11 20 9 55 60 28 33 68 68 94 7 94 91 39 24 91 61 7
split_gain=1508.91 1365.39 1076.99 909.058 801.763 778.733 738.918 721.751 749.541 660.218 641.767 641.157 558.458 629.665 516.394 516.307 510.524 498.441 489.233 424.269 416.554 413.043
threshold=0.034479150597148955 -0.0010381782999399497 -0.030776207317564096 0.0074070635974369014 -0.11004754385454064 -0.012769260415367698 0.041504534938077355 0.010551932312396503 0.010207903351532252 -0.063267020099644786 0.025614083537941906 0.0047452320961526512 -0.053856838240658844 -0.026080046279361144 -0.013196052642705647 -0.022708334480280149 0.03710395961764696 -0.045896874926772795 0.078565514943708517 0.049902648300496857 -0.093301814642687234 0.093828750910579212
decision_type=2 2 2 2 2 2 2 2 2 2 2 2 2 2 2 2 2 2 2 2 2 2
left_child=1 4 10 5 -1 6 -4 8 -6 -7 15 -9 -2 -14 -11 20 21 -16 -5 -15 -3 -10
right_child=12 2 3 18 7 9 -8 11 16 14 -12 -13 13 19 17 -17 -18 -19 -20 -21 -22 -23
leaf_value=-0.019969912326795965 -0.011124988149866956 0.063996739044249323 0.005455880302054599 0.0044429204261901408 0.0042581658100626111 -0.040186715891668945 -0.024553830988205076 0.0028944332857909175 -0.003011553195550562 -0.0019627905166804452 -0.000579035604294807 0.018518977649062671 -0.0024891015596107211 0.012436645968643288 0.0059329534959307526 -0.017906160747532103 -0.030468087170568248 -0.021407602358409935 -0.027203443747030601 -0.0078514149491061003 -0.044284766643750424 -0.034368585216859662
leaf_weight=1940 1950 45 5898 12832 16975 1112 1226 7223 7775 4168 1957 5911 5265 19584 956 4828 1114 5976 634 1363 1522 557
leaf_count=1940 1950 45 5898 12832 16975 1112 1226 7223 7775 4168 1957 5911 5265 19584 956 4828 1114 5976 634 1363 1522 557
internal_value=-4.4306e-07 -0.00239656 -0.00693635 -0.0040644 0.00210554 -0.0089512 0.000288599 0.00318875 -0.00016064 -0.0143426 -0.0182135 0.00992772 0.00703098 0.00838236 -0.0117515 -0.0236072 -0.00810318 -0.0176346 0.00295141 0.0111157 -0.0411582 -0.00511042
internal_weight=110811 82649 41154 32802 41495 19336 7124 39555 26421 12212 8352 13134 28162 26212 11100 6395 9446 6932 13466 20947 1567 8332
internal_count=110811 82649 41154 32802 41495 19336 7124 39555 26421 12212 8352 13134 28162 26212 11100 6395 9446 6932 13466 20947 1567 8332
is_linear=0
shrinkage=0.0351744


Tree=92
num_leaves=23
num_cat=0
split_feature=9 60 13 24 91 42 20 28 22 31 28 62 48 2 3 100 100 1 18 58 59 26
split_gain=1482.88 1193.54 1020.58 939.617 831.174 772.377 734.198 775.752 717.721 629.766 624.498 620.733 574.294 558.77 556.735 557.069 543.374 486.777 441.268 437.809 516.96 435.176
threshold=-0.0069727208777144991 0.0044282579418270006 0.04276564113094581 0.038025008673170053 0.028876316380406355 0.028023793837183304 -0.020980856306515448 0.038842617842038761 0.0064368674485082511 -0.0061482685805753995 0.05810655260572601 0.031714432773878358 -0.012816228130314149 -0.019633136892167547 0.056108528009499954 0.25025000000000003 0.20145000000000005 -0.0011303825497638498 -0.035405989257840192 0.0072792798922936006 -0.0076165144078023991 0.0020635675598760003
decision_type=2 2 2 2 2 2 2 2 2 2 2 2 2 2 2 2 2 2 2 2 2 2
left_child=2 5 3 6 13 8 -1 11 -2 -4 16 12 -8 17 15 -15 -5 -3 -10 20 -19 -7
right_child=1 4 9 10 -6 21 7 -9 18 -11 -12 -13 -14 14 -16 -17 -18 19 -20 -21 -22 -23
leaf_value=0.011556730485709267 0.008259075940619625 0.0068415941065009204 0.0038452090405943335 -0.021428838916600888 -0.024428566547203968 -0.019361584214442232 0.01026003816374497 0.014863297015626682 0.012048606282556084 0.022319118572625085 0.012004406920637827 -0.014749370189120392 -0.0032293795050038457 -0.023046079116943133 0.00063886526109187931 -0.0029795605230670289 -0.0024857663145249295 0.0040682672084683888 -0.0073271310822067299 0.0052223465414321995 -0.03507602619862879 -0.0011956058181522948
leaf_weight=11896 14461 4953 3929 3966 4147 3300 5708 4191 1760 5458 1555 3718 12358 5658 3055 2457 3555 632 8356 1242 1225 3231
leaf_count=11896 14461 4953 3929 3966 4147 3300 5708 4191 1760 5458 1555 3718 12358 5658 3055 2457 3555 632 8356 1242 1225 3231
internal_value=-4.67967e-07 -0.00413839 0.00400076 0.00188331 -0.0101453 0.000373658 0.00431968 0.00100458 0.00323132 0.0145887 -0.0082809 -0.00166101 0.00103177 -0.0070628 -0.0121545 -0.0169727 -0.0124774 0 -0.00395432 -0.0109326 -0.0217458 -0.0103774
internal_weight=110811 54477 56334 46947 23369 31108 37871 25975 24577 9387 9076 21784 18066 19222 11170 8115 7521 8052 10116 3099 1857 6531
internal_count=110811 54477 56334 46947 23369 31108 37871 25975 24577 9387 9076 21784 18066 19222 11170 8115 7521 8052 10116 3099 1857 6531
is_linear=0
shrinkage=0.0351744


Tree=93
num_leaves=23
num_cat=0
split_feature=15 7 1 38 33 13 15 22 70 20 62 62 9 2 21 55 31 28 100 65 14 3
split_gain=1463.62 1358.8 1465.07 1202.29 1036.33 930.014 809.135 763.903 713.59 705.764 696.453 628.54 607.242 589.639 661.568 514.88 500.975 496.854 478.84 496.954 435.209 433.003
threshold=0.034444313149233262 -0.0048574820301523491 0.051332671033917511 -0.065820045291148085 -0.04682881096063659 -0.026530157796569896 -0.073312548877460929 0.0064368674485082511 -0.024712341098548796 -0.016494631345409246 0.0084334023191900021 -0.00095282275107164995 0.059598292638332252 -0.0151506610666173 -0.05534494268742244 -0.0040464129639204488 0.037288142335683706 0.0034629529078068506 0.86590000000000011 0.019166012498228954 0.056961683750828308 -0.14289358475273709
decision_type=2 2 2 2 2 2 2 2 2 2 2 2 2 2 2 2 2 2 2 2 2 2
left_child=1 2 7 -3 8 11 -7 13 18 12 20 -6 -8 -1 -15 -2 -9 -11 19 -5 21 -4
right_child=15 3 10 4 5 6 9 16 -10 17 -12 -13 -14 14 -16 -17 -18 -19 -20 -21 -22 -23
leaf_value=0.017210884521379075 0.002010365901075702 0.01755756307516796 0.049575190573306789 -0.054153709123063158 -0.0055550952311687017 -0.022423913888890961 0.011414315834390858 -0.0049504842693013935 -0.012973036443822318 -0.010023021363385442 -0.025259443095845855 -0.024302948755016946 -0.021523226994058342 -0.017742926642039313 0.0077319860812613671 0.012029250031400651 0.012611191903168078 0.0022004024094917367 0.021046310516085437 -0.010791980075060057 -0.022987129739803762 -0.0003849602256712375
leaf_weight=7825 11831 2428 230 1380 4181 2274 7092 9997 4054 9256 2901 4706 767 1408 12066 13701 2515 7403 152 430 1042 3172
leaf_count=7825 11831 2428 230 1380 4181 2274 7092 9997 4054 9256 2901 4706 767 1408 12066 13701 2515 7403 152 430 1042 3172
internal_value=-4.43202e-07 -0.00221252 0.00238445 -0.00650074 -0.00790218 -0.0056244 -0.00235293 0.00547798 -0.0214077 -0.000490568 -0.0118534 -0.0154849 0.00819727 0.00953035 0.0050685 0.0073874 -0.00141902 -0.00459016 -0.0388249 -0.0438634 -0.00309779 0.00299006
internal_weight=110811 85279 41156 44123 41695 35679 26792 33811 6016 24518 7345 8887 7859 21299 13474 25532 12512 16659 1962 1810 4444 3402
internal_count=110811 85279 41156 44123 41695 35679 26792 33811 6016 24518 7345 8887 7859 21299 13474 25532 12512 16659 1962 1810 4444 3402
is_linear=0
shrinkage=0.0351744


Tree=94
num_leaves=23
num_cat=0
split_feature=68 63 46 94 11 1 26 21 61 22 55 42 100 33 74 24 28 19 12 74 5 14
split_gain=1442.36 1039.93 1107.27 967.214 927.511 825.386 782.242 708.833 615.761 586.275 553.151 538.262 623.421 500.006 491.817 465.533 462.407 460.902 460.388 437.285 423.855 400.178
threshold=-0.0033016131934553495 0.0047384361333897016 0.0097215170104529517 -0.019417676340574345 -0.027258055345550498 0.0092242416220001521 -0.0010822605466523497 0.011571371925567802 0.00090438137800880004 0.035713772385661806 0.010551932312396503 -0.023115173182656396 0.026050000000000004 0.039020942748805208 0.032213375558753608 0.026698098364816705 0.011483278724515352 -0.030796346081406797 -0.011709083790774198 0.035305252676541353 -0.009062982474888499 -0.0091123544535446997
decision_type=2 2 2 2 2 2 2 2 2 2 2 2 2 2 2 2 2 2 2 2 2 2
left_child=1 6 5 7 9 11 15 13 -4 16 14 -3 19 -2 -6 17 -5 -1 -19 -13 -8 -7
right_child=3 2 8 4 10 21 20 -9 -10 -11 -12 12 -14 -15 -16 -17 -18 18 -20 -21 -22 -23
leaf_value=0.010653564380947032 -0.013484594278037911 0.0032401608734411646 0.0087127065254086703 -0.0039709543868277544 0.0080296519261035901 -0.015689996293023704 0.012128796713660734 0.0058742755115040205 -0.010573479575346467 -0.015399329987103094 0.015526542975332739 -0.018272433386515238 -0.0037901893634657408 0.0085310101756976026 -0.0072103175151991203 -0.017388418056592504 0.011498179585945444 0.0040991191443087733 -0.015924393555087391 -0.045584012704341814 0.00018373144213812076 -0.038199828009296138
leaf_weight=2481 8015 2582 4617 5956 19347 1617 6707 5503 3681 3046 11260 3357 3272 1517 3029 3466 3993 2461 3357 927 8137 2483
leaf_count=2481 8015 2582 4617 5956 19347 1617 6707 5503 3681 3046 11260 3357 3272 1517 3029 3466 3993 2461 3357 927 8137 2483
internal_value=-4.42343e-07 -0.00449585 -0.0100557 0.00358192 0.00608345 -0.0160079 0.000212387 -0.00417541 0.000155294 -0.00189658 0.00916695 -0.0106192 -0.0153574 -0.00997902 0.00596586 -0.00656119 0.00223595 -0.00203704 -0.00745176 -0.0241877 0.00558209 -0.0293272
internal_weight=110811 49145 22536 61666 46631 14238 26609 15035 8298 12995 33636 10138 7556 9532 22376 11765 9949 8299 5818 4284 14844 4100
internal_count=110811 49145 22536 61666 46631 14238 26609 15035 8298 12995 33636 10138 7556 9532 22376 11765 9949 8299 5818 4284 14844 4100
is_linear=0
shrinkage=0.0351744


Tree=95
num_leaves=23
num_cat=0
split_feature=34 42 3 2 14 11 1 33 38 33 100 4 1 100 12 28 100 43 22 9 4 21
split_gain=1425.15 1358.26 943.26 1016.03 1030.52 893.559 826.205 696.735 782.565 678.358 632.891 607.093 553.735 740.671 495.805 482.073 470.158 536.315 466.578 455.624 429.117 411.625
threshold=0.051907964861713458 0.013792871880041952 0.026801450003916354 -0.031943142818993644 -0.040315743492294588 0.021748872114392002 0.060896187002409612 0.03603499465970026 -0.0048337684753854996 -0.0522796574898255 0.36190000000000005 -0.034656136416694794 -0.048917904234424846 -0.88329999999999986 0.0022997591715193506 0.020739376983560903 -0.69999999999999984 0.0082906417130684026 0.0092558625715401018 0.052464080104266959 -0.0022663566652373498 -0.0068068241796669492
decision_type=2 2 2 2 2 2 2 2 2 2 2 2 2 2 2 2 2 2 2 2 2 2
left_child=1 2 3 6 -5 7 18 8 -3 -6 15 14 -13 -14 -4 -11 17 -10 -1 20 -7 -18
right_child=-2 5 11 4 9 19 -8 -9 16 10 -12 12 13 -15 -16 -17 21 -19 -20 -21 -22 -23
leaf_value=0.019391252934816097 -0.012416382832978046 -0.0031703220195633324 0.011197690169762575 0.009927790976106108 -0.024003972136384971 -0.00113986281766087 -0.016022694281300147 0.0041688594830156349 -0.016906683998594269 -0.013426590843003539 0.0037991214721405501 0.020415643279533519 -0.019917123377726175 0.011099248728577475 -0.0095223967023381258 0.0020819241906627887 -0.021283849989236211 -0.044409697652918412 0.0036671963424778956 -0.012103043007937714 0.012902287223111264 -0.0041598952311081155
leaf_weight=6258 10368 8670 2659 6521 2312 5108 1326 4621 2278 8607 7988 7576 1064 9060 3088 3481 3212 1430 3729 1978 5689 3788
leaf_count=6258 10368 8670 2659 6521 2312 5108 1326 4621 2278 8607 7988 7576 1064 9060 3088 3481 3212 1430 3729 1978 5689 3788
internal_value=-4.32885e-07 0.00128103 0.00438975 0.00112046 -0.00237629 -0.00410084 0.0100574 -0.00810141 -0.0110283 -0.00596091 -0.00388202 0.00999728 0.0132224 0.00783761 6.14476e-05 -0.00895924 -0.0173891 -0.0275193 0.0135219 0.00341331 0.00625757 -0.01202
internal_weight=110811 100443 63669 40222 28909 36774 11313 23999 19378 22388 20076 23447 17700 10124 5747 12088 10708 3708 9987 12775 10797 7000
internal_count=110811 100443 63669 40222 28909 36774 11313 23999 19378 22388 20076 23447 17700 10124 5747 12088 10708 3708 9987 12775 10797 7000
is_linear=0
shrinkage=0.0351744


Tree=96
num_leaves=23
num_cat=0
split_feature=62 9 13 33 42 20 11 22 48 26 11 33 7 6 91 38 15 2 5 13 19 21
split_gain=1381.13 1281.7 996.029 1018.24 930.836 750.09 969.422 735.437 674.109 611.161 591.996 542.867 514.995 504.8 474.047 582.291 464.518 459.283 453.343 425.554 410.26 380.622
threshold=0.044769411051733508 0.0032962987332410005 0.080261914879065061 -0.062774183508371592 0.019921405365456054 -0.052352556624121742 -0.044034834418470496 -0.0013417620148762999 -0.013507840439826299 -0.0049098326052719491 -0.077769624999195638 0.0080869024093621015 0.0034012453058115504 0.047193644022891161 0.039407485139274709 0.012804055312711901 0.048080993872540757 -0.10244492144549054 -0.033134968154375291 -0.021580270777427798 -0.0097161837483677981 -0.014485766389790699
decision_type=2 2 2 2 2 2 2 2 2 2 2 2 2 2 2 2 2 2 2 2 2 2
left_child=1 2 3 13 7 20 16 12 -8 -2 -9 -10 -3 -1 15 -6 -7 -14 -12 -11 -5 -16
right_child=9 4 -4 5 14 6 8 10 11 19 18 -13 17 -15 21 -17 -18 -19 -20 -21 -22 -23
leaf_value=-0.018704402487894289 -0.021179365347922644 0.011179544774558344 0.02401438077208647 0.025451610540604901 -0.0033906942124217999 -0.013499505297120398 0.012072985323864681 -0.0291224001242903 -0.0020443901464633749 -0.017517849456419765 0.0048387668068155401 0.008721551958454277 0.021278810646117148 0.023689897296336512 -0.055602688225174716 -0.021319623120777658 0.0084185485910506855 -0.005233845753365639 -0.0086879163287773929 0.0010896716005505788 0.0079783388463148634 -0.017079367222964912
leaf_weight=3295 4729 8326 3135 3033 6876 5497 12753 1233 15056 2227 4897 9419 931 388 504 3327 1528 6127 8191 4789 3688 862
leaf_count=3295 4729 8326 3135 3033 6876 5497 12753 1233 15056 2227 4897 9419 931 388 504 3327 1528 6127 8191 4789 3688 862
internal_value=-4.33413e-07 0.00135155 0.0047328 0.00362647 -0.00338249 0.00491722 0.00325386 -8.53667e-05 0.00551566 -0.0114053 -0.0058222 0.00209814 0.00525398 -0.0142328 -0.0118467 -0.00923885 -0.00872968 -0.00173387 -0.00362551 -0.00481458 0.0158664 -0.0313101
internal_weight=110811 99066 57792 54657 41274 50974 44253 29705 37228 11745 14321 24475 15384 3683 11569 10203 7025 7058 13088 7016 6721 1366
internal_count=110811 99066 57792 54657 41274 50974 44253 29705 37228 11745 14321 24475 15384 3683 11569 10203 7025 7058 13088 7016 6721 1366
is_linear=0
shrinkage=0.0351744


Tree=97
num_leaves=23
num_cat=0
split_feature=60 38 11 65 13 100 33 70 52 62 22 33 20 94 68 2 20 7 9 28 15 49
split_gain=1371.53 1310.76 1319.2 1173.15 1122.28 1042.12 1078.16 808.284 755.256 692.35 561.424 502.547 487.849 504.522 442.927 431.039 393.805 385.757 373.453 387.396 359.06 358.801
threshold=0.049618456381192604 -0.043756671064606741 -0.069640024415746085 0.016749106253747304 0.051403744303920307 0.83610000000000018 -0.021728682288152699 -0.028235353143962649 -0.024410363972578095 0.011566289917959801 0.019746512133721205 0.032045198404165955 0.042243451051296461 -0.058389866392489047 -0.028922918696650396 -0.022945679200532598 -0.035011034041886796 0.041940620523972703 -0.065353216568751829 -0.043285164286910489 0.088755355054549304 -0.050969409799732794
decision_type=2 2 2 2 2 2 2 2 2 2 2 2 2 2 2 2 2 2 2 2 2 2
left_child=1 16 10 4 5 6 7 -4 -2 -8 11 18 13 -5 15 -10 -1 -16 -3 -20 -12 -18
right_child=8 2 3 12 -6 -7 9 -9 14 -11 20 -13 -14 -15 17 -17 21 -19 19 -21 -22 -23
leaf_value=0.021737327007840708 0.0055025519952733616 0.017065390372817048 -0.031808619026415443 -0.018785436376574503 0.011536563334098518 0.0091636220299869571 0.0021010491581002575 -0.0097011198158466847 -0.019602409952222212 -0.0089682980955558874 -0.029846718589269641 0.012752354009548285 -0.0035911816630724573 0.011310442197361324 -0.0074950895023851143 -0.055353604815459735 -0.013505721893290863 -0.027978969818741171 -0.039405755887015267 -0.010629655049241406 0.0048891792272025775 0.0099303785031225767
leaf_weight=3393 2168 467 2577 716 6981 6889 19015 9955 1076 11054 2755 1272 3845 18030 4035 684 884 1586 722 2934 424 9349
leaf_count=3393 2168 467 2577 716 6981 6889 19015 9955 1076 11054 2755 1272 3845 18030 4035 684 884 1586 722 2934 424 9349
internal_value=-4.21544e-07 0.00120113 -0.000376696 0.0010443 -0.0016655 -0.00352813 -0.00558093 -0.0142488 -0.0127438 -0.00196775 -0.0134816 -0.00656783 0.00781871 0.0101599 -0.0181055 -0.0335099 0.0113501 -0.0132783 -0.0125327 -0.0163185 -0.0252086 0.00790399
internal_weight=110811 101262 87636 79062 56471 49490 42601 12532 9549 30069 8574 5395 22591 18746 7381 1760 13626 5621 4123 3656 3179 10233
internal_count=110811 101262 87636 79062 56471 49490 42601 12532 9549 30069 8574 5395 22591 18746 7381 1760 13626 5621 4123 3656 3179 10233
is_linear=0
shrinkage=0.0351744


Tree=98
num_leaves=23
num_cat=0
split_feature=15 21 28 91 3 100 1 42 100 2 78 39 62 23 90 22 24 55 62 59 9 25
split_gain=1322.53 1232.93 1186.98 865.948 870.907 777.688 746.618 726.446 666.719 628.898 672.18 587.539 576.39 537.719 572.698 518.56 500.205 484.118 428.51 377.281 373.665 385.006
threshold=0.034444313149233262 -0.0029462045024882997 0.025511977084653303 0.048575136014211907 -0.0047829561281900988 -0.96374999999999988 -0.026579094057372146 0.018789467840222153 -0.88329999999999986 -0.037029266757280993 -0.018458571242359199 0.0088160850651880004 -0.0029202713971655495 0.032269170799696455 0.0083945769730442016 0.030838190855477253 0.10994557259447872 -0.0040464129639204488 0.024532029258435856 -0.0064286422626005993 -0.005964897038093349 -0.019156896604036647
decision_type=2 2 2 2 2 2 2 2 2 2 2 2 2 2 2 2 2 2 2 2 2 2
left_child=1 2 3 4 9 -3 13 11 -8 -1 15 -7 -12 14 -6 -11 17 -2 -13 -10 21 -4
right_child=16 5 20 -5 6 7 8 -9 19 10 12 18 -14 -15 -16 -17 -18 -19 -20 -21 -22 -23
leaf_value=0.0028028164634127575 0.0024930075695508234 -0.021951872064809887 -0.0030788407116888283 -0.033010365919704354 0.0070954303736980731 0.0099524001138201479 -0.045217768300244494 -0.0039784504314823001 0.0011700609886562624 0.0060127312147368918 -0.014304152127905494 0.0036295819984372411 -0.03418699307340186 0.021215733497854619 -0.013874599842917909 -0.031531475788691823 -0.026085626281675326 0.012313669783966124 -0.011849386749477173 -0.015253044537681929 -0.004109491440856706 0.01557111078320138
leaf_weight=1847 11598 1628 2075 1920 4350 17712 657 13436 3042 1799 3380 9163 3879 1738 2559 609 552 13382 2917 4009 4539 4020
leaf_count=1847 11598 1628 2075 1920 4350 17712 657 13436 3042 1799 3380 9163 3879 1738 2559 609 552 13382 2917 4009 4539 4020
internal_value=-4.26187e-07 -0.00210319 -0.00655851 -0.0101599 -0.00858485 0.00191146 -0.00336628 0.00281064 -0.0113267 -0.015996 -0.0195894 0.00587303 -0.0249318 0.00372785 -0.000669324 -0.00347706 0.00702229 0.00775473 -0.000106913 -0.00816543 0.00352848 0.00921923
internal_weight=110811 85279 40423 29789 27869 44856 16355 43228 7708 11514 9667 29792 7259 8647 6909 2408 25532 24980 12080 7051 10634 6095
internal_count=110811 85279 40423 29789 27869 44856 16355 43228 7708 11514 9667 29792 7259 8647 6909 2408 25532 24980 12080 7051 10634 6095
is_linear=0
shrinkage=0.0351744


Tree=99
num_leaves=23
num_cat=0
split_feature=68 60 34 11 55 24 28 15 33 21 9 20 65 11 62 2 1 20 14 7 7 4
split_gain=1330.55 1192.94 919.967 673.442 684.739 592.35 556.549 592.333 554.313 560.706 545.147 540.248 473.758 459.343 439.136 417.928 449.714 416.093 414.098 406.959 406.75 406.401
threshold=0.007081402674228101 0.029762319508049705 0.004427016094083901 -0.099494634212686825 0.0057290348093145009 -0.048172911599818943 0.051571024577313856 -0.053498587056858643 0.0096728428451289521 -0.040953029330111239 -0.0154027784306552 -0.00086030244479844999 0.025871621582135806 -0.077769624999195638 -0.030867261242994094 -0.027183055661420947 0.020873159494971753 -0.0075415243570058988 -0.0086876557383081983 0.14177564617113228 0.093828750910579212 0.038092878175623457
decision_type=2 2 2 2 2 2 2 2 2 2 2 2 2 2 2 2 2 2 2 2 2 2
left_child=1 2 8 -2 12 -3 7 17 9 18 -7 -11 -5 -9 -6 16 -12 -4 -1 -16 -15 -22
right_child=3 5 6 4 14 10 -8 13 -10 11 15 -13 -14 20 19 -17 -18 -19 -20 -21 21 -23
leaf_value=0.0015107058384011651 -0.01447647278650357 0.0055856938947565701 -0.0081601032489764958 -0.00061879297275289587 0.022197632310679533 -0.0069955160970965966 0.0075839995142518869 -0.027535229279264595 0.0094435205115945015 0.0092438002824376773 -0.00011922583330728663 -0.0039954899178830409 0.010437127131000508 -0.0031965970716710031 0.0090494599848737461 -0.031911232374027335 -0.030398119295880332 -0.037608911375819336 -0.026229934128846156 -0.031749821767519559 -0.039836614615538217 0.006083971966822475
leaf_weight=1107 2195 1722 1062 20581 3429 4140 3154 1158 10898 7002 1448 8372 6251 15843 13668 3308 1046 1351 1666 309 753 348
leaf_count=1107 2195 1722 1062 20581 3429 4140 3154 1158 10898 7002 1448 8372 6251 15843 13668 3308 1046 1351 1666 309 753 348
internal_value=-4.30927e-07 -0.00327395 -0.00102129 0.00453785 0.00548173 -0.013453 -0.006169 -0.00828426 0.00317306 -0.000591742 -0.0167523 0.00203322 0.00195631 -0.00610073 0.0109153 -0.023711 -0.0128262 -0.0246563 -0.0151503 0.00814593 -0.0046346 -0.0253084
internal_weight=110811 64378 52714 46433 44238 11664 23669 20515 29045 18147 9942 15374 26832 18102 17406 5802 2494 2413 2773 13977 16944 1101
internal_count=110811 64378 52714 46433 44238 11664 23669 20515 29045 18147 9942 15374 26832 18102 17406 5802 2494 2413 2773 13977 16944 1101
is_linear=0
shrinkage=0.0351744


Tree=100
num_leaves=23
num_cat=0
split_feature=74 84 26 62 20 5 7 63 24 25 33 87 65 91 11 100 23 28 100 22 68 24
split_gain=1298.67 1229.3 873.873 834.919 794.087 774.066 641.689 602.004 586.489 577.324 595.565 563.149 553.635 549.422 489.279 482.101 474.566 499.346 507.917 438.635 418.927 404.49
threshold=0.025741894806339701 0.0033465130399505006 -0.0067897408189314485 -0.0089519125003024985 0.024393189078829005 0.022303292745254003 0.11544786664034272 0.013679297128216151 -0.035269126535192548 -0.064837168146018531 0.027237708206947053 0.012614764690120352 0.0081431266958136017 0.036380663657156052 -0.0058901815901666989 -0.96934999999999993 0.031089571342465004 0.0038764510346527004 0.86590000000000011 -0.010213852682989398 -0.026238012847187898 -0.04632313950314474
decision_type=2 2 2 2 2 2 2 2 2 2 2 2 2 2 2 2 2 2 2 2 2 2
left_child=1 4 8 21 5 15 19 13 -3 -4 16 -6 -9 -5 -10 -1 17 18 -11 -7 -19 -2
right_child=3 2 9 7 11 6 -8 12 14 10 -12 -13 -14 -15 -16 -17 -18 20 -20 -21 -22 -23
leaf_value=-0.019312783955930661 0.01597358063496657 0.0051049736602466192 -0.019897865429770591 -0.0034169587977216538 0.0039848507095159563 0.010567969762295206 -0.04160439714871355 -0.031589535460668727 -0.019392739839159692 -0.012661363358110906 0.01399367408822241 -0.010898347539838874 -0.0066586304938676946 -0.028201862954178418 -0.0056672840829266012 0.012477899724854755 0.010970791176907472 -0.015633416147570033 0.012931886120994534 -0.0060269075389604307 0.008073932876864939 -0.0029649417161957893
leaf_weight=604 1681 2962 1455 6829 8725 3690 447 3218 6177 6628 4785 4918 1679 1321 6707 24855 3885 1104 1121 4228 5587 8205
leaf_count=604 1681 2962 1455 6829 8725 3690 447 3218 6177 6628 4785 4918 1679 1321 6707 24855 3885 1104 1121 4228 5587 8205
internal_value=-4.46354e-07 0.00194466 -0.00256386 -0.00745466 0.00578333 0.00867278 -0.000608382 -0.0132968 -0.00900418 0.00158991 0.00294363 -0.00137906 -0.0230456 -0.00743677 -0.0122492 0.0117229 5.72452e-05 -0.00287792 -0.00895661 0.00170471 0.0041595 0.000253866
internal_weight=110811 87878 40411 22933 47467 33824 8365 13047 15846 24565 23110 13643 4897 8150 12884 25459 18325 14440 7749 7918 6691 9886
internal_count=110811 87878 40411 22933 47467 33824 8365 13047 15846 24565 23110 13643 4897 8150 12884 25459 18325 14440 7749 7918 6691 9886
is_linear=0
shrinkage=0.0351744


Tree=101
num_leaves=23
num_cat=0
split_feature=24 12 1 23 63 3 4 21 26 28 27 40 11 90 33 29 48 21 2 68 15 100
split_gain=1267.94 1145.36 1009.2 1132.5 1103.65 909.587 854.73 681.885 838.71 644.696 587.994 581.777 575.86 566.347 557.884 552.9 549.458 549.285 525.049 488.517 486.086 440.103
threshold=0.029537174986280803 0.021176743249152204 0.014690404804428502 0.0093771860272097527 0.007662287567705651 -0.070993857370241539 0.0099918569496138514 0.084152524140046411 -0.0020637268819712995 0.025985087069816552 -0.023401732639413798 0.029020156139622152 -0.0058901815901666989 -0.0039414886290676495 0.017754612753770101 -0.033521571065124892 -0.031676038329336041 0.0036769627243127506 0.028321280832771804 -0.032523524315507792 -0.0072207479575060992 -0.45819999999999994
decision_type=2 2 2 2 2 2 2 2 2 2 2 2 2 2 2 2 2 2 2 2 2 2
left_child=1 2 3 5 15 -1 10 8 19 13 21 14 20 -7 -6 -4 -5 -12 -10 -2 -8 -3
right_child=7 6 4 16 11 9 12 -9 18 -11 17 -13 -14 -15 -16 -17 -18 -19 -20 -21 -22 -23
leaf_value=-0.015488519834964951 -0.030367694062585604 -0.03001050441480187 0.019213413834251035 0.030059602031196186 -0.027957328382413004 0.0089927527901863986 -0.018107793466585524 0.013421245100812803 0.0020243571769937548 0.01636037794291853 -0.0113201379966023 0.0058605360958620678 0.011565775948263787 -0.0037155244736417699 -0.0026939979232702103 -0.00046011489007968164 0.012199022096578003 0.0046133581965206822 -0.012375760895345502 -0.011681639902557951 0.0049653240155856093 -0.0090366148267203641
leaf_weight=2888 2139 2373 2516 2513 3321 8155 2025 1975 10062 5186 6217 1414 5620 9269 1606 5934 14089 4699 4548 9115 2553 2594
leaf_count=2888 2139 2373 2516 2513 3321 8155 2025 1975 10062 5186 6217 1414 5620 9269 1606 5934 14089 4699 4548 9115 2553 2594
internal_value=-4.58539e-07 0.00217883 0.00497712 0.00775406 -0.00292583 0.00309807 -0.00392448 -0.00649624 -0.00801788 0.00547299 -0.00902712 -0.0140179 0.00402108 0.00223144 -0.0197263 0.005396 0.0149038 -0.00445977 -0.00245726 -0.0152351 -0.00523733 -0.019061
internal_weight=110811 82972 56891 42100 14791 25498 26081 27839 25864 22610 15883 6341 10198 17424 4927 8450 16602 10916 14610 11254 4578 4967
internal_count=110811 82972 56891 42100 14791 25498 26081 27839 25864 22610 15883 6341 10198 17424 4927 8450 16602 10916 14610 11254 4578 4967
is_linear=0
shrinkage=0.0351744


Tree=102
num_leaves=23
num_cat=0
split_feature=11 38 62 28 91 34 24 68 21 55 13 48 31 40 31 42 1 63 9 11 3 20
split_gain=1255.68 1223.64 955.427 741.876 738.765 666.719 591.102 531.943 531.214 541.85 517.474 500.762 487.586 484.976 514.964 476.855 472.867 594.298 464.828 451.514 402.75 396.147
threshold=0.038712187538076655 0.00068659218048130013 1.0000000180025095e-35 -0.022646432486360998 0.036380663657156052 0.016095706479279551 0.038723488345155307 -0.053856838240658844 -0.066164460506163439 -0.0015442496696312497 -0.022104208884618948 -0.015317244632270749 0.035269513290677353 0.0025628600566544005 0.026418065511907302 0.0044237546353489013 0.016521050577421304 0.034770591199393658 -0.012759720328449698 -0.14225944842784791 -0.010658901481515349 -0.016494631345409246
decision_type=2 2 2 2 2 2 2 2 2 2 2 2 2 2 2 2 2 2 2 2 2 2
left_child=1 4 6 15 5 8 11 -2 -1 12 20 -3 -10 14 -9 -4 -12 -18 -6 -7 -5 -13
right_child=7 2 3 10 18 19 -8 13 9 -11 16 21 -14 -15 -16 -17 17 -19 -20 -21 -22 -23
leaf_value=-0.0096331004716667095 -0.011706238851097665 0.010780434094265013 -0.014132925998567041 -0.032140151200125172 0.0016795705191198378 -0.049302131587259664 -0.013383351269952829 -0.00078903078078661757 0.00031723452585435263 0.013585353309996648 0.00049741782128665121 0.0070398236852094696 0.018346645066389267 0.014063029124137875 0.014312878287077568 -0.035467559928645975 -0.0092556597698479626 -0.056147671401558893 -0.019872847298163764 -0.00227673705641853 -0.009895901480413704 -0.0067643096954815608
leaf_weight=2283 1764 5186 3053 1587 2158 258 3984 9099 11322 11809 7974 3787 2220 10231 4030 2258 1859 408 2900 11863 2765 8013
leaf_count=2283 1764 5186 3053 1587 2158 258 3984 9099 11322 11809 7974 3787 2220 10231 4030 2258 1859 408 2900 11863 2765 8013
internal_value=-4.44685e-07 -0.0020281 -0.00642943 -0.0119494 0.00198599 0.00359722 -0.00118923 0.00691432 0.00661423 0.0080781 -0.00785077 0.00166998 0.00327429 0.00832121 0.00384542 -0.0232074 -0.00353073 -0.0177058 -0.0106744 -0.00327972 -0.0180122 -0.00233267
internal_weight=110811 85687 40874 19904 44813 39755 20970 25124 27634 25351 14593 16986 13542 23360 13129 5311 10241 2267 5058 12121 4352 11800
internal_count=110811 85687 40874 19904 44813 39755 20970 25124 27634 25351 14593 16986 13542 23360 13129 5311 10241 2267 5058 12121 4352 11800
is_linear=0
shrinkage=0.0351744


Tree=103
num_leaves=23
num_cat=0
split_feature=13 3 100 1 48 28 62 28 78 27 11 34 18 15 21 17 1 20 100 65 14 15
split_gain=1223.75 1357.1 992.663 901.492 776.112 742.454 706.921 579.337 549.965 547.253 542.959 541.52 535.298 522.203 512.537 510.93 494.305 592.011 461.763 460.003 440.864 425.308
threshold=0.012408308488798852 -0.021079018721210045 -0.94494999999999985 -0.059689191467348142 0.0012751523934890002 0.006671805578262701 1.0000000180025095e-35 -0.034021272143954444 -0.016397710239875695 -0.017083795012154197 -0.085845825222668787 -0.016357200373674646 0.0095226539265553523 0.054702812461245205 0.0014670405244712503 -0.024243434480234347 -0.0099880315589697486 0.017263898005591402 0.59945000000000015 0.050490086676567854 -0.04915689340654384 0.0069531588993774511
decision_type=2 2 2 2 2 2 2 2 2 2 2 2 2 2 2 2 2 2 2 2 2 2
left_child=1 6 -3 -4 10 14 11 -8 -9 16 13 -1 -7 -2 15 -5 17 -6 -10 -11 -13 -22
right_child=4 2 3 5 9 12 7 8 18 19 -12 20 -14 -15 -16 -17 -18 -19 -20 -21 21 -23
leaf_value=0.0078987746255042637 -0.024758158677315404 -0.023011339667571483 0.0090490723483315858 -0.025972269135815251 0.007958839867012818 0.0085774867952336364 -0.033723207453259199 0.001171940253255802 -0.023863602188191706 0.0017345372014049617 0.01032084582054328 0.010151940666734553 -0.0067789429237616562 0.018601745317439626 -0.00033536729531798447 -0.0072672569770550893 -0.021691484497521119 -0.017727845248327777 -0.001323165366624109 0.025400262371656233 -0.021853986459851073 -0.0024208441996786049
leaf_weight=3302 1082 2142 13576 2539 2903 9858 2022 2482 4672 11920 22079 1177 3926 503 7945 6279 2325 1797 1483 1111 3239 2449
leaf_count=3302 1082 2142 13576 2539 2903 9858 2022 2482 4672 11920 22079 1177 3926 503 7945 6279 2325 1797 1483 1111 3239 2449
internal_value=-4.60084e-07 -0.00298455 0.000371542 0.00150715 0.00457842 -0.00184419 -0.0104408 -0.0167704 -0.0127991 -0.000511425 0.0088929 -0.00380318 0.00420239 -0.0109869 -0.00681721 -0.0126553 -0.00842547 -0.00185896 -0.0184355 0.00375381 -0.00943418 -0.0134902
internal_weight=110811 67091 46265 44123 43720 30547 20826 10659 8637 20056 23664 10167 13784 1585 16763 8818 7025 4700 6155 13031 6865 5688
internal_count=110811 67091 46265 44123 43720 30547 20826 10659 8637 20056 23664 10167 13784 1585 16763 8818 7025 4700 6155 13031 6865 5688
is_linear=0
shrinkage=0.0351744


Tree=104
num_leaves=23
num_cat=0
split_feature=60 65 15 33 100 21 62 52 74 7 3 3 1 100 11 48 28 20 51 13 74 14
split_gain=1210.43 1174.72 1179.05 1116.36 827.582 785.995 691.011 683.899 640.04 590.875 530.213 491.352 510.753 474.441 466.48 456.653 442.439 485.607 415.266 415.916 406.341 392.554
threshold=0.049618456381192604 0.016749106253747304 -0.062054601658982245 -0.012989529541220499 0.59945000000000015 0.012870030474788052 -0.0086265522807363985 -0.024410363972578095 0.032213375558753608 0.083068829820494461 0.018256997508574253 -0.022443628107096495 -0.069866340071900984 -0.94224999999999992 -0.057991675606111494 0.0016055999722155501 0.031442314973884104 -0.039994249425300894 0.022139977008901902 -0.00090313294601254994 0.023858500166246653 -0.036053716955198246
decision_type=2 2 2 2 2 2 2 2 2 2 2 2 2 2 2 2 2 2 2 2 2 2
left_child=1 2 16 4 5 9 18 -2 10 14 -8 21 -13 -14 -4 -12 17 -1 19 -5 -9 -3
right_child=7 11 3 6 -6 -7 8 20 -10 -11 15 12 13 -15 -16 -17 -18 -19 -20 -21 -22 -23
leaf_value=-0.0012627550254511778 0.0053907202310962601 0.012463620073489961 -0.030913866908918976 0.006041571572596615 0.0037265365530139392 0.001389343149544913 -0.0024468402317738484 -0.012733923763987999 -0.014099379503764966 -0.040462585405268668 0.015325132704760894 0.019138876889441624 -0.020098121784462169 0.008165412847100522 -0.0096802297450332246 -0.00068601161423682388 -0.0020842819850643087 -0.027110308055001975 0.00033156438350850372 0.019541907098729522 -0.032792893537262863 -0.0040501501272969358
leaf_weight=1191 2168 2421 1490 5377 7872 5120 12009 5785 3369 1039 5407 5629 776 13702 9130 3717 2300 3689 4333 5956 1596 6735
leaf_count=1191 2168 2421 1490 5377 7872 5120 12009 5785 3369 1039 5407 5629 776 13702 9130 3717 2300 3689 4333 5956 1596 6735
internal_value=-4.60182e-07 0.00112831 -0.00128677 0.000211091 -0.00568113 -0.0100958 0.00382756 -0.011972 0.000137865 -0.0151408 0.00240843 0.00707095 0.0101466 0.00664917 -0.0126613 0.00880068 -0.0148111 -0.0208057 0.0095972 0.0131383 -0.0170742 0.000314698
internal_weight=110811 101262 71999 64819 24651 16779 40168 9549 24502 11659 21133 29263 20107 14478 10620 9124 7180 4880 15666 11333 7381 9156
internal_count=110811 101262 71999 64819 24651 16779 40168 9549 24502 11659 21133 29263 20107 14478 10620 9124 7180 4880 15666 11333 7381 9156
is_linear=0
shrinkage=0.0351744


Tree=105
num_leaves=23
num_cat=0
split_feature=62 24 60 11 33 7 21 11 9 20 14 29 26 15 0 8 1 22 7 4 14 91
split_gain=1192.77 1160.12 1089.2 1002.99 920.44 878.777 797.802 694.954 617.112 579.007 526.521 481.921 468.413 453.294 452.103 441.058 372.642 368.415 345.471 374.124 329.486 316.064
threshold=0.05058794189166866 -0.034659106180244745 0.027483572038830551 -0.077769624999195638 0.025614083537941906 0.099374248208709659 -0.038728203941459489 0.041430604339363908 -0.014853777317753997 0.049402811353225759 -0.00084627543260644997 0.012750652442136903 -0.0013987711207687997 0.081809860011285221 0.12554905147001913 -0.045877169771293143 0.16300214299115282 0.00085113390070050009 0.055179646868793709 0.0099918569496138514 -0.028565640028726445 0.034965100486857963
decision_type=2 2 2 2 2 2 2 2 2 2 2 2 2 2 2 2 2 2 2 2 2 2
left_child=1 9 3 20 5 6 10 -8 18 11 -5 -1 -2 15 -7 -10 -16 -6 -4 -20 -3 -17
right_child=12 2 8 4 17 14 7 -9 13 -11 -12 -13 -14 -15 16 21 -18 -19 19 -21 -22 -23
leaf_value=0.016115148278519158 -0.021227985747738213 0.0021196629490692143 0.0019264366106366321 0.00071751090601940694 0.015509244979065468 -0.078196928083303446 0.00094295299327697602 0.013014060313700542 -0.033629228042360626 -0.0035613137449019582 -0.018484934994588045 0.0035973622851955727 -0.005160696352311909 0.013050431957565688 -0.021660523264786343 -0.010200080031293416 0.022609861525755344 0.0037116742172279998 -0.04316434010074046 0.00057098061754693125 -0.019496775819400774 -0.032255809696084929
leaf_weight=10367 3987 1147 6031 3297 7813 157 30368 7325 1654 3898 3802 6018 5146 653 2006 5700 266 5646 471 496 3626 937
leaf_count=10367 3987 1147 6031 3297 7813 157 30368 7325 1654 3898 3802 6018 5146 653 2006 5700 266 5646 471 496 3626 937
internal_value=-4.60132e-07 0.00109312 -0.000782263 0.00122564 0.00244707 0.000133891 0.00125168 0.00328926 -0.00902706 0.00861973 -0.00956456 0.0115186 -0.0121769 -0.0151486 -0.0204706 -0.0173718 -0.0164689 0.0105615 -0.00120064 -0.0207179 -0.0142988 -0.0133171
internal_weight=110811 101678 81395 65453 60680 47221 44792 37693 15942 20283 7099 16385 9133 8944 2429 8291 2272 13459 6998 967 4773 6637
internal_count=110811 101678 81395 65453 60680 47221 44792 37693 15942 20283 7099 16385 9133 8944 2429 8291 2272 13459 6998 967 4773 6637
is_linear=0
shrinkage=0.0351744


Tree=106
num_leaves=23
num_cat=0
split_feature=68 26 15 21 24 28 55 63 91 42 90 22 12 60 74 3 2 1 4 74 55 20
split_gain=1192.95 1003.43 763.145 744.334 720.245 634.739 607.381 581.265 575.952 516.339 486.199 476.564 470.537 459.997 445.505 444.538 429.07 435.246 429.872 421.342 411.253 401.478
threshold=0.0073980818586290506 -0.0010822605466523497 0.054702812461245205 -0.032435441913664896 0.0058722753564932504 0.05055352400025661 0.010551932312396503 0.0047384361333897016 0.062609973277543321 0.027573847704226755 0.049319778396182755 0.076900539551017361 0.022765126727611554 -0.0196595393332888 0.043868020411994953 0.072906406083546857 0.0016242956919783503 0.010951438399460502 0.033817791499439011 0.025741894806339701 0.036771250666842559 0.050367061645838811
decision_type=2 2 2 2 2 2 2 2 2 2 2 2 2 2 2 2 2 2 2 2 2 2
left_child=1 2 4 5 12 8 10 -5 -3 13 14 -8 21 -6 15 16 17 -2 -19 -9 -15 -1
right_child=6 3 -4 7 9 -7 11 19 -10 -11 -12 -13 -14 20 -16 -17 -18 18 -20 -21 -22 -23
leaf_value=0.0020785091590183203 0.010461595917909672 -0.011563809137046742 0.0068986824477091872 0.0079206302723742513 0.00071776714789754937 0.015554560279329917 0.011582441679536669 0.0013499805414540478 -0.061040885652188154 -0.029686059320619261 -0.014438984423478773 -0.012229381281857004 -0.014969284727553194 -0.02053051573593663 -0.011810590215235983 0.015645544313693329 -0.002829470538107367 0.00097096509709333582 -0.037142388849373258 -0.013916780863294455 0.0051783442528874979 -0.018541205452596118
leaf_weight=8882 8956 5323 3803 15866 2448 1046 14744 9528 308 2761 2221 1118 3918 5776 2405 3512 10808 1773 461 2922 887 1345
leaf_count=8882 8956 5323 3803 15866 2448 1046 14744 9528 308 2761 2221 1118 3918 5776 2405 3512 10808 1773 461 2922 887 1345
internal_value=-4.43463e-07 -0.00307516 -0.00781627 0.000964619 -0.00996788 -0.00959899 0.00433159 0.00345618 -0.0142747 -0.0163566 0.00139852 0.00990296 -0.0046045 -0.0123149 0.00265927 0.00402416 0.00216794 0.00699621 -0.00688868 -0.00223191 -0.0171055 -0.000631914
internal_weight=110811 64813 29820 34993 26017 6677 45998 28316 5631 11872 30136 15862 14145 9111 27915 25510 21998 11190 2234 12450 6663 10227
internal_count=110811 64813 29820 34993 26017 6677 45998 28316 5631 11872 30136 15862 14145 9111 27915 25510 21998 11190 2234 12450 6663 10227
is_linear=0
shrinkage=0.0351744


Tree=107
num_leaves=23
num_cat=0
split_feature=15 7 13 1 20 33 62 62 9 22 65 70 15 34 20 24 42 63 7 90 1 11
split_gain=1146.65 1155.55 1140.86 916.215 862.242 757.601 750.233 637.21 622.428 615.511 554.518 604.979 517.711 501.087 496.991 488.82 472.452 415.924 400.407 385.55 384.79 381.634
threshold=0.04157052901458911 -0.013196052642705647 -0.020006028765910445 0.051332671033917511 -0.012769260415367698 -0.021728682288152699 -0.00095282275107164995 -0.019009649621146648 0.037937565608675804 0.0064368674485082511 0.019166012498228954 -0.041861306509940598 -0.073312548877460929 0.033906339526893606 0.025403309943347854 0.082957297380862258 -0.029650879834719996 0.017644158375844401 0.089060067168469773 0.017103435301102202 0.17057609265983603 -0.019223962180686647
decision_type=2 2 2 2 2 2 2 2 2 2 2 2 2 2 2 2 2 2 2 2 2 2
left_child=1 3 6 9 8 10 18 -5 12 14 11 -6 -4 -7 -1 -2 -8 -9 -3 -10 -13 -18
right_child=15 2 4 7 5 13 16 17 19 -11 -12 20 -14 -15 -16 -17 21 -19 -20 -21 -22 -23
leaf_value=0.013095059978588211 0.0086518360939064776 -0.0010916909818968338 -0.013857900312566881 0.0069191679399698957 -0.045164583092067653 0.0011903039185345377 -0.0052222648308405005 -0.0089197238023682787 -0.0019870342354815869 -0.00071461163934517379 0.00076868155486841782 -0.017617827310371495 0.011447997706629928 -0.016001238555785752 1.5297458955175516e-05 -0.014657480112924452 -0.037776176796432172 -0.03164649118058991 -0.021845431191747974 -0.033644780532672877 0.025833223221892673 -0.019117891101678827
leaf_weight=13668 20022 5954 1112 2262 1010 13747 1869 3312 1641 11453 2074 4413 9894 2475 4880 1178 2059 1427 1426 671 267 3997
leaf_count=13668 20022 5954 1112 2262 1010 13747 1869 3312 1641 11453 2074 4413 9894 2475 4880 1178 2059 1427 1426 671 267 3997
internal_value=-4.36744e-07 -0.00174094 -0.00509089 0.00302152 -0.00177254 -0.00575764 -0.0131778 -0.00843517 0.00540345 0.00569563 -0.0147938 -0.0204691 0.00888952 -0.00143173 0.00965469 0.00735574 -0.0206935 -0.0157675 -0.00510448 -0.0111838 -0.0151345 -0.0254652
internal_weight=110811 89611 52609 37002 37304 23986 15305 7001 13318 30001 7764 5690 11006 16222 18548 21200 7925 4739 7380 2312 4680 6056
internal_count=110811 89611 52609 37002 37304 23986 15305 7001 13318 30001 7764 5690 11006 16222 18548 21200 7925 4739 7380 2312 4680 6056
is_linear=0
shrinkage=0.0351744


Tree=108
num_leaves=23
num_cat=0
split_feature=38 4 9 15 24 21 31 55 30 60 33 40 70 21 1 4 14 62 14 39 42 80
split_gain=1135.86 1001.08 1113.38 1041.88 822.108 716.117 652.437 643.12 627.014 614.892 596.283 590.384 537.312 506.296 436.267 439.426 403.488 392.226 391.465 378.325 449.801 366.947
threshold=-0.0041828293153920492 -0.13769199117331887 -0.069434401181189737 -0.01557486765853945 0.058382160598445261 -0.08003412965958133 0.081465941110111004 0.0018816671190362002 0.0093129815013123004 0.046268711569851156 -0.0037498072637072496 -0.0050829711349394497 -0.022684882204797096 -0.029725776648590847 -0.022623965933733295 0.05913543118254936 -0.048213164611394042 -0.0035713249539449997 -0.004824912369195699 -0.03326523849608664 -0.035424464684625394 0.027113316844218752
decision_type=2 2 2 2 2 2 2 2 2 2 2 2 2 2 2 2 2 2 2 2 2 2
left_child=5 -2 -3 8 10 18 7 9 12 14 13 -9 -4 21 15 -7 -16 -10 -1 -14 -21 -5
right_child=1 2 3 4 -6 6 -8 11 17 -11 -12 -13 19 -15 16 -17 -18 -19 -20 20 -22 -23
leaf_value=-0.00040456572176993062 0.016858091639695476 0.0091823192651621904 -0.021115627567214697 -0.011897737855557682 -0.020584614634322498 0.0035555700174914272 0.022263743526612902 0.0022841636390938964 -0.012071887806133596 -0.014980893326845495 0.0045707403100537147 0.014164589827093175 0.011373736190229095 -0.002117124520683513 0.012631560581591181 0.022261577639547111 -0.0074303617825052671 -0.028422260491341649 -0.027050744147287455 0.01583615819946612 -0.010573416495291936 -0.041596223369107281
leaf_weight=1365 2885 6598 2744 2315 2750 12395 2502 9985 3404 2950 14372 10752 1747 10700 1491 1777 7362 3902 1366 923 5863 663
leaf_count=1365 2885 6598 2744 2315 2750 12395 2502 9985 3404 2950 14372 10752 1747 10700 1491 1777 7362 3902 1366 923 5863 663
internal_value=-4.63552e-07 -0.00334593 -0.0043875 -0.00620091 -0.0022317 0.00379043 0.00476358 0.0038258 -0.0127786 0.000137456 -0.000431695 0.00844495 -0.00757554 -0.00568915 0.00207526 0.00590248 -0.00404953 -0.020807 -0.0137394 -0.00321912 -0.00697856 -0.0185171
internal_weight=110811 58866 55981 49383 30800 51945 49214 46712 18583 25975 28050 20737 11277 13678 23025 14172 8853 7306 2731 8533 6786 2978
internal_count=110811 58866 55981 49383 30800 51945 49214 46712 18583 25975 28050 20737 11277 13678 23025 14172 8853 7306 2731 8533 6786 2978
is_linear=0
shrinkage=0.0351744


Tree=109
num_leaves=23
num_cat=0
split_feature=34 21 33 28 11 23 3 94 14 65 12 80 23 20 93 1 22 27 62 6 40 31
split_gain=1111.41 1089.38 1301.88 1205.86 1421.46 972.403 768.76 617.309 611.854 597.165 525.117 441.105 426.492 406.582 408.989 383.028 400.14 378.503 370.411 369.229 391.741 362.072
threshold=0.051907964861713458 0.050612858482826158 0.025614083537941906 0.016193667397925906 -0.027891336391990297 0.035933007564886661 -0.022443628107096495 -0.058389866392489047 0.023568848744679401 -0.0069441900799185998 0.023356581452972404 0.029903278487994501 0.0046368684344818513 -0.097463530589374486 0.020617579800099605 0.027897564576369851 -0.010690821645355448 -0.053974204441769993 -0.033562514882449497 0.060211654634231761 0.069814290944982108 0.03933459682724131
decision_type=2 2 2 2 2 2 2 2 2 2 2 2 2 2 2 2 2 2 2 2 2 2
left_child=1 2 3 4 11 6 8 -8 -6 18 15 13 -12 -1 -15 16 -4 -17 -5 20 -2 -7
right_child=19 -3 10 9 5 21 7 -9 -10 -11 12 -13 -14 14 -16 17 -18 -19 -20 -21 -22 -23
leaf_value=0.024538801967131527 -0.016244679178706936 0.01137392802507624 0.021079296616256904 0.012830771588732458 -0.0075385564057588355 0.0043856998212906933 -0.032689217749506609 -0.00043309274645863378 -0.029084918352742416 0.0088834871661375506 -0.0093524794235356531 -0.030656281339612668 0.008901404189266519 -0.010347909544597812 -0.027978873024865368 -0.034957256918445423 0.007739199661766857 0.0046953486553082931 -0.0057763032907802107 0.0029870890388824629 0.012869925198828579 0.02218835005386283
leaf_weight=340 7840 11390 5515 1589 4663 4718 763 19285 2510 13288 3425 2221 2945 6710 2152 330 5625 3040 7914 1912 616 2020
leaf_count=340 7840 11390 5515 1589 4663 4718 763 19285 2510 13288 3425 2221 2945 6710 2152 330 5625 3040 7914 1912 616 2020
internal_value=-4.5055e-07 0.00113118 -0.000178713 -0.00253257 -0.00584791 -0.00223683 -0.00519856 -0.0016618 -0.0150809 0.00406828 0.00750578 -0.0165815 -0.000910661 -0.0131821 -0.0146316 0.0112018 0.0143451 0.000806005 -0.00266309 -0.0109649 -0.0141216 0.00972567
internal_weight=110811 100443 89053 68173 45382 33959 27221 20048 7173 22791 20880 11423 6370 9202 8862 14510 11140 3370 9503 10368 8456 6738
internal_count=110811 100443 89053 68173 45382 33959 27221 20048 7173 22791 20880 11423 6370 9202 8862 14510 11140 3370 9503 10368 8456 6738
is_linear=0
shrinkage=0.0351744


Tree=110
num_leaves=23
num_cat=0
split_feature=68 60 94 26 11 3 4 68 22 21 2 70 34 63 20 19 33 1 31 91 59 12
split_gain=1104.6 857.087 712.478 701.24 665.433 555.083 520.611 732.129 503.203 492.339 484.307 438.043 413.713 457.638 411.968 407.43 380.324 371.323 368.394 383.725 430.486 365.354
threshold=-0.00059623688637949984 -0.013683795345765248 -0.019417676340574345 -0.0020637268819712995 -0.014289845541505799 -0.0023190882243054492 -0.13769199117331887 -0.048831289338128893 -0.0055880422805309991 0.011571371925567802 -0.0236336050148678 0.0067482922135721013 0.071454902801946815 -0.019623514941606596 0.041553637582559505 0.0086493680069395004 0.043087403291941613 0.083428549065415622 0.070754267539528667 0.0095124183638355519 0.007831714332778952 0.0032692407341498005
decision_type=2 2 2 2 2 2 2 2 2 2 2 2 2 2 2 2 2 2 2 2 2 2
left_child=1 12 9 6 8 10 17 -8 -4 16 -5 -12 13 -1 -6 -7 -2 -3 19 -9 -21 -17
right_child=2 3 4 5 14 15 7 18 -10 -11 11 -13 -14 -15 -16 21 -18 -19 -20 20 -22 -23
leaf_value=0.01278313879714249 -0.01153519356121328 0.025006951290525985 0.0062020950062113035 0.0053573667459748805 0.010912153880882406 0.0087296808824403986 -0.032182711263704755 -0.0070457942988725241 -0.0062458139228200732 0.0050738890568271895 -0.022388641891729223 -0.0028654683445714113 -0.020830786926816024 0.0001132903881518759 -0.00029347668524993485 0.0033718079179047107 0.0092038318021200431 -0.046335508746180101 0.020597679131377711 -0.011969390699369923 -0.035404030511705709 -0.017265831534552425
leaf_weight=4734 7599 671 7934 2031 22630 6110 2341 7381 8140 5206 3540 2380 919 13846 4943 2507 1277 104 448 2721 1510 1839
leaf_count=4734 7599 671 7934 2031 22630 6110 2341 7381 8140 5206 3540 2380 919 13846 4943 2507 1277 104 448 2721 1510 1839
internal_value=-4.2741e-07 -0.00366293 0.00336697 -0.00706878 0.00558669 -0.00245245 -0.0126667 -0.0141787 -0.000100589 -0.00351184 -0.00945749 -0.0145429 0.0022021 0.00334242 0.00890273 0.00287283 -0.00854946 0.015404 -0.0106821 -0.0118906 -0.0203379 -0.00535746
internal_weight=110811 53082 57729 33583 43647 18407 15176 14401 16074 14082 7951 5920 19499 18580 27573 10456 8876 775 12060 11612 4231 4346
internal_count=110811 53082 57729 33583 43647 18407 15176 14401 16074 14082 7951 5920 19499 18580 27573 10456 8876 775 12060 11612 4231 4346
is_linear=0
shrinkage=0.0351744


Tree=111
num_leaves=23
num_cat=0
split_feature=62 11 21 24 12 48 15 28 27 27 46 33 40 4 42 26 75 4 94 9 100 49
split_gain=1081.21 1073.54 945.599 919.321 935.249 774.55 618.059 595.194 535.995 524.693 500.428 491.974 469.137 462.763 442.468 409.91 359.728 353.508 344.118 343.495 335.947 330.087
threshold=0.05058794189166866 0.04206493927765801 0.10525850206223876 0.038025008673170053 0.020594721519082204 -0.012816228130314149 -0.0040078979668783489 0.013634829038544802 -0.021994671975214545 -0.012651250358837249 -0.011667604096852248 0.025614083537941906 0.022680106558708554 0.023750342187468302 -0.04671346675512799 -0.00070598144209614978 0.074706891393986022 -0.0043586201546290488 -0.065388917406707533 0.015603870952009753 -0.17699999999999996 -0.04228811109570934
decision_type=2 2 2 2 2 2 2 2 2 2 2 2 2 2 2 2 2 2 2 2 2 2
left_child=1 2 3 4 5 10 9 11 20 14 19 -7 17 21 -6 -2 -12 -3 -19 -1 -5 -8
right_child=15 12 -4 8 6 7 13 -9 -10 -11 16 -13 -14 -15 -16 -17 -18 18 -20 -21 -22 -23
leaf_value=0.0081279588423318425 -0.019920700743295553 -0.00062583662649296672 0.023721990291194948 -0.027140623071747236 0.0033746450452084085 -0.0065332354722030502 -0.022869948365920045 0.0069237263435876729 -0.0046897660476169631 -0.0052588617375662157 0.013592479569959277 0.0070377566205122623 0.016908932418257548 0.010967362019760533 -0.027735962201368428 -0.0049194417660213758 0.053478052590695213 -0.036422182196794252 0.011202728230293469 -0.0097923762461443256 -0.0081704840638980366 -0.0019444103213540568
leaf_weight=3630 4062 7302 1900 2720 683 15372 1094 10024 9932 5096 8935 4209 5553 3202 3264 5071 289 192 7849 2082 2013 6337
leaf_count=3630 4062 7302 1900 2720 683 15372 1094 10024 9932 5096 8935 4209 5553 3202 3264 5071 289 192 7849 2082 2013 6337
internal_value=-4.17955e-07 0.00104076 -0.000797277 -0.00138812 0.000426266 0.00324784 -0.00596011 -4.62446e-05 -0.00933425 -0.01272 0.00977815 -0.00361522 0.00814717 -0.000209367 -0.0223484 -0.0115935 0.0148449 0.00497484 0.0100628 0.00159307 -0.0190765 -0.00502777
internal_weight=110811 101678 80782 78882 64217 44541 19676 29605 14665 9043 14936 19581 20896 10633 3947 9133 9224 15343 8041 5712 4733 7431
internal_count=110811 101678 80782 78882 64217 44541 19676 29605 14665 9043 14936 19581 20896 10633 3947 9133 9224 15343 8041 5712 4733 7431
is_linear=0
shrinkage=0.0351744


Tree=112
num_leaves=23
num_cat=0
split_feature=74 84 68 33 62 100 5 7 94 7 70 60 15 87 11 13 24 2 14 21 26 39
split_gain=1066.84 1083.01 742.884 747.734 678.345 650.04 625.611 654.918 596.208 562.191 526.711 502.154 474.811 457.374 422.127 402.573 393.855 379.869 381.849 426.633 371.502 328.523
threshold=0.025741894806339701 0.0033465130399505006 -0.026238012847187898 0.023596620216478455 0.032831025463036755 -0.94494999999999985 0.032318947704015458 0.11544786664034272 -0.020203783257340947 0.14989649242999753 0.010402370499397453 -0.013683795345765248 0.058951670760192802 0.0080159428036688015 -0.036931703115824589 1.0000000180025095e-35 -0.0050929882231730995 -0.016427926504392197 -0.024783757120193945 -0.054317581960501286 0.019313327840653004 0.0084592488706331532
decision_type=2 2 2 2 2 2 2 2 2 2 2 2 2 2 2 2 2 2 2 2 2 2
left_child=1 5 15 8 10 -1 13 -8 20 14 11 -2 -6 17 -10 -3 -13 -7 -19 -20 -4 -15
right_child=4 2 3 -5 12 6 7 -9 9 -11 -12 16 -14 21 -16 -17 -18 18 19 -21 -22 -23
leaf_value=-0.01183973475504096 0.00078031369122470717 -0.020232234642794958 -0.019602398244397769 0.0091703258981559333 -0.024180964294782732 0.017211953447825439 4.4676810448653694e-05 -0.047787111050568494 -0.0096641734392799144 -0.049963331077153346 0.0035505760213055799 -0.0052655579783689446 0.010137041105081533 0.0079746545008696993 0.003240052694255167 -0.0042547650494811637 -0.021927181822709446 0.017096988665011862 -0.019755864973050472 0.0062534584354111784 0 -0.0028281397320792444
leaf_weight=2569 4388 3889 3761 8047 3647 8993 8701 369 3981 277 7234 3221 577 8612 14779 3922 3866 3741 867 7770 1755 5845
leaf_count=2569 4388 3889 3761 8047 3647 8993 8701 369 3981 277 7234 3221 577 8612 14779 3922 3866 3741 867 7770 1755 5845
internal_value=-4.14869e-07 0.00176253 -0.00246923 -0.000134255 -0.0067566 0.00536558 0.00635045 -0.00190029 -0.00318446 -0.000233094 -0.00388094 -0.0085673 -0.019489 0.00843962 0.000500741 -0.0122121 -0.0143572 0.0117087 0.00770885 0.00364034 -0.013367 0.00360593
internal_weight=110811 87878 40411 32600 22933 47467 44898 9070 24553 19037 18709 11475 4224 35828 18760 7811 7087 21371 12378 8637 5516 14457
internal_count=110811 87878 40411 32600 22933 47467 44898 9070 24553 19037 18709 11475 4224 35828 18760 7811 7087 21371 12378 8637 5516 14457
is_linear=0
shrinkage=0.0351744


Tree=113
num_leaves=23
num_cat=0
split_feature=9 13 60 20 21 65 88 26 10 90 15 33 55 33 7 7 70 28 22 22 90 48
split_gain=1045.13 868.449 791.829 766.243 631.462 597.5 592.21 562.581 532.006 516.944 493.151 510.249 458.623 453.2 507.902 435.335 437.024 433.135 396.17 389.681 388.756 383.932
threshold=0.0032962987332410005 0.080261914879065061 0.0044282579418270006 0.019097664378791002 -0.057816508389308491 0.016749106253747304 0.032754522274174407 -0.04430789638558949 -0.10871470502633969 0.031793967708981109 0.019943716421292654 0.0080869024093621015 0.00061885689684015009 0.074300406124466561 0.040064854192119456 -0.0076816021444839995 0.0028464281426778507 0.018403215921385104 0.012042788848989452 -0.0017903460815740498 -0.020382992620867596 -0.028112617401048697
decision_type=2 2 2 2 2 2 2 2 2 2 2 2 2 2 2 2 2 2 2 2 2 2
left_child=1 3 7 4 17 12 8 -2 -4 19 11 15 21 14 -10 -5 -17 20 -14 -9 -1 -6
right_child=2 -3 6 10 5 -7 -8 9 13 -11 -12 -13 18 -15 -16 16 -18 -19 -20 -21 -22 -23
leaf_value=0.004365112569239233 -0.013994388312514735 0.019987912870998541 -0.039009834321725757 -0.0035750818833782372 0.010189080894311867 0.013192144676160308 -0.023365748603352325 0.009060997716219453 -0.0029531606293576253 -0.0095346024277911025 0.0039029931059678747 0.0014871806479196024 0.013255708123616077 0.020175770935991672 -0.017404185669311047 -0.028477474235153167 -0.0073243037376971446 0.0055609596683122717 -0.00012420309033946559 -0.00098675317137688831 -0.027723843436904285 -0.004079414327362571
leaf_weight=653 3149 3477 608 3757 2964 10651 3139 10015 11174 4069 7205 5002 7513 808 4120 2838 2109 1543 4304 9123 1633 10957
leaf_count=653 3149 3477 608 3757 2964 10651 3139 10015 11174 4069 7205 5002 7513 808 4120 2838 2109 1543 4304 9123 1633 10957
internal_value=-4.16107e-07 0.00288831 -0.00403992 0.00191536 0.00475517 0.00618516 -0.00934591 -4.32554e-05 -0.00671106 0.00184917 -0.00354563 -0.00746245 0.00328479 -0.00549006 -0.00684731 -0.0126075 -0.0194634 -0.00883006 0.00838112 0.00427044 -0.0185506 -0.00104015
internal_weight=110811 64606 46205 61129 40218 36389 19849 26356 16710 23207 20911 13706 25738 16102 15294 8704 4947 3829 11817 19138 2286 13921
internal_count=110811 64606 46205 61129 40218 36389 19849 26356 16710 23207 20911 13706 25738 16102 15294 8704 4947 3829 11817 19138 2286 13921
is_linear=0
shrinkage=0.0351744


Tree=114
num_leaves=23
num_cat=0
split_feature=42 1 2 40 33 12 100 7 63 13 82 65 3 20 15 39 70 18 62 23 15 7
split_gain=1043.71 959.178 1051.08 993.494 979.741 821.486 771.897 848.175 764.988 704.739 572.202 579 569.629 552.092 544.333 521.988 496.755 469.783 531.845 453.558 441.585 425.696
threshold=0.013792871880041952 0.023233723475790755 -0.044591145506568043 0.040702931064342203 -0.058757165160958892 -0.007006876280395649 0.9043000000000001 -0.010658947213939849 -0.020484728318202899 -0.038006863382511191 -0.092819023082530885 0.017512807125124704 -0.0093031145950122976 -0.056628322399568047 -0.037504484479936144 0.012353259284163802 -0.018148667344736247 -0.041795115533322443 -0.027802873590736448 0.030013121413096051 -0.070203836539899839 0.14177564617113228
decision_type=2 2 2 2 2 2 2 2 2 2 2 2 2 2 2 2 2 2 2 2 2 2
left_child=1 2 -1 8 16 12 7 -2 -3 21 -11 13 -6 -12 -10 -7 -4 -16 -19 -5 -15 -9
right_child=6 3 4 19 5 15 -8 9 14 10 11 -13 -14 20 17 -17 -18 18 -20 -21 -22 -23
leaf_value=0.013749065382116159 0.00013181434606178059 0.0035872264810336727 -0.035009205651176607 0.019900595083078277 0.00063035798134001067 0.0025337422638933905 0.012995896831590987 -0.019814609652401279 -0.02776703442309009 0.040903588240233296 0.012526362190535382 0.0020168501987791001 0.013736487849436509 -0.037743677480142457 0.012056571586744572 -0.009870609791938904 -0.0046332216471404444 0.0069287213511506456 -0.018145934986836355 -0.007935033736076123 -0.012583506748336836 -0.058826840860844908
leaf_weight=12756 16225 4427 1214 2585 6375 13332 2881 3929 2615 299 996 4842 11526 950 1105 6125 1479 1328 4922 1005 9515 380
leaf_count=12756 16225 4427 1214 2585 6375 13332 2881 3929 2615 299 996 4842 11526 950 1105 6125 1479 1328 4922 1005 9515 380
internal_value=-4.16065e-07 0.00256598 0.00495565 -0.00444878 0.00215454 0.00363202 -0.00454103 -0.00590204 -0.00857746 -0.0105845 -0.00729317 -0.00817853 0.00907004 -0.0124873 -0.0139806 -0.0013703 -0.0183341 -0.00907622 -0.0128154 0.0121035 -0.0148697 -0.023261
internal_weight=110811 70794 52807 17987 40051 37358 40017 37136 14397 20911 16602 16303 17901 11461 9970 19457 2693 7355 6250 3590 10465 4309
internal_count=110811 70794 52807 17987 40051 37358 40017 37136 14397 20911 16602 16303 17901 11461 9970 19457 2693 7355 6250 3590 10465 4309
is_linear=0
shrinkage=0.0351744


Tree=115
num_leaves=23
num_cat=0
split_feature=68 60 62 84 33 38 65 22 46 5 20 90 2 21 21 24 9 11 11 7 42 11
split_gain=1016.04 965.506 717.978 698.643 537.713 576.225 523.452 648.238 522.536 515.212 508.568 473.78 460.837 455.094 415.27 408.93 407.717 405.594 387.968 372.572 456.099 372.121
threshold=0.0097691773441483023 0.029762319508049705 0.05058794189166866 -0.00060551956583264983 0.0080869024093621015 -0.0094656054728669992 0.019166012498228954 0.0059909898252187505 -0.0089925397433877983 0.021243967719340052 -0.035011034041886796 0.06894951333545736 -0.026423125354904098 0.065684650793708957 0.094691000577307102 -0.034659106180244745 -0.057295912137371542 -0.035411352165185296 -0.066770264626139039 -0.0033996938795331495 0.014138728682248003 -0.031165429262406796
decision_type=2 2 2 2 2 2 2 2 2 2 2 2 2 2 2 2 2 2 2 2 2 2
left_child=1 2 3 9 5 -5 7 11 -3 10 -1 19 -10 17 15 -9 -14 -7 -17 -2 -21 -18
right_child=6 8 -4 4 -6 13 -8 14 12 -11 -12 -13 16 -15 -16 18 21 -19 -20 20 -22 -23
leaf_value=0.018544420986502289 0.012477688094976923 -0.020464803917839822 -0.015159201955861044 0.00052146489889141033 0.002867305317975786 -0.028664383883305659 0.010368185092461256 0.0061341190765358605 0.0053139803253924086 -0.0035871846706090043 0.0045155570610476686 -0.022981755989243933 0.0093185246959369503 0.017349594374611463 0.023195074484209967 -0.028525876908081907 -0.035963357388660876 -0.010862668739814533 -0.0067021171692287261 0.0077885620981584056 -0.0092955109529767963 -0.010854978170363015
leaf_weight=4114 8425 4916 3947 6678 9973 2023 12349 2686 2884 6961 14370 668 846 581 639 1156 1008 7322 7898 5806 2898 2663
leaf_count=4114 8425 4916 3947 6678 9973 2023 12349 2686 2884 6961 14370 668 846 581 639 1156 1008 7322 7898 5806 2898 2663
internal_value=-3.85043e-07 -0.00265849 -0.00069608 0.000400987 -0.00358715 -0.00746493 0.00426756 0.0017704 -0.0115743 0.0045672 0.00763901 0.00607041 -0.00566634 -0.0128396 -0.00441029 -0.00591455 -0.0126806 -0.0147186 -0.00949084 0.00720457 0.00209844 -0.0177552
internal_weight=110811 68286 55969 52022 26577 16604 42525 30176 12317 25445 18484 17797 7401 9926 12379 11740 4517 9345 9054 17129 8704 3671
internal_count=110811 68286 55969 52022 26577 16604 42525 30176 12317 25445 18484 17797 7401 9926 12379 11740 4517 9345 9054 17129 8704 3671
is_linear=0
shrinkage=0.0351744


Tree=116
num_leaves=23
num_cat=0
split_feature=15 91 3 1 10 13 20 11 28 100 63 24 7 8 33 27 74 15 100 24 24 70
split_gain=998.587 1019.88 964.392 1092.42 836.964 782.324 739.818 761.423 703.28 670.327 740.785 552.836 546.841 545.309 519.411 510.571 449.975 448.539 429.294 423.695 405.153 372.197
threshold=0.04157052901458911 0.049902648300496857 -0.018201141239484946 -0.026579094057372146 -0.047346984080368797 0.013692691688807551 -0.042444575186092542 -0.036931703115824589 -0.021153922894160949 0.83610000000000018 0.007662287567705651 -0.023330194865328144 0.093828750910579212 0.0070553067841055009 -0.013399367864138497 -0.023841755025479597 0.028206958060210903 -0.037504484479936144 -0.87114999999999987 0.082957297380862258 -0.020891189558520849 0.043509811329509707
decision_type=2 2 2 2 2 2 2 2 2 2 2 2 2 2 2 2 2 2 2 2 2 2
left_child=1 2 5 6 18 8 -4 13 21 10 11 -6 16 -8 -14 -7 -9 -12 -5 -2 -3 -1
right_child=19 20 3 4 9 15 7 12 -10 -11 17 -13 14 -15 -16 -17 -18 -19 -20 -21 -22 -23
leaf_value=-0.025772591101647153 0.0080711697923461136 -0.0037159565426717824 0.018291986353957044 -0.042451048170625935 0.015904313983987887 -0.011908927476602016 -0.018273808926286154 0.0094155613622771382 -0.0062074446410279012 0.01387105597004802 -0.024997088498395114 -0.0023217882253508833 -0.057562104220868368 0.014012797836661556 0.0047486148203013563 0.0059799657991766236 -0.0046479985127354084 -0.0062382806634028575 -0.012743950915509663 -0.013629596284031459 -0.023637604491409357 0.0033405941654008646
leaf_weight=4239 20022 1992 5311 736 2893 2637 2846 18505 12137 3298 2195 7138 318 837 344 7847 3318 5615 3321 1178 3462 622
leaf_count=4239 20022 1992 5311 736 2893 2637 2846 18505 12137 3298 2195 7138 318 837 344 7847 3318 5615 3321 1178 3462 622
internal_value=-3.64843e-07 -0.00162463 -0.000669123 0.00195268 -0.00350534 -0.00607655 0.00632184 0.00389167 -0.0107374 -0.000695968 -0.00338979 0.00293325 0.00632049 -0.0109315 -0.0251649 0.00147874 0.00727654 -0.011513 -0.0181389 0.00686446 -0.0163649 -0.0220439
internal_weight=110811 89611 84157 56675 25196 27482 31479 26168 16998 21139 17841 10031 22485 3683 662 10484 21823 7810 4057 21200 5454 4861
internal_count=110811 89611 84157 56675 25196 27482 31479 26168 16998 21139 17841 10031 22485 3683 662 10484 21823 7810 4057 21200 5454 4861
is_linear=0
shrinkage=0.0351744


Tree=117
num_leaves=23
num_cat=0
split_feature=62 21 13 94 33 65 48 20 67 13 15 100 3 26 68 11 28 63 33 12 11 63
split_gain=993.217 914.232 936.98 700.883 662.035 626 565.673 548.412 705.482 516.336 515.372 512.711 413.175 374.564 410.434 362.364 359.857 358.301 401.8 354.012 372.81 351.473
threshold=1.0000000180025095e-35 -0.032435441913664896 0.028915617859504403 -0.034735323223336646 0.013396978080533601 -0.025371243229816647 0.00062592272058710019 -0.0025227824634523996 0.0012271642723828003 -0.0085981386328196473 -0.0053881507231608988 -0.050699999999999988 -0.070993857370241539 0.039154389960133658 -0.044219091239552193 0.032730082047951463 -0.047520554401314898 -0.023553704180568544 -0.049481334024252747 0.038890464653085453 0.0081466362428805009 0.028632470638342251
decision_type=2 2 2 2 2 2 2 2 2 2 2 2 2 2 2 2 2 2 2 2 2 2
left_child=3 4 5 17 11 -3 9 -8 -9 19 13 -2 -13 14 -7 -16 -14 -1 -19 -5 -21 -4
right_child=1 2 21 6 -6 10 7 8 -10 -11 -12 12 16 -15 15 -17 -18 18 -20 20 -22 -23
leaf_value=0.0060301500082390169 -0.027766804644082342 -0.013331209532451534 0.01059585837699673 0.0060956501167010301 -0.0011840470371268094 -0.031254503268404565 0.0067489288464212668 -0.012463409772685749 0.0042040086649745394 0.012800219772416355 0.0031275454810089035 -0.039126930986136163 -0.033291738092537798 0.0092914525773697635 -0.011204906864504649 0.0056760167527313407 0.00017665399430750561 -0.03167400301876503 -0.0068970252232369335 -0.019691252146336165 0.0090071993352042884 -0.0054763739324821684
leaf_weight=1995 3681 7051 9298 8127 4367 975 10706 6250 6316 14576 13651 496 464 1497 6591 2065 2760 989 4485 1537 880 2054
leaf_count=1995 3681 7051 9298 8127 4367 975 10706 6250 6316 14576 13651 496 464 1497 6591 2065 2760 989 4485 1537 880 2054
internal_value=-3.81494e-07 -0.00335812 -0.000989194 0.0033023 -0.0120492 -0.00408381 0.00485039 0.000898498 -0.00408466 0.00851086 -0.00145166 -0.0184578 -0.00924116 -0.00707055 -0.00961563 -0.00717579 -0.00463643 -0.00672551 -0.0113774 0.00257958 -0.00923572 0.00768629
internal_weight=110811 54950 43182 55861 11768 31830 48392 23272 12566 25120 24779 7401 3720 11128 9631 8656 3224 7469 5474 10544 2417 11352
internal_count=110811 54950 43182 55861 11768 31830 48392 23272 12566 25120 24779 7401 3720 11128 9631 8656 3224 7469 5474 10544 2417 11352
is_linear=0
shrinkage=0.0351744


Tree=118
num_leaves=23
num_cat=0
split_feature=38 7 42 100 63 1 91 4 100 4 74 22 3 13 55 11 22 21 18 64 69 68
split_gain=984.829 867.624 761.732 661.86 673.058 740.767 624.075 595.371 601.741 588.844 530.034 502.023 486.469 460.092 444.06 442.956 446.578 404.652 401.453 395.495 382.172 350.519
threshold=-0.0041828293153920492 -0.013196052642705647 -0.023115173182656396 0.74330000000000018 -0.0077499775431984488 -0.053425154210583241 0.051275884073234711 0.056582114999538156 -0.94494999999999985 -0.13769199117331887 0.027673106704240204 -0.0068362267874764486 -0.018201141239484946 -0.06844015532184268 0.0018816671190362002 0.051753899536745855 0.030838190855477253 0.032476060363837655 -0.030323659442002895 -0.0033254656561646999 0.011582551100228652 -0.041423032919771889
decision_type=2 2 2 2 2 2 2 2 2 2 2 2 2 2 2 2 2 2 2 2 2 2
left_child=6 9 -3 4 13 12 7 8 -1 -2 15 14 -6 -4 -10 16 -11 20 -13 -15 -7 -14
right_child=1 2 3 -5 5 17 -8 -9 11 10 -12 18 21 19 -16 -17 -18 -19 -20 -21 -22 -23
leaf_value=-0.020679080303174287 0.024317554469167935 0.0025142991881308796 -0.031967963703833854 0.0024245878223357704 -0.020951867839369323 -0.03449629096827924 -0.01197297257301432 0.014171350415119561 0.0031295208723339982 0.0035517095607376734 -0.010493558843202406 0.0084818439070998338 -0.033791590569583294 -0.010284466204707795 0.013993737568793388 0.014305703373252463 -0.011078375469861478 -0.0069113152698294777 -0.0026307478729558505 0.005724675200289746 -0.01653376096922422 0.0056264428610563536
leaf_weight=1294 1364 8232 698 4520 1896 4079 3025 6770 10658 12514 4381 5306 310 3750 8271 3538 3252 1365 16621 3888 2295 2784
leaf_count=1294 1364 8232 698 4520 1896 4079 3025 6770 10658 12514 4381 5306 310 3750 8271 3538 3252 1365 16621 3888 2295 2784
internal_value=-3.76397e-07 -0.0031155 -0.00679085 -0.00978544 -0.0124062 -0.0174947 0.00352948 0.00448846 0.00293278 0.00184569 0.000550694 0.00368111 -0.00692246 -0.00463389 0.00787758 0.00305809 0.000532873 -0.0243091 5.76154e-05 -0.00213315 -0.028032 0.00167004
internal_weight=110811 58866 33817 25585 21065 12729 51945 48920 42150 25049 23685 40856 4990 8336 18929 19304 15766 7739 21927 7638 6374 3094
internal_count=110811 58866 33817 25585 21065 12729 51945 48920 42150 25049 23685 40856 4990 8336 18929 19304 15766 7739 21927 7638 6374 3094
is_linear=0
shrinkage=0.0351744


Tree=119
num_leaves=23
num_cat=0
split_feature=24 62 42 1 3 18 69 30 2 43 20 7 13 49 90 27 11 31 100 55 3 63
split_gain=975.834 904.849 919.149 659.303 732.14 729.49 636.862 563.058 559.621 570.153 526.603 483.939 518.349 462.229 439.765 432.974 428.887 424.634 398.862 392.837 382.895 372.29
threshold=0.042200811811707102 -0.040755673955454298 0.013792871880041952 0.023233723475790755 -0.014607084514512749 -0.046422739757496341 -0.026133412875384395 0.010184011046255402 -0.033537658747142589 0.044951304415054662 0.038727575202615307 -0.03538481254583959 -0.020006028765910445 -0.054548338616430096 0.048154998059392308 -0.020706456792368797 -0.044922168986462195 0.0069776277997901015 -0.63704999999999989 0.057061310748824458 0.12302585330801862 0.031761372983208559
decision_type=2 2 2 2 2 2 2 2 2 2 2 2 2 2 2 2 2 2 2 2 2 2
left_child=1 13 3 4 8 -5 -4 19 -3 -10 14 -8 18 -1 -6 -2 -14 -11 -13 -7 -9 -18
right_child=15 2 6 5 10 7 11 20 9 17 -12 12 16 -15 -16 -17 21 -19 -20 -21 -22 -23
leaf_value=-0.0081759090768806653 -0.014996256918755509 0.0098867608391320673 -0.015373245386334191 0.015428021819883696 0.012289760422364225 -0.0038043183435281058 0.0065021249478882928 -0.021186128493624567 -0.0025478937506368871 -0.012143635300331324 -0.0025079629190046661 -0.028520454211134649 -0.016403938059363608 0.01372203591314638 -0.0091243574233991626 -0.0036207090858912049 0.0047435843741150188 -0.054773697011053904 -0.0078808453444854376 0.026169656604797052 0.010242324433351806 -0.013641088774494242
leaf_weight=1361 6062 3971 5653 1974 20083 5098 5892 3900 8653 776 4267 1655 1898 9585 1260 13073 8543 462 3873 605 546 1621
leaf_count=1361 6062 3971 5653 1974 20083 5098 5892 3900 8653 776 4267 1655 1898 9585 1260 13073 8543 462 3873 605 546 1621
internal_value=-3.6908e-07 0.00150751 0.000220535 0.0030411 0.00524485 -0.00413281 -0.0047738 -0.00793926 -0.00126545 -0.00574457 0.00876933 -0.00222132 -0.00514433 0.0109977 0.0110247 -0.00722547 -0.00105508 -0.028071 -0.0140637 -0.000620967 -0.0173225 0.00180971
internal_weight=110811 91676 80730 51595 39472 12123 29135 10149 13862 9891 25610 23482 17590 10946 21343 19135 12062 1238 5528 5703 4446 10164
internal_count=110811 91676 80730 51595 39472 12123 29135 10149 13862 9891 25610 23482 17590 10946 21343 19135 12062 1238 5528 5703 4446 10164
is_linear=0
shrinkage=0.0351744


Tree=120
num_leaves=23
num_cat=0
split_feature=100 13 3 1 28 28 11 31 24 48 14 15 60 1 21 17 74 80 46 39 20 12
split_gain=945.196 910.515 1040.6 725.509 595.813 592.245 565.033 533.968 534.152 500.452 462.733 434.06 421.371 417.038 413.368 411.649 409.72 396.101 385.553 382.127 372.014 360.897
threshold=-0.95304999999999984 0.012408308488798852 -0.018201141239484946 -0.059689191467348142 0.006671805578262701 -0.021153922894160949 -0.085845825222668787 0.032703007768093859 0.074672856087230108 -0.0042156810533741486 -0.014147622873375799 0.062598133732963204 0.024866537640562205 -0.097962575394615142 0.014634885021916151 -0.030874932191312297 0.079288360172365513 0.031415986468218159 -0.013054844364028999 0.071452839773501961 0.020589709066912102 0.036106362989118457
decision_type=2 2 2 2 2 2 2 2 2 2 2 2 2 2 2 2 2 2 2 2 2 2
left_child=13 2 5 19 14 10 11 8 9 -8 -2 -3 -7 -1 15 -5 -9 -17 -6 21 -11 -4
right_child=1 6 3 4 18 12 7 16 -10 20 -12 -13 -14 -15 -16 17 -18 -19 -20 -21 -22 -23
leaf_value=0.001091033710242913 -0.0053126009222018 -0.019194824729208363 0.012094404079540464 -0.023052099913787628 -0.004567807799317169 -0.0013954140529792466 0.009978501361686553 0.015511124445311397 -0.013922191259375523 0.0044022769189019859 -0.0254885490441898 0.011207840535566052 -0.015197264866194259 -0.021628721314801754 0.0014385528694614352 -0.0032795721098149515 -0.042964824376942871 -0.023871443851562035 0.0079006803420423773 -0.027721151730336561 -0.0074534105544560589 -0.0020212554170890222
leaf_weight=1399 2292 2006 10205 2433 4665 11718 13584 7349 1956 10462 3650 817 3572 3489 5627 7102 151 1381 8958 360 4766 2869
leaf_count=1399 2292 2006 10205 2433 4665 11718 13584 7349 1956 10462 3650 817 3572 3489 5627 7102 151 1381 8958 360 4766 2869
internal_value=-3.93789e-07 0.000697324 -0.00189879 0.00121065 -0.00181686 -0.00828476 0.00479377 0.00591434 0.00386218 0.00507018 -0.0177093 -0.01039 -0.00462097 -0.0151229 -0.00630313 -0.0102953 0.0143307 -0.00663421 0.0036298 0.00801007 0.000690598 0.00899556
internal_weight=110811 105923 64832 43600 30166 21232 41091 38268 30768 28812 5942 2823 15290 4888 16543 10916 7500 8483 13623 13434 15228 13074
internal_count=110811 105923 64832 43600 30166 21232 41091 38268 30768 28812 5942 2823 15290 4888 16543 10916 7500 8483 13623 13434 15228 13074
is_linear=0
shrinkage=0.0351744


Tree=121
num_leaves=23
num_cat=0
split_feature=11 38 21 27 11 28 55 80 1 48 14 40 15 2 82 70 100 49 7 31 3 20
split_gain=921.185 937.15 749.094 601.612 600.653 583.099 533.826 532 487.644 473.84 473.46 461.085 427.224 422.678 506.025 520.664 411.535 403.439 377.551 376.531 369.082 396.854
threshold=0.038712187538076655 0.00068659218048130013 -0.011726561487439799 0.0038038951202760507 -0.11004754385454064 0.020302535926193455 0.015829501149417703 0.0056262140522341008 -0.0011303825497638498 -0.007416445012973949 -0.0086876557383081983 1.0000000180025095e-35 0.010255899236185102 -0.074804891597230638 -0.027080877327244648 0.03760517567366406 -0.96374999999999988 0.046966224869122754 0.11956118293705177 0.035269513290677353 0.032152788056008304 0.053133446371368909
decision_type=2 2 2 2 2 2 2 2 2 2 2 2 2 2 2 2 2 2 2 2 2 2
left_child=1 4 5 9 -1 7 8 -3 16 20 -10 18 -11 -9 -15 -16 -6 -8 -2 -18 -4 -22
right_child=11 2 3 -5 6 -7 17 13 10 12 -12 -13 -14 14 15 -17 19 -19 -20 -21 21 -23
leaf_value=-0.017063619215021423 0.0027601930057601855 -0.0091103530517563421 -0.0055912899831929829 0.0045305658377352842 -0.026028072207762619 -0.00062394742967374712 0.006572342890619625 0.0065110005931055415 0.002080564362247577 -0.017172963499234362 -0.015177235062217246 0.011006870321393407 -0.0014420121949994614 -0.002624761772190115 -0.038750980906503009 0.0028495291553660433 0.0015108482117018123 0.026434342011506035 -0.025320948885626682 0.01366452664061203 0.019169985529671051 -0.016810121307287262
leaf_weight=2000 12755 5932 3887 10473 596 4125 10526 479 3612 5872 4314 11748 3361 783 3164 421 18524 1439 621 3802 1904 473
leaf_count=2000 12755 5932 3887 10473 596 4125 10526 479 3612 5872 4314 11748 3361 783 3164 421 18524 1439 621 3802 1904 473
internal_value=-4.20654e-07 -0.00173716 -0.00558894 -0.00198081 0.0017757 -0.0118749 0.00265622 -0.0161788 0.000209517 -0.00638233 -0.00731061 0.00592214 -0.0114485 -0.0248255 -0.0282659 -0.0338611 0.0028106 0.00896281 0.00145495 0.00358139 0.00108256 0.0120026
internal_weight=110811 85687 40874 25970 44813 14904 42813 10779 30848 15497 7926 25124 9233 4847 4368 3585 22922 11965 13376 22326 6264 2377
internal_count=110811 85687 40874 25970 44813 14904 42813 10779 30848 15497 7926 25124 9233 4847 4368 3585 22922 11965 13376 22326 6264 2377
is_linear=0
shrinkage=0.0351744


Tree=122
num_leaves=23
num_cat=0
split_feature=60 65 21 33 100 7 24 52 62 82 91 22 28 20 3 5 15 24 3 68 26 94
split_gain=917.637 936.088 899.091 996.308 917.811 906.839 637.394 577.897 570.188 562.835 505.336 445.183 415.129 404.071 380.544 374.045 326.351 333.982 316.504 311.916 302.982 291.797
threshold=0.049618456381192604 0.016749106253747304 0.05287311430924841 0.025614083537941906 0.63705000000000012 -0.010658947213939849 0.0050111687950766511 -0.024410363972578095 -0.030330034889849849 -0.092819023082530885 0.03710395961764696 0.00085113390070050009 -0.032760649089473293 0.073492131989936663 -0.021079018721210045 -0.0067850973737058487 0.072805073274179413 -0.04632313950314474 0.022092794498701402 -0.028922918696650396 -0.091948524763022996 -0.062619008951029634
decision_type=2 2 2 2 2 2 2 2 2 2 2 2 2 2 2 2 2 2 2 2 2 2
left_child=1 2 3 4 5 8 15 -2 -1 -8 -6 -5 13 20 -10 -7 17 -9 -13 -19 -3 -14
right_child=7 12 -4 11 10 6 9 16 14 -11 -12 18 21 -15 -16 -17 -18 19 -20 -21 -22 -23
leaf_value=0.014163842122109267 0.0055362464955296753 -0.062228686327063701 0.010397659960634412 0.010608619885620138 0.0050379247571206874 -0.00019258076388603104 0.057090705765986897 0.00024889969425206704 -0.013688598590321469 -0.020452419376870232 -0.01671760581226843 -0.0090665193803283594 -0.013612330061527953 -0.024890807965058416 -0.00055512336326946738 -0.0134184040056569 0.008911825475469105 -0.035402594046920699 0.0067132141668709289 -0.016140125938764564 0.0027829593879735272 0.0091897247320409971
leaf_weight=2417 2168 90 7448 8675 12476 5202 117 1108 3870 9342 1477 3354 716 811 9272 5389 638 1380 2960 4255 5384 22262
leaf_count=2417 2168 90 7448 8675 12476 5202 117 1108 3870 9342 1477 3354 716 811 9272 5389 638 1380 2960 4255 5384 22262
internal_value=-4.09953e-07 0.000982385 -0.00117347 -0.00250884 -0.00491219 -0.00790858 -0.0128534 -0.010424 -0.0015353 -0.0194905 0.00273362 0.0054368 0.00628722 -0.00172111 -0.004424 -0.00692393 -0.0151142 -0.0173901 -0.00166637 -0.0208613 0.00170921 0.00847839
internal_weight=110811 101262 71999 64551 49562 35609 20050 9549 15559 9459 13953 14989 29263 6285 13142 10591 7381 6743 6314 5635 5474 22978
internal_count=110811 101262 71999 64551 49562 35609 20050 9549 15559 9459 13953 14989 29263 6285 13142 10591 7381 6743 6314 5635 5474 22978
is_linear=0
shrinkage=0.0351744


Tree=123
num_leaves=23
num_cat=0
split_feature=9 13 2 3 3 8 28 21 24 18 11 1 63 22 38 42 23 1 58 74 70 25
split_gain=906.242 736.364 708.588 1028.5 644.7 605.379 578.509 636.131 653.927 605.605 572.003 553.732 651.203 511.353 498.784 444.589 409.99 470.889 409.236 395.267 399.274 391.082
threshold=0.0032962987332410005 0.080261914879065061 -0.036110331403089592 0.098637426988032517 0.044148753684022261 -0.030701032930844748 0.020739376983560903 0.05287311430924841 0.036742671097138455 0.012771459750820202 0.035064526129068407 0.036597395995265555 -0.023931174831163946 0.038020389250850356 -0.0014003696965944497 -0.016822155305638294 -0.0095574419579263995 0.1228346226945554 0.0028636511296203505 0.030465145497032203 0.040908107034118103 -0.017865221502436999
decision_type=2 2 2 2 2 2 2 2 2 2 2 2 2 2 2 2 2 2 2 2 2 2
left_child=1 4 11 5 6 15 7 8 10 21 14 13 -13 -2 -1 -4 17 -17 -14 -7 -21 -8
right_child=2 -3 3 -5 -6 19 9 -9 -10 -11 -12 12 18 -15 -16 16 -18 -19 -20 20 -22 -23
leaf_value=0.00082828580691552062 0.009975977017943484 0.018435208684326944 -0.0058233214858235856 0.0077670512331593717 0.0084074822150483376 -0.0039193725241274185 -0.00026832392254035861 0.01102653215650347 -0.016120122986821108 -0.0043049092242959325 0.0079121863958938193 0.012704186486927265 -0.026503286458854056 -0.0082561394125073451 -0.010715196012073283 -0.04338125330706831 -0.015538597537463261 -0.00070767183706586063 -0.0019592749994355408 -0.023830820681320152 0.012969460500664293 0.015426715244888258
leaf_weight=9077 9268 3477 2432 4876 14045 14481 2767 3666 4982 4948 5441 1353 1982 2394 9450 1780 2944 391 1462 2413 429 6753
leaf_count=9077 9268 3477 2432 4876 14045 14481 2767 3666 4982 4948 5441 1353 1982 2394 9450 1780 2944 391 1462 2413 429 6753
internal_value=-4.00524e-07 0.00268953 -0.00376194 -0.00700222 0.0017936 -0.00989858 -0.000178967 -0.00277608 -0.00452456 0.00567467 -0.00211352 0.00209314 -0.00796466 0.00623176 -0.0050588 -0.018214 -0.0241017 -0.035704 -0.0160896 -0.00627476 -0.0182695 0.0108633
internal_weight=110811 64606 46205 29746 61129 24870 47084 32616 28950 14468 23968 16459 4797 11662 18527 7547 5115 2171 3444 17323 2842 9520
internal_count=110811 64606 46205 29746 61129 24870 47084 32616 28950 14468 23968 16459 4797 11662 18527 7547 5115 2171 3444 17323 2842 9520
is_linear=0
shrinkage=0.0351744


Tree=124
num_leaves=23
num_cat=0
split_feature=68 60 34 33 52 55 28 15 31 28 90 74 46 39 22 21 42 3 2 60 19 24
split_gain=897.149 811.857 648.884 482.351 472.639 472.625 452.241 439.485 438.596 446.4 404.923 427.424 393.598 390.717 377.098 366.911 354.432 332.93 330.25 328.195 326.387 319.65
threshold=0.0097691773441483023 0.029762319508049705 0.004780586536138001 0.0080869024093621015 -0.017315332749570745 0.010551932312396503 0.05810655260572601 -0.053498587056858643 0.04078682522013586 -0.035283514860087038 0.049319778396182755 0.043868020411994953 -0.0030377835467881495 -0.022728043111145544 0.076900539551017361 -0.0083109622227500995 0.035962342846078459 0.074100252000834463 0.010286820979613302 0.0063888206764868508 -0.020126578534511996 0.00080144080836265009
decision_type=2 2 2 2 2 2 2 2 2 2 2 2 2 2 2 2 2 2 2 2 2 2
left_child=1 2 3 8 20 10 7 -4 9 15 11 17 21 -11 -7 -1 -9 -2 -14 -15 -3 -6
right_child=5 4 6 -5 12 14 -8 16 -10 13 -12 -13 18 19 -16 -17 -18 -19 -20 -21 -22 -23
leaf_value=-0.029910808219508214 0.0022919006917000041 0.012092867136000343 -0.02008135054270372 0.0081556148892710807 -0.012828160419453597 0.010696670620340716 0.0087109339453099871 -0.0027364765426841631 0.012521223555329733 0.01015161715097857 -0.01357105514529239 -0.011995802384578766 0.00016296340892322527 0.00017776866178006493 -0.011163687761629841 -0.0057071241712032096 -0.015822615390520749 0.014575264185948959 -0.01943248248420985 -0.014755262240230363 -0.0089555358287098201 -0.032358012344795892
leaf_weight=1206 20353 1550 2632 12155 1997 13594 2679 16509 2626 3446 2089 2284 2586 7057 1051 2174 3032 3154 1806 2453 2212 2166
leaf_count=1206 20353 1550 2632 12155 1997 13594 2679 16509 2626 3446 2089 2284 2586 7057 1051 2174 3032 3154 1806 2453 2212 2166
internal_value=-3.99904e-07 -0.00249815 -0.000698625 0.00268571 -0.0106738 0.00401006 -0.00493678 -0.00658654 -0.000819767 -0.00296544 0.00132177 0.00252877 -0.015243 3.21087e-06 0.00912662 -0.0143491 -0.0047679 0.00394079 -0.00789137 -0.00367248 -0.000278713 -0.0229944
internal_weight=110811 68286 55969 31117 12317 42525 24852 22173 18962 16336 27880 25791 8555 12956 14645 3380 19541 23507 4392 9510 3762 4163
internal_count=110811 68286 55969 31117 12317 42525 24852 22173 18962 16336 27880 25791 8555 12956 14645 3380 19541 23507 4392 9510 3762 4163
is_linear=0
shrinkage=0.0351744


Tree=125
num_leaves=23
num_cat=0
split_feature=62 26 70 5 24 21 74 15 51 77 65 23 9 42 38 42 28 11 60 13 3 20
split_gain=880.446 822.415 651.294 836.652 610.857 608.99 528.729 516.331 505.141 496.469 476.952 469.874 455.438 431.233 408.216 369.748 362.697 354.272 322.376 305.578 300.792 311.489
threshold=1.0000000180025095e-35 0.0020635675598760003 -0.025535143848342396 0.031675543499455908 0.019343722235856151 -0.057816508389308491 0.027673106704240204 -0.031315377374797344 0.028524316848471003 0.023762462353095152 -0.021066911378414644 0.021095138001747952 -0.029002966875096247 0.025696687737447703 -0.032033372857961442 -0.011504568831725999 0.012797333131448303 0.016785010834436401 0.0054084601427213013 0.017026890768600051 -0.050567580174565745 -0.037710914662465546
decision_type=2 2 2 2 2 2 2 2 2 2 2 2 2 2 2 2 2 2 2 2 2 2
left_child=2 4 3 18 9 -3 16 -5 11 13 -10 12 -4 -2 -14 -16 17 20 -1 -6 -7 -22
right_child=1 5 8 7 19 6 -8 -9 10 -11 -12 -13 14 -15 15 -17 -18 -19 -20 -21 21 -23
leaf_value=0.0070629555856810263 0.0024726595140644966 -0.016678422776691064 0.011103005221770438 -0.03882113364069583 -0.020134183805294401 -0.018372226334403132 -0.0084543952934104764 -0.0095690568653897384 -0.013742243622522471 -0.015072457635086233 0.0033121239270168866 0.01328483660694877 0.013549498410720572 -0.012169013451776775 0.0063874444277173155 -0.0062753484712514138 0.010837607369848339 0.0082460289761001841 -0.0065195318852782676 -0.006461296172227622 0.014683102403148707 -0.0041296520664479489
leaf_weight=5515 11013 2210 8071 1071 5592 1368 4464 2472 2958 3851 6456 10644 2562 3215 4381 8176 7904 5484 3555 3175 1370 5304
leaf_count=5515 11013 2210 8071 1071 5592 1368 4464 2472 2958 3851 6456 10644 2562 3215 4381 8176 7904 5484 3555 3175 1370 5304
internal_value=-4.02627e-07 -0.00316179 0.00310913 -0.00392299 -0.00756468 0.00104345 0.00255672 -0.0184176 0.00516039 -0.00386855 -0.00204496 0.0071657 0.00435629 -0.000834749 0.000753494 -0.00185609 0.00485122 0.00135172 0.00173743 -0.0151846 -0.00334765 -0.000265122
internal_weight=110811 54950 55861 12613 26846 28104 25894 3543 43248 18079 9414 33834 23190 14228 15119 12557 21430 13526 9070 8767 8042 6674
internal_count=110811 54950 55861 12613 26846 28104 25894 3543 43248 18079 9414 33834 23190 14228 15119 12557 21430 13526 9070 8767 8042 6674
is_linear=0
shrinkage=0.0351744


Tree=126
num_leaves=23
num_cat=0
split_feature=34 63 24 91 94 100 68 65 3 46 38 60 13 33 62 2 1 6 40 62 74 2
split_gain=866.655 888.612 727.964 787.072 715.734 703.708 668.088 581.643 548.121 540.119 420.227 413.73 381.355 391.759 377.946 376.604 372.384 343.378 337.983 326.148 317.289 328.099
threshold=0.051907964861713458 0.0047384361333897016 -0.034659106180244745 0.032937588444663407 -0.058389866392489047 -0.97184999999999988 -0.018922647254576996 0.025871621582135806 0.042096081610435959 -0.00092622137710719993 -0.013835001171003699 0.049618456381192604 -0.011991856928274197 0.061639022915798355 -0.040755673955454298 0.006397944390687701 0.010951438399460502 0.060211654634231761 0.069814290944982108 -0.044810858961301943 0.026240758501236153 -0.0027247998731344497
decision_type=2 2 2 2 2 2 2 2 2 2 2 2 2 2 2 2 2 2 2 2 2 2
left_child=1 2 -1 5 -3 -4 9 12 10 11 -8 -6 13 -7 -12 -14 -16 18 -2 -5 -21 -22
right_child=17 4 3 19 6 7 8 -9 -10 -11 14 -13 15 -15 16 -17 -18 -19 -20 20 21 -23
leaf_value=0.012237257287665768 -0.014699037389829871 -0.025303789607401306 -0.032784426451827622 0.012156957413760867 -0.01311174904328063 -0.0041230267652469284 0.0042263401839061658 0.01351324392410929 0.0085934394025913574 -0.0012555784116255113 0.010151603344976447 -0.043319920566429866 0.010385713304263531 0.023167441461782966 -0.0043193559628501507 0.00045883128478053101 -0.018538175203113821 0.003772253592351569 0.012343558995109014 -0.0078834388184602401 -0.011821838673843409 -0.04596721393492112
leaf_weight=10717 7840 1660 640 689 5445 11377 8773 7059 8396 5858 1692 626 9494 690 10169 9427 2939 1912 616 3390 747 655
leaf_count=10717 7840 1660 640 689 5445 11377 8773 7059 8396 5858 1692 626 9494 690 10169 9427 2939 1912 616 3390 747 655
internal_value=-4.03498e-07 0.000998868 0.00401323 0.00201732 -0.00263225 0.00378502 -0.00177446 0.00440074 0.000875766 -0.00887821 -0.00187237 -0.0162304 0.00232433 -0.00256087 -0.00548864 0.00544077 -0.00750888 -0.0096826 -0.0127269 -0.0104565 -0.0137116 -0.0277896
internal_weight=110811 100443 54885 44168 45558 38687 43898 38047 31969 11929 23573 6071 30988 12067 14800 18921 13108 10368 8456 5481 4792 1402
internal_count=110811 100443 54885 44168 45558 38687 43898 38047 31969 11929 23573 6071 30988 12067 14800 18921 13108 10368 8456 5481 4792 1402
is_linear=0
shrinkage=0.0351744


Tree=127
num_leaves=23
num_cat=0
split_feature=62 11 21 33 15 24 42 26 27 12 48 40 38 63 1 39 30 65 15 60 31 11
split_gain=849.552 819.438 751.718 759.479 708.587 716.157 581.021 563.213 517.332 479.71 424.818 406.188 397.857 394.771 387.335 370.343 341.258 334.269 323.623 368.467 319.591 307.5
threshold=0.05058794189166866 0.04206493927765801 0.10525850206223876 0.025614083537941906 -0.053498587056858643 0.058382160598445261 -0.0031543609963557494 0.027225598304078006 -0.024753947464252395 0.021176743249152204 -0.0087070394159805987 -0.010834618879960749 0.016249684598347403 -0.021363427780090694 0.027897564576369851 0.017698831920757253 -0.0057477250633212991 0.016313216206701404 0.088755355054549304 0.029762319508049705 0.026418065511907302 -0.11004754385454064
decision_type=2 2 2 2 2 2 2 2 2 2 2 2 2 2 2 2 2 2 2 2 2 2
left_child=1 2 3 4 8 6 10 -8 13 14 -6 20 -7 -1 -5 -2 -10 -18 19 -11 -3 -16
right_child=15 11 -4 9 5 12 7 -9 16 18 -12 -13 -14 -15 21 -17 17 -19 -20 -21 -22 -23
leaf_value=-0.0068500637531621212 -0.0049905093984920117 -0.0031120905099014575 0.021178224413608462 0.012591138582661544 0.010407212218664188 -0.007840174407323184 -0.0062989869006787958 0.0062296664667478652 0.0028724261027801585 -0.00075047479065550038 3.2340453489896214e-05 0.011398205111197563 -0.030131614507098316 -0.037921262063688517 -0.031298804257360598 -0.019776126012785875 -0.023105851148916362 0.003662204941427463 0.025594314114558356 -0.022775195430067174 0.011027286530872324 0.0024260088467893512
leaf_weight=768 5869 6070 1900 9278 7919 3047 22129 5552 2306 4393 12745 11893 1470 1491 377 3264 1999 810 448 1196 2933 2954
leaf_count=768 5869 6070 1900 9278 7919 3047 22129 5552 2306 4393 12745 11893 1470 1491 377 3264 1999 810 448 1196 2933 2954
internal_value=-3.95132e-07 0.000922507 -0.000683309 -0.00121013 -0.00313057 -0.00170532 -0.000453504 -0.00378548 -0.0133452 0.00499291 0.00400913 0.0071312 -0.0150992 -0.0273665 0.00889708 -0.0102768 -0.00714891 -0.0153814 -0.00315866 -0.00546709 0.00149251 -0.0013873
internal_weight=110811 101678 80782 78882 60236 52862 48345 27681 7374 18646 20664 20896 4517 2259 12609 9133 5115 2809 6037 5589 9003 3331
internal_count=110811 101678 80782 78882 60236 52862 48345 27681 7374 18646 20664 20896 4517 2259 12609 9133 5115 2809 6037 5589 9003 3331
is_linear=0
shrinkage=0.0351744


Tree=128
num_leaves=23
num_cat=0
split_feature=15 12 1 63 23 7 26 37 28 48 19 20 38 43 29 74 74 94 13 2 22 30
split_gain=832.014 846.859 1012.31 1122.1 1032.64 840.53 643.977 579.511 574.528 532.919 447.017 444.815 432.637 431.687 515.692 418.123 414.774 410.316 392.323 391.92 384.762 384.689
threshold=0.04558573552231001 0.021176743249152204 0.014690404804428502 0.018410921917231305 0.0093771860272097527 0.08113326105371936 0.0020635675598760003 -0.023067659410665745 0.013634829038544802 -0.031195470999521798 -0.013965919368501448 -0.0020893519732245497 -0.012255163330528547 0.034031721462309858 0.011085532995624552 -0.0075147203794968991 0.013908713180713751 -0.013376489742021548 -0.026530157796569896 -0.096197257889215987 0.029488989707439756 0.012836534042077253
decision_type=2 2 2 2 2 2 2 2 2 2 2 2 2 2 2 2 2 2 2 2 2 2
left_child=1 2 4 13 5 8 10 19 15 -6 17 20 -5 14 -4 -1 -8 -3 -19 -7 -11 -12
right_child=-2 6 3 12 9 7 16 -9 -10 11 21 -13 -14 -15 -16 -17 -18 18 -20 -21 -22 -23
leaf_value=0.0045611862718228941 0.0066921508560191037 -0.017723454075116673 0.0028552666089690986 -0.0064736627107478562 0.022749369828007539 0.04491060637092413 0.0027560429523087039 -0.0070687533412788174 0.0087279324580904344 0.016756468949584696 -0.010885485225305906 0.0010045298438071779 -0.027643472231856113 0.014514367042056055 -0.01487253415550535 -0.0069149281649616631 -0.0098342062397657436 -0.016453217634858557 0.0089227852757147851 -0.046156476297405533 -0.00077474312540179219 -0.026667874676678929
leaf_weight=6282 19034 1930 5538 1852 3209 62 9967 1750 8247 6542 4666 7823 3376 1989 3204 10477 4794 1028 2823 948 2027 3243
leaf_count=6282 19034 1930 5538 1852 3209 62 9967 1750 8247 6542 4666 7823 3376 1989 3204 10477 4794 1028 2823 948 2027 3243
internal_value=-3.85809e-07 -0.00138857 0.000875968 -0.00678537 0.00345761 -0.000905453 -0.00642951 -0.0193262 0.00112716 0.00963895 -0.0119246 0.00707116 -0.0201478 -0.000273633 -0.00364034 -0.00261219 -0.00133189 -0.00448617 0.00214409 -0.0405434 0.0126076 -0.0173594
internal_weight=110811 91777 63326 15959 47367 27766 28451 2760 25006 19601 13690 16392 5228 10731 8742 16759 14761 5781 3851 1010 8569 7909
internal_count=110811 91777 63326 15959 47367 27766 28451 2760 25006 19601 13690 16392 5228 10731 8742 16759 14761 5781 3851 1010 8569 7909
is_linear=0
shrinkage=0.0351744


Tree=129
num_leaves=23
num_cat=0
split_feature=68 84 93 74 12 24 24 55 4 21 22 7 63 15 46 18 83 21 15 70 34 75
split_gain=814.463 729.199 636.993 560.586 493.419 461.165 449.447 444.428 429.873 441.942 416.117 388.825 385.391 404.146 364.391 363.337 358.222 349.694 349.047 351.243 337.255 307.961
threshold=0.0097691773441483023 -0.00089888307770504981 0.032015482234156102 0.025741894806339701 0.021176743249152204 0.018385679462737854 0.10994557259447872 -0.020791748898810299 0.10481838076728817 0.050612858482826158 -0.0026018685432371998 -0.013196052642705647 -0.020068426878643995 -0.058612931508121344 -0.0075736395470607986 -0.032993015130185543 0.0026076286530718005 -0.061735943666993691 0.033802499164147307 -0.027308184680910397 0.041453299492184709 0.034781781323278561
decision_type=2 2 2 2 2 2 2 2 2 2 2 2 2 2 2 2 2 2 2 2 2 2
left_child=1 3 4 11 5 -3 7 -2 9 16 -9 -1 20 -14 -4 -12 -6 -18 19 21 -13 -5
right_child=6 2 14 18 8 -7 -8 10 -10 -11 15 12 13 -15 -16 -17 17 -19 -20 -21 -22 -23
leaf_value=0.0088124355599044236 -0.0013118174706220989 0.0029622635000508503 -0.026741211306260913 -0.018952138913429395 -0.008866734522403762 -0.0083147567670384791 -0.027277883576675314 0.010671069145196395 0.012510063532049639 0.005197591403317066 0.012597986837995834 0.01376886579064481 -0.024332504912551643 -0.0011928294972886465 -0.0086932456119118377 -0.00074278391151941182 -0.055421077092476928 -0.020521308791499399 0.0060395416534698102 -0.0061847508362848904 -0.014732687007931036 -0.061724280585248807
leaf_weight=11097 12509 13645 2505 1238 3727 6684 567 15122 910 1395 3273 3350 1037 9397 3102 11054 403 3041 1859 4039 606 251
leaf_count=11097 12509 13645 2505 1238 3727 6684 567 15122 910 1395 3273 3350 1037 9397 3102 11054 403 3041 1859 4039 606 251
internal_value=-3.75222e-07 -0.00238025 -0.00588248 0.00139187 -0.00383555 -0.000744743 0.0038208 0.00424155 -0.0104644 -0.0129072 0.00660101 0.00386513 4.87585e-05 -0.00349454 -0.0167599 0.00230386 -0.0164316 -0.0246124 -0.00713916 -0.0115741 0.00939822 -0.0261794
internal_weight=110811 68286 35412 32874 29805 20329 42525 41958 9476 8566 29449 25487 14390 10434 5607 14327 7171 3444 7387 5528 3956 1489
internal_count=110811 68286 35412 32874 29805 20329 42525 41958 9476 8566 29449 25487 14390 10434 5607 14327 7171 3444 7387 5528 3956 1489
is_linear=0
shrinkage=0.0351744


Tree=130
num_leaves=23
num_cat=0
split_feature=9 13 2 3 38 91 20 21 65 28 84 39 14 7 12 22 1 1 68 6 3 33
split_gain=811.555 661.542 653.537 802.484 678.837 616.467 583.177 518.756 466.165 409.4 404.514 395.197 386.993 367.803 379.544 355.736 391.336 426.697 355.545 349.381 331.826 330.99
threshold=0.0032962987332410005 0.080261914879065061 -0.10244492144549054 0.10115501634649351 0.012804055312711901 0.034965100486857963 0.019097664378791002 -0.057816508389308491 0.016749106253747304 -0.08436367520802239 0.017944844771170202 -0.036374537877212489 -0.035338692749911742 0.055179646868793709 0.086128518511541421 0.044912876398996056 0.083428549065415622 0.20726072816573907 0.0062003092370961008 0.018798979761128903 -0.018910360512447846 -0.050403264128118096
decision_type=2 2 2 2 2 2 2 2 2 2 2 2 2 2 2 2 2 2 2 2 2 2
left_child=1 6 15 4 5 10 7 12 11 -8 -4 -9 -1 14 21 16 -2 -18 20 -11 -13 -6
right_child=2 -3 3 -5 13 -7 9 8 -10 19 -12 18 -14 -15 -16 -17 17 -19 -20 -21 -22 -23
leaf_value=0.012425321580911962 0.017536425022318981 0.017469440126274095 0.0016107734383574949 0.0076828137535685159 -0.025521185610921378 -0.018053391325008793 -0.021569289753808084 0.012310723896679384 0.011658743643923374 -0.0048405376170706635 -0.0092918818469562622 -0.012331232637798511 -0.01421930316079572 -0.026125203442413071 -0.037698903607025602 -0.011651750364326519 -0.024747280925303063 0.027815656631022801 0.0064728258868383915 0.0054226057089321071 0.00056518604433967784 -0.005885566494932209
leaf_weight=873 3497 3477 15089 5310 1248 3180 1382 4552 10651 13665 5839 3350 2956 2446 603 936 619 276 8465 5864 9371 7162
leaf_count=873 3497 3477 15089 5310 1248 3180 1382 4552 10651 13665 5839 3350 2956 2446 603 936 619 276 8465 5864 9371 7162
internal_value=-4.04754e-07 0.00254511 -0.00356003 -0.00507057 -0.00697509 -0.00362385 0.00169591 0.00417339 0.00546952 -0.00306822 -0.00143037 0.00290757 -0.0081398 -0.014024 -0.0107376 0.0080257 0.0122233 -0.00851723 0.000886349 -0.00175794 -0.00282982 -0.00880181
internal_weight=110811 64606 46205 40877 35567 24108 61129 40218 36389 20911 20928 25738 3829 11459 9013 5328 4392 895 21186 19529 12721 8410
internal_count=110811 64606 46205 40877 35567 24108 61129 40218 36389 20911 20928 25738 3829 11459 9013 5328 4392 895 21186 19529 12721 8410
is_linear=0
shrinkage=0.0351744


Tree=131
num_leaves=23
num_cat=0
split_feature=100 60 65 62 33 51 52 24 55 21 74 42 28 3 56 0 1 46 2 13 33 1
split_gain=798.94 836.295 796.618 746.705 672.47 595.586 519.419 511.16 534.362 502.747 409.478 407.698 361.411 369.238 341.335 355.795 338.118 332.622 304.29 298.726 308.55 292.715
threshold=-0.96934999999999993 0.048480891723740607 0.016749106253747304 0.044769411051733508 -0.078255350787588884 0.02696884228286615 -0.024410363972578095 0.036742671097138455 0.010551932312396503 0.050612858482826158 0.03400557112183656 -0.005950402506081749 -0.093858034327351139 -0.022443628107096495 -0.0038869287508497496 0.2577933543779104 -0.069866340071900984 -0.0030377835467881495 0.022863784597554806 0.029462918027883554 -0.010179741813783498 -0.06029507852451569
decision_type=2 2 2 2 2 2 2 2 2 2 2 2 2 2 2 2 2 2 2 2 2 2
left_child=14 2 3 4 18 7 -3 8 -6 11 19 -7 -4 -14 -1 -16 -15 21 -2 -5 -21 -8
right_child=1 6 12 10 5 9 17 -9 -10 -11 -12 -13 13 16 15 -17 -18 -19 -20 20 -22 -23
leaf_value=-0.0084752301229172738 -0.0085359434103026485 0.0055041627988776393 -0.017064952680869744 -0.012434334622773669 0.0020263089035626948 -1.619342930645922e-05 -0.0064830925625356511 -0.0041278485456969815 0.010862581069556426 0.011883044855477733 -0.029935643669174027 -0.013360283249600865 0.0010892746455031753 0.017629709908168558 -0.044958447052704624 0.0084359873223125628 0.0069856352810733794 -0.0068031641170384818 -0.035669551605572891 -0.016115757884275935 0.016751828951161212 -0.028343085900766375
leaf_weight=1362 1405 2243 789 4220 25255 4809 1099 9509 12743 1842 1227 6902 8725 5053 850 188 13753 4002 806 536 1035 2458
leaf_count=1362 1405 2243 789 4220 25255 4809 1099 9509 12743 1842 1227 6902 8725 5053 850 188 13753 4002 806 536 1035 2458
internal_value=-3.95269e-07 0.000443856 0.00141803 -0.000588521 0.000618671 0.00130899 -0.00935459 0.0031647 0.00499011 -0.00519452 -0.0114741 -0.00788217 0.00639877 0.0070719 -0.0200734 -0.035272 0.00984661 -0.0137659 -0.0184367 -0.00755888 0.00552684 -0.0215943
internal_weight=110811 108411 98609 70289 63271 61060 9802 47507 37998 13553 7018 11711 28320 27531 2400 1038 18806 7559 2211 5791 1571 3557
internal_count=110811 108411 98609 70289 63271 61060 9802 47507 37998 13553 7018 11711 28320 27531 2400 1038 18806 7559 2211 5791 1571 3557
is_linear=0
shrinkage=0.0351744


Tree=132
num_leaves=23
num_cat=0
split_feature=62 28 55 94 26 42 39 38 91 30 3 11 48 1 51 79 63 94 34 20 22 65
split_gain=783.951 775.332 593.984 611.714 564.841 533.982 490.313 488.364 470.683 454.646 437.662 429.17 443.973 418.091 408.393 382.559 433.099 387.412 370.702 362.322 358.007 333.929
threshold=1.0000000180025095e-35 -0.022646432486360998 0.015406104867644951 -0.02180737507425155 0.015773407414713402 0.013402076499858152 0.016440945610876855 0.0034491162827651003 0.056117566137694704 0.045759731514161454 0.028563002186104306 0.051753899536745855 -0.0080346468186298491 0.023233723475790755 0.044555182014135351 -0.10007451945000424 -0.0025924729271264994 -0.065388917406707533 0.012217509793144302 -0.0037336518116133995 -0.0026018685432371998 -0.026295419620785895
decision_type=2 2 2 2 2 2 2 2 2 2 2 2 2 2 2 2 2 2 2 2 2 2
left_child=2 7 3 15 5 6 13 -2 11 -7 -9 12 -5 -3 18 -1 -17 -18 -4 -14 -20 -21
right_child=1 4 14 8 -6 9 -8 10 -10 -11 -12 -13 19 -15 -16 16 17 -19 20 21 -22 -23
leaf_value=0.037379101839397577 -0.0043746981196634621 0.0079461152678120244 0.015304509876153302 0.0077637478077164463 0.0054665405290795863 -0.0075286265020998236 -0.0089233521603610793 -0.024023763290608659 -0.018212072826293627 -0.033055260941248575 -0.0050478957446661397 0.014228886743657018 0.0047837092297446579 -0.0077450704683311635 -0.0052212420639954306 -0.00036130939172507776 -0.042213527372263041 -0.011867474228127752 0.012777387438990944 -0.019911160777382794 -0.0049655543417459168 -0.0028559691492399792
leaf_weight=232 9094 8974 8652 10164 13527 8225 4958 4079 1234 965 2386 4290 5884 2742 2304 4418 594 4238 2751 1827 2878 6395
leaf_count=232 9094 8974 8652 10164 13527 8225 4958 4079 1234 965 2386 4290 5884 2742 2304 4418 594 4238 2751 1827 2878 6395
internal_value=-4.10349e-07 -0.00298354 0.00293377 0.000576334 -0.00035718 -0.00340367 0.000347531 -0.00963159 0.00305314 -0.0102114 -0.0170233 0.00397263 0.00215895 0.00427229 0.0085155 -0.00720436 -0.008325 -0.0156027 0.0107329 -0.00187841 0.00370293 -0.00664813
internal_weight=110811 54950 55861 39276 39391 25864 16674 15559 29794 9190 6465 28560 24270 11716 16585 9482 9250 4832 14281 14106 5629 8222
internal_count=110811 54950 55861 39276 39391 25864 16674 15559 29794 9190 6465 28560 24270 11716 16585 9482 9250 4832 14281 14106 5629 8222
is_linear=0
shrinkage=0.0351744


Tree=133
num_leaves=23
num_cat=0
split_feature=20 100 21 31 65 28 62 39 19 93 30 33 91 3 14 17 1 9 5 10 93 44
split_gain=768.501 845.778 775.584 735.382 720.379 639.936 601.201 714.547 562.554 540.74 476.043 454.477 452.094 388.832 354.156 357.822 324.117 317.402 309.481 296.48 279.826 265.315
threshold=-0.051338700243623546 -0.93924999999999992 -0.073118113585582525 0.068470295193445121 -0.0057182551029196496 0.016193667397925906 -0.040755673955454298 0.016878401623072303 -0.0092905165004923494 0.032015482234156102 0.0097290599877965008 -0.0522796574898255 0.046160694348092161 -0.022443628107096495 -0.026347146246069746 -0.0083457373415686976 -0.11786597342299499 -0.0090551842055570982 0.009582197258102252 -0.12204279950315719 0.026018383838819353 0.060518212544133906
decision_type=2 2 2 2 2 2 2 2 2 2 2 2 2 2 2 2 2 2 2 2 2 2
left_child=8 10 14 4 6 12 -4 11 19 -9 -2 -8 13 -6 17 -16 -12 -3 -10 -1 -20 -18
right_child=1 2 3 -5 5 -7 7 9 18 -11 16 -13 -14 -15 15 -17 21 -19 20 -21 -22 -23
leaf_value=-0.024654864641266344 -0.0039320891973427807 0.010278838842547027 0.0087230181170218617 0.015011970913605217 -0.0053836296281093675 0.0085523108901267835 -0.017113785942152276 -0.009643660401055994 0.0064216567926602712 -0.031185078544745198 0.0053292628029673501 -0.00033146774930597811 -0.016988418839824628 0.0035027078512253791 -0.035463035934538228 -0.011189966023485003 -0.031001373181811866 -0.023870694489225634 -0.0028938743651323504 0.017062319854899758 -0.032313291124193455 0.013264284739759508
leaf_weight=218 3071 1066 4076 4113 8702 15297 2225 8128 5189 1754 416 19448 1874 20308 1266 1856 2485 492 2165 5992 491 179
leaf_count=218 3071 1066 4076 4113 8702 15297 2225 8128 5189 1754 416 19448 1874 20308 1266 1856 2485 492 2165 5992 491 179
internal_value=-4.32301e-07 -0.00111702 -0.000259959 0.000499367 -0.000230062 0.00266894 -0.00398789 -0.00563034 0.00768503 -0.0134693 -0.0137386 -0.00205526 -0.000244616 0.000836525 -0.0142043 -0.0210396 -0.0235104 -0.000495936 0.00142163 0.0155946 -0.0083404 -0.0280202
internal_weight=110811 96756 90605 85925 81812 46181 35631 31555 14055 9882 6151 21673 30884 29010 4680 3122 3080 1558 7845 6210 2656 2664
internal_count=110811 96756 90605 85925 81812 46181 35631 31555 14055 9882 6151 21673 30884 29010 4680 3122 3080 1558 7845 6210 2656 2664
is_linear=0
shrinkage=0.0351744


Tree=134
num_leaves=23
num_cat=0
split_feature=15 13 38 7 28 21 11 31 70 12 40 84 21 85 37 1 63 7 22 91 24 5
split_gain=752.549 816.476 684.621 698.809 592.819 496.681 639.208 468.99 423.436 393.271 369.692 392.297 364.049 477.053 384.584 347.956 345.086 337.655 324.627 320.613 312.236 311.881
threshold=-0.075025603548725089 0.029462918027883554 -0.018199876059631744 0.069193759738756952 0.006671805578262701 0.015028098917057453 0.023292619382112453 0.0093367987883092515 0.035342665299899906 0.037472679302092561 0.0073042638480290507 0.039496022852911455 0.014634885021916151 -0.030082331669153896 0.033127536956125005 0.12596055925824673 -0.029437313229735897 -0.017774727675819498 0.010671092260898402 0.086600828606624061 -0.021811066751743498 0.075860268478465664
decision_type=2 2 2 2 2 2 2 2 2 2 2 2 2 2 2 2 2 2 2 2 2 2
left_child=16 2 10 4 5 6 8 18 -4 -6 11 -2 13 -5 -15 -12 -1 -18 -3 -8 -14 -9
right_child=1 7 3 12 9 -7 19 21 -10 -11 15 -13 20 14 -16 -17 17 -19 -20 -21 -22 -23
leaf_value=0.0032712089316863121 0.0022344584914028584 0.0063681048521503202 -0.01604713791505135 0.0041924441833267731 0.0052891856727694218 0.0019653264840168842 0.0013862329977998083 0.014037170153896794 0.0038373161524672393 -0.0066057386181240015 0.0059265431194410476 -0.016514686417613389 0.020613201571901385 -0.031505818250312866 -0.0034362389691253714 0.022943635152530388 -0.0044896851049492535 -0.021794876641090435 -0.0037644640356693723 -0.067325747462616214 -0.010271986136426374 -0.0087673402937627175
leaf_weight=1678 12564 10222 10122 827 15897 8023 6222 9079 1523 4387 8247 1551 555 2797 772 1815 2338 3469 6335 85 1496 807
leaf_count=1678 12564 10222 10122 827 15897 8023 6222 9079 1523 4387 8247 1551 555 2797 772 1815 2338 3469 6335 85 1496 807
internal_value=-4.46443e-07 0.000779589 -0.00105395 -0.00330218 -0.00178973 -0.00530868 -0.00856045 0.00611121 -0.0134451 0.00271571 0.0038465 0.000172898 -0.0141515 -0.0198611 -0.0254393 0.00899809 -0.0107704 -0.0148307 0.0024902 0.00045583 -0.00190538 0.0121738
internal_weight=110811 103326 76883 52706 46259 25975 17952 26443 11645 20284 24177 14115 6447 4396 3569 10062 7485 5807 16557 6307 2051 9886
internal_count=110811 103326 76883 52706 46259 25975 17952 26443 11645 20284 24177 14115 6447 4396 3569 10062 7485 5807 16557 6307 2051 9886
is_linear=0
shrinkage=0.0351744


Tree=135
num_leaves=23
num_cat=0
split_feature=24 62 21 3 1 91 100 28 2 9 76 41 55 49 23 21 38 38 34 62 12 17
split_gain=748.335 709.587 784.622 619.111 905.853 642.24 562.921 541.55 519.399 538.516 507.765 472.424 449.268 403.348 371.872 362.762 337.992 328.019 315.232 314.203 307.543 299.045
threshold=0.040753127502359605 -0.040755673955454298 -0.057816508389308491 -0.018201141239484946 -0.069203642328287449 0.051275884073234711 -0.93604999999999994 -0.028524572768928697 -0.038921178532879692 0.033752056305719112 -0.025346799815942747 0.049270480499799658 -0.0043501471597368994 -0.054548338616430096 0.039275030565538008 0.058027088639763656 0.014121368940325651 -0.0014003696965944497 0.013316717912207102 0.011566289917959801 -0.032208887254489039 -0.031964267460000591
decision_type=2 2 2 2 2 2 2 2 2 2 2 2 2 2 2 2 2 2 2 2 2 2
left_child=1 13 10 8 21 6 20 14 -4 11 -3 17 -8 -1 18 -7 -9 -10 -2 -20 -6 -5
right_child=7 2 3 4 5 15 12 16 9 -11 -12 -13 -14 -15 -16 -17 -18 -19 19 -21 -22 -23
leaf_value=-0.0082158355562267568 -0.01266697859691782 -0.029946978809961035 0.0063451867743183812 0.0027063669083417464 0.015594414106745509 -0.023616157412797757 -0.0012409879120187342 0.0013716195906725752 0.0044565728606939499 -0.018405045438878564 -0.0062839751920867517 -0.022187986097175857 0.0069722565734756563 0.012358476590738977 0.0017329383203667842 0.01896156984757941 -0.010109263514781235 -0.0067219680592657963 -0.020886285018132181 -0.052607746670549273 -0.022178188715339466 0.014895675492623019
leaf_weight=1345 2804 1411 5196 3411 316 1861 16063 9467 6535 3620 5491 1462 16913 9491 1248 285 4770 6455 1125 591 1690 9261
leaf_count=1345 2804 1411 5196 3411 316 1861 16063 9467 6535 3620 5491 1462 16913 9491 1248 285 4770 6455 1125 591 1690 9261
internal_value=-4.25319e-07 0.00135616 0.00021137 0.00128241 0.00349573 0.000723745 0.00187003 -0.006159 -0.00345399 -0.00627237 -0.0111245 -0.003232 0.002971 0.00980311 -0.0152517 -0.0179528 -0.00247387 -0.00109701 -0.0199448 -0.031825 -0.0162189 0.011616
internal_weight=110811 90806 79970 73068 49800 37128 34982 20005 23268 18072 6902 14452 32976 10836 5768 2146 14237 12990 4520 1716 2006 12672
internal_count=110811 90806 79970 73068 49800 37128 34982 20005 23268 18072 6902 14452 32976 10836 5768 2146 14237 12990 4520 1716 2006 12672
is_linear=0
shrinkage=0.0351744


Tree=136
num_leaves=23
num_cat=0
split_feature=63 94 91 1 15 74 61 42 88 40 49 2 21 11 3 33 20 22 88 21 40 32
split_gain=745.909 641.613 625.302 616.561 769.234 655.548 591.032 515.77 491.527 472.152 457.772 439.547 457.016 444.427 435.311 413.077 395.61 433.487 391.97 559.811 355.006 336.724
threshold=0.0047384361333897016 -0.062619008951029634 0.012552531211259951 0.0044119012768936506 0.060081271848760505 0.047856220382585156 0.030280106456210352 -0.0084208323030805481 -0.022167724429482696 0.021282393029185154 0.051478070678149503 -0.020843682355932897 0.050612858482826158 0.0033654519663465503 -0.021079018721210045 0.016886748323271705 0.037973727455500407 0.0036299633214949504 0.026876004597940806 -0.019159792641172044 0.041445648294053908 0.0130150588661828
decision_type=2 2 2 2 2 2 2 2 2 2 2 2 2 2 2 2 2 2 2 2 2 2
left_child=2 -2 11 5 6 7 9 -3 -7 15 18 16 13 -13 -9 21 17 -1 -4 -20 -8 -5
right_child=1 3 10 4 -6 8 20 14 -10 -11 -12 12 -14 -15 -16 -17 -18 -19 19 -21 -22 -23
leaf_value=0.018810427464300374 -0.026020525701184814 0.0071706767930394275 -0.0017652946557436019 -0.0255135080460786 0.012174538589356809 0.0081589219191732596 -0.034364185962603759 -0.010266974116703622 -0.026303677952755601 0.0048136934180156195 0.013613337796847876 -0.0040478705678602053 0.014892329535942559 0.0055636773144155383 0.0013186547269730966 -0.0012694178124252567 -0.0011757792305780548 0.00516107092472789 -0.03496321307279969 -0.0051550665320088448 0.00082614958982858374 -0.0060283367202196752
leaf_weight=6597 1479 12096 13778 3146 1901 702 1899 5686 1885 2582 1928 12126 3167 11689 13626 2578 3156 5115 1157 2394 435 1689
leaf_count=6597 1479 12096 13778 3146 1901 702 1899 5686 1885 2582 1928 12126 3167 11689 13626 2578 3156 5115 1157 2394 435 1689
internal_value=-4.28719e-07 -0.00320041 0.00260214 -0.00250012 -0.00864737 7.26085e-05 -0.0118594 0.00147497 -0.0169457 -0.00813515 -0.00264269 0.00501592 0.00233918 0.000669026 -0.00209168 -0.0126476 0.00987239 0.0128509 -0.00445238 -0.0148731 -0.0277989 -0.0187107
internal_weight=110811 49704 61107 48225 14230 33995 12329 31408 2587 9995 19257 41850 26982 23815 19312 7413 14868 11712 17329 3551 2334 4835
internal_count=110811 49704 61107 48225 14230 33995 12329 31408 2587 9995 19257 41850 26982 23815 19312 7413 14868 11712 17329 3551 2334 4835
is_linear=0
shrinkage=0.0351744


Tree=137
num_leaves=23
num_cat=0
split_feature=33 24 9 91 60 20 93 90 19 12 8 46 13 34 88 21 96 31 69 0 38 14
split_gain=737.207 754.707 709.187 686.674 564.253 558.521 475.072 410.331 407.513 492.567 406.615 381.289 358.005 357.763 351.759 347.335 362.268 343.617 337.579 327.949 368.94 324.954
threshold=-0.062774183508371592 -0.025383819001118097 -0.029002966875096247 0.031737420253815256 -0.0074810519216395492 0.050367061645838811 -0.017745918575002347 -0.0086388082969946992 -0.062840074214851979 0.025075585597742301 -0.04510795046751865 -0.021033378492529699 0.078154419686758556 -0.0052313185077475987 -0.10379146825212314 -0.085782764465803088 0.025022521669147053 -0.023208359056236246 -0.016981965186887198 0.18204866651798562 0.0034491162827651003 -0.03341232509921814
decision_type=2 2 2 2 2 2 2 2 2 2 2 2 2 2 2 2 2 2 2 2 2 2
left_child=12 5 14 4 13 8 7 -6 -2 17 -8 -12 18 -4 -3 21 -17 -10 -1 20 -7 -16
right_child=1 2 3 -5 6 19 10 -9 9 -11 11 -13 -14 -15 15 16 -18 -19 -20 -21 -22 -23
leaf_value=-0.022537114226912517 0.020927744071398042 0.056890561904630411 0.0085156586402590148 -0.013616982593038738 0.013096730359030704 -0.0030614378478561709 -0.020329666072735442 -0.0045275303515528642 0.0016441482179714187 -0.0022165100350898994 -0.015270055463443474 -0.002550197204490953 0.0098144457464520649 -0.001494078227615353 0.011524934194676838 0.0065295095258496201 -0.0042977628621659542 0.01379075591355418 -0.0069414377335386178 0.0022490125597122912 -0.034739266446015868 -0.024740681372090782
leaf_weight=2725 2750 153 8017 7049 2785 1077 2872 3954 4148 5710 3953 11128 990 9835 443 19530 4752 9462 4656 3051 789 982
leaf_count=2725 2750 153 8017 7049 2785 1077 2872 3954 4148 5710 3953 11128 990 9835 443 19530 4752 9462 4656 3051 789 982
internal_value=-4.18041e-07 0.000819571 -0.000985838 -0.00344849 -0.00176326 0.00586791 -0.00520787 0.00275365 0.00825664 0.00645201 -0.0081973 -0.00588553 -0.0100368 0.00300021 0.00373626 0.0034189 0.00440991 0.01009 -0.0127018 -0.00485047 -0.0164665 -0.0134548
internal_weight=110811 102440 75453 49593 42544 26987 24692 6739 22070 19320 17953 15081 8371 17852 25860 25707 24282 13610 7381 4917 1866 1425
internal_count=110811 102440 75453 49593 42544 26987 24692 6739 22070 19320 17953 15081 8371 17852 25860 25707 24282 13610 7381 4917 1866 1425
is_linear=0
shrinkage=0.0351744


Tree=138
num_leaves=23
num_cat=0
split_feature=15 11 60 65 62 94 66 26 42 52 74 95 13 17 38 16 5 46 54 1 14 1
split_gain=718.221 792.42 848.723 731.553 643.724 607.977 528.101 441.929 430.721 425.802 421.38 411.599 464.717 406.66 403.685 370.12 344.477 334.949 331.946 308.426 316.478 272.365
threshold=0.086436990967349567 -0.069640024415746085 0.040006685383182854 0.019166012498228954 0.044769411051733508 -0.016824829902728298 0.046782659370972458 0.060191977319191306 -0.052039717343032942 -0.018432556353937646 0.03400557112183656 0.036795529771353905 0.030692114200072552 -0.035740407726694394 0.0013529944727526002 -0.0049768229704795488 0.030495420395854154 -0.0030377835467881495 0.042240112249901908 -0.11199442759513609 0.00042180899969925006 -0.021189410923942498
decision_type=2 2 2 2 2 2 2 2 2 2 2 2 2 2 2 2 2 2 2 2 2 2
left_child=1 8 3 4 5 6 7 -3 -1 -4 21 12 -7 15 -13 -10 -15 19 -8 -11 -21 -6
right_child=-2 2 9 -5 10 11 18 -9 13 17 -12 14 -14 16 -16 -17 -18 -19 -20 20 -22 -23
leaf_value=0.0093188796773522493 0.012256387177208172 -0.0086752009949777088 0.002434628200921191 0.0070643976700901084 -0.00060889673193094418 0.0021217770784422323 0.0059311972183890907 0.01776624804301315 -0.046968365898732052 0.00901249868203274 -0.031508820984865099 0.0032832883809735839 0.011658937951373407 -0.0050893382128301785 -0.018795033516579965 -0.014967776814890392 -0.025801370424008409 -0.0060741922646393581 0.046050029038362625 -0.013596002932175773 -0.034515901826812315 -0.017253087646666866
leaf_weight=1217 5615 13397 3171 21998 3162 27687 1096 830 735 405 1047 2103 8194 5369 1996 1148 1220 4505 333 1928 1676 1979
leaf_count=1217 5615 13397 3171 21998 3162 27687 1096 830 735 405 1047 2103 8194 5369 1996 1148 1220 4505 333 1928 1676 1979
internal_value=-4.14498e-07 -0.000654816 0.000317381 0.00155557 -0.000404302 0.000792435 -0.00508302 -0.00713126 -0.0102396 -0.00856323 -0.0111665 0.00309366 0.00430025 -0.0130512 -0.00746397 -0.0274705 -0.00892739 -0.0126613 0.0152959 -0.0200586 -0.0233303 -0.00701957
internal_weight=110811 105196 95507 83822 61824 55636 15656 14227 9689 11685 6188 39980 35881 8472 4099 1883 6589 8514 1429 4009 3604 5141
internal_count=110811 105196 95507 83822 61824 55636 15656 14227 9689 11685 6188 39980 35881 8472 4099 1883 6589 8514 1429 4009 3604 5141
is_linear=0
shrinkage=0.0351744


Tree=139
num_leaves=23
num_cat=0
split_feature=68 84 93 77 60 23 70 5 70 24 55 56 9 49 100 28 87 21 15 46 78 76
split_gain=716.787 663.436 551.193 475.637 445.114 474.844 420.75 419.578 419 409.874 392.116 377.42 377.078 369.709 356.173 350.988 326.655 324.923 324.289 322.363 314.565 305.749
threshold=0.0097691773441483023 -0.00089888307770504981 0.032015482234156102 0.033307585345904354 -0.013683795345765248 -0.0058291620862136991 -0.026874977669236747 0.035112814312912854 0.012562431323180351 0.10994557259447872 -0.020791748898810299 -0.0054941956992182487 -0.11128268620473254 0.049071673598385261 -0.31744999999999995 0.006671805578262701 0.012006763808855651 0.048580650556495859 -0.11688891795680724 -0.0075736395470607986 -0.088482737059827538 -0.046662090383169742
decision_type=2 2 2 2 2 2 2 2 2 2 2 2 2 2 2 2 2 2 2 2 2 2
left_child=1 3 4 7 20 15 -7 12 11 10 -2 -5 -1 16 -9 17 -12 -6 -14 -4 -3 -17
right_child=9 2 19 8 5 6 -8 14 -10 -11 13 -13 18 -15 -16 21 -18 -19 -20 -21 -22 -23
leaf_value=0.030520713047471275 -0.0012301077356723169 -0.042837848434086848 -0.025080299540254793 -0.0030870497923075409 -0.022771270172745797 -0.016929894208323748 0.0011467255185989191 -0.017501578015792007 0.0058579109531746712 -0.026113634845983877 0.0075703515053395856 -0.026946262006808143 -0.032023308324090331 0.018034054040157971 0.0013704225399531326 -0.033439694432594397 -0.00079505144300625241 0.0057534007068897539 0.0049044011862302657 -0.0081044035642807034 0.0030559840443800147 -0.0012687527095878528
leaf_weight=706 12509 188 2505 1529 4192 1930 9116 1999 1635 567 18011 1774 298 2942 3243 412 8496 559 21690 3102 10167 3241
leaf_count=706 12509 188 2505 1529 4192 1930 9116 1999 1635 567 18011 1774 298 2942 3243 412 8496 559 21690 3102 10167 3241
internal_value=-4.04947e-07 -0.00223303 -0.00557361 0.00136496 -0.00366946 -0.00680606 -0.00201039 0.00314423 -0.00869737 0.00358431 0.00398613 -0.0159073 0.00521639 0.00620239 -0.00582343 -0.0131072 0.00488846 -0.0194115 0.00440293 -0.0156921 0.00222049 -0.00490301
internal_weight=110811 68286 35412 32874 29805 19450 11046 27936 4938 42525 41958 3303 22694 29449 5242 8404 26507 4751 21988 5607 10355 3653
internal_count=110811 68286 35412 32874 29805 19450 11046 27936 4938 42525 41958 3303 22694 29449 5242 8404 26507 4751 21988 5607 10355 3653
is_linear=0
shrinkage=0.0351744


Tree=140
num_leaves=23
num_cat=0
split_feature=100 84 74 20 62 5 32 42 68 82 100 22 67 8 3 61 1 55 18 80 7 24
split_gain=704.703 832.031 657.422 620.824 510.655 509.061 473.783 450.733 429.933 492.815 414.527 384.928 383.77 383.095 359.642 344.558 344.299 336.574 307.33 294.543 293.553 324.016
threshold=0.86590000000000011 0.017944844771170202 0.027204606588271653 0.013175628788399651 -0.027288185778674496 0.032318947704015458 -0.0070922775902853485 -0.0080477822229542469 -0.017239670231777148 -0.0051160476305538993 -0.96934999999999993 -0.020325051701094797 -0.0086696855222459981 -0.042135166143477142 0.0011680757246627504 -0.037641145013553597 0.0012141272189985003 -0.0040464129639204488 -0.037281917767550389 0.013324652809330002 0.035145957361888906 0.046667772270699508
decision_type=2 2 2 2 2 2 2 2 2 2 2 2 2 2 2 2 2 2 2 2 2 2
left_child=1 2 3 5 17 10 -6 16 15 -10 -1 19 -5 -7 -13 -9 -3 -4 -18 -12 21 -15
right_child=-2 7 4 12 6 13 -8 8 9 -11 11 14 -14 20 -16 -17 18 -19 -20 -21 -22 -23
leaf_value=-0.019141350992196993 0.0078858524040482277 0.0035846246970222652 -0.0045835033764316385 -0.0077317087131117419 -0.018008519183273702 -0.020596633628766677 -0.0029261057855836051 0.0035551607063902739 0.0028003554893477958 -0.012114556115180841 0.017995870355433458 -0.00020657212115539824 0.0017613838342690304 0.0098741119948462051 0.0096706111880199824 -0.021909457851840525 0.013155322323510256 0.017729365855769168 -0.015875236572370492 0.0053058698291167669 -0.013171632820536645 -0.019627655984238261
leaf_weight=705 12444 7362 1759 8739 4718 1284 5685 769 4642 6687 6650 8457 13263 3333 9892 4485 552 1593 2455 3437 1366 534
leaf_count=705 12444 7362 1759 8739 4718 1284 5685 769 4642 6687 6650 8457 13263 3333 9892 4485 552 1593 2455 3437 1366 534
internal_value=-4.21212e-07 -0.000998261 0.000988882 0.00263742 -0.00592043 0.00550453 -0.0097681 -0.00626421 -0.00986113 -0.00600183 0.00749219 0.00815319 -0.00200846 -0.00338077 0.00511738 -0.0181792 -0.000510029 0.00601583 -0.0105401 0.0136737 0.00084075 0.00579521
internal_weight=110811 98367 71415 57660 13755 35658 10403 26952 16583 11329 29141 28436 22002 6517 18349 5254 10369 3352 3007 10087 5233 3867
internal_count=110811 98367 71415 57660 13755 35658 10403 26952 16583 11329 29141 28436 22002 6517 18349 5254 10369 3352 3007 10087 5233 3867
is_linear=0
shrinkage=0.0351744


Tree=141
num_leaves=23
num_cat=0
split_feature=33 21 28 11 7 15 12 0 74 65 60 2 80 0 91 1 22 62 61 31 75 1
split_gain=689.297 979.605 867.263 993.36 629.985 538.564 533.266 465.328 447.157 428.193 403.641 397.611 371.601 367.615 355.398 335.18 360.264 333.887 373.617 332.901 313.958 309.696
threshold=0.026152684580882306 0.047493066980124309 0.013634829038544802 -0.027891336391990297 0.093828750910579212 -0.046410671377038144 0.021176743249152204 0.12774611331187888 0.020853982469283154 -0.0063451229157679492 -0.013027888828851747 0.033037530489750007 0.029399021576866451 0.092471168286318503 0.037895834625355909 0.027897564576369851 0.0013166698290315003 -0.033562514882449497 0.025392844390159403 0.016766440934661803 0.053890986518804508 -0.098987882941818275
decision_type=2 2 2 2 2 2 2 2 2 2 2 2 2 2 2 2 2 2 2 2 2 2
left_child=1 2 3 10 5 11 15 -6 19 17 21 -5 14 -10 -12 16 -2 -4 -19 -7 -13 -1
right_child=6 -3 9 4 7 8 -8 -9 13 -11 12 20 -14 -15 -16 -17 -18 18 -20 -21 -22 -23
leaf_value=0.017418735495558248 0.016333242589500037 0.0085602229501169913 0.010263597509165868 -0.0063736553514156576 -0.073330810697845181 -0.00064932308081626529 -0.0019388171751503083 -0.015774624657228113 -0.030537655825187544 0.0059633854614956159 -0.012462592621210777 -0.036225992519504709 -0.03462578621421325 -0.0049249821334070507 -0.039373846926955614 0.00049383735991155879 0.0041931188932369636 -0.0019474043438949176 -0.018477814170238315 0.0084258055549290833 0.033445709294453986 -0.0097411446991992404
leaf_weight=602 7671 10392 1954 2562 189 14724 9088 2173 786 15198 5455 1088 1576 5901 684 4644 5000 7516 2184 7571 86 3767
leaf_count=602 7671 10392 1954 2562 189 14724 9088 2173 786 15198 5455 1088 1576 5901 684 4644 5000 7516 2184 7571 86 3767
internal_value=-4.09651e-07 -0.00155214 -0.00297217 -0.00584517 -0.00284849 -0.00158138 0.00495967 -0.0203919 3.83617e-05 0.00207347 -0.014543 -0.0141504 -0.0193817 -0.0079387 -0.0154647 0.00858138 0.0115442 -0.00299797 -0.00567127 0.00243173 -0.0311041 -0.00599449
internal_weight=110811 84408 74016 47164 35080 32718 26403 2362 28982 26852 12084 3736 7715 6687 6139 17315 12671 11654 9700 22295 1174 4369
internal_count=110811 84408 74016 47164 35080 32718 26403 2362 28982 26852 12084 3736 7715 6687 6139 17315 12671 11654 9700 22295 1174 4369
is_linear=0
shrinkage=0.0351744


Tree=142
num_leaves=23
num_cat=0
split_feature=15 91 63 1 26 94 13 61 39 70 62 40 33 49 17 42 94 97 95 12 3 23
split_gain=684.584 703.527 677.779 578.017 559.088 535.108 529.946 519.362 459.388 471.666 423.839 363.749 363.394 362.078 359.221 343.424 342.36 341.517 327.295 320.864 317.113 510.229
threshold=0.04157052901458911 0.049902648300496857 0.0047384361333897016 0.0044119012768936506 0.010210362950686601 0.0049576702514023512 -0.013037658142281349 0.026403265493856454 -0.031436315470790642 -0.020375885640737845 -0.0022847900001730496 0.021282393029185154 0.016448177614516904 0.051478070678149503 -0.055030683283994894 0.0051234533136305009 -0.0089634353619493495 0.023468269512891302 0.03530601435568665 0.036106362989118457 -0.066568939532590438 -0.0050112234246493491
decision_type=2 2 2 2 2 2 2 2 2 2 2 2 2 2 2 2 2 2 2 2 2 2
left_child=1 2 4 5 6 8 10 11 -4 -10 -1 12 -5 20 -7 -11 -8 19 -2 -12 21 -6
right_child=18 -3 3 7 13 14 16 -9 9 15 17 -13 -14 -15 -16 -17 -18 -19 -20 -21 -22 -23
leaf_value=0.00026535601905191278 0.0074132440050101141 -0.013587854164078747 0.0073901491540458745 -0.017253255338010646 -0.022909450687844595 -0.015526655735628354 -0.0038480276786724836 -0.02524614632151018 -0.019900033121175224 0.0022803837882102648 -0.0040801052479334972 0.0058581079587281303 0.00055888359398618222 0.022585450432110542 0.0061286258266648533 -0.011345519042434721 0.0065806963795819783 -0.031011969083948449 -0.0053579951367668209 -0.027187580598401116 0.0073900390972591202 0.0088747694935610143
leaf_weight=4850 18330 5454 2727 4057 1184 1037 6036 2429 3321 4650 3226 2110 2175 1670 10952 4503 10971 1157 2870 967 14813 1322
leaf_count=4850 18330 5454 2727 4057 1184 1037 6036 2429 3321 4650 3226 2110 2175 1670 10952 4503 10971 1157 2870 967 14813 1322
internal_value=-4.25828e-07 -0.00134531 -0.00055168 -0.00403407 0.00230958 -0.00130154 -0.000922659 -0.0109303 -0.00568424 -0.00854389 -0.00726199 -0.00675949 -0.0110342 0.0069415 0.00425396 -0.00442142 0.00287843 -0.0140888 0.0056835 -0.00941403 0.00543186 -0.00613608
internal_weight=110811 89611 84157 37961 46196 27190 27207 10771 15201 12474 10200 8342 6232 18989 11989 9153 17007 5350 21200 4193 17319 2506
internal_count=110811 89611 84157 37961 46196 27190 27207 10771 15201 12474 10200 8342 6232 18989 11989 9153 17007 5350 21200 4193 17319 2506
is_linear=0
shrinkage=0.0351744


Tree=143
num_leaves=23
num_cat=0
split_feature=24 100 60 65 33 42 13 42 20 24 19 7 31 3 94 31 12 8 52 22 70 62
split_gain=684.801 722.719 739.64 703.97 644.426 498.325 544.524 461.071 418.761 417.284 352.715 344.973 296.694 283.739 268.397 267.258 336.154 249.122 271.523 249.119 247.252 237.172
threshold=-0.034659106180244745 -0.97184999999999988 0.048480891723740607 0.019166012498228954 -0.083952524979171592 -0.043087971214150693 0.0025768483311267004 0.058087475172509707 0.050367061645838811 0.065880069186582471 -0.045994422853966092 0.033618389727050606 0.0085422925642032518 -0.030119355805494297 0.0070009656019087508 0.012914384640314452 0.020594721519082204 -0.10791101939816189 -0.024410363972578095 0.076900539551017361 0.016833404555660302 0.0023737908145810005
decision_type=2 2 2 2 2 2 2 2 2 2 2 2 2 2 2 2 2 2 2 2 2 2
left_child=8 -2 3 4 -3 12 7 -7 10 -8 -1 17 20 -5 -15 16 21 -4 -19 -17 -6 -12
right_child=1 2 11 13 5 6 9 -9 -10 -11 15 -13 -14 14 -16 19 -18 18 -20 -21 -22 -23
leaf_value=0.017752534484398654 -0.025409041632819748 -0.024388619412217271 -0.058654811143416467 -0.0012642103456057107 -0.0038835368406358248 -0.0047124467417989846 0.0028643922614485168 -0.022859926507930492 -0.0043570975267842125 -0.012987716872916416 0.012352859523851853 -0.023025295106810967 0.01659954852445808 0.003887431920799325 0.013278711887944423 0.013965922136838047 -0.0093994526702374584 0.009838920631253684 -0.0097716190986953978 -0.013764835808857295 0.015457215825603847 -0.00089825330979376313
leaf_weight=3576 1523 1541 111 5488 2897 24940 21430 1862 4297 2272 3400 2267 2724 8486 6778 4873 2445 1123 3921 436 1139 3282
leaf_count=3576 1523 1541 111 5488 2897 24940 21430 1862 4297 2272 3400 2267 2724 8486 6778 4873 2445 1123 3921 436 1139 3282
internal_value=-4.1719e-07 -0.00138886 -0.000968031 2.24915e-05 -0.00194287 -0.00133848 -0.00253921 -0.00597395 0.0055069 0.00134408 0.00786103 -0.0115875 0.00762954 0.0055925 0.00805883 0.00540944 0.00175707 -0.00655376 -0.00540204 0.0116851 0.00157091 0.00584196
internal_weight=110811 88502 86979 79557 58805 57264 50504 26802 22309 23702 18012 7422 6760 20752 15264 14436 9127 5155 5044 5309 4036 6682
internal_count=110811 88502 86979 79557 58805 57264 50504 26802 22309 23702 18012 7422 6760 20752 15264 14436 9127 5155 5044 5309 4036 6682
is_linear=0
shrinkage=0.0351744


Tree=144
num_leaves=23
num_cat=0
split_feature=11 38 42 21 11 65 94 28 27 48 91 49 40 22 61 9 74 3 24 93 100 2
split_gain=672.372 671.307 598.967 629.957 497.483 468.78 441.78 437.629 415.185 405.155 402.565 417.876 368.665 355.919 354.097 352.59 352.231 379.074 342.221 330.156 319.623 363.876
threshold=0.04206493927765801 0.00068659218048130013 -0.050997875882669644 -0.030240521553267247 -0.11467891774724588 0.010488098414103952 -0.011467577191594898 0.077225608832147755 0.0038038951202760507 -0.007416445012973949 0.010692194638635001 0.063750330099301866 0.0076675630692635511 -0.0017903460815740498 -0.093301814642687234 -0.0043582996407434986 0.051383689417343309 -0.16908308015165413 0.074672856087230108 -0.047553195472259897 -0.96654999999999991 -0.06432641396568109
decision_type=2 2 2 2 2 2 2 2 2 2 2 2 2 2 2 2 2 2 2 2 2 2
left_child=1 4 -3 6 -1 8 14 10 9 -5 13 15 -2 20 -4 -12 17 -8 -7 -15 21 -6
right_child=12 2 3 5 7 18 16 -9 -10 -11 11 -13 -14 19 -16 -17 -18 -19 -20 -21 -22 -23
leaf_value=-0.01668637607009785 0.0017672003591081105 0.0088816276409229566 0.062778664431797845 -0.0030504289724311408 0.045297694333922472 0.0036406217092058951 0.046702071092301504 0.018572750881248653 -0.00063575477700291805 -0.016377030077714232 0.00061562570120277875 0.018466732850432106 0.01089353031510318 0.019806942215436579 -0.027973794463920208 -0.010875767207938664 -0.041265782198125989 -0.0078795613564383998 -0.025763033649720827 -0.0019566300097993436 0.0083142466367119687 -0.048463607487810513
leaf_weight=1782 13920 3703 54 4696 65 10268 163 1947 7880 7088 6792 1013 9034 930 2706 6427 378 4427 514 11834 14953 237
leaf_count=1782 13920 3703 54 4696 65 10268 163 1947 7880 7088 6792 1013 9034 930 2706 6427 378 4427 514 11834 14953 237
internal_value=-4.29323e-07 -0.00140108 -0.00462295 -0.0059334 0.00153294 -0.00365614 -0.0149027 0.00226795 -0.00688824 -0.0110678 0.00151613 -0.00330068 0.00535982 0.00396339 -0.0261885 -0.00497023 -0.00862879 -0.00593604 0.00223698 -0.000369374 0.00758971 -0.0282145
internal_weight=110811 87857 41877 38174 45980 30446 7728 44198 19664 11784 42251 14232 22954 28019 2760 13219 4968 4590 10782 12764 15255 302
internal_count=110811 87857 41877 38174 45980 30446 7728 44198 19664 11784 42251 14232 22954 28019 2760 13219 4968 4590 10782 12764 15255 302
is_linear=0
shrinkage=0.0351744


Tree=145
num_leaves=23
num_cat=0
split_feature=62 24 100 7 60 70 93 1 11 74 63 29 33 28 39 15 20 67 26 14 66 25
split_gain=660.78 650.288 625.006 626.576 568.03 638.177 518.219 509.806 429.274 407.72 396.524 396.191 347.048 333.624 311.64 308.182 293.422 368.285 264.369 246.769 252.39 245.158
threshold=0.05058794189166866 -0.034659106180244745 -0.97184999999999988 0.14177564617113228 -0.014429167168030497 -0.026874977669236747 0.027443595326335554 -0.016764788148213697 -0.037683646759146046 0.025741894806339701 -0.020068426878643995 0.012750652442136903 0.03603499465970026 -0.025797763820079346 0.017698831920757253 -0.0062761940846778989 0.049402811353225759 -0.0021938155909432995 -0.00070598144209614978 -0.074495937447968077 -0.0026871934138500996 0.016235852676353652
decision_type=2 2 2 2 2 2 2 2 2 2 2 2 2 2 2 2 2 2 2 2 2 2
left_child=1 11 21 4 10 9 8 -8 -7 15 -4 16 13 -12 18 -6 -1 -18 -2 -5 -21 -3
right_child=14 2 3 19 5 6 7 -9 -10 -11 12 -13 -14 -15 -16 -17 17 -19 -20 20 -22 -23
leaf_value=0.012770235199282045 -0.012116454853283313 -0.014315319394092647 0.012369889965192735 0.035320260692188674 -0.013502440791775596 -0.0056822688603915652 -0.0013631667418775996 -0.020406894875038283 0.0038845602056149773 -0.023504657315006075 -0.0084622788462527816 0.00023512195600901138 0.012202961380453415 0.0029594837967129735 -0.017777465229113852 0.00016110678720886984 -0.017260876395830762 0.012220412934450614 0.0028347654882795626 -0.04174049000950629 -0.011489722076174425 -0.046491779726414821
leaf_weight=10367 2768 1011 6082 84 3795 7354 4761 2742 27497 2106 4297 7812 3467 11999 3264 4417 989 1115 3101 686 683 414
leaf_count=10367 2768 1011 6082 84 3795 7354 4761 2742 27497 2106 4297 7812 3467 11999 3264 4417 989 1115 3101 686 683 414
internal_value=-4.01325e-07 0.000813515 -0.000590516 -0.000178835 0.000244525 -0.00185095 5.96603e-05 -0.00832528 0.00186534 -0.00969523 0.00451572 0.00644862 0.0020977 -5.1291e-05 -0.00906343 -0.00615133 0.0103395 -0.00162984 -0.004214 -0.0230652 -0.0266636 -0.0236794
internal_weight=110811 101678 81395 79970 78517 52672 42354 7503 34851 10318 25845 20283 19763 16296 9133 8212 12471 2104 5869 1453 1369 1425
internal_count=110811 101678 81395 79970 78517 52672 42354 7503 34851 10318 25845 20283 19763 16296 9133 8212 12471 2104 5869 1453 1369 1425
is_linear=0
shrinkage=0.0351744


Tree=146
num_leaves=23
num_cat=0
split_feature=34 55 2 1 11 91 100 3 66 6 93 68 93 4 1 6 22 51 12 15 46 79
split_gain=657.77 677.963 650.097 754.593 600.442 578.428 525.342 601.178 450.279 449.605 432.866 427.807 339.927 326.973 426.46 317.98 315.558 288.799 285.317 355.541 297.666 282.057
threshold=0.051907964861713458 0.010551932312396503 -0.052627909693709694 0.080261532039906172 0.059164201189952456 0.03862397387296216 -0.93364999999999987 0.045631879357648709 0.050064195527826406 0.082748586401843974 -0.04176726860304119 -0.0045354649902895495 0.028894428430656451 -0.18497435663030062 -0.054044491410804495 0.074203221455054161 -0.027191498081462196 0.0010016577862351501 0.021176743249152204 0.028143738365646206 -0.024491400304214695 -0.083847894023577493
decision_type=2 2 2 2 2 2 2 2 2 2 2 2 2 2 2 2 2 2 2 2 2 2
left_child=1 2 3 13 5 6 21 10 11 -5 -8 12 18 -1 -15 -2 -13 -14 20 -20 -3 -4
right_child=15 8 4 9 -6 -7 7 -9 -10 -11 -12 16 17 14 -16 -17 -18 -19 19 -21 -22 -23
leaf_value=0.029620772677561101 -0.01102364734324743 -0.0066549617971573809 0.071573566204912856 -0.025372133017710467 0.0079764118528765499 -0.016596733264119971 0.0095059247096905483 0.0061572573454404065 0.017575722770997049 0.0089714541837424226 -0.0054644385155199595 0.014197697959978637 -0.0014086752681885092 0.013244265165007787 -0.0018560865969832034 0.0062219748390459143 0.0040513717724066237 -0.025100104747728079 -0.013952621126031567 0.011254177153269313 0.0095951423144380026 -0.018959917244636647
leaf_weight=921 8813 1868 43 1367 5583 4252 2603 8806 3141 719 29050 5471 1338 6310 3651 1555 12385 1217 2451 964 5492 2811
leaf_count=921 8813 1868 43 1367 5583 4252 2603 8806 3141 719 29050 5471 1338 6310 3651 1555 12385 1217 2451 964 5492 2811
internal_value=-4.05025e-07 0.000870133 -0.00121192 0.00584865 -0.00293502 -0.00421613 -0.0030003 -0.00197093 0.00488078 -0.0135269 -0.00423278 0.00360155 -0.0011655 0.00956448 0.00770793 -0.00843548 0.00716119 -0.0127008 0.00156839 -0.00683208 0.00546848 -0.017586
internal_weight=110811 100443 66116 12968 53148 47565 43313 40459 34327 2086 31653 31186 13330 10882 9961 10368 17856 2555 10775 3415 7360 2854
internal_count=110811 100443 66116 12968 53148 47565 43313 40459 34327 2086 31653 31186 13330 10882 9961 10368 17856 2555 10775 3415 7360 2854
is_linear=0
shrinkage=0.0351744


Tree=147
num_leaves=23
num_cat=0
split_feature=9 13 20 28 22 7 31 58 3 33 100 41 18 11 55 3 1 38 94 30 21 6
split_gain=651.468 697.527 575.868 640.687 519.637 462.097 421.004 419.308 404.382 393.698 443.523 388.92 388.903 382.819 378.339 353.91 349.165 343.83 325.349 316.242 319.475 310.809
threshold=0.034612091758803705 0.028915617859504403 -0.019472660626117345 -0.007168902564005499 -0.0072608432599167994 -0.03538481254583959 -0.031185863209023498 -0.016367637192684244 0.00056478572980800011 0.03680655241817176 -0.55684999999999996 0.0046283049239839004 0.0063523302545050011 -0.011121590453480998 0.016626028668562803 -0.11850123737082839 0.099942548205472617 -0.023864647286990396 -0.011467577191594898 0.042281235959604556 0.06234585811946361 0.15112493867595647
decision_type=2 2 2 2 2 2 2 2 2 2 2 2 2 2 2 2 2 2 2 2 2 2
left_child=1 2 7 9 5 -2 -3 -1 13 10 11 -4 14 -9 -5 -8 -16 -7 -10 -6 -21 -17
right_child=4 6 3 12 19 17 15 8 18 -11 -12 -13 -14 -15 16 21 -18 -19 -20 20 -22 -23
leaf_value=0.012253150065726106 0.011470603076315708 -0.0018601890780948532 -0.028578923656497012 0.001135882060076434 -0.0068777792671129529 0.0097132925656240338 0.0272665051984145 -0.016998035983153977 -0.0035298929816684321 0.005233453968681496 -0.0059058485938130525 -0.0083031640081727091 -0.0046068676937609356 0.0018259418730136965 0.0084480510343649621 0.0072171444341982494 0.034540313736895915 -0.0081326105763416794 0.011433896876844693 -0.025590748599027956 0.007529998729598762 0.036420562133739287
leaf_weight=6120 3435 5227 2450 12200 11547 1728 1291 2336 2758 2476 10658 2247 9953 3121 3240 15060 790 5874 5155 2252 428 465
leaf_count=6120 3435 5227 2450 12200 11547 1728 1291 2336 2758 2476 10658 2247 9953 3121 3240 15060 790 5874 5155 2252 428 465
internal_value=-3.65334e-07 0.00146514 -0.000405904 -0.00263508 -0.00496337 0.000762631 0.00685617 0.00462735 0.00113535 -0.00777767 -0.00987683 -0.0188834 0.000866483 -0.00622934 0.00422404 0.00956649 0.0135682 -0.00407377 0.00621635 -0.00940661 -0.020295 0.00809328
internal_weight=110811 85547 63504 44014 25264 11037 22043 19490 13370 17831 15355 4697 26183 5457 16230 16816 4030 7602 7913 14227 2680 15525
internal_count=110811 85547 63504 44014 25264 11037 22043 19490 13370 17831 15355 4697 26183 5457 16230 16816 4030 7602 7913 14227 2680 15525
is_linear=0
shrinkage=0.0351744


Tree=148
num_leaves=23
num_cat=0
split_feature=84 93 74 94 20 87 5 88 33 61 38 7 7 0 100 9 22 70 21 28 68 4
split_gain=640.526 784.354 619.53 545.048 446.526 426.395 423.23 375.715 367.638 373.846 380.693 352.44 349.376 344.12 321.455 314.18 312.333 306.541 296.224 288.364 286.634 274.173
threshold=0.0036580484726457005 0.030953930710610405 0.027204606588271653 -0.017925754767772997 0.024393189078829005 0.012614764690120352 0.029885623034675703 -0.0020346764405237499 0.043887263718995706 -0.05759682480929789 -0.017308383259660297 0.14177564617113228 -0.027581098768560148 0.23438136552888386 -0.96934999999999993 -0.013826940947988298 0.076900539551017361 -0.021145604120564748 -0.036049658528969096 -0.023675760200916798 0.0091708095928589514 0.0089435115434952032
decision_type=2 2 2 2 2 2 2 2 2 2 2 2 2 2 2 2 2 2 2 2 2 2
left_child=2 3 4 8 6 -6 14 -4 9 -2 -11 17 16 -9 -1 -3 -8 -5 -12 -20 -19 -16
right_child=1 15 7 11 5 -7 12 13 -10 10 18 -13 -14 -15 21 -17 -18 20 19 -21 -22 -23
leaf_value=-0.016336545238043017 0.016179004776678801 -0.0053335865637764756 0.0016385357798387272 -0.0043880422505121024 0.0034942353653378134 -0.0093295552024942122 0.014454724956382654 -0.01577476198671653 0.0074159995804739349 -0.0012577569567035519 -0.032537256205859122 -0.026892245277269022 -0.006292133772718405 0.0028307271146302973 0.0057662159518955076 -0.019356663217784207 -0.048973457320676761 0.00063277695344256442 -0.02769880106344862 -0.0081828106253912531 0.0086210462164367386 0.012920445762519583
leaf_weight=639 612 3600 5964 7335 8942 5002 1867 4525 1689 2714 1229 536 5030 1687 15177 4395 101 13739 1263 3643 9338 11784
leaf_count=639 612 3600 5964 7335 8942 5002 1867 4525 1689 2714 1229 536 5030 1687 15177 4395 101 13739 1263 3643 9338 11784
internal_value=-3.28031e-07 -0.00294472 0.00242855 -0.00102616 0.00420821 -0.00110479 0.00634998 -0.00466499 -0.00769427 -0.0103936 -0.0122336 0.00137573 -0.001374 -0.0107194 0.008309 -0.0130447 0.0111873 0.00187463 -0.0170862 -0.0132112 0.00386595 0.00889383
internal_weight=110811 50093 60718 42098 48542 13944 34598 12176 11150 9461 8849 30948 6998 6212 27600 7995 1968 30412 6135 4906 23077 26961
internal_count=110811 50093 60718 42098 48542 13944 34598 12176 11150 9461 8849 30948 6998 6212 27600 7995 1968 30412 6135 4906 23077 26961
is_linear=0
shrinkage=0.0351744


Tree=149
num_leaves=23
num_cat=0
split_feature=15 11 60 13 38 70 80 21 52 9 31 74 42 28 20 1 24 7 0 15 49 38
split_gain=627.903 680.627 702.403 617.377 588.607 564.122 603.792 565.071 430.189 422.676 348.27 411.381 343.707 328.212 375.152 317.405 303.305 297.763 295.696 279.701 264.773 256.684
threshold=0.086436990967349567 -0.096374697003733731 0.040006685383182854 0.030692114200072552 -0.005528387964672199 0.03760517567366406 0.050178968252240504 0.0022027289066186002 -0.018432556353937646 0.075766933679636966 -0.032901329402505841 0.084071505673496374 0.028023793837183304 0.052643329800541559 -0.030563806785535896 -0.093782590677497391 0.035503099427714006 0.077302694435499669 0.21302536036341352 -0.082945630417784785 0.017077808861878804 -0.062624555451886887
decision_type=2 2 2 2 2 2 2 2 2 2 2 2 2 2 2 2 2 2 2 2 2 2
left_child=1 21 3 4 13 6 7 -6 -4 10 19 18 -7 14 -3 -11 -10 -16 -12 -5 -21 -1
right_child=-2 2 8 9 5 12 -8 -9 16 15 11 -13 -14 -15 17 -17 -18 -19 -20 20 -22 -23
leaf_value=0.01749002687276718 0.011459910506642652 0.0097004640993646942 0.0028945493381283679 -0.039882645139462422 -0.0083518870853943016 0.01398963200244365 -0.023911766188337336 0.0012523701597987095 -0.0083330214257973188 0.0062420190797182881 0.0082112034055953943 -0.033755738627770385 -0.0071421381083774825 0.013904528543993822 0.0009037968222642723 -0.022119451774903834 -0.023674980447401246 -0.014315135883071076 0.019528707140183045 -0.0049007006630129354 0.014686425116639553 -0.016204094294613381
leaf_weight=299 5615 5877 3354 217 16486 3320 1995 14024 6958 895 10868 256 1334 3119 19203 1072 2071 1734 3880 2785 1231 4218
leaf_count=299 5615 5877 3354 217 16486 3320 1995 14024 6958 895 10868 256 1334 3119 19203 1072 2071 1734 3880 2785 1231 4218
internal_value=-3.34772e-07 -0.000612218 -1.2752e-05 0.00108734 -0.000565938 -0.00352311 -0.00516333 -0.00393674 -0.00785813 0.00631926 0.00790775 0.0104217 0.00792891 0.00310456 0.00184761 -0.00920687 -0.0118542 -0.000355942 0.01119 -0.000999003 0.00109944 -0.0139695
internal_weight=110811 105196 100679 88296 67092 37159 32505 30510 12383 21204 19237 15004 4654 29933 26814 1967 9029 20937 14748 4233 4016 4517
internal_count=110811 105196 100679 88296 67092 37159 32505 30510 12383 21204 19237 15004 4654 29933 26814 1967 9029 20937 14748 4233 4016 4517
is_linear=0
shrinkage=0.0351744


end of trees

feature_importances:
SVD_15=217
SVD_1=197
SVD_11=193
Sentiment=188
SVD_21=149
SVD_7=136
SVD_20=129
SVD_24=127
SVD_33=117
SVD_9=116
SVD_28=113
SVD_13=109
SVD_3=100
SVD_2=97
SVD_62=91
SVD_38=85
SVD_60=59
SVD_5=54
SVD_22=53
SVD_42=53
SVD_68=50
SVD_4=45
SVD_12=44
SVD_14=44
SVD_26=38
SVD_31=38
SVD_74=38
SVD_55=35
SVD_63=35
SVD_23=34
SVD_34=34
SVD_70=34
SVD_65=33
SVD_91=33
SVD_18=30
SVD_94=29
SVD_48=26
SVD_40=22
SVD_30=20
SVD_27=17
SVD_39=16
SVD_46=14
SVD_6=12
SVD_49=11
SVD_90=11
SVD_93=11
SVD_19=10
SVD_84=9
SVD_17=8
SVD_29=8
SVD_52=8
SVD_61=8
SVD_80=8
SVD_0=7
SVD_8=6
SVD_51=6
SVD_88=6
SVD_37=5
SVD_64=5
SVD_25=4
SVD_58=4
SVD_59=4
SVD_66=4
SVD_82=4
SVD_87=4
SVD_10=3
SVD_43=3
SVD_53=3
SVD_67=3
SVD_69=3
SVD_75=3
SVD_78=3
SVD_95=3
SVD_16=2
SVD_32=2
SVD_41=2
SVD_56=2
SVD_76=2
SVD_77=2
SVD_79=2
SVD_44=1
SVD_54=1
SVD_83=1
SVD_85=1
SVD_89=1
SVD_96=1
SVD_97=1

parameters:
[boosting: gbdt]
[objective: regression]
[metric: l2]
[tree_learner: serial]
[device_type: cpu]
[data_sample_strategy: bagging]
[data: ]
[valid: ]
[num_iterations: 150]
[learning_rate: 0.0351744]
[num_leaves: 23]
[num_threads: 8]
[seed: 42]
[deterministic: 0]
[force_col_wise: 0]
[force_row_wise: 0]
[histogram_pool_size: -1]
[max_depth: 8]
[min_data_in_leaf: 31]
[min_sum_hessian_in_leaf: 0.001]
[bagging_fraction: 0.761601]
[pos_bagging_fraction: 1]
[neg_bagging_fraction: 1]
[bagging_freq: 0]
[bagging_seed: 400]
[bagging_by_query: 0]
[feature_fraction: 0.982139]
[feature_fraction_bynode: 1]
[feature_fraction_seed: 30056]
[extra_trees: 0]
[extra_seed: 12879]
[early_stopping_round: 0]
[early_stopping_min_delta: 0]
[first_metric_only: 0]
[max_delta_step: 0]
[lambda_l1: 0.472594]
[lambda_l2: 0.164336]
[linear_lambda: 0]
[min_gain_to_split: 0]
[drop_rate: 0.1]
[max_drop: 50]
[skip_drop: 0.5]
[xgboost_dart_mode: 0]
[uniform_drop: 0]
[drop_seed: 17869]
[top_rate: 0.2]
[other_rate: 0.1]
[min_data_per_group: 100]
[max_cat_threshold: 32]
[cat_l2: 10]
[cat_smooth: 10]
[max_cat_to_onehot: 4]
[top_k: 20]
[monotone_constraints: ]
[monotone_constraints_method: basic]
[monotone_penalty: 0]
[feature_contri: ]
[forcedsplits_filename: ]
[refit_decay_rate: 0.9]
[cegb_tradeoff: 1]
[cegb_penalty_split: 0]
[cegb_penalty_feature_lazy: ]
[cegb_penalty_feature_coupled: ]
[path_smooth: 0]
[interaction_constraints: ]
[verbosity: 1]
[saved_feature_importance_type: 0]
[use_quantized_grad: 0]
[num_grad_quant_bins: 4]
[quant_train_renew_leaf: 0]
[stochastic_rounding: 1]
[linear_tree: 0]
[max_bin: 255]
[max_bin_by_feature: ]
[min_data_in_bin: 3]
[bin_construct_sample_cnt: 200000]
[data_random_seed: 175]
[is_enable_sparse: 1]
[enable_bundle: 1]
[use_missing: 1]
[zero_as_missing: 0]
[feature_pre_filter: 1]
[pre_partition: 0]
[two_round: 0]
[header: 0]
[label_column: ]
[weight_column: ]
[group_column: ]
[ignore_column: ]
[categorical_feature: ]
[forcedbins_filename: ]
[precise_float_parser: 0]
[parser_config_file: ]
[objective_seed: 16083]
[num_class: 1]
[is_unbalance: 0]
[scale_pos_weight: 1]
[sigmoid: 1]
[boost_from_average: 1]
[reg_sqrt: 0]
[alpha: 0.9]
[fair_c: 1]
[poisson_max_delta_step: 0.7]
[tweedie_variance_power: 1.5]
[lambdarank_truncation_level: 30]
[lambdarank_norm: 1]
[label_gain: ]
[lambdarank_position_bias_regularization: 0]
[eval_at: ]
[multi_error_top_k: 1]
[auc_mu_weights: ]
[num_machines: 1]
[local_listen_port: 12400]
[time_out: 120]
[machine_list_filename: ]
[machines: ]
[gpu_platform_id: -1]
[gpu_device_id: -1]
[gpu_use_dp: 0]
[num_gpu: 1]

end of parameters

pandas_categorical:[]
