tree
version=v4
num_class=1
num_tree_per_iteration=1
label_index=0
max_feature_idx=9
objective=regression
feature_names=SVD_15 SVD_1 SVD_11 Sentiment SVD_21 SVD_7 SVD_20 SVD_24 SVD_33 SVD_9
feature_infos=[-0.27525349882450462:0.29068197351417191] [-0.3289436129286557:0.51441455654519508] [-0.3640951246917738:0.27805317060144108] [-0.99560000000000004:0.99370000000000003] [-0.3004849575318822:0.33259067833044947] [-0.33103143607375091:0.40017464804058778] [-0.2939446284614548:0.25977706870761769] [-0.22940238932092091:0.30446590946594809] [-0.20866610346142339:0.24027994763368959] [-0.28492663753456748:0.32466029370721289]
tree_sizes=2171 2297 2287 2287 2314 2300 2308 2301 2302 2314 2306 2300 2307 2307 2309 2330 2314 2320 2313 2309 2322 2309 2320 2315 2325 2317 2322 2306 2314 2322 2321 2322 2318 2322 2321 2321 2320 2319 2325 2319 2317 2315 2315 2332 2317 2320 2326 2322 2312 2316 2312 2322 2326 2325 2329 2317 2324 2328 2315 2326 2315 2319 2319 2318 2325 2314 2319 2300 2322 2323 2317 2312 2305 2305 2325 2330 2328 2311 2325 2319 2317 2328 2331 2331 2317 2312 2321 2321 2296 2325 2306 2327 2311 2326 2316 2289 2304 2317 2315 2306 2291 2322 2328 2292 2308 2314 2314 2301 2330 2318 2292 2310 2308 2317 2326 2334 2333 2325 2303 2327 2268 2295 2297 2317 2262 2303 2326 2315 2317 2297 2285 2303 2294 2336 2316 2284 2288 2324 2281 2287 2322 2294 2287 2292 2311 2301 2286 2288 2266 2290

Tree=0
num_leaves=23
num_cat=0
split_feature=3 2 3 3 5 0 1 0 1 0 1 1 6 0 1 2 0 2 0 0 7 6
split_gain=73579.8 25265.7 10828.2 7684.51 5718.21 4546.69 4533.3 4238.09 3885.84 3657.46 3363.19 3344.46 2828.09 2356.24 2309.67 2163.66 1865.36 1678.95 1741.47 1614.86 1558.86 1502.2
threshold=-0.24919999999999998 -0.0054274964605963991 0.5273000000000001 -0.84674999999999989 0.028030629676504104 -0.0021966686799221495 0.023233723475790755 -0.028850744153839199 0.036597395995265555 -0.046410671377038144 -0.0109481708729846 -0.041414832014725893 0.019097664378791002 -0.0053881507231608988 0.036597395995265555 0.00094840894575840007 -0.026182659013875498 -0.040660793377104147 -0.0049323831614139996 0.0022871527633664007 -0.0072149403448404986 -0.0123081443945886
decision_type=2 2 2 2 2 2 2 2 2 2 2 2 2 2 2 2 2 2 2 2 2 2
left_child=1 3 6 10 11 12 20 -8 -5 14 17 21 -6 -13 -4 -11 -10 -1 -19 -12 -2 -3
right_child=2 4 9 8 5 -7 7 -9 16 15 19 13 -14 -15 -16 -17 -18 18 -20 -21 -22 -23
leaf_value=6.9220807874882784 7.036761573545645 7.047641481309844 7.0353430741499876 6.9764723348083049 6.9720626728582173 7.007353823646759 6.9479595577263078 7.0091275400460606 6.9066677104008098 7.0380628264093525 6.8787460416865667 6.9762062001127889 6.9118312557282495 7.015481637311674 6.9771719170543074 7.0569187874360306 6.9578460028679308 6.9369308245525856 6.9875346695057594 6.9360068813133067 7.0165769748323008 7.0170135346483997
leaf_weight=3360 7922 2923 2085 11315 2951 3231 1973 4835 1634 12260 2129 3905 1434 3661 1419 19543 1918 2139 1389 857 11772 6156
leaf_count=3360 7922 2923 2085 11315 2951 3231 1973 4835 1634 12260 2129 3905 1434 3661 1419 19543 1918 2139 1389 857 11772 6156
internal_value=7.00762 6.97543 7.03314 6.95041 7.00093 6.97569 7.01614 6.9914 6.96639 7.04589 6.92636 7.01248 6.95236 6.99521 7.01178 7.04965 6.93429 6.93988 6.95685 6.89517 7.0247 7.02688
internal_weight=110811 49002 61809 24741 24261 7616 26502 6808 14867 35307 9874 16645 4385 7566 3504 31803 3552 6888 3528 2986 19694 9079
internal_count=110811 49002 61809 24741 24261 7616 26502 6808 14867 35307 9874 16645 4385 7566 3504 31803 3552 6888 3528 2986 19694 9079
is_linear=0
shrinkage=1


Tree=1
num_leaves=23
num_cat=0
split_feature=3 2 3 3 0 5 1 0 1 1 7 6 6 0 3 0 1 2 8 6 7 9
split_gain=68616 23928 8516.49 7843.36 6425.48 6225.41 4684.27 4888.39 3911.8 3729.79 2704.33 2611.42 2601.59 2196.84 2142.68 2127.35 2075.55 1991.61 1651.18 1534.49 1322.15 1299.82
threshold=-0.12714999999999996 -0.014832961824089648 0.74330000000000018 -0.89139999999999986 -0.0026064745856046998 0.02534889633907365 0.023233723475790755 -0.029470645471271848 0.036597395995265555 -0.0080622643473773469 -0.0031504678499456496 -0.0058265879158354997 0.0013121196898274502 -0.049754782208191746 -0.62474999999999992 -0.018889827030510797 -0.073400848999863696 0.0052259029511499506 -0.04014609575085349 -0.0016765659715795498 0.050150687741229556 -0.041524953795783547
decision_type=2 2 2 2 2 2 2 2 2 2 2 2 2 2 2 2 2 2 2 2 2 2
left_child=1 3 6 16 5 9 17 -8 14 11 -6 -3 -7 -4 -5 -10 -1 -2 -14 -19 -9 -15
right_child=2 4 13 8 10 12 7 20 15 -11 -12 -13 18 21 -16 -17 -18 19 -20 -21 -22 -23
leaf_value=-0.061463263045784061 0.013591514292372684 0.025050820951889013 0.0056348663337432896 -0.047209519903290385 0.026566715419478901 -0.029856247890631613 -0.048849815989562853 0.016855128355598395 -0.09840566319269034 -0.043993888242900424 -0.0057205400788338358 -0.013196672482622277 -0.11979532236836349 0.059015699267032304 -0.017754753969134424 -0.047180554349959956 -0.10418652358579278 0.047104080341738533 -0.059734740462525741 0.022209161217026405 -0.024695735437241649 0.040263677464507139
leaf_weight=2131 13383 3827 1802 6635 6395 2931 2451 5328 2074 2720 6442 5222 809 6640 5669 1947 4160 5465 1898 6981 1152 14749
leaf_count=2131 13383 3827 1802 6635 6395 2931 2451 5328 2074 2720 6442 5222 809 6640 5669 1947 4160 5465 1898 6981 1152 14749
internal_value=0 -0.0289811 0.026435 -0.0563482 -0.0085157 -0.0224388 0.0154201 -0.00653729 -0.0434866 -0.00787755 0.0103628 0.00297727 -0.0528305 0.0429438 -0.0336402 -0.0736091 -0.0897192 0.0230131 -0.0776965 0.0331423 0.0094653 0.0460862
internal_weight=110811 52860 57951 22616 30244 17407 34760 8931 16325 11769 12837 9049 5638 23191 12304 4021 6291 25829 2707 12446 6480 21389
internal_count=110811 52860 57951 22616 30244 17407 34760 8931 16325 11769 12837 9049 5638 23191 12304 4021 6291 25829 2707 12446 6480 21389
is_linear=0
shrinkage=0.0351744


Tree=2
num_leaves=23
num_cat=0
split_feature=3 2 3 0 1 1 0 0 1 0 8 1 5 3 3 9 7 2 7 5 4 6
split_gain=64011.1 21267.9 11365.4 6500.48 4613.06 4405.62 4237.21 4089.07 4007.67 3202.99 2536.22 2235.59 2211.42 2186.87 2083.29 1917.03 1907.59 1904.48 1736.36 1492.8 1829.63 1393.24
threshold=-0.36109999999999992 -0.0054274964605963991 0.5273000000000001 -0.0099521616891134479 -0.059107888248588737 0.023233723475790755 -0.0053881507231608988 -0.017923061294452498 0.018851818115529401 -0.044093960342047094 -0.062774183508371592 0.045355472178381158 0.091448979704867608 -0.89559999999999984 -0.89814999999999989 -0.067280322973575876 -0.0039656778690080495 0.00094840894575840007 0.011750007044492103 0.010837783379395302 0.078633282980213617 -0.014172031042892748
decision_type=2 2 2 2 2 2 2 2 2 2 2 2 2 2 2 2 2 2 2 2 2 2
left_child=1 3 5 8 12 15 10 -7 13 11 -6 -4 21 -1 -5 -2 -17 -11 -8 -12 -21 -3
right_child=2 4 9 14 6 7 18 -9 -10 17 19 -13 -14 -15 -16 16 -18 -19 -20 20 -22 -23
leaf_value=-0.084280938301114883 0.03858954264822477 0.036094570401369486 0.026236479461063979 -0.062762107536081232 -0.10736642896590719 -0.049918760094781155 0.016868249584225468 0.0030395208337001406 -0.10570282503165074 0.028501469873070819 -0.017250296229935687 -0.029392396884565797 -0.043767857203314206 -0.047121206745390123 -0.02759600253531598 0.02275774955560755 0.000345113464106594 0.046275128662714382 -0.023793290300379848 -0.059976767053056504 0.034054845337619842 0.0061395674605915652
leaf_weight=3113 3397 2825 2369 2795 627 2859 3402 4886 3494 12149 3403 1435 847 5301 8213 8204 10999 19354 2102 2746 282 6009
leaf_count=3113 3397 2825 2369 2795 627 2859 3402 4886 3494 12149 3403 1435 847 5301 8213 8204 10999 19354 2102 2746 282 6009
internal_value=0 -0.0322341 0.0221722 -0.0560158 -0.0077318 0.00638514 -0.0217944 -0.0165081 -0.0740294 0.03574 -0.0398341 0.00524662 0.010514 -0.0608729 -0.0365272 0.0142314 0.00992133 0.0394215 0.00133618 -0.0332448 -0.0512127 0.0157212
internal_weight=110811 45159 65652 22916 22243 30345 12562 7745 11908 35307 7058 3804 9681 8414 11008 22600 19203 31503 5504 6431 3028 8834
internal_count=110811 45159 65652 22916 22243 30345 12562 7745 11908 35307 7058 3804 9681 8414 11008 22600 19203 31503 5504 6431 3028 8834
is_linear=0
shrinkage=0.0351744


Tree=3
num_leaves=23
num_cat=0
split_feature=3 2 3 3 0 5 0 1 1 0 6 6 1 2 4 1 0 8 7 7 1 0
split_gain=59650 21017.7 7514.34 6889.93 5755.26 6004.55 4149.34 3929.16 3630.23 2890.77 2575.36 2487.91 2442.55 2372.35 2189.1 1960.75 2227.96 1903.46 1895.85 1547 1435.45 1303.26
threshold=-0.12714999999999996 -0.014832961824089648 0.74330000000000018 -0.83144999999999991 0.0087459754560187519 0.030025241328595905 -0.034379304198200546 0.033502415493766806 -0.0099880315589697486 -0.0099521616891134479 -0.035660706675738389 0.0029370507776331502 -0.0109481708729846 -0.016008746476948197 0.050612858482826158 0.036597395995265555 -0.018388492479708345 -0.054345276651216738 -0.0031504678499456496 -0.028123431504562198 0.027897564576369851 0.0022871527633664007
decision_type=2 2 2 2 2 2 2 2 2 2 2 2 2 2 2 2 2 2 2 2 2 2
left_child=1 3 6 12 5 8 7 -2 11 14 -7 -3 19 -8 20 -4 -17 -12 -6 -1 -5 -14
right_child=2 4 15 9 18 10 13 -9 -10 -11 17 -13 21 -15 -16 16 -18 -19 -20 -21 -22 -23
leaf_value=-0.031027667860262838 0.0074922550137005144 0.020685379441018833 0.04635694103456444 -0.050918608005334452 0.029485781541325196 -0.003836557284669727 0.0058054172084657683 -0.050761133337171263 -0.037402856202800816 -0.021433486735824708 -0.10883584578328341 -0.012854742599090927 -0.11818421891204442 0.027483528324926863 -0.0096001266756421712 -0.01025175169751885 0.036464003899764279 -0.049817243390162948 -0.0014436849227341031 -0.073190366045433983 -0.090633120813799276 -0.065382722826624259
leaf_weight=1380 4615 5429 16957 3464 4995 1282 9386 2077 3493 7195 819 5516 2044 18682 1122 1759 4475 3896 4814 4929 1672 810
leaf_count=1380 4615 5429 16957 3464 4995 1282 9386 2077 3493 7195 819 5516 2044 18682 1122 1759 4475 3896 4814 4929 1672 810
internal_value=0 -0.0270215 0.0246474 -0.0526703 -0.00784093 -0.018472 0.0143008 -0.0105862 -0.00618215 -0.0366445 -0.0480565 0.00378056 -0.0761963 0.020235 -0.0541293 0.0401545 0.02328 -0.0600758 0.0143049 -0.0639716 -0.0638532 -0.103209
internal_weight=110811 52860 57951 22616 30244 20435 34760 6692 14438 13453 5997 10945 9163 28068 6258 23191 6234 4715 9809 6309 5136 2854
internal_count=110811 52860 57951 22616 30244 20435 34760 6692 14438 13453 5997 10945 9163 28068 6258 23191 6234 4715 9809 6309 5136 2854
is_linear=0
shrinkage=0.0351744


Tree=4
num_leaves=23
num_cat=0
split_feature=3 2 3 0 2 1 1 5 0 0 6 0 2 3 9 1 1 0 7 6 4 1
split_gain=55972.2 17619.3 11474 5767.3 4673.45 4329.23 3951.23 3719.64 3198.55 2819.29 2393.87 2164.51 2120.8 2117.22 1852.12 1809.02 1801.72 1481.69 1430.26 1419.36 1342.58 1328.34
threshold=-0.45819999999999994 0.0057539464899786013 0.5273000000000001 -0.0021966686799221495 -0.0049417004250916991 0.018851818115529401 0.036597395995265555 0.012416409094268251 -0.0026064745856046998 -0.046410671377038144 0.019097664378791002 -0.0053881507231608988 -0.042279608257036541 -0.9020999999999999 -0.048728933350633989 0.027897564576369851 0.045355472178381158 -0.030695532482002647 0.019343722235856151 0.006609863614845851 0.044624009550640609 -0.046072066004982641
decision_type=2 2 2 2 2 2 2 2 2 2 2 2 2 2 2 2 2 2 2 2 2 2
left_child=1 3 4 5 6 13 -2 -3 10 16 -9 15 -5 -1 -11 19 -4 -8 -16 -6 -15 -14
right_child=2 7 9 12 11 -7 17 8 -10 14 -12 -13 21 20 18 -17 -18 -19 -20 -21 -22 -23
leaf_value=-0.074835678606786749 0.0003426340728974566 0.0098048448247424463 0.023380694182967343 -0.049533357074223017 0.025603304077543913 -0.097248136635111157 -0.071109234813891961 -0.024820853039231809 0.0039433844574012873 0.051096880780062484 -0.082133090802522735 0.027611284634576041 -0.0012325955802199521 -0.049597184613273268 0.037956885371043518 -0.027891065776452673 -0.028450242612782901 -0.024567445855614056 0.019744520562909845 -0.0067494712501628886 -0.0097070288134176157 -0.034651320744113791
leaf_weight=3814 11678 9659 2155 4355 3943 3868 1334 2653 2942 8182 1367 10088 3088 5591 15469 1787 1349 2320 8152 2919 1285 2813
leaf_count=3814 11678 9659 2155 4355 3943 3868 1334 2653 2942 8182 1367 10088 3088 5591 15469 1787 1349 2320 8152 2919 1285 2813
internal_value=-5.15819e-08 -0.0323478 0.0193195 -0.05112 0.00475658 -0.0653543 -0.00964447 -0.00432087 -0.0239209 0.0333712 -0.0443166 0.0165414 -0.0309127 -0.0538111 0.0366705 0.00362764 0.00342123 -0.0415659 0.0316724 0.0118386 -0.0421453 -0.0171666
internal_weight=110811 41435 69376 24814 34069 14558 15332 16621 6962 35307 4020 18737 10256 10690 31803 8649 3504 3654 23621 6862 6876 5901
internal_count=110811 41435 69376 24814 34069 14558 15332 16621 6962 35307 4020 18737 10256 10690 31803 8649 3504 3654 23621 6862 6876 5901
is_linear=0
shrinkage=0.0351744


Tree=5
num_leaves=23
num_cat=0
split_feature=3 2 3 0 2 1 5 1 6 0 0 1 3 0 7 1 2 4 1 0 6 5
split_gain=52104.2 16407.3 10681.1 5319.2 4350.47 4085.92 3838.61 3678.22 3087.78 2786.44 2680.57 2932.93 2292.88 2014.93 1696.68 1684 1527.84 1400.13 1386.08 1379.27 1322.96 1196.53
threshold=-0.45819999999999994 0.0024245489919414507 0.5273000000000001 0.0074070635974369014 -0.0049417004250916991 0.020873159494971753 0.0113560394668704 0.036597395995265555 -0.0123081443945886 -0.015120989747338448 -0.025097330520276896 0.030608773561614001 -0.91684999999999983 -0.0053881507231608988 -0.0072149403448404986 0.027897564576369851 -0.016008746476948197 0.084152524140046411 -0.028504986156112896 -0.030695532482002647 -0.0016765659715795498 0.028708659826157005
decision_type=2 2 2 2 2 2 2 2 2 2 2 2 2 2 2 2 2 2 2 2 2 2
left_child=1 3 4 5 7 12 18 -2 -8 -10 11 -4 -1 15 -5 20 -12 21 -3 -9 -6 -14
right_child=2 6 10 14 13 -7 8 19 9 -11 16 -13 17 -15 -16 -17 -18 -19 -20 -21 -22 -23
leaf_value=-0.075903162850958147 0.0003305824658899713 0.018231143320599205 0.028978666183185207 -0.0086997143532072489 0.027175877543460021 -0.09309608383863599 0.0035394317731999862 -0.068608316647473883 -0.072250435045670483 -0.017610929033756471 0.023380887159116348 -0.018692292390015831 -0.037257545954305235 0.026640089167006796 -0.041155150371850621 -0.02691010327549374 0.041989422593956473 0.014729620617099006 -0.0090099618663364075 -0.02370336089151721 -0.0037150926751682253 -0.069411653464433273
leaf_weight=3436 11678 6529 4757 3467 3363 3998 2976 1334 2108 2556 7418 2403 5667 10088 4692 1787 20729 511 3576 2320 3499 1919
leaf_count=3436 11678 6529 4757 3467 3363 3998 2976 1334 2108 2556 7418 2403 5667 10088 4692 1787 20729 511 3576 2320 3499 1919
internal_value=-9.06611e-08 -0.0312101 0.01864 -0.0503666 0.00458922 -0.062448 -0.00563451 -0.00930527 -0.0244495 -0.0423117 0.0321975 0.0129772 -0.051821 0.0159596 -0.0273664 0.0034999 0.037086 -0.0415982 0.00858931 -0.0401041 0.0114221 -0.045395
internal_weight=110811 41435 69376 23690 34069 15531 17745 15332 7640 4664 35307 7160 11533 18737 8159 8649 28147 8097 10105 3654 6862 7586
internal_count=110811 41435 69376 23690 34069 15531 17745 15332 7640 4664 35307 7160 11533 18737 8159 8649 28147 8097 10105 3654 6862 7586
is_linear=0
shrinkage=0.0351744


Tree=6
num_leaves=23
num_cat=0
split_feature=3 2 3 3 7 5 1 0 0 0 6 1 8 1 1 1 0 9 7 7 4 1
split_gain=48583.7 17814.1 6061.29 5963.05 4950.66 4073.65 3580.73 3331.98 3170.14 2447.77 2182.42 2157.07 2147.38 1947.63 1795.84 1697.18 1821.9 1570.59 1518.61 1391.07 1369.54 1242.36
threshold=-0.10264999999999998 -0.014832961824089648 0.74330000000000018 -0.89139999999999986 -0.0031504678499456496 0.029329672664128403 0.025563501414801303 -0.014187407861517148 0.0032045110554531505 -0.0030590357167551998 0.0082940215699038519 0.036597395995265555 -0.038005689863504839 -0.028504986156112896 -0.095894413325025782 0.036597395995265555 -0.018388492479708345 -0.067280322973575876 -0.011851749162440698 0.050150687741229556 0.015493467388554 -0.051159864496574996
decision_type=2 2 2 2 2 2 2 2 2 2 2 2 2 2 2 2 2 2 2 2 2 2
left_child=1 3 6 14 9 13 17 -8 11 10 21 20 -7 -6 -1 -4 -17 -2 -19 -9 -5 -3
right_child=2 4 15 8 5 12 7 19 -10 -11 -12 -13 -14 -15 -16 16 -18 18 -20 -21 -22 -23
leaf_value=-0.040060765620098429 0.03981702761808166 0.028634030966786603 0.042180674193936785 -0.051807714738735154 0.0030429727441301582 -0.085968433917900086 -0.035039913459633219 0.018973999229568852 -0.018768748634827553 0.024255059581889168 -0.028482488152810473 -0.076631984383604815 -0.032893854977239262 -0.027317795906776229 -0.086365403820088865 -0.0096113391283450134 0.032632832143632363 0.028780849248800911 0.0090814764235102319 -0.026296143459175796 -0.019352176329025677 -0.0068853706201265465
leaf_weight=1311 4049 2280 16957 4179 7108 1261 3190 4373 7124 6577 2990 2670 3751 4134 4980 1759 4475 7418 13952 1039 2619 2615
leaf_count=1311 4049 2280 16957 4179 7108 1261 3190 4373 7124 6577 2990 2670 3751 4134 4980 1759 4475 7418 13952 1039 2619 2615
internal_value=-1.28389e-07 -0.024063 0.0225429 -0.047557 -0.00655965 -0.01988 0.0130894 -0.00652541 -0.036498 0.00841019 -0.00480439 -0.0498357 -0.0462529 -0.00812029 -0.0767198 0.0364102 0.0207105 0.0197279 0.0159205 0.0102794 -0.0393071 0.00965592
internal_weight=110811 53599 57212 22883 30716 16254 34021 8602 16592 14462 7885 9468 5012 11242 6291 23191 6234 25419 21370 5412 6798 4895
internal_count=110811 53599 57212 22883 30716 16254 34021 8602 16592 14462 7885 9468 5012 11242 6291 23191 6234 25419 21370 5412 6798 4895
is_linear=0
shrinkage=0.0351744


Tree=7
num_leaves=23
num_cat=0
split_feature=3 2 3 0 2 1 1 1 0 0 1 9 3 2 4 5 2 4 8 5 4 7
split_gain=45621.6 14512.5 9249.44 4815.19 3924.53 3532.32 3252.3 3133.07 2785.91 2410.79 2763.52 1889.33 1887.93 1807.61 1569.69 1538.41 1328.99 1326.82 1320.32 1302.33 1244.73 1234.59
threshold=-0.45819999999999994 0.0057539464899786013 0.5273000000000001 1.0000000180025095e-35 -0.0049417004250916991 0.018851818115529401 0.036597395995265555 -0.059107888248588737 -0.020350104226088246 -0.013156848115637049 0.045355472178381158 -0.039156868276879843 -0.91684999999999983 -0.042279608257036541 -0.0029462045024882997 0.077302694435499669 -0.016008746476948197 0.084152524140046411 -0.062774183508371592 0.069193759738756952 0.028137802218828601 0.0083995960139113517
decision_type=2 2 2 2 2 2 2 2 2 2 2 2 2 2 2 2 2 2 2 2 2 2
left_child=1 3 4 5 6 12 -2 15 18 10 19 -6 -1 -5 -13 -3 -11 -14 -9 -4 -8 -10
right_child=2 7 9 13 11 -7 20 8 21 16 -12 14 17 -15 -16 -17 -18 -19 -20 -21 -22 -23
leaf_value=-0.070637240435719881 0.00023047904997781395 0.018867676633049092 0.03111636887760711 -0.044617501623725894 0.03194644014294893 -0.087299744175838773 -0.05170420869018709 -0.10235540343970412 0.012830788276390045 0.022563955295919751 -0.013898496906543446 -0.0044554933989096679 -0.042813528039832592 -0.014101087527879839 0.020002970191485343 -0.030697904180026166 0.040781903358526335 0.01636168100817622 -0.033570637397458122 -0.027257782345474039 -0.0074792624424826482 -0.021819991792210013
leaf_weight=3341 11678 6624 6759 4185 5753 3958 2504 384 3167 6785 2837 6515 7188 5641 6469 877 18418 501 3443 508 1150 2126
leaf_count=3341 11678 6624 6759 4185 5753 3958 2504 384 3167 6785 2837 6515 7188 5641 6469 877 18418 501 3443 508 1150 2126
internal_value=-1.6179e-07 -0.0292042 0.0174418 -0.0462412 0.00436653 -0.058788 -0.00883024 -0.00376793 -0.0176184 0.0300581 0.0155385 0.015166 -0.0485543 -0.0271006 0.00772923 0.0130698 0.0358782 -0.0389554 -0.0404809 0.0270329 -0.0377911 -0.00108424
internal_weight=110811 41435 69376 24814 34069 14988 15332 16621 9120 35307 10104 18737 11030 9826 12984 7501 25203 7689 3827 7267 3654 5293
internal_count=110811 41435 69376 24814 34069 14988 15332 16621 9120 35307 10104 18737 11030 9826 12984 7501 25203 7689 3827 7267 3654 5293
is_linear=0
shrinkage=0.0351744


Tree=8
num_leaves=23
num_cat=0
split_feature=3 2 3 1 0 0 1 5 4 2 5 1 0 1 8 5 7 9 5 3 6 3
split_gain=42468.8 13717.7 8622.04 4922.68 4056.57 3604.25 3286.56 3113.1 3399.55 2622.02 2304.77 2194.83 2333.21 1938 1570.3 1518.9 1445.84 1423.27 1407.37 1385.9 1272.52 1228.03
threshold=-0.45819999999999994 -0.024092953130503997 0.57195000000000007 -0.059107888248588737 -0.030123886687279947 0.0074070635974369014 0.03941418630084096 -0.00099775140616724964 0.024292177185493206 0.0076801594257517513 0.069193759738756952 0.036597395995265555 -0.019818623304950395 0.030608773561614001 -0.04014609575085349 -0.017774727675819498 -0.0039656778690080495 -0.036328493634105598 0.0081528391622223018 0.86590000000000011 -0.014172031042892748 -0.91349999999999987
decision_type=2 2 2 2 2 2 2 2 2 2 2 2 2 2 2 2 2 2 2 2 2 2
left_child=1 5 4 10 6 13 18 17 14 16 20 19 -13 15 -9 -1 -6 -5 -2 -4 -3 -16
right_child=2 3 11 7 9 -7 -8 8 -10 -11 -12 12 -14 -15 21 -17 -18 -19 -20 -21 -22 -23
leaf_value=-0.035614597049023838 0.0091370890359936587 0.029668651243469752 0.02875784437161184 0.015047489190029104 0.013675836591433156 -0.031846426437661356 -0.050309632659816896 -0.089242465067892518 -0.0058294456115312197 0.023677113237318879 -0.034229127522353207 -0.014809771524013049 0.025908867146819659 -0.092175042862169806 -0.078616743534557276 -0.06991642951369488 -0.0081758529013033453 -0.019654984778291557 -0.026590508812696669 0.046078644690190768 0.0024042480371906753 -0.035218522929525237
leaf_weight=2500 4226 3107 15774 2203 6873 5454 2473 1296 2469 12225 1619 2427 6156 2817 1052 4438 8234 4346 2014 8974 6658 3476
leaf_count=2500 4226 3107 15774 2203 6873 5454 2473 1296 2469 12225 1619 2427 6156 2817 1052 4438 8234 4346 2014 8974 6658 3476
internal_value=-1.95713e-07 -0.0281771 0.0168283 -0.0127637 0.00490352 -0.0547539 -0.015995 -0.0261102 -0.040426 0.0115663 0.00463545 0.0297235 0.0143929 -0.0675589 -0.0550893 -0.0575598 0.00176462 -0.00797889 -0.00239195 0.0350396 0.0110812 -0.0453075
internal_weight=110811 41435 69376 26226 36045 15209 8713 14842 8293 27332 11384 33331 8583 9755 5824 6938 15107 6549 6240 24748 9765 4528
internal_count=110811 41435 69376 26226 36045 15209 8713 14842 8293 27332 11384 33331 8583 9755 5824 6938 15107 6549 6240 24748 9765 4528
is_linear=0
shrinkage=0.0351744


Tree=9
num_leaves=23
num_cat=0
split_feature=3 2 3 3 0 1 5 1 0 7 0 6 2 2 4 0 2 0 7 4 9 5
split_gain=39609 14108.2 6619.57 4854.09 4034.27 3751.88 3053.09 2991.33 2729.08 2299.86 2113.09 2072.08 1906.31 1676.18 1616.41 1513.04 1377.65 1344.13 1274.79 1207.45 1161.59 1090.09
threshold=-0.31744999999999995 0.0057539464899786013 0.74330000000000018 -0.83144999999999991 -0.025097330520276896 0.03941418630084096 0.012985596000153402 -0.012671036047544099 -0.0026064745856046998 0.038025008673170053 -0.0099521616891134479 0.019097664378791002 -0.040660793377104147 -0.024092953130503997 0.050612858482826158 -0.063354224844603985 -0.053503364706735793 0.0060698043151713012 -0.011851749162440698 0.0040559961346151013 -0.035152590185157442 0.048715391090152209
decision_type=2 2 2 2 2 2 2 2 2 2 2 2 2 2 2 2 2 2 2 2 2 2
left_child=1 3 4 7 5 19 -3 12 11 13 14 -8 -1 -6 16 -4 -5 21 -12 -2 -17 -14
right_child=2 6 15 10 9 -7 8 -9 -10 -11 18 -13 17 -15 -16 20 -18 -19 -20 -21 -22 -23
leaf_value=-0.065183832478251075 -0.0091994604652099049 0.01055989573232973 -0.0080364738429805019 -0.074690438665520734 0.0061529315695384576 -0.043027542791478177 -0.018901002441660673 -0.08305070909785145 0.0058099411487081542 -0.0041269419462052993 0.0030953450149568524 -0.069801079507617048 -0.033011418261633035 0.026482977430746485 -0.0042083122540378087 0.045703587493629842 -0.037707232623445115 -0.0044973314909744194 -0.025795164538723603 0.018568650182170136 0.028887088790734969 -0.079112475434426052
leaf_weight=3601 4186 11157 1063 1771 7032 2932 2871 3772 3322 5703 3032 1511 2752 17537 1220 7925 4221 1557 5011 3606 14203 826
leaf_count=3601 4186 11157 1063 1771 7032 2932 2871 3772 3322 5703 3032 1511 2752 17537 1220 7925 4221 1557 5011 3606 14203 826
internal_value=-2.30598e-07 -0.024675 0.0179227 -0.0406229 0.00942622 -0.00911145 -0.00119887 -0.0568669 -0.01823 0.0159938 -0.0273025 -0.0364581 -0.0455581 0.020665 -0.0411285 0.0329415 -0.0486425 -0.0317904 -0.0149023 0.00364912 0.0349109 -0.0436619
internal_weight=110811 46624 64187 27763 40996 10724 18861 12508 7704 30272 15255 4382 8736 24569 7212 23191 5992 5135 8043 7792 22128 3578
internal_count=110811 46624 64187 27763 40996 10724 18861 12508 7704 30272 15255 4382 8736 24569 7212 23191 5992 5135 8043 7792 22128 3578
is_linear=0
shrinkage=0.0351744


Tree=10
num_leaves=23
num_cat=0
split_feature=3 2 3 3 7 5 1 0 0 0 1 4 8 1 1 5 2 0 6 9 8 0
split_gain=36986.8 13902.5 4853.68 4625.29 4446.37 3430.97 2946.7 2711.79 2620.58 2042.64 2039.05 1882.59 1867.06 1660.89 1558.47 1444.92 1427.35 1408.51 1386.09 1330.86 1172.26 1115.61
threshold=-0.10264999999999998 -0.014832961824089648 -0.89559999999999984 0.74330000000000018 -0.0031504678499456496 0.029329672664128403 0.023233723475790755 0.020936725407406102 0.0032045110554531505 0.0087459754560187519 0.020873159494971753 0.015493467388554 -0.038005689863504839 -0.028504986156112896 -0.095894413325025782 0.013523990410904402 -0.068029734234783937 -0.063354224844603985 0.0049991922035098006 -0.040382582018010045 -0.046055715851618294 0.0087459754560187519
decision_type=2 2 2 2 2 2 2 2 2 2 2 2 2 2 2 2 2 2 2 2 2 2
left_child=1 2 14 6 9 13 15 -8 11 10 18 16 -7 -6 -1 -2 -4 -5 -3 -13 -17 -14
right_child=3 4 8 17 5 12 7 -9 -10 -11 -12 19 21 -15 -16 20 -18 -19 -20 -21 -22 -23
leaf_value=-0.034109219974627104 0.02327584648169688 0.02127432751382944 -0.083602718883865168 -0.0077538388759801581 0.0029443066213483272 -0.079393039016226213 -0.022002619014703885 0.018066588024055832 -0.015880659631036815 0.026588613400003042 -0.029578334733939077 0.01428631675422695 -0.042842145793310853 -0.025092449491211071 -0.077707565638649917 -0.028252387273800132 -0.04533661370924142 0.033682931719101132 -0.010507597246524449 -0.035854514857687758 0.010596251418744337 -0.001449807753055573
leaf_weight=1286 17176 4178 1687 1063 7108 1261 5294 3452 7177 5091 2334 855 2578 4134 4837 1114 4249 22128 2859 2792 6985 1173
leaf_count=1286 17176 4178 1687 1063 7108 1261 5294 3452 7177 5091 2334 855 2578 4134 4837 1114 4249 22128 2859 2792 6985 1173
internal_value=-2.75948e-07 -0.0209958 -0.0417507 0.0196691 -0.005533 -0.0181568 0.0114109 -0.00618557 -0.0319567 0.00865392 -0.00108802 -0.0439944 -0.0423601 -0.00736434 -0.0685546 0.0175005 -0.0562166 0.0317828 0.00835963 -0.0240949 0.00525019 -0.0299031
internal_weight=110811 53599 22883 57212 30716 16254 34021 8746 16760 14462 9371 9583 5012 11242 6123 25275 5936 23191 7037 3647 8099 3751
internal_count=110811 53599 22883 57212 30716 16254 34021 8746 16760 14462 9371 9583 5012 11242 6123 25275 5936 23191 7037 3647 8099 3751
is_linear=0
shrinkage=0.0351744


Tree=11
num_leaves=23
num_cat=0
split_feature=3 2 3 0 2 1 1 1 0 9 1 0 7 5 5 7 4 3 5 6 5 9
split_gain=34800 11000.1 7777.71 3789.48 3692.96 2910.96 2782.75 2688.55 2397.68 2205.46 1999 2274.47 1872.92 1739.5 1594.74 1407.75 1332.11 1316.49 1180.45 1169.72 1143.18 1043.44
threshold=-0.52614999999999978 0.0057539464899786013 0.5273000000000001 0.0083144628029031015 -0.019223962180686647 0.020873159494971753 -0.059107888248588737 0.03941418630084096 -0.021358192224854747 -0.04405656825647309 0.036597395995265555 -0.028329081345206748 -0.0072149403448404986 0.00049154994822640005 0.044903310782419957 -0.0072149403448404986 0.10525850206223876 0.86590000000000011 0.099374248208709659 -0.010055251518410798 0.0081528391622223018 -0.0064870444723706495
decision_type=2 2 2 2 2 2 2 2 2 2 2 2 2 2 2 2 2 2 2 2 2 2
left_child=1 3 4 5 7 13 18 -2 19 -6 17 -12 -11 -1 -14 -5 -15 -4 -3 -8 -21 -10
right_child=2 6 10 15 9 -7 8 -9 21 12 11 -13 14 16 -16 -17 -18 -19 -20 20 -22 -23
leaf_value=-0.029057879785775537 -0.0029550919938691605 0.016603890170340693 0.025476560156744352 -0.0047855384073150313 0.028718727355538438 -0.078369008997026479 -0.014287094908371533 -0.040516190868646162 0.014756772094082382 0.01878466077403804 -0.019234199892014525 0.021944280694304874 0.0023691023907591417 -0.059601979590370009 -0.031308198599832256 -0.03503364899068704 0.026999635773531063 0.042087310401453401 -0.0370916071223929 -0.028993098782412276 -0.080685363328349399 -0.017717742654273901
leaf_weight=5537 9513 6506 17288 3327 6496 3926 1351 3135 2415 7050 2189 6856 8381 5833 2195 4454 228 8974 549 1009 1117 2482
leaf_count=5537 9513 6506 17288 3327 6496 3926 1351 3135 2415 7050 2189 6856 8381 5833 2195 4454 228 8974 549 1009 1117 2482
internal_value=-3.18116e-07 -0.0268896 0.0144497 -0.0421415 0.00312677 -0.052184 -0.00385083 -0.0122669 -0.0175628 0.0111989 0.0262413 0.0119766 0.00474091 -0.0433177 -0.00461927 -0.0221027 -0.0563409 0.0311535 0.0124223 -0.0398989 -0.0561642 -0.00169929
internal_weight=110811 38734 72077 23305 36770 15524 15429 12648 8374 24122 35307 9045 17626 11598 10576 7781 6061 26262 7055 3477 2126 4897
internal_count=110811 38734 72077 23305 36770 15524 15429 12648 8374 24122 35307 9045 17626 11598 10576 7781 6061 26262 7055 3477 2126 4897
is_linear=0
shrinkage=0.0351744


Tree=12
num_leaves=23
num_cat=0
split_feature=3 2 3 1 2 3 0 1 9 8 9 0 5 7 0 6 0 1 6 4 2 5
split_gain=32395.2 10305.2 7240.2 4396.47 3437.76 2650.53 2628.13 2504.53 2053.03 2013.57 1907.12 1940.33 1842.4 1760.61 1627.33 1463.01 1520.77 1454.77 1404.46 1374.06 1351.06 1337.12
threshold=-0.52614999999999978 -0.024092953130503997 0.5273000000000001 -0.055310993442765695 -0.019223962180686647 -0.93924999999999992 0.0074070635974369014 0.048370956058493307 -0.04405656825647309 -0.046055715851618294 -0.053633272910594339 -0.013156848115637049 0.099374248208709659 0.0012201193948971503 0.0097867021620765011 -0.014607570635774699 -0.0072207479575060992 0.045355472178381158 -0.037710914662465546 0.024292177185493206 -0.077769624999195638 0.091448979704867608
decision_type=2 2 2 2 2 2 2 2 2 2 2 2 2 2 2 2 2 2 2 2 2 2
left_child=1 6 4 12 7 -5 18 -2 -6 -7 -4 17 15 -10 19 -3 -17 -12 -1 -11 -20 -15
right_child=2 3 10 5 8 9 -8 -9 13 14 11 -13 -14 21 -16 16 -18 -19 20 -21 -22 -23
leaf_value=-0.034808491199485973 -0.0030957191416773043 0.027440363971017186 0.040366898115277786 -0.065251174526084629 0.027708588608218111 -0.055777143126070058 -0.029267003324168827 -0.03987404521469743 0.015946610816759629 -0.032829300002540043 0.016061913578932184 0.026790496822713297 -0.045569322370421994 -0.002312387192972303 0.0079660859314656871 -0.017249249780567799 0.015184231232663986 -0.0170572996423945 -0.093231716831190525 0.0032906430518022676 -0.058851510384825459 -0.052441373683608163
leaf_weight=2013 9643 3301 8047 1825 6496 1626 5058 3005 8613 4877 5393 19509 857 8298 3015 3541 3614 2358 1934 1777 5296 715
leaf_count=2013 9643 3301 8047 1825 6496 1626 5058 3005 8613 4877 5393 19509 857 8298 3015 3541 3614 2358 1934 1777 5296 715
internal_value=-3.42883e-07 -0.0259439 0.0139415 -0.0120624 0.00301677 -0.0259176 -0.0496586 -0.0118355 0.010805 -0.01956 0.0253183 0.0208752 0.00400454 0.00457415 -0.0134669 0.00806998 -0.00086476 0.00598413 -0.0608148 -0.0231809 -0.0680523 -0.00629184
internal_weight=110811 38734 72077 24433 36770 13120 14301 12648 24122 11295 35307 27260 11313 17626 9669 10456 7155 7751 9243 6654 7230 9013
internal_count=110811 38734 72077 24433 36770 13120 14301 12648 24122 11295 35307 27260 11313 17626 9669 10456 7155 7751 9243 6654 7230 9013
is_linear=0
shrinkage=0.0351744


Tree=13
num_leaves=23
num_cat=0
split_feature=3 2 3 0 2 1 0 5 7 1 1 1 6 2 6 3 6 7 7 5 5 4
split_gain=30262 11994.5 6038.91 3635.91 3114.07 3053.91 2992.69 2918.38 2286.5 2087.76 1839.98 1680.73 1836.53 1648.06 1578.33 1577.37 1539.46 1342.09 1268.21 1255.74 1198.89 1170.21
threshold=1.0000000180025095e-35 0.0072183644249842012 -0.72664999999999991 -0.025097330520276896 -0.053503364706735793 0.030608773561614001 -0.0072207479575060992 0.02534889633907365 0.0088507637863274018 0.036597395995265555 -0.057891413705310091 0.045355472178381158 0.0029370507776331502 -0.045819074632108395 -0.033704096097564189 -0.93604999999999994 0.012769836739831801 0.011345021168158253 -0.0031504678499456496 0.069193759738756952 0.067630354290383263 0.0099227034560154508
decision_type=2 2 2 2 2 2 2 2 2 2 2 2 2 2 2 2 2 2 2 2 2 2
left_child=1 2 4 5 -1 20 7 11 16 18 19 12 -3 -10 -9 -12 -5 -8 -4 -6 -2 -17
right_child=3 6 9 8 10 -7 17 14 13 -11 15 -13 -14 -15 -16 21 -18 -19 -20 -21 -22 -23
leaf_value=-0.066659459169546215 0.017775279987469309 0.024637804341066452 0.0031799139253481734 0.038201289249245284 -0.012062488466629913 -0.024196200133669171 0.0247404878836032 0.0036156569010387346 -0.014044399368024211 -0.038433372331816019 -0.078150939974598793 -0.039047608086499271 -0.010725532572563685 0.018389045794305479 -0.0496695236631291 -0.051452491759073057 0.020013079012155155 -0.00082934663615876739 -0.018947653506971057 -0.060182177920088523 -0.036335520204057538 -0.017236493648912006
leaf_weight=5688 7493 3743 5824 14521 4430 3787 6888 917 2219 3872 1564 1107 3530 15294 2744 3104 9550 4021 7122 791 543 2059
leaf_count=5688 7493 3743 5824 14521 4430 3787 6888 917 2219 3872 1564 1107 3530 15294 2744 3104 9550 4021 7122 791 543 2059
internal_value=-3.70947e-07 -0.0177307 -0.0308532 0.0190565 -0.0452341 0.00184288 0.00196912 -0.01012 0.0239502 -0.0157715 -0.0350322 0.00132397 0.00747183 0.0142785 -0.0363187 -0.0471943 0.0309861 0.0153142 -0.00899196 -0.0193576 0.0141162 -0.0378114
internal_weight=110811 57404 34454 53407 17636 11823 22950 12041 41584 16818 11948 8380 7273 17513 3661 6727 24071 10909 12946 5221 8036 5163
internal_count=110811 57404 34454 53407 17636 11823 22950 12041 41584 16818 11948 8380 7273 17513 3661 6727 24071 10909 12946 5221 8036 5163
is_linear=0
shrinkage=0.0351744


Tree=14
num_leaves=23
num_cat=0
split_feature=3 2 3 2 2 0 1 1 0 0 4 5 8 9 4 6 7 0 5 5 6 0
split_gain=28265.2 9060.65 6433.23 3338.95 3023.54 2798.94 2404.5 2386.62 2176.9 1976 1728.16 2003.52 1703.36 1620.49 1512.07 1412.25 1266.04 1179.73 1206.14 1098.51 1090 1086.19
threshold=-0.52614999999999978 0.0057539464899786013 0.47730000000000006 -0.069640024415746085 -0.0054274964605963991 0.019454241742854452 -0.070567861621548489 0.03941418630084096 -0.0035621910404385498 -0.046410671377038144 0.094691000577307102 0.029329672664128403 -0.029518341735190197 -0.051508719244332944 -0.0025788049096728497 -0.016494631345409246 0.010511506568458902 0.021417929038795702 0.044903310782419957 0.012985596000153402 -0.071243320340918487 -0.027757079694464299
decision_type=2 2 2 2 2 2 2 2 2 2 2 2 2 2 2 2 2 2 2 2 2 2
left_child=1 3 4 -1 7 10 -3 20 12 -4 11 15 19 -11 17 -5 -15 18 -6 -8 -2 -9
right_child=2 6 9 5 14 -7 8 21 -10 13 -12 -13 -14 16 -16 -17 -18 -19 -20 -21 -22 -23
leaf_value=-0.063170781166946396 0.035032094363026831 0.014066804924860976 -0.0010571904711846724 -0.010422449409014409 0.00077736283459007769 -0.0068682443952178662 -0.026912039535117917 -0.05815542426704471 0.0055946870878228324 0.039628687760325534 0.025463506590205152 -0.061216166420538613 -0.016894343244526277 0.028200918619361984 0.021471069362866767 -0.040975781900297145 0.012379709574304936 0.021413532644374483 -0.037717947834703773 -0.088317796175823221 -0.0048142843384366097 -0.018892215188060762
leaf_weight=5120 920 6006 3758 2667 5630 4480 647 1428 3925 8024 497 4250 4034 14810 9475 6291 10846 2681 1226 817 11036 2243
leaf_count=5120 920 6006 3758 2667 5630 4480 647 1428 3925 8024 497 4250 4034 14810 9475 6291 10846 2681 1226 817 11036 2243
internal_value=-4.08656e-07 -0.0242339 0.0130224 -0.038076 0.00209696 -0.0310092 -0.00332446 -0.00936487 -0.0144111 0.0231305 -0.0388992 -0.0413226 -0.0286958 0.0258298 0.0115189 -0.0318816 0.0215133 0.00162957 -0.00610474 -0.0611976 -0.00174632 -0.0341718
internal_weight=110811 38734 72077 23305 34639 18185 15429 15627 9423 37438 13705 13208 5498 33680 19012 8958 25656 9537 6856 1464 11956 3671
internal_count=110811 38734 72077 23305 34639 18185 15429 15627 9423 37438 13705 13208 5498 33680 19012 8958 25656 9537 6856 1464 11956 3671
is_linear=0
shrinkage=0.0351744


Tree=15
num_leaves=23
num_cat=0
split_feature=3 2 3 1 2 5 0 1 0 2 4 7 1 0 6 0 9 6 5 6 5 0
split_gain=26388.8 8487.28 6574.17 3918.34 3153.9 2170.43 2077 2076.54 1950.44 1945.82 1788.42 1600.18 1416.93 1402.5 1318.36 1408.52 1293.26 1284.64 1277.37 1102.91 1077.08 1054.03
threshold=-0.58544999999999991 -0.027891336391990297 0.47730000000000006 -0.044862229559394791 -0.014289845541505799 0.060968070880206053 -0.037504484479936144 0.048370956058493307 0.0060698043151713012 0.00094840894575840007 -0.0025788049096728497 -0.0076421240825544487 0.016521050577421304 -0.0053881507231608988 -0.014172031042892748 -0.0072207479575060992 -0.016915336223098345 -0.038442397776089141 -0.00099775140616724964 -0.014172031042892748 0.043908403179957804 0.035723368315361458
decision_type=2 2 2 2 2 2 2 2 2 2 2 2 2 2 2 2 2 2 2 2 2 2
left_child=1 8 4 5 7 14 19 21 17 12 13 -8 -4 20 -3 -16 -11 -1 -13 -5 -6 -2
right_child=2 3 9 6 10 -7 11 -9 -10 16 -12 18 -14 -15 15 -17 -18 -19 -20 -21 -22 -23
leaf_value=-0.031885322227412513 -0.010985045438968622 0.026360274700677446 0.018824965168107659 -0.024221847458737324 -0.005773180691377883 -0.030863447404435137 0.00041853830102126275 -0.035532263060130902 -0.029680080750165396 0.037319727494479329 0.019367214731422319 -0.011223014031563387 -0.0060506556540479775 0.011522136634273821 -0.015922932369858311 0.015123731143124135 0.02053500017200928 -0.066190622018656928 -0.049320196127533619 -0.067417857838541748 -0.04627087763246597 0.01296603927470371
leaf_weight=1728 7834 3220 10865 1148 4517 2191 3329 3384 4465 11148 11495 2007 3831 5995 3686 3548 11594 6226 2384 2023 991 3202
leaf_count=1728 7834 3220 10865 1148 4517 2191 3329 3384 4465 11148 11495 2007 3831 5995 3686 3548 11594 6226 2384 2023 991 3202
internal_value=-4.16963e-07 -0.0247678 0.0118957 -0.0123528 0.00146844 0.000965416 -0.0278172 -0.0114275 -0.0482944 0.0223169 0.00955508 -0.0179686 0.0123392 -0.000248918 0.00763823 -0.000693437 0.0287637 -0.0587407 -0.0319119 -0.0517869 -0.0130637 -0.00403425
internal_weight=110811 35955 74856 23536 37418 12645 10891 14420 12419 37438 22998 7720 14696 11503 10454 7234 22742 7954 4391 3171 5508 11036
internal_count=110811 35955 74856 23536 37418 12645 10891 14420 12419 37438 22998 7720 14696 11503 10454 7234 22742 7954 4391 3171 5508 11036
is_linear=0
shrinkage=0.0351744


Tree=16
num_leaves=23
num_cat=0
split_feature=3 2 3 0 1 0 6 1 4 0 6 7 2 7 1 5 8 9 5 8 9 5
split_gain=24684.2 9977.86 5075.71 3250.39 3321.67 2547.9 2538.69 2299.85 2265.68 2382.94 1667.34 1642.63 1576.77 1560.88 1529.17 1444.92 1283.68 1185.03 1121.28 1061.38 992.965 982.053
threshold=1.0000000180025095e-35 0.0072183644249842012 -0.83144999999999991 -0.0062761940846778989 0.033502415493766806 -0.026696383359199497 0.0029370507776331502 -0.0099880315589697486 0.015028098917057453 -0.018889827030510797 -0.014607570635774699 -0.0093164569532142982 -0.044034834418470496 0.013895872769405201 0.03941418630084096 0.007654621366310301 0.00035963432068305005 -0.022079742524729499 0.041003737999609255 -0.036248275353527197 -0.047328747237486292 0.067630354290383263
decision_type=2 2 2 2 2 2 2 2 2 2 2 2 2 2 2 2 2 2 2 2 2 2
left_child=1 2 7 4 10 6 14 11 9 -4 -2 -1 -5 -7 -3 -8 -11 -14 -13 -15 -10 -12
right_child=3 5 8 12 -6 13 15 -9 20 16 21 18 17 19 -16 -17 -18 -19 -20 -21 -22 -23
leaf_value=-0.01701228026458021 0.029330118493992814 0.013482820582961694 -0.044910537233261813 0.0058377068663900585 -0.018020548852931449 0.018800574511826942 -0.01684515751916639 -0.06883017540675096 0.025497264130402486 -0.027166355741216293 0.0080666508027221247 -0.03805102610780095 0.034965304434947976 -0.035144680550589294 -0.041651670828777444 -0.062043055641894558 -0.00079017765800652056 0.02058445597795109 -0.07337009656498493 0.0032890345848642605 -0.0078800147111512484 -0.038691509224856126
leaf_weight=3476 5718 3583 5153 5123 5284 9752 2055 3729 1351 4960 7997 4015 12851 1131 753 1526 4232 15837 1541 4150 5997 597
leaf_count=3476 5718 3583 5153 5123 5284 9752 2055 3729 1351 4960 7997 4015 12851 1131 753 1526 4232 15837 1541 4150 5997 597
internal_value=-4.37429e-07 -0.0160136 -0.0279822 0.0172108 0.00581131 0.00195388 -0.0141949 -0.0455854 -0.0176261 -0.0257619 0.0146113 -0.0359855 0.0238171 0.0104597 0.00390299 -0.0361123 -0.0150248 0.0270272 -0.0478519 -0.00493977 -0.00174059 0.00481589
internal_weight=110811 57404 34454 53407 19596 22950 7917 12761 21693 14345 14312 9032 33811 15033 4336 3581 9192 28688 5556 5281 7348 8594
internal_count=110811 57404 34454 53407 19596 22950 7917 12761 21693 14345 14312 9032 33811 15033 4336 3581 9192 28688 5556 5281 7348 8594
is_linear=0
shrinkage=0.0351744


Tree=17
num_leaves=23
num_cat=0
split_feature=3 2 3 1 4 5 4 0 8 2 7 2 0 1 6 9 1 5 1 9 6 5
split_gain=23106.7 7574.63 5842.07 3711.1 3306.43 2650.6 2298.47 2128.88 2117.05 1965.62 1705.29 1541.26 1386.17 1324.51 1266.45 1192.62 1171.96 1162.25 1109.2 1097.39 1004.41 990.253
threshold=-0.58544999999999991 -0.037683646759146046 0.57195000000000007 -0.08164353043515693 -0.018290733920946246 -0.00099775140616724964 0.044624009550640609 -0.034379304198200546 -0.021728682288152699 0.0076801594257517513 0.050150687741229556 -0.012187474749259098 0.0074070635974369014 0.036597395995265555 -0.051338700243623546 -0.005964897038093349 0.045355472178381158 0.08113326105371936 -0.011864941912789797 -0.05230931845471249 0.013608792607664353 -0.0057703504415643489
decision_type=2 2 2 2 2 2 2 2 2 2 2 2 2 2 2 2 2 2 2 2 2 2
left_child=1 12 4 17 7 -5 8 16 -7 13 19 -4 14 21 -1 -13 -2 -3 -10 -9 -11 -6
right_child=2 3 11 5 9 6 -8 10 18 20 -12 15 -14 -15 -16 -17 -18 -19 -20 -21 -22 -23
leaf_value=-0.024441535022347534 -0.020846678500276848 0.012386140984155216 0.010123534202226276 -0.0062986096744061049 0.016626625341789159 -0.064974100790236064 0.0030172831336377423 0.023593616091325289 -0.015986496619729441 0.027708616284757421 -0.041179250184427009 0.033650503317952087 -0.031346944422994905 -0.018323022797732416 -0.065631036612665172 0.017726571817223345 -0.064104905494800316 -0.030442931551076208 -0.048275381511471954 -0.0050236491929628244 0.0067071842805302706 -0.0036919757179460504
leaf_weight=1115 2304 6785 9508 7832 6008 2971 1773 2156 3476 7692 1316 13690 3570 3395 5426 10133 1169 886 2121 7173 4450 5862
leaf_count=1115 2304 6785 9508 7832 6008 2971 1773 2156 3476 7692 1316 13690 3570 3395 5426 10133 1169 886 2121 7173 4450 5862
internal_value=-4.60403e-07 -0.0231765 0.0111313 -0.0130773 0.00232713 -0.0217373 -0.0334282 -0.0115014 -0.0409719 0.00945118 -0.00369768 0.0220993 -0.0489882 0.00104877 -0.0586131 0.0268782 -0.0354144 0.00743667 -0.0282265 0.00158853 0.0200132 0.00659097
internal_weight=110811 35955 74856 25844 41525 18173 10341 14118 8568 27407 10645 33331 10111 15265 6541 23823 3473 7671 5597 9329 12142 11870
internal_count=110811 35955 74856 25844 41525 18173 10341 14118 8568 27407 10645 33331 10111 15265 6541 23823 3473 7671 5597 9329 12142 11870
is_linear=0
shrinkage=0.0351744


Tree=18
num_leaves=23
num_cat=0
split_feature=3 2 0 3 1 7 5 3 0 7 1 4 6 8 0 6 1 1 2 7 5 5
split_gain=21563.8 8426.96 4008.56 3336.78 3231.47 3169 2288.45 2213.57 1888.47 1677.18 1536.54 1529.27 1377.3 1332.06 1227.1 1540.72 1222.6 1150.26 1135.33 1025.52 936.583 882.221
threshold=-0.24919999999999998 -0.0054274964605963991 -0.018889827030510797 -0.9020999999999999 0.030608773561614001 -0.0023737218490033495 0.027313371148728106 0.83610000000000018 -0.0099521616891134479 0.042936140493792359 -0.095894413325025782 0.044624009550640609 -0.029212067127399547 -0.038005689863504839 -0.0072207479575060992 0.029481523719190852 -0.028504986156112896 0.036597395995265555 -0.024092953130503997 -0.011851749162440698 0.029329672664128403 0.070765473541924112
decision_type=2 2 2 2 2 2 2 2 2 2 2 2 2 2 2 2 2 2 2 2 2 2
left_child=1 3 4 10 12 14 16 9 11 18 -1 17 -2 -8 15 -3 -7 20 -4 -10 -5 -14
right_child=2 5 7 8 -6 6 13 -9 19 -11 -12 -13 21 -15 -16 -17 -18 -19 -20 -21 -22 -23
leaf_value=-0.021009585905874751 0.027896845626603037 0.0086973175642514437 0.0065652625801504733 -0.025834485529470295 -0.024412959248266468 0.0053338761202326116 -0.071840930408668513 0.03215434260498868 0.0019360810359473082 -0.0034921854277700651 -0.06195403308745405 -0.0066816855063851132 0.0045397826110830956 -0.0251620336927121 0.022054727448911599 -0.034243986711454691 -0.022618949101463091 -0.066036175468331099 0.022576557198169526 -0.022113898965532258 -0.061901116708133447 -0.042131115333436296
leaf_weight=1449 3468 4752 7610 3834 5012 5423 1010 12171 3536 5320 5242 1784 8093 3021 5724 1321 3010 1961 19601 5773 1162 534
leaf_count=1449 3468 4752 7610 3834 5012 5423 1010 12171 3536 5320 5242 1784 8093 3021 5724 1321 3010 1961 19601 5773 1162 534
internal_value=-4.80352e-07 -0.0174274 0.0138152 -0.0318718 -0.000663934 -0.00269633 -0.0150645 0.0193566 -0.0240049 0.0145679 -0.0530903 -0.0357472 0.00917616 -0.0368644 0.0103698 -0.000641219 -0.00464163 -0.0431978 0.0180994 -0.0129769 -0.0342282 0.00164824
internal_weight=110811 49002 61809 24741 17107 24261 12464 44702 18050 32531 6691 8741 12095 4031 11797 6073 8433 6957 27211 9309 4996 8627
internal_count=110811 49002 61809 24741 17107 24261 12464 44702 18050 32531 6691 8741 12095 4031 11797 6073 8433 6957 27211 9309 4996 8627
is_linear=0
shrinkage=0.0351744


Tree=19
num_leaves=23
num_cat=0
split_feature=3 2 3 0 1 1 7 6 7 0 4 5 0 5 2 5 9 4 7 4 8 4
split_gain=20233.7 6635.51 5474.82 3770.67 3586.64 3489.83 2141.2 1926.11 1852.96 1689.48 1487.18 1757.74 1423.71 1320.92 1302.02 1260.64 1161.39 1075.7 1048.33 1002.24 996.946 979.538
threshold=-0.62474999999999992 -0.027891336391990297 0.74330000000000018 -0.0062761940846778989 0.03941418630084096 -0.044301035557139538 0.036742671097138455 -0.0012712450229963497 0.0067192280350273506 0.010255899236185102 0.06234585811946361 0.030025241328595905 0.028143738365646206 -0.017270520361984749 0.006740785208163051 0.077302694435499669 -0.026797320517512397 -0.03952779187125284 -0.030424801288873097 0.00039001009675970007 -0.0026278105958779494 0.058027088639763656
decision_type=2 2 2 2 2 2 2 2 2 2 2 2 2 2 2 2 2 2 2 2 2 2
left_child=1 12 3 4 7 8 16 14 -3 10 11 -7 18 -9 21 -10 -5 -4 -1 -6 -15 -2
right_child=2 5 17 6 19 9 -8 13 15 -11 -12 -13 -14 20 -16 -17 -18 -19 -20 -21 -22 -23
leaf_value=-0.029155972456523561 -0.0076771869889786411 0.013473676743280139 0.0070829919568717583 0.026464857686184763 -0.044614248783794171 -0.028134996806092091 -0.0069351834050563376 0.0042891822728613419 -0.0074208730578708025 -0.004077443362138518 0.010827542395699384 -0.067090052005811029 -0.021639616667212078 -0.039101603356229211 0.02570377364271461 -0.057669176893665193 0.010620992850745281 0.027630138469223096 -0.057306962666254957 -0.01397033428877764 -0.0069136681860042506 0.033474308077982191
leaf_weight=2150 4118 6882 3766 9269 3162 4295 5908 3765 4545 2957 761 2153 2733 2469 4416 715 14983 19425 6900 2271 2302 866
leaf_count=2150 4118 6882 3766 9269 3162 4295 5908 3765 4545 2957 761 2153 2733 2469 4416 715 14983 19425 6900 2271 2302 866
internal_value=-5.03266e-07 -0.0225485 0.0100187 0.00383351 -0.00677166 -0.0112691 0.0120513 0.000811689 0.00145961 -0.0264734 -0.0356572 -0.0411461 -0.0439012 -0.0112832 0.0117966 -0.014256 0.0166773 0.0242943 -0.0506216 -0.0318089 -0.0235752 -0.000522664
internal_weight=110811 34091 76720 53529 23369 22308 30160 17936 12142 10166 7209 6448 11783 8536 9400 5260 24252 23191 9050 5433 4771 4984
internal_count=110811 34091 76720 53529 23369 22308 30160 17936 12142 10166 7209 6448 11783 8536 9400 5260 24252 23191 9050 5433 4771 4984
is_linear=0
shrinkage=0.0351744


Tree=20
num_leaves=23
num_cat=0
split_feature=3 2 3 4 9 0 5 4 1 0 0 2 2 0 1 6 6 8 7 7 9 7
split_gain=19012.1 8105.1 4047.55 2806.23 2349.48 2205.56 2175.67 2017.51 1970.82 1897.73 1826.63 1485.29 1416.04 1364.01 1313.52 1462.52 1266.99 1201.06 997.259 969.162 963.944 952.085
threshold=1.0000000180025095e-35 0.0072183644249842012 -0.83144999999999991 -0.038001164013311946 -0.053633272910594339 -0.0072207479575060992 0.02534889633907365 0.015028098917057453 -0.057891413705310091 -0.021358192224854747 -0.0021966686799221495 0.020312486113742253 -0.055655428992582141 -0.034379304198200546 0.045355472178381158 0.0029370507776331502 -0.033704096097564189 -0.0018550759727693497 0.011345021168158253 0.0088507637863274018 -0.05975098773632119 0.0029313011052758005
decision_type=2 2 2 2 2 2 2 2 2 2 2 2 2 2 2 2 2 2 2 2 2 2
left_child=1 2 8 13 -5 6 14 9 12 -4 11 -6 -1 -2 15 -3 -8 -11 -7 -12 -10 -14
right_child=3 5 7 4 10 18 16 -9 20 17 19 -13 21 -15 -16 -17 -18 -19 -20 -21 -22 -23
leaf_value=-0.052843161135352097 -0.025711467300650746 0.022396230220371207 -0.041020194328428232 0.034258037014834097 -0.0054411912013632826 0.021721753135341523 0.0049190680967422526 -0.00060270898905305612 -0.0059152743221294393 -0.026170577417835288 0.027435125023042423 0.018204531626037468 0.0017753616103473025 0.0053378621756850148 -0.034047020293550355 -0.009161072561385316 -0.042821161580344158 -0.0010591168333366657 -0.00031907931071437263 0.012052036116751815 -0.056520896056341342 -0.032427836627552269
leaf_weight=1626 2321 3743 4905 9569 7844 6888 917 7348 502 4881 12244 5656 2185 7119 1107 3530 2744 4559 4021 8654 6582 1866
leaf_count=1626 2321 3743 4905 9569 7844 6888 917 7348 502 4881 12244 5656 2185 7119 1107 3530 2744 4559 4021 8654 6582 1866
internal_value=-5.18807e-07 -0.014054 -0.0248411 0.0151044 0.0188404 0.00213972 -0.00823838 -0.015593 -0.0405607 -0.0232703 0.0145509 0.00446436 -0.0251125 -0.00229475 0.00164242 0.00707753 -0.0308591 -0.0140451 0.0135962 0.0210658 -0.0529374 -0.0139761
internal_weight=110811 57404 34454 53407 43967 22950 12041 21693 12761 14345 34398 13500 5677 9440 8380 7273 3661 9440 10909 20898 7084 4051
internal_count=110811 57404 34454 53407 43967 22950 12041 21693 12761 14345 34398 13500 5677 9440 8380 7273 3661 9440 10909 20898 7084 4051
is_linear=0
shrinkage=0.0351744


Tree=21
num_leaves=23
num_cat=0
split_feature=3 2 0 6 5 2 3 5 1 1 9 7 8 0 7 2 1 4 0 6 1 4
split_gain=17731.9 7722.66 4324.73 3885.2 2758.62 2594.93 2593.23 2124.82 2101.34 1883.84 1490.03 1397.99 1211.9 1193.46 1130.79 1116.26 1042.88 976.895 949.225 940.356 886.978 885.267
threshold=0.078100000000000017 -0.037683646759146046 0.015369711252886801 -0.0012712450229963497 0.029329672664128403 0.00094840894575840007 -0.77804999999999991 0.057402110332118554 0.020873159494971753 0.014690404804428502 -0.0048954986917168998 -0.034659106180244745 -0.0014906326246040497 -0.047908780707242839 -0.0093164569532142982 0.018747849451068655 0.036597395995265555 -0.050257557827609343 -0.030695532482002647 0.0008955995330101001 -0.090969180459749138 0.094691000577307102
decision_type=2 2 2 2 2 2 2 2 2 2 2 2 2 2 2 2 2 2 2 2 2 2
left_child=1 6 3 7 13 9 20 8 15 -2 19 -9 -6 -5 -4 -3 -8 -12 -11 -7 -1 -21
right_child=5 2 14 4 12 10 16 11 -10 18 17 -13 -14 -15 -16 -17 -18 -19 -20 21 -22 -23
leaf_value=-0.025996661137152332 0.012076522519054783 0.0044133012955786186 0.024138754568920288 -0.036318388087774357 -0.063256697748429264 0.037092415425949349 -0.013702884663874225 0.018502495643998938 -0.022797043587389269 -0.03435266422677704 -0.013774437557685768 -0.041051718685494752 -0.026684293709025825 -0.0093630607638266923 0.0027378032519339325 0.028692919446315197 -0.040540629912815568 0.01635411132956479 -0.0024373082749191812 0.017497948889457684 -0.056293774966881469 0.061213039272019015
leaf_weight=1525 15674 5702 5486 2591 2571 8381 6365 635 2332 1623 1510 2096 1992 9437 6897 3979 2495 11224 3985 8114 5580 617
leaf_count=1525 15674 5702 5486 2591 2571 8381 6365 635 2332 1623 1510 2096 1992 9437 6897 3979 2495 11224 3985 8114 5580 617
internal_value=-5.31333e-07 -0.0130239 -0.00537727 -0.0123322 -0.024008 0.0152016 -0.0339617 0.000805318 0.00717319 0.00581628 0.0218933 -0.0271981 -0.047296 -0.0151714 0.0122205 0.0143945 -0.021263 0.01278 -0.0116776 0.0286738 -0.049794 0.0205902
internal_weight=110811 59683 43718 31335 16591 51128 15965 14744 12013 21282 29846 2731 4563 12028 12383 9681 8860 12734 5608 17112 7105 8731
internal_count=110811 59683 43718 31335 16591 51128 15965 14744 12013 21282 29846 2731 4563 12028 12383 9681 8860 12734 5608 17112 7105 8731
is_linear=0
shrinkage=0.0351744


Tree=22
num_leaves=23
num_cat=0
split_feature=3 2 2 9 0 2 6 4 0 1 0 7 8 4 5 6 7 5 0 8 9 5
split_gain=16738 5532.52 4870.25 2675.09 2638.53 2252.09 2203.42 2161.98 2007.33 1877.98 1796.31 1513.45 1493.53 1421.39 1428.7 1308.74 1249.12 1139.65 1138.09 925.394 822.661 808.206
threshold=-0.62474999999999992 0.0057539464899786013 -0.014289845541505799 -0.041524953795783547 -0.0062761940846778989 -0.077769624999195638 0.0029370507776331502 0.015957399507415506 -0.014187407861517148 -0.059107888248588737 0.019454241742854452 0.042200811811707102 -0.054345276651216738 0.094691000577307102 0.033618389727050606 -0.013208462612385298 0.033552013067749707 0.007654621366310301 -0.036242308413944539 0.026152684580882306 0.0010551424996713002 0.099374248208709659
decision_type=2 2 2 2 2 2 2 2 2 2 2 2 2 2 2 2 2 2 2 2 2 2
left_child=1 5 4 -4 7 -1 11 19 17 21 13 -5 -11 14 15 -7 -6 -8 -14 -2 -20 -3
right_child=2 9 3 6 16 10 8 -9 -10 12 -12 -13 18 -15 -16 -17 -18 -19 20 -21 -22 -23
leaf_value=-0.056924921441634323 -0.040060246158420777 0.014692922585681374 0.027724152842653511 0.023171014685485773 0.010856014265033635 -0.007763040497879045 -0.0033804210659411941 0.0022428785303330785 0.0093739756041635001 -0.060296578540311348 -0.0063025493571642237 -0.002311298439967119 -0.033779615395294074 0.027222815873846926 -0.05346126029208171 -0.037020093761722328 -0.013413513544785463 -0.035933761574639789 0.01274273589545276 -0.0098565581468281292 -0.017072284775479396 -0.031684144768262278
leaf_weight=3681 4164 5809 15265 15354 12268 2818 3315 4093 11352 810 4104 3549 1748 466 3746 5765 3337 2224 2582 1799 2057 505
leaf_count=3681 4164 5809 15265 15354 12268 2818 3315 4093 11352 810 4104 3549 1748 466 3746 5765 3337 2224 2582 1799 2057 505
internal_value=-5.31705e-07 -0.0205085 0.00911213 0.0153949 -0.0033884 -0.0319898 0.0101363 -0.0174391 0.000902982 -0.00301882 -0.0265569 0.0183859 -0.0153027 -0.033052 -0.0353319 -0.0274166 0.00566502 -0.0164548 -0.00959252 -0.0309513 -0.000474231 0.0109803
internal_weight=110811 34091 76720 51059 25661 20580 35794 10056 16891 13511 16899 18903 7197 12795 12329 8583 15605 5539 6387 5963 4639 6314
internal_count=110811 34091 76720 51059 25661 20580 35794 10056 16891 13511 16899 18903 7197 12795 12329 8583 15605 5539 6387 5963 4639 6314
is_linear=0
shrinkage=0.0351744


Tree=23
num_leaves=23
num_cat=0
split_feature=3 2 7 5 4 3 0 0 6 1 2 3 4 2 4 0 7 2 1 2 6 0
split_gain=15687.3 6806.64 3933.3 2830.2 2466.56 2262.25 2015.02 1862.28 1799.09 1664.86 1325.79 1175.01 1122.81 1106.19 1007.49 1185.02 949.247 863.456 820.578 794.198 765.039 755.207
threshold=0.078100000000000017 -0.037683646759146046 -0.0023737218490033495 0.079163110103842318 -0.0033109757921191995 -0.77804999999999991 -0.0053881507231608988 -0.019352198403562098 0.008678104854161801 -0.030333181533519996 0.023872907263590152 -0.84854999999999992 -0.019159792641172044 -0.029149518043964047 0.015493467388554 0.04157052901458911 0.050150687741229556 0.016253589878105903 -0.090969180459749138 0.029939802201082853 0.0037848907001103503 0.010682734020678953
decision_type=2 2 2 2 2 2 2 2 2 2 2 2 2 2 2 2 2 2 2 2 2 2
left_child=1 5 7 9 6 18 13 8 19 12 -6 -11 -4 -2 15 -7 -8 21 -1 -3 -15 -14
right_child=4 2 3 -5 10 14 16 -9 -10 11 -12 -13 17 20 -16 -17 -18 -19 -20 -21 -22 -23
leaf_value=-0.023805196782701543 -0.03327954349709953 -0.0045004962120507317 -0.019118019144830741 -0.050667401392972239 0.015678842822532985 -0.03892985837264612 0.017333926082623036 0.014464676228940439 -0.029103674559269457 -0.048432820611961504 0.031914628824503022 -0.016093079211350898 -0.014563240035086966 0.0097097555419183804 -0.0038149861245625103 -0.0038411789594881398 -0.0095932841250802297 0.016272709124852749 -0.052946253380130502 0.024661047640297491 -0.012630251553705335 0.016161153664437738
leaf_weight=1525 1608 3410 3674 2470 16832 4093 13375 12647 2939 1791 9880 6223 3497 3896 3086 1681 1842 3940 5580 1747 3695 1380
leaf_count=1525 1608 3410 3674 2470 16832 4093 13375 12647 2939 1791 9880 6223 3497 3896 3086 1681 1842 3940 5580 1747 3695 1380
internal_value=-5.59362e-07 -0.0122501 -0.00507125 -0.0150964 0.0142983 -0.031907 0.00621635 0.00603184 -0.00713931 -0.0108104 0.0216848 -0.0233234 -0.00278068 -0.00677877 -0.020046 -0.0287177 0.0140733 0.00402535 -0.0466945 0.0053756 -0.00116233 -0.00586578
internal_weight=110811 59683 43718 22975 51128 15965 24416 20743 8096 20505 26712 8014 12491 9199 8860 5774 15217 8817 7105 5157 7591 4877
internal_count=110811 59683 43718 22975 51128 15965 24416 20743 8096 20505 26712 8014 12491 9199 8860 5774 15217 8817 7105 5157 7591 4877
is_linear=0
shrinkage=0.0351744


Tree=24
num_leaves=23
num_cat=0
split_feature=3 2 2 1 9 0 1 6 1 7 4 0 8 0 5 3 5 9 7 7 5 8
split_gain=14718.5 4593.63 4584.79 2539.74 2438.87 2117.9 1930.99 1709.7 1682.26 1633.52 1533.04 1555.51 1454.79 1398.59 1218.4 1164.86 1106.93 1098.49 1057.14 1035.78 902.292 875.546
threshold=-0.64819999999999989 0.0057539464899786013 -0.014289845541505799 0.016521050577421304 -0.042845470769760891 -0.0021966686799221495 -0.015169470707859399 0.0029370507776331502 -0.059107888248588737 -0.0093164569532142982 0.05287311430924841 0.035723368315361458 -0.054345276651216738 -0.029470645471271848 0.069193759738756952 -0.93364999999999987 0.007654621366310301 -0.0154027784306552 0.050150687741229556 0.042200811811707102 -0.0057703504415643489 0.034640660129495508
decision_type=2 2 2 2 2 2 2 2 2 2 2 2 2 2 2 2 2 2 2 2 2 2
left_child=1 6 3 10 -4 7 9 -6 -3 -1 11 20 -10 -5 21 -8 -9 -14 -7 -15 -2 -11
right_child=2 8 4 13 5 18 15 16 12 14 -12 -13 17 19 -16 -17 -18 -19 -20 -21 -22 -23
leaf_value=-0.0071510019173146016 0.0010460132792442227 0.0099295259609706917 0.026324515359979785 -0.042067301858500557 0.010680148875063815 0.020384480776516587 -0.07426779147118226 -0.0011666747283431171 -0.060849847014774631 -0.033274990697363824 0.030367118027241482 0.014132876351223405 0.0075517294759049345 -0.00097475915904000465 -0.06702008866539691 -0.038208765955389412 -0.028474052372594014 -0.022626845632582472 -0.0031816919562804432 -0.040586581211401185 -0.019307378877720879 -0.0023410315539129575
leaf_weight=5148 5784 6126 15036 2590 8943 17372 1416 4659 774 5685 2252 5806 2617 3642 1093 5131 3033 3470 2723 1053 5043 1415
leaf_count=5148 5784 6126 15036 2590 8943 17372 1416 4659 774 5685 2252 5806 2617 3642 1093 5131 3033 3470 2723 1053 5043 1415
internal_value=-5.82547e-07 -0.0197387 0.00832516 -0.00367312 0.0143911 0.00950546 -0.0303637 0.00022115 -0.00346619 -0.0226828 0.00313189 -0.000554851 -0.0154292 -0.0213158 -0.0324397 -0.0460119 -0.0119367 -0.00964951 0.0171903 -0.00986359 -0.0084328 -0.0271125
internal_weight=110811 32875 77936 26170 51766 36730 19888 16635 12987 13341 18885 16633 6861 7285 8193 6547 7692 6087 20095 4695 10827 7100
internal_count=110811 32875 77936 26170 51766 36730 19888 16635 12987 13341 18885 16633 6861 7285 8193 6547 7692 6087 20095 4695 10827 7100
is_linear=0
shrinkage=0.0351744


Tree=25
num_leaves=23
num_cat=0
split_feature=3 2 0 6 5 3 3 4 5 1 7 0 8 4 0 2 0 8 7 9 7 6
split_gain=13884.3 6066.92 3681.97 3379.9 2337.64 2292.67 2014.77 1980.27 1795.18 1871.13 1233.24 1210.67 1086.97 1086.29 1183.2 1051.32 1033.82 1001.97 989.89 956.569 976.729 951.544
threshold=0.078100000000000017 -0.037683646759146046 0.015369711252886801 -0.0012712450229963497 0.029329672664128403 0.86590000000000011 -0.83144999999999991 -0.018727755192716997 0.057402110332118554 0.020873159494971753 -0.034659106180244745 -0.033814909551103042 -0.0014906326246040497 0.037297872263256558 -0.018889827030510797 0.034479150597148955 -0.047908780707242839 -0.0070895907004320993 0.050150687741229556 -0.028427146051390597 -0.0023737218490033495 0.013608792607664353
decision_type=2 2 2 2 2 2 2 2 2 2 2 2 2 2 2 2 2 2 2 2 2 2
left_child=1 6 3 8 16 7 -1 11 9 -3 -10 -2 -6 14 -8 21 -5 -16 -13 -4 -21 -9
right_child=5 2 19 4 12 -7 13 15 10 -11 -12 18 -14 -15 17 -17 -18 -19 -20 20 -22 -23
leaf_value=-0.046357345849068796 -0.022656494572595293 0.013756405416261677 0.025836662923057637 -0.033602060510523668 -0.058607984679135278 0.02658475739742755 -0.044662802489073325 0.01660607051198747 0.018271715867449884 -0.021338649711633576 -0.037662679218442262 0.0078217339641256274 -0.023971552428535676 0.0018323151951195704 -0.033894665222298823 0.02645169866082113 -0.0085139478485910178 -0.0024163446326163902 -0.025597163714261191 0.016758202851866751 -0.0071488196567172689 0.00034048944857102215
leaf_weight=5922 2782 9681 3927 2591 2571 12444 2840 11847 635 2332 2096 8675 1992 2126 2239 6995 9437 2838 1255 4236 4220 7130
leaf_count=5922 2782 9681 3927 2591 2571 12444 2840 11847 635 2332 2096 8675 1992 2126 2239 6995 9437 2838 1255 4236 4220 7130
internal_value=-6.10485e-07 -0.0115247 -0.00474718 -0.0111645 -0.0220546 0.0134514 -0.0300828 0.00922613 0.00108887 0.00694206 -0.0246507 -0.00214817 -0.0434923 -0.020484 -0.0264788 0.0147939 -0.01392 -0.0163025 0.00359607 0.0114903 0.00482544 0.0104957
internal_weight=110811 59683 43718 31335 16591 51128 15965 38684 14744 12013 2731 12712 4563 10043 7917 25972 12028 5077 9930 12383 8456 18977
internal_count=110811 59683 43718 31335 16591 51128 15965 38684 14744 12013 2731 12712 4563 10043 7917 25972 12028 5077 9930 12383 8456 18977
is_linear=0
shrinkage=0.0351744


Tree=26
num_leaves=23
num_cat=0
split_feature=3 2 4 0 0 7 6 2 7 1 8 7 4 2 2 6 9 0 3 4 2 6
split_gain=12990.4 5057.21 3341.75 2918.46 2815.46 2123.27 1771.21 1685.9 1485.25 1451.3 1438.74 1257.46 1103.83 1052.67 1026.37 1016.29 994.419 1062.43 925.568 854.919 828.847 809.776
threshold=-0.42139999999999994 0.022736740153580303 -0.0025788049096728497 -0.042579438457429744 -0.0053881507231608988 -0.0046980945101937994 -0.014172031042892748 0.030440858912344954 0.036105039451948706 0.03941418630084096 -0.0082565660577223494 0.0096773958339143509 -0.022284060085664244 0.0072183644249842012 -0.046743107410934091 0.014067609360347752 -0.040920646698025143 -0.030123886687279947 -0.9061499999999999 0.094691000577307102 -0.068029734234783937 0.0041536844734990511
decision_type=2 2 2 2 2 2 2 2 2 2 2 2 2 2 2 2 2 2 2 2 2 2
left_child=1 3 4 6 9 14 -1 16 20 13 18 15 -13 -2 -5 -3 -4 -18 -7 -8 -6 -15
right_child=2 11 7 5 8 10 19 -9 -10 -11 -12 12 -14 21 -16 -17 17 -19 -20 -21 -22 -23
leaf_value=-0.020641141746525711 -0.016926660886521297 0.024178480638262067 0.023261711569964719 -0.021299890358134243 -0.010517711561393661 -0.062339132385736074 -0.056634850575728334 0.029086070343330817 -0.009668244592093183 -0.02896762675968146 -0.014972034113236391 -0.037286796181960201 0.001095808733472519 0.020465434936303692 0.0033758088072125677 -0.0031160783303891709 -0.010683900862898211 0.01174721044200782 -0.030201216793795546 0.017336985781616798 0.017107548421707395 -0.0070704449770688247
leaf_weight=3368 4059 4414 7062 2963 1478 1513 4796 10337 3871 3915 7051 1302 3215 2680 7039 2731 3204 14133 4169 201 14705 2605
leaf_count=3368 4059 4414 7062 2963 1478 1513 4796 10337 3871 3915 7051 1302 3215 2680 7039 2731 3204 14133 4169 201 14705 2605
internal_value=-6.10634e-07 -0.0151932 0.00954618 -0.0226005 0.00158611 -0.0160632 -0.0403656 0.0171796 0.00990127 -0.0109891 -0.0255904 0.00455921 -0.00996504 -0.00345425 -0.00393271 0.0137437 0.0121344 0.00760076 -0.0387634 -0.0536556 0.0145834 0.00688993
internal_weight=110811 42762 68049 31100 33313 22735 8365 34736 20054 13259 12733 11662 4517 9344 10002 7145 24399 17337 5682 4997 16183 5285
internal_count=110811 42762 68049 31100 33313 22735 8365 34736 20054 13259 12733 11662 4517 9344 10002 7145 24399 17337 5682 4997 16183 5285
is_linear=0
shrinkage=0.0351744


Tree=27
num_leaves=23
num_cat=0
split_feature=3 2 3 3 1 4 0 6 1 4 8 5 6 1 9 7 0 5 0 2 4 0
split_gain=12212.6 5457.66 3121.12 2109.43 2041.49 1784.3 1764.26 1752.92 1576.88 1476.94 1211.5 1221.88 1209.92 1122.37 1082.55 1079.92 1058.56 1020.05 959.944 963.789 943.39 885.688
threshold=0.078100000000000017 0.0072183644249842012 -0.9020999999999999 0.86590000000000011 0.027897564576369851 -0.037344258362123996 -0.026696383359199497 0.0029370507776331502 -0.095894413325025782 0.015028098917057453 0.025614083537941906 0.038350382520869607 -0.017452297322581949 0.064256267873574413 -0.027331499351679247 -0.0080534529871273478 -0.053498587056858643 0.007654621366310301 0.016914813614608951 0.020789795979194951 0.10525850206223876 0.028143738365646206
decision_type=2 2 2 2 2 2 2 2 2 2 2 2 2 2 2 2 2 2 2 2 2 2
left_child=1 2 8 5 9 21 7 13 -1 10 11 -4 -7 -3 -8 -16 -6 -9 19 -14 -10 -2
right_child=3 6 4 -5 16 12 14 17 20 -11 -12 -13 18 -15 15 -17 -18 -19 -20 -21 -22 -23
leaf_value=-0.0090293363241164895 -0.016130687746060766 0.010863545130188022 -0.015330245018421899 0.025213161024156869 -0.053448933271177126 0.02194158448311171 0.02223324152788559 -0.013109676709439412 -0.049580313002147644 0.0047636244651537854 0.0034288246649533654 -0.046300390945169939 -0.0067914372573027936 -0.039703256917028425 0.015713567944143206 -0.0070155661100979099 -0.022189300680444349 -0.050453016024387516 0.016311216649807666 0.013238558722931918 0.03140622866466556 0.010170586306614883
leaf_weight=1708 4741 3851 9017 12444 1867 10448 5180 2135 6042 6878 3349 1911 7582 632 4486 6106 4765 1573 8647 4888 183 2378
leaf_count=1708 4741 3851 9017 12444 1867 10448 5180 2135 6042 6878 3349 1911 7582 632 4486 6106 4765 1573 8647 4888 183 2378
internal_value=-6.1979e-07 -0.0108087 -0.0195208 0.0126156 -0.0139642 0.00856266 0.0021771 -0.0110656 -0.0389811 -0.00862473 -0.0150758 -0.0207482 0.0121504 0.00372989 0.00905566 0.00260937 -0.0309929 -0.0289574 0.00730516 0.00105867 -0.0471961 -0.00734276
internal_weight=110811 59683 35720 51128 27787 38684 23963 8191 7933 21155 14277 10928 31565 4483 15772 10592 6632 3708 21117 12470 6225 7119
internal_count=110811 59683 35720 51128 27787 38684 23963 8191 7933 21155 14277 10928 31565 4483 15772 10592 6632 3708 21117 12470 6225 7119
is_linear=0
shrinkage=0.0351744


Tree=28
num_leaves=23
num_cat=0
split_feature=3 2 2 0 6 1 7 8 5 1 9 0 8 1 5 4 0 0 9 9 4 9
split_gain=11524.6 3992.39 3679.01 2930.78 2822.99 2700.95 2002.83 1607.68 1597.21 1509.7 1466.81 1152.22 1095.05 980.719 944.929 936.521 993.273 929.39 918.851 860.986 845.637 838.574
threshold=-0.68049999999999988 -0.044922168986462195 -0.045819074632108395 0.017916390579034405 0.0013121196898274502 -0.095894413325025782 -0.0046980945101937994 -0.037396157099663839 0.0028962160750008507 0.014690404804428502 -0.0017257213818673998 -0.038195205855435795 -0.04085588569882944 0.036597395995265555 0.075520825860179164 0.050612858482826158 0.047246927038361856 -0.038900200619748547 -0.005964897038093349 -0.062498563223895597 0.12220770458534622 0.0078371455206049014
decision_type=2 2 2 2 2 2 2 2 2 2 2 2 2 2 2 2 2 2 2 2 2 2
left_child=2 9 19 4 10 -4 11 -8 13 15 -3 21 -10 20 -9 16 -2 -11 -5 -1 -6 -7
right_child=1 3 5 18 8 6 7 14 12 17 -12 -13 -14 -15 -16 -17 -18 -19 -20 -21 -22 -23
leaf_value=3.677108214450389e-05 -0.016443955142179438 0.021414808948516925 0.010577023176444435 0.02652597576313382 0.0066217947930401694 -0.006466859175862507 -0.056080425147344293 -0.016744280242751448 -0.039355420127219286 -0.049893313315598882 0.0026013893855348319 0.0032821935467057797 -0.0091495419514150411 -0.018167633964249138 -0.053972948270461139 0.025596152818236385 0.010121968648541705 -0.015578739707717889 0.012802864239026874 -0.04350626932673439 0.063292877211622633 -0.047752112814649625
leaf_weight=612 4924 12903 5347 13298 9723 1330 2067 6982 1901 1523 8512 5914 6795 2050 960 1268 2693 2728 11068 6752 337 1124
leaf_count=612 4924 12903 5347 13298 9723 1330 2067 6982 1901 1523 8512 5914 6795 2050 960 1268 2693 2728 11068 6752 337 1124
internal_value=-6.06005e-07 0.00708282 -0.018166 0.0105791 0.00497255 -0.0114234 -0.0178256 -0.0284434 -0.00425429 -0.0106385 0.0139377 -0.0051232 -0.0157553 0.00400311 -0.0212475 -0.00238816 -0.00704934 -0.0278779 0.0202932 -0.0398854 0.00852287 -0.0253854
internal_weight=110811 79723 31088 66587 42221 23724 18377 10009 20806 13136 21415 8368 8696 12110 7942 8885 7617 4251 24366 7364 10060 2454
internal_count=110811 79723 31088 66587 42221 23724 18377 10009 20806 13136 21415 8368 8696 12110 7942 8885 7617 4251 24366 7364 10060 2454
is_linear=0
shrinkage=0.0351744


Tree=29
num_leaves=23
num_cat=0
split_feature=3 2 0 7 3 6 1 0 4 8 6 5 4 5 0 4 3 6 9 7 1 2
split_gain=10816.8 4916.95 2706.46 2249.48 1937.37 1865.82 1709.33 1545.66 1533.81 1420.62 1377.57 1294.4 1240.83 1238.54 1172.38 1114.88 1061.14 1053.52 839.505 747.603 733.558 719.806
threshold=0.078100000000000017 -0.0054274964605963991 -0.018889827030510797 0.0096773958339143509 0.86590000000000011 -0.056628322399568047 0.025563501414801303 0.020936725407406102 -0.0011167975609298498 -0.0090022607925363488 0.041553637582559505 0.058519025415882359 0.094691000577307102 0.044903310782419957 -0.034379304198200546 -0.040953029330111239 -0.88839999999999986 -0.021494140312406294 -0.005964897038093349 -0.037226981213606791 0.033502415493766806 0.00094840894575840007
decision_type=2 2 2 2 2 2 2 2 2 2 2 2 2 2 2 2 2 2 2 2 2 2
left_child=1 2 5 10 6 -1 11 -8 13 15 18 17 16 -5 -12 -4 -7 -2 -3 -17 -18 -19
right_child=4 3 9 8 -6 12 7 -9 -10 -11 14 -13 -14 -15 -16 19 20 21 -20 -21 -22 -23
leaf_value=0.0012436128440167066 0.026888049849895814 0.021604622276682642 -0.052392035461871211 -0.014934523596159511 0.023945659957665361 -0.057367378648307717 -0.016071117616068251 0.012037894225954889 0.00098630326580759252 -0.0024589367342792981 -0.052620995660559146 -0.0081377746562159587 0.015414394240904196 -0.05115498306758906 -0.0016534352113887806 0.011992056952771458 -0.025218981170586505 0.0030542367675794502 0.0046639993645006929 -0.021978696994214991 -0.049376229694868684 0.017004997850667485
leaf_weight=1726 6828 6687 1309 4703 12444 3262 5896 4105 5965 9786 716 3365 510 1555 2538 954 4771 8335 7896 4993 2312 10155
leaf_count=1726 6828 6687 1309 4703 12444 3262 5896 4105 5965 9786 716 3365 510 1555 2538 954 4771 8335 7896 4993 2312 10155
internal_value=-5.94614e-07 -0.0101723 -0.0203425 -0.000149403 0.0118728 -0.0327173 0.00798863 -0.00453185 -0.0117736 -0.0112058 0.0078153 0.0123548 -0.0381187 -0.0239384 -0.0128754 -0.0229998 -0.0407596 0.0150791 0.0124334 -0.0165262 -0.0331076 0.0107172
internal_weight=110811 59683 29623 30060 51128 12581 38684 10001 12223 17042 17837 28683 10855 6258 3254 7256 10345 25318 14583 5947 7083 18490
internal_count=110811 59683 29623 30060 51128 12581 38684 10001 12223 17042 17837 28683 10855 6258 3254 7256 10345 25318 14583 5947 7083 18490
is_linear=0
shrinkage=0.0351744


Tree=30
num_leaves=23
num_cat=0
split_feature=3 2 2 1 4 0 3 0 5 4 7 8 1 7 4 6 8 7 6 9 4 0
split_gain=10206.5 3620.02 3296.1 2498.31 2097.75 2033.46 1926.61 1813.85 1697.82 1680.45 1509.18 1233.28 1150.52 1094.54 998.056 982.582 978.072 963.871 821.916 789.701 751.679 734.793
threshold=-0.68049999999999988 -0.014289845541505799 -0.045819074632108395 -0.095894413325025782 -0.0029462045024882997 -0.0062761940846778989 -0.94224999999999992 0.028729666194142203 0.066330729236624017 0.037297872263256558 -0.0046980945101937994 -0.037396157099663839 0.045355472178381158 0.033552013067749707 0.094691000577307102 0.013175628788399651 0.025614083537941906 0.035503099427714006 -0.0079855350936327476 -0.062498563223895597 0.081641661952488773 -0.065856962706443936
decision_type=2 2 2 2 2 2 2 2 2 2 2 2 2 2 2 2 2 2 2 2 2 2
left_child=2 5 19 -4 7 9 -5 8 12 16 -8 -12 15 -7 17 -3 -2 18 -6 -1 -13 -21
right_child=1 4 3 6 14 13 10 -9 -10 -11 11 20 -14 -15 -16 -17 -18 -19 -20 21 -22 -23
leaf_value=0.00057911314073185122 -0.032037663840346918 0.015618015124192164 0.010445474373608247 -0.040693911281895215 0.028931873047612966 0.0087835276185676721 0.00093909094660376495 0.019967391491019844 -0.029550105932832037 0.0075402097642245716 -0.04818091988379801 -0.017439584012142392 -0.014840258276839487 -0.013504831938395542 0.045754862769018807 -0.0042569606488749119 -0.0047324562620043248 0.0042821838602039022 0.014482483277675699 -0.063958391736905887 0.034961701302343953 -0.035212672164159353
leaf_weight=612 5580 7887 5347 3419 8670 12747 6723 7107 2252 2822 1703 6174 3511 3467 1607 5045 2291 5604 11133 1387 358 5365
leaf_count=612 5580 7887 5347 3419 8670 12747 6723 7107 2252 2822 1703 6174 3511 3467 1607 5045 2291 5604 11133 1387 358 5365
internal_value=-5.84883e-07 0.00666546 -0.0170957 -0.0107135 0.0120154 -0.0038353 -0.0168708 0.00484164 -0.000907728 -0.0157426 -0.011424 -0.021519 0.00301432 0.00401655 0.0188665 0.0078632 -0.0240924 0.0171649 0.0208096 -0.0376537 -0.0145643 -0.0411215
internal_weight=110811 79723 31088 23724 52816 26907 18377 25802 18695 10693 14958 8235 16443 16214 27014 12932 7871 25407 19803 7364 6532 6752
internal_count=110811 79723 31088 23724 52816 26907 18377 25802 18695 10693 14958 8235 16443 16214 27014 12932 7871 25407 19803 7364 6532 6752
is_linear=0
shrinkage=0.0351744


Tree=31
num_leaves=23
num_cat=0
split_feature=3 2 0 9 0 5 4 7 6 2 1 6 4 0 2 5 9 7 8 1 4 4
split_gain=9602.43 4582.5 2624.13 1972.02 1768.02 1853.06 1708.24 1358.7 1345.65 1320.38 1219.32 1237.94 1190.7 1116.93 1040.01 999.576 954.591 997.911 866.398 793.228 755.299 716.309
threshold=0.17810000000000001 0.0047572588312820513 -0.0044497366503048483 -0.058841439165573599 0.0087459754560187519 0.030681698165730801 -0.019159792641172044 0.0020836027717366008 -0.035011034041886796 -0.066770264626139039 0.023233723475790755 0.0029370507776331502 0.094691000577307102 0.033802499164147307 -0.032498994794595941 0.029329672664128403 -0.053633272910594339 -0.011851749162440698 -0.0014906326246040497 0.036597395995265555 0.011571371925567802 -0.024625008396926946
decision_type=2 2 2 2 2 2 2 2 2 2 2 2 2 2 2 2 2 2 2 2 2 2
left_child=1 2 3 20 5 10 13 -4 -7 -5 11 -3 15 14 -2 19 -8 -18 -10 -11 -1 -9
right_child=6 4 7 9 -6 8 16 21 18 12 -12 -13 -14 -15 -16 -17 17 -19 -20 -21 -22 -23
leaf_value=-0.013751626468787713 -0.028893379822020462 0.019504828298149909 0.0025284657685204722 -0.048799193707045475 0.014730245664920807 0.010040638384496221 0.027484795959386587 -0.033177152642855021 -0.049255073021696794 -0.015482541656048685 -0.021715934858104427 -0.0044372244593440359 0.028356096811942698 0.015888352382811357 0.00065228810477166281 -0.041654735697298162 0.022005361912213701 0.0076289775107727395 -0.014791659797563049 -0.04334807818172573 0.026027713818547266 -0.010461425382307999
leaf_weight=1339 1775 5269 8744 3729 8957 1150 7392 2491 1987 7119 2141 5419 496 4972 8683 4028 9662 15664 1657 1538 1056 5543
leaf_count=1339 1775 5269 8744 3729 8957 1150 7392 2491 1987 7119 2141 5419 496 4972 8683 4028 9662 15664 1657 1538 1056 5543
internal_value=-5.59626e-07 -0.00907702 -0.017241 -0.0260843 0.00200514 -0.00446161 0.0118118 -0.00706453 -0.0231201 -0.0303152 0.00250971 0.00736436 -0.0250842 0.00216284 -0.00436118 -0.0271754 0.0163617 0.0131144 -0.0335898 -0.0204358 0.00378147 -0.0175072
internal_weight=110811 62663 36083 19305 26580 17623 48148 16778 4794 16910 12829 10688 13181 15430 10458 12685 32718 25326 3644 8657 2395 8034
internal_count=110811 62663 36083 19305 26580 17623 48148 16778 4794 16910 12829 10688 13181 15430 10458 12685 32718 25326 3644 8657 2395 8034
is_linear=0
shrinkage=0.0351744


Tree=32
num_leaves=23
num_cat=0
split_feature=3 3 2 4 0 1 7 5 9 1 2 9 1 4 6 4 8 7 7 8 0 4
split_gain=9056.4 3344.91 3039.89 2759 2099.97 2089.01 1719.73 1580.76 1289.34 1171.86 1025.29 1008.8 964.843 964.572 1006.72 930.255 858.367 853.619 794.39 786.645 748.736 744.745
threshold=-0.68049999999999988 0.74330000000000018 0.023292619382112453 0.0014670405244712503 -0.034379304198200546 -0.015169470707859399 0.036105039451948706 0.041003737999609255 -0.018438498402095497 0.033502415493766806 0.031567554202066909 -0.025704395309371849 -0.070567861621548489 -0.045005053719187692 -0.016494631345409246 0.05287311430924841 -0.058757165160958892 0.038025008673170053 -0.024332555525317694 -0.0033594265320461996 -0.093073355422520182 0.044624009550640609
decision_type=2 2 2 2 2 2 2 2 2 2 2 2 2 2 2 2 2 2 2 2 2 2
left_child=2 3 5 4 9 7 11 13 -7 -2 15 -6 -4 -1 -15 17 -14 -5 -9 -16 -3 -10
right_child=1 20 12 10 6 8 -8 18 21 -11 -12 -13 16 14 19 -17 -18 -19 -20 -21 -22 -23
leaf_value=-0.032926121321775421 -0.012517323971723443 -0.034491078197606231 0.016437987996927791 0.0056512037478060355 0.013714372338836628 -0.014638253418299467 -0.020011400237560029 -0.003513377448750844 -0.054834400357962929 -0.043787245047093984 0.022390217009283571 -0.0026536456664527793 -0.054708215811153385 0.013403147999316915 -0.023499522153931765 0.019732136388900132 -0.0031482439337792317 -0.016653192243639266 -0.043190599723722779 -0.00046127237686434061 0.018295770359974602 -0.023815390347919296
leaf_weight=1776 4460 337 3480 12310 7825 2077 4575 787 3994 2223 6347 11510 442 2735 3549 4717 4150 2565 3038 3797 22854 1263
leaf_count=1776 4460 337 3480 12310 7825 2077 4575 787 3994 2223 6347 11510 442 2735 3549 4717 4150 2565 3038 3797 22854 1263
internal_value=-5.47783e-07 0.0062787 -0.0161037 0.00166369 -0.00549113 -0.0226176 -0.000618236 -0.0153686 -0.0381147 -0.0229221 0.0101029 0.0039698 0.00246748 -0.00902359 -0.00481049 0.00612126 -0.00811652 0.00180384 -0.0350318 -0.0115941 0.0175277 -0.0473862
internal_weight=110811 79723 31088 56532 30593 23016 23910 15682 7334 6683 25939 19335 8072 11857 10081 19592 4592 14875 3825 7346 23191 5257
internal_count=110811 79723 31088 56532 30593 23016 23910 15682 7334 6683 25939 19335 8072 11857 10081 19592 4592 14875 3825 7346 23191 5257
is_linear=0
shrinkage=0.0351744


Tree=33
num_leaves=23
num_cat=0
split_feature=3 2 1 0 4 9 6 0 0 7 7 7 7 8 2 9 4 2 9 4 4 5
split_gain=8508.47 3728.84 2784.29 2637.67 1946.25 1730.58 1713.6 1513.19 1474.55 1471.98 1408.21 1339.5 1177.69 1137.97 1055.29 908.587 875.866 865.527 834.423 807.116 751.462 709.329
threshold=-0.77164999999999984 0.0076801594257517513 -0.06029507852451569 -0.0035621910404385498 0.050612858482826158 -0.05975098773632119 0.014067609360347752 -0.029470645471271848 -0.049754782208191746 -0.0093164569532142982 0.042200811811707102 0.036742671097138455 -0.027575141132673547 0.023088422292553753 -0.022156606960369595 -0.069434401181189737 0.10525850206223876 -0.043122811708249692 -0.017957790037774198 0.067582588606121763 -0.017863805363148449 -0.015217171140112399
decision_type=2 2 2 2 2 2 2 2 2 2 2 2 2 2 2 2 2 2 2 2 2 2
left_child=2 3 9 4 13 -4 10 -8 16 -1 18 20 -10 15 -11 -2 -7 -17 -3 -9 -5 -19
right_child=1 6 5 11 -6 8 7 19 12 14 -12 -13 -14 -15 -16 17 -18 21 -20 -21 -22 -23
leaf_value=0.010093973642747806 0.007248818397745954 0.03024419535687671 0.010567708009857063 0.00028427889672128631 0.01321866309000512 -0.056620795598866187 -0.017301676636875873 0.0069308759269319231 -0.0026558406536137356 -0.035030460794848207 0.00095968149809774717 -0.011066993140820889 -0.032003182109362809 -0.0019790790168025033 -0.0051690256301826897 -0.041930204971665268 0.02791103239183924 -0.005292769905998653 0.016090632892302011 0.041684645125345983 0.014510509316878363 -0.028113130239493061
leaf_weight=4724 1124 9336 1285 7008 3231 3134 3321 11663 2202 2274 4620 4785 7320 4599 4116 3000 159 2727 11524 890 13349 4420
leaf_count=4724 1124 9336 1285 7008 3231 3134 3321 11663 2202 2274 4620 4785 7320 4599 4116 3000 159 2727 11524 890 13349 4420
internal_value=-5.85095e-07 0.00528923 -0.0179592 -0.00180819 -0.0116618 -0.0283367 0.0128829 0.00380999 -0.0322392 -0.00479172 0.0185345 0.00567724 -0.0252184 -0.0167284 -0.015799 -0.0227451 -0.052533 -0.0260693 0.0224261 0.00939673 0.00961392 -0.0194085
internal_weight=110811 85597 25214 44243 19101 14100 41354 15874 12815 11114 25480 25142 9522 15870 6390 11271 3293 10147 20860 12553 20357 7147
internal_count=110811 85597 25214 44243 19101 14100 41354 15874 12815 11114 25480 25142 9522 15870 6390 11271 3293 10147 20860 12553 20357 7147
is_linear=0
shrinkage=0.0351744


Tree=34
num_leaves=23
num_cat=0
split_feature=3 2 7 5 2 0 6 1 6 9 6 0 0 8 6 0 7 9 0 8 1 7
split_gain=8036.14 3963.47 3268.08 2392.98 1528.82 1513.98 1495.28 1403.7 1344.22 1276.29 1194.4 1299.08 1184.54 1076.72 1055.84 1043.61 919.763 797.908 794.49 749.297 728.772 696.705
threshold=0.17810000000000001 -0.053503364706735793 -0.0046980945101937994 0.08113326105371936 -0.044922168986462195 -0.0044497366503048483 0.063620690072318756 0.0027752352565235503 -0.0037336518116133995 -0.053633272910594339 -0.053366629519776838 0.062598133732963204 -0.028850744153839199 -0.0522796574898255 -0.045636471038364643 -0.05254629867796954 -0.011851749162440698 -0.025127159098785497 0.030471507042390853 0.015563810792707451 -0.014339463034966648 -0.043899817114430591
decision_type=2 2 2 2 2 2 2 2 2 2 2 2 2 2 2 2 2 2 2 2 2 2
left_child=1 10 6 5 -2 7 12 8 -4 -6 -1 19 14 -10 -3 -11 -17 -7 -8 21 -19 -12
right_child=4 2 3 -5 9 17 18 -9 13 15 11 -13 -14 -15 -16 16 -18 20 -20 -21 -22 -23
leaf_value=-0.0012967682189646145 -0.0049684258759307024 0.021216337836982853 0.0031300083184128552 -0.042748863670374483 0.024655621740007787 0.014409577729838374 -0.035350015613194528 -0.040298401207423479 -0.056024324307708741 -0.011557372844672112 -0.017588390247726737 -0.0012047103348098872 0.01441861116952849 -0.015589239712432239 -0.011558812981291596 0.020212173826854522 0.0072311055774370095 0.0029331831020136278 0.012094534268771568 -0.023027820063235831 -0.019859263519351678 -0.051159712046893666
leaf_weight=1883 6564 1605 4800 2838 9456 3693 1558 2484 942 2567 930 1448 14132 6052 5015 10449 19112 4631 606 2916 2775 4355
leaf_count=1883 6564 1605 4800 2838 9456 3693 1558 2484 942 2567 930 1448 14132 6052 5015 10449 19112 4631 606 2916 2775 4355
internal_value=-5.5696e-07 -0.00830384 -0.00410226 -0.0121166 0.0108055 -0.00869001 0.00576461 -0.0162649 -0.0112012 0.0132959 -0.0269312 -0.0319319 0.00866669 -0.0210389 -0.00360973 0.00995179 0.0118202 0.00105308 -0.0220562 -0.0373551 -0.00560507 -0.0452561
internal_weight=110811 62663 51131 28215 48148 25377 22916 14278 11794 41584 11532 9649 20752 6994 6620 32128 29561 11099 2164 8201 7406 5285
internal_count=110811 62663 51131 28215 48148 25377 22916 14278 11794 41584 11532 9649 20752 6994 6620 32128 29561 11099 2164 8201 7406 5285
is_linear=0
shrinkage=0.0351744


Tree=35
num_leaves=23
num_cat=0
split_feature=3 4 2 1 0 3 6 0 8 2 4 5 9 4 2 5 7 7 7 3 9 7
split_gain=7597.67 3409.53 2819.53 2580.71 2251.7 1802.52 1739.08 1452.19 1345.87 1302.25 1050.23 1088.65 977.046 874.686 858.526 887.769 765.766 730.804 711.345 667.57 664.571 637.308
threshold=-0.77164999999999984 -0.030776207317564096 0.031567554202066909 -0.097962575394615142 0.0087459754560187519 -0.93364999999999987 -0.0083893198769363474 0.023072568561417702 0.010843935318540653 -0.053503364706735793 0.0099227034560154508 0.034395952613936756 -0.00059917749886634981 0.044624009550640609 -0.066770264626139039 0.086881013123040321 0.10994557259447872 -0.013057005415354598 -0.013057005415354598 0.70065000000000011 -0.036328493634105598 -0.0076421240825544487
decision_type=2 2 2 2 2 2 2 2 2 2 2 2 2 2 2 2 2 2 2 2 2 2
left_child=3 7 4 18 6 21 12 8 14 -7 11 -11 -3 19 -2 -16 -9 -6 -1 -8 -4 -5
right_child=1 2 20 5 17 9 13 16 -10 10 -12 -13 -14 -15 15 -17 -18 -19 -20 -21 -22 -23
leaf_value=0.01955126426724528 -0.061592536813693477 0.016096527169755685 0.029605249231252694 -0.02614851116976261 0.020834627815561762 -0.036973840270286676 -0.019001010363297641 0.0069129356672454874 -0.00093663718265454376 -0.010470645552708284 0.0031679888035154161 -0.042103147267436657 -0.0059894032556263559 0.0075379259963115593 -0.016563164464739343 -0.060958104768718199 -0.071370031880229626 0.0074790970884128652 -0.0062970901286994235 0.00084406486543373905 0.015629374724563265 -0.049585450277346274
leaf_weight=2273 690 6769 6348 2570 8282 2900 9479 6811 5173 4950 4274 1850 3908 2693 6372 611 158 13083 3131 2691 12529 3266
leaf_count=2273 690 6769 6348 2570 8282 2900 9479 6811 5173 4950 4274 1850 3908 2693 6372 611 158 13083 3131 2691 12529 3266
internal_value=-5.69551e-07 0.0049981 0.00885112 -0.0169707 0.00423089 -0.0228483 -0.00281735 -0.00779231 -0.0148062 -0.0159892 -0.0104919 -0.0190798 0.0080111 -0.0105972 -0.0241544 -0.0204514 0.00513409 0.0126572 0.00457229 -0.0146116 0.0203303 -0.0392684
internal_weight=110811 85597 65782 25214 46905 19810 25540 19815 12846 13974 11074 6800 10677 14863 7673 6983 6969 21365 5404 12170 18877 5836
internal_count=110811 85597 65782 25214 46905 19810 25540 19815 12846 13974 11074 6800 10677 14863 7673 6983 6969 21365 5404 12170 18877 5836
is_linear=0
shrinkage=0.0351744


Tree=36
num_leaves=23
num_cat=0
split_feature=3 2 3 1 9 0 4 5 6 5 0 6 8 1 8 4 2 5 0 1 3 8
split_gain=7131.89 3575.09 2064.35 1784.98 1726.53 1507.75 1378.16 1339.86 1342.8 1319.34 1261.07 1126.36 1042.71 1010.15 953.63 893.808 807.812 794.152 735.371 730.486 714.141 702.657
threshold=1.0000000180025095e-35 0.0076801594257517513 -0.93124999999999991 0.025563501414801303 -0.058841439165573599 0.020936725407406102 -0.040224923145051945 0.012985596000153402 -0.033704096097564189 0.055179646868793709 -0.0035621910404385498 -0.030563806785535896 -0.021728682288152699 -0.095894413325025782 -0.0014906326246040497 0.094691000577307102 0.034479150597148955 -0.0024308957916794999 0.0087459754560187519 0.020873159494971753 0.82730000000000004 -0.033328990435563643
decision_type=2 2 2 2 2 2 2 2 2 2 2 2 2 2 2 2 2 2 2 2 2 2
left_child=1 2 13 9 -4 20 14 -3 -9 11 15 -2 -10 -1 -6 17 18 -8 -13 -14 -5 -11
right_child=3 7 4 5 6 -7 10 8 12 21 -12 16 19 -15 -16 -17 -18 -19 -20 -21 -22 -23
leaf_value=-0.0083301487365076022 0.028329514562821637 0.0091064983584394788 0.010399910671926291 -0.018256037651914608 -0.049854522714569728 0.011871100302577754 -0.011628666828105171 0.015969435800345197 -0.035043738025415334 -0.026342391471160142 -0.0024945685928146094 0.0018014412520163258 0.00101678518789217 -0.044276590612878135 -0.017411883837190594 0.023691178738708761 0.02258098182416339 -0.031020942053187655 0.01537235788105052 -0.034695633098555397 0.0041695357367788058 0.0038947607064514916
leaf_weight=1268 6935 13795 3704 5631 2156 6074 4884 2133 2338 1241 10041 9627 3582 4095 2340 557 7130 5628 10154 883 2552 4063
leaf_count=1268 6935 13795 3704 5631 2156 6074 4884 2133 2338 1241 10041 9627 3582 4095 2340 557 7130 5628 10154 883 2552 4063
internal_value=-5.74694e-07 -0.00860799 -0.0157155 0.00925071 -0.0120432 -0.00140429 -0.0152903 0.00223277 -0.00837671 0.0131313 -0.011523 0.0156875 -0.0160128 -0.0357812 -0.0329743 -0.0197113 0.0124289 -0.022013 0.00876859 -0.00604301 -0.0112603 -0.00317742
internal_weight=110811 57404 34673 53407 29310 14257 25606 22731 8936 39150 21110 33846 6803 5363 4496 11069 26911 10512 19781 4465 8183 5304
internal_count=110811 57404 34673 53407 29310 14257 25606 22731 8936 39150 21110 33846 6803 5363 4496 11069 26911 10512 19781 4465 8183 5304
is_linear=0
shrinkage=0.0351744


Tree=37
num_leaves=23
num_cat=0
split_feature=3 2 0 6 8 9 5 6 0 7 6 0 5 9 7 1 1 5 3 4 5 3
split_gain=6700.46 4013.29 3029.58 2765.52 2044.42 1686.65 1291.99 1250.26 1388.89 1104.98 1097.15 1280.27 1038.46 992.535 996.84 926.762 848.393 812.954 769.983 732.715 728.58 693.343
threshold=0.42215000000000008 -0.046743107410934091 0.016914813614608951 -0.0012712450229963497 -0.020862061547103048 0.036269058284658255 -0.012176368934110999 -0.051338700243623546 0.035723368315361458 -0.022326254118819847 -0.030563806785535896 -0.05254629867796954 0.072173438591567066 -0.036328493634105598 0.036742671097138455 0.0044119012768936506 0.080261532039906172 0.052929717533569058 0.86590000000000011 -0.0018580145758187998 0.038350382520869607 -0.93124999999999991
decision_type=2 2 2 2 2 2 2 2 2 2 2 2 2 2 2 2 2 2 2 2 2 2
left_child=1 7 3 5 6 9 -5 -1 19 -3 -2 -12 -11 -4 -15 -6 17 -7 20 -9 -13 -21
right_child=10 2 13 4 15 16 -8 8 -10 12 11 18 -14 14 -16 -17 -18 -19 -20 21 -22 -23
leaf_value=4.710497144151645e-05 0.022114596924305951 0.023075827309864797 0.024669762792821744 -0.011192581829958297 -0.0034944285426041265 -0.0011015925364946302 -0.042694392010799158 -0.044638747792722942 -0.0077083490548873175 0.0059738705561268677 -0.016526345193119053 0.0098137239235876507 -0.02872044774822723 0.010278495653332611 -0.01600306147757994 -0.025180800527661602 -0.050654667187049002 -0.042567329602612107 0.018933432701549253 -0.053809182635555605 -0.0075690106715035014 -0.018523583930107147
leaf_weight=2504 9352 4327 4543 2496 10941 2838 4551 4384 3327 9044 2363 15294 1210 9359 2206 3138 757 737 8961 836 3705 3938
leaf_count=2504 9352 4327 4543 2496 10941 2838 4551 4384 3327 9044 2363 15294 1210 9359 2206 3138 757 737 8961 836 3705 3938
internal_value=-5.50737e-07 -0.00646024 -0.00214315 -0.00732582 -0.0160726 0.00244357 -0.0315395 -0.0226302 -0.0271797 0.00816979 0.011581 0.00833168 0.00187783 0.0107381 0.00526375 -0.00832942 -0.0168259 -0.00965613 0.0104332 -0.0342513 0.006423 -0.0247078
internal_weight=110811 71136 56147 40039 21126 18913 7047 14989 12485 14581 39675 30323 10254 16108 11565 14079 4332 3575 27960 9158 18999 4774
internal_count=110811 71136 56147 40039 21126 18913 7047 14989 12485 14581 39675 30323 10254 16108 11565 14079 4332 3575 27960 9158 18999 4774
is_linear=0
shrinkage=0.0351744


Tree=38
num_leaves=23
num_cat=0
split_feature=3 4 1 0 2 2 9 5 0 7 9 0 1 7 2 7 6 4 8 5 4 7
split_gain=6411.15 3137.28 2337.04 2179.32 1881.98 1807.08 1498.88 1491.35 1254.13 1219.77 1197.27 1131.62 1102.7 1023.01 881.038 860.089 852.737 773.133 752.601 677.308 655.034 651.756
threshold=-0.77164999999999984 -0.004438293604274399 -0.06029507852451569 0.028729666194142203 -0.033160675033238239 0.030440858912344954 -0.05975098773632119 0.066330729236624017 -0.05065988093355394 -0.0093164569532142982 -0.040382582018010045 -0.0080955067557432481 0.045355472178381158 -0.029830578061153395 -0.022156606960369595 0.036742671097138455 -0.010476322565836398 0.10525850206223876 -0.020862061547103048 -0.0048574820301523491 0.024292177185493206 -0.021811066751743498
decision_type=2 2 2 2 2 2 2 2 2 2 2 2 2 2 2 2 2 2 2 2 2 2
left_child=2 3 9 4 -2 10 -4 12 17 -1 -3 -12 16 -10 -11 -5 -6 -8 -18 -15 -21 -13
right_child=1 5 6 15 7 -7 8 -9 13 14 11 21 -14 19 -16 -17 18 -19 -20 20 -22 -23
leaf_value=0.010024750361102895 -0.026752627226139407 0.017486828036850258 0.011109088381997714 0.014141643941059745 0.015108509369712003 0.022107525396632265 -0.0516400651512917 -0.027985825288735725 -0.00046974857485459137 -0.031117963429319363 -0.0073525425231736616 0.02007477029273189 -0.016376805119578453 -0.014838088581933279 -0.0038329486610138011 -0.008846636801798315 -0.015625094976325023 0.028059638994721768 0.0047774823814114705 -0.044827255119015433 -0.015471957839907404 0.0036144248800548191
leaf_weight=4724 5359 8911 1285 10149 5576 12880 3063 2717 2074 2274 9105 4244 4121 2845 4116 2511 3360 158 6690 3367 1308 9974
leaf_count=4724 5359 8911 1285 10149 5576 12880 3063 2717 2074 2274 9105 4244 4121 2845 4116 2511 3360 158 6690 3367 1308 9974
internal_value=-5.7637e-07 0.0045912 -0.0155894 -0.00251721 -0.00802264 0.0109703 -0.025097 -0.00355352 -0.0287289 -0.00352576 0.00651948 0.00232839 -0.000190817 -0.0223492 -0.013546 0.00958075 0.00407693 -0.0477242 -0.00204217 -0.0283811 -0.0366184 0.0085291
internal_weight=110811 85597 25214 40483 27823 45114 14100 22464 12815 11114 32234 23323 19747 9594 6390 12660 15626 3221 10050 7520 4675 14218
internal_count=110811 85597 25214 40483 27823 45114 14100 22464 12815 11114 32234 23323 19747 9594 6390 12660 15626 3221 10050 7520 4675 14218
is_linear=0
shrinkage=0.0351744


Tree=39
num_leaves=23
num_cat=0
split_feature=3 2 9 7 5 1 6 3 6 0 0 0 7 6 2 0 7 2 6 4 8 4
split_gain=5992.73 3617.65 2893.34 2435.89 2004.54 1379.39 1330.88 1103.32 1015.99 1127.82 1011.61 972.287 907.233 870.51 808.491 802.642 876.393 743.32 740.098 702.482 678.294 649.246
threshold=0.42215000000000008 -0.054546037093781093 -0.040382582018010045 -0.0046980945101937994 0.089060067168469773 -0.038601919834530297 0.063620690072318756 -0.91349999999999987 -0.053366629519776838 0.071191168383034562 -0.065856962706443936 -0.029470645471271848 0.010511506568458902 -0.020980856306515448 0.014822430836596102 0.047246927038361856 0.043642722101187255 -0.074359162551747737 -0.045636471038364643 0.081641661952488773 0.015563810792707451 0.010300312543470651
decision_type=2 2 2 2 2 2 2 2 2 2 2 2 2 2 2 2 2 2 2 2 2 2
left_child=1 8 15 6 5 14 11 -7 -1 20 -2 18 13 -12 -5 16 -3 -14 -4 -18 -10 -13
right_child=10 2 3 4 -6 7 -8 -9 9 -11 12 21 17 -15 -16 -17 19 -19 -20 -21 -22 -23
leaf_value=-0.00081131587791692563 -0.013720509372657995 0.01245907838772841 0.017250620056306488 -0.010718513520639713 -0.045208498617195399 -0.052757875655035813 -0.027142047734163639 -0.016260836969047811 -0.039545087480574247 0.0018877963493613569 0.027267413458070256 0.0041061989040689006 -0.027836266169367394 0.012145813341342746 0.0078287317411488734 0.032540287019395098 -0.021293207056689658 0.0075099146304336293 -0.013941789601227239 0.030849470394513519 -0.019365476865935795 0.020487218339521239
leaf_weight=2066 1954 10066 1203 6779 2339 1151 1729 9382 5793 1370 6830 7582 774 15202 5091 1918 1807 14915 4316 388 3206 4950
leaf_count=2066 1954 10066 1203 6779 2339 1151 1729 9382 5793 1370 6830 7582 774 15202 5091 1918 1807 14915 4316 388 3206 4950
internal_value=-5.72841e-07 -0.0061096 -0.00245839 -0.00686558 -0.014222 -0.0109858 0.00233548 -0.0202514 -0.023344 -0.0278319 0.0109523 0.0051601 0.0122309 0.0168345 -0.00276227 0.0113789 0.00806689 0.00576482 -0.00713932 -0.012067 -0.0323582 0.010578
internal_weight=110811 71136 58701 44522 24742 22403 19780 10533 12435 10369 39675 18051 37721 22032 11870 14179 12261 15689 5519 2195 8999 12532
internal_count=110811 71136 58701 44522 24742 22403 19780 10533 12435 10369 39675 18051 37721 22032 11870 14179 12261 15689 5519 2195 8999 12532
is_linear=0
shrinkage=0.0351744


Tree=40
num_leaves=23
num_cat=0
split_feature=3 4 0 1 7 0 4 6 2 4 5 8 1 9 5 2 5 6 7 7 2 2
split_gain=5719.72 2943.83 2248.36 2084.06 1490.5 1400.78 1306.51 1493.9 1286.6 1233.33 1214.6 1129.98 1066.09 1014.15 769.872 752.031 737.284 694.183 688.685 684.142 674.781 631.971
threshold=-0.77804999999999991 0.0014670405244712503 -0.020892644623853946 -0.090969180459749138 0.015708656424266002 0.019454241742854452 0.094691000577307102 0.018617945739979751 0.019811914054329253 0.10525850206223876 0.030025241328595905 0.020104437055198456 -0.014339463034966648 -0.026797320517512397 0.14177564617113228 0.010983882846007752 0.0092518209822499507 -0.023597206382383145 -0.012270081549489598 0.10994557259447872 0.0024245489919414507 0.038097124121164054
decision_type=2 2 2 2 2 2 2 2 2 2 2 2 2 2 2 2 2 2 2 2 2 2
left_child=3 2 8 18 15 9 7 13 11 10 12 -2 17 -3 19 -4 -10 -5 -1 20 -6 -15
right_child=1 6 4 5 14 -7 -8 -9 16 -11 -12 -13 -14 21 -16 -17 -18 -19 -20 -21 -22 -23
leaf_value=0.016506413031218799 -0.032590692280622634 0.023922996794108191 0.002649608908731566 0.011067627755228555 -0.01290745029771489 -0.0023800547418084835 0.034959989795773291 -0.00052570973928992221 0.0088181546982770889 0.032488495437545263 -0.041752006976045315 -0.0046330293168114611 -0.035968116230952064 0.0052016631260015187 -0.062647687263036309 0.015931299988849006 -0.016762749901976192 -0.017693366980525968 -0.0072598892312182878 -0.049556612060147956 0.0049179918294258223 0.02152524346787716
leaf_weight=2609 5174 9023 11442 1351 5131 4001 2690 12182 3569 434 4938 2736 3334 12088 300 9791 2287 4476 3575 420 5383 3877
leaf_count=2609 5174 9023 11442 1351 5131 4001 2690 12182 3569 434 4938 2736 3334 12088 300 9791 2287 4476 3575 420 5383 3877
internal_value=-5.58658e-07 0.00428128 -0.00175778 -0.0149149 0.00329269 -0.0208146 0.0112863 0.00957243 -0.0136704 -0.0258884 -0.0276869 -0.0229228 -0.0201031 0.0144961 -0.00706764 0.00877495 -0.00116955 -0.0110221 0.00276448 -0.00554023 -0.00377959 0.00916696
internal_weight=110811 86093 46233 24718 32467 18534 39860 37170 13766 14533 14099 7910 9161 24988 11234 21233 5856 5827 6184 10934 10514 15965
internal_count=110811 86093 46233 24718 32467 18534 39860 37170 13766 14533 14099 7910 9161 24988 11234 21233 5856 5827 6184 10934 10514 15965
is_linear=0
shrinkage=0.0351744


Tree=41
num_leaves=23
num_cat=0
split_feature=3 2 9 1 0 7 7 5 0 9 6 8 4 5 6 4 2 8 3 8 8 6
split_gain=5366.05 2849.74 2043.69 1924.57 1845.95 1623.51 1547.17 1310.84 1270.86 1225.36 1214.02 1090.38 1150.34 884.858 1096.8 775.137 705.026 634.939 582.371 559.105 554.568 538.957
threshold=-0.36109999999999992 0.024977767250954155 -0.066321557817352286 -0.0109481708729846 -0.049754782208191746 -0.016222817541442249 0.037359979089867407 0.072173438591567066 -0.054463850725262143 -0.018953114610829897 0.0029370507776331502 0.034640660129495508 -0.045826648680994099 0.012416409094268251 -0.011850518647564949 0.11247527283319292 0.008581205561819202 0.0080869024093621015 0.74330000000000018 -0.053256780399129594 -0.048501395903668691 0.017695899737004656
decision_type=2 2 2 2 2 2 2 2 2 2 2 2 2 2 2 2 2 2 2 2 2 2
left_child=1 3 -2 5 21 -1 10 11 -5 -10 16 12 -7 -3 -15 -14 -6 -9 20 -12 -8 -4
right_child=2 13 4 8 6 7 18 17 9 -11 19 -13 15 14 -16 -17 -18 -19 -20 -21 -22 -23
leaf_value=0.0052263008919662202 0.021173684068298861 0.013495348047218634 -0.0066060006707090784 -0.047177759115353303 0.0086993188078679836 -0.043074797422434301 -0.038033439059817459 -0.062646001762136874 0.0029507045506461348 -0.028229508832163342 -0.015531397950434714 0.0091281334080231345 -0.013099841609009686 0.014117437273240475 -0.020543765531545764 0.049984099028733714 0.021671414628673103 -0.020520802052336293 0.0046932572891054394 0.004695337222537556 -0.008538854701109648 -0.028632069346286967
leaf_weight=7051 9869 7030 3684 2819 10687 1673 925 972 2154 5640 1874 2595 9500 1920 2742 247 10078 816 3708 17260 5372 2195
leaf_count=7051 9869 7030 3684 2819 10687 1673 925 972 2154 5640 1874 2595 9500 1920 2742 247 10078 816 3708 17260 5372 2195
internal_value=-5.44579e-07 -0.00933353 0.00641894 -0.0145563 0.00380821 -0.00880704 0.00600465 -0.0150695 -0.0269349 -0.0196103 0.0091062 -0.0114492 -0.0161265 0.00561469 -0.00626532 -0.0114987 0.0149961 -0.043434 -0.00636231 0.00271333 -0.012875 -0.0148331
internal_weight=110811 45159 65652 33467 55783 22854 49904 15803 10613 7794 39899 14015 11420 11692 4662 9747 20765 1788 10005 19134 6297 5879
internal_count=110811 45159 65652 33467 55783 22854 49904 15803 10613 7794 39899 14015 11420 11692 4662 9747 20765 1788 10005 19134 6297 5879
is_linear=0
shrinkage=0.0351744


Tree=42
num_leaves=23
num_cat=0
split_feature=3 2 0 6 8 9 5 6 0 3 7 1 5 5 7 1 0 1 5 8 9 6
split_gain=5090.29 3233.22 2529.07 2369.6 1768.48 1511.94 1082.99 1042.4 1112.94 979.06 925.613 861.832 931.435 851.643 788.156 777.823 739.595 732.455 696.458 625.447 622.874 613.086
threshold=0.42215000000000008 -0.046743107410934091 0.016914813614608951 -0.0012712450229963497 -0.021728682288152699 0.036269058284658255 -0.012176368934110999 -0.051338700243623546 0.035723368315361458 0.89800000000000013 -0.022326254118819847 0.036597395995265555 0.048715391090152209 0.072173438591567066 0.033552013067749707 0.0044119012768936506 0.029858113612524804 0.080261532039906172 0.052929717533569058 0.015563810792707451 -0.063437157008745235 -0.027465405324994197
decision_type=2 2 2 2 2 2 2 2 2 2 2 2 2 2 2 2 2 2 2 2 2 2
left_child=1 7 3 5 6 10 -5 20 19 11 -3 12 21 -12 -4 -6 -13 18 -7 -9 -1 -2
right_child=9 2 14 4 15 17 -8 8 -10 -11 13 16 -14 -15 -16 -17 -18 -19 -20 -21 -22 -23
leaf_value=0.03037757607981012 0.024995444589110197 0.021616250696039143 0.014017097462786766 -0.010362754715931757 -0.0030888029808631081 -0.001111595490418188 -0.039516067781746579 -0.037418557670178973 -0.0068679572208055406 0.020389918867829808 0.0059239776340341511 -0.011517510367606046 -0.0061659929146136569 -0.025494698084734577 -0.0051040476973220512 -0.022846370575151945 0.011196330346139994 -0.047125108924384089 -0.039492065090645422 -0.018167434302489807 -0.0097546438326292541 0.010129377875965207
leaf_weight=644 4434 4327 12736 2442 11052 2838 4458 5927 3327 8873 9044 4807 3518 1210 3372 3174 2810 757 737 3231 1860 15233
leaf_count=644 4434 4327 12736 2442 11052 2838 4458 5927 3327 8873 9044 4807 3518 1210 3372 3174 2810 757 737 3231 1860 15233
internal_value=-5.34631e-07 -0.00563083 -0.00175593 -0.00649121 -0.0145877 0.00255184 -0.0292012 -0.0201445 -0.0242986 0.010094 0.00797342 0.00712743 0.0105 0.00221452 0.0100133 -0.00749835 -0.00313587 -0.0156923 -0.00902998 -0.0306289 0.000561579 0.013482
internal_weight=110811 71136 56147 40039 21126 18913 6900 14989 12485 39675 14581 30802 23185 10254 16108 14226 7617 4332 3575 9158 2504 19667
internal_count=110811 71136 56147 40039 21126 18913 6900 14989 12485 39675 14581 30802 23185 10254 16108 14226 7617 4332 3575 9158 2504 19667
is_linear=0
shrinkage=0.0351744


Tree=43
num_leaves=23
num_cat=0
split_feature=3 4 0 1 2 2 3 5 4 4 7 2 1 8 0 6 7 6 8 8 2 0
split_gain=4872.04 2694.12 1868.85 1865.43 1487.56 1468.98 1427.55 1260.12 1043.98 1001.28 988.264 961.621 922.534 865.918 810.51 751.413 736.898 719.641 697.329 650.729 555.421 543.331
threshold=-0.77804999999999991 -0.004438293604274399 0.025260250773585752 -0.097962575394615142 -0.037683646759146046 0.031027711339089905 -0.93364999999999987 0.066330729236624017 0.094691000577307102 0.044624009550640609 0.038025008673170053 -0.036194883533769047 0.045355472178381158 -0.021318250563684596 -0.075025603548725089 -0.010476322565836398 0.082957297380862258 -0.0079855350936327476 0.019132831059834151 -0.04682881096063659 0.0014409928868787004 0.0097867021620765011
decision_type=2 2 2 2 2 2 2 2 2 2 2 2 2 2 2 2 2 2 2 2 2 2
left_child=3 2 4 -1 -2 8 -5 12 10 11 14 -8 15 -13 -3 -6 20 -16 -9 -17 -4 -15
right_child=1 5 16 6 7 -7 9 18 -10 -11 -12 13 -14 21 17 19 -18 -19 -20 -21 -22 -23
leaf_value=0.0046923754924620975 -0.025987322987582509 -0.022332129946222416 0.0029755598610803429 -0.033371873259438856 0.013106089556144248 0.019983501537404764 -0.032648783837946588 -0.038206264077032724 0.030863682254462912 0.009420702004208267 -0.0091376473223534534 -0.026632043263586962 -0.016055306958005829 -0.0097150536021240637 0.016227923649730948 -0.025633138376791556 -0.029976406480577492 0.0037515891988333413 0.0017405841364500783 0.00054998195287286834 0.017501857201224876 0.014170771391591706
leaf_weight=5316 4691 1094 7020 5836 5582 12728 3323 1910 1948 2155 5541 2655 4062 3706 9381 1358 605 14669 753 8671 6080 1727
leaf_count=5316 4691 1094 7020 5836 5582 12728 3323 1910 1948 2155 5541 2655 4062 3706 9381 1358 605 14669 753 8671 6080 1727
internal_value=-5.55057e-07 0.00395127 -0.00261476 -0.0137654 -0.00798027 0.0098476 -0.0188235 -0.00419753 0.00589366 -0.0125634 0.00430777 -0.0167167 -0.00112272 -0.0101683 0.00727145 0.00276183 0.00796506 0.00861891 -0.0269051 -0.00299411 0.00971894 -0.00211915
internal_weight=110811 86093 40732 24718 27027 45361 19402 22336 32633 13566 30685 11411 19673 8088 25144 15611 13705 24050 2663 10029 13100 5433
internal_count=110811 86093 40732 24718 27027 45361 19402 22336 32633 13566 30685 11411 19673 8088 25144 15611 13705 24050 2663 10029 13100 5433
is_linear=0
shrinkage=0.0351744


Tree=44
num_leaves=23
num_cat=0
split_feature=0 2 1 6 7 9 3 3 5 8 4 4 5 0 3 0 4 8 5 2 5 4
split_gain=4592.41 3067.72 2321.07 1890.07 1845.58 1256.9 1256.14 1197.87 1024.06 1015.53 905.898 791.106 780.609 763.436 686.416 678.564 649.686 634.235 600.887 663.672 593.832 574.962
threshold=-0.037504484479936144 0.0072183644249842012 0.03941418630084096 -0.035660706675738389 -0.0046980945101937994 -0.022079742524729499 -0.050699999999999988 -0.89559999999999984 0.06510446192675591 0.022594914638713503 0.0022027289066186002 0.0083761942283764029 0.057402110332118554 0.025260250773585752 -0.83144999999999991 0.050749467654455462 0.041971733065572205 0.027237708206947053 0.10523956644012887 -0.068029734234783937 0.026037217957580752 0.099553380021896107
decision_type=2 2 2 2 2 2 2 2 2 2 2 2 2 2 2 2 2 2 2 2 2 2
left_child=2 4 3 8 11 -3 9 -5 -1 16 12 15 -7 17 -4 -2 18 -14 19 -6 -9 -22
right_child=1 5 14 7 6 10 -8 20 -10 -11 -12 -13 13 -15 -16 -17 -18 -19 -20 -21 21 -23
leaf_value=0.018519882357590056 -0.0057722623605563489 0.018005538801229341 -0.051803762062051437 -0.034452649210387459 -0.045376738595055977 0.0037053422834817471 -0.00077246859307741802 -0.0029274474626236661 -0.03340786285104845 0.00020292769198824542 0.013073544835748361 0.013335369514033362 -0.043693206162975909 0.0061618217128159786 -0.025045977211600859 0.013172837791138545 0.001079264299606756 0.0082235299236016867 -0.067095623286142506 -0.018907498415921736 -0.027944756958128189 0.033084292491511319
leaf_weight=4061 8598 17102 1536 2736 1427 10487 12268 7158 531 3367 10823 8752 1305 1045 5238 3213 1285 374 414 6594 2289 208
leaf_count=4061 8598 17102 1536 2736 1427 10487 12268 7158 531 3367 10823 8752 1305 1045 5238 3213 1285 374 414 6594 2289 208
internal_value=-5.32009e-07 0.00374006 -0.013708 -0.00676292 -0.00250936 0.0107163 -0.00886016 -0.0139069 0.0125106 -0.0164403 0.00552876 0.00532063 -0.000651066 -0.0174279 -0.0311169 -0.000617022 -0.0222072 -0.0321191 -0.0257566 -0.0236195 -0.00808255 -0.0228525
internal_weight=110811 87054 23757 16983 45918 41136 25355 12391 4592 13087 24034 20563 13211 2724 6774 11811 9720 1679 8435 8021 9655 2497
internal_count=110811 87054 23757 16983 45918 41136 25355 12391 4592 13087 24034 20563 13211 2724 6774 11811 9720 1679 8435 8021 9655 2497
is_linear=0
shrinkage=0.0351744


Tree=45
num_leaves=23
num_cat=0
split_feature=3 2 9 7 5 6 1 0 3 0 6 0 7 6 6 0 1 5 2 4 8 4
split_gain=4389.1 2846.06 2568.26 2203.34 2094.05 1187.31 1183.88 1053.46 901.756 810.767 828.611 756.995 745.424 740.299 685.669 777.105 683.893 891.516 700.953 664.276 617.374 609.993
threshold=0.42215000000000008 -0.069640024415746085 -0.040382582018010045 -0.020891189558520849 0.029329672664128403 0.087025836628616765 0.025563501414801303 0.0046389072738198507 0.86590000000000011 0.071191168383034562 -0.10249040835926683 0.047246927038361856 0.043642722101187255 0.0058390374584374504 -0.045636471038364643 -0.029470645471271848 0.016521050577421304 0.048715391090152209 -0.031821152397015197 -0.018290733920946246 -0.00073596728356299993 0.084152524140046411
decision_type=2 2 2 2 2 2 2 2 2 2 2 2 2 2 2 2 2 2 2 2 2 2
left_child=1 9 11 5 6 14 13 20 16 10 -1 12 -3 -5 -4 -16 17 -2 -18 -15 21 -6
right_child=8 2 3 4 7 -7 -8 -9 -10 -11 -12 -13 -14 19 15 -17 18 -19 -20 -21 -22 -23
leaf_value=0.017682411480889195 0.012441547641789204 0.01086638599872445 0.024537113937660265 0.0055876747215681212 -0.046936695374231313 -0.038628916298660179 -0.021255896833138565 -0.010463729340754267 0.017218084854353527 0.0026327234656809435 -0.031712690829806801 0.029790661744488647 -0.011112981272021479 -0.022854282517914729 -0.010458987501920815 0.010045145949485279 -0.023759386022329149 -0.0084148510641901576 0.002367853598790463 -0.0024093774682974636 -0.022062897665466447 0.02983581135054374
leaf_weight=447 16625 10571 2408 9086 3205 726 4753 4050 12444 1187 6872 2075 2329 2798 3294 7476 1611 2991 6004 6621 3105 133
leaf_count=447 16625 10571 2408 9086 3205 726 4753 4050 12444 1187 6872 2075 2329 2798 3294 7476 1611 2991 6004 6621 3105 133
internal_value=-5.25233e-07 -0.00522869 -0.00263552 -0.00662859 -0.0114832 0.00515438 -0.00559725 -0.0245276 0.00937297 -0.0243199 -0.0286933 0.0100705 0.00689679 -0.00157428 0.0075682 0.00377236 0.00578722 0.00926052 -0.00315773 -0.00848478 -0.0333649 -0.0438715
internal_weight=110811 71136 62630 47655 33751 13904 23258 10493 39675 8506 7319 14975 12900 18505 13178 10770 27231 19616 7615 9419 6443 3338
internal_count=110811 71136 62630 47655 33751 13904 23258 10493 39675 8506 7319 14975 12900 18505 13178 10770 27231 19616 7615 9419 6443 3338
is_linear=0
shrinkage=0.0351744


Tree=46
num_leaves=23
num_cat=0
split_feature=2 0 6 0 5 9 6 8 5 1 3 4 8 9 0 7 5 1 2 4 2 8
split_gain=4189.37 2654.73 2298.25 1786.97 1730.65 1686.41 1520.62 1164.45 997.837 1191.08 919.767 1006.12 914.77 870.039 850.268 719.038 708.422 703.051 649.298 577.167 625.153 562.472
threshold=-0.027891336391990297 0.0087459754560187519 0.0013121196898274502 0.027559728137641602 0.033618389727050606 0.0005177657844908501 -0.04316919833518474 0.032709307130565655 0.02534889633907365 0.060896187002409612 -0.93124999999999991 0.017356602069816051 0.018669134717451654 -0.025704395309371849 -0.051600915397789743 0.058382160598445261 0.019438354217348606 -0.0011303825497638498 0.038712187538076655 0.0063959367305837008 0.014822430836596102 -0.057584775010464488
decision_type=2 2 2 2 2 2 2 2 2 2 2 2 2 2 2 2 2 2 2 2 2 2
left_child=3 2 5 6 14 19 16 10 9 -7 -8 -12 -6 -3 -4 21 17 -1 -16 20 -2 -15
right_child=1 13 4 -5 12 8 7 -9 -10 -11 11 -13 -14 15 18 -17 -18 -19 -20 -21 -22 -23
leaf_value=0.020652824571019707 -0.0028747026158808891 0.019219814967774893 -0.019973796218490117 0.0011812105896177052 -0.035247803777004427 0.010132637168775153 -0.051510520139105662 -0.004587921854499675 -0.020117798853906538 -0.028103945224524737 -0.031044908880402816 -0.009126589554880658 -0.0026259563346014113 -0.011182582337331558 -0.0049475681842329816 -0.012352922433732306 -0.020424597309627437 -0.022199518874739917 0.011200670310712322 0.022608474597704268 0.01711604075408946 0.011506777211928601
leaf_weight=2286 3502 12560 3248 9996 3935 5661 1617 3826 3334 1226 7175 4060 1459 1471 10219 2044 1196 597 4410 6096 4323 16570
leaf_count=2286 3502 12560 3248 9996 3935 5661 1617 3826 3334 1226 7175 4060 1459 1471 10219 2044 1196 597 4410 6096 4323 16570
internal_value=-5.11291e-07 0.00423822 -0.00107635 -0.0110355 -0.00896441 0.00652645 -0.0169195 -0.0216278 -0.00432178 0.00332297 -0.0266992 -0.023126 -0.0264275 0.0119575 -0.00369418 0.00741508 0.00232758 0.0117726 -7.83772e-05 0.0144925 0.00816739 0.00965576
internal_weight=110811 80058 47413 30753 23271 24142 20757 16678 10221 6887 12852 11235 5394 32645 17877 20085 4079 2883 14629 13921 7825 18041
internal_count=110811 80058 47413 30753 23271 24142 20757 16678 10221 6887 12852 11235 5394 32645 17877 20085 4079 2883 14629 13921 7825 18041
is_linear=0
shrinkage=0.0351744


Tree=47
num_leaves=23
num_cat=0
split_feature=3 4 2 1 0 8 4 9 2 4 5 6 7 0 5 5 6 0 7 0 9 3
split_gain=4025.27 2349.87 1788.48 1654.52 1502.63 1264.25 1225.03 1039.74 972.363 965.84 962.874 1061.74 951.435 1121.86 947.516 846.77 649.104 559.798 545.741 544.101 543.922 535.21
threshold=-0.78429999999999989 -0.031893002421384743 0.031567554202066909 -0.059107888248588737 0.0087459754560187519 0.021614743643419452 0.050612858482826158 -0.05975098773632119 -0.055655428992582141 0.076116961735840413 0.042955413539179511 -0.0083893198769363474 0.050150687741229556 -0.037504484479936144 0.020063640269672504 0.089060067168469773 0.013175628788399651 -0.0026064745856046998 0.099487548053832406 -0.063354224844603985 -0.03125499123685594 -0.17699999999999996
decision_type=2 2 2 2 2 2 2 2 2 2 2 2 2 2 2 2 2 2 2 2 2 2
left_child=3 5 4 8 6 12 10 -5 -1 14 11 -3 13 -2 19 16 -10 -18 -6 -9 -15 -22
right_child=1 2 -4 7 18 -7 -8 9 15 -11 -12 -13 -14 20 -16 -17 17 -19 -20 -21 21 -23
leaf_value=-0.025759003596298478 -0.030548934334354509 0.008070287680381932 0.015710744550098788 0.010324047251014245 0.010717819769177407 0.0062539039657556516 0.013346133551568195 -0.042601372154086839 0.013793648240767585 0.0098330749123463641 -0.022784741543919261 -0.0096739756466242086 -0.036002412099578995 0.0077125537796562333 -0.039004754298065339 -0.03096367605197891 -0.020422170581466143 0.0084547576028130653 -0.025638526310101481 -0.013970770958314276 -0.026316841747651021 -0.0030321579428618231
leaf_weight=1852 2438 6748 19271 1194 21258 5944 4820 966 4914 957 3632 10927 1942 3301 4696 862 1702 1621 523 5511 1766 3966
leaf_count=1852 2438 6748 19271 1194 21258 5944 4820 966 4914 957 3632 10927 1942 3301 4696 862 1702 1621 523 5511 1766 3966
internal_value=-5.33463e-07 0.00355002 0.00666152 -0.0126582 0.00302108 -0.00724764 -0.0026662 -0.0209835 -0.00252729 -0.0240667 -0.00628931 -0.00289858 -0.0132321 -0.00937529 -0.0269719 0.00219982 0.00567294 -0.00633093 0.00984389 -0.0182444 -0.00365824 -0.0102095
internal_weight=110811 86536 67179 24275 47908 19357 26127 13324 10951 12130 21307 17675 13413 11471 11173 9099 8237 3323 21781 6477 9033 5732
internal_count=110811 86536 67179 24275 47908 19357 26127 13324 10951 12130 21307 17675 13413 11471 11173 9099 8237 3323 21781 6477 9033 5732
is_linear=0
shrinkage=0.0351744


Tree=48
num_leaves=23
num_cat=0
split_feature=2 0 6 9 5 8 0 6 5 1 9 9 7 4 8 8 0 7 2 6 3 4
split_gain=3862 2838.13 2354.93 1711.06 1645.29 1222.52 1214.2 1180.48 999.009 1209.32 923.799 909.881 886.277 786.778 752.938 700.034 697.42 641.452 628.983 626.777 577.58 555.789
threshold=-0.045819074632108395 0.0087459754560187519 0.0013121196898274502 0.0005177657844908501 -0.018812783794462499 -0.068430956272074836 0.03643252794496251 -0.10249040835926683 0.02534889633907365 0.064256267873574413 -0.022554223766791549 -0.043474204523873045 0.051083644951331754 0.015493467388554 0.033317578416876957 0.019132831059834151 -0.071648425880399144 -0.037963569732888044 0.033912783975552953 0.014067609360347752 -0.050699999999999988 0.0063959367305837008
decision_type=2 2 2 2 2 2 2 2 2 2 2 2 2 2 2 2 2 2 2 2 2 2
left_child=6 2 3 18 -4 -6 7 -1 9 -5 -3 -7 19 14 -9 20 -15 -18 21 -12 -13 -2
right_child=1 10 4 8 5 11 -8 13 -10 -11 12 15 -14 16 -16 -17 17 -19 -20 -21 -22 -23
leaf_value=0.022174254917787978 0.0010811380040536504 0.017313012691215726 0.0021424782372514257 0.0085991594045037693 -0.049099754944466882 0.0019126222238454267 -0.0004709015080718149 -0.034761679729899721 -0.019888203778963914 -0.028134796809730047 0.013715109852442941 -0.031579457269214878 -0.012455007152926112 -0.039997573875487705 -0.010231208730974571 -0.0050462816721347633 0.017582488246969764 -0.013361402310516749 0.023707332583691166 0.00072077828000574314 -0.01277829916633921 0.016807639239038403
leaf_weight=796 6150 14987 9420 6309 1292 3634 5898 6212 3816 1345 11866 4865 2809 869 2065 3521 1111 3259 4546 7497 3466 5078
leaf_count=796 6150 14987 9420 6309 1292 3634 5898 6212 3816 1345 11866 4865 2809 869 2065 3521 1111 3259 4546 7497 3466 5078
internal_value=-5.36873e-07 0.00310072 -0.00209021 0.00514995 -0.00962006 -0.0162251 -0.0139042 -0.0194388 -0.00518642 0.00214144 0.0105667 -0.0134808 0.00600579 -0.021891 -0.028644 -0.018202 -0.0112183 -0.00549026 0.012667 0.00868485 -0.0237599 0.00819526
internal_weight=110811 90601 53442 27244 26198 16778 20210 14312 11470 7654 37159 15486 22172 13516 8277 11852 5239 4370 15774 19363 8331 11228
internal_count=110811 90601 53442 27244 26198 16778 20210 14312 11470 7654 37159 15486 22172 13516 8277 11852 5239 4370 15774 19363 8331 11228
is_linear=0
shrinkage=0.0351744


Tree=49
num_leaves=23
num_cat=0
split_feature=0 2 1 7 6 8 3 3 7 5 5 6 4 4 6 4 3 4 2 9 5 8
split_gain=3677.62 2437.16 1920.13 1606.29 1556.65 1180.83 1177.92 1002.17 1001.65 925.078 876.362 825.04 675.985 652.248 624.562 575.12 637.211 533.347 540.039 505.548 487.818 631.461
threshold=-0.037504484479936144 0.0072183644249842012 0.03941418630084096 -0.012270081549489598 -0.035660706675738389 0.022594914638713503 -0.27239999999999992 -0.89559999999999984 0.011750007044492103 0.089060067168469773 0.06510446192675591 0.013608792607664353 -0.040953029330111239 0.090825141032628023 0.053133446371368909 0.064148750514127967 -0.82694999999999985 0.055485662395232255 -0.081646643084545792 -0.0048954986917168998 -0.016768184129348447 -0.060073361071693095
decision_type=2 2 2 2 2 2 2 2 2 2 2 2 2 2 2 2 2 2 2 2 2 2
left_child=2 3 4 14 10 6 12 -6 11 13 -1 -3 -5 -10 19 16 -4 18 -8 -2 -9 -22
right_child=1 8 15 5 7 -7 17 20 9 -11 -12 -13 -14 -15 -16 -17 -18 -19 -20 -21 21 -23
leaf_value=0.017100132491643993 0.015512051614742787 0.019181043801969937 -0.052866047093446847 -0.041084104954953946 -0.031226243039546828 0.0051976967508262223 -0.032623019983360119 0.0021660430626365243 0.003656619199420352 -0.024199675077285696 -0.030936544460723834 0.0060939140692412635 -0.016282539569481749 0.037114057591366309 -0.010204137132832931 0.0048410203512863712 -0.025361613849634035 0.018663546958369095 -0.0040939676671918595 0.0024253143716377475 -0.047752225042937031 -0.0097197652291426406
leaf_weight=4061 7434 15039 1330 1638 2736 7083 894 4063 14022 1435 531 9880 8040 760 2421 597 4847 1159 10063 7186 606 4986
leaf_count=4061 7434 15039 1330 1638 2736 7083 894 4063 14022 1435 531 9880 8040 760 2421 597 4847 1159 10063 7186 606 4986
internal_value=-5.24847e-07 0.00334683 -0.012267 -0.00222337 -0.00595011 -0.00727744 -0.0113326 -0.0124335 0.00956494 0.00275979 0.0115408 0.0139929 -0.0204825 0.00537831 0.00634006 -0.0281011 -0.0312877 -0.00402227 -0.00642367 0.00908092 -0.00710594 -0.0138456
internal_weight=110811 87054 23757 45918 16983 28877 21794 12391 41136 16217 4592 24919 9678 14782 17041 6774 6177 12116 10957 14620 9655 5592
internal_count=110811 87054 23757 45918 16983 28877 21794 12391 41136 16217 4592 24919 9678 14782 17041 6774 6177 12116 10957 14620 9655 5592
is_linear=0
shrinkage=0.0351744


Tree=50
num_leaves=23
num_cat=0
split_feature=3 9 4 2 0 8 5 1 4 6 3 1 1 4 6 7 7 3 4 0 3 5
split_gain=3550.28 2379.94 2301.69 1956.08 1636.72 1378.95 1026.56 971.763 885.868 817.227 807.967 784.954 784.62 673.191 761.099 713.922 611.213 574.254 539.119 525.094 518.088 515.341
threshold=0.42215000000000008 -0.060666941076508739 -0.032435441913664896 0.032134417775220005 -0.0040078979668783489 -0.012127326205941797 -0.010196716959634597 -0.0080622643473773469 0.084152524140046411 0.041553637582559505 0.89800000000000013 0.048370956058493307 -0.11350959996507208 0.05287311430924841 0.025861484302828603 0.0088507637863274018 0.036105039451948706 -0.91349999999999987 0.026968857824992153 -0.073312548877460929 -0.94714999999999994 0.072173438591567066
decision_type=2 2 2 2 2 2 2 2 2 2 2 2 2 2 2 2 2 2 2 2 2 2
left_child=1 20 5 4 6 12 11 21 17 16 13 -4 -3 14 15 -2 -5 -8 -9 -16 -1 -6
right_child=10 2 3 9 7 -7 8 18 -10 -11 -12 -13 -14 -15 19 -17 -18 -19 -20 -21 -22 -23
leaf_value=-0.033813139548247079 0.013321172315820759 0.0020842439363374021 0.0012036605953764667 0.018583833443142402 0.0081062087775402823 -0.010518482551497453 -0.03695148820666655 -0.021076996628261034 0.012645585136686685 -0.01316680068391082 0.017782935946667959 -0.027312542049442147 -0.038365821575005059 0.020603982815094703 -0.043566483757139042 -7.1339917854266728e-05 -0.0044338510795191464 -0.018707993510978013 0.001792116447259748 -0.0033890300415813117 0.013459029576443843 -0.014533490285943702
leaf_weight=296 11294 674 6250 7116 11315 7712 2856 3294 916 1623 8873 1476 4907 3357 427 8728 1784 8492 2079 6996 8949 1397
leaf_count=296 11294 674 6250 7116 11315 7712 2856 3294 916 1623 8873 1476 4907 3357 427 8728 1784 8492 2079 6996 8949 1397
internal_value=-5.16534e-07 -0.00470264 -0.0071894 -0.00364132 -0.00735145 -0.0201594 -0.014288 0.000314943 -0.020615 0.00978126 0.0084298 -0.00424248 -0.0334779 0.00573487 0.0039154 0.00748232 0.0139681 -0.0233013 -0.0122253 -0.00570335 0.0119431 0.00561673
internal_weight=110811 71136 61891 48598 38075 13293 19990 18085 12264 10523 39675 7726 5581 30802 27445 20022 8900 11348 5373 7423 9245 12712
internal_count=110811 71136 61891 48598 38075 13293 19990 18085 12264 10523 39675 7726 5581 30802 27445 20022 8900 11348 5373 7423 9245 12712
is_linear=0
shrinkage=0.0351744


Tree=51
num_leaves=23
num_cat=0
split_feature=2 0 6 5 8 9 7 3 1 3 1 3 1 0 1 5 4 1 3 7 5 7
split_gain=3392.88 2499.04 2366.05 2040.42 1804.35 1711.46 1115.61 964.669 855.49 827.807 784.672 759.275 732.236 697.188 675.78 653.724 589.747 579.744 570.003 561.971 550.831 527.167
threshold=-0.045819074632108395 0.033166434836737306 -0.014172031042892748 -0.013196052642705647 -0.034439889161582297 0.036269058284658255 -0.037963569732888044 -0.78429999999999989 0.027897564576369851 -0.93924999999999992 0.020873159494971753 -0.050699999999999988 0.096473599710589761 -0.075025603548725089 -0.027230076655978343 0.070765473541924112 0.094691000577307102 0.0027752352565235503 0.7652000000000001 -0.023843153447439449 -0.015687330121158246 0.078565514943708517
decision_type=2 2 2 2 2 2 2 2 2 2 2 2 2 2 2 2 2 2 2 2 2 2
left_child=6 2 5 12 11 10 13 -8 20 17 15 -5 16 -1 -11 -2 -4 -6 -16 -12 -9 -3
right_child=1 21 3 4 9 -7 7 8 -10 14 19 -13 -14 -15 18 -17 -18 -19 -20 -21 -22 -23
leaf_value=-0.0305788301441044 0.019861833863622794 0.015292845731958014 0.0051782153322830742 -0.039038845793031775 -0.019346064482853052 -0.0094601167095910571 -0.030573318107700382 0.0041889685336037059 -0.026806822366595585 0.0014970517328416811 0.015678521220908237 -0.014229333742705389 -0.017269472739005764 0.0091514944048026112 -0.016686635732345027 -0.0033930571505977015 0.039465042166320033 -0.070578966893768691 0.0046143198896966362 -0.010104619965104707 -0.014310524348259504 -0.008364053530994911
leaf_weight=645 13282 18896 15858 3347 1352 5114 4747 3822 3272 11363 1750 2811 1772 3569 6502 1684 646 343 2041 2599 4155 1241
leaf_count=645 13282 18896 15858 3347 1352 5114 4747 3822 3272 11363 1750 2811 1772 3569 6502 1684 646 343 2041 2599 4155 1241
internal_value=-5.17071e-07 0.00290628 -0.000216412 -0.00491194 -0.0109208 0.00863133 -0.0130324 -0.0172742 -0.0116602 -0.00613155 0.0134223 -0.0277172 0.00421388 0.00306542 -0.00412114 0.017244 0.00652166 -0.0297292 -0.0115957 0.000266671 -0.00544492 0.013834
internal_weight=110811 90601 70464 46035 27759 24429 20210 15996 11249 21601 19315 6158 18276 4214 19906 14966 16504 1695 8543 4349 7977 20137
internal_count=110811 90601 70464 46035 27759 24429 20210 15996 11249 21601 19315 6158 18276 4214 19906 14966 16504 1695 8543 4349 7977 20137
is_linear=0
shrinkage=0.0351744


Tree=52
num_leaves=23
num_cat=0
split_feature=0 1 5 7 5 6 6 2 8 9 3 4 4 2 2 6 1 3 2 6 8 4
split_gain=3219.32 2185.29 1894.82 1661.33 1089.5 1043.03 1026.82 1006.61 965.078 990.951 913.957 814.896 806.025 762.439 677.544 670.915 654.615 704.967 581.035 579.279 571.098 554.057
threshold=-0.014187407861517148 0.03941418630084096 -0.00099775140616724964 0.0083995960139113517 0.10523956644012887 -0.038442397776089141 0.014067609360347752 -0.044922168986462195 -0.058757165160958892 -0.041524953795783547 -0.83144999999999991 0.055485662395232255 -0.069433627047456745 -0.0054274964605963991 0.031567554202066909 0.012003738039035051 -0.030905040091320547 0.31885000000000002 -0.065416308036392742 -0.026308087242391746 0.032709307130565655 0.090825141032628023
decision_type=2 2 2 2 2 2 2 2 2 2 2 2 2 2 2 2 2 2 2 2 2 2
left_child=1 2 5 6 7 -1 18 20 15 -10 -3 16 -7 -11 -14 -4 -9 -18 -2 -15 -5 -12
right_child=3 10 8 4 -6 12 -8 11 9 13 21 -13 14 19 -16 -17 17 -19 -20 -21 -22 -23
leaf_value=0.020617953165455324 -0.0015387173386284959 -0.041981936305532194 -0.016052288891812733 -0.021139588460319953 -0.029902312186562356 -0.034247621138957296 0.0024783196576231297 0.0069279151029529489 0.0074379449365440456 -0.025310345789633381 -0.017815681624691722 0.023544355445698457 -0.0033905178728212246 0.014458392195228905 0.014037517348425843 -0.059638339063359289 -0.016217518005775089 0.0033064142789910149 0.015933719309859668 -0.012308426478111412 0.0069966511994968665 0.038362636563430301
leaf_weight=3988 2647 2168 922 3752 1607 794 16019 10414 3381 4496 7919 2184 8462 1330 4095 833 4354 4820 21203 4030 1170 223
leaf_count=3988 2647 2168 922 3752 1607 794 16019 10414 3381 4496 7919 2184 8462 1330 4095 833 4354 4820 21203 4030 1170 223
internal_value=-5.30221e-07 -0.00758121 -0.00308393 0.00474102 -0.00177589 0.00483344 0.00936746 -8.18606e-05 -0.0122418 -0.00899036 -0.0216823 0.00316521 0.000117094 -0.0146276 0.00229178 -0.0367533 0.000891976 -0.005958 0.0139938 -0.00566332 -0.014448 -0.0162742
internal_weight=110811 42641 32331 68170 28301 17339 39869 26694 14992 13237 10310 21772 13351 9856 12557 1755 19588 9174 23850 5360 4922 8142
internal_count=110811 42641 32331 68170 28301 17339 39869 26694 14992 13237 10310 21772 13351 9856 12557 1755 19588 9174 23850 5360 4922 8142
is_linear=0
shrinkage=0.0351744


Tree=53
num_leaves=23
num_cat=0
split_feature=2 3 1 9 4 2 7 8 5 5 4 4 0 6 1 8 7 6 5 2 6 6
split_gain=3103.87 2343.71 1613.87 1190.03 1120.91 1077.36 1053.23 1023.52 1014.69 959.1 954.917 807.421 746.006 615.12 614.998 784.009 569.062 553.161 659.342 538.583 510.276 509.944
threshold=0.017299062331333753 -0.72664999999999991 0.025563501414801303 -0.018953114610829897 0.048580650556495859 -0.099494634212686825 -0.024332555525317694 0.023088422292553753 0.062265569953762659 0.035957093045195308 -0.032435441913664896 0.023204656285503503 -0.018889827030510797 0.025861484302828603 -0.014339463034966648 0.034640660129495508 0.04147810879812331 0.019625006048229605 0.0028962160750008507 -0.071257799742404079 0.066715642366728958 -0.017917649583897449
decision_type=2 2 2 2 2 2 2 2 2 2 2 2 2 2 2 2 2 2 2 2 2 2
left_child=1 5 4 17 7 -1 20 8 12 14 -5 19 21 -14 15 -8 -12 -2 -19 -4 -7 -3
right_child=3 2 11 10 -6 6 9 -9 -10 -11 16 -13 13 -15 -16 -17 -18 18 -20 -21 -22 -23
leaf_value=-0.041499741536696499 0.019188749308565827 0.0018100398908643001 -0.036833398743390172 -0.010716452857393198 0.018996179405050606 0.0060534824656746679 -0.011036745677401356 0.011648355756537492 -0.025720881405074645 -0.031629920737125207 0.0090825592890182976 0.0013576091784753309 0.0067674945085165151 -0.0088803376112027328 -0.025840247877643149 0.020528520930819211 -0.0065655504334724149 0.015496760750225233 -0.0071010512037060075 -0.013790931862401011 -0.03194097623348361 -0.020540588251139223
leaf_weight=1708 11203 2037 1579 5319 4775 4196 5715 8034 2180 4033 15363 3765 12959 4088 2565 1173 3536 3954 2679 6144 488 3318
leaf_count=1708 11203 2037 1579 5319 4775 4196 5715 8034 2180 4033 15363 3765 12959 4088 2565 1173 3536 3954 2679 6144 488 3318
internal_value=-5.18097e-07 -0.00460463 -0.000462886 0.00752666 0.0030795 -0.0147881 -0.0122759 0.000748694 -0.00281296 -0.0172668 0.00244792 -0.0119939 -0.000582813 0.003014 -0.0111368 -0.00565853 0.00615389 0.0144216 0.00636728 -0.0185049 0.00209052 -0.0120357
internal_weight=110811 68757 48879 42054 37391 19878 18170 32616 24582 13486 24218 11488 22402 17047 9453 6888 18899 17836 6633 7723 4684 5355
internal_count=110811 68757 48879 42054 37391 19878 18170 32616 24582 13486 24218 11488 22402 17047 9453 6888 18899 17836 6633 7723 4684 5355
is_linear=0
shrinkage=0.0351744


Tree=54
num_leaves=23
num_cat=0
split_feature=3 7 3 6 0 8 0 9 4 3 2 6 1 6 5 1 1 2 1 8 2 5
split_gain=2979.61 2133.8 1500.27 1320.29 1194.99 1151.92 876.186 986.109 850.669 733.077 642.146 622.112 594.633 548.956 554.532 528.06 494.505 556.286 470.594 423.846 423.185 421.358
threshold=0.42215000000000008 -0.0023737218490033495 -0.89559999999999984 -0.052352556624121742 -0.036885088530505795 -0.028476347625834748 -0.057564189976198041 -0.04215061278612129 -0.017431511526370447 0.86590000000000011 -0.057991675606111494 0.063620690072318756 -0.0099880315589697486 -0.030563806785535896 0.012416409094268251 0.03941418630084096 -0.028504986156112896 0.015314151779415251 0.080261532039906172 -0.064143912206451381 -0.064138842112450675 1.0000000180025095e-35
decision_type=2 2 2 2 2 2 2 2 2 2 2 2 2 2 2 2 2 2 2 2 2 2
left_child=1 3 12 -1 15 8 -7 -8 -4 13 -6 19 -3 -2 18 21 17 -9 -15 -12 -20 -5
right_child=9 2 5 4 10 6 7 16 -10 -11 11 -13 -14 14 -16 -17 -18 -19 20 -21 -22 -23
leaf_value=0.01915842941703336 0.01350536516596337 -0.019103902975631082 -0.032439551375593241 0.0027521406234789275 -0.011333387589313907 -0.02083743166677857 0.014153746760102941 -0.005618851725620524 -0.0089451053052327385 0.014795977321490222 -0.017144629403785586 -0.012536274544741545 -0.04329963316830443 0.008743554758188157 -0.0061188158584430741 -0.027008289133604733 -0.011989168718976408 0.012689818024771432 -0.046688621029264743 0.0092240014472141918 -0.002680559708829822 -0.018987270398369244
leaf_weight=4818 6394 5047 3172 2597 3186 2896 4597 5790 4787 12444 791 2052 1676 11447 7266 2362 6292 3181 318 15976 1806 1916
leaf_count=4818 6394 5047 3172 2597 3186 2896 4597 5790 4787 12444 791 2052 1676 11447 7266 2362 6292 3181 318 15976 1806 1916
internal_value=-5.18839e-07 -0.0043082 -0.010088 0.00211255 -0.000730703 -0.00679285 -0.00276343 -0.000126876 -0.0183112 0.00772259 0.00326803 0.00574097 -0.0251391 0.00448951 0.00172204 -0.0135317 -0.00442919 0.000871425 0.00592134 0.00797889 -0.00928027 -0.00647403
internal_weight=110811 71136 37438 33698 28880 30715 22756 19860 7959 39675 22005 18819 6723 27231 20837 6875 15263 8971 13571 16767 2124 4513
internal_count=110811 71136 37438 33698 28880 30715 22756 19860 7959 39675 22005 18819 6723 27231 20837 6875 15263 8971 13571 16767 2124 4513
is_linear=0
shrinkage=0.0351744


Tree=55
num_leaves=23
num_cat=0
split_feature=9 0 7 5 2 6 2 6 8 0 1 3 5 8 8 2 3 1 8 3 4 6
split_gain=2836.32 2948.73 2033.15 1306.64 1194.13 1136.8 987.309 852.234 834.139 670.928 791.634 649.953 637.143 618.558 585.023 548.533 536.314 508.28 496.11 553.543 496.106 496.792
threshold=-0.063437157008745235 -0.037504484479936144 -0.011851749162440698 0.099374248208709659 -0.068029734234783937 0.0045911742205492507 -0.050582545528229592 0.042243451051296461 -0.050403264128118096 0.033166434836737306 0.025563501414801303 -0.88839999999999986 0.060968070880206053 0.032045198404165955 0.025614083537941906 0.008581205561819202 -0.94714999999999994 0.067498221690603308 0.0080869024093621015 0.81280000000000008 0.05287311430924841 0.024910252300967054
decision_type=2 2 2 2 2 2 2 2 2 2 2 2 2 2 2 2 2 2 2 2 2 2
left_child=16 5 7 4 13 6 -2 15 -6 10 -10 -7 17 -4 -13 -3 -1 -8 19 -5 21 -18
right_child=1 2 3 18 8 11 12 -9 9 -11 -12 14 -14 -15 -16 -17 20 -19 -20 -21 -22 -23
leaf_value=-0.036094759869086723 -0.02913660382406924 0.0066201091928630908 -0.027891033733439628 -0.045910395227542963 -0.014264401065244117 -0.040520547393969597 0.0064105427654798383 -0.0039622667592600462 0.0016142201252539999 0.010002515277180562 -0.01474822239616691 -0.024702908633671715 -0.021999582295722395 0.0040058839839928377 -0.0029936672761015932 0.017725376294667677 0.017023581065078078 -0.018379945194056425 -0.0066983551528030866 0.00083663380373181595 0.029742637483042129 0.0021872343422024991
leaf_weight=259 1966 12274 3071 1549 4547 2065 6474 5408 22168 9054 4381 5096 1585 995 2201 9986 8532 1215 1080 392 2358 4155
leaf_count=259 1966 12274 3071 1549 4547 2065 6474 5408 22168 9054 4381 5096 1585 995 2201 9986 8532 1215 1080 392 2358 4155
internal_value=-5.42165e-07 -0.00225337 0.000987782 -0.00344707 -0.00191747 -0.0140383 -0.00649534 0.00855988 -7.74997e-05 0.00173396 -0.00108529 -0.0230924 -0.00169338 -0.0200815 -0.0181572 0.0116029 0.0140574 0.00249073 -0.0258278 -0.0364616 0.0149222 0.0121661
internal_weight=110811 95507 74905 47237 44216 20602 11240 27668 40150 35603 26549 9362 9274 4066 7297 22260 15304 7689 3021 1941 15045 12687
internal_count=110811 95507 74905 47237 44216 20602 11240 27668 40150 35603 26549 9362 9274 4066 7297 22260 15304 7689 3021 1941 15045 12687
is_linear=0
shrinkage=0.0351744


Tree=56
num_leaves=23
num_cat=0
split_feature=2 3 1 2 0 4 5 6 5 4 7 1 1 4 6 5 0 9 0 5 0 0
split_gain=2749.41 2261.15 1393.38 1084.16 1137.22 1062.92 984.091 919.396 977.561 915.41 860.682 883.312 808.632 721.474 692.693 682.431 559.656 538.767 485.341 483.632 478.262 475.444
threshold=0.024416497966174552 -0.62474999999999992 0.012719415840708201 -0.099494634212686825 0.04157052901458911 0.05287311430924841 0.058519025415882359 0.014067609360347752 0.0028962160750008507 0.10525850206223876 0.024195610504655702 -0.021189410923942498 0.016521050577421304 0.010300312543470651 0.012769836739831801 0.091448979704867608 -0.0026064745856046998 0.031334909680231157 -0.0026064745856046998 0.091448979704867608 -0.051600915397789743 0.028729666194142203
decision_type=2 2 2 2 2 2 2 2 2 2 2 2 2 2 2 2 2 2 2 2 2 2
left_child=1 3 5 -1 9 6 14 12 -9 10 11 15 19 -4 18 -5 -8 -13 -3 -2 -10 -14
right_child=7 2 13 4 -6 -7 16 8 20 -11 -12 17 21 -15 -16 -17 -18 -19 -20 -21 -22 -23
leaf_value=-0.036998217363344826 0.019503694058321187 0.001567628686565877 -0.016654403648570144 -0.0011186803708038164 0.0099193057240612673 0.021084851752803009 -0.036680389496921095 0.0090025798383224914 -0.035525141932353795 0.035127752172712218 -0.026345129792787775 -0.01455503771890547 -0.0040481131457253943 0.00029987032993326266 -0.0031731872462985441 -0.039518363412768688 -0.0063342990787116161 -0.040171946496974087 0.01304198816381731 -0.0017794027153901922 -0.0059920551364268208 0.013786598533514008
leaf_weight=2035 12984 7986 7348 8881 3018 4020 1079 7899 781 473 5405 3551 4547 5375 10495 612 2486 1425 10645 1469 5181 3116
leaf_count=2035 12984 7986 7348 8881 3018 4020 1079 7899 781 473 5405 3551 4547 5375 10495 612 2486 1425 10645 1469 5181 3116
internal_value=-5.43613e-07 -0.00384234 0.000540083 -0.0123721 -0.0102263 0.00401693 0.00191748 0.00799011 0.000886132 -0.0132153 -0.014367 -0.00989109 0.0124417 -0.00949063 0.00405307 -0.00359664 -0.0155249 -0.0218955 0.00812456 0.0173393 -0.00986444 0.00320197
internal_weight=110811 74834 49434 25400 23365 36711 32691 35977 13861 20347 19874 14469 22116 12723 29126 9493 3565 4976 18631 14453 5962 7663
internal_count=110811 74834 49434 25400 23365 36711 32691 35977 13861 20347 19874 14469 22116 12723 29126 9493 3565 4976 18631 14453 5962 7663
is_linear=0
shrinkage=0.0351744


Tree=57
num_leaves=23
num_cat=0
split_feature=9 0 7 5 1 2 9 2 2 5 6 8 4 1 8 7 4 4 4 0 1 6
split_gain=2626.75 2369.06 1642.55 1071.62 882.47 855.339 819.097 983.347 722.158 733.069 716.655 671.367 661.414 633.539 568.213 524.717 505.399 489.941 467.194 482.632 491.159 463.877
threshold=-0.036328493634105598 -0.037504484479936144 -0.011851749162440698 0.099374248208709659 -0.11939589641391414 -0.0049417004250916991 -0.10448051949505939 -0.096374697003733731 -0.083548118816796441 0.030025241328595905 0.019625006048229605 0.042236315503186808 -0.018290733920946246 0.15896989621037003 -0.036788388626740991 0.038723488345155307 0.059325650782122909 -0.025615522900114797 0.0091389964893789522 0.025260250773585752 -0.0080622643473773469 -0.010055251518410798
decision_type=2 2 2 2 2 2 2 2 2 2 2 2 2 2 2 2 2 2 2 2 2 2
left_child=6 4 12 5 -2 11 -1 -8 -6 16 15 17 -3 -11 -12 -9 21 -4 19 20 -7 -10
right_child=1 2 3 -5 8 18 7 10 9 13 14 -13 -14 -15 -16 -17 -18 -19 -20 -21 -22 -23
leaf_value=0.023477875164716722 0.0085955297361247299 -0.0021577798518431033 -0.022565921717090844 -0.025782298935542024 -0.041034881280579992 -0.0013792294546503977 -0.025548307952571566 0.014911893967408413 -0.0017968506430137601 -0.032108912969490401 -0.016639355921467085 0.0085535915961073294 0.011057164044644269 0.0053270795930744309 0.0043696930147016913 -0.00040609462289608461 0.017189022619396151 -0.007856375744374252 0.0089194770181420368 0.0082017809787170749 -0.01953510230585882 -0.018938730296088911
leaf_weight=3934 1729 6600 3883 2765 1507 6199 1147 14161 3248 3937 2011 2301 16141 651 7656 3436 799 10083 7284 3806 2625 4908
leaf_count=3934 1729 6600 3883 2765 1507 6199 1147 14161 3248 3937 2011 2301 16141 651 7656 3436 799 10083 7284 3806 2625 4908
internal_value=-5.53191e-07 -0.00347773 -0.000289864 -0.00467606 -0.0151966 -0.00306253 0.00843421 0.00635045 -0.0179311 -0.0153585 0.00769319 -0.00904651 0.00722114 -0.0267934 0 0.01192 -0.00949776 -0.0119475 0.00182477 -0.00226566 -0.00678246 -0.0121145
internal_weight=110811 78466 61687 38946 16779 36181 32345 28411 15050 13543 27264 16267 22741 4588 9667 17597 8955 13966 19914 12630 8824 8156
internal_count=110811 78466 61687 38946 16779 36181 32345 28411 15050 13543 27264 16267 22741 4588 9667 17597 8955 13966 19914 12630 8824 8156
is_linear=0
shrinkage=0.0351744


Tree=58
num_leaves=23
num_cat=0
split_feature=3 9 4 8 2 0 1 5 5 4 1 0 2 6 1 3 6 5 3 1 8 7
split_gain=2553.75 2031.67 2111.2 1664.94 1441.56 1222.77 1125.62 1025.92 815.757 890.357 876.153 655.217 633.126 575.758 546.234 504.965 464.557 455.248 439.52 439.061 438.413 429.665
threshold=0.63705000000000012 -0.068292372760330025 -0.018290733920946246 -0.004096006263089349 0.032134417775220005 -0.0040078979668783489 -0.10808640908723294 0.020706746912483105 -0.0024308957916794999 0.084152524140046411 0.048370956058493307 0.025841001827096002 -0.068029734234783937 0.041553637582559505 0.023233723475790755 0.91525000000000012 -0.018462992384700547 0.13480056399582926 -0.9020999999999999 0.033502415493766806 0.046526429892714903 0.027835511542855254
decision_type=2 2 2 2 2 2 2 2 2 2 2 2 2 2 2 2 2 2 2 2 2 2
left_child=1 -1 3 6 5 8 -3 12 10 18 -4 19 -8 21 17 16 -2 -7 -10 20 -5 -6
right_child=15 2 4 11 13 14 7 -9 9 -11 -12 -13 -14 -15 -16 -17 -18 -19 -20 -21 -22 -23
leaf_value=0.012907426826374028 0.013548007027549713 0.0045284349593223113 0.0029774732820811983 -0.010114143577544156 0.018575884685236153 0.0066441895663718496 -0.044725359228276321 -0.042782482519913456 -0.032884084844410293 0.014673130849120853 -0.025256304865628423 0.0088298918554402476 -0.014859150473595834 -0.0089253127093611388 -0.0086990724703185727 0.01712701442452743 0.0028344071824161657 -0.040950253149513414 -0.015680654010966358 -0.022806009406175522 0.010971455812580575 0.0010517118843430856
leaf_weight=8609 7382 1594 7185 4897 6642 13691 1034 3480 2473 1006 1677 3320 5857 1594 4193 6909 15585 253 7185 2277 1624 2344
leaf_count=8609 7382 1594 7185 4897 6642 13691 1034 3480 2473 1006 1677 3320 5857 1594 4193 6909 15585 253 7185 2277 1624 2344
internal_value=-5.4975e-07 -0.00324497 -0.00516786 -0.0136735 -0.000921449 -0.0041444 -0.0229812 -0.0272109 -0.0102528 -0.016807 -0.00236384 -0.00448178 -0.019344 0.01055 0.0024309 0.00878811 0.00627874 0.00577897 -0.0200879 -0.00950701 -0.00486026 0.0140067
internal_weight=110811 80935 72326 24083 48243 37663 11965 10371 19526 10664 8862 12118 6891 10580 18137 29876 22967 13944 9658 8798 6521 8986
internal_count=110811 80935 72326 24083 48243 37663 11965 10371 19526 10664 8862 12118 6891 10580 18137 29876 22967 13944 9658 8798 6521 8986
is_linear=0
shrinkage=0.0351744


Tree=59
num_leaves=23
num_cat=0
split_feature=2 9 0 6 6 8 0 0 4 8 5 4 4 8 1 3 7 2 7 5 7 6
split_gain=2452.24 1668.42 1248.79 1159.29 1089.65 1089.48 1079.42 1035.1 889.238 845.402 865.347 747.251 735.503 629.824 627.21 604.329 561.855 551.195 542.858 532.929 490.184 432.79
threshold=-0.027891336391990297 0.0032962987332410005 0.047246927038361856 -0.018462992384700547 -0.050199045317447295 0.03603499465970026 -0.029470645471271848 0.035052049108563757 0.094691000577307102 0.0072789399304279507 -0.0062612821356127493 -0.0040519328970489996 -0.032435441913664896 -0.062774183508371592 0.03941418630084096 -0.93124999999999991 0.082957297380862258 -0.10611799478017864 0.064538379485212419 0.015307926922273151 0.0092691669400615517 -0.035660706675738389
decision_type=2 2 2 2 2 2 2 2 2 2 2 2 2 2 2 2 2 2 2 2 2 2
left_child=2 3 4 18 19 11 14 8 9 10 -5 -6 -8 -12 21 -13 -4 -7 -2 -1 -14 -3
right_child=1 6 16 7 5 17 12 -9 -10 -11 13 15 20 -15 -16 -17 -18 -19 -20 -21 -22 -23
leaf_value=0.013600295595016007 0.017679166829449124 0.011252383275750495 0.0071705435345083297 0.0041376766974550441 -0.028082596249085795 -0.029268989106133295 -0.011954741919296621 0.016432378205172096 0.032061040221919711 0.0077635896001788879 -0.035081334823318808 -0.037780799199356584 0.0084568653467246915 -0.0088439740261990994 -0.029162960603383713 -0.0093878893857693296 -0.039466138459645736 0.0060274491437211494 -0.0061373842199184941 -0.015230950694816229 -0.002716780011046561 -0.012414698863371329
leaf_weight=2675 13581 1191 6461 6514 7175 648 4504 6380 1067 9165 1322 1054 11608 7900 2350 7757 336 3520 1296 1127 8350 4830
leaf_count=2675 13581 1191 6461 6514 7175 648 4504 6380 1067 9165 1322 1054 11608 7900 2350 7757 336 3520 1296 1127 8350 4830
internal_value=-5.27856e-07 0.00324241 -0.00844324 0.00747646 -0.012219 -0.0154774 -0.00284709 0.00373833 0.000618848 -0.000727975 -0.00567474 -0.0196533 0.00088315 -0.0126075 -0.0137495 -0.0127869 0.00486178 0.000534977 0.0156032 0.00504939 0.00378123 -0.00773023
internal_weight=110811 80058 30753 47225 23956 20154 32833 32348 25968 24901 15736 15986 24462 9222 8371 8811 6797 4168 14877 3802 19958 6021
internal_count=110811 80058 30753 47225 23956 20154 32833 32348 25968 24901 15736 15986 24462 9222 8371 8811 6797 4168 14877 3802 19958 6021
is_linear=0
shrinkage=0.0351744


Tree=60
num_leaves=23
num_cat=0
split_feature=2 0 4 5 3 2 4 6 8 1 0 4 2 6 8 6 7 8 7 1 7 7
split_gain=2358.78 2203.5 1802.92 1275.47 1099.1 918.426 886.899 937.777 874.679 750.148 724.333 787.62 716.157 679.972 676.045 680.979 640.559 616.621 560.704 496.503 478.757 434.53
threshold=-0.069640024415746085 0.033166434836737306 -0.0025788049096728497 0.055179646868793709 -0.93924999999999992 0.016253589878105903 0.094691000577307102 0.028428689574359355 0.048541814333277207 0.17472039115599697 0.09118465142868247 0.038032903402884712 0.038097124121164054 0.0013121196898274502 0.0088949594191038012 -0.039994249425300894 -0.0043373252611944987 0.032045198404165955 0.10994557259447872 0.025563501414801303 -0.040836782488664895 0.010083569862977553
decision_type=2 2 2 2 2 2 2 2 2 2 2 2 2 2 2 2 2 2 2 2 2 2
left_child=10 2 3 5 -4 8 7 12 13 14 11 17 16 19 15 -5 -6 20 -3 -2 -1 -7
right_child=1 18 4 9 6 21 -8 -9 -10 -11 -12 -13 -14 -15 -16 -17 -18 -19 -20 -21 -22 -23
leaf_value=-0.0094109966461335629 -0.0013894821198554266 0.012113525645448778 -0.016842598873061835 0.00051005935066407492 0.010953294631927214 0.0077338332304809337 0.027398402417304058 -0.0064287287982016748 0.013082477201114669 0.019373991949720198 0.011100782145346981 -0.00099989064700181586 0.017510866000794614 -0.019822788216599174 -0.0087601411773725445 -0.041612979620592107 -0.0014961914570730331 -0.0069619840291142068 -0.025983647148138358 -0.028404613575915394 -0.035304890277934035 -0.0048903805824723383
leaf_weight=1106 6594 22344 2898 566 9371 8510 2183 7838 1895 502 1137 2398 6553 7442 1917 2923 11250 1914 488 965 4430 5587
leaf_count=1106 6594 22344 2898 566 9371 8510 2183 7838 1895 502 1137 2398 6553 7442 1917 2923 11250 1914 488 965 4430 5587
internal_value=-5.27185e-07 0.00170171 -0.0011439 -0.00675455 0.00401966 -0.00389868 0.00564563 0.00428875 -0.00942967 -0.021733 -0.0154709 -0.0185406 0.0073807 -0.0122747 -0.0255537 -0.0347751 0.00416058 -0.0241842 0.0112983 -0.00484104 -0.0301352 0.00272936
internal_weight=110811 99826 76994 36901 40093 30993 37195 35012 16896 5908 10985 9848 27174 15001 5406 3489 20621 7450 22832 7559 5536 14097
internal_count=110811 99826 76994 36901 40093 30993 37195 35012 16896 5908 10985 9848 27174 15001 5406 3489 20621 7450 22832 7559 5536 14097
is_linear=0
shrinkage=0.0351744


Tree=61
num_leaves=23
num_cat=0
split_feature=0 9 7 2 0 4 6 8 3 8 5 6 2 4 3 4 5 1 5 7 8 1
split_gain=2282.56 1806.72 1765.7 1351.47 1064.06 1158.97 1023.16 899.744 604.745 596.138 582.941 549.081 464.982 489.508 464.324 462.725 462.708 452.059 432.37 419.087 389.078 363.367
threshold=-0.05551447834488369 -0.055768255183177538 0.042200811811707102 0.034479150597148955 0.04157052901458911 0.0014670405244712503 -0.035660706675738389 0.00074279668968040013 0.47730000000000006 -0.020862061547103048 0.020706746912483105 0.016315162193679504 -0.071257799742404079 0.094691000577307102 -0.93364999999999987 0.059325650782122909 -0.0048574820301523491 0.057502257722822456 0.091448979704867608 0.040753127502359605 0.074300406124466561 0.042364295874524206
decision_type=2 2 2 2 2 2 2 2 2 2 2 2 2 2 2 2 2 2 2 2 2 2
left_child=6 15 3 4 5 7 16 10 9 18 -3 -5 -8 20 -7 19 -1 -9 -4 -2 -14 -11
right_child=1 2 8 11 -6 14 12 17 -10 21 -12 -13 13 -15 -16 -17 -18 -19 -20 -21 -22 -23
leaf_value=0.014399697912776331 0.012852949374357171 -0.010446118413750788 -0.025963872060340482 0.015674313913632089 0.0090420162528424969 -0.014617152044644413 -0.036201948314476262 0.0023543453360452193 -0.0021912532289835389 -0.0055819721359355035 -0.027533912936187958 0.0021072868395757192 -0.019666616888427808 0.026060314971995197 0.0042885721633773239 0.028176035269570937 -0.010559278766023032 -0.021229477892173665 -0.068637936312775136 -0.0033506004632927596 0.0070340039154322773 -0.025621209610758065
leaf_weight=1958 12346 7771 2421 10490 10751 1764 1619 7461 4893 4029 3625 5699 7708 334 18042 2032 1731 1162 335 2349 739 1552
leaf_count=1958 12346 7771 2421 10490 10751 1764 1619 7461 4893 4029 3625 5699 7708 334 18042 2032 1731 1162 335 2349 739 1552
internal_value=-5.34371e-07 0.00192606 -0.000272043 0.00205402 -0.00077703 -0.00342818 -0.0132278 -0.0093968 -0.0120116 -0.017773 -0.0158834 0.0108994 -0.0188734 -0.0156759 0.00260381 0.0124392 0.00268367 -0.00082213 -0.0311608 0.0102617 -0.0173286 -0.0111582
internal_weight=110811 96722 79995 66765 50576 39825 14089 20019 13230 8337 11396 16189 10400 8781 19806 16727 3689 8623 2756 14695 8447 5581
internal_count=110811 96722 79995 66765 50576 39825 14089 20019 13230 8337 11396 16189 10400 8781 19806 16727 3689 8623 2756 14695 8447 5581
is_linear=0
shrinkage=0.0351744


Tree=62
num_leaves=23
num_cat=0
split_feature=3 7 5 1 6 4 9 0 6 3 4 8 5 0 1 0 4 3 7 4 6 8
split_gain=2183.81 1782.21 1619.52 1328.25 1040.3 855.247 806.864 755.408 721.156 714.512 771.735 873.733 678.229 666.715 528.274 627.425 504.136 457.294 426.698 421.02 419.205 407.842
threshold=0.63705000000000012 -0.011851749162440698 0.038350382520869607 0.023233723475790755 0.042243451051296461 -0.038001164013311946 -0.016371884662345647 0.051744909285531056 -0.012769260415367698 -0.93604999999999994 0.0056229932902896506 0.025111038252633753 -0.014179775463703198 -0.0040078979668783489 -0.096969110531026886 -0.068701752432777943 -0.0071444223209031488 0.92455000000000009 0.010908478283305201 0.10525850206223876 0.014067609360347752 0.03603499465970026
decision_type=2 2 2 2 2 2 2 2 2 2 2 2 2 2 2 2 2 2 2 2 2 2
left_child=1 4 3 5 6 21 -1 -5 -7 -4 11 -11 19 -14 -8 -16 -17 18 20 -10 -2 -3
right_child=17 2 9 7 -6 8 14 -9 12 10 -12 -13 13 -15 15 16 -18 -19 -20 -21 -22 -23
leaf_value=0.014605270253910703 0.014692586103034776 -0.017328828805441523 -0.041475019871136852 -0.022055466710380146 -0.0092424318972738548 0.012184238539124571 0.013773746520133939 0.0022598156732702699 0.004477134571036088 -0.031378263414590768 -0.003907562642880019 0.0011817357901248622 -0.016946829108640267 0.0017676990433998277 -0.025226552954091441 -0.0097830971051422258 0.0067153697075525414 0.016982084408070017 0.0004582339706916874 0.042923072753687459 0.0021323287259771206 0.0066988082448794003
leaf_weight=9958 8722 4491 1490 6342 6203 6968 3417 2104 7838 4367 4206 1329 4727 4691 1277 3524 6550 5813 10059 369 5282 1084
leaf_count=9958 8722 4491 1490 6342 6203 6968 3417 2104 7838 4367 4206 1329 4727 4691 1277 3524 6550 5813 10059 369 5282 1084
internal_value=-5.3393e-07 -0.00300079 -0.00710586 -0.00366704 0.00363576 -0.000214645 0.00686722 -0.0159963 0.0026046 -0.0187603 -0.01534 -0.0237786 -0.00118182 -0.0076237 0.00164825 -0.00200058 0.000942302 0.00812666 0.00598663 0.00620858 0.0099564 -0.0126539
internal_weight=110811 80935 50006 38614 30929 30168 24726 8446 24593 11392 9902 5696 17625 9418 14768 11351 10074 29876 24063 8207 14004 5575
internal_count=110811 80935 50006 38614 30929 30168 24726 8446 24593 11392 9902 5696 17625 9418 14768 11351 10074 29876 24063 8207 14004 5575
is_linear=0
shrinkage=0.0351744


Tree=63
num_leaves=23
num_cat=0
split_feature=2 0 6 5 8 9 8 3 6 0 7 1 5 2 7 2 0 8 4 1 0 5
split_gain=2122.57 1935.89 1560.39 1490.69 1399.59 1384.71 740.006 704.44 654.187 713.08 601.248 597.609 635.674 543.977 505.677 494.25 499.226 491.577 560.386 450.195 444.752 435.499
threshold=-0.069640024415746085 0.033166434836737306 -0.014172031042892748 -0.013196052642705647 -0.04014609575085349 0.03707589437244601 0.060201714504605354 -0.62474999999999992 -0.10249040835926683 0.088755355054549304 -0.026422488281595647 0.033502415493766806 0.070765473541924112 0.022288339844471806 0.10994557259447872 0.037411666184969862 -0.041792425477114696 0.032045198404165955 0.032476060363837655 -0.035604141808636296 -0.090166730873787779 0.096436362004837364
decision_type=2 2 2 2 2 2 2 2 2 2 2 2 2 2 2 2 2 2 2 2 2 2
left_child=8 2 5 15 21 10 7 19 -1 17 -2 12 -12 -14 -3 16 -4 18 -10 -6 -20 -5
right_child=1 14 3 4 6 -7 -8 -9 9 -11 11 -13 13 -15 -16 -17 -18 -19 20 -21 -22 -23
leaf_value=0.018962572127898952 0.019313265870072073 0.011383476569937514 -0.014173821738586702 -0.021931456683319823 -0.0092036131109850972 -0.0099631577578786455 0.01348620541071126 -0.0033790249264858915 -0.030867407838156495 0.0089414487788025861 0.012282186902153677 -0.0086811571262375344 -0.029316645726474268 0.014468219781793896 -0.024795583134875353 0.011101552802071276 0.0024287751149242825 -0.0060856295595775331 -0.058004042159594954 -0.026228475931963882 -0.0017133980359344868 -0.052028013201480379
leaf_weight=671 5978 22344 2807 4861 4529 5487 2184 14583 5067 1173 11131 2753 902 574 488 6079 11103 2296 195 3344 1583 679
leaf_count=671 5978 22344 2807 4861 4529 5487 2184 14583 5067 1173 11131 2753 902 574 488 6079 11103 2296 195 3344 1583 679
internal_value=-4.85386e-07 0.00161427 -0.00105294 -0.00471469 -0.00964924 0.00579474 -0.00605655 -0.00795804 -0.0146758 -0.0168661 0.00984766 0.00616246 0.00940527 -0.0122782 0.0106093 0.00273483 -0.000920516 -0.0201798 -0.0249046 -0.0164373 -0.00790114 -0.0256246
internal_weight=110811 99826 76994 50169 30180 26825 24640 22456 10985 10314 21338 15360 12607 1476 22832 19989 13910 9141 6845 7873 1778 5540
internal_count=110811 99826 76994 50169 30180 26825 24640 22456 10985 10314 21338 15360 12607 1476 22832 19989 13910 9141 6845 7873 1778 5540
is_linear=0
shrinkage=0.0351744


Tree=64
num_leaves=23
num_cat=0
split_feature=2 0 4 5 1 7 6 8 9 4 8 1 0 4 1 9 5 2 3 5 6 8
split_gain=2024.02 1792.67 1219.6 1093.92 1336.64 910.417 748.579 703.86 671.938 655.913 651.869 642.409 556.279 531.125 527.291 488.691 482.574 466.409 466.051 390.743 382.941 349.787
threshold=0.032134417775220005 0.0087459754560187519 0.050612858482826158 0.041940620523972703 0.025563501414801303 0.058382160598445261 -0.0020893519732245497 0.00035963432068305005 -0.0074762196809996994 -0.032435441913664896 -0.057584775010464488 0.17472039115599697 0.086436990967349567 -0.026621527383901198 0.057502257722822456 -0.0043582996407434986 0.10233997228199336 -0.037683646759146046 -0.8224499999999999 0.14177564617113228 -0.016978530504370697 0.025111038252633753
decision_type=2 2 2 2 2 2 2 2 2 2 2 2 2 2 2 2 2 2 2 2 2 2
left_child=1 2 3 4 6 10 17 -8 -2 -10 -3 16 13 -12 -7 -4 -5 -1 -6 20 -15 -20
right_child=8 5 15 11 18 14 7 -9 9 -11 12 -13 -14 19 -16 -17 -18 -19 21 -21 -22 -23
leaf_value=-0.0081927153627153887 0.013192139687949774 -0.012813353454951805 0.01458621685471095 -0.019617194629303884 -0.039681876561896694 -0.0038369805433401682 -0.0161173646675121 9.598952508946703e-05 -0.010465737763241676 0.0067083679159208234 -0.0044573858257768101 0.0095694872181205613 0.019808079628895976 0.016675248602556873 -0.033421512731487919 -0.004377590856428421 -0.041361181903021432 0.0073185468284092435 -0.022178132351540269 -0.034335989189359234 0.0052404624684160355 -0.00244895533831181
leaf_weight=3276 14671 2306 3890 5630 1310 2086 7417 5983 3604 11623 5870 755 3478 4926 1161 2959 1631 8946 3691 270 13734 1594
leaf_count=3276 14671 2306 3890 5630 1310 2086 7417 5983 3604 11623 5870 755 3478 4926 1161 2959 1631 8946 3691 270 13734 1594
internal_value=-4.99044e-07 -0.00289036 -0.00732857 -0.00966451 -0.00677058 0.00328573 -0.00313486 -0.00887707 0.00781975 0.00264236 0.00516626 -0.021293 0.00663311 0.00478464 -0.0144215 0.00639087 -0.0245045 0.00315947 -0.0208926 0.00765139 0.00826011 -0.0162311
internal_weight=110811 80913 47082 40233 32217 33831 25622 13400 29898 15227 30584 8016 28278 24800 3247 6849 7261 12222 6595 18930 18660 5285
internal_count=110811 80913 47082 40233 32217 33831 25622 13400 29898 15227 30584 8016 28278 24800 3247 6849 7261 12222 6595 18930 18660 5285
is_linear=0
shrinkage=0.0351744


Tree=65
num_leaves=23
num_cat=0
split_feature=3 4 8 3 5 1 4 6 2 4 7 9 0 9 7 3 7 0 1 7 5 4
split_gain=1954.71 1665.61 1264.94 1118.81 1079.6 1050.01 741.362 789.046 698.13 677.445 618.372 613.931 564.662 503.036 500.446 488.879 420.529 402.063 380.157 369.196 364.536 336.696
threshold=-0.86364999999999992 0.0022027289066186002 0.025614083537941906 0.73515000000000008 0.038350382520869607 -0.069203642328287449 0.12220770458534622 0.016788553501944355 -0.069640024415746085 0.10525850206223876 0.058382160598445261 0.021172770288804602 -0.023426825148863444 0.059598292638332252 0.029537174986280803 -0.97184999999999988 -0.020433623801253246 0.025260250773585752 0.064256267873574413 0.038025008673170053 0.069193759738756952 -0.056559068184671192
decision_type=2 2 2 2 2 2 2 2 2 2 2 2 2 2 2 2 2 2 2 2 2 2
left_child=5 2 3 4 8 14 7 11 -2 13 12 19 -10 15 20 -7 -6 -17 -4 -3 21 -1
right_child=1 6 18 -5 16 9 -8 -9 10 -11 -12 -13 -14 -15 -16 17 -18 -19 -20 -21 -22 -23
leaf_value=-0.021999220564321038 -0.023613498419334661 0.01538437117724719 0.011249282201446803 0.0048395204054995583 -0.0069723516601788984 -0.044342231784301522 0.031156996006355894 -0.00054371383239594214 -0.011131428710888494 0.032730259509918987 -0.023437174202076149 0.0013345718381451317 0.0022183289048898322 -0.040411267492821541 -0.018656767020568048 -0.017815413079037647 -0.028091009989208816 0.0040501285515729115 -0.0030734887776795602 0.0030082531953918453 -0.017415866153152885 0.011275473735651386
leaf_weight=413 2355 15754 9045 9883 1608 731 1527 14132 5485 310 1749 7760 13735 1301 1476 6295 4273 1245 3069 3683 802 4180
leaf_count=413 2355 15754 9045 9883 1608 731 1527 14132 5485 310 1749 7760 13735 1301 1476 6295 4273 1245 3069 3683 802 4180
internal_value=-5.10932e-07 0.00197097 -0.00231109 -0.00538914 -0.0088511 -0.0110701 0.00708732 0.00619749 -0.00545419 -0.0184129 -0.00341378 0.00970092 -0.00159062 -0.0200715 -0.000506963 -0.0168694 -0.0223199 -0.0142028 0.00761934 0.0130402 0.00445592 0.00827913
internal_weight=110811 94058 51202 39088 29205 16753 42856 41329 23324 9882 20969 27197 19220 9572 6871 8271 5881 7540 12114 19437 5395 4593
internal_count=110811 94058 51202 39088 29205 16753 42856 41329 23324 9882 20969 27197 19220 9572 6871 8271 5881 7540 12114 19437 5395 4593
is_linear=0
shrinkage=0.0351744


Tree=66
num_leaves=23
num_cat=0
split_feature=2 9 8 4 7 0 6 0 4 5 0 8 7 2 5 7 0 2 4 3 1 1
split_gain=1913.95 1355.62 985.049 1094.99 931.376 890.649 888.195 805.966 714.335 639.691 604.539 597.019 520.389 515.119 509.575 497.606 445.331 412.631 393.541 394.367 387.572 386.508
threshold=-0.027891336391990297 0.0032962987332410005 0.025614083537941906 0.05287311430924841 -0.043899817114430591 -0.062054601658982245 0.0013121196898274502 0.019943716421292654 -0.032435441913664896 -0.030468903514131947 0.048080993872540757 0.023088422292553753 -0.026422488281595647 -0.069640024415746085 -0.018268140411280546 0.013024665101398252 -0.036885088530505795 -0.10611799478017864 0.084152524140046411 -0.93924999999999992 0.16684267536704997 -0.13936677746106751
decision_type=2 2 2 2 2 2 2 2 2 2 2 2 2 2 2 2 2 2 2 2 2 2
left_child=2 6 3 4 16 -3 12 9 -7 -8 13 18 -2 -6 -15 -10 -1 -4 19 -11 -16 -17
right_child=1 5 17 -5 10 8 7 -9 15 11 -12 -13 -14 14 20 21 -18 -19 -20 -21 -22 -23
leaf_value=-0.017341263989833114 0.020583790940250698 -0.020652762166756183 -0.015434978722601165 0.0081991791212622962 -0.032254027082989058 -0.01201741004732761 0.010590255072752044 0.011207953108423763 0.0058775207428126532 -0.043663846838535414 -0.005404534310449946 0.0086522242161834462 0.0085021232725631789 -0.0055930045928329992 -0.025193909474036814 0.016145202899326121 0.01203249573728081 0.0065095763434769149 0.026796057499046205 -0.0098983894776394493 0.017358098971758499 -0.0069987780981298304
leaf_weight=902 5939 3073 1255 3102 3755 5652 3589 7853 14818 449 3853 2638 17184 3245 5365 1000 2184 6814 344 9229 278 8290
leaf_count=902 5939 3073 1255 3102 3755 5652 3589 7853 14818 449 3853 2638 17184 3245 5365 1000 2184 6814 344 9229 278 8290
internal_value=-5.10841e-07 0.00286446 -0.00745927 -0.011214 -0.0142901 -0.00262457 0.00668102 0.00195529 -0.000762323 -0.00251548 -0.0176082 -0.00623225 0.0116061 -0.0213259 -0.0167066 0.00187575 0.00344105 0.00309416 -0.0101519 -0.0114673 -0.0230942 -0.00450547
internal_weight=110811 80058 30753 22684 19582 32833 47225 24102 29760 16249 16496 12660 23123 12643 8888 24108 3086 8069 10022 9678 5643 9290
internal_count=110811 80058 30753 22684 19582 32833 47225 24102 29760 16249 16496 12660 23123 12643 8888 24108 3086 8069 10022 9678 5643 9290
is_linear=0
shrinkage=0.0351744


Tree=67
num_leaves=23
num_cat=0
split_feature=0 8 2 7 5 1 6 6 8 4 3 5 1 0 8 4 3 7 0 9 1 4
split_gain=1835.13 1556.52 1268.13 947.285 1014.96 906.693 846.213 667.11 658.702 776.264 555.968 698.225 478.345 463.639 544.928 463.221 461.01 454.498 414.455 381.618 370.651 362.194
threshold=-0.05551447834488369 -0.048501395903668691 0.024416497966174552 -0.035269126535192548 0.10233997228199336 0.023233723475790755 -0.045636471038364643 0.052059264200434656 0.024095132731859103 0.047493066980124309 0.81775000000000009 0.0081528391622223018 0.067498221690603308 0.060081271848760505 0.079373605516381562 0.10525850206223876 -0.88839999999999986 0.08555634016996716 0.086436990967349567 0.0010551424996713002 -0.05003017432751649 -0.082512809636560089
decision_type=2 2 2 2 2 2 2 2 2 2 2 2 2 2 2 2 2 2 2 2 2 2
left_child=6 10 3 7 5 8 -1 -3 9 -5 11 -2 20 14 -7 16 -8 -15 -6 -4 -13 -18
right_child=1 2 19 4 18 13 15 -9 -10 -11 -12 12 -14 17 -16 -17 21 -19 -20 -21 -22 -23
leaf_value=0.0051820258037178326 -0.0055558392983489826 0.014417416294545671 0.013069609866276501 -0.0031355576608440385 -0.031282003930700783 -0.018323136910867083 -0.030630017489616714 -0.008641901945300361 0.0097127189241566925 0.016030329288217016 0.0067367587382117814 -0.018760922223294361 -0.00025077537549096532 0.012303864774003703 0.025366147250241722 0.023699144859950325 -0.034385553099348813 -0.041941999136537886 0.022974949529293371 0.0048327009221468074 -0.0421591093705719 -0.010919643101584513
leaf_weight=2869 5383 8248 15862 24477 1833 5965 2538 1911 9376 2927 1938 1665 798 1444 375 348 915 220 192 12414 1694 7419
leaf_count=2869 5383 8248 15862 24477 1833 5965 2538 1911 9376 2927 1938 1665 798 1444 375 348 915 220 192 12414 1694 7419
internal_value=-4.84494e-07 0.00172698 0.00336449 0.000341657 -0.00177111 -0.000669304 -0.0118607 0.010078 0.00166508 -0.00108777 -0.0104328 -0.0139225 -0.0247519 -0.0113982 -0.0157358 -0.0162201 -0.0174998 0.00511851 -0.026128 0.009454 -0.0305675 -0.0134986
internal_weight=110811 96722 85244 56968 46809 44784 14089 10159 36780 27404 11478 9540 4157 8004 6340 11220 10872 1664 2025 28276 3359 8334
internal_count=110811 96722 85244 56968 46809 44784 14089 10159 36780 27404 11478 9540 4157 8004 6340 11220 10872 1664 2025 28276 3359 8334
is_linear=0
shrinkage=0.0351744


Tree=68
num_leaves=23
num_cat=0
split_feature=2 0 6 5 9 8 7 8 8 1 9 3 1 9 0 0 0 5 1 4 1 5
split_gain=1769.79 1396.87 1322.75 1164.58 1143.53 1064.81 788.581 617.795 601.648 516.966 506.488 490.2 487.513 485.668 440.728 434.294 430.981 428.639 499.294 503.445 492.484 398.344
threshold=-0.045819074632108395 0.033166434836737306 -0.014172031042892748 -0.013196052642705647 0.036269058284658255 -0.034439889161582297 -0.038597385459428493 0.025111038252633753 0.060201714504605354 0.03941418630084096 -0.0079791068551546482 -0.050699999999999988 0.096473599710589761 -0.10448051949505939 0.088755355054549304 -0.017405078428784599 -0.078546951473830284 0.029329672664128403 0.0058767452720590507 0.050612858482826158 0.15896989621037003 0.070765473541924112
decision_type=2 2 2 2 2 2 2 2 2 2 2 2 2 2 2 2 2 2 2 2 2 2
left_child=6 2 4 12 9 11 16 13 10 21 -7 -5 -4 -8 17 -12 -1 18 19 -15 -19 -2
right_child=1 -3 3 5 -6 8 7 -9 -10 -11 15 -13 -14 14 -16 -17 -18 20 -20 -21 -22 -23
leaf_value=-0.023649119936283439 0.015177071998153832 0.010268884257059423 0.005030827242812121 -0.030286659120588151 -0.0084082706366351515 -0.0010334344741416777 0.022992017370750305 -0.0021631214201259948 0.014319784624128248 -0.0013049835931954958 -0.021706346839060267 -0.010350481317549775 -0.014381546614594289 -0.014891686063429194 0.0039258279661488673 -0.0062347669502032582 0.0088735435200465226 -0.040328956349861417 -0.030470260170269482 0.017875549849083915 0.0034728870145521672 -0.0025224899612738315
leaf_weight=587 13728 20137 16504 3347 5114 10293 357 4670 1895 3812 3704 2811 1772 4662 973 5709 3558 2079 2288 662 374 1775
leaf_count=587 13728 20137 16504 3347 5114 10293 357 4670 1895 3812 3704 2811 1772 4662 973 5709 3558 2079 2288 662 374 1775
internal_value=-4.7225e-07 0.00209886 -0.000235723 -0.00374662 0.00637965 -0.00828625 -0.00941252 -0.012942 -0.00460692 0.0102959 -0.00642792 -0.0211894 0.00314763 -0.017358 -0.0186649 -0.0123248 0.00426304 -0.0208504 -0.0167248 -0.0108138 -0.0336441 0.0131495
internal_weight=110811 90601 70464 46035 24429 27759 20210 16065 21601 19315 19706 6158 18276 11395 11038 9413 4145 10065 7612 5324 2453 15503
internal_count=110811 90601 70464 46035 24429 27759 20210 16065 21601 19315 19706 6158 18276 11395 11038 9413 4145 10065 7612 5324 2453 15503
is_linear=0
shrinkage=0.0351744


Tree=69
num_leaves=23
num_cat=0
split_feature=9 4 0 2 7 8 9 2 7 6 3 1 7 0 5 6 2 5 3 4 5 1
split_gain=1700.97 1567.37 1235.65 858.588 680.219 630.59 600.431 679.532 594.885 590.529 606.708 536.42 533.768 513.024 583.619 483.916 460.426 455.63 449.962 448.377 427.598 412.615
threshold=-0.036328493634105598 -0.032435441913664896 -0.0086090722231190967 -0.0058901815901666989 -0.019491318007932894 0.046526429892714903 -0.11534681073594064 -0.096374697003733731 0.06924345615733736 -0.071243320340918487 0.55785000000000007 -0.042631229192707794 0.038025008673170053 0.061257279254319501 0.12380481323308747 0.041553637582559505 -0.077769624999195638 -0.0062612821356127493 -0.68049999999999988 0.10525850206223876 0.069193759738756952 -0.12432649373478959
decision_type=2 2 2 2 2 2 2 2 2 2 2 2 2 2 2 2 2 2 2 2 2 2
left_child=6 5 3 17 -5 9 -1 -8 13 -2 21 20 15 14 16 -9 -4 -3 -13 -14 -6 -11
right_child=1 2 8 4 11 -7 7 12 -10 10 -12 18 19 -15 -16 -17 -18 -19 -20 -21 -22 -23
leaf_value=0.02292069062158486 0.015143843286394619 -0.0051721225480438381 -0.014299517054887979 0.01136305270940971 0.0054995601041968913 0.00416732440793415 -0.020328462982324571 0.011518384659603123 -0.013436737972814737 0.0014164407714130139 -0.0053008345538344999 -0.032415015572515013 -0.0062466656122066857 0.015010141128043291 -0.022842050053106445 -0.0013885344483071901 0.0053835666309808147 -0.019116701618863075 -0.0075434790776735504 0.024585610274102918 -0.026443954368893175 -0.024239272113488315
leaf_weight=2623 743 5122 1560 4337 4941 2398 1221 18029 2265 852 3845 1220 5331 5499 1021 4486 25441 6692 3441 655 579 8510
leaf_count=2623 743 5122 1560 4337 4941 2398 1221 18029 2265 852 3845 1220 5331 5499 1021 4486 25441 6692 3441 655 579 8510
internal_value=-4.82264e-07 -0.00279862 -0.000248015 -0.00603162 -0.000300846 -0.0124891 0.00678701 0.00536252 0.00400721 -0.0153536 -0.0170707 -0.00527128 0.00646383 0.00518645 0.00325799 0.00894602 0.00424567 -0.0130725 -0.014058 -0.00286958 0.00214526 -0.0219027
internal_weight=110811 78466 62118 26332 14518 16348 32345 29722 35786 13950 13207 10181 28501 33521 28022 22515 27001 11814 4661 5986 5520 9362
internal_count=110811 78466 62118 26332 14518 16348 32345 29722 35786 13950 13207 10181 28501 33521 28022 22515 27001 11814 4661 5986 5520 9362
is_linear=0
shrinkage=0.0351744


Tree=70
num_leaves=23
num_cat=0
split_feature=2 0 4 5 1 7 6 1 0 4 4 5 8 1 8 5 9 5 8 2 6 4
split_gain=1649.81 1441.43 981.252 881.699 1076.4 791.644 622.302 591.768 586.78 598.661 553.374 611.82 527.892 475.901 448.902 434.81 423.813 422.539 405.53 385.837 377.742 504.427
threshold=0.032134417775220005 0.0087459754560187519 0.049522134067640354 0.041940620523972703 0.025563501414801303 0.078565514943708517 1.0000000180025095e-35 0.17472039115599697 0.086436990967349567 -0.026621527383901198 -0.0048258181491542497 0.0055626408540700506 0.00035963432068305005 -0.072666026837171424 -0.062774183508371592 0.10233997228199336 -0.0043582996407434986 0.14177564617113228 0.034640660129495508 -0.037683646759146046 0.025861484302828603 0.05420432895338171
decision_type=2 2 2 2 2 2 2 2 2 2 2 2 2 2 2 2 2 2 2 2 2 2
left_child=1 2 3 4 6 8 19 15 9 18 11 -2 -8 -13 -15 -5 -4 20 -3 -1 -11 -22
right_child=10 5 16 7 -6 -7 12 -9 -10 17 -12 13 -14 14 -16 -17 -18 -19 -20 -21 21 -23
leaf_value=-0.0075897623905080026 0.0084215947113568321 -0.010749049503401954 0.01305322264717324 -0.017651922848751368 -0.018829302326015429 -0.020930104105682298 -0.014743965033605901 0.010598700860770237 0.016682134897093984 0.009070458225022766 0.01183018750074393 0.0096038397209254368 -0.00035377542504143404 -0.038862721439641541 -0.0074416585199172285 -0.038405324950385296 -0.0043417117850904352 -0.033895893737143447 0.012031286796931825 0.0063062272088196822 -0.0049387660163578316 0.022704065494402959
leaf_weight=3355 8526 5573 3994 5595 6560 1637 7088 746 4038 14350 14997 1755 5687 656 3964 1611 3059 336 1169 9387 5777 951
leaf_count=3355 8526 5573 3994 5595 6560 1637 7088 746 4038 14350 14997 1755 5687 656 3964 1611 3059 336 1169 9387 5777 951
internal_value=-4.80099e-07 -0.00260958 -0.00658933 -0.008721 -0.00612097 0.00292849 -0.00285312 -0.0192066 0.00414226 0.00234318 0.00705994 0.00225776 -0.00833933 -0.00598321 -0.011908 -0.0222947 0.00550648 0.00522152 -0.00679649 0.00264602 0.00584614 -0.00102853
internal_weight=110811 80913 47082 40029 32077 33831 25517 7952 32194 28156 29898 14901 12775 6375 4620 7206 7053 21414 6742 12742 21078 6728
internal_count=110811 80913 47082 40029 32077 33831 25517 7952 32194 28156 29898 14901 12775 6375 4620 7206 7053 21414 6742 12742 21078 6728
is_linear=0
shrinkage=0.0351744


Tree=71
num_leaves=23
num_cat=0
split_feature=3 7 6 0 8 4 5 4 8 5 1 3 9 8 6 3 5 1 9 0 1 7
split_gain=1613.76 1619.78 1286.83 1230.25 863.075 761.988 626.013 689.702 596.813 509.232 467.794 418.432 384.919 374.913 398.024 394.557 374.041 356.656 355.91 334.683 312.161 294.298
threshold=0.74330000000000018 0.038025008673170053 -0.051338700243623546 -0.062054601658982245 -0.044436102177016497 0.10525850206223876 -0.036011523758746687 0.0044383340405927006 0.025111038252633753 0.099374248208709659 -0.028504986156112896 -0.94494999999999985 0.075766933679636966 0.074300406124466561 0.025403309943347854 -0.96654999999999991 0.021332178233381651 -0.0011303825497638498 -0.11128268620473254 -0.093073355422520182 0.051332671033917511 -0.026422488281595647
decision_type=2 2 2 2 2 2 2 2 2 2 2 2 2 2 2 2 2 2 2 2 2 2
left_child=1 2 12 17 16 9 -6 8 -8 10 13 -9 21 14 15 -3 -5 -4 -12 -2 -18 -1
right_child=19 5 3 4 6 -7 7 11 -10 -11 18 -13 -14 -15 -16 -17 20 -19 -20 -21 -22 -23
leaf_value=0.022363346906165409 -0.026527183943178496 -0.059580944784981146 -0.0083796875411867554 -0.0055702723059348697 0.0090162832264401686 0.022556296895589845 -0.0079719103106763705 -0.014926061655730497 0.0054370333068117548 -0.036923150925012714 0.04475900974130971 0.0069069578959192069 -0.012586645281248438 0.024603468630071068 -0.020566301536412028 -0.00180021165094804 -0.028938174208529094 -0.025047835094279776 -0.020137373178389366 0.0087638834509471374 0.0016542040111544045 0.0090033846222100401
leaf_weight=3507 337 150 3347 4821 11176 754 16044 1176 5518 1082 106 14115 698 453 2321 5611 1938 3030 6357 22854 523 4893
leaf_count=3507 337 150 3347 4821 11176 754 16044 1176 5518 1082 106 14115 698 453 2321 5611 1938 3030 6357 22854 523 4893
internal_value=-4.78913e-07 -0.00218443 0.000147583 -0.00167351 1.28595e-05 -0.0119913 0.00172405 -0.000486966 -0.0045396 -0.0136125 -0.0119293 0.00522659 0.012497 -0.00652046 -0.00826749 -0.0033092 -0.0112709 -0.0163025 -0.0190693 0.00825015 -0.0224304 0.0145835
internal_weight=110811 87620 70786 61688 55311 16834 48029 36853 21562 16080 14998 15291 9098 8535 8082 5761 7282 6377 6463 23191 2461 8400
internal_count=110811 87620 70786 61688 55311 16834 48029 36853 21562 16080 14998 15291 9098 8535 8082 5761 7282 6377 6463 23191 2461 8400
is_linear=0
shrinkage=0.0351744


Tree=72
num_leaves=23
num_cat=0
split_feature=2 0 6 5 1 4 2 1 4 6 8 9 5 6 0 8 7 7 8 7 3 7
split_gain=1569.39 1407.37 1227.49 1283.7 1027.04 915.952 804.12 676.177 720.966 623.015 616.675 596.818 556.27 534.233 536.664 462.293 413.497 396.928 430.662 373.97 389.27 348.007
threshold=-0.069640024415746085 0.033166434836737306 -0.050199045317447295 0.055179646868793709 0.025563501414801303 -0.066164460506163439 -0.0019755116716150497 0.17472039115599697 0.084152524140046411 0.020119657372313002 0.015563810792707451 0.08529041516287407 0.099374248208709659 -0.10249040835926683 0.09118465142868247 0.039817384129130509 0.10994557259447872 -0.038597385459428493 0.032045198404165955 -0.048998132705355586 -0.76479999999999981 -0.026422488281595647
decision_type=2 2 2 2 2 2 2 2 2 2 2 2 2 2 2 2 2 2 2 2 2 2
left_child=13 2 11 4 5 -4 15 8 10 -8 12 21 -5 -1 17 -7 -3 -15 -19 -6 -21 -2
right_child=1 16 3 7 19 6 9 -9 -10 -11 -12 -13 -14 14 -16 -17 -18 18 -20 20 -22 -23
leaf_value=0.01777820053653946 0.023188253654269828 0.0097576170388762699 -0.021138117871038028 -0.0172962571855627 0.0022683575531611396 -0.0053802272997291803 0.010542248120911079 0.017698688910258845 0.031059396913346526 -0.00050597715003220195 -0.0051818232414624363 -0.025137879077307895 -0.039633697453151234 -0.0034410862159729191 0.0086233702200050229 0.011082539874806133 -0.022957678088415923 -0.026403714362067811 -0.0070171951101565353 -0.029172059490604415 -0.010007744090642043 0.0082776117794266003
leaf_weight=671 3015 22344 2062 4130 2308 15010 17639 772 378 9832 2930 522 2075 1988 1099 2455 488 5286 1941 1626 6809 5431
leaf_count=671 3015 22344 2062 4130 2308 15010 17639 772 378 9832 2930 522 2075 1988 1099 2455 488 5286 1941 1626 6809 5431
internal_value=-4.78556e-07 0.00138798 -0.000886149 -0.00249893 -0.000459311 0.00178325 0.0028355 -0.0139477 -0.0165179 0.00658745 -0.018489 0.0113454 -0.0247696 -0.0126195 -0.0145989 -0.00306507 0.00905749 -0.0173703 -0.0211995 -0.0102714 -0.0137045 0.0136026
internal_weight=110811 99826 76994 68026 57741 46998 44936 10285 9513 27471 9135 8968 6205 10985 10314 17465 22832 9215 7227 10743 8435 8446
internal_count=110811 99826 76994 68026 57741 46998 44936 10285 9513 27471 9135 8968 6205 10985 10314 17465 22832 9215 7227 10743 8435 8446
is_linear=0
shrinkage=0.0351744


Tree=73
num_leaves=23
num_cat=0
split_feature=3 4 8 4 1 5 2 0 4 7 4 3 3 6 7 5 5 9 5 6 9 7
split_gain=1489.56 1296.98 963.477 975.282 916.012 908.051 881.792 756.75 559.736 585.707 555.559 513.845 495.973 485.849 475.352 438.686 428.602 350.135 345.523 335.88 322.919 322.173
threshold=-0.86364999999999992 0.0095292185073733524 0.025614083537941906 -0.071252759403181584 -0.10124865802229639 0.049763378616733009 0.016785010834436401 -0.022391428282530695 0.13497806032799703 0.038025008673170053 0.10525850206223876 -0.94224999999999992 0.8317500000000001 0.039459393070505007 0.088546654434736263 0.13480056399582926 0.15998967271130632 0.028977479724225205 -0.044279413820317949 -0.10249040835926683 -0.079598744515618977 0.029537174986280803
decision_type=2 2 2 2 2 2 2 2 2 2 2 2 2 2 2 2 2 2 2 2 2 2
left_child=4 2 3 19 21 6 7 20 9 13 11 18 16 17 -9 -13 -7 -3 -6 -2 -5 -1
right_child=1 8 -4 5 10 12 -8 14 -10 -11 -12 15 -14 -15 -16 -17 -18 -19 -20 -21 -22 -23
leaf_value=0.011424895616059923 0.028822279694945448 0.013240994786392719 0.0066839687506308606 0.017699538980799106 0.0055489244259483046 -0.016550915911791805 0.006619760868655713 -3.8895082831223616e-05 0.031077573595802974 -0.0027788368269468116 0.030236160948575359 -0.0084167146448210373 0.0039027154819875351 -0.001378857734607409 -0.040337001646691399 -0.060047152528293422 -0.056224858414042213 0.0030682720543682182 -0.027383035123222457 -0.023702591142618093 -0.019313862968705919 -0.014307957650012118
leaf_weight=2857 157 16925 13583 311 433 4922 14068 14963 1155 7156 342 7850 1456 5017 371 209 362 5568 4300 3493 4551 762
leaf_count=2857 157 16925 13583 311 433 4922 14068 14963 1155 7156 342 7850 1456 5017 371 209 362 5568 4300 3493 4551 762
internal_value=-4.76092e-07 0.0017205 -0.00151866 -0.00401415 -0.00966365 -0.00246271 -0.000140639 -0.00485059 0.00698711 0.00618385 -0.0139814 -0.0151653 -0.0142646 0.00851586 -0.0010154 -0.00975894 -0.0192737 0.0107236 -0.0243666 -0.0214376 -0.0169423 0.00600171
internal_weight=110811 94058 58237 44654 16753 41004 34264 20196 35821 34666 13134 12792 6740 27510 15334 8059 5284 22493 4733 3650 4862 3619
internal_count=110811 94058 58237 44654 16753 41004 34264 20196 35821 34666 13134 12792 6740 27510 15334 8059 5284 22493 4733 3650 4862 3619
is_linear=0
shrinkage=0.0351744


Tree=74
num_leaves=23
num_cat=0
split_feature=9 4 7 0 5 1 8 3 9 2 7 0 1 5 2 6 6 2 4 1 8 2
split_gain=1452.22 1318.72 1057.83 905.727 716.583 606.262 561.135 559.691 517.607 584.01 471.963 432.394 420.61 417.496 415.216 406.832 386.6 354.026 352.628 340.504 338.671 370.773
threshold=-0.035152590185157442 -0.032435441913664896 -0.021811066751743498 -0.0049323831614139996 0.02534889633907365 0.045355472178381158 0.00035963432068305005 -0.17699999999999996 -0.11534681073594064 -0.096374697003733731 0.038723488345155307 -0.047908780707242839 -0.10808640908723294 0.099374248208709659 -0.036194883533769047 0.042243451051296461 0.036093006112772406 0.071834311008968615 0.10525850206223876 -0.043196284172829495 0.032045198404165955 0.032134417775220005
decision_type=2 2 2 2 2 2 2 2 2 2 2 2 2 2 2 2 2 2 2 2 2 2
left_child=8 6 11 4 5 15 7 12 -1 -10 16 19 -2 14 -5 -4 -11 -6 20 -3 21 -12
right_child=1 2 3 13 17 -7 -8 -9 9 10 18 -13 -14 -15 -16 -17 -18 -19 -20 -21 -22 -23
leaf_value=0.021150867376621228 -0.0012473563426140639 0.011594447029925559 0.001572404506900085 -0.0061865290177255975 -0.020476679867493366 -0.021051510859327868 -0.004467019385515269 -0.0087733179001456326 -0.018625369215721943 0.010632948745597783 -0.016645360855282322 0.0093608930648965416 -0.031328132169656082 -0.015113654734861816 0.0053089930672854503 -0.019541455750696806 -9.7976548197552374e-05 0.018577814138290023 0.021467505436943566 -0.013138213877208389 0.011439927875614623 0.0067293685252512473
leaf_weight=2623 684 1024 9793 5042 6016 2207 7438 4401 1255 17899 3123 14934 3652 1763 16963 1276 5405 301 655 2100 1110 1147
leaf_count=2623 684 1024 9793 5042 6016 2207 7438 4401 1255 17899 3123 14934 3652 1763 16963 1276 5405 301 655 2100 1110 1147
internal_value=-4.65196e-07 -0.00263523 -0.00028174 -0.00326099 -0.00886021 -0.00421834 -0.0115707 -0.0176161 0.00615377 0.00486733 0.00587291 0.00687109 -0.026587 0.00135403 0.00267425 -0.000860288 0.00814338 -0.0186127 -0.00289167 -0.00502572 -0.00586098 -0.0103626
internal_weight=110811 77594 61419 43361 19593 13276 16175 8737 33217 30594 29339 18058 4336 23768 22005 11069 23304 6317 6035 3124 5380 4270
internal_count=110811 77594 61419 43361 19593 13276 16175 8737 33217 30594 29339 18058 4336 23768 22005 11069 23304 6317 6035 3124 5380 4270
is_linear=0
shrinkage=0.0351744


Tree=75
num_leaves=23
num_cat=0
split_feature=2 3 4 8 7 1 0 8 1 4 4 9 2 1 4 5 5 5 7 2 3 4
split_gain=1398.95 1226.2 993.431 1009.65 725.926 651.612 594.864 525.001 542.708 499.42 478.493 477.424 439.647 389.716 404.91 447.782 385.013 356.476 351.874 339.528 317.865 316.825
threshold=0.034479150597148955 -0.86364999999999992 0.050612858482826158 -0.010955419774989048 0.042200811811707102 -0.06855066784985929 0.048080993872540757 0.050619977664234504 0.0074724399692202509 -0.015326141566675848 0.10525850206223876 0.069482572948385363 -0.023496582620215447 -0.11939589641391414 -0.0048258181491542497 0.0055626408540700506 0.020063640269672504 -0.012680296350396199 -0.013057005415354598 -0.069640024415746085 -0.95304999999999984 0.13497806032799703
decision_type=2 2 2 2 2 2 2 2 2 2 2 2 2 2 2 2 2 2 2 2 2 2
left_child=1 5 3 4 9 18 7 8 12 16 17 13 -5 -2 15 -15 -3 -7 -1 -11 -19 -4
right_child=11 2 21 6 -6 10 -8 -9 -10 19 -12 -13 -14 14 -16 -17 -18 20 -20 -21 -22 -23
leaf_value=0.0090360960268669258 0.023924394711728001 -0.0063924624474610611 0.0087247123608826683 -0.0077641702222144941 -0.021093975673597103 -0.0081619366307963299 0.011189083239996726 0.0098689668007606555 -0.012533976211893729 -0.017269224262148601 0.02827092166348065 -0.0050323144536843223 0.0039757482945441272 0.0087161086374571532 0.012057424379977826 -0.0052885209250891768 -0.022764223169062299 -0.037081680490551092 -0.0094072900315369419 0.00165384791198929 -0.018917580940832499 0.032488856196171603
leaf_weight=2068 1883 5781 7754 5765 4020 2400 6800 5082 5276 1310 267 3684 12511 6507 11098 4990 2569 1701 3356 11213 4013 763
leaf_count=2068 1883 5781 7754 5765 4020 2400 6800 5082 5276 1310 267 3684 12511 6507 11098 4990 2569 1701 3356 11213 4013 763
internal_value=-4.62452e-07 -0.00230763 -0.000388813 -0.00197669 -0.00740589 -0.0118752 0.00183697 -0.000383439 -0.00259644 -0.00476872 -0.0180232 0.00676992 0.00027155 0.00854688 0.00726447 0.0026363 -0.0114318 -0.0195491 -0.00237228 -0.000324521 -0.0243287 0.0108562
internal_weight=110811 82649 68844 60327 24893 13805 35434 28634 23552 20873 8381 28162 18276 24478 22595 11497 8350 8114 5424 12523 5714 8517
internal_count=110811 82649 68844 60327 24893 13805 35434 28634 23552 20873 8381 28162 18276 24478 22595 11497 8350 8114 5424 12523 5714 8517
is_linear=0
shrinkage=0.0351744


Tree=76
num_leaves=23
num_cat=0
split_feature=7 6 9 4 3 0 2 0 1 2 8 7 5 8 4 2 3 5 1 0 1 0
split_gain=1371.61 1210.53 1009.53 794.903 753.988 746.642 777.816 607.746 566.273 453.156 447.141 466.466 400.544 398.465 488.985 588.395 404.412 396.579 477.57 374.847 372.257 369.273
threshold=0.029537174986280803 0.041553637582559505 -0.0154027784306552 0.084152524140046411 -0.86659999999999993 -0.0035621910404385498 -0.020339911022023444 -0.034379304198200546 -0.10124865802229639 -0.088466563217258196 0.076689110744080455 0.10994557259447872 0.024619952112044905 0.0088949594191038012 0.031788814264381605 -0.0064470339305020994 -0.89814999999999989 0.077302694435499669 0.16684267536704997 0.0087459754560187519 0.060896187002409612 -0.059785038021376594
decision_type=2 2 2 2 2 2 2 2 2 2 2 2 2 2 2 2 2 2 2 2 2 2
left_child=1 2 13 4 -2 6 -4 -3 -8 -6 11 17 20 14 15 16 -1 19 -19 -11 -10 -14
right_child=3 7 5 -5 9 -7 8 -9 12 10 -12 -13 21 -15 -16 -17 -18 18 -20 -21 -22 -23
leaf_value=-0.033053024933822076 -0.023604403620853691 -0.020341547992778271 -0.015131929449547561 0.014748593694194892 -0.025782252511378955 0.0051308103032368848 0.016028698601077349 -0.0030845928319811959 0.0056078843337987886 -0.0073007513774315689 0.018072498432698821 -0.027750476101935206 -0.03686611101504246 0.014390905449826718 0.018456020643799968 0.0089908926466162921 -0.0021946556449703729 -0.025867649415686863 0.0305289745179326 0.0033036853685465785 -0.015681644641035997 -0.0074131004525065857
leaf_weight=581 3491 3237 5925 1975 1350 20426 2320 11492 5502 9873 1010 1141 657 11143 3198 9078 5501 1711 208 7080 1246 2666
leaf_count=581 3491 3237 5925 1975 1350 20426 2320 11492 5502 9873 1010 1141 657 11143 3198 9078 5501 1711 208 7080 1246 2666
internal_value=-4.4734e-07 0.0022662 0.00424016 -0.00675658 -0.00839946 0.000506465 -0.0046497 -0.00687848 0.000361381 -0.00602604 -0.0047564 -0.00590948 -0.00324636 0.00914283 0.00595632 0.00331825 -0.00514603 -0.00458787 -0.0197441 -0.0028711 0.00167408 -0.0132429
internal_weight=110811 82972 68243 27839 25864 38742 18316 14729 12391 22373 21023 20013 10071 29501 18358 15160 6082 18872 1919 16953 6748 3323
internal_count=110811 82972 68243 27839 25864 38742 18316 14729 12391 22373 21023 20013 10071 29501 18358 15160 6082 18872 1919 16953 6748 3323
is_linear=0
shrinkage=0.0351744


Tree=77
num_leaves=23
num_cat=0
split_feature=3 7 6 0 8 4 2 4 8 5 5 3 8 5 7 9 0 4 6 4 9 7
split_gain=1330.28 1235.04 1105.44 1086.05 781.575 666.968 606.411 579.149 541.774 488.054 434.263 415.516 413.091 371.935 365.741 364.98 357.437 339.716 304.369 280.927 251.231 248.842
threshold=0.83610000000000018 0.040753127502359605 -0.051338700243623546 -0.062054601658982245 -0.031144567112936648 -0.016968690321947994 0.034479150597148955 0.10525850206223876 0.048541814333277207 0.041003737999609255 0.10822796859505861 -0.8748999999999999 0.076689110744080455 0.030025241328595905 0.10994557259447872 0.075766933679636966 0.013996783954891852 -0.069433627047456745 0.020119657372313002 -0.020933196745335246 -0.05975098773632119 -0.026422488281595647
decision_type=2 2 2 2 2 2 2 2 2 2 2 2 2 2 2 2 2 2 2 2 2 2
left_child=1 2 15 13 5 10 8 11 9 -6 20 -3 14 17 16 21 19 -4 -7 -13 -5 -1
right_child=-2 7 3 4 6 18 -8 -9 -10 -11 -12 12 -14 -15 -16 -17 -18 -19 -20 -21 -22 -23
leaf_value=0.020030436631944797 0.0095773409902386482 -0.025303376661914203 -0.034770670571960101 0.006977630601675105 0.0005041750421088155 0.004192534659376447 0.0094601488178863002 0.019197742032075259 0.01092014391024501 -0.010576853164053922 -0.062169991533371792 -0.02325119873410687 0.014035271507189665 -0.027010952591412497 -0.030615282887649978 -0.012202870857943558 -0.0011008639111942252 -0.0056652578905793385 -0.0096715459558982132 -0.0088457347133795734 -0.018187146197957672 0.0083203122793166773
leaf_weight=3801 15441 2347 564 556 26374 4961 11094 791 4961 6044 257 2550 879 2086 1066 762 4367 4142 3237 4900 4126 5505
leaf_count=3801 15441 2347 564 556 26374 4961 11094 791 4961 6044 257 2550 879 2086 1066 762 4367 4142 3237 4900 4126 5505
internal_value=-4.47823e-07 -0.00155134 0.000306064 -0.00129542 0.000175931 -0.00743379 0.00223865 -0.0101765 9.48546e-05 -0.0015613 -0.0176448 -0.0116201 -0.00928505 -0.0146441 -0.0108776 0.011188 -0.00909531 -0.00915808 -0.00127979 -0.0137791 -0.0151951 0.0131053
internal_weight=110811 95370 78470 68402 61610 13137 48473 16900 37379 32418 4939 16109 13762 6792 12883 10068 11817 4706 8198 7450 4682 9306
internal_count=110811 95370 78470 68402 61610 13137 48473 16900 37379 32418 4939 16109 13762 6792 12883 10068 11817 4706 8198 7450 4682 9306
is_linear=0
shrinkage=0.0351744


Tree=78
num_leaves=23
num_cat=0
split_feature=2 0 6 7 1 5 3 2 8 3 9 0 7 4 4 8 0 3 9 7 8 9
split_gain=1295.99 1185.04 1027.01 884.91 858.899 1015.69 671.294 653.684 555.188 505.292 466.966 468.374 409.863 393.45 367.975 423.518 430.852 349.775 347.977 430.137 334.65 314.684
threshold=-0.069640024415746085 0.033166434836737306 0.014067609360347752 -0.020433623801253246 0.0058767452720590507 0.099374248208709659 -0.93604999999999994 0.030440858912344954 -0.038005689863504839 -0.83594999999999986 -0.089855702594301784 0.09118465142868247 -0.038597385459428493 -0.040953029330111239 0.05174505621343576 0.04066983080549421 -0.059785038021376594 0.92175000000000007 -0.018438498402095497 0.05516564797992491 0.032045198404165955 0.045236436153842957
decision_type=2 2 2 2 2 2 2 2 2 2 2 2 2 2 2 2 2 2 2 2 2 2
left_child=10 2 3 21 5 7 -4 13 17 -6 -1 12 -12 -5 15 16 -10 -8 -3 -20 -14 -2
right_child=1 18 6 4 9 -7 8 -9 14 -11 11 -13 20 -15 -16 -17 -18 -19 19 -21 -22 -23
leaf_value=0.017944314172972365 0.012221892228944001 0.013327534870457115 -0.02454290776922426 -0.011416710641965377 -0.033652852037487607 -0.025407316782934404 -0.016731223997455989 0.013464213762747411 -0.024247136493193919 -0.0076121246104273524 -0.0019002456299965999 0.0087582826521679803 -0.024248181719690537 0.0026662771075324893 0.011551063486914676 0.0074867586721266222 -0.0041656373196639592 0.024914630484087104 0.0069411579834135111 -0.012449979331610203 -0.0070492584472873192 -0.0014752471075152966
leaf_weight=629 11491 9755 2250 2893 1087 1562 5062 6476 1461 6091 2049 1071 5334 16182 2228 3496 13923 262 11463 1614 1902 2530
leaf_count=629 11491 9755 2250 2893 1087 1562 5062 6476 1461 6091 2049 1071 5334 16182 2228 3496 13923 262 11463 1614 1902 2530
internal_value=-4.51281e-07 0.00126128 -0.000825498 0.00230439 -0.000739191 0.00212462 -0.00609805 0.00380852 -0.00452718 -0.0115586 -0.0114677 -0.013256 -0.0157972 0.000529437 -0.001966 -0.0035621 -0.00607407 -0.014678 0.00829898 0.00454645 -0.01973 0.00974916
internal_weight=110811 99826 76994 48312 34291 27113 28682 25551 26432 7178 10985 10356 9285 19075 21108 18880 15384 5324 22832 13077 7236 14021
internal_count=110811 99826 76994 48312 34291 27113 28682 25551 26432 7178 10985 10356 9285 19075 21108 18880 15384 5324 22832 13077 7236 14021
is_linear=0
shrinkage=0.0351744


Tree=79
num_leaves=23
num_cat=0
split_feature=2 0 6 5 1 2 1 6 8 8 9 8 7 7 5 3 9 3 4 3 6 7
split_gain=1233.78 1210.01 1111.06 965.392 999.579 981.544 864.429 636.174 539.476 535.498 518.163 511.504 434.195 433.713 416.351 412.111 391.819 361.817 347.373 308.353 276.133 268.746
threshold=-0.096374697003733731 0.04157052901458911 -0.051338700243623546 0.089060067168469773 0.023233723475790755 -0.020339911022023444 0.17472039115599697 0.014067609360347752 -0.008642348919145398 0.043887263718995706 0.083247578169780109 -0.04682881096063659 -0.048998132705355586 0.078565514943708517 -0.023330763589271997 -0.93604999999999994 0.035488849536434205 -0.5422499999999999 0.0067753308193450506 0.82730000000000004 0.079436117404805454 -0.026422488281595647
decision_type=2 2 2 2 2 2 2 2 2 2 2 2 2 2 2 2 2 2 2 2 2 2
left_child=17 2 10 4 5 9 8 16 18 14 21 -9 20 -3 -4 -14 -7 -1 -5 -17 -6 -2
right_child=1 13 3 6 12 7 -8 11 -10 -11 -12 -13 15 -15 -16 19 -18 -19 -20 -21 -22 -23
leaf_value=-0.026438220896058785 0.020095738061978192 0.010088941340792135 -0.00072853355289086467 -0.045227552657036742 0.0077077759714399988 0.0094395853285304445 0.026557691087069665 -0.01639368564186082 -0.010657766169602021 0.0095314174448972982 -0.022019942141090352 0.00084480226150659792 -0.041477361517625981 -0.011310234385854783 -0.014392057583155494 -0.014009478764141381 -0.0017492946418906107 -0.0079657733621860769 -0.015710903556399952 0.0011285227500367225 -0.018093480206411366 0.0076539265084399266
leaf_weight=2465 3328 18329 4133 1394 2406 19382 504 2479 2459 2052 586 15096 585 1251 8317 8851 4836 2812 767 2048 652 6079
leaf_count=2465 3328 18329 4133 1394 2406 19382 504 2479 2459 2052 586 15096 585 1251 8317 8851 4836 2812 767 2048 652 6079
internal_value=-4.49919e-07 0.00082936 -0.000968096 -0.00241877 -0.001352 0.000771379 -0.0171626 0.0035076 -0.0219364 -0.00711288 0.0100573 -0.00158592 -0.0095731 0.00872078 -0.00985761 -0.0127097 0.00720464 -0.0165984 -0.0347609 -0.0111634 0.00220055 0.0120576
internal_weight=110811 105534 85954 75961 70837 56295 5124 41793 4620 14502 9993 17575 14542 19580 12450 11484 24218 5277 2161 10899 3058 9407
internal_count=110811 105534 85954 75961 70837 56295 5124 41793 4620 14502 9993 17575 14542 19580 12450 11484 24218 5277 2161 10899 3058 9407
is_linear=0
shrinkage=0.0351744


Tree=80
num_leaves=23
num_cat=0
split_feature=9 7 2 0 6 5 4 3 9 8 4 7 3 1 9 0 1 8 4 1 5 4
split_gain=1187.05 1309.26 961.769 843.13 821.322 578.86 541.677 467.122 400.289 399.989 478.668 398.038 381.144 377.126 349.024 316.573 296.491 295.837 309.112 294.709 286.751 279.25
threshold=-0.068292372760330025 -0.011851749162440698 -0.081646643084545792 -0.0049323831614139996 0.04088917104569486 0.099374248208709659 -0.071252759403181584 -0.9020999999999999 0.034612091758803705 0.023596620216478455 0.0022027289066186002 0.10994557259447872 -0.95584999999999987 -0.10568841082074489 0.03707589437244601 -0.070203836539899839 -0.015968022977862244 -0.034439889161582297 -0.018290733920946246 -0.13936677746106751 -0.00049395148684884982 0.059325650782122909
decision_type=2 2 2 2 2 2 2 2 2 2 2 2 2 2 2 2 2 2 2 2 2 2
left_child=12 4 -3 7 8 6 -5 19 21 10 20 16 -1 -10 -11 -15 -8 18 -7 -4 -9 -2
right_child=1 2 3 5 -6 17 11 9 13 14 -12 -13 -14 15 -16 -17 -18 -19 -20 -21 -22 -23
leaf_value=-0.045208017253863107 0.0078533670448389051 -0.02087142469558903 0.015078573764642533 -0.022924180253405705 -0.0065274015930997936 -0.066605916313621366 0.0067063989875596241 -0.0076344947344685098 0.01251954001040074 0.006396675261560728 -0.0018489951989231759 -0.025493811313126447 0.010587393641882364 -0.029591066190460029 -0.013466204968227848 -0.002083024111750867 -0.001018677864080046 -0.0087049342438554698 -0.015381699209881357 -0.02145472204530912 -0.019736801263109206 0.022059475108294948
leaf_weight=153 19335 4130 294 1026 7397 262 16136 4804 2120 4759 7361 588 12964 575 1421 5195 9924 1507 331 3750 4899 1880
leaf_count=153 19335 4130 294 1026 7397 262 16136 4804 2120 4759 7361 588 12964 575 1421 5195 9924 1507 331 3750 4899 1880
internal_value=-4.63183e-07 -0.00133461 -0.00447971 -0.00329297 0.00393738 0.000799768 0.00215138 -0.00775916 0.00659758 -0.00583846 -0.00861544 0.0031176 0.00993476 -0.000164495 0.00182657 -0.00482794 0.00376396 -0.0170028 -0.0380539 -0.0187941 -0.0137468 0.00911321
internal_weight=110811 97694 61192 57062 36502 29774 27674 27288 29105 23244 17064 26648 13117 7890 6180 5770 26060 2100 593 4044 9703 21215
internal_count=110811 97694 61192 57062 36502 29774 27674 27288 29105 23244 17064 26648 13117 7890 6180 5770 26060 2100 593 4044 9703 21215
is_linear=0
shrinkage=0.0351744


Tree=81
num_leaves=23
num_cat=0
split_feature=3 7 6 5 8 4 1 3 4 0 2 4 9 5 0 5 1 1 8 6 0 0
split_gain=1156.13 1136.79 930.625 882.152 831.991 786.27 569.582 695.633 526.043 469.714 457.521 408.221 400.986 379.724 364.415 322.573 320.812 298.647 295.619 290.983 285.527 278.185
threshold=0.74330000000000018 0.040753127502359605 -0.051338700243623546 -0.010658947213939849 0.0096728428451289521 -0.05534494268742244 -0.084048729646192075 -0.93604999999999994 0.10525850206223876 -0.05551447834488369 0.052653032725073157 -0.031313150953097245 0.031334909680231157 0.099374248208709659 -0.0030590357167551998 0.14177564617113228 0.096473599710589761 -0.020544636777111245 0.076689110744080455 0.04088917104569486 -0.01557486765853945 -0.096975438815718226
decision_type=2 2 2 2 2 2 2 2 2 2 2 2 2 2 2 2 2 2 2 2 2 2
left_child=1 2 17 10 5 -5 15 -8 13 12 11 14 -6 18 -4 -7 19 -1 20 -13 -3 -2
right_child=21 8 3 4 9 6 7 -9 -10 -11 -12 16 -14 -15 -16 -17 -18 -19 -20 -21 -22 -23
leaf_value=0.016102416297394135 -0.027471102000842799 -0.017906643642174546 -0.01730963848466505 -0.031752523413710772 -0.0045352557365406828 0.0078409962140536596 -0.031751385111574021 -0.0077346054844054692 0.019230426074420142 0.0042340891574290844 0.013789474912200686 0.0078305053320635275 -0.041004626480103522 -0.032856733386020957 0.0014236736426495285 -0.046445404774405813 -0.0094913114969002125 0.0033990079773991403 0.0086616260837654602 -0.0039893477758455196 -0.0072790667993183579 0.0074140529289758953
leaf_weight=5114 286 5443 2445 1792 1317 3294 1657 15044 702 11763 4274 12711 521 1000 2704 141 2005 4153 937 3230 7373 22905
leaf_count=5114 286 5443 2445 1792 1317 3294 1657 15044 702 11763 4274 12711 521 1000 2704 141 2005 4153 937 3230 7373 22905
internal_value=-5.00964e-07 -0.00184905 4.84194e-06 -0.00152815 -0.00518442 -0.00942367 -0.00743545 -0.0101187 -0.0105065 0.00164907 0.00321763 0.00126038 -0.0148847 -0.0119229 -0.00746887 0.00560569 0.00376591 0.0104113 -0.0103991 0.00543448 -0.0117941 0.00698293
internal_weight=110811 87620 72165 62898 35529 21928 20136 16701 15455 13601 27369 23095 1838 14753 5149 3435 17946 9267 13753 15941 12816 23191
internal_count=110811 87620 72165 62898 35529 21928 20136 16701 15455 13601 27369 23095 1838 14753 5149 3435 17946 9267 13753 15941 12816 23191
is_linear=0
shrinkage=0.0351744


Tree=82
num_leaves=23
num_cat=0
split_feature=2 0 4 8 5 1 8 1 6 7 0 0 5 9 1 4 8 9 7 1 4 5
split_gain=1120.35 956.928 727.086 649.229 657.958 850.975 600.467 562.049 513.711 469.828 473.357 415.254 408.144 399.133 394.093 379.703 378.579 369.437 348.979 345.499 317.594 433.629
threshold=0.034479150597148955 0.0087459754560187519 0.084152524140046411 0.009287038596394551 0.0113560394668704 0.036597395995265555 -0.057584775010464488 0.17472039115599697 -0.041579840070216846 0.088546654434736263 0.086436990967349567 -0.076708091414308774 0.096436362004837364 0.069482572948385363 -0.082414810638072031 -0.026621527383901198 0.10382802237438966 0.0084215845490301523 0.0079593612138711516 -0.11939589641391414 0.0095292185073733524 0.05408932826314871
decision_type=2 2 2 2 2 2 2 2 2 2 2 2 2 2 2 2 2 2 2 2 2 2
left_child=1 2 3 4 5 8 -3 12 -1 10 15 -5 14 19 -6 -8 17 -13 -10 -2 21 -21
right_child=13 6 -4 11 7 -7 9 -9 18 -11 -12 16 -14 -15 -16 -17 -18 -19 -20 20 -22 -23
leaf_value=0.012719602686253996 0.022161992837319944 -0.013479552663102646 0.01276875414773449 -0.015269021711309932 0.0008977596873570526 -0.022048091750596372 -0.0046282366903819816 0.0126346254929349 0.00065001300092383356 -0.019257366214867847 0.016112864184501523 0.0044386567209972983 -0.036759438430375137 -0.0047327200089325189 -0.019175162472213781 0.0052250168409505634 0.028929114161536176 -0.0072147401251509546 -0.011400452159530252 0.0062789463645555972 0.012223085999985105 -0.0093561627360323456
leaf_weight=2500 1883 2712 2614 2170 1450 3115 6326 766 6562 1060 3838 8970 1331 3684 7267 20563 585 5387 5433 12122 7794 2679
leaf_count=2500 1883 2712 2614 2170 1450 3115 6326 766 6562 1060 3838 8970 1331 3684 7267 20563 585 5387 5433 12122 7794 2679
internal_value=-5.03789e-07 -0.00206521 -0.00526901 -0.00630488 -0.00956371 -0.00536853 0.00240585 -0.0163936 -0.00178271 0.00376174 0.00455648 -0.000890763 -0.0186084 0.00605831 -0.0158343 0.00290627 0.0011964 6.4906e-05 -0.0048068 0.00768308 0.00647557 0.00344778
internal_weight=110811 82649 48150 45536 28424 17610 34499 10814 14495 31787 30727 17112 10048 28162 8717 26889 14942 14357 11995 24478 22595 14801
internal_count=110811 82649 48150 45536 28424 17610 34499 10814 14495 31787 30727 17112 10048 28162 8717 26889 14942 14357 11995 24478 22595 14801
is_linear=0
shrinkage=0.0351744


Tree=83
num_leaves=23
num_cat=0
split_feature=2 0 4 8 2 5 3 4 6 6 7 1 5 7 0 5 9 1 0 9 6 5
split_gain=1093.61 1047.02 1004.56 806.823 760.531 674.044 602.077 475.775 568.059 443.743 416.749 412.613 441.549 370.405 351.535 371.035 330.39 322.261 284.165 269.935 314.974 269.468
threshold=-0.096374697003733731 0.04157052901458911 0.0022027289066186002 0.048541814333277207 0.016253589878105903 0.056332968018799556 -0.93924999999999992 0.094691000577307102 0.04088917104569486 -0.053366629519776838 0.050150687741229556 0.023233723475790755 0.0024373400549338505 0.078565514943708517 -0.022391428282530695 -0.036011523758746687 -0.089855702594301784 -0.13420704563369165 0.09118465142868247 0.052464080104266959 0.041553637582559505 0.040064854192119456
decision_type=2 2 2 2 2 2 2 2 2 2 2 2 2 2 2 2 2 2 2 2 2 2
left_child=16 2 3 4 10 19 -4 8 11 -7 14 12 -8 -3 17 -16 -1 -2 -18 20 -6 -13
right_child=1 13 6 -5 5 9 7 -9 -10 -11 -12 21 -14 -15 15 -17 18 -19 -20 -21 -22 -23
leaf_value=0.017264174485799554 0.021930762322969862 0.0093858665055885759 -0.012142220488416377 0.0086960315565435542 0.0072704192019488901 0.025114788474316904 0.011715080527655602 0.019309704374099537 -0.0070833369475908296 -0.020181942542566406 -0.024139792796311777 -0.007562021840680163 0.0019411895591466952 -0.010389478968339316 0.0076164934450554701 -0.0079951854375659038 -0.021212355691291637 -0.016236358204711438 0.0040960752744317631 -0.0084176667394540317 -0.0067826217473413329 0.0085843667472029379
leaf_weight=352 284 18329 2948 5119 9968 296 12962 2463 5480 2747 2437 4364 10242 1251 2295 10480 4297 7212 628 2390 2459 1808
leaf_count=352 284 18329 2948 5119 9968 296 12962 2463 5480 2747 2437 4364 10242 1251 2295 10480 4297 7212 628 2390 2459 1808
internal_value=-4.76985e-07 0.000780765 -0.000891236 -0.00446131 -0.00612199 -0.000690445 0.00315897 0.00436817 0.00331181 -0.0157692 -0.0103932 0.00525159 0.00740175 0.00812146 -0.00873953 -0.00518922 -0.0156271 -0.0147877 -0.0179818 0.00240534 0.00448827 -0.00282937
internal_weight=110811 105534 85954 45687 40568 17860 40267 37319 34856 3043 22708 29376 23204 19580 20271 12775 5277 7496 4925 14817 12427 6172
internal_count=110811 105534 85954 45687 40568 17860 40267 37319 34856 3043 22708 29376 23204 19580 20271 12775 5277 7496 4925 14817 12427 6172
is_linear=0
shrinkage=0.0351744


Tree=84
num_leaves=23
num_cat=0
split_feature=9 4 0 7 4 7 6 8 2 2 7 5 1 8 2 0 2 2 0 6 4 6
split_gain=1054.08 844.924 724.298 716.809 622.277 727.216 512.276 498.959 585.767 488.427 487.266 452.94 454.286 435.409 381.572 381.186 326.187 309.946 298.486 320.223 370.179 289.837
threshold=-0.0154027784306552 -0.040953029330111239 -0.065856962706443936 0.051083644951331754 0.058027088639763656 0.0067192280350273506 0.042243451051296461 0.032709307130565655 -0.13294320776811239 -0.050582545528229592 -0.04632313950314474 0.029329672664128403 0.080261532039906172 0.074300406124466561 -0.031821152397015197 0.044730928456852857 0.090411043541748962 0.060044182131756406 0.018949402766859854 -0.012769260415367698 -0.023728779903941496 -0.06456091515525994
decision_type=2 2 2 2 2 2 2 2 2 2 2 2 2 2 2 2 2 2 2 2 2 2
left_child=4 13 -3 10 5 6 -1 9 -9 -7 -4 12 14 16 -12 17 21 -13 19 20 -11 -2
right_child=1 2 3 -5 -6 7 -8 8 -10 18 11 15 -14 -15 -16 -17 -18 -19 -20 -21 -22 -23
leaf_value=0.0089065370437732098 0.0063405017694016285 -0.015175705081882635 0.010593766029411445 -0.011878786956043977 0.015323422601835467 -0.022000696998494829 -0.0038468305269689471 -0.053944877532441073 0.012137639987246863 -0.013438011644087759 -0.0037749808644237234 -0.011445930890453546 -0.0084982483451580826 0.014844405134046463 0.0072004011103749604 0.0072899933442338478 0.0074050391775531384 0.011660144248399583 0.0051071667736062648 -0.01066700500760631 0.012359415466739337 -0.01895194322730288
leaf_weight=20097 606 4291 6195 5631 5211 1927 4832 174 3494 1069 5178 7927 3922 653 16098 2115 739 789 3922 6700 1930 7311
leaf_count=20097 606 4291 6195 5631 5211 1927 4832 174 3494 1069 5178 7927 3922 653 16098 2115 739 789 3922 6700 1930 7311
internal_value=-4.49622e-07 -0.00307502 -0.00133204 -9.03327e-05 0.00382747 0.00247003 0.00643387 -0.00267143 0.00899606 -0.00542509 0.00148142 -8.49758e-05 0.00250022 -0.0128366 0.0045285 -0.00610084 -0.014927 -0.00935221 -0.00307864 -0.00639049 0.00315809 -0.0170138
internal_weight=110811 61455 52146 47855 49356 44145 24929 19216 3668 15548 42224 36029 25198 9309 21276 10831 8656 8716 13621 9699 2999 7917
internal_count=110811 61455 52146 47855 49356 44145 24929 19216 3668 15548 42224 36029 25198 9309 21276 10831 8656 8716 13621 9699 2999 7917
is_linear=0
shrinkage=0.0351744


Tree=85
num_leaves=23
num_cat=0
split_feature=3 4 5 2 3 0 1 8 8 5 4 7 6 1 6 0 6 8 0 1 6 2
split_gain=1032 957.425 1010.77 889.68 695.249 652.504 623.573 593.957 467.717 446.913 437.181 527.184 384.998 383.088 462.593 378.401 375.703 365.4 348.476 338.87 322.242 302.719
threshold=0.83610000000000018 0.014634885021916151 0.055179646868793709 0.016785010834436401 -0.96084999999999987 0.04157052901458911 0.025563501414801303 0.025111038252633753 0.048541814333277207 0.15998967271130632 0.11247527283319292 0.045848820802582659 -0.039994249425300894 -0.026579094057372146 0.015010166154987853 -0.071648425880399144 0.0013121196898274502 -0.013399367864138497 0.024181560287199855 0.12596055925824673 0.052059264200434656 0.0057539464899786013
decision_type=2 2 2 2 2 2 2 2 2 2 2 2 2 2 2 2 2 2 2 2 2 2
left_child=1 2 3 5 -3 6 8 9 16 12 11 15 21 14 -5 -6 -1 -7 -15 -14 -17 -4
right_child=-2 4 7 13 10 17 -8 -9 -10 -11 -12 -13 19 18 -16 20 -18 -19 -20 -21 -22 -23
leaf_value=-0.0022637845122674052 0.008435510397493684 -0.020995027726063285 -0.015864787532146721 0.014263305686820521 -0.0096666676624194876 -0.006404244033708169 -0.018838511187640204 0.00041212534062836579 0.010531286928612609 -0.049819686615872334 0.022403452458043937 -0.007106263614026595 -0.024026049531901916 -0.0064425239402524292 -0.00028089926125325035 0.0085928677315776844 -0.012038429659204897 0.010105554473797858 0.0086682954593037629 0.001884686266648215 -0.0043382725778354728 0.021538396366572104
leaf_weight=10037 15441 1361 549 6540 1814 2626 5243 2501 2082 555 1633 4684 4823 5901 4611 19737 9451 4498 2776 716 2710 522
leaf_count=10037 15441 1361 549 6540 1814 2626 5243 2501 2082 555 1633 4684 4823 5901 4611 19737 9451 4498 2776 716 2710 522
internal_value=-4.26096e-07 -0.00136644 -0.00386739 -0.00198434 0.00359992 -0.0054431 -0.00795733 -0.0143395 -0.00531156 -0.0194909 0.00469527 0.00369553 -0.0169407 0.00393474 0.00824779 0.00578172 -0.00700506 0.00401749 -0.00160619 -0.0206737 0.00703095 0.00235032
internal_weight=110811 95370 63431 53765 31939 33937 26813 9666 21570 7165 30578 28945 6610 19828 11151 24261 19488 7124 8677 5539 22447 1071
internal_count=110811 95370 63431 53765 31939 33937 26813 9666 21570 7165 30578 28945 6610 19828 11151 24261 19488 7124 8677 5539 22447 1071
is_linear=0
shrinkage=0.0351744


Tree=86
num_leaves=23
num_cat=0
split_feature=2 9 6 4 0 4 8 0 7 7 9 5 7 5 0 9 1 3 2 5 4 7
split_gain=982.082 895.092 654.754 648.217 559.516 533.765 523.445 505.091 456.082 387.141 375.641 350.057 340.18 337.439 317.419 304.79 340.552 303.876 302.34 291.134 279.103 275.605
threshold=-0.081646643084545792 0.0032962987332410005 0.020119657372313002 -0.066164460506163439 -0.029470645471271848 0.076116961735840413 0.0080869024093621015 0.019943716421292654 0.0058722753564932504 0.00080144080836265009 -0.089855702594301784 -0.046695355500770044 -0.019491318007932894 0.14177564617113228 0.06821141309322841 0.094949386485631324 -0.13936677746106751 -0.93924999999999992 0.059164201189952456 0.13480056399582926 -0.045826648680994099 0.065880069186582471
decision_type=2 2 2 2 2 2 2 2 2 2 2 2 2 2 2 2 2 2 2 2 2 2
left_child=10 2 8 -3 11 6 7 17 -2 -6 -1 -5 -13 -9 -12 16 -14 -4 19 21 -10 -11
right_child=1 3 5 4 9 -7 -8 13 20 18 14 12 15 -15 -16 -17 -18 -19 -20 -21 -22 -23
leaf_value=0.01777032500368694 0.0097010671944222707 -0.021471855354001194 -0.042547935544806161 0.001265556298159728 0.0043977557155538928 0.019259969867418535 0.0044517478864462435 0.0036228157059774572 -0.0081457914817391047 -0.002486101389776767 -0.017380379830948898 -0.0028348114887401135 0.031973850621212593 -0.10739534712735894 0.0013641944121437076 -0.047652633042889046 -0.018069605300670543 -0.011203283825722487 0.0086236041783474132 -0.032404358420534594 0.0040029043856045516 -0.017820660052737716
leaf_weight=493 21866 2225 404 2875 15161 1426 7128 3884 2755 10706 6050 2538 175 34 1369 414 4137 7362 2154 483 15494 1678
leaf_count=493 21866 2225 404 2875 15161 1426 7128 3884 2755 10706 6050 2538 175 34 1369 414 4137 7362 2154 483 15494 1678
internal_value=-4.25363e-07 0.000917652 0.00367222 -0.00298941 -0.00196901 -0.00148516 -0.00305874 -0.00764204 0.00627453 0.000432019 -0.0119423 -0.00911799 -0.0132299 0.0026507 -0.0139193 -0.0188085 -0.0160336 -0.0128369 -0.00356958 -0.00561215 0.00216788 -0.00456545
internal_weight=110811 102899 60353 42546 40321 20238 18812 11684 40115 30182 7912 10139 7264 3918 7419 4726 4312 7766 15021 12867 18249 12384
internal_count=110811 102899 60353 42546 40321 20238 18812 11684 40115 30182 7912 10139 7264 3918 7419 4726 4312 7766 15021 12867 18249 12384
is_linear=0
shrinkage=0.0351744


Tree=87
num_leaves=23
num_cat=0
split_feature=7 3 4 9 6 0 1 2 8 7 5 2 8 5 2 8 1 0 2 8 0 9
split_gain=947.519 1019.53 914.48 870.985 713.452 643.122 611.085 428.901 451.218 426.952 410.989 377.691 374.421 360.891 344.356 416.624 284.492 282.797 273.127 272.102 269.202 254.789
threshold=-0.034659106180244745 -0.93364999999999987 -0.069433627047456745 -0.068292372760330025 0.050367061645838811 -0.0021966686799221495 -0.012671036047544099 0.04206493927765801 0.088434083245857109 0.10994557259447872 0.14177564617113228 -0.068029734234783937 0.0096728428451289521 0.093828750910579212 -0.014832961824089648 -0.00037192131382074992 -0.050552783436867393 -0.10991302374874019 -0.11004754385454064 -0.0014906326246040497 0.072805073274179413 -0.0090551842055570982
decision_type=2 2 2 2 2 2 2 2 2 2 2 2 2 2 2 2 2 2 2 2 2 2
left_child=4 6 12 -4 18 7 14 8 13 10 11 -7 21 -5 15 -2 -9 -14 -1 -12 -8 -3
right_child=1 2 3 5 -6 9 20 16 -10 -11 19 -13 17 -15 -16 -17 -18 -19 -20 -21 -22 -23
leaf_value=-0.012286934545765094 -0.034456765110254792 -0.014391141057677829 0.010822843668749364 -0.0063631112279961379 -0.0063982886610796357 -0.0080178519959634917 -0.038909366290989386 0.01102300269586317 0.020575634966172117 -0.025904459903219573 -0.040725146447167612 0.0045252024642624929 -0.03920353235957328 -0.024187441648889051 -0.00061242268006323852 -0.0034217590071626593 -0.0037112751929171128 -0.00062019362787441674 0.010409621518709616 0.00094932729009749911 0.028093123553532072 -0.035803138750778639
leaf_weight=681 1124 1622 8749 23391 4297 3279 1380 3171 732 654 440 31444 263 1496 2588 1024 3315 2208 17331 345 78 1199
leaf_count=681 1124 1622 8749 23391 4297 3279 1380 3171 732 654 440 31444 263 1496 2588 1024 3315 2208 17331 345 78 1199
internal_value=-4.22044e-07 -0.0016336 -0.00059772 0.000373962 0.00647777 -0.000964931 -0.0153957 -0.00458842 -0.00663426 0.00225159 0.00277076 0.00334021 -0.0147416 -0.00743538 -0.0092602 -0.0196708 0.00348983 -0.00473586 0.00955048 -0.0223921 -0.0353107 -0.0234993
internal_weight=110811 88502 82308 77016 22309 68267 6194 32105 25619 36162 35508 34723 5292 24887 4736 2148 6486 2471 18012 785 1458 2821
internal_count=110811 88502 82308 77016 22309 68267 6194 32105 25619 36162 35508 34723 5292 24887 4736 2148 6486 2471 18012 785 1458 2821
is_linear=0
shrinkage=0.0351744


Tree=88
num_leaves=23
num_cat=0
split_feature=3 4 1 8 0 5 8 2 5 1 9 9 1 4 2 9 2 9 8 6 4 7
split_gain=925.878 890.199 926.383 1076.12 928.427 621.045 545.686 513.25 484.406 506.936 339.462 275.43 270.579 267.616 265.217 253.339 394.942 245.136 227.646 231.895 224.72 225.437
threshold=0.83610000000000018 0.05287311430924841 -0.11635500304588028 -0.048501395903668691 -0.056602689056735343 0.17465723710244555 0.03603499465970026 0.024416497966174552 0.014685993180386303 0.10928211184081101 -0.089855702594301784 0.059598292638332252 -0.05003017432751649 -0.089219937498871346 -0.096374697003733731 0.053553515088694055 -0.0015376911176718997 -0.0054171620886451994 0.074300406124466561 -0.10249040835926683 0.13497806032799703 0.045848820802582659
decision_type=2 2 2 2 2 2 2 2 2 2 2 2 2 2 2 2 2 2 2 2 2 2
left_child=1 2 13 8 10 6 7 -6 14 12 -5 20 -10 -1 -4 16 -15 -8 19 -12 21 -3
right_child=-2 11 3 4 5 -7 17 -9 9 -11 18 -13 -14 15 -16 -17 -18 -19 -20 -21 -22 -23
leaf_value=-0.027729698172186287 0.0079899615678448582 0.011810360097476987 -0.032696702506626825 0.018430874296808578 -0.0042960708038204641 -0.04897960096995143 0.012209489627983973 0.0036842794378215455 -0.017610762221421189 0.0050876318851179646 0.029490912732952658 -0.0058347386547050644 -0.037604721605031644 0.0038863878599563915 -0.0057513780559956618 0.0023065414177953249 0.023873865938466705 0.001460390723712651 0.001618171038425198 -0.018242780117924132 0.027217264172278675 -0.0029231892504955185
leaf_weight=247 15441 6391 494 393 33341 326 5363 14223 1455 632 128 1438 1988 2290 5343 3615 2631 5149 889 6508 920 1606
leaf_count=247 15441 6391 494 393 33341 326 5363 14223 1455 632 128 1438 1988 2290 5343 3615 2631 5149 889 6508 920 1606
internal_value=-4.60295e-07 -0.00129435 -0.00248052 -0.00372699 -0.00211103 -0.000578313 -0.000306197 -0.00190936 -0.0145373 -0.0238456 -0.0134137 0.00844248 -0.0291614 0.00833616 -0.00803553 0.00938224 0.0145765 0.00694604 -0.0150794 -0.0173188 0.0107468 0.00884941
internal_weight=110811 95370 85015 76232 66320 58402 58076 47564 9912 4075 7918 10355 3443 8783 5837 8536 4921 10512 7525 6636 8917 7997
internal_count=110811 95370 85015 76232 66320 58402 58076 47564 9912 4075 7918 10355 3443 8783 5837 8536 4921 10512 7525 6636 8917 7997
is_linear=0
shrinkage=0.0351744


Tree=89
num_leaves=23
num_cat=0
split_feature=7 6 9 1 0 4 3 3 8 0 5 3 1 5 9 6 2 4 5 1 1 0
split_gain=881.296 825.895 676.527 606.757 575.895 498.716 515.66 432.126 351.997 584.871 349.486 319.817 345.819 392.708 387.736 308.776 300.065 273.972 294.769 308.81 267.447 261.27
threshold=0.029537174986280803 0.041553637582559505 -0.0033183031622648997 -0.096969110531026886 -0.0035621910404385498 0.084152524140046411 0.20145000000000005 -0.94494999999999985 -0.0082565660577223494 -0.034379304198200546 0.017703287300454302 -0.96374999999999988 -0.069866340071900984 0.091448979704867608 0.034612091758803705 -0.044849816665839447 -0.042279608257036541 -0.073118113585582525 -0.010658947213939849 0.076995206897744417 0.096473599710589761 -0.033814909551103042
decision_type=2 2 2 2 2 2 2 2 2 2 2 2 2 2 2 2 2 2 2 2 2 2
left_child=1 2 15 -4 10 6 8 -3 11 -10 20 -2 13 14 -13 -1 -17 -6 19 -19 -5 -9
right_child=5 7 3 4 17 -7 -8 21 9 -11 -12 12 -14 -15 -16 16 -18 18 -20 -21 -22 -23
leaf_value=0.013067166080566617 -0.055177383730811255 -0.029595378581128901 0.0087097466412046163 -0.00072873452674727013 -0.028361576189359274 0.011617158772604783 -0.0011983690765935348 -0.013504428136431573 -0.0200758794262825 0.00026674511937784217 -0.016015687589300408 0.016393992666319881 -0.021324536762029726 -0.054393012347473423 -0.01806407556096877 -0.0031780309257782714 0.00667071608198964 0.014327053699638981 -0.0013532372169596113 -0.0055785122087705901 -0.019120823231900851 -0.0016989784438804982
leaf_weight=7605 266 883 7269 6166 352 1975 11577 2948 2580 5421 4609 978 4187 167 688 4562 23700 3971 7574 1272 1163 10898
leaf_count=7605 266 883 7269 6166 352 1975 11577 2948 2580 5421 4609 978 4187 167 688 4562 23700 3971 7574 1272 1163 10898
internal_value=-4.2575e-07 0.00181644 0.00344694 -0.000238745 -0.00283022 -0.00541602 -0.00671739 -0.00573691 -0.0111883 -0.00629113 -0.00842561 -0.0174186 -0.015746 -0.00299352 0.00215366 0.00677434 0.00508035 0.00224091 0.00308301 0.00949459 -0.00364991 -0.00421385
internal_weight=110811 82972 68243 32376 25107 27839 25864 14729 14287 8001 11938 6286 6020 1833 1666 35867 28262 13169 12817 5243 7329 13846
internal_count=110811 82972 68243 32376 25107 27839 25864 14729 14287 8001 11938 6286 6020 1833 1666 35867 28262 13169 12817 5243 7329 13846
is_linear=0
shrinkage=0.0351744


Tree=90
num_leaves=23
num_cat=0
split_feature=2 0 6 3 5 1 4 8 9 2 9 8 9 7 3 1 2 8 1 7 4 9
split_gain=861.966 857.158 808.005 712.722 673.022 732.383 685.898 593.692 549.091 434.875 425.754 352.604 352.235 311.901 295.246 294.184 287.851 236.747 233.802 229.204 224.186 255.507
threshold=-0.096374697003733731 0.04157052901458911 -0.050199045317447295 0.89800000000000013 0.030025241328595905 0.045355472178381158 -0.066164460506163439 -0.062774183508371592 0.0010551424996713002 1.0000000180025095e-35 0.083247578169780109 0.070155622994417452 -0.058841439165573599 0.080610931652623008 -0.5422499999999999 0.070421574323952615 -0.042279608257036541 0.03680655241817176 -0.046072066004982641 -0.048998132705355586 -0.033075592060119792 -0.079598744515618977
decision_type=2 2 2 2 2 2 2 2 2 2 2 2 2 2 2 2 2 2 2 2 2 2
left_child=14 2 10 4 5 6 17 15 16 -8 -2 -10 -7 -3 20 18 -9 -4 -6 -14 -1 -22
right_child=1 13 3 -5 7 12 9 8 11 -11 -12 -13 19 -15 -16 -17 -18 -19 -20 -21 21 -23
leaf_value=-0.038078651607228405 0.010203622443390428 0.0084454823830376578 -0.02484245440775 0.010106457584512651 -0.020009593927460417 0.0082253423993197527 -0.0022316271392789325 -0.017261368992716714 -0.015049070759714662 0.0050351575457114797 -0.020079760498719065 0.011821506378257504 -0.001005834070645523 -0.010413339863545708 -0.0060753808298492518 0.00033801534607342116 0.0023406270033997567 0.0048588681044612666 -0.04808302609027712 -0.016648875863115725 0.044651172061859541 -0.018554906863801193
leaf_weight=800 9711 18428 1658 5505 704 1066 18192 1065 7817 23155 610 654 1460 1152 2812 369 7138 414 774 5662 83 1582
leaf_count=800 9711 18428 1658 5505 704 1066 18192 1065 7817 23155 610 654 1460 1152 2812 369 7138 414 774 5662 83 1582
internal_value=-4.64378e-07 0.000693105 -0.000819709 -0.0020797 -0.00303657 -0.000971891 0.000847429 -0.00878863 -0.00669117 0.00183749 0.00841189 -0.0129724 -0.0106212 0.00733499 -0.0138738 -0.0277124 -0.000202579 -0.0189 -0.0347261 -0.0134445 -0.0227623 -0.01539
internal_weight=110811 105534 85954 75633 70128 51607 43419 18521 16674 41347 10321 8471 8188 19580 5277 1847 8203 2072 1478 7122 2465 1665
internal_count=110811 105534 85954 75633 70128 51607 43419 18521 16674 41347 10321 8471 8188 19580 5277 1847 8203 2072 1478 7122 2465 1665
is_linear=0
shrinkage=0.0351744


Tree=91
num_leaves=23
num_cat=0
split_feature=7 2 5 1 3 6 8 6 3 1 8 8 0 4 0 0 4 7 4 5 1 1
split_gain=845.217 884.904 738.933 737.974 779.987 630.966 528.662 498.569 407.651 398.688 445.052 390.128 353.698 331.614 326.049 321.688 310.015 295.198 305.776 300.195 382.359 294.065
threshold=-0.034659106180244745 -0.037683646759146046 0.089060067168469773 -0.019078718414951696 -0.94224999999999992 0.050367061645838811 0.032045198404165955 0.022090023546084855 0.36190000000000005 0.17472039115599697 0.0084812933164845009 -0.029518341735190197 0.09118465142868247 -0.054317581960501286 0.056721917652989305 -0.0072207479575060992 0.035797039130897913 0.040753127502359605 0.044624009550640609 -0.0043623931269413489 0.15224762072515693 0.0058767452720590507
decision_type=2 2 2 2 2 2 2 2 2 2 2 2 2 2 2 2 2 2 2 2 2 2
left_child=5 6 3 7 -5 -1 12 13 14 10 16 15 17 -3 -6 -9 -4 18 19 21 -21 -2
right_child=1 2 9 4 8 -7 -8 11 -10 -11 -12 -13 -14 -15 -16 -17 -18 -19 -20 20 -22 -23
leaf_value=0.0090076618714112992 -0.001671765012699561 -0.0070216200954798342 -0.028103338790879239 -0.042153929382013386 -0.0096088728160299147 -0.0059907207699656257 0.0022262083416426043 -0.024488322987055673 0.0022742402031311025 0.022472686389061775 -0.0013361481314522596 0.0020557295283275229 0.0073879803186888806 0.0078108159505661601 0.0078582357742644077 -0.0025867585830894164 0.0035349190970608807 -0.02332589176433416 0.0030771097368529816 -0.023269151257867923 0.013788346298552164 -0.021594359962459134
leaf_weight=18012 3452 2006 2577 636 9892 4297 4535 1429 10728 375 1808 9736 1127 26292 1525 1983 449 2781 1730 3814 378 1249
leaf_count=18012 3452 2006 2577 636 9892 4297 4535 1429 10728 375 1808 9736 1127 26292 1525 1983 449 2781 1730 3814 378 1249
internal_value=-4.65471e-07 -0.00154297 0.000299852 0.00133347 -0.00375175 0.00611801 -0.0082551 0.00412899 -0.00264779 -0.0124411 -0.0151536 -0.00152971 -0.0115274 0.00675875 -0.00727421 -0.0117651 -0.0234034 -0.0131191 -0.0104451 -0.0130776 -0.0199232 -0.00696907
internal_weight=110811 88502 69436 64227 22781 22309 19066 41446 22145 5209 4834 13148 14531 28298 11417 3412 3026 13404 10623 8893 4192 4701
internal_count=110811 88502 69436 64227 22781 22309 19066 41446 22145 5209 4834 13148 14531 28298 11417 3412 3026 13404 10623 8893 4192 4701
is_linear=0
shrinkage=0.0351744


Tree=92
num_leaves=23
num_cat=0
split_feature=2 4 7 0 8 4 5 1 3 6 3 9 1 4 8 0 8 9 1 2 8 5
split_gain=812.391 731.925 792.676 617.609 518.971 492.917 496.859 464.165 414.938 355.177 350.177 312.686 332.379 277.472 269.375 297.823 262.881 249.067 234.255 223.225 229.33 222.644
threshold=0.038712187538076655 0.10525850206223876 0.038025008673170053 -0.062054601658982245 0.03603499465970026 0.014218486568828952 0.0113560394668704 -0.088285608527577095 -0.10264999999999998 0.036093006112772406 -0.95004999999999984 0.052464080104266959 -0.11635500304588028 -0.067745310251869084 -0.0082565660577223494 -0.034379304198200546 0.10382802237438966 -0.065353216568751829 -0.11199442759513609 -0.13294320776811239 0.063225828085214472 -0.086590833002044273
decision_type=2 2 2 2 2 2 2 2 2 2 2 2 2 2 2 2 2 2 2 2 2 2
left_child=1 2 3 17 5 6 9 -8 14 -5 -7 12 -2 -13 -4 16 -16 -1 -19 -10 -21 -22
right_child=11 -3 8 4 -6 10 7 -9 19 -11 -12 13 -14 -15 15 -17 -18 18 -20 20 21 -23
leaf_value=0.0077697315969913654 0.02271712168771383 0.019262465441726873 -0.022336801806126946 0.0020857873442845318 0.0081002918273090398 -0.018213441152816805 0.0036662258672562086 -0.012193076558583505 -0.044569494810661116 -0.0099911478579366216 0.0053846607302415897 -0.0369114128701361 0.0061452606698407328 -0.00040994484926680345 -0.026477633256296672 -0.0025206181783274553 0.017699838214155647 0.0087998299586949155 -0.015204853450369156 -0.0044572291314515147 -0.055157046513892506 0.023393347547939734
leaf_weight=810 1629 2025 3430 18236 9685 818 2952 10056 160 3609 15752 273 18662 4560 1433 2909 188 553 5460 6968 48 595
leaf_count=810 1629 2025 3430 18236 9685 818 2952 10056 160 3609 15752 273 18662 4560 1433 2909 188 553 5460 6968 48 595
internal_value=-4.54838e-07 -0.00163142 -0.00213738 -0.000489506 0.000630945 -0.000775528 -0.00315032 -0.00859273 -0.00925226 8.97427e-05 0.00421854 0.00556137 0.00747667 -0.00247642 -0.0148973 -0.00925998 -0.0213425 -0.0105267 -0.0129943 -0.00346763 -0.00260045 0.0174911
internal_weight=110811 85687 83662 67931 61108 51423 34853 13008 15731 21845 16570 25124 20291 4833 7960 4530 1621 6823 6013 7771 7611 643
internal_count=110811 85687 83662 67931 61108 51423 34853 13008 15731 21845 16570 25124 20291 4833 7960 4530 1621 6823 6013 7771 7611 643
is_linear=0
shrinkage=0.0351744


Tree=93
num_leaves=23
num_cat=0
split_feature=2 0 4 8 2 5 3 6 4 6 1 5 7 7 3 0 5 1 9 5 9 6
split_gain=777.557 784.604 734.951 638.173 545.512 490.766 411.818 358.558 344.677 377.307 380.854 325.895 312.752 286.2 270.971 259.623 320.752 274.281 244.176 238.016 232.38 228.759
threshold=-0.096374697003733731 0.04157052901458911 0.0022027289066186002 0.048541814333277207 0.016253589878105903 0.056332968018799556 -0.93924999999999992 -0.053366629519776838 0.071457395341224458 0.016788553501944355 0.023233723475790755 0.0019614815398792005 0.050150687741229556 0.080610931652623008 -0.5422499999999999 -0.022391428282530695 -0.036011523758746687 -0.13420704563369165 0.037937565608675804 0.038350382520869607 0.052464080104266959 0.041553637582559505
decision_type=2 2 2 2 2 2 2 2 2 2 2 2 2 2 2 2 2 2 2 2 2 2
left_child=14 2 3 4 12 20 -4 -7 9 10 11 -8 15 -3 -1 17 -17 -2 -5 -12 21 -6
right_child=1 13 6 18 5 7 8 -9 -10 -11 19 -13 -14 -15 -16 16 -18 -19 -20 -21 -22 -23
leaf_value=-0.021692286721841817 0.02117205710515109 0.0080766338275641211 -0.0099792111623081044 0.012106454769043366 0.006225799472083798 0.023163031543407566 0.011928942446560254 -0.017553047541246265 0.012353642101674269 -0.0029553645762637423 -0.0090316398778717 0.0020802294709071582 -0.020846136390786564 -0.0099882516722604939 -0.0057057646326211815 0.0074532813249102332 -0.0070620546011863506 -0.014038932172696066 -0.0060294194555988046 0.0084443121983752995 -0.0081199723150704138 -0.0057500621446665992
leaf_weight=2465 284 18428 2948 3921 9968 296 9305 2747 4917 10946 3261 7522 2437 1152 2812 2295 10480 7212 1198 1368 2390 2459
leaf_count=2465 284 18428 2948 3921 9968 296 9305 2747 4917 10946 3261 7522 2437 1152 2812 2295 10480 7212 1198 1368 2390 2459
internal_value=-4.45262e-07 0.000658282 -0.000789082 -0.00384275 -0.00531973 -0.00071946 0.0026752 -0.013586 0.00367532 0.00235781 0.00506916 0.00752743 -0.0089371 0.00701285 -0.013177 -0.00750441 -0.00445304 -0.0127022 0.00785881 -0.0038633 0.00192197 0.00385469
internal_weight=110811 105534 85954 45687 40568 17860 40267 3043 37319 32402 21456 16827 22708 19580 5277 20271 12775 7496 5119 4629 14817 12427
internal_count=110811 105534 85954 45687 40568 17860 40267 3043 37319 32402 21456 16827 22708 19580 5277 20271 12775 7496 5119 4629 14817 12427
is_linear=0
shrinkage=0.0351744


Tree=94
num_leaves=23
num_cat=0
split_feature=7 3 9 4 6 2 5 1 1 6 1 8 5 2 8 8 0 4 0 6 2 3
split_gain=763.573 803.095 740.581 729.496 569.073 557.449 555.377 676.503 616.019 546.108 512.878 357.573 340.149 295.014 368.507 280.895 260.56 238.982 238.204 234.644 229.042 199.296
threshold=-0.034659106180244745 -0.93364999999999987 -0.068292372760330025 -0.057816508389308491 0.050367061645838811 0.064238670046360621 0.099374248208709659 0.025563501414801303 0.099942548205472617 -0.0020893519732245497 -0.012671036047544099 -0.0082565660577223494 -0.058571778259935488 -0.014832961824089648 -0.00037192131382074992 0.022113339121187753 -0.15353276532407442 0.099553380021896107 0.072805073274179413 0.052059264200434656 -0.11004754385454064 0.87800000000000011
decision_type=2 2 2 2 2 2 2 2 2 2 2 2 2 2 2 2 2 2 2 2 2 2
left_child=4 10 -3 15 16 6 7 9 11 -5 13 -8 -9 14 -2 21 -1 20 -12 -15 -18 -4
right_child=1 2 3 5 -6 -7 8 12 -10 -11 18 -13 -14 19 -16 -17 17 -19 -20 -21 -22 -23
leaf_value=-0.045845940425469925 -0.031600958186047447 0.0085884152173853964 -0.020434718498835096 0.0056248780275090565 -0.0056843779113281423 0.0093123106907717548 -0.036821613331334151 -0.02027424034017752 0.013699869515598489 -0.0022662391340139724 -0.035311432470240579 -0.011273856762385908 -0.0053368749034691217 0.0036208363166501168 -0.002412932216617938 -0.0025499788974780143 -0.012692264700446668 0.034321479258455502 0.027711695436248393 -0.03052068004270812 0.0090134785982309354 0.004680270414338575
leaf_weight=108 1124 9686 4003 19180 4297 6287 1254 2339 713 24982 1380 1481 9773 2309 1024 2178 623 446 78 279 16835 432
leaf_count=108 1124 9686 4003 19180 4297 6287 1254 2339 713 24982 1380 1481 9773 2309 1024 2178 623 446 78 279 16835 432
internal_value=-4.41507e-07 -0.00146656 -0.000547162 -0.00176587 0.00581502 -0.000649751 -0.00169877 -0.000858814 -0.015402 0.00116058 -0.0136808 -0.0229951 -0.0082231 -0.00805963 -0.0176954 -0.0129038 0.0085593 0.00888883 -0.0319257 -5.508e-05 0.00823783 -0.0179845
internal_weight=110811 88502 82308 72622 22309 66009 59722 56274 3448 44162 6194 2735 12112 4736 2148 6613 18012 17904 1458 2588 17458 4435
internal_count=110811 88502 82308 72622 22309 66009 59722 56274 3448 44162 6194 2735 12112 4736 2148 6613 18012 17904 1458 2588 17458 4435
is_linear=0
shrinkage=0.0351744


Tree=95
num_leaves=23
num_cat=0
split_feature=3 4 5 1 8 0 8 2 5 1 1 9 9 2 4 7 8 6 4 0 6 8
split_gain=739.988 771.599 789.486 764.179 846.851 720.81 449.934 496.537 311.934 338.721 307.23 271.905 246.715 215.136 207.96 208.212 205.655 195.459 189.019 213.685 188.831 180.117
threshold=0.86590000000000011 0.05420432895338171 0.14177564617113228 -0.11635500304588028 -0.048501395903668691 -0.056602689056735343 0.039817384129130509 -0.052536165831333199 0.0028962160750008507 0.10275012029562196 -0.05003017432751649 -0.089855702594301784 0.10755794141091836 -0.096374697003733731 -0.092612507805162433 0.11734187132596322 0.074300406124466561 -0.033040611594273496 0.13497806032799703 -0.075025603548725089 -0.055472437798357442 0.050619977664234504
decision_type=2 2 2 2 2 2 2 2 2 2 2 2 2 2 2 2 2 2 2 2 2 2
left_child=1 2 3 14 8 11 7 -7 13 10 -10 -6 18 -5 -1 17 -13 -16 19 -3 -21 -4
right_child=-2 12 21 4 5 6 -8 -9 9 -11 -12 16 -14 -15 15 -17 -18 -19 -20 20 -22 -23
leaf_value=-0.02598088915001906 0.0080808433532248512 -0.0098545430017859346 -0.030446712447405048 -0.029155289576638797 0.016733935798285721 -0.010273366262501344 0.0070356210169771043 3.8893945384510566e-05 -0.011147995242073156 0.0026305654050538196 -0.031002777573434902 -0.014915307449209181 -0.018467858372604326 -0.0041022604023019122 0.019068232007046087 -0.036094388012866178 0.0031273244739873939 0.0066655039966996036 0.023648428115141118 0.01920068446469177 0.0063552469627781143 0.0042529443107909041
leaf_weight=214 12444 793 1458 466 406 6658 9459 43624 1632 764 2369 6649 415 4740 2098 124 884 6305 1007 1833 6258 211
leaf_count=214 12444 793 1458 466 406 6658 9459 43624 1632 764 2369 6649 415 4740 2098 124 884 6305 1007 1833 6258 211
internal_value=-4.54719e-07 -0.00102297 -0.00208886 -0.00162572 -0.00273581 -0.0013256 -2.02044e-06 -0.00132628 -0.012306 -0.0188107 -0.022909 -0.0112832 0.00808299 -0.00634885 0.00823379 0.0090949 -0.0127958 0.00976442 0.00919896 0.00755883 0.00926774 -0.0260499
internal_weight=110811 98367 88061 86392 77651 67680 59741 50282 9971 4765 4001 7939 10306 5206 8741 8527 7533 8403 9891 8884 8091 1669
internal_count=110811 98367 88061 86392 77651 67680 59741 50282 9971 4765 4001 7939 10306 5206 8741 8527 7533 8403 9891 8884 8091 1669
is_linear=0
shrinkage=0.0351744


Tree=96
num_leaves=23
num_cat=0
split_feature=9 4 4 7 0 6 8 5 3 8 2 9 7 1 3 6 4 2 5 4 7 1
split_gain=732.914 617.131 500.157 539.406 467.301 452.171 415.025 368.54 353.386 327.892 357.824 291.442 290.496 284.767 300.196 266.1 261.666 259.737 244.531 243.722 243.484 241.395
threshold=-0.0069727208777144991 -0.032435441913664896 0.058027088639763656 0.030620220138685053 -0.028329081345206748 0.036093006112772406 0.074300406124466561 0.093828750910579212 0.20145000000000005 0.023088422292553753 0.006740785208163051 -0.05975098773632119 0.14512608310463124 0.012719415840708201 -0.80189999999999995 -0.016978530504370697 -0.069433627047456745 0.044838501870258306 0.14177564617113228 0.05174505621343576 0.06063633258993411 -0.16408927849770483
decision_type=2 2 2 2 2 2 2 2 2 2 2 2 2 2 2 2 2 2 2 2 2 2
left_child=2 6 3 5 12 9 16 13 18 10 11 -1 17 15 -15 -6 -2 -3 -5 -9 -16 -18
right_child=1 4 -4 8 7 -7 -8 19 -10 -11 -12 -13 -14 14 20 -17 21 -19 -20 -21 -22 -23
leaf_value=0.009200995281643214 -0.022259213178561898 -0.0094898308538830158 0.012668899628716895 -0.0098314478551569592 0.011620080200871847 -0.003506713653124301 0.015885888614793363 -0.015257619385598569 0.001587811235000192 0.012234025641888017 0.0083372765555000342 -0.003451255498670671 -0.10165171560533058 -0.017463429716884471 0.0023299459348249726 0.002295385950453103 0.020746947665002576 0.0040305855406517592 -0.072084655934389133 0.014272830894436742 -0.017689475875338923 -0.010273365544888708
leaf_weight=2960 2405 9011 5723 6175 4987 8436 700 2410 5518 7235 10787 9421 40 1484 6263 15757 323 2182 79 403 854 7658
leaf_count=2960 2405 9011 5723 6175 4987 8436 700 2410 5518 7235 10787 9421 40 1484 6263 15757 323 2182 79 403 854 7658
internal_value=-4.33644e-07 -0.00290956 0.0028125 0.00169759 -0.00101679 0.00369702 -0.0103163 0.00114016 -0.00489762 0.00569641 0.00365403 -0.000424981 -0.00719315 0.0023065 -0.00307348 0.00453798 -0.0120841 -0.00685261 -0.0106224 -0.0110205 -7.02895e-05 -0.00901545
internal_weight=110811 54477 56334 50611 43391 38839 11086 32158 11772 30403 23168 12381 11233 29345 8601 20744 10386 11193 6254 2813 7117 7981
internal_count=110811 54477 56334 50611 43391 38839 11086 32158 11772 30403 23168 12381 11233 29345 8601 20744 10386 11193 6254 2813 7117 7981
is_linear=0
shrinkage=0.0351744


Tree=97
num_leaves=23
num_cat=0
split_feature=7 2 9 6 7 5 1 3 0 9 0 1 8 5 1 6 2 8 6 4 6 4
split_gain=697.422 729.165 586.48 510.742 445.494 462.743 518.432 494.766 396.736 356.32 337.787 326.853 364.69 321.186 512.835 378.35 330.368 343.408 303.826 282.411 273.473 245.659
threshold=-0.034659106180244745 -0.045819074632108395 -0.029565661379314146 0.050367061645838811 0.14512608310463124 0.091448979704867608 0.012719415840708201 -0.69999999999999984 -0.0049323831614139996 0.059598292638332252 0.09118465142868247 0.17472039115599697 0.0080869024093621015 0.030025241328595905 0.15224762072515693 -0.051338700243623546 -0.10246340893092402 0.03603499465970026 -0.035011034041886796 -0.089219937498871346 -0.03702195741664039 0.13497806032799703
decision_type=2 2 2 2 2 2 2 2 2 2 2 2 2 2 2 2 2 2 2 2 2 2
left_child=3 10 21 -1 5 6 8 9 20 -8 13 12 18 15 -15 -2 -17 19 -7 -18 -4 -3
right_child=1 2 4 -5 -6 11 7 -9 -10 -11 -12 -13 -14 14 -16 16 17 -19 -20 -21 -22 -23
leaf_value=0.0081572742215841286 0.0076803387624543758 0.0037616973730378398 0.0094206439767942091 -0.005336548541047423 -0.054577475241881279 -0.00091344678764608534 -0.013968484706323361 -0.0035635916555204874 0.0052849471360779223 -0.045985221179206059 0.0088476337430072275 0.020334091369427636 -0.0022693080967954929 -0.025082726274202518 0.012932674372523054 -0.023747282217677634 -0.045525599426535501 0.0084849513924109589 -0.030837795019155879 -0.0087430192887281537 -0.0043721652336199792 0.022541109175589359
leaf_weight=18012 1825 24166 2045 4297 200 540 1823 9178 16166 564 1299 335 1518 2889 517 1720 271 1485 1904 5547 13616 894
leaf_count=18012 1825 24166 2045 4297 200 540 1823 9178 16166 564 1299 335 1518 2889 517 1720 271 1485 1904 5547 13616 894
internal_value=-4.16577e-07 -0.0014016 7.23985e-05 0.00555743 -0.00220885 -0.00198869 -0.000897903 -0.00727621 0.00141929 -0.021543 -0.00831614 -0.0129993 -0.0158227 -0.00988157 -0.0193071 -0.0069204 -0.00987549 -0.00660568 -0.0242333 -0.0104604 -0.00256997 0.00443245
internal_weight=110811 88502 72949 22309 47889 47689 43392 11565 31827 2387 15553 4297 3962 14254 3406 10848 9023 7303 2444 5818 15661 25060
internal_count=110811 88502 72949 22309 47889 47689 43392 11565 31827 2387 15553 4297 3962 14254 3406 10848 9023 7303 2444 5818 15661 25060
is_linear=0
shrinkage=0.0351744


Tree=98
num_leaves=23
num_cat=0
split_feature=7 6 0 4 2 0 3 5 1 3 9 9 5 1 4 5 3 1 8 0 8 6
split_gain=672.615 639.533 585.001 441.359 485.802 417.34 347.941 303.673 330.878 351.287 290.125 287.77 278.807 318.785 272.221 258.086 241.18 232.523 212.988 253.307 222.95 209.62
threshold=0.038025008673170053 -0.051338700243623546 -0.062054601658982245 0.014218486568828952 -0.0019755116716150497 0.086436990967349567 0.12890000000000004 0.055179646868793709 -0.065356263075296989 -0.83144999999999991 -0.13359564314905317 0.083247578169780109 1.0000000180025095e-35 0.15556962042993769 0.090825141032628023 -0.017774727675819498 -0.97784999999999989 -0.13936677746106751 -0.0082565660577223494 -0.034379304198200546 0.10382802237438966 0.036093006112772406
decision_type=2 2 2 2 2 2 2 2 2 2 2 2 2 2 2 2 2 2 2 2 2 2
left_child=1 11 15 4 5 12 10 -6 -9 -10 -2 -1 21 -14 17 -3 -5 -12 -19 20 -20 -4
right_child=6 2 3 16 7 -7 -8 8 9 -11 14 -13 13 -15 -16 -17 -18 18 19 -21 -22 -23
leaf_value=0.0105430540874573 0.044404117828161435 -0.00099970425787473819 0.00018811936955308368 -0.028712404300586615 0.0039868554238795253 0.011432556034869288 -0.00079550596505428112 0.0057149766734305649 -0.04652156827078878 -0.008985618168487159 0.0093687910266523951 -0.013325273737757742 -0.012201143981386072 0.017675054046677983 0.011264996188017531 -0.014840448146308348 0.0056725645548079719 -0.018702723815758982 -0.022917843573976603 -0.0030978912357231352 0.014846682423088738 -0.012751399193792343
leaf_weight=10698 121 2728 8311 255 23038 1812 10164 1702 360 2167 613 663 8678 465 681 4296 21990 4443 1736 3770 217 1903
leaf_count=10698 121 2728 8311 255 23038 1812 10164 1702 360 2167 613 663 8678 465 681 4296 21990 4443 1736 3770 217 1903
internal_value=-4.20681e-07 0.0013535 0.000213589 0.00117591 -0.000707455 -0.00470568 -0.00554674 0.00239601 -0.00626622 -0.0143423 -0.00971512 0.00914852 -0.00621732 -0.0106796 -0.0102886 -0.00946746 0.00527744 -0.011652 -0.0129213 -0.0084297 -0.0187124 -0.00222122
internal_weight=110811 89066 77705 70681 48436 21169 21745 27267 4229 2527 11581 11361 19357 9143 11460 7024 22245 10779 10166 5723 1953 10214
internal_count=110811 89066 77705 70681 48436 21169 21745 27267 4229 2527 11581 11361 19357 9143 11460 7024 22245 10779 10166 5723 1953 10214
is_linear=0
shrinkage=0.0351744


Tree=99
num_leaves=23
num_cat=0
split_feature=2 0 4 2 8 6 0 5 1 6 9 1 1 9 1 8 4 5 7 9 4 4
split_gain=655.723 595.904 654.76 566.184 573.22 393.52 373.066 358.605 390.353 413.573 356.456 354.738 377 268.573 277.088 253.759 235.962 228.307 217.869 215.762 213.654 204.876
threshold=0.040798591150504555 0.086436990967349567 0.0044383340405927006 -0.099494634212686825 0.050619977664234504 -0.017452297322581949 -0.047908780707242839 0.038350382520869607 0.025563501414801303 0.0029370507776331502 0.031334909680231157 0.15896989621037003 -0.039719878089841593 0.052464080104266959 -0.10568841082074489 -0.07606565086468968 -0.067745310251869084 0.19726722773292296 0.082957297380862258 0.015603870952009753 0.094691000577307102 0.12220770458534622
decision_type=2 2 2 2 2 2 2 2 2 2 2 2 2 2 2 2 2 2 2 2 2 2
left_child=1 2 3 -1 7 10 20 8 9 -5 -4 12 -9 14 -2 -8 -15 21 -3 -13 -7 -17
right_child=13 18 5 4 -6 6 15 11 -10 -11 -12 19 -14 16 -16 17 -18 -19 -20 -21 -22 -23
leaf_value=-0.022037181016675025 0.018861865351637142 0.013075502575175027 0.0098050047494629682 0.0024887088885193116 0.0081563803657619342 -0.014719536328095322 -0.020403085017655153 -0.0078571267854222766 -0.012319660438273056 -0.0066035609871732065 -0.0044199585430676298 0.030887323665002679 -0.023915249944560176 -0.034653840114096064 0.005495476957489278 0.00078492004669267548 -0.00047372462370644377 -0.081505690064099662 -0.01632062908250308 -0.0089449772867258703 0.013710058241911299 0.020936863936728924
leaf_weight=2281 2164 4253 9405 13188 4282 3166 692 4714 5268 11661 2835 365 2940 265 17034 20243 4359 41 336 311 364 644
leaf_count=2281 2164 4253 9405 13188 4282 3166 692 4714 5268 11661 2835 365 2940 265 17034 20243 4359 41 336 311 364 644
internal_value=-4.08433e-07 -0.00141652 -0.00210374 -0.00496158 -0.00404956 0.00133609 -0.00118077 -0.00540945 -0.00362204 -0.00177741 0.00650888 -0.0118696 -0.0140278 0.00516999 0.00700315 0.00054958 -0.00243733 0.00124334 0.010919 0.0125398 -0.0117828 0.00140721
internal_weight=110811 86989 82400 45010 42729 37390 25150 38447 30117 24849 12240 8330 7654 23822 19198 21620 4624 20928 4589 676 3530 20887
internal_count=110811 86989 82400 45010 42729 37390 25150 38447 30117 24849 12240 8330 7654 23822 19198 21620 4624 20928 4589 676 3530 20887
is_linear=0
shrinkage=0.0351744


Tree=100
num_leaves=23
num_cat=0
split_feature=3 4 5 1 8 0 7 1 8 0 5 1 1 1 3 7 7 0 4 2 7 9
split_gain=639.851 638.462 679.387 671.149 743.268 605.459 413.632 387.034 450.452 312.321 271.62 316.547 278.358 260.65 219.382 259.885 200.448 190.305 190.238 188.273 185.597 181.835
threshold=0.86590000000000011 0.05420432895338171 0.14177564617113228 -0.11635500304588028 -0.048501395903668691 -0.018388492479708345 0.074672856087230108 0.045355472178381158 0.063225828085214472 0.056721917652989305 0.0028962160750008507 0.10275012029562196 -0.05003017432751649 0.17896003900554594 -0.93604999999999994 0.0071053813123662509 0.099487548053832406 -0.11688891795680724 -0.092612507805162433 -0.096374697003733731 0.11734187132596322 0.053553515088694055
decision_type=2 2 2 2 2 2 2 2 2 2 2 2 2 2 2 2 2 2 2 2 2 2
left_child=1 2 3 18 10 7 9 8 -6 -7 19 12 -12 -9 15 17 -16 -3 -1 -5 21 -20
right_child=-2 14 -4 4 5 6 -8 13 -10 -11 11 -13 -14 -15 16 -17 -18 -19 20 -21 -22 -23
leaf_value=-0.024975071706539436 0.0075142212832968128 -0.070227575440367299 -0.024148466173252982 -0.02727362524077559 -0.00496330338132547 0.00059630195480033909 -0.014374950365485818 -0.017601321233710575 0.014240891034117541 0.0086646518564969365 -0.010333995245807645 0.0031600643569796136 -0.029233465482943415 -7.6143354728039239e-05 0.009983735301817117 -0.032369561862627863 -0.015472980770863877 0.01232398725822584 0.013659093559100478 -0.0038362152825139229 -0.034090749367150036 0.0031867113464507939
leaf_weight=214 12444 37 1669 466 16024 34916 2007 4544 1668 7153 1632 764 2369 1368 9024 361 399 485 4827 4740 124 3576
leaf_count=214 12444 37 1669 466 16024 34916 2007 4544 1668 7153 1632 764 2369 1368 9024 361 399 485 4827 4740 124 3576
internal_value=-4.1142e-07 -0.000951236 -0.00192083 -0.00149118 -0.00253152 -0.00121035 0.00122396 -0.00575664 -0.00315168 0.00196859 -0.0114974 -0.0175673 -0.0215293 -0.013549 0.00733191 -0.00942241 0.0089038 0.00642054 0.0077487 -0.00593813 0.00857237 0.00920457
internal_weight=110811 98367 88061 86392 77651 67680 44076 23604 17692 42069 9971 4765 4001 5912 10306 883 9423 522 8741 5206 8527 8403
internal_count=110811 98367 88061 86392 77651 67680 44076 23604 17692 42069 9971 4765 4001 5912 10306 883 9423 522 8741 5206 8527 8403
is_linear=0
shrinkage=0.0351744


Tree=101
num_leaves=23
num_cat=0
split_feature=9 6 1 5 8 3 4 4 0 4 8 0 2 5 6 1 0 1 3 4 0 1
split_gain=629.646 505.689 479.32 494.833 476.452 423.505 417.973 406.469 396.741 337.355 320.819 355.836 348.937 277.094 256.077 254.435 249.856 248.239 297.258 301.077 273.658 259.154
threshold=0.0032962987332410005 0.019097664378791002 0.051332671033917511 0.040064854192119456 0.057540384637364654 -0.64819999999999989 0.094691000577307102 -0.057816508389308491 0.016396566681383503 -0.069433627047456745 0.0080869024093621015 0.019943716421292654 -0.096374697003733731 0.14177564617113228 -0.047324410317983644 0.16684267536704997 -0.0049323831614139996 -0.086653420511179483 0.63705000000000012 0.0063959367305837008 0.061257279254319501 -0.030905040091320547
decision_type=2 2 2 2 2 2 2 2 2 2 2 2 2 2 2 2 2 2 2 2 2 2
left_child=1 7 3 9 8 -4 10 -1 -5 -2 11 15 -12 -13 -11 -3 -16 -9 19 20 21 -19
right_child=2 6 5 4 -6 -7 -8 17 -10 14 12 13 -14 -15 16 -17 -18 18 -20 -21 -22 -23
leaf_value=-0.0059974595003281454 -0.018228088891553106 -0.012326658751192652 -0.019723652880036097 -0.018551896122211316 0.014376799953131529 -0.0049853712955158502 0.018170122862272275 0.012421435880555736 -0.0021571866277293431 0.013773624225304417 -0.025557220385726095 0.002469972849917589 0.0041936421650246389 -0.091512115638566136 -0.0029610108480200821 0.012615569725093269 0.0044172127070398141 0.0020721873740213136 0.0094963770485899067 0.006590793749408008 0.015641350380561733 -0.008676032728935806
leaf_weight=4121 1046 8087 3414 4251 997 8237 1196 5670 3206 2147 521 4267 7588 39 10395 539 12512 5681 9992 10436 1046 5423
leaf_count=4121 1046 8087 3414 4251 997 8237 1196 5670 3206 2147 521 4267 7588 39 10395 539 12512 5681 9992 10436 1046 5423
internal_value=-4.30345e-07 0.00224171 -0.00313585 -0.00105498 -0.00845115 -0.00930566 -0.00205331 0.0044963 -0.0115057 0.0013401 -0.00320376 -0.00664339 0.00227963 0.00161144 0.00215784 -0.010766 0.00106832 0.0056274 0.00444437 0.00220859 -0.00155409 -0.00317561
internal_weight=110811 64606 46205 34554 8454 11651 22237 42369 7457 26100 21041 12932 8109 4306 25054 8626 22907 38248 32578 22586 12150 11104
internal_count=110811 64606 46205 34554 8454 11651 22237 42369 7457 26100 21041 12932 8109 4306 25054 8626 22907 38248 32578 22586 12150 11104
is_linear=0
shrinkage=0.0351744


Tree=102
num_leaves=23
num_cat=0
split_feature=7 2 1 5 6 0 8 0 3 6 6 8 9 8 4 4 5 1 1 0 9 1
split_gain=621.161 709.917 504.251 666.286 548.403 441.238 430.39 374.627 367.327 362.15 338.035 336.611 325.643 326.311 285.733 260.723 284.37 479.987 418.718 260.319 252.867 237.572
threshold=-0.04632313950314474 -0.045819074632108395 0.023233723475790755 0.091448979704867608 -0.014607570635774699 0.058951670760192802 -0.0078937547051270984 0.016396566681383503 -0.93924999999999992 0.084320843027797757 -0.033704096097564189 -0.04682881096063659 -0.10448051949505939 0.025111038252633753 -0.045826648680994099 -0.067745310251869084 -0.022843405677679948 0.16300214299115282 0.051332671033917511 0.06674470763089721 0.11142375113730567 -0.055946555025681792
decision_type=2 2 2 2 2 2 2 2 2 2 2 2 2 2 2 2 2 2 2 2 2 2
left_child=9 12 3 4 14 8 10 11 -4 -1 -5 21 -2 15 -3 -14 18 -18 -17 -12 -16 -6
right_child=1 2 5 6 7 -7 -8 -9 -10 -11 19 -13 13 -15 20 16 17 -19 -20 -21 -22 -23
leaf_value=0.0083718374686757788 0.020205431996886129 -0.0032515513873225504 -0.034634686355582908 0.0013892377543620912 -0.00040150600193093858 0.0066212618733768741 -0.0014302023699253935 0.0055578856626837952 -0.0064371479608904564 -0.0097241939878178023 -0.037920447186463306 -0.00024464957857426911 -0.02747689830421398 -0.00064840881415234358 0.010776629656629186 0.0048760951047081202 -0.017658962824721368 0.01363559323663544 -0.01969006017030878 0.016603882575948407 -0.016994984375128488 -0.019364548344501024
leaf_weight=13793 506 2341 597 466 1338 3318 2204 12824 13529 1518 1259 23825 1152 4751 14169 2839 5833 676 1230 118 417 2108
leaf_count=13793 506 2341 597 466 1338 3318 2204 12824 13529 1518 1259 23825 1152 4751 14169 2839 5833 676 1230 118 417 2108
internal_value=-4.09567e-07 -0.00105504 0.000355403 0.00186218 0.00284122 -0.00491863 -0.0119279 0.000599464 -0.00763041 0.00657655 -0.0244716 -0.00173161 -0.00757496 -0.00842907 0.00815024 -0.011579 -0.00984567 -0.014406 -0.00254631 -0.0332346 0.00998134 -0.0120068
internal_weight=110811 95500 78513 61069 57022 17444 4047 40095 14126 15311 1843 27271 16987 16481 16927 11730 10578 6509 4069 1377 14586 3446
internal_count=110811 95500 78513 61069 57022 17444 4047 40095 14126 15311 1843 27271 16987 16481 16927 11730 10578 6509 4069 1377 14586 3446
is_linear=0
shrinkage=0.0351744


Tree=103
num_leaves=23
num_cat=0
split_feature=2 0 2 8 7 4 5 1 1 3 4 9 1 4 3 9 1 0 2 9 4 0
split_gain=594.996 535.311 570.236 487.214 546.47 486.565 409.65 440.209 375.889 296.879 277.736 238.654 242.511 227.273 237.999 198.325 197.372 183.183 179.071 173.762 174.034 282.727
threshold=0.038712187538076655 0.088755355054549304 -0.099494634212686825 0.10382802237438966 0.038025008673170053 0.014218486568828952 0.069193759738756952 0.025563501414801303 0.15556962042993769 -0.076299999999999993 0.084152524140046411 0.059598292638332252 -0.11487992520914898 0.11247527283319292 -0.96374999999999988 0.070900865937373214 -0.074930816667031039 -0.11688891795680724 0.11572786674830127 -0.089855702594301784 0.038032903402884712 -0.087349392908086396
decision_type=2 2 2 2 2 2 2 2 2 2 2 2 2 2 2 2 2 2 2 2 2 2
left_child=1 2 19 4 5 6 7 -4 -8 10 -6 12 -2 14 -7 -11 -12 -14 -19 -1 -21 -22
right_child=11 -3 3 -5 9 13 8 -9 -10 15 16 -13 17 -15 -16 -17 -18 18 -20 20 21 -23
leaf_value=0.011710824583745902 0.018589573695483207 0.01086265733021684 0.00050813653240865098 0.021855045681391759 -0.014866727595493448 -0.015356299175208017 -0.01631290491344738 -0.0096660302912497924 0.017301722714463716 -0.00108888142255004 -0.042256256631689762 -0.0028885272840827713 -0.032435427752759136 0.023334068540820995 0.0041376450641717605 -0.024290760365404018 0.018444535397129033 0.0045727957479291355 0.018887572308502965 -0.020858414989518678 -0.043886754012992531 0.0054060488014081413
leaf_weight=287 1814 4191 29865 1104 6708 806 3867 6386 460 6538 76 4201 159 731 19770 490 505 17798 1152 2941 176 786
leaf_count=287 1814 4191 29865 1104 6708 806 3867 6386 460 6538 76 4201 159 731 19770 490 505 17798 1152 2941 176 786
internal_value=-4.21884e-07 -0.00139623 -0.00202688 -0.00134163 -0.00167797 -0.000244967 -0.00250528 -0.00128373 -0.012735 -0.00787086 -0.012845 0.00475939 0.00629578 0.00405888 0.00337311 -0.00270944 0.010466 0.00512772 0.00544405 -0.0146652 -0.0166094 -0.00360086
internal_weight=110811 85687 81496 77306 76202 61885 40578 36251 4327 14317 7289 25124 20923 21307 20576 7028 581 19109 18950 4190 3903 962
internal_count=110811 85687 81496 77306 76202 61885 40578 36251 4327 14317 7289 25124 20923 21307 20576 7028 581 19109 18950 4190 3903 962
is_linear=0
shrinkage=0.0351744


Tree=104
num_leaves=23
num_cat=0
split_feature=7 6 3 4 9 8 3 5 2 1 1 3 3 2 6 1 2 9 2 3 9 4
split_gain=572.245 581.747 509.501 413.265 403.368 392.159 375.449 328.035 316.76 354.658 263.437 268.489 253.597 246.337 242.418 235.007 231.265 228.955 235.333 219.655 206.374 202.549
threshold=0.0083995960139113517 0.041553637582559505 -0.93124999999999991 0.055485662395232255 0.034612091758803705 0.034640660129495508 0.92455000000000009 0.14177564617113228 -0.034684865799351546 -0.05287900296199944 -0.096969110531026886 -0.69999999999999984 -0.94714999999999994 -0.11004754385454064 -0.040774092789886189 -0.14208978606027103 -0.13294320776811239 0.03707589437244601 -0.024092953130503997 -0.93364999999999987 -0.10448051949505939 -0.073118113585582525
decision_type=2 2 2 2 2 2 2 2 2 2 2 2 2 2 2 2 2 2 2 2 2 2
left_child=1 4 15 5 13 6 7 8 20 -10 -6 -12 -3 19 -15 -2 -7 -18 -19 -1 -4 -13
right_child=2 12 3 -5 10 16 -8 -9 9 -11 11 21 -14 14 -16 -17 17 18 -20 -21 -22 -23
leaf_value=-0.067335904433321783 0.016392440850505636 -0.026336540321670109 0.027714253321021044 0.007576443432264675 0.0060165364667114484 -0.028688763076901741 0.010355765728591745 -0.030717936886756336 0.0020560767247542215 -0.0068296059740003915 -0.013786637132505513 -0.040191766908920325 -0.0036161443554721352 0.01107393090816409 0.0044488110758787542 -0.018979488285855745 0.009161894636856717 0.01516961081652655 -0.014168742482790177 -0.006484166901819818 -0.013339907067840663 0.00059354888745016062
leaf_weight=79 251 643 155 5018 3644 253 1900 638 9141 14167 2977 155 11163 8891 29611 3039 5211 472 1190 1026 6020 5167
leaf_count=79 251 643 155 5018 3644 253 1900 638 9141 14167 2977 155 11163 8891 29611 3039 5211 472 1190 1026 6020 5167
internal_value=-4.00048e-07 0.00218708 -0.00292119 -0.00192598 0.00380027 -0.00314448 -0.00480552 -0.00576248 -0.00522172 -0.00334409 -0.00186488 -0.00532758 -0.00485534 0.00550894 0.00597918 -0.0162752 0.00431704 0.00553509 -0.00582611 -0.0108591 -0.012306 -0.000592379
internal_weight=110811 63356 47455 44165 51550 39147 32021 30121 29483 23308 11943 8299 11806 39607 38502 3290 7126 6873 1662 1105 6175 5322
internal_count=110811 63356 47455 44165 51550 39147 32021 30121 29483 23308 11943 8299 11806 39607 38502 3290 7126 6873 1662 1105 6175 5322
is_linear=0
shrinkage=0.0351744


Tree=105
num_leaves=23
num_cat=0
split_feature=7 0 8 2 1 5 3 9 0 6 5 1 1 6 1 6 5 2 8 7 4 4
split_gain=558.737 630.309 576.747 651.818 415.023 538.523 438.621 536.88 476.975 405.395 367.386 513.381 403.227 324.33 317.745 344.701 291.565 312.349 283.983 245.627 234.83 222.37
threshold=-0.04632313950314474 -0.076708091414308774 0.061639022915798355 -0.027891336391990297 -0.0059103188447005997 0.060968070880206053 0.47730000000000006 0.059598292638332252 0.056721917652989305 -0.012769260415367698 -0.017774727675819498 0.036597395995265555 0.17057609265983603 0.084320843027797757 -0.038035899186096844 -0.069468829746033786 0.14177564617113228 -0.069640024415746085 -0.062774183508371592 0.091931186692319714 -0.066164460506163439 -0.11763871127020718
decision_type=2 2 2 2 2 2 2 2 2 2 2 2 2 2 2 2 2 2 2 2 2 2
left_child=13 -2 3 10 5 9 7 8 -6 -5 11 14 16 -1 15 -3 17 -12 -7 -13 -16 -8
right_child=1 2 -4 4 6 18 21 -9 -10 -11 12 19 -14 -15 20 -17 -18 -19 -20 -21 -22 -23
leaf_value=0.0079363231925669575 -0.012504718427229201 0.022118218376761884 0.010277499014994964 0.0097169911682726939 -0.0091254594025499403 -0.027971265801388437 -0.067259099753088955 -0.029523219875555857 0.013133109426665551 0.0018003029423564456 -0.020203428946432376 -0.012342980342979206 0.014640269714385175 -0.0091885138132021243 -0.013885199472760042 -0.0064344173115803843 -0.049688822631870314 -0.007363898548751531 -0.0043392030206678128 -0.055864976366269033 0.017244522366878557 0.002971804391278989
leaf_weight=13793 5550 613 5965 11386 7214 713 56 1322 1426 26958 3241 1952 764 1518 343 3558 245 8501 5371 175 2347 7800
leaf_count=13793 5550 613 5965 11386 7214 713 56 1322 1426 26958 3241 1952 764 1518 343 3558 245 8501 5371 175 2347 7800
internal_value=-3.94328e-07 -0.00100064 -0.000290618 -0.00104143 0.000789608 0.00260872 -0.00374529 -0.00864643 -0.00544966 0.00415158 -0.00628504 -0.000836599 -0.0101242 0.00623733 0.00384214 -0.00223343 -0.0117041 -0.0109095 -0.00711212 -0.0159356 0.0132684 0.00246766
internal_weight=110811 95500 89950 83985 62246 44428 17818 9962 8640 38344 21739 8988 12751 15311 6861 4171 11987 11742 6084 2127 2690 7856
internal_count=110811 95500 89950 83985 62246 44428 17818 9962 8640 38344 21739 8988 12751 15311 6861 4171 11987 11742 6084 2127 2690 7856
is_linear=0
shrinkage=0.0351744


Tree=106
num_leaves=23
num_cat=0
split_feature=0 4 8 2 0 5 6 1 6 9 8 5 1 1 6 6 2 6 7 1 4 5
split_gain=553.309 542.167 438.278 414.18 352.675 341.422 333.018 448.931 321.869 347.922 289.008 275.866 312.553 268.96 422.578 267.77 271.61 262.398 224.137 219.574 219.389 218.853
threshold=0.034444313149233262 -0.0029462045024882997 0.046526429892714903 -0.017005040669566897 -0.075025603548725089 0.052929717533569058 -0.039994249425300894 0.17472039115599697 -0.013700849782724749 0.035488849536434205 -0.06138229298712574 -0.023330763589271997 0.14557294659921924 0.014690404804428502 0.014546705019001852 0.053133446371368909 0.0062391604819923008 -0.071243320340918487 0.10994557259447872 0.16300214299115282 -0.061735943666993691 0.058519025415882359
decision_type=2 2 2 2 2 2 2 2 2 2 2 2 2 2 2 2 2 2 2 2 2 2
left_child=1 2 3 17 -3 13 -7 -8 9 -6 -2 -10 15 14 20 16 -13 -1 -12 -19 -5 -9
right_child=10 4 -4 5 8 6 7 21 11 -11 18 12 -14 -15 -16 -17 -18 19 -20 -21 -22 -23
leaf_value=0.0091516600210900037 -0.0090140881417612277 -0.0097398410603891129 0.0052144250375181986 -0.011735022350521158 0.0090181958176334346 0.011348090480293855 -0.020050914603022375 -0.059963581403747447 0.0047543233301540035 -0.0040332491633593591 0.0060768917126766209 -0.0066606290069493356 0.016753635245144224 -0.0087699289124590317 -0.0065114392255635149 -0.015228529076174913 0.0031750018971908899 -0.014551444917162442 -0.017737394554520128 0.0045961036883274305 0.006999594891686123 0.037394004465470192
leaf_weight=708 1807 3314 5201 846 11974 626 3318 32 9186 3201 23226 7553 955 4635 5957 2244 6429 9125 499 805 8921 249
leaf_count=708 1807 3314 5201 846 11974 626 3318 32 9186 3201 23226 7553 955 4635 5957 2244 6429 9125 499 805 8921 249
internal_value=-4.13352e-07 -0.00136057 -0.00431505 -0.0057227 0.00130156 -0.00321262 -0.0123122 -0.0164326 0.00218282 0.00626403 0.00454195 -0.000165426 -0.00279681 -0.00132332 0.00087075 -0.00394866 -0.00213698 -0.0115217 0.00557519 -0.0129975 0.00537496 0.0262193
internal_weight=110811 85279 40423 35222 44856 24584 4225 3599 41542 15175 25532 26367 17181 20359 15724 16226 13982 10638 23725 9930 9767 281
internal_count=110811 85279 40423 35222 44856 24584 4225 3599 41542 15175 25532 26367 17181 20359 15724 16226 13982 10638 23725 9930 9767 281
is_linear=0
shrinkage=0.0351744


Tree=107
num_leaves=23
num_cat=0
split_feature=7 6 3 4 1 0 2 4 8 6 7 5 3 9 2 9 1 4 0 3 1 5
split_gain=529.555 501.723 442.532 434.011 382.179 374.401 391.586 368.955 334.513 266.32 299.399 266.069 253.741 247.93 241.354 237.147 231.641 212.104 198.995 196.033 182.456 282.475
threshold=0.042200811811707102 -0.051338700243623546 -0.93364999999999987 -0.069433627047456745 -0.098987882941818275 0.086436990967349567 0.061075131271739504 0.044624009550640609 0.046526429892714903 0.081829696878544009 0.10994557259447872 -0.045065122558056593 -0.20219999999999996 -0.005964897038093349 -0.044034834418470496 0.13409269157169382 -0.13936677746106751 0.078633282980213617 0.04157052901458911 -0.93924999999999992 0.083428549065415622 -0.025420964496136848
decision_type=2 2 2 2 2 2 2 2 2 2 2 2 2 2 2 2 2 2 2 2 2 2
left_child=1 15 4 13 -3 6 7 8 -5 10 12 -6 16 14 -4 20 -2 18 -18 -19 -1 -22
right_child=9 2 3 5 11 -7 -8 -9 -10 -11 -12 -13 -14 -15 -16 -17 17 19 -20 -21 21 -23
leaf_value=0.011064635384153068 0.015414150987951456 0.0063882840545910107 -0.021332652432002868 -0.0019974499703987719 0.01345833574381672 0.013341630875394304 0.0086049113413324812 0.0073523677191561446 0.0072821331927490343 0.010327483705350129 -0.021204991645003109 -0.0169299005699458 -0.001158926392989409 -0.021476009253967653 0.0033960448408838361 -0.037048654085657856 -0.016072664064460829 -0.041869255671968385 0.00085659697217824106 0.021166956688605462 -0.012981201441721707 0.0094963323878179615
leaf_weight=8601 417 1474 675 46854 390 3154 7342 7389 5355 1256 1549 4066 9202 1543 1762 143 5221 72 1026 392 1120 1808
leaf_count=8601 417 1474 675 46854 390 3154 7342 7389 5355 1256 1549 4066 9202 1543 1762 143 5221 72 1026 392 1120 1808
internal_value=-4.02439e-07 0.00111036 0.000116226 0.000856619 -0.00912929 0.00149841 0.000940113 -3.87142e-06 -0.00104532 -0.00532289 -0.00642334 -0.0142661 -0.00501999 -0.0104417 -0.00344746 0.00792295 -0.010002 -0.0115841 -0.0132896 0.0113383 0.00848271 0.000892446
internal_weight=110811 91676 80004 74074 5930 70094 66940 59598 52209 19135 17879 4456 16330 3980 2437 11672 7128 6711 6247 464 11529 2928
internal_count=110811 91676 80004 74074 5930 70094 66940 59598 52209 19135 17879 4456 16330 3980 2437 11672 7128 6711 6247 464 11529 2928
is_linear=0
shrinkage=0.0351744


Tree=108
num_leaves=23
num_cat=0
split_feature=9 8 4 0 6 4 7 2 4 1 5 8 2 0 5 1 1 3 4 0 1 6
split_gain=521.228 408.142 401.004 416.271 399.236 349.808 334.115 352.965 325.121 274.877 391.601 264.446 298.295 293.607 280.421 228.533 214.182 246.081 247.438 240.63 226.589 209.488
threshold=0.0032962987332410005 0.088434083245857109 -0.032435441913664896 -0.065856962706443936 0.019097664378791002 0.094691000577307102 -0.04632313950314474 0.04206493927765801 -0.057816508389308491 0.0074724399692202509 0.040064854192119456 0.0080869024093621015 -0.096374697003733731 0.011102350153100751 0.14177564617113228 0.10928211184081101 -0.086653420511179483 0.63705000000000012 0.0063959367305837008 0.061257279254319501 -0.030905040091320547 0.087025836628616765
decision_type=2 2 2 2 2 2 2 2 2 2 2 2 2 2 2 2 2 2 2 2 2 2
left_child=4 2 -2 -4 8 11 -5 9 -1 10 -8 13 -13 15 -15 -6 -10 18 19 20 -18 -11
right_child=1 -3 3 6 5 -7 7 -9 16 21 -12 12 -14 14 -16 -17 17 -19 -20 -21 -22 -23
leaf_value=-0.0053420248041220787 -0.010097830451201413 0.015317039138747129 -0.014317842746615794 0.0084258877681360235 -0.012814841099245843 0.016724318814195314 0.0015843848659845283 0.0055584434246106875 0.011365359691861834 -0.011551147455216919 -0.011312860569078466 -0.023588153739773056 0.0039189482508167651 0.0011893814547902265 -0.081555450590287418 0.0048539529461739794 0.0018965448115667457 0.0085522131390079401 0.0058940293419649419 0.014634510968604037 -0.0081535696378952534 0.017433648754787576
leaf_weight=4121 8985 1480 3003 4364 6568 1196 11987 5985 5670 6230 3847 521 7588 5264 51 1049 5681 9992 10436 1046 5423 324
leaf_count=4121 8985 1480 3003 4364 6568 1196 11987 5985 5670 6230 3847 521 7588 5264 51 1049 5681 9992 10436 1046 5423 324
internal_value=-3.70515e-07 -0.00285312 -0.00345481 -0.00178426 0.0020396 -0.00177659 -0.000633968 -0.00202807 0.00404289 -0.00405695 -0.00154814 -0.00282912 0.00214914 -0.00595201 0.00038978 -0.0103793 0.00505452 0.00395559 0.00192127 -0.00148971 -0.00301031 -0.0101153
internal_weight=110811 46205 44725 35740 64606 22237 32737 28373 42369 22388 15834 21041 8109 12932 5315 7617 38248 32578 22586 12150 11104 6554
internal_count=110811 46205 44725 35740 64606 22237 32737 28373 42369 22388 15834 21041 8109 12932 5315 7617 38248 32578 22586 12150 11104 6554
is_linear=0
shrinkage=0.0351744


Tree=109
num_leaves=23
num_cat=0
split_feature=0 1 5 2 8 7 3 6 1 8 4 4 7 6 9 1 5 0 8 3 6 1
split_gain=498.35 515.225 640.909 767.652 432.628 318.902 376.623 307.688 301.963 298.492 298.212 274.964 271.514 276.385 260.036 252.055 599.572 304.883 302.644 250.991 296.947 247.782
threshold=0.04558573552231001 0.014690404804428502 -0.0048574820301523491 -0.027258055345550498 -0.057584775010464488 -0.050084064582013095 -0.93124999999999991 0.035469234852247608 -0.083193953618881392 -0.07606565086468968 -0.038728203941459489 0.094691000577307102 0.046667772270699508 0.063620690072318756 -0.033953573498802188 0.17472039115599697 -0.020272787634516298 -0.11688891795680724 0.076689110744080455 0.49445000000000006 -0.051338700243623546 -0.15925944057849817
decision_type=2 2 2 2 2 2 2 2 2 2 2 2 2 2 2 2 2 2 2 2 2 2
left_child=1 2 7 9 8 -3 -7 10 -5 -4 19 -9 13 14 -6 17 -17 -8 -19 20 -1 -11
right_child=-2 5 3 4 12 6 15 11 -10 21 -12 -13 -14 -15 -16 16 -18 18 -20 -21 -22 -23
leaf_value=0.010933915868796405 0.0051791948600157112 0.0025769060184561996 -0.043910798898873685 0.0076963145440374948 0.010006229845061086 -0.026290087980457896 -0.036780609748732006 -0.0052985261566062562 -0.020286147183668366 0.025802153630818385 0.0072696345203941293 0.017752802173910995 -0.0071321169938848555 -0.017510904019827366 0.0012030411712672432 -0.014173805452364031 0.012361299466484846 -0.0091189849922049832 0.013384704418745856 0.011391148839116618 -0.013737603315536849 -0.012039394597594219
leaf_weight=798 19034 4722 356 626 5960 1252 463 5953 1995 220 22407 717 3842 777 13699 1834 2475 11824 788 1151 2469 7449
leaf_count=798 19034 4722 356 626 5960 1252 463 5953 1995 220 22407 717 3842 777 13699 1834 2475 11824 788 1151 2469 7449
internal_value=-3.29022e-07 -0.00107472 0.000464942 -0.00286877 -1.97255e-05 -0.0055853 -0.00765434 0.00394137 -0.0135964 -0.0124162 0.00562264 -0.00281773 0.00144538 0.00305882 0.0038728 -0.00631099 0.00106344 -0.00874257 -0.00771148 -0.0027267 -0.00770598 -0.0109511
internal_weight=110811 91777 68419 34924 26899 23358 18636 33495 2621 8025 26825 6670 24278 20436 19659 17384 4309 13075 12612 4418 3267 7669
internal_count=110811 91777 68419 34924 26899 23358 18636 33495 2621 8025 26825 6670 24278 20436 19659 17384 4309 13075 12612 4418 3267 7669
is_linear=0
shrinkage=0.0351744


Tree=110
num_leaves=23
num_cat=0
split_feature=2 0 6 3 8 4 2 9 5 5 7 3 0 4 9 0 1 9 4 8 8 3
split_gain=486.778 516.811 455.414 448.272 402.696 393.893 406.637 375.451 331.712 231.011 204.251 191.279 175.627 171.914 199.955 170.432 168.361 205.264 207.757 158.192 155.683 155.258
threshold=-0.096374697003733731 0.04157052901458911 -0.051338700243623546 0.89800000000000013 0.10382802237438966 -0.057816508389308491 0.062024827971586906 0.12668831342996836 0.14177564617113228 -0.063254453973402389 0.080610931652623008 -0.5422499999999999 0.11429078169592517 -0.033075592060119792 -0.079598744515618977 0.088755355054549304 -0.020544636777111245 0.040600851217534602 0.038826396399178759 0.046526429892714903 -0.099948538746820595 -0.86364999999999992
decision_type=2 2 2 2 2 2 2 2 2 2 2 2 2 2 2 2 2 2 2 2 2 2
left_child=11 2 7 4 5 9 8 16 -7 -4 12 13 -3 -1 -15 20 -2 18 -18 -11 -13 -19
right_child=1 10 3 -5 -6 6 -8 -9 -10 19 -12 15 -14 14 -16 -17 17 21 -20 -21 -22 -23
leaf_value=-0.030991791881139957 0.011256121752485044 0.0055209642913712836 0.006878752565228974 0.0080626028780467606 0.019510348410841635 -0.0024697909759643635 0.0066530200664153506 -0.046834114973589011 -0.024220734721297741 -0.016965257384855367 -0.0086832898185502123 -0.061047594221956464 0.017763463965549911 0.041991417116513649 -0.01392531992992152 0.014125543825535623 -0.00070863850954699362 -0.041406236022989783 0.017555020087118407 0.0011264267836936029 -0.0066547105700920208 -0.0053932726693600641
leaf_weight=800 5630 16840 726 5527 1028 56696 6235 161 881 4172 1152 67 1588 83 1582 515 2111 189 1212 696 2230 690
leaf_count=800 5630 16840 726 5527 1028 56696 6235 161 881 4172 1152 67 1588 83 1582 515 2111 189 1212 696 2230 690
internal_value=-3.11103e-07 0.000520858 -0.000653787 -0.00158261 -0.00233973 -0.00266365 -0.00187876 0.00640484 -0.00280296 -0.0116138 0.00567823 -0.0104259 0.00657699 -0.0175804 -0.011124 -0.00414782 0.00727909 0.00194634 0.00594821 -0.0143752 -0.00825276 -0.0131619
internal_weight=110811 105534 85954 75961 70434 69406 63812 9993 57577 5594 19580 5277 18428 2465 1665 2812 9832 4202 3323 4868 2297 879
internal_count=110811 105534 85954 75961 70434 69406 63812 9993 57577 5594 19580 5277 18428 2465 1665 2812 9832 4202 3323 4868 2297 879
is_linear=0
shrinkage=0.0351744


Tree=111
num_leaves=23
num_cat=0
split_feature=9 1 5 1 6 3 6 4 8 4 6 4 8 2 0 5 1 2 9 1 8 5
split_gain=473.063 370.188 376.025 421.293 351.699 332.774 323.444 308.618 292.56 287.158 243.183 294.631 240.214 262.003 256.019 258.747 235.536 231.377 230.901 215.081 206.695 196.232
threshold=0.0032962987332410005 0.051332671033917511 0.020706746912483105 -0.043764128842901047 0.019097664378791002 -0.64819999999999989 -0.051338700243623546 0.094691000577307102 0.057540384637364654 -0.057816508389308491 0.013175628788399651 -0.017863805363148449 0.0080869024093621015 -0.096374697003733731 0.011102350153100751 0.14177564617113228 -0.15925944057849817 0.040798591150504555 0.1008234832522394 0.10928211184081101 -0.083952524979171592 -0.073811722070813282
decision_type=2 2 2 2 2 2 2 2 2 2 2 2 2 2 2 2 2 2 2 2 2 2
left_child=4 2 10 8 9 -3 -5 12 16 21 18 17 14 -14 19 -16 -4 -12 -2 -6 -8 -1
right_child=1 5 3 6 7 -7 20 -9 -10 -11 11 -13 13 -15 15 -17 -18 -19 -20 -21 -22 -23
leaf_value=0.014671878262689749 0.0063818854601420012 -0.017375196482592045 0.021830144814158611 0.013255449191087123 -0.012100741111030135 -0.0043102799716534515 -0.059586698135264626 0.015738832240471866 0.016925416124957529 0.004774116258441455 -0.021155236467679767 0.0010932606514564261 -0.022003142182588014 0.0037761038346469291 0.0010862378277641984 -0.078396649161192183 -0.0054050671664360953 0.0023793772189463405 -0.0074873659623108093 0.0050401589423459195 -0.017200120242998749 -0.0079928884365630601
leaf_weight=544 12139 3414 417 431 6568 8237 149 1196 955 38248 1581 6422 521 7588 5264 51 6697 766 1691 1049 3306 3577
leaf_count=544 12139 3414 417 431 6568 8237 149 1196 955 38248 1581 6422 521 7588 5264 51 6697 766 1691 1049 3306 3577
internal_value=-3.05837e-07 -0.00271806 -0.000889295 -0.00593451 0.00194312 -0.00814021 -0.0154495 -0.00163864 -0.00134984 0.00382338 0.00177894 -0.00280216 -0.00262731 0.00211734 -0.00560371 0.000318033 -0.00380582 -0.0134674 0.00468482 -0.00973789 -0.0190356 -0.00499649
internal_weight=110811 46205 34554 11955 64606 11651 3886 22237 8069 42369 22599 8769 21041 8109 12932 5315 7114 2347 13830 7617 3455 4121
internal_count=110811 46205 34554 11955 64606 11651 3886 22237 8069 42369 22599 8769 21041 8109 12932 5315 7114 2347 13830 7617 3455 4121
is_linear=0
shrinkage=0.0351744


Tree=112
num_leaves=23
num_cat=0
split_feature=7 6 2 8 9 0 3 7 5 9 7 5 3 2 5 6 9 1 4 9 1 4
split_gain=468.202 422.627 381.687 428.929 360.038 399.88 271.196 265.997 349.569 253.708 246.57 245.47 231.706 221.859 249.195 207.062 200.976 195.457 187.756 184.041 179.601 177.719
threshold=0.038025008673170053 0.041553637582559505 0.036265088198967954 -0.062774183508371592 -0.026797320517512397 0.0087459754560187519 -0.95584999999999987 -0.022326254118819847 0.020063640269672504 -0.11534681073594064 0.10994557259447872 0.021332178233381651 -0.96374999999999988 0.11572786674830127 0.15998967271130632 0.093505484769818112 -0.11534681073594064 -0.057249291409967339 -0.057816508389308491 0.081239476186472412 0.10597570361302826 0.033044221663401104
decision_type=2 2 2 2 2 2 2 2 2 2 2 2 2 2 2 2 2 2 2 2 2 2
left_child=1 2 3 11 16 7 -3 -6 -9 -2 12 17 -11 14 21 -12 -5 19 -7 -1 -16 -14
right_child=9 6 -4 4 5 18 -8 8 -10 10 15 -13 13 -15 20 -17 -18 -19 -20 -21 -22 -23
leaf_value=0.014052809731670312 0.017995606740356992 -0.025569388793605027 0.0068552101305087241 0.021777525595709394 0.0024312641276251199 -0.011010221418645764 -0.0031079700406927641 -0.0022644409274779676 -0.014067610650438579 -0.029020121595062068 -0.021545765797059736 -0.022939045052048603 -0.0055318311472477913 0.022509911442220136 -0.050000147653020612 0.029174909805725031 0.0048617128769066252 -0.011668399702329284 0.0050905603074683286 -0.027143075577571559 0.027289274751651847 0.0026419725421952403
leaf_weight=878 596 696 17089 916 6095 959 15026 8855 4784 453 1552 1282 14078 395 229 106 17136 1680 13512 158 44 4292
leaf_count=878 596 696 17089 916 6095 959 15026 8855 4784 453 1552 1282 14078 395 229 106 17136 1680 13512 158 44 4292
internal_value=-2.92144e-07 0.00112929 0.00225125 0.000852364 0.0017022 -0.000418385 -0.00410363 -0.0036756 -0.00640585 -0.00462773 -0.0052662 -0.0102511 -0.00415729 -0.00356457 -0.00411811 -0.0182905 0.00572117 -0.00425498 0.00402229 0.00775069 -0.0374735 -0.00362118
internal_weight=110811 89066 73344 56255 52257 34205 15722 19734 13639 21745 21149 3998 19491 19038 18643 1658 18052 2716 14471 1036 273 18370
internal_count=110811 89066 73344 56255 52257 34205 15722 19734 13639 21745 21149 3998 19491 19038 18643 1658 18052 2716 14471 1036 273 18370
is_linear=0
shrinkage=0.0351744


Tree=113
num_leaves=23
num_cat=0
split_feature=7 2 5 0 9 4 8 8 6 5 6 5 1 7 3 1 8 1 0 1 6 7
split_gain=451.656 528.917 422.338 384.9 325.819 309.932 292.814 281.717 358.159 309.272 273.408 262.925 403.565 256.105 282.641 254.073 291.304 229.055 228.917 284.231 382.422 281.697
threshold=-0.04632313950314474 -0.068029734234783937 0.14177564617113228 -0.0021966686799221495 0.035488849536434205 -0.073118113585582525 -0.070130343989338137 0.023088422292553753 -0.0020893519732245497 -0.020766880159267847 0.084320843027797757 -0.015687330121158246 0.033502415493766806 0.020271015102350354 0.45865000000000006 0.14210695638873913 -0.07606565086468968 -0.076435332777726836 0.081809860011285221 0.023233723475790755 0.014067609360347752 0.063311869135761464
decision_type=2 2 2 2 2 2 2 2 2 2 2 2 2 2 2 2 2 2 2 2 2 2
left_child=10 11 3 4 7 6 -5 8 17 -10 -1 12 -2 -14 -15 16 -13 -3 19 20 -7 -21
right_child=1 2 -4 5 -6 18 -8 -9 9 -11 -12 15 13 14 -16 -17 -18 -19 -20 21 -22 -23
leaf_value=0.0071679270187224595 0.0045932690432102198 0.01152809028523967 -0.017568170793193401 -0.0754106119574985 -0.0081858529972055078 0.0075162772332138476 -0.0092509026621001144 0.0049748044803178473 0.0020313101898610545 -0.010004690580842371 -0.0085549051559971074 -0.061105954828520312 -0.0022333757277865859 -0.019606280701323083 -0.06872485363881066 0.0046652190093505498 -0.01591126672229666 -0.00055117060988261449 0.011505907396818733 -0.000808675623781934 -0.00058679066396923269 -0.01987576317032607
leaf_weight=13793 3075 2488 1666 88 8638 16702 1381 8566 3728 9044 1518 185 746 652 187 721 3899 8843 3740 7381 12668 1102
leaf_count=13793 3075 2488 1666 88 8638 16702 1381 8566 3728 9044 1518 185 746 652 187 721 3899 8843 3740 7381 12668 1102
internal_value=-2.85479e-07 -0.000899603 -3.11587e-05 0.000314974 -0.00211054 0.00264202 -0.0132335 -0.000503627 -0.00245133 -0.00649024 0.00560794 -0.0087917 -0.0028341 -0.0172531 -0.0305852 -0.0145658 -0.017965 0.00209979 0.00320317 0.00238235 0.00402068 -0.00328792
internal_weight=110811 95500 86035 84369 41307 43062 1469 32669 24103 12772 15311 9465 4660 1585 839 4805 4084 11331 41593 37853 29370 8483
internal_count=110811 95500 86035 84369 41307 43062 1469 32669 24103 12772 15311 9465 4660 1585 839 4805 4084 11331 41593 37853 29370 8483
is_linear=0
shrinkage=0.0351744


Tree=114
num_leaves=23
num_cat=0
split_feature=3 4 8 2 5 1 4 5 1 1 5 1 6 3 0 7 0 6 1 4 6 7
split_gain=441.488 452.604 537.913 567.274 390.783 409.959 396.705 366.417 384.152 334.356 403.118 349.629 309.276 294.447 257.338 248.534 243.904 219.048 221.202 192.448 201.608 190.873
threshold=0.92455000000000009 0.05287311430924841 0.025614083537941906 -0.0058901815901666989 0.10822796859505861 -0.05287900296199944 -0.085782764465803088 -0.0076816021444839995 0.036597395995265555 0.10928211184081101 0.17465723710244555 -0.069203642328287449 0.024393189078829005 -0.95584999999999987 0.056721917652989305 0.0012201193948971503 -0.030695532482002647 -0.039196669904027197 0.14557294659921924 -0.045826648680994099 -0.037710914662465546 -0.063843110505587178
decision_type=2 2 2 2 2 2 2 2 2 2 2 2 2 2 2 2 2 2 2 2 2 2
left_child=1 2 3 7 5 6 -5 8 19 10 11 -9 -8 -7 17 -15 -4 -6 -19 -1 -21 -10
right_child=-2 -3 16 4 14 13 12 9 21 -11 -12 -13 -14 15 -16 -17 -18 18 -20 20 -22 -23
leaf_value=-0.0088601273287826632 0.0094353246497468849 0.0060684456719895087 -0.0022032463269899779 -0.0366078452132187 0.0043731189904941403 -0.031194903955308394 0.009142024521373731 -0.0039204557329368282 0.014800785308311228 0.0032069640223401589 -0.078844402440642974 -0.015680581457029361 -0.00203737737261396 0.001950538080627945 0.01702898463357665 -0.0053630430191554303 0.0058004370097069213 -0.031876165795192438 0.0147583833104612 0.014122008294613249 0.00037734649011105425 -0.016178766112692155
leaf_weight=2187 5813 11479 6714 276 346 427 10655 4818 269 2020 111 8939 4293 11455 260 11536 15768 1198 140 1594 7704 2809
leaf_count=2187 5813 11479 6714 276 346 427 10655 4818 269 2020 111 8939 4293 11455 260 11536 15768 1198 140 1594 7704 2809
internal_value=-3.20878e-07 -0.000522878 -0.00133212 -0.00283299 -0.000109911 0.000663854 0.00515759 -0.00646183 -0.00243013 -0.0101562 -0.0121039 -0.0115632 0.00593025 -0.00225682 -0.0154978 -0.00171842 0.00340949 -0.0205308 -0.026983 0.000526017 0.00273565 -0.0134653
internal_weight=110811 104998 93519 71037 40586 38642 15224 30451 14563 15888 13868 13757 14948 23418 1944 22991 22482 1684 1338 11485 9298 3078
internal_count=110811 104998 93519 71037 40586 38642 15224 30451 14563 15888 13868 13757 14948 23418 1944 22991 22482 1684 1338 11485 9298 3078
is_linear=0
shrinkage=0.0351744


Tree=115
num_leaves=23
num_cat=0
split_feature=0 8 6 2 8 4 9 7 0 7 1 7 5 0 1 1 6 8 9 5 5 5
split_gain=424.712 439.204 372.602 390.892 437.635 363.301 322.502 283.597 255.601 241.323 231.048 228.904 259.941 222.662 299.612 228.071 222.472 219.626 212.758 202.356 199.532 180.175
threshold=-0.073312548877460929 -0.062774183508371592 -0.050199045317447295 -0.0049417004250916991 0.039817384129130509 -0.020933196745335246 0.097911686297019365 -0.044729341931188847 0.061257279254319501 0.064538379485212419 -0.11939589641391414 0.023683556086155206 -0.04347436313543699 0.035052049108563757 0.023233723475790755 0.11593223069399201 0.019625006048229605 0.02671461560146365 0.059598292638332252 -0.017774727675819498 -0.019756777133535196 0.021332178233381651
decision_type=2 2 2 2 2 2 2 2 2 2 2 2 2 2 2 2 2 2 2 2 2 2
left_child=10 21 6 4 5 11 9 -7 -9 -3 -1 12 -4 14 16 17 -5 -16 19 -12 -17 -2
right_child=1 2 3 13 -6 7 -8 8 -10 -11 18 -13 -14 -15 15 20 -18 -19 -20 -21 -22 -23
leaf_value=0.011168789394498913 -0.0034791238113201181 0.0098633293298636907 0.0093688744098511471 0.0049850063459847003 0.0062199183594411076 0.0087164925941153985 -0.021912321760685246 -0.0047789765993698722 0.0078664262027548244 -0.0074826575485075061 0.00053681192878161899 -0.018689977604754968 -0.0096307156407438223 0.0073122631041683496 -0.015799198566774735 -0.010371623197092025 -0.0012599139676385276 0.0030250448088557482 -0.027060860299608826 -0.01239803928045855 0.0080074479128836515 -0.014992533894078111
leaf_weight=718 4517 10379 1074 20143 6109 2858 457 15878 2258 1096 2367 2664 5203 9506 2912 1109 10859 1039 783 4057 2141 2684
leaf_count=718 4517 10379 1074 20143 6109 2858 457 15878 2258 1096 2367 2664 5203 9506 2912 1109 10859 1039 783 4057 2141 2684
internal_value=-3.05955e-07 0.000603921 0.00123453 0.000405833 -0.00235856 -0.0041098 0.00704986 -0.00158002 -0.0032036 0.00820505 -0.0078466 -0.0100479 -0.00637706 0.00249467 0.00129546 -0.00516698 0.00279708 -0.0108448 -0.00974354 -0.00762956 0.00173062 -0.00777302
internal_weight=110811 102886 95685 83753 36044 29935 11932 20994 18136 11475 7925 8941 6277 47709 38203 7201 31002 3951 7207 6424 3250 7201
internal_count=110811 102886 95685 83753 36044 29935 11932 20994 18136 11475 7925 8941 6277 47709 38203 7201 31002 3951 7207 6424 3250 7201
is_linear=0
shrinkage=0.0351744


Tree=116
num_leaves=23
num_cat=0
split_feature=2 0 9 6 7 4 5 1 2 1 1 2 8 9 7 0 1 9 3 8 0 1
split_gain=415.96 427.65 414.466 423.594 344.172 280.916 270.916 476.236 345.212 397.041 324.55 237.719 235.639 250.364 202.25 221.172 190.115 179.791 231.551 214.45 204.231 182.42
threshold=-0.11004754385454064 0.081809860011285221 0.034612091758803705 0.02106702103162315 -0.012270081549489598 -0.050257557827609343 0.0024373400549338505 0.045355472178381158 -0.0054274964605963991 -0.046072066004982641 0.076995206897744417 0.071834311008968615 -0.037396157099663839 -0.078284845295899089 -0.04632313950314474 -0.053498587056858643 -0.024627921359129699 -0.05230931845471249 -0.95584999999999987 0.079373605516381562 -0.019352198403562098 -0.05003017432751649
decision_type=2 2 2 2 2 2 2 2 2 2 2 2 2 2 2 2 2 2 2 2 2 2
left_child=-1 2 3 4 -2 -4 7 -6 10 -10 -8 14 13 -5 -7 -16 -15 18 -14 20 -19 -20
right_child=1 -3 5 12 6 11 8 -9 9 -11 -12 -13 17 16 15 -17 -18 19 21 -21 -22 -23
leaf_value=-0.011898089465238088 0.0066029928454870192 0.0096039075192891066 -0.016381072579244833 0.012315488039102868 0.0065975437568037464 0.0048555061128451333 -0.011152283788978305 -0.0085247406783257873 0.0095053864870390213 -0.0046635929902838552 0.013552687039489345 0.0076468617930899761 -0.056540471064289326 -0.019037859342089493 -0.016657458986572126 -0.0042529445759280048 -0.0050351791547542371 -0.010289051203384409 -0.0029287899619850765 0.015633418785307267 -0.0010257384044984131 0.010123127834001242
leaf_weight=3520 19281 5890 2160 595 14034 2532 6150 3155 4471 5403 736 2286 76 2342 2041 13892 2468 4366 2128 722 9060 3503
leaf_count=3520 19281 5890 2160 595 14034 2532 6150 3155 4471 5403 736 2286 76 2342 2041 13892 2468 4366 2128 722 9060 3503
internal_value=-2.9885e-07 0.000389906 -0.000145151 0.00106965 0.00284985 -0.0043076 0.00071778 0.00382086 -0.00246374 0.00175056 -0.00850905 -0.00304993 -0.00268108 -0.00919264 -0.00437517 -0.00584315 -0.011857 -0.000907578 0.00436126 -0.00303411 -0.0040394 0.00518781
internal_weight=110811 107291 101401 78490 53230 22911 33949 17189 16760 9874 6886 20751 25260 5405 18465 15933 4810 19855 5707 14148 13426 5631
internal_count=110811 107291 101401 78490 53230 22911 33949 17189 16760 9874 6886 20751 25260 5405 18465 15933 4810 19855 5707 14148 13426 5631
is_linear=0
shrinkage=0.0351744


Tree=117
num_leaves=23
num_cat=0
split_feature=3 4 8 2 5 1 4 5 1 1 5 1 3 6 0 8 0 9 1 6 1 2
split_gain=399.905 428.392 465.402 486.065 369.424 385.022 379.718 333.035 358.122 311.431 413.125 325.613 270.588 262.814 236.097 227.728 224.673 222.246 194.76 191.91 209.213 184.814
threshold=0.91525000000000012 0.05287311430924841 0.025614083537941906 -0.0058901815901666989 0.10822796859505861 -0.05287900296199944 -0.085782764465803088 -0.0076816021444839995 0.036597395995265555 0.10928211184081101 0.17465723710244555 -0.14208978606027103 -0.97464999999999991 0.024393189078829005 0.056721917652989305 -0.050403264128118096 0.04558573552231001 0.036269058284658255 0.025563501414801303 -0.039196669904027197 0.17472039115599697 -0.13294320776811239
decision_type=2 2 2 2 2 2 2 2 2 2 2 2 2 2 2 2 2 2 2 2 2 2
left_child=1 2 3 7 5 6 -5 8 -1 10 11 -9 -7 -8 19 -14 17 21 -19 -6 -21 -4
right_child=-2 -3 16 4 14 12 13 9 -10 -11 -12 -13 15 -15 -16 -17 -18 18 -20 20 -22 -23
leaf_value=0.00061093517607375774 0.0081938588538781124 0.0059019856973702217 -0.023816474281766292 -0.036070252908212079 0.0033428188397129181 -0.052870395847101376 0.0086804166927603663 0.014138944105489231 -0.012936564943629807 0.0033369568409695556 -0.080346059760569244 -0.012159453597692023 -0.01013463713150675 -0.0016833885957515096 0.015961462795959051 -0.00049458752888594762 0.010634342846805714 -0.0001178280746782142 -0.015775472139798595 -0.029821572247510562 0.027403923912238316 0.0042173589156250125
leaf_weight=11413 6909 11356 297 274 342 130 10526 609 3061 1995 107 13052 3596 4246 259 19351 4010 2875 1495 1239 84 13585
leaf_count=11413 6909 11356 297 274 342 130 10526 609 3061 1995 107 13052 3596 4246 259 19351 4010 2875 1495 1239 84 13585
internal_value=-3.02633e-07 -0.000545348 -0.00133667 -0.00274063 -0.000198459 0.000560099 0.00493821 -0.006107 -0.00225309 -0.00964464 -0.0115269 -0.0109857 -0.00229369 0.00570038 -0.0152363 -0.00200606 0.00309506 0.00143767 -0.00547859 -0.0201003 -0.0261727 0.00361611
internal_weight=110811 103902 92546 70284 40047 38123 15046 30237 14474 15763 13768 13661 23077 14772 1924 22947 22262 18252 4370 1665 1323 13882
internal_count=110811 103902 92546 70284 40047 38123 15046 30237 14474 15763 13768 13661 23077 14772 1924 22947 22262 18252 4370 1665 1323 13882
is_linear=0
shrinkage=0.0351744


Tree=118
num_leaves=23
num_cat=0
split_feature=7 0 2 5 6 1 4 2 8 1 8 6 7 0 4 8 9 2 4 6 7 9
split_gain=393.538 372.54 397.78 479.75 359.973 314.991 298.524 284.384 364.005 349.757 239.636 237.517 257.279 231.153 201.838 244.118 200.297 194.155 185.567 185.509 184.919 164.65
threshold=0.042200811811707102 0.086436990967349567 -0.069640024415746085 -0.015687330121158246 0.063620690072318756 0.14210695638873913 0.014634885021916151 0.047759208922019708 0.0010998327916652503 -0.11350959996507208 -0.07606565086468968 0.081829696878544009 0.10994557259447872 -0.10991302374874019 -0.10223703431751933 0.043887263718995706 0.11613018544403932 0.090411043541748962 0.12220770458534622 -0.10249040835926683 0.030063428752734555 0.013775329511998552
decision_type=2 2 2 2 2 2 2 2 2 2 2 2 2 2 2 2 2 2 2 2 2 2
left_child=1 2 3 -1 6 10 7 8 9 -4 -5 12 13 -2 15 -9 -8 21 -6 -12 -10 -15
right_child=11 -3 4 5 18 -7 16 14 20 -11 19 -13 -14 17 -16 -17 -18 -19 -20 -21 -22 -23
leaf_value=0.0019946447422849161 -0.035894251900468931 0.011024305078398629 0.010404107827121924 -0.057375054594482708 -0.0081698225037751242 0.0066183460166514205 0.0057860290454535123 -0.063592472328690419 0.0040762133606399679 -0.0052409268207855679 0.020573911336731629 0.010191300053541883 -0.019330439454752445 -0.0020402018633825427 0.0063145359358749448 0.048682201671011428 -0.012245096609073178 0.012948562592179729 0.018254075258816782 -0.019150367969641209 -0.0085668458128981932 -0.0097633022676557792
leaf_weight=3797 282 4333 1933 196 6114 678 22693 102 15503 20614 152 1256 1549 10055 9687 31 788 815 347 3132 1576 5178
leaf_count=3797 282 4333 1933 196 6114 678 22693 102 15503 20614 152 1256 1549 10055 9687 31 788 815 347 3132 1576 5178
internal_value=-3.0105e-07 0.000957219 0.00045759 -0.00704082 0.00120918 -0.0152956 0.00191437 0.000363166 -0.000964424 -0.00389884 -0.0195699 -0.00458863 -0.00562793 -0.00432696 0.00572192 -0.0372706 0.00518013 -0.00377086 -0.00674768 -0.0173057 0.0029085 -0.00466661
internal_weight=110811 91676 87343 7955 79388 4158 72927 49446 39626 22547 3480 19135 17879 16330 9820 133 23481 16048 6461 3284 17079 15233
internal_count=110811 91676 87343 7955 79388 4158 72927 49446 39626 22547 3480 19135 17879 16330 9820 133 23481 16048 6461 3284 17079 15233
is_linear=0
shrinkage=0.0351744


Tree=119
num_leaves=23
num_cat=0
split_feature=9 8 4 0 7 4 6 7 7 2 8 4 1 8 5 7 2 3 9 3 2 1
split_gain=383.902 353.293 312.822 330.687 309.399 270.788 323.61 283.312 244.033 280.945 235.411 261.975 236.225 258.268 210.403 177.913 175.067 173.772 162.507 159.86 157.428 153.317
threshold=0.0032962987332410005 0.088434083245857109 -0.032435441913664896 -0.065856962706443936 0.14512608310463124 0.084152524140046411 0.036093006112772406 0.0088507637863274018 -0.04632313950314474 0.04206493927765801 0.033317578416876957 -0.038728203941459489 -0.074161972429285933 -0.048501395903668691 0.035957093045195308 0.099487548053832406 0.095797142332051458 -0.95304999999999984 0.052464080104266959 -0.51029999999999986 -0.032498994794595941 -0.16408927849770483
decision_type=2 2 2 2 2 2 2 2 2 2 2 2 2 2 2 2 2 2 2 2 2 2
left_child=5 2 16 -4 8 6 7 -1 -5 14 11 15 20 -14 -10 19 21 -8 -18 -9 -13 -2
right_child=1 -3 3 4 -6 -7 17 10 9 -11 -12 12 13 -15 -16 -17 18 -19 -20 -21 -22 -23
leaf_value=0.0048723422859551797 0.012210749169342968 0.014456614457608003 -0.012703964011205061 0.0074333053226824722 -0.059090482806928531 0.011567546885219149 -0.026928867807540901 -0.020078787029685921 -0.0012084352285266086 0.0052910399008868608 0.0074562753346730237 -0.0062862007133848248 -0.016271077305881294 -0.00030464040649048435 -0.008857746566014707 -0.046280929523615809 0.026866082560928616 -0.0029709108805286914 -0.009000803575264461 -0.0034436789363903146 0.014404703521550034 -0.011229521977290101
leaf_weight=27724 360 1480 3003 4364 111 3299 386 1106 16178 5944 3693 594 1444 9510 6140 170 315 12722 309 2029 1929 8001
leaf_count=27724 360 1480 3003 4364 111 3299 386 1106 16178 5944 3693 594 1444 9510 6140 170 315 12722 309 2029 1929 8001
internal_value=-2.84334e-07 -0.00244858 -0.00300841 -0.00153286 -0.00050756 0.00175043 0.00122186 0.00255476 -0.000307443 -0.00150333 -0.000582535 -0.00235258 -0.000174956 -0.00241113 -0.00331366 -0.0112269 -0.00887577 -0.00367801 0.00908075 -0.00931844 0.00952668 -0.010218
internal_weight=110811 46205 44725 35740 32737 64606 61307 48199 32626 28262 20475 16782 13477 10954 22318 3305 8985 13108 624 3135 2523 8361
internal_count=110811 46205 44725 35740 32737 64606 61307 48199 32626 28262 20475 16782 13477 10954 22318 3305 8985 13108 624 3135 2523 8361
is_linear=0
shrinkage=0.0351744


Tree=120
num_leaves=23
num_cat=0
split_feature=5 3 7 0 2 6 8 9 9 6 1 7 5 8 4 1 3 5 4 0 2 0
split_gain=373.869 371.477 368.883 384.349 397.903 318.597 296.208 275.771 245.326 215.815 212.656 186.432 187.971 172.751 164.207 154.15 179.493 139.019 133.667 127.979 127.105 120.18
threshold=0.15998967271130632 0.92455000000000009 0.07645789768128107 0.072805073274179413 -0.081646643084545792 -0.051338700243623546 0.10382802237438966 1.0000000180025095e-35 0.13409269157169382 0.10674512364961551 -0.14208978606027103 0.0025306936911618006 -0.015687330121158246 0.064815805040864219 0.0124331527549733 0.18729881317640429 1.0000000180025095e-35 0.014685993180386303 0.06234585811946361 0.015892546733728152 0.013337114917788303 -0.0021966686799221495
decision_type=2 2 2 2 2 2 2 2 2 2 2 2 2 2 2 2 2 2 2 2 2 2
left_child=1 2 3 4 11 8 7 -7 10 -4 -6 12 18 17 15 19 -17 -13 -1 -2 -16 -15
right_child=14 -3 9 -5 5 6 -8 -9 -10 -11 -12 13 -14 21 20 16 -18 -19 -20 -21 -22 -23
leaf_value=-0.000774574666856859 -0.04624112424633179 0.0089324261634256882 -0.010498697474893893 0.0081294270201471563 0.029159087327564323 0.0011351727461974921 0.019198102126514304 -0.0031751602016313334 -0.043687421386185255 0.022713819803635339 0.0056349559623155906 -0.014609085618038682 -0.012112543583488974 -0.0087325610031546638 -0.017631613437062151 -0.039144853566220522 0.060975924587576703 -0.034539010844991093 0.022977297072401939 -0.01717614484564917 0.020289684766240695 0.033761996588029149
leaf_weight=1375 413 5740 5389 7093 502 41445 930 32972 120 253 9090 1552 1715 236 257 40 49 604 372 348 190 126
leaf_count=1375 413 5740 5389 7093 502 41445 930 32972 120 253 9090 1552 1715 236 257 40 49 604 372 348 190 126
internal_value=-3.01707e-07 0.000221908 -0.000259745 0.000242945 -0.000371334 0.000245067 -0.000527609 -0.000774389 0.00624121 -0.00900581 0.00686831 -0.00914152 -0.0038383 -0.0164256 -0.0187734 -0.0278491 0.0158022 -0.0202023 0.00427524 -0.0329783 -0.00147423 0.00602107
internal_weight=110811 109514 103774 98132 91039 85059 75347 74417 9712 5642 9592 5980 3462 2518 1297 850 89 2156 1747 761 447 362
internal_count=110811 109514 103774 98132 91039 85059 75347 74417 9712 5642 9592 5980 3462 2518 1297 850 89 2156 1747 761 447 362
is_linear=0
shrinkage=0.0351744


Tree=121
num_leaves=23
num_cat=0
split_feature=2 0 6 5 8 4 9 2 3 8 1 3 5 0 8 2 2 2 4 5 1 2
split_gain=358.022 378.916 340.848 327.718 305.638 320.499 303.035 266.635 255.988 213.403 189.11 176.153 171.5 176.382 161.904 160.335 155.276 150.971 185.707 234.143 148.159 148.616
threshold=-0.11004754385454064 0.034444313149233262 -0.049186769346602745 0.13480056399582926 0.12317989273580392 -0.057816508389308491 0.08529041516287407 0.071834311008968615 0.89800000000000013 0.015563810792707451 0.17896003900554594 1.0000000180025095e-35 -0.11662074239669119 0.11429078169592517 0.03603499465970026 -0.033160675033238239 -0.066770264626139039 0.0076801594257517513 -0.024625008396926946 0.049763378616733009 -0.12605914524706577 -0.085845825222668787
decision_type=2 2 2 2 2 2 2 2 2 2 2 2 2 2 2 2 2 2 2 2 2 2
left_child=-1 2 6 4 5 9 20 8 -7 16 -5 -12 -3 14 17 -11 -4 18 19 -14 21 -2
right_child=1 12 3 10 -6 7 -8 -9 -10 15 11 -13 13 -15 -16 -17 -18 -19 -20 -21 -22 -23
leaf_value=-0.011038430748250944 -0.048663909333874669 -0.012411555297246267 -0.036711084977200659 -0.02325005935807915 0.025391874017042144 -0.0020121548306483391 -0.019565665379358471 0.0073216759926139144 0.0073395084991604975 -0.015671729397557382 -0.024434671369911495 0.044189064770854075 -0.0029662716299342254 0.015582416190471991 0.010656582277579723 0.0059342745456182735 -0.012129382089492245 0.0062102634655820301 0.0028352082438763133 -0.028280092123059163 0.0053248573706974759 0.024136795148772483
leaf_weight=3520 36 743 352 1245 527 56251 578 4662 3870 599 81 107 2570 1723 3647 1461 3363 7866 7251 549 9023 787
leaf_count=3520 36 743 352 1245 527 56251 578 4662 3870 599 81 107 2570 1723 3647 1461 3363 7866 7251 549 9023 787
internal_value=-2.91882e-07 0.000361708 -0.000770707 -0.00162578 -0.00128978 -0.00148936 0.00517624 -0.000781265 -0.00140989 -0.00942952 -0.0182797 0.0145386 0.00421981 0.00474407 0.00388982 -0.000340928 -0.0144645 0.00253555 -0.000250301 -0.00742854 0.00663068 0.020923
internal_weight=110811 107291 82942 72518 71085 70558 10424 64783 60121 5775 1433 188 24349 23606 21883 2060 3715 18236 10370 3119 9846 823
internal_count=110811 107291 82942 72518 71085 70558 10424 64783 60121 5775 1433 188 24349 23606 21883 2060 3715 18236 10370 3119 9846 823
is_linear=0
shrinkage=0.0351744


Tree=122
num_leaves=23
num_cat=0
split_feature=0 8 4 8 0 3 7 7 7 5 1 3 0 2 2 9 1 9 1 2 2 8
split_gain=350.574 359.081 299.4 429.218 380.19 367.68 265.802 226.587 224.154 211.88 209.353 207.852 197.844 193.066 193.063 187.452 216.533 171.717 189.715 161.291 156.857 153.687
threshold=-0.073312548877460929 -0.062774183508371592 0.014634885021916151 0.046526429892714903 0.019454241742854452 -0.77164999999999984 0.050150687741229556 0.078565514943708517 0.14512608310463124 -0.036623734746121746 -0.090076306864767086 -0.96374999999999988 0.14000864188583392 -0.076125887519388286 0.0024245489919414507 -0.0154027784306552 0.073757912339646264 0.07926248906008336 -0.13420704563369165 0.10604661995738372 -0.053503364706735793 1.0000000180025095e-35
decision_type=2 2 2 2 2 2 2 2 2 2 2 2 2 2 2 2 2 2 2 2 2 2
left_child=9 -2 3 4 5 10 19 12 11 -1 -3 -4 13 -6 -8 -5 -17 18 21 -7 -12 -11
right_child=1 2 8 15 7 6 14 -9 -10 17 20 -13 -14 -15 -16 16 -18 -19 -20 -21 -22 -23
leaf_value=0.0019006318626581932 -0.0070257137296876777 2.2817625950137316e-05 -0.012389085268707503 0.013872126986297131 -0.0085976470682213244 -0.00086165279826094299 -0.022339265384379192 -0.014535325658430137 -0.040686364655301614 0.048295749149326099 -0.026721122677299518 0.004520805592976968 0.02644903113761074 0.0037449481913478856 -0.0039434670930706562 0.0068981333833131233 -0.011897123813936818 -0.034996528605586337 -0.010382354897803404 0.017218866580479969 -0.01095772501035089 -0.035205588049310045
leaf_weight=2285 7201 1911 925 3271 1720 22835 1217 935 139 119 917 31643 442 17653 1687 3443 972 341 5145 627 5348 35
leaf_count=2285 7201 1911 925 3271 1720 22835 1217 935 139 119 917 31643 442 17653 1687 3443 972 341 5145 627 5348 35
internal_value=-2.85915e-07 0.000548662 0.00111887 -0.000298817 -0.00138173 -0.00364256 -0.00162092 0.002381 0.00384917 -0.00712895 -0.0101597 0.00403996 0.00318017 0.00264821 -0.0116593 0.00748923 0.00275614 -0.0107901 -0.0092282 -0.000377642 -0.0132683 0.029193
internal_weight=110811 102886 95685 62978 55292 34542 26366 20750 32707 7925 8176 32568 19815 19373 2904 7686 4415 5640 5299 23462 6265 154
internal_count=110811 102886 95685 62978 55292 34542 26366 20750 32707 7925 8176 32568 19815 19373 2904 7686 4415 5640 5299 23462 6265 154
is_linear=0
shrinkage=0.0351744


Tree=123
num_leaves=23
num_cat=0
split_feature=7 3 1 5 6 2 8 9 3 8 0 1 5 1 6 1 0 4 0 2 6 7
split_gain=339.952 435.467 399.568 530.244 365.297 359.755 452.809 335.937 367.909 304.794 271.858 287.022 674.085 269.465 236.224 216.643 201.745 187.69 183.973 211.186 402.436 172.797
threshold=-0.04632313950314474 -0.97184999999999988 0.023233723475790755 0.093828750910579212 -0.035660706675738389 -0.027891336391990297 0.035339869393881208 0.062060404716679861 -0.63704999999999989 0.0084812933164845009 0.058951670760192802 0.12596055925824673 -0.020272787634516298 -0.042057798850643598 0.12714280737257694 -0.10808640908723294 -0.062054601658982245 0.087403027277073414 0.06674470763089721 -0.012727259319531297 -0.035011034041886796 0.095511689039435951
decision_type=2 2 2 2 2 2 2 2 2 2 2 2 2 2 2 2 2 2 2 2 2 2
left_child=14 15 3 4 -3 6 13 10 -9 18 11 -4 -13 -6 17 -2 -7 -1 19 -5 -21 -12
right_child=1 2 7 9 5 16 -8 8 -10 -11 21 12 -14 -15 -16 -17 -18 -19 -20 20 -22 -23
leaf_value=0.0047507880793877582 0.0030796840181066573 0.0074745373849307885 -0.0093459567361124391 -0.041772858985183119 -0.012146197906084091 -0.0070577362634218514 0.0083685832740221667 -0.032658174671807483 -0.0072498076757918075 0.00011065845005844521 0.0086526758571068892 -0.012159281142183832 0.0094959017845605911 -0.00097550806038797591 -0.020701859472298464 -0.02589355719617108 0.0026723226639223307 0.023766859324369827 0.0077886306721699381 0.017460594923055808 -0.025331564247671544 -0.01744033333122362
leaf_weight=14204 427 10868 8056 541 6634 2822 2718 1003 2382 1690 3171 3093 4184 4479 434 1254 39909 673 275 343 1303 348
leaf_count=14204 427 10868 8056 541 6634 2822 2718 1003 2382 1690 3171 3093 4184 4479 434 1254 39909 673 275 343 1303 348
internal_value=-3.03099e-07 -0.000780545 -0.00046241 0.000816814 0.00156826 0.000433093 -0.00449725 -0.00458102 -0.0147846 -0.0113825 -0.0027479 -0.00477206 0.00028928 -0.00764552 0.00486521 -0.0185244 0.00202933 0.0056124 -0.019278 -0.0226893 -0.0164034 0.00606688
internal_weight=110811 95500 93819 71582 67430 56562 13831 22237 3385 4152 18852 15333 7277 11113 15311 1681 42731 14877 2462 2187 1646 3519
internal_count=110811 95500 93819 71582 67430 56562 13831 22237 3385 4152 18852 15333 7277 11113 15311 1681 42731 14877 2462 2187 1646 3519
is_linear=0
shrinkage=0.0351744


Tree=124
num_leaves=23
num_cat=0
split_feature=5 2 9 2 8 7 0 4 0 7 1 4 4 8 9 1 4 7 3 2 6 6
split_gain=329.48 332.043 349.219 356.427 369.241 377.775 358.624 321.246 178.147 200.59 211.764 156.381 150.692 143.062 138.706 178.845 182.043 150.82 147.555 138.356 137.221 137.119
threshold=0.15998967271130632 0.040798591150504555 -0.11534681073594064 -0.15516119816725618 0.10382802237438966 0.07645789768128107 0.086436990967349567 0.050612858482826158 -0.10510920546429559 -0.0050929882231730995 -0.056609642482235392 -0.07510852646201073 0.0124331527549733 -0.087236356449206978 0.07926248906008336 -0.10457222095505159 -0.085782764465803088 0.10994557259447872 -0.97464999999999991 0.11045235322052467 0.10674512364961551 0.079436117404805454
decision_type=2 2 2 2 2 2 2 2 2 2 2 2 2 2 2 2 2 2 2 2 2 2
left_child=1 2 -1 21 5 6 7 -5 9 -3 -11 -6 13 -2 15 16 -10 -16 -17 -20 -7 -4
right_child=12 8 3 4 11 20 -8 -9 14 10 -12 -13 -14 -15 17 18 -18 -19 19 -21 -22 -23
leaf_value=0.015213757766711562 -0.08347248306814338 0.0053719900142786261 -0.030772294602652892 -0.0020080835974903436 -0.0058266646772540051 -0.012835698133870319 0.010004458936836226 0.005164002925738622 -0.04863250196726452 0.0050475124069761625 -0.070494241902715402 0.024271645296021722 -0.0010507775681704199 -0.022632309184219837 -0.0021758287620241802 -0.04297673296067913 0.015331944239911854 -0.059996797699061979 0.0033256209499930435 0.014629987041862457 0.0229161097917993 0.0050484208603038053
leaf_weight=1652 51 203 682 65786 270 3931 3734 8754 56 70 131 1006 447 799 2428 82 2528 57 16384 1460 137 163
leaf_count=1652 51 203 682 65786 270 3931 3734 8754 56 70 131 1006 447 799 2428 82 2528 57 16384 1460 137 163
internal_value=-2.9866e-07 0.000208294 -0.000801145 -0.0011146 -0.000884675 -0.00117585 -0.00063247 -0.00116556 0.00392401 -0.0192187 -0.0441209 0.0178899 -0.0176237 -0.0263177 0.00433146 0.00528269 0.0139363 -0.00351267 0.00403425 0.0042516 -0.0116267 -0.0238432
internal_weight=110811 109514 86115 84463 83618 82342 78274 74540 23399 404 201 1276 1297 850 22995 20510 2584 2485 17926 17844 4068 845
internal_count=110811 109514 86115 84463 83618 82342 78274 74540 23399 404 201 1276 1297 850 22995 20510 2584 2485 17926 17844 4068 845
is_linear=0
shrinkage=0.0351744


Tree=125
num_leaves=23
num_cat=0
split_feature=4 0 7 8 6 2 6 3 1 9 4 1 1 9 6 4 8 2 8 1 8 9
split_gain=320.629 355.172 359.516 287.104 256.472 237.754 271.679 265.511 227.185 190.308 176.769 184.762 170.934 182.21 175.432 171.362 169.638 248.141 165.658 146.417 146.074 143.79
threshold=0.10525850206223876 -0.062054601658982245 0.058382160598445261 -0.062774183508371592 -0.050199045317447295 -0.042279608257036541 0.063620690072318756 -0.95834999999999992 -0.11939589641391414 0.075766933679636966 -0.08003412965958133 -0.037441542283869596 0.21332344831681074 0.025254230812311856 -0.10249040835926683 -0.10878881064727379 0.033997020141194413 0.030440858912344954 0.06660008996918601 0.10275012029562196 0.023596620216478455 -0.074179124838454444
decision_type=2 2 2 2 2 2 2 2 2 2 2 2 2 2 2 2 2 2 2 2 2 2
left_child=1 8 3 21 9 10 18 -8 -1 -5 -6 -12 13 14 -10 -16 17 -4 -7 -11 -17 -3
right_child=-2 2 16 4 5 6 7 -9 12 19 11 -13 -14 -15 15 20 -18 -19 -20 -21 -22 -23
leaf_value=0.0096048866976015633 0.012232024103428132 0.012670245798991881 -0.013059760161238661 0.008346292596424042 -0.021627723218152727 0.0020845197064242398 -0.053055196545822657 -0.0047345600310196847 0.017626033732259235 0.00050223749803362952 -0.0066870256440103937 0.0020593462103687611 0.010192766325351424 -0.017599070425967929 -0.03013186703595366 -0.0098230412181003601 0.0030840999690292898 0.00091397084692746626 0.011087864417862003 -0.033349420807317426 0.00159655826293878 -0.0080280834083869164
leaf_weight=1011 2589 449 5006 9059 632 52266 145 4665 361 488 6299 5681 607 2325 391 4280 1915 2289 2658 233 2046 5416
leaf_count=1011 2589 449 5006 9059 632 52266 145 4665 361 488 6299 5681 607 2325 391 4280 1915 2289 2658 233 2046 5416
internal_value=-3.0153e-07 -0.000293108 0.000385256 0.00107751 0.00161461 0.00089162 0.00181835 -0.00619643 -0.00627744 0.006961 -0.00349626 -0.00253808 -0.00788333 -0.00905214 -0.00624193 -0.00752757 -0.00622652 -0.00867293 0.00252056 -0.0104194 -0.00612706 -0.00644036
internal_weight=110811 108222 97201 87991 82126 72346 59734 4810 11021 9780 12612 11980 10010 9403 7078 6717 9210 7295 54924 721 6326 5865
internal_count=110811 108222 97201 87991 82126 72346 59734 4810 11021 9780 12612 11980 10010 9403 7078 6717 9210 7295 54924 721 6326 5865
is_linear=0
shrinkage=0.0351744


Tree=126
num_leaves=23
num_cat=0
split_feature=7 3 9 1 5 8 2 5 1 6 6 8 5 1 9 8 3 4 9 3 1 2
split_gain=310.726 401.28 335.41 354.111 492.608 337.018 280.376 323.906 329.575 278.331 276.51 257.263 252.355 501.873 248.149 246.139 238.819 247.863 237.791 232.253 216.058 209.498
threshold=-0.034659106180244745 -0.97184999999999988 -0.074179124838454444 0.023233723475790755 0.083068829820494461 0.0084812933164845009 -0.0019755116716150497 -0.0057703504415643489 -0.050552783436867393 0.02106702103162315 0.073492131989936663 -0.029033681115620744 -0.058571778259935488 0.12596055925824673 0.06643797787568996 0.082115104089388366 -0.93124999999999991 -0.035447503911086288 0.1008234832522394 -0.94714999999999994 0.067498221690603308 -0.016008746476948197
decision_type=2 2 2 2 2 2 2 2 2 2 2 2 2 2 2 2 2 2 2 2 2 2
left_child=10 -2 19 4 6 21 7 8 -4 18 -1 -11 20 16 -15 -9 -14 -18 -8 -3 -5 -6
right_child=1 2 3 12 5 -7 9 15 -10 11 -12 -13 13 14 -16 -17 17 -19 -20 -21 -22 -23
leaf_value=0.0050901294357082946 -0.018834090210228228 -0.047050521194767603 -0.0036574833786199522 0.0086289758960944856 -0.034324473287772585 0.00057305242911618985 0.0067132400472272513 -0.0064104489929739201 0.0076442715389557613 -0.010704288639307485 -0.0073983484317543639 0.0021595724658681524 -0.032758494869543818 0.005747822871270505 -0.0120550366476642 0.018633197606695691 -0.019807694578400405 -0.0046034769116313481 -0.010423782698922964 0.0068234259427273278 -0.017373152093730016 -0.012718435268521623
leaf_weight=19844 1523 100 6011 453 744 1982 18280 12951 6805 2733 2465 6489 518 6303 1144 504 1718 5844 1059 8071 3061 2209
leaf_count=19844 1523 100 6011 453 744 1982 18280 12951 6805 2733 2465 6489 518 6303 1144 504 1718 5844 1059 8071 3061 2209
internal_value=-2.75358e-07 -0.00093559 -0.000621962 -0.00132547 5.09567e-06 -0.0106388 0.000963403 -0.00165875 0.00234221 0.00337589 0.00370944 -0.00165104 -0.00550277 -0.00357485 0.00301053 -0.00547091 -0.00964632 -0.00806026 0.00577388 0.00616113 -0.0140162 -0.0181693
internal_weight=110811 88502 86979 78808 59767 4935 54832 26271 12816 28561 22309 9222 19041 15527 7447 13455 8080 7562 19339 8171 3514 2953
internal_count=110811 88502 86979 78808 59767 4935 54832 26271 12816 28561 22309 9222 19041 15527 7447 13455 8080 7562 19339 8171 3514 2953
is_linear=0
shrinkage=0.0351744


Tree=127
num_leaves=23
num_cat=0
split_feature=0 3 4 1 5 6 8 2 7 8 6 3 5 4 8 1 5 7 2 4 9 2
split_gain=306.748 315.244 340.528 352.085 385.212 421.674 312.218 277.241 249.168 248.826 245.088 237.22 227.067 208.729 184.192 201.282 362.897 192.065 167.072 169.052 166.128 150.858
threshold=0.04558573552231001 0.89800000000000013 0.05287311430924841 0.010951438399460502 0.070765473541924112 0.013175628788399651 -0.04682881096063659 -0.0019755116716150497 -0.035269126535192548 0.02671461560146365 -0.097463530589374486 -0.92864999999999986 0.0028962160750008507 -0.10878881064727379 0.076689110744080455 0.16300214299115282 -0.020272787634516298 -0.050084064582013095 0.0081466362428805009 -0.066164460506163439 0.10755794141091836 0.061075131271739504
decision_type=2 2 2 2 2 2 2 2 2 2 2 2 2 2 2 2 2 2 2 2 2 2
left_child=1 2 3 4 5 7 12 10 -6 -10 -1 18 -7 -9 15 17 -17 -13 -5 -20 -4 -8
right_child=-2 -3 20 11 8 6 21 13 9 -11 -12 14 -14 -15 -16 16 -18 -19 19 -21 -22 -23
leaf_value=0.020555402467662354 0.0040632922678926972 0.0066034376520124694 0.0057835311794020329 -0.012355224242276849 0.009830809209616001 -0.005505441153959993 -0.0034064454259561993 -0.045699147343882571 -0.017671023921418588 0.001198766861968732 -0.0018205822024914113 0.0004412188458463378 -0.025812181257902193 0.0059855886760340864 0.0076773831881494113 -0.012158170126764935 0.0088618014353858583 -0.010762451349946203 0.025399161188876928 -0.04727738217148731 -0.017498282887431441 0.0067820686996310411
leaf_weight=632 19034 6532 9210 922 687 1466 14781 97 3402 1157 14399 2346 1277 16799 1259 1709 2506 9746 44 365 395 2046
leaf_count=632 19034 6532 9210 922 687 1466 14781 97 3402 1157 14399 2346 1277 16799 1259 1709 2506 9746 44 365 395 2046
internal_value=-2.95968e-07 -0.000843247 -0.00141406 -0.00220643 -0.000821198 0.0001035 -0.00396159 0.00259577 -0.00990132 -0.0128787 -0.000878431 -0.00636502 -0.0149663 0.00568744 -0.0052788 -0.00628018 0.000335028 -0.00858745 -0.0206855 -0.0394112 0.00482407 -0.00216658
internal_weight=110811 91777 85245 75640 56743 51497 19570 31927 5246 4559 15031 18897 2743 16896 17566 16307 4215 12092 1331 409 9605 16827
internal_count=110811 91777 85245 75640 56743 51497 19570 31927 5246 4559 15031 18897 2743 16896 17566 16307 4215 12092 1331 409 9605 16827
is_linear=0
shrinkage=0.0351744


Tree=128
num_leaves=23
num_cat=0
split_feature=2 0 9 6 8 2 5 1 6 4 1 3 1 5 1 9 4 5 0 6 2 7
split_gain=306.558 312.046 286.905 340.938 254.358 278.391 293.308 391.661 221.933 210.442 248.458 267.255 197.423 165.357 181.709 196.807 162.564 154.349 153.68 147.118 144.306 162.065
threshold=-0.11004754385454064 0.034444313149233262 0.034612091758803705 -0.036305515886407444 0.048541814333277207 -0.025956082040251498 0.086881013123040321 0.17472039115599697 0.026375553698624155 0.0091389964893789522 -0.024627921359129699 -0.52614999999999978 -0.05229940136752604 0.029329672664128403 0.21980754745819697 0.11613018544403932 0.041971733065572205 -0.11662074239669119 0.11429078169592517 -0.06456091515525994 0.090411043541748962 0.025621113949828703
decision_type=2 2 2 2 2 2 2 2 2 2 2 2 2 2 2 2 2 2 2 2 2 2
left_child=-1 2 3 -2 5 12 8 -8 -7 10 19 -12 -5 -11 15 -15 -6 -3 -19 -4 21 -21
right_child=1 17 9 4 16 6 7 -9 -10 13 11 -13 -14 14 -16 -17 -18 18 -20 20 -22 -23
leaf_value=-0.010214335469379946 0.0056263017179025735 -0.011941910184065457 0.022597568069949909 -0.013540503265998408 0.0089456708701396333 0.002576029192838101 -0.017071342750944338 0.039754207163766216 -0.0035316843613020002 0.002835926795984078 -0.027975677173343733 -0.0084327290100565441 -0.0033563493303142063 -0.008233028864365036 0.029548764209152478 -0.049916788233731697 -0.00814398155880597 0.0035357932511799095 0.014450184122395963 -0.0027481817807536871 0.01353430869891248 -0.016209634770884031
leaf_weight=3520 12496 743 254 3470 4593 22922 1989 162 10841 5774 1288 2653 7350 1811 143 152 809 21883 1723 4242 494 1499
leaf_count=3520 12496 743 254 3470 4593 22922 1989 162 10841 5774 1288 2653 7350 1811 143 152 809 21883 1723 4242 494 1499
internal_value=-2.80026e-07 0.000334683 -0.000692946 0.000407927 -0.000842513 -0.0016781 -0.000187496 -0.0127812 0.000614397 -0.00457977 -0.00785748 -0.0148249 -0.00662412 -0.000239191 -0.00867767 -0.0114731 0.00638309 0.00383584 0.00433323 -0.00362309 -0.0046945 -0.00626628
internal_weight=110811 107291 82942 64632 52136 46734 35914 2151 33763 18310 10430 3941 10820 7880 2106 1963 5402 24349 23606 6489 6235 5741
internal_count=110811 107291 82942 64632 52136 46734 35914 2151 33763 18310 10430 3941 10820 7880 2106 1963 5402 24349 23606 6489 6235 5741
is_linear=0
shrinkage=0.0351744


Tree=129
num_leaves=23
num_cat=0
split_feature=5 0 9 1 4 8 8 3 9 2 9 3 7 7 3 0 2 6 7 1 8 3
split_gain=297.014 293.4 284.032 253.98 233.653 226.968 226.1 224.903 224.566 196.279 221.186 194.18 193.939 182.474 179.443 171.092 206.476 177.848 199.681 218.888 174.982 168.866
threshold=0.17465723710244555 -0.014187407861517148 -0.074179124838454444 -0.14805284272873262 0.084152524140046411 0.048541814333277207 -0.048501395903668691 -0.94714999999999994 0.13409269157169382 -0.0058901815901666989 0.094949386485631324 -0.97464999999999991 0.095511689039435951 -0.042376003915205789 -0.9061499999999999 0.086436990967349567 -0.11004754385454064 0.053133446371368909 0.057311372070685353 0.0074724399692202509 0.079373605516381562 0.70065000000000011
decision_type=2 2 2 2 2 2 2 2 2 2 2 2 2 2 2 2 2 2 2 2 2 2
left_child=1 2 7 8 5 9 21 -1 12 11 -11 -5 -4 -6 -9 16 20 18 -18 -20 -8 -3
right_child=-2 6 3 4 13 -7 15 14 -10 10 -12 -13 -14 -15 -16 -17 17 -19 19 -21 -22 -23
leaf_value=-0.046720778793727477 -0.020541227524173953 -0.0074728288705319373 0.021865675862595423 -0.031814752356749909 0.030873504298200693 0.0028475616283492118 -0.017201766831416804 0.043284613821504531 -0.017708397452625823 -0.0020129572301304526 -0.02135400219770605 -0.0078020972751334846 -0.045108821010971661 0.0031074813313870875 0.006603992342666753 0.0086343929216883483 0.0035311131155789494 -0.0033731033907929897 0.0013147244231999022 -0.015759369224948482 0.031631492200533948 0.0040085442856775903
leaf_weight=94 864 5395 1072 431 362 4808 1051 173 260 16326 766 12855 56 1540 3602 4886 43321 6504 2685 1419 99 2242
leaf_count=94 864 5395 1072 431 362 4808 1051 173 260 16326 766 12855 56 1540 3602 4886 43321 6504 2685 1419 99 2242
internal_value=-2.82732e-07 0.000161014 -0.00213466 -0.00304848 -0.0036017 -0.00425113 0.00159924 0.00694842 0.0117203 -0.00537521 -0.00288092 -0.00858271 0.0185199 0.00840303 0.0082912 0.00232538 0.00176539 0.00208016 0.00282839 -0.00458516 -0.0129795 -0.00410004
internal_weight=110811 109947 42345 38476 37088 35186 67602 3869 1388 30378 17092 13286 1128 1902 3775 59965 55079 53929 47425 4104 1150 7637
internal_count=110811 109947 42345 38476 37088 35186 67602 3869 1388 30378 17092 13286 1128 1902 3775 59965 55079 53929 47425 4104 1150 7637
is_linear=0
shrinkage=0.0351744


Tree=130
num_leaves=23
num_cat=0
split_feature=4 2 5 0 7 6 2 4 4 3 0 3 6 6 4 1 1 2 1 7 2 1
split_gain=282.972 313.521 293.561 294.299 260.212 340.952 239.304 211.534 209.547 191.996 161.474 160.479 188.299 151.023 195.109 204.185 135.023 133.627 141.376 130.648 150.566 178.384
threshold=0.10525850206223876 -0.099494634212686825 0.17465723710244555 0.04157052901458911 0.042200811811707102 0.087025836628616765 0.061075131271739504 -0.10223703431751933 0.014634885021916151 -0.5422499999999999 0.088755355054549304 -0.10264999999999998 0.077344779130540373 0.081829696878544009 -0.042537425837813093 -0.14805284272873262 0.10928211184081101 0.049292746453985202 0.20186634959398828 0.078565514943708517 0.074688595252285966 0.027897564576369851
decision_type=2 2 2 2 2 2 2 2 2 2 2 2 2 2 2 2 2 2 2 2 2 2
left_child=1 9 3 4 5 6 8 -8 -3 13 -11 12 -6 14 -1 -16 -7 18 -4 -5 21 -21
right_child=-2 2 17 19 11 16 7 -9 -10 10 -12 -13 -14 -15 15 -17 -18 -19 -20 20 -22 -23
leaf_value=-0.038777996306325058 0.011491289855674013 -0.0015275397356794246 -0.035788237140239647 0.0049820474981432626 -0.010441629364841127 -0.019353626341085405 -0.041970597129163768 0.0070894392312566426 0.0028918702399294218 -0.00685531595356716 0.016151879965369292 -0.0013670782572615533 0.016198800483425018 0.0075012570871344306 0.047262933636273763 -0.016507004346928922 -0.001669171136199794 0.0020543216521780655 0.020184053006091714 0.005562744670377936 0.025595590098100435 -0.024039855137593245
leaf_weight=522 2589 39882 523 17908 6199 1487 110 7911 19896 2034 463 7006 346 272 65 1285 837 224 62 427 152 611
leaf_count=522 2589 39882 523 17908 6199 1487 110 7911 19896 2034 463 7006 346 272 65 1285 837 224 62 427 152 611
internal_value=-2.76912e-07 -0.000275361 0.000125233 0.000291548 -0.000607535 0.000254528 0.000708873 0.00641371 -5.6339e-05 -0.00921935 -0.00258182 -0.00506967 -0.00903038 -0.0169412 -0.0205019 -0.0134189 -0.0129922 -0.020978 -0.0298237 0.00423154 -0.00704786 -0.0118473
internal_weight=110811 108222 103581 102772 83674 70123 67799 8021 59778 4641 2497 13551 6545 2144 1872 1350 2324 809 585 19098 1190 1038
internal_count=110811 108222 103581 102772 83674 70123 67799 8021 59778 4641 2497 13551 6545 2144 1872 1350 2324 809 585 19098 1190 1038
is_linear=0
shrinkage=0.0351744


Tree=131
num_leaves=23
num_cat=0
split_feature=7 0 8 4 3 5 1 6 9 1 1 6 9 5 1 8 9 1 1 2 5 8
split_gain=280.056 323.749 306.161 318.86 384.125 374.857 314.07 346.877 322.784 275.04 243.989 237.708 155.868 135.038 118.759 182.022 134.597 115.001 113.179 144.374 141.029 119.558
threshold=-0.065400800889376831 -0.076708091414308774 0.061639022915798355 0.048580650556495859 0.86590000000000011 0.055179646868793709 0.023233723475790755 0.014546705019001852 -0.055768255183177538 0.17472039115599697 -0.085797329809527631 0.075306749844219159 0.06643797787568996 -0.034042867948546891 -0.12432649373478959 1.0000000180025095e-35 0.060805116615952261 0.21980754745819697 0.15896989621037003 -0.0044783415250820987 0.0113560394668704 0.025614083537941906
decision_type=2 2 2 2 2 2 2 2 2 2 2 2 2 2 2 2 2 2 2 2 2 2
left_child=11 13 3 4 5 6 7 -3 -8 10 -7 -1 18 -2 15 -15 -16 -6 21 20 -20 -5
right_child=1 2 -4 12 17 9 8 -9 -10 -11 -12 -13 -14 14 16 -17 -18 -19 19 -21 -22 -23
leaf_value=0.0090121274528806358 -0.00037231084947648307 0.0024832874450083854 0.0073580896169592042 0.01010551992252441 0.0045275452542550337 -0.0011084932663870935 0.0080743870315144965 -0.0036851847511857106 -0.0085549502409345852 0.014209414546948072 -0.013432680920113162 -0.0078591235418784336 -0.0075074460765067064 0.037823981989811586 -0.010988005687319939 -0.033222088367763261 -0.032817656794252761 0.023015441801813523 -0.027606824557882964 0.01003958386741946 0.0078992020091653101 -0.00026551635925206498
leaf_weight=6654 1848 29839 6536 6754 8953 2804 1679 18133 10282 625 6851 1222 1075 136 3693 66 387 437 402 502 210 1723
leaf_count=6654 1848 29839 6536 6754 8953 2804 1679 18133 10282 625 6851 1222 1075 136 3693 66 387 437 402 502 210 1723
internal_value=-2.58258e-07 -0.000489548 6.68598e-06 -0.000525427 -0.00129083 -0.00218456 -0.0011198 0.000151307 -0.00621917 -0.0083904 -0.0098553 0.00639225 0.00518533 -0.00832857 -0.0117583 0.0145205 -0.0130639 0.00539011 0.00660983 -0.00392005 -0.0153974 0.00799562
internal_weight=110811 102935 96805 90269 79603 70213 59933 47972 11961 10280 9655 7876 10666 6130 4282 202 4080 9390 9591 1114 612 8477
internal_count=110811 102935 96805 90269 79603 70213 59933 47972 11961 10280 9655 7876 10666 6130 4282 202 4080 9390 9591 1114 612 8477
is_linear=0
shrinkage=0.0351744


Tree=132
num_leaves=23
num_cat=0
split_feature=2 0 5 4 8 2 3 9 3 7 7 7 1 2 1 4 7 1 7 9 6 7
split_gain=273.129 278.749 288.612 264.907 283.337 333.491 219.104 210.813 199.121 224.086 174.727 156.884 151.055 146.888 313.901 194.944 145.104 139.119 135.309 135.078 130.872 127.439
threshold=-0.15516119816725618 0.081809860011285221 0.14177564617113228 0.0022027289066186002 0.060201714504605354 0.016253589878105903 -0.96374999999999988 0.052464080104266959 0.8690500000000001 0.07645789768128107 -0.072304232977273439 0.11734187132596322 0.023233723475790755 -0.019749686222752496 0.23449692913234538 0.025393546253592806 0.024195610504655702 0.070421574323952615 0.10439905251003316 -0.11128268620473254 0.079436117404805454 0.095511689039435951
decision_type=2 2 2 2 2 2 2 2 2 2 2 2 2 2 2 2 2 2 2 2 2 2
left_child=19 2 3 4 5 8 -5 18 9 -2 -8 12 -12 14 -4 16 -15 -6 -7 -1 -21 -19
right_child=1 -3 13 6 17 7 10 -9 -10 -11 11 -13 -14 15 -16 -17 -18 21 -20 20 -22 -23
leaf_value=0.051097582049421039 -0.0050093457690579702 0.0073280863729889671 -0.037345269991601662 -0.011318051866412777 0.01094410529629854 0.0029171484091391185 0.011091421317032051 -0.0070152520073706159 0.0055333745486479706 -0.021407281045748475 0.0031665848331210284 -0.017212157690163956 -0.0018583045343332956 -0.0046728627799722238 0.051627859226906471 0.015734733967017061 -0.031152572669198283 -0.008151558924111086 -0.022880259066153163 -0.028953874004892379 0.0060276638643197563 0.024613192457510803
leaf_weight=32 26157 6319 509 1500 3082 17162 2660 3418 2119 1074 32957 530 9541 673 54 339 415 995 255 685 163 172
leaf_count=32 26157 6319 509 1500 3082 17162 2660 3418 2119 1074 32957 530 9541 673 54 339 415 995 255 685 163 172
internal_value=-2.49839e-07 0.000155857 -0.000281407 -2.14488e-05 -0.0016937 -0.00243237 0.00190723 0.000970178 -0.00484832 -0.00565682 0.00234184 0.00180051 0.00203808 -0.0135471 -0.0287693 -0.00752708 -0.0147916 0.00702654 0.00253829 -0.0195167 -0.0222104 -0.00330545
internal_weight=110811 109931 103612 101622 54434 50185 47188 20835 29350 27231 45688 43028 42498 1990 563 1427 1088 4249 17417 880 848 1167
internal_count=110811 109931 103612 101622 54434 50185 47188 20835 29350 27231 45688 43028 42498 1990 563 1427 1088 4249 17417 880 848 1167
is_linear=0
shrinkage=0.0351744


Tree=133
num_leaves=23
num_cat=0
split_feature=9 8 4 0 7 2 4 6 7 8 4 1 8 0 4 1 2 7 8 0 8 2
split_gain=258.9 267.839 266.586 236.921 224.256 187.71 183.102 235.368 198.29 179.512 211.152 196.247 186.888 174.753 162.181 162.872 155.868 230.524 198.514 146.394 141.785 146.478
threshold=0.0032962987332410005 0.088434083245857109 -0.069433627047456745 -0.0026064745856046998 -0.015762694143431247 0.076214250665096517 0.084152524140046411 0.036093006112772406 0.0088507637863274018 0.033317578416876957 -0.056559068184671192 -0.074161972429285933 -0.048501395903668691 -0.093073355422520182 0.11247527283319292 -0.092001772999865686 0.022736740153580303 0.061931270752288207 -0.083952524979171592 -0.073312548877460929 0.015101752308766852 0.090411043541748962
decision_type=2 2 2 2 2 2 2 2 2 2 2 2 2 2 2 2 2 2 2 2 2 2
left_child=6 2 20 4 14 -6 7 8 -1 10 -10 -12 -13 -7 15 -4 17 18 -5 -17 21 -2
right_child=1 -3 3 16 5 13 -8 -9 9 -11 11 12 -14 -15 -16 19 -18 -19 -20 -21 -22 -23
leaf_value=0.0040784128330160719 -0.02524604577753467 0.01270839161015342 0.0093380728761999713 -0.024250109115939358 -0.0088882549233579456 -0.041520121283029288 0.009510202686567373 -0.0031759537395109278 -0.01316566318059211 0.0065346377619776271 0.0077369719679332418 -0.013684696308608704 -0.0008554887360364686 0.0099979646342611452 0.038542303738444444 -0.015709564715608769 0.0046355340776159755 -0.015840107614349133 0.00053222901419583619 -0.00070175201248408781 -0.0018039713351434969 0.01275418585853727
leaf_weight=27724 1234 1480 1611 412 11495 88 3299 13108 1872 3693 2812 1623 10475 1059 134 979 7660 1274 13436 4515 689 139
leaf_count=27724 1234 1480 1611 412 11495 88 3299 13108 1872 3693 2812 1623 10475 1059 134 979 7660 1274 13436 4515 689 139
internal_value=-2.4141e-07 -0.00201084 -0.00249833 -0.00190083 -0.00470685 -0.00753376 0.00143744 0.00100274 0.00213952 -0.000485029 -0.0020308 -0.000631533 -0.00257812 0.00602553 0.000227758 -0.000493388 0.000547161 -0.00152272 -0.000204164 -0.00337948 -0.0148514 -0.0213858
internal_weight=110811 46205 44725 42663 19881 12642 64606 61307 48199 20475 16782 14910 12098 1147 7239 7105 22782 15122 13848 5494 2062 1373
internal_count=110811 46205 44725 42663 19881 12642 64606 61307 48199 20475 16782 14910 12098 1147 7239 7105 22782 15122 13848 5494 2062 1373
is_linear=0
shrinkage=0.0351744


Tree=134
num_leaves=23
num_cat=0
split_feature=2 0 5 1 1 2 1 4 9 5 8 8 7 6 1 6 2 1 5 6 4 4
split_gain=252.419 260.95 257.388 580.984 454.909 446.953 451.94 493.512 388.547 286.872 272.854 207.748 206.686 196.906 195.165 283.208 195.592 168.992 165.154 164.71 161.563 155.108
threshold=-0.15516119816725618 0.088755355054549304 -0.013196052642705647 0.10275012029562196 0.17896003900554594 -0.069640024415746085 -0.029124226164900648 0.038032903402884712 0.07926248906008336 0.089060067168469773 -0.07606565086468968 -0.0078937547051270984 0.045848820802582659 0.019625006048229605 -0.05003017432751649 0.024393189078829005 0.064238670046360621 0.2897945581049407 -0.051143327560334538 -0.10249040835926683 -0.069433627047456745 -0.077313997612385679
decision_type=2 2 2 2 2 2 2 2 2 2 2 2 2 2 2 2 2 2 2 2 2 2
left_child=-1 2 3 14 5 10 9 8 -8 13 -4 -11 -9 -7 15 -2 21 -6 20 -12 -5 -17
right_child=1 -3 4 18 17 6 7 12 -10 11 19 -13 -14 -15 -16 16 -18 -19 -20 -21 -22 -23
leaf_value=-0.018762160255704357 0.0037932342372036265 0.0079670365741049479 -0.05028865840344162 0.0070273874263193058 0.0082601171916921803 0.0043112577464837444 -0.006883839298799474 0.0087572922693918559 -0.031800572776194864 -0.016852307324769607 0.025014203101808775 -0.00065983457890717533 -0.0145614668873648 -0.0019776510797712902 0.0060744061668651633 -0.050971442285268516 0.0077958297394384365 0.034607387118309074 -0.001902281124665776 -0.012763437661694679 -0.016072708658479668 -0.0080820979780943485
leaf_weight=880 12827 5041 236 427 3026 19359 16821 3486 812 1748 148 2237 543 9030 18719 107 1046 335 3032 3757 2994 4200
leaf_count=880 12827 5041 236 427 3026 19359 16821 3486 812 1748 148 2237 543 9030 18719 107 1046 335 3032 3757 2994 4200
internal_value=-2.3545e-07 0.000149831 -0.000225717 0.00185007 -0.00168833 -0.00241547 -0.00156162 -0.00549428 -0.00803248 0.00106928 -0.0135528 -0.00776715 0.00560996 0.00231029 0.00355324 0.000956376 -0.00583818 0.0108927 -0.00788613 -0.0113264 -0.0131844 -0.00915337
internal_weight=110811 109931 104890 43352 61538 58177 54036 21662 17633 32374 4141 3985 4029 28389 36899 18180 5353 3361 6453 3905 3421 4307
internal_count=110811 109931 104890 43352 61538 58177 54036 21662 17633 32374 4141 3985 4029 28389 36899 18180 5353 3361 6453 3905 3421 4307
is_linear=0
shrinkage=0.0351744


Tree=135
num_leaves=23
num_cat=0
split_feature=3 7 0 2 4 1 3 9 4 5 1 6 6 2 8 7 6 0 6 2 0 1
split_gain=249.768 264.771 255.196 267.201 228.54 251.47 389.665 300.438 175.214 175.002 198.247 168.217 145.044 144.957 135.601 126.845 127.756 160.957 143.981 126.523 116.343 115.314
threshold=0.92455000000000009 0.07645789768128107 0.072805073274179413 -0.081646643084545792 0.071457395341224458 -0.10457222095505159 -0.97464999999999991 0.028231206643493354 -0.069433627047456745 0.014140711759262452 0.2897945581049407 0.10674512364961551 -0.023597206382383145 -0.031165429262406796 0.050619977664234504 -0.0055240150477405487 0.084320843027797757 -0.10510920546429559 -0.037710914662465546 -0.17604839349501017 0.034444313149233262 0.083428549065415622
decision_type=2 2 2 2 2 2 2 2 2 2 2 2 2 2 2 2 2 2 2 2 2 2
left_child=1 2 3 9 5 8 20 -8 13 15 21 -3 -10 -5 -6 19 18 -18 -17 -1 -7 -11
right_child=-2 11 -4 4 14 6 7 -9 12 10 -12 -13 -14 -15 -16 16 17 -19 -20 -21 -22 -23
leaf_value=-0.030508960568599561 0.0070968115827256635 -0.0090379632144094082 0.0064031996906175562 0.016713446279173483 0.0096418321395766327 -0.021063810580252262 0.00033856931168733945 -0.0052735647093784194 0.011962889168414089 -0.024520622069040977 0.063872159336552159 0.020106108265841024 0.0028289383334242852 -0.027283104254535478 -0.0086712377006222252 0.0024525571685558491 -0.022884844761689005 0.046846707839167293 -0.018525385302923438 0.0049337982750750744 -0.07272048366773913 -0.0060973837644780083
leaf_weight=133 5813 5488 7212 124 4245 814 54649 15051 3106 1208 37 256 7019 361 566 576 67 104 1351 1924 58 649
leaf_count=133 5813 5488 7212 124 4245 814 54649 15051 3106 1208 37 256 7019 361 566 576 67 104 1351 1924 58 649
internal_value=-2.43871e-07 -0.000393327 3.14298e-05 -0.000467664 3.4797e-05 -0.000406447 -0.00116571 -0.000873085 0.00464212 -0.00761323 -0.0164766 -0.00773563 0.00563271 -0.0159984 0.00748368 -0.0035685 -0.00965531 0.0194321 -0.0122466 0.00263183 -0.0245318 -0.018092
internal_weight=110811 104998 99254 92042 85993 81182 70572 69700 10610 6049 1894 5744 10125 485 4811 4155 2098 171 1927 2057 872 1857
internal_count=110811 104998 99254 92042 85993 81182 70572 69700 10610 6049 1894 5744 10125 485 4811 4155 2098 171 1927 2057 872 1857
is_linear=0
shrinkage=0.0351744


Tree=136
num_leaves=23
num_cat=0
split_feature=7 0 8 2 5 4 8 1 6 3 4 0 4 6 5 6 3 4 1 8 9 8
split_gain=243.073 280.771 269.766 273.817 337.46 296.43 317.861 234.398 220.76 200.138 188.692 183.851 182.809 162.389 124.323 115.346 108.831 126.762 107.964 170.121 118.607 103.186
threshold=-0.065400800889376831 -0.076708091414308774 0.061639022915798355 0.046265546432756662 0.17465723710244555 -0.019159792641172044 -0.0018550759727693497 0.20726072816573907 0.11257787260321082 -0.58544999999999991 0.13497806032799703 0.043162409923802408 -0.10878881064727379 0.041553637582559505 -0.034042867948546891 0.063620690072318756 0.15395000000000003 -0.03952779187125284 -0.12432649373478959 1.0000000180025095e-35 0.060805116615952261 0.14120605989315468
decision_type=2 2 2 2 2 2 2 2 2 2 2 2 2 2 2 2 2 2 2 2 2 2
left_child=8 14 3 4 5 6 9 -6 -1 -3 13 -8 -5 -7 -2 -14 17 -17 19 -16 21 -20
right_child=1 2 -4 12 7 10 11 -9 -10 -11 -12 -13 15 -15 18 16 -18 -19 20 -21 -22 -23
leaf_value=0.0075015604265382795 -0.00012201942604595569 -0.01453268291206697 0.0069066760139109649 -0.040120112709491854 -0.040487161321230349 0.00084642119658472331 -0.0025843452978072654 0.039992967810138266 -0.016481930424829087 -0.0051247409959322612 0.017231298801307433 0.0087061776605469009 0.004955882304936569 -0.0046159267337043796 0.036538325355798533 0.0092371171852835259 0.0025612272026948836 -0.025589393700381768 -0.011347251790914132 -0.032143587411818483 -0.030836695167560331 0.024120597915050911
leaf_weight=7369 1848 4242 6536 117 405 42648 7304 50 507 8244 797 2361 14499 7996 136 177 956 473 3589 66 387 104
leaf_count=7369 1848 4242 6536 117 405 42648 7304 50 507 8244 797 2361 14499 7996 136 177 956 473 3589 66 387 104
internal_value=-2.27531e-07 -0.000456077 6.0345e-06 -0.00049344 -0.00140035 -0.00121337 -0.00461536 -0.0315954 0.00595525 -0.00832248 0.000251254 0.000172124 0.0036452 -1.56933e-05 -0.00775627 0.00396458 -0.00497415 -0.0160804 -0.011047 0.0140076 -0.012292 -0.0103429
internal_weight=110811 102935 96805 90269 74047 73592 22151 455 7876 12486 51441 9665 16222 50644 6130 16105 1606 650 4282 202 4080 3693
internal_count=110811 102935 96805 90269 74047 73592 22151 455 7876 12486 51441 9665 16222 50644 6130 16105 1606 650 4282 202 4080 3693
is_linear=0
shrinkage=0.0351744


Tree=137
num_leaves=23
num_cat=0
split_feature=0 7 9 1 4 8 3 4 2 8 4 9 2 4 6 1 7 4 2 6 5 1
split_gain=232.411 238.205 230.136 262.215 188.013 183.097 179.471 176.747 170.71 211.682 208.934 182.91 201.281 217.567 163.919 167.606 201.128 166.242 183.931 162.637 161.072 230.186
threshold=0.0087459754560187519 0.10994557259447872 0.035488849536434205 -0.12786072227555087 -0.028705507267911646 -0.083952524979171592 0.70065000000000011 0.0029588239411497503 0.033912783975552953 0.063225828085214472 0.073704580840560571 -0.068292372760330025 -0.054546037093781093 0.084152524140046411 0.014067609360347752 0.020873159494971753 0.020271015102350354 0.038032903402884712 0.070533442334086358 0.053133446371368909 -0.020766880159267847 0.21980754745819697
decision_type=2 2 2 2 2 2 2 2 2 2 2 2 2 2 2 2 2 2 2 2 2 2
left_child=2 5 3 -1 -3 6 -2 -4 9 11 -11 -5 -13 -14 15 -7 -17 18 19 -16 -9 -22
right_child=1 4 7 8 -6 14 -8 20 -10 10 -12 12 13 -15 17 16 -18 -19 -20 -21 21 -23
leaf_value=0.013769885673110107 -0.021816902523453439 -0.044990387840607715 -0.0094518670922804308 0.0042011275481517191 -0.0066446219016688427 0.0061398235231049612 0.0080218444869815733 0.0037480188476831586 0.0030120146797574915 0.010056393037342745 -0.031466281426838015 -0.010024604452512402 -0.0030254001827696572 0.012339176733660353 -0.00026906782388123028 0.0046856141024811766 -0.0066938228249489116 0.0077246300208466123 0.01109042477890607 -0.0087485194981529648 -0.009042215531294133 0.029237097497407123
leaf_weight=1595 744 218 6759 4270 581 18775 374 3583 11571 2543 159 4999 24253 1196 9556 4716 3243 2860 1301 3960 3349 206
leaf_count=1595 744 218 6759 4270 581 18775 374 3583 11571 2543 159 4999 24253 1196 9556 4716 3243 2860 1301 3960 3349 206
internal_value=-2.22934e-07 0.00190011 -0.00136578 -0.000264037 -0.0171348 0.00223458 -0.0118205 -0.00537495 -0.000721323 -0.0018762 0.00760506 -0.00261461 -0.003571 -0.0023026 0.00258882 0.00432649 4.67807e-05 -3.82432e-05 -0.00153784 -0.00275474 -0.00151204 -0.00681814
internal_weight=110811 46328 64483 50586 799 45529 1118 13897 48991 37420 2702 34718 30448 25449 44411 26734 7959 17677 14817 13516 7138 3555
internal_count=110811 46328 64483 50586 799 45529 1118 13897 48991 37420 2702 34718 30448 25449 44411 26734 7959 17677 14817 13516 7138 3555
is_linear=0
shrinkage=0.0351744


Tree=138
num_leaves=23
num_cat=0
split_feature=7 3 0 8 2 5 9 1 8 1 6 1 4 4 7 2 1 9 9 3 2 2
split_gain=227.414 308.398 259.807 277.317 295.899 269.334 222.3 198.604 189.699 184.968 177.687 173.462 143.09 141.398 120.125 119.842 114.441 105.12 99.9914 98.9753 98.4174 97.8582
threshold=-0.04632313950314474 -0.97184999999999988 -0.093073355422520182 0.10382802237438966 0.04206493927765801 0.17465723710244555 0.034612091758803705 0.19220902801063269 0.023088422292553753 0.051332671033917511 0.12714280737257694 -0.10808640908723294 -0.11763871127020718 0.099553380021896107 0.05516564797992491 0.11045235322052467 0.023233723475790755 -0.022079742524729499 -0.089855702594301784 -0.84004999999999985 -0.17604839349501017 0.0024245489919414507
decision_type=2 2 2 2 2 2 2 2 2 2 2 2 2 2 2 2 2 2 2 2 2 2
left_child=10 11 18 4 5 6 8 21 -4 -8 13 14 17 20 -2 16 -14 -6 -3 -17 -1 -7
right_child=1 2 3 -5 12 7 9 -9 -10 -11 -12 -13 15 -15 -16 19 -18 -19 -20 -21 -22 -23
leaf_value=-0.04326473766875219 0.0092030542161019979 0.013247404123608645 -0.0012246162202682387 0.01670937810557125 0.012290035449054774 -0.054225232864935191 -0.0027587297769024093 0.030659877427444485 0.0036356761182821987 -0.012019108953756488 -0.018194156816465565 -0.022165367862021921 0.0049748488299822778 0.024484291243533747 -0.060470810086343939 -0.019803370027085078 -0.0014295803766918441 -0.063008950090586727 -0.012688122929992166 0.015622644158927718 0.0042126821897577119 -0.018311744246283599
leaf_weight=54 394 197 43560 1206 34 209 11156 60 12871 3511 434 1254 11681 431 33 104 4895 68 2629 1464 14392 174
leaf_count=54 394 197 43560 1206 34 209 11156 60 12871 3511 434 1254 11681 431 33 104 4895 68 2629 1464 14392 174
internal_value=-2.06546e-07 -0.000638393 -0.000370639 -4.42424e-05 -0.000269489 -0.00128942 -0.00111879 -0.0286273 -0.00011576 -0.00497673 0.00397926 -0.0155707 0.00372865 0.00462742 0.00375832 0.00396319 0.00308258 -0.0377672 -0.0108736 0.0132605 0.00403357 -0.0379677
internal_weight=110811 95500 93819 90993 89787 71541 71098 443 56431 14667 15311 1681 18246 14877 427 18144 16576 102 2826 1568 14446 383
internal_count=110811 95500 93819 90993 89787 71541 71098 443 56431 14667 15311 1681 18246 14877 427 18144 16576 102 2826 1568 14446 383
is_linear=0
shrinkage=0.0351744


Tree=139
num_leaves=23
num_cat=0
split_feature=4 8 0 2 7 8 0 5 1 1 1 6 5 5 1 1 7 1 9 7 6 2
split_gain=224.382 285.422 288.107 243.85 223.372 211.916 217.867 206.8 465.562 403.65 410.87 230.715 206.867 142.78 200.267 157.809 176.026 144.517 141.076 132.342 142.128 140.727
threshold=-0.073118113585582525 0.12317989273580392 0.11429078169592517 -0.099494634212686825 0.10994557259447872 0.0096728428451289521 -0.10991302374874019 0.00049154994822640005 0.10275012029562196 0.17472039115599697 -0.069866340071900984 0.036697953845323109 -0.051143327560334538 -0.036623734746121746 0.025563501414801303 0.036597395995265555 -0.027025715966651497 -0.14805284272873262 -0.10448051949505939 0.10994557259447872 -0.10249040835926683 -0.044922168986462195
decision_type=2 2 2 2 2 2 2 2 2 2 2 2 2 2 2 2 2 2 2 2 2 2
left_child=5 2 3 13 7 19 -7 8 11 10 -9 -5 -10 15 17 -2 -17 -15 -6 20 -1 -22
right_child=1 -3 -4 4 18 6 -8 9 12 -11 -12 -13 -14 14 -16 16 -18 -19 -20 -21 21 -23
leaf_value=0.025093722595078187 0.01023456465331736 0.024098600708936369 0.013707454665326463 0.00469524797024837 0.027042362534494602 -0.027207150862456852 0.0035576569183280245 0.0030942835797611785 -0.013606333420067207 0.012088450274886343 -0.0042592686615868826 -0.0016164339324247303 -0.00108494053987119 0.015260177528993843 -0.0012475564950389952 0.016828648074718632 -0.026398294427774905 -0.025399586896204911 -0.017380805651106754 -0.060654993629599377 -0.025215121969601 -0.0083875356727060018
leaf_weight=124 807 624 1929 34766 95 319 2644 13623 2922 2677 30318 9021 3706 117 934 163 405 1342 1210 70 868 2127
leaf_count=124 807 624 1929 34766 95 319 2644 13623 2922 2677 30318 9021 3706 117 934 163 405 1342 1210 70 868 2127
internal_value=-2.19958e-07 0.000383385 0.000240944 -1.3326e-05 0.000322996 -0.00652872 0.000238547 0.000517586 0.00207919 -0.00117086 -0.00197907 0.00339453 -0.00660779 -0.00879476 -0.0139848 0.000226274 -0.0139628 -0.0221263 -0.0141312 -0.0128213 -0.0117393 -0.0132711
internal_weight=110811 104659 104035 102106 98338 6152 2963 97033 50415 46618 43941 43787 6628 3768 2393 1375 568 1459 1305 3189 3119 2995
internal_count=110811 104659 104035 102106 98338 6152 2963 97033 50415 46618 43941 43787 6628 3768 2393 1375 568 1459 1305 3189 3119 2995
is_linear=0
shrinkage=0.0351744


Tree=140
num_leaves=23
num_cat=0
split_feature=3 7 4 6 1 9 4 4 5 8 9 3 7 2 6 3 3 8 4 1 9 3
split_gain=220.875 233.699 213.834 221.714 246.143 303.284 241.075 221.213 213.463 178.802 169.754 164.714 161.561 184.415 166.509 137.879 134.231 123.527 191.025 136.198 137.204 115.242
threshold=0.92455000000000009 0.038025008673170053 0.11247527283319292 0.041553637582559505 -0.097962575394615142 -0.0017257213818673998 -0.092612507805162433 -0.073118113585582525 0.020706746912483105 -0.064143912206451381 -0.11534681073594064 -0.95834999999999992 0.10994557259447872 0.11572786674830127 0.093505484769818112 -0.93924999999999992 -0.96374999999999988 0.06835311151482866 -0.073118113585582525 0.19220902801063269 -0.050083424453311438 -0.52614999999999978
decision_type=2 2 2 2 2 2 2 2 2 2 2 2 2 2 2 2 2 2 2 2 2 2
left_child=1 2 3 4 6 9 -1 -7 -9 -6 -3 -5 13 16 -14 -11 -12 19 -19 20 -13 -8
right_child=-2 10 -4 11 5 7 21 8 -10 15 12 17 14 -15 -16 -17 -18 18 -20 -21 -22 -23
leaf_value=-0.026038694025417437 0.0066737325113158776 0.015696194061443541 0.015889818571461812 -0.021518107650217277 -0.0083423573026798273 -0.021261455405259339 0.010584065545097807 0.00031664379625986731 -0.0065888459658185244 -0.0088111616659289609 -0.022787110872435769 0.0017589597776014414 -0.018078421078606008 0.022866017077145803 0.029414108723207037 0.00345224362807919 -0.0033287656275096632 -0.026954160073921454 0.015603694789545796 0.0098182993704602293 -0.0069347384386763819 0.0033050965825669057
leaf_weight=285 5813 541 1095 615 1823 777 5069 15250 8693 1178 450 2978 1467 326 97 30009 17646 154 843 844 9102 5756
leaf_count=285 5813 541 1095 615 1823 777 5069 15250 8693 1178 450 2978 1467 326 97 30009 17646 154 843 844 9102 5756
internal_value=-2.15205e-07 -0.000369873 0.000447992 0.00024496 0.00107865 0.000155653 0.00587316 -0.00279014 -0.00218987 0.00236216 -0.00373627 -0.00370207 -0.00426324 -0.00334053 -0.0151195 0.00298845 -0.00381376 -0.00291355 0.00901003 -0.00383477 -0.00479017 0.00671525
internal_weight=110811 104998 84471 83376 68840 57730 11110 24720 23943 33010 20527 14536 19986 18422 1564 31187 18096 13921 997 12924 12080 10825
internal_count=110811 104998 84471 83376 68840 57730 11110 24720 23943 33010 20527 14536 19986 18422 1564 31187 18096 13921 997 12924 12080 10825
is_linear=0
shrinkage=0.0351744


Tree=141
num_leaves=23
num_cat=0
split_feature=2 0 5 4 1 9 2 8 5 8 8 3 1 7 2 1 4 8 7 0 9 6
split_gain=217.941 220.991 237.219 212.167 243.717 300.473 227.73 192.44 190.6 192.173 181.843 170.798 152.249 141.795 128.975 271.525 172.379 133.331 126.759 126.482 120.547 124.054
threshold=-0.15516119816725618 0.081809860011285221 0.14177564617113228 0.0022027289066186002 -0.12786072227555087 -0.0017257213818673998 0.087725925740820401 -0.034439889161582297 -0.045871093620569792 0.046526429892714903 -0.044436102177016497 -0.96374999999999988 0.067498221690603308 -0.072304232977273439 -0.019749686222752496 0.23449692913234538 0.025393546253592806 -0.024051101511566194 0.11734187132596322 -0.053498587056858643 -0.11128268620473254 0.079436117404805454
decision_type=2 2 2 2 2 2 2 2 2 2 2 2 2 2 2 2 2 2 2 2 2 2
left_child=20 2 3 4 10 8 7 -7 12 -10 -2 -5 -6 -13 15 -4 17 -16 -15 -20 -1 -22
right_child=1 -3 14 11 5 6 -8 -9 9 -11 -12 13 -14 18 16 -17 -18 -19 19 -21 21 -23
leaf_value=0.049271570310223368 0.023635297887714991 0.0065253337123110031 -0.034518245589079906 -0.0099648692692945965 0.011453490415078996 -0.012681393718769522 0.0085175114737135182 -0.0044122340192817612 -0.0021349952584298086 0.0076779264000617102 0.0034860143597690834 0.0099775255655391235 -0.0019916480165706888 0.0018212736474332708 -0.028700368339712169 0.048224611865863277 0.015238289137688914 -0.0034820984077567219 -0.054515937606506887 -0.0078666044678276786 -0.02654644984874566 0.0075143630207983661
leaf_weight=32 689 6319 509 1500 2974 4525 1369 15164 22494 2773 2845 2660 1601 42498 430 54 339 658 86 444 685 163
leaf_count=32 689 6319 509 1500 2974 4525 1369 15164 22494 2773 2845 2660 1601 42498 430 54 339 658 86 444 685 163
internal_value=-1.98921e-07 0.000139232 -0.000250088 -1.43937e-05 -0.00151097 -0.0021314 -0.00534858 -0.00631362 0.000138267 -0.00105735 0.00742 0.00171164 0.00674489 0.00209539 -0.0122768 -0.0265407 -0.0066351 -0.013467 0.00160769 -0.015482 -0.0174338 -0.0199796
internal_weight=110811 109931 103612 101622 54434 50900 21058 19689 29842 25267 3534 47188 4575 45688 1990 563 1427 1088 43028 530 880 848
internal_count=110811 109931 103612 101622 54434 50900 21058 19689 29842 25267 3534 47188 4575 45688 1990 563 1427 1088 43028 530 880 848
is_linear=0
shrinkage=0.0351744


Tree=142
num_leaves=23
num_cat=0
split_feature=9 1 2 5 1 8 0 6 7 4 1 3 4 7 0 4 7 1 6 1 5 8
split_gain=211.25 269.171 227.155 276.186 268.803 242.786 236.435 216.764 254.432 195.522 188.085 207.92 188.755 174.048 202.598 173.931 161.541 251.663 238.217 178.328 165.708 160.049
threshold=0.075766933679636966 -0.15482403420593177 -0.069640024415746085 -0.015687330121158246 0.14210695638873913 -0.07606565086468968 0.019454241742854452 -0.051338700243623546 0.039349476880075361 0.084152524140046411 -0.024627921359129699 -0.76479999999999981 -0.046634456181304997 -0.024332555525317694 -0.11688891795680724 -0.060384456199259397 0.042200811811707102 0.17472039115599697 0.087025836628616765 0.10928211184081101 0.096436362004837364 0.088434083245857109
decision_type=2 2 2 2 2 2 2 2 2 2 2 2 2 2 2 2 2 2 2 2 2 2
left_child=1 -1 3 7 5 -5 9 -3 15 16 13 12 -12 -2 -15 -9 18 -18 -4 -20 -19 -7
right_child=10 2 6 4 -6 21 -8 8 -10 -11 11 -13 -14 14 -16 -17 17 20 19 -21 -22 -23
leaf_value=0.014242965712005335 0.0087035796733793951 0.014385039144268303 0.00037853135494847408 -0.051862496168384856 0.0082117808515170618 -0.013946223038895068 0.0034110873773969142 -0.017436340830911553 -0.019436149559824822 0.0088048881182011263 -0.070445823917475447 -0.0065051928394341645 -0.020309923874244403 -0.080677098472094172 -0.0040857547208175797 0.0061328058271411358 -0.0066661454503454017 0.0092589131861807016 -0.023135231742146729 0.0011423907225953797 0.063051540889386096 0.018222563490383863
leaf_weight=1726 1587 1160 47199 202 783 3773 28846 465 889 2696 106 2525 770 43 4537 2312 8775 570 949 616 81 201
leaf_count=1726 1587 1160 47199 202 783 3773 28846 465 889 2696 106 2525 770 43 4537 2312 8775 570 949 616 81 201
internal_value=-1.81029e-07 0.000471803 0.000232768 -0.00485595 -0.0106858 -0.0142333 0.000787871 0.00113128 -0.00305841 -0.000454665 -0.0049961 -0.0116374 -0.0264076 -0.00133061 -0.00481134 0.00217944 -0.000883979 -0.00509928 -6.88134e-05 -0.0135696 0.0159918 -0.0123143
internal_weight=110811 101243 99517 9785 4959 4176 89732 4826 3666 60886 9568 3401 876 6167 4580 2777 58190 9426 48764 1565 651 3974
internal_count=110811 101243 99517 9785 4959 4176 89732 4826 3666 60886 9568 3401 876 6167 4580 2777 58190 9426 48764 1565 651 3974
is_linear=0
shrinkage=0.0351744


Tree=143
num_leaves=23
num_cat=0
split_feature=0 7 9 7 2 4 8 0 6 6 6 3 5 6 5 3 1 5 4 4 0 6
split_gain=202.459 222.023 221.741 260.066 225.264 233.949 283.073 219.851 183.853 181.435 159.308 156.04 153.289 152 148.916 219.468 218.998 139.443 121.573 103.664 107.771 100.678
threshold=-0.11688891795680724 -0.072304232977273439 -0.029565661379314146 0.14512608310463124 0.098886786864309809 -0.040953029330111239 0.070155622994417452 -0.0026064745856046998 -0.071243320340918487 0.11257787260321082 -0.061732163049413195 -0.97784999999999989 -0.088539034027205782 0.053133446371368909 -0.047596506372296697 -0.22549999999999998 0.10928211184081101 0.030025241328595905 -0.15318389442210548 -0.082512809636560089 -0.10991302374874019 0.019625006048229605
decision_type=2 2 2 2 2 2 2 2 2 2 2 2 2 2 2 2 2 2 2 2 2 2
left_child=-1 9 11 4 5 6 8 17 -4 19 -5 -3 -8 -9 15 18 -17 -7 -13 -2 -21 -16
right_child=1 2 3 10 -6 7 12 13 -10 -11 -12 14 -14 -15 21 16 -18 -19 -20 20 -22 -23
leaf_value=-0.011831176255316328 -0.016801581629379985 -0.039499221327882611 0.011530562292865752 -0.098395389647435771 0.010128413192438714 -0.0014333110812141015 -0.060667230889059377 0.0021611168429797084 -0.0096459868329655026 -0.015756939329671107 -0.024141858284138749 -0.030128573037437465 0.01776344298817745 -0.0062592265487613191 0.002724773040957318 0.0071774593080749897 -0.012850382111918983 -0.0070807137259423026 0.018262218690479306 0.059357563076838205 0.0089601427784802706 -0.0016294498250756385
leaf_weight=1761 192 111 539 45 2095 18763 32 27119 8400 408 178 66 704 2939 18899 2759 894 7607 1972 53 5209 10066
leaf_count=1761 192 111 539 45 2095 18763 32 27119 8400 408 178 66 704 2939 18899 2759 894 7607 1972 53 5209 10066
internal_value=-1.72363e-07 0.000190746 -0.000187389 -0.00134985 -0.00122555 -0.00158566 -0.0066394 -0.000718851 -0.00836704 0.00684966 -0.0392617 0.00209984 0.0143181 0.00133721 0.00223375 0.007436 0.00227113 -0.00306309 0.0166846 0.00854428 0.00947275 0.00121101
internal_weight=110811 109050 103188 68421 68198 66103 9675 56428 8939 5862 223 34767 736 30058 34656 5691 3653 26370 2038 5454 5262 28965
internal_count=110811 109050 103188 68421 68198 66103 9675 56428 8939 5862 223 34767 736 30058 34656 5691 3653 26370 2038 5454 5262 28965
is_linear=0
shrinkage=0.0351744


Tree=144
num_leaves=23
num_cat=0
split_feature=5 3 8 9 1 6 5 4 8 7 2 5 1 0 1 6 0 5 1 1 1 2
split_gain=199.868 210.167 195.62 226.888 239.031 278.444 221.408 296.487 217.987 160.835 157.87 197.663 213.543 268.294 212.591 166.965 201.439 144.803 292.637 151.613 129.184 166.863
threshold=0.15998967271130632 0.93005000000000015 0.088434083245857109 0.0032962987332410005 0.051332671033917511 -0.039994249425300894 0.040064854192119456 -0.066164460506163439 0.02671461560146365 0.14512608310463124 -0.044034834418470496 -0.010658947213939849 0.073757912339646264 -0.062054601658982245 -0.14208978606027103 0.006609863614845851 -0.017405078428784599 -0.051143327560334538 0.19691911727626446 0.10597570361302826 0.10597570361302826 -0.0094938411084211482
decision_type=2 2 2 2 2 2 2 2 2 2 2 2 2 2 2 2 2 2 2 2 2 2
left_child=1 2 3 10 5 -5 7 -7 -8 17 11 15 14 -14 -13 16 -1 19 -19 -6 21 -2
right_child=20 -3 -4 4 9 6 8 -9 -10 -11 -12 12 13 -15 -16 -17 -18 18 -20 -21 -22 -23
leaf_value=-0.0035060734191198176 -0.043694095049534719 0.0072965269490303086 0.0088291358111249468 0.007622156406228881 0.0028753661089532447 -0.020944613746781818 -0.012149846921487073 0.00031848350010528097 0.0028723155441225637 -0.06137087504444947 0.0018215784817597913 0.025776539712489586 -0.019171608477184996 0.020532264038203244 -0.012944785985481523 -0.0053936714443145782 0.014154166201761527 -0.0082070578495331385 0.0078200069196354659 -0.02036975317704378 0.007052753756362648 -0.011107766691202295
leaf_weight=1367 264 4881 2905 4125 445 844 4440 20845 1633 67 48783 183 316 629 4025 2404 1919 6332 1812 1559 287 746
leaf_count=1367 264 4881 2905 4125 445 844 4440 20845 1633 67 48783 183 316 629 4025 2404 1919 6332 1812 1559 287 746
internal_value=-1.97747e-07 0.000162233 -0.000170425 -0.000427599 -0.00240458 -0.000903885 -0.00217136 -0.000508329 -0.00810776 -0.00708741 0.000968073 -0.00287031 -0.00786122 0.00723701 -0.011256 0.00164675 0.00680251 -0.00672639 -0.00463899 -0.0151999 -0.0137264 -0.0196476
internal_weight=110811 109514 104633 101728 42102 31887 27762 21689 6073 10215 59626 10843 5153 945 4208 5690 3286 10148 8144 2004 1297 1010
internal_count=110811 109514 104633 101728 42102 31887 27762 21689 6073 10215 59626 10843 5153 945 4208 5690 3286 10148 8144 2004 1297 1010
is_linear=0
shrinkage=0.0351744


Tree=145
num_leaves=23
num_cat=0
split_feature=2 8 0 9 6 2 4 2 1 3 6 1 3 8 8 7 5 1 5 0 4 5
split_gain=198.144 207.401 206.595 214.473 222.1 236.45 210.804 204.734 182.228 363.064 290.663 178.208 198.846 168.616 144.354 174.493 124.912 122.26 255.732 145.955 119.498 110.271
threshold=-0.15516119816725618 0.14120605989315468 0.088755355054549304 0.094949386485631324 -0.051338700243623546 -0.025956082040251498 -0.017431511526370447 -0.026605335317379745 -0.04090022911237879 0.5273000000000001 0.041553637582559505 0.070421574323952615 -0.54234999999999989 0.013827649859705552 0.037538886525960005 0.038723488345155307 0.10822796859505861 0.083428549065415622 -0.025420964496136848 -0.10510920546429559 0.042904976725482859 -0.086590833002044273
decision_type=2 2 2 2 2 2 2 2 2 2 2 2 2 2 2 2 2 2 2 2 2 2
left_child=-1 2 3 4 17 6 7 -6 10 -10 -7 14 20 -8 16 -16 -5 -2 -19 -20 -13 -14
right_child=1 -3 -4 11 5 8 13 -9 9 -11 -12 12 21 -15 15 -17 -18 18 19 -21 -22 -23
leaf_value=-0.016623124470600274 0.0066131947370440518 0.025377917792525472 0.0070031222827109845 -0.0057580563837928977 -0.0073961353509555952 0.004133687187263692 -0.003767080705893538 -0.052930613797638464 -0.0042019682193351069 0.0033596571512147411 -0.0047575424806087221 -0.055900948893555444 0.031924860788222396 0.0040642151370680326 0.018445330038006764 -0.022198059671135216 -0.040776603014060032 -0.013905447595154203 -0.047303913009971589 0.0083237695286335449 -0.013860980261461864 -0.013839857930219272
leaf_weight=880 9007 401 5030 3352 8163 25044 9995 124 20121 12886 5557 238 73 5155 608 166 131 1237 60 1869 131 583
leaf_count=880 9007 401 5030 3352 8163 25044 9995 124 20121 12886 5557 238 73 5155 608 166 131 1237 60 1869 131 583
internal_value=-1.86082e-07 0.000132754 4.01396e-05 -0.000294868 7.26426e-05 -0.000549538 -0.00356978 -0.00808052 0.000563045 -0.00124939 0.00251852 -0.00720118 -0.0203708 -0.00110126 -0.00402562 0.0097042 -0.00708178 0.00452295 -0.00141838 0.00658102 -0.041034 -0.00871508
internal_weight=110811 109931 109530 104500 99218 87045 23437 8287 63608 33007 30601 5282 1025 15150 4257 774 3483 12173 3166 1929 369 656
internal_count=110811 109931 109530 104500 99218 87045 23437 8287 63608 33007 30601 5282 1025 15150 4257 774 3483 12173 3166 1929 369 656
is_linear=0
shrinkage=0.0351744


Tree=146
num_leaves=23
num_cat=0
split_feature=7 0 8 8 4 3 5 1 1 6 4 1 0 5 3 5 6 6 1 1 1 2
split_gain=188.579 217.474 224.486 191.583 235.75 231.209 222.432 250.286 217.88 173.923 119.54 119.621 138.105 111.416 100.391 131.19 115.51 99.0145 98.9806 99.5624 98.868 96.5358
threshold=-0.065400800889376831 -0.076708091414308774 -0.083952524979171592 0.061639022915798355 0.050612858482826158 0.86590000000000011 0.055179646868793709 0.023233723475790755 0.076995206897744417 0.11257787260321082 -0.073118113585582525 -0.08164353043515693 -0.033814909551103042 -0.034042867948546891 0.7581500000000001 0.11544786664034272 0.093505484769818112 -0.11458100353364288 -0.082414810638072031 0.15896989621037003 0.21980754745819697 -0.0044783415250820987
decision_type=2 2 2 2 2 2 2 2 2 2 2 2 2 2 2 2 2 2 2 2 2 2
left_child=9 13 10 4 5 6 7 -4 -8 -1 -3 12 -12 -2 15 16 -13 -15 -6 -20 -7 -21
right_child=1 2 3 -5 18 20 8 -9 -10 -11 11 14 -14 17 -16 -17 -18 -19 19 21 -22 -23
leaf_value=0.0066180560735133436 0.00038322784779492094 -0.039639507943411999 0.00047110325686166833 0.0060997042451343018 -0.003780420653772259 0.0036440262447767768 -0.0088456154351024205 -0.0052830474833228565 0.0047110718295792211 -0.014668836144049246 0.030589205815929492 -0.0161283793508714 -0.0062342851377639218 0.024052984756867249 0.0035157890751073952 -0.059374836382931583 0.029438417430663756 -0.01078466663038591 0.0080113362125785372 -0.012030774998121638 0.021042345827976452 0.0080361569226723058
leaf_weight=7369 1848 159 47141 6536 1359 8774 8065 11666 1791 507 189 1398 376 103 394 83 72 4179 7182 655 424 541
leaf_count=7369 1848 159 47141 6536 1359 8774 8065 11666 1791 507 189 1398 376 103 394 83 72 4179 7182 655 424 541
internal_value=-2.10764e-07 -0.000401742 4.93733e-06 0.00029044 -0.000142831 -0.000788314 -0.00149004 -0.000670121 -0.00638041 0.00524537 -0.0100502 -0.00816821 0.00605956 -0.00682657 -0.0123057 -0.0163303 -0.0138822 -0.0099419 0.00501693 0.00644598 0.00444821 -0.00293992
internal_weight=110811 102935 96805 94134 87598 77861 68663 58807 9856 7876 2671 2512 565 6130 1947 1553 1470 4282 9737 8378 9198 1196
internal_count=110811 102935 96805 94134 87598 77861 68663 58807 9856 7876 2671 2512 565 6130 1947 1553 1470 4282 9737 8378 9198 1196
is_linear=0
shrinkage=0.0351744


Tree=147
num_leaves=23
num_cat=0
split_feature=5 0 9 3 7 4 1 9 1 3 3 4 8 7 2 4 8 7 1 6 3 7
split_gain=184.836 191.148 199.036 198.008 191.234 223.786 201.401 179.663 180.058 191.804 169.196 158.257 153.016 147.226 143.706 152.511 143.113 139.867 126.905 119.249 144.693 124.336
threshold=0.17465723710244555 -0.014187407861517148 -0.074179124838454444 -0.94714999999999994 -0.019026718469520445 0.090825141032628023 -0.08748175022996374 0.094949386485631324 -0.14805284272873262 -0.97184999999999988 -0.9061499999999999 -0.092612507805162433 -0.048501395903668691 0.031222079533316204 0.069082316464759222 -0.054317581960501286 -0.062774183508371592 0.095511689039435951 -0.076435332777726836 0.053133446371368909 -0.95834999999999992 0.057311372070685353
decision_type=2 2 2 2 2 2 2 2 2 2 2 2 2 2 2 2 2 2 2 2 2 2
left_child=1 2 3 -1 5 6 -4 8 17 -10 13 -11 14 -5 15 -3 18 -6 -8 21 -21 -14
right_child=-2 12 4 10 7 -7 16 -9 9 11 -12 -13 19 -15 -16 -17 -18 -19 -20 20 -22 -23
leaf_value=-0.044480929734922417 -0.01620433014920181 -0.020566152373281795 0.01034182137351701 0.060645952019585656 0.020708103205714569 0.026657867097224685 0.030886049732101128 -0.016289363703345335 -0.023235396634287257 -0.016654583557546235 0.0054993676623542364 -0.0027996050716854884 0.0030172080812809945 -0.012470450519978015 0.012370043503886836 -0.0031518647517622686 -0.00044772921625785717 -0.043618747868364977 -0.018953950441201642 -0.033044942884910722 -0.0015387817914838996 -0.0028322546318314194
leaf_weight=94 864 691 2034 127 544 413 68 1427 620 1068 3602 22925 47767 46 653 6293 8497 45 835 185 7053 4960
leaf_count=94 864 691 2034 127 544 413 68 1427 620 1068 3602 22925 47767 46 653 6293 8497 45 835 185 7053 4960
internal_value=-1.83811e-07 0.000127027 -0.0017259 0.00587744 -0.00249092 0.0012258 0.000305363 -0.00414507 -0.00345667 -0.00391718 0.00713769 -0.00341713 0.00128792 0.0411152 -0.00340049 -0.00487767 -0.00186473 0.0157545 -0.0151774 0.00188531 -0.00234709 0.00246663
internal_weight=110811 109947 42345 3869 38476 11847 11434 26629 25202 24613 3775 23993 67602 173 7637 6984 9400 589 903 59965 7238 52727
internal_count=110811 109947 42345 3869 38476 11847 11434 26629 25202 24613 3775 23993 67602 173 7637 6984 9400 589 903 59965 7238 52727
is_linear=0
shrinkage=0.0351744


Tree=148
num_leaves=23
num_cat=0
split_feature=2 8 0 9 4 3 1 5 1 3 8 7 8 8 8 9 6 5 6 0 5 7
split_gain=183.479 194.306 192.452 200.103 226.005 210.932 238.447 184.737 138.301 143.641 137.162 136.632 134.152 120.813 120.098 106.732 121.256 105.738 96.0985 90.7489 88.4983 86.7972
threshold=-0.15516119816725618 0.14120605989315468 0.048080993872540757 0.094949386485631324 0.056761667711641657 0.91525000000000012 -0.15482403420593177 0.17465723710244555 0.10597570361302826 -0.54234999999999989 0.037538886525960005 0.038723488345155307 -0.042960710522275049 0.029582885925227505 -0.083952524979171592 -0.11128268620473254 0.079436117404805454 0.11168854488009611 -0.031153666463004395 -0.053498587056858643 -0.00049395148684884982 0.11734187132596322
decision_type=2 2 2 2 2 2 2 2 2 2 2 2 2 2 2 2 2 2 2 2 2 2
left_child=15 2 3 4 5 6 12 -8 10 -10 17 -12 -2 -6 -4 -1 -17 -5 20 -13 -11 -16
right_child=1 -3 14 8 13 -7 7 -9 9 18 11 19 -14 -15 21 16 -18 -19 -20 -21 -22 -23
leaf_value=0.046764409518163491 0.034397161248445676 0.024562918181668524 -0.013878977168915429 -0.0072406465045400494 0.007427239783352608 0.0066173453605500622 -0.0013988362633615347 -0.022809470820377764 -0.042701368272518865 -0.011437617112469645 0.016031595506107426 -0.070849288307347158 0.0075122752910131612 -0.0023108133211738038 0.0042600445396944403 -0.024886200971506418 0.0087915842522811056 -0.044383209493161463 0.0013905700532506958 -0.0062599372535202275 -0.068015561100570901 -0.014538219637516557
leaf_weight=32 291 401 482 2986 6689 4444 72446 502 263 90 593 35 1101 2059 16666 685 163 98 302 118 56 309
leaf_count=32 291 401 482 2986 6689 4444 72446 502 263 90 593 35 1101 2059 16666 685 163 98 302 118 56 309
internal_value=-2.13474e-07 0.000127707 3.8059e-05 -0.000603797 -0.000230103 -0.000825866 -0.00127105 -0.00154645 -0.00780316 -0.0220557 -0.00515214 0.00836954 0.0131479 0.00513331 0.00342431 -0.0159962 -0.0183927 -0.00842861 -0.0098873 -0.021204 -0.0333045 0.00391674
internal_weight=110811 109931 109530 92073 87532 78784 74340 72948 4541 711 3830 746 1392 8748 17457 880 848 3084 448 153 146 16975
internal_count=110811 109931 109530 92073 87532 78784 74340 72948 4541 711 3830 746 1392 8748 17457 880 848 3084 448 153 146 16975
is_linear=0
shrinkage=0.0351744


Tree=149
num_leaves=23
num_cat=0
split_feature=0 2 9 6 4 2 8 4 6 1 4 1 1 4 3 6 7 0 1 3 3 3
split_gain=177.024 213.856 174.189 201.685 206.432 183.516 242.874 184.801 167.129 162.235 138.567 138.057 134.657 190.375 193.2 167.418 139.981 182.193 132.293 138.71 120.958 119.692
threshold=0.11429078169592517 -0.099494634212686825 0.075766933679636966 -0.072987311470798996 -0.10878881064727379 0.040798591150504555 0.10382802237438966 0.13497806032799703 0.071610044152564375 -0.074930816667031039 -0.071252759403181584 -0.14805284272873262 -0.024627921359129699 -0.012497128650765599 -0.47649999999999998 -0.029855522509525997 -0.024332555525317694 -0.11688891795680724 -0.10457222095505159 -0.97464999999999991 -0.54234999999999989 -0.93924999999999992
decision_type=2 2 2 2 2 2 2 2 2 2 2 2 2 2 2 2 2 2 2 2 2 2
left_child=1 8 3 -3 9 6 7 -6 11 -5 -2 -1 16 14 -14 -15 -4 -18 20 -20 -7 -17
right_child=10 2 12 4 5 18 -8 -9 -10 -11 -12 -13 13 15 -16 21 17 -19 19 -21 -22 -23
leaf_value=0.020626992390692211 -0.015179321387464462 0.0070532447647605823 0.0079589085449126452 -0.042191264889654877 -0.00090749770152988296 0.021182685143426888 0.018168861099165282 0.016429934973475658 0.0081943098293457972 -0.0082172377763483472 0.013136582276944283 -0.012032066178554046 -0.04404575927961997 -0.018398147067406896 -0.012681517023095399 -0.028667694282582278 -0.078252649187347742 -0.0038759131610942616 -0.044752674643920597 0.0025087301812237572 0.0050393487509396758 0.0075665493699914295
leaf_weight=167 240 5583 1472 219 68134 914 853 769 691 853 1917 3642 335 619 894 125 41 4328 77 16252 1555 1131
leaf_count=167 240 5583 1472 219 68134 914 853 769 691 853 1917 3642 335 619 894 125 41 4328 77 16252 1555 1131
internal_value=-2.25566e-07 -0.000198469 0.000125744 0.000566813 0.000162561 0.000348492 -0.000482538 -0.000713721 -0.0077059 -0.0151787 0.00997737 -0.010595 -0.00456698 -0.0104878 -0.021249 -0.00342404 -0.00141752 -0.00458061 0.00343316 0.0022844 0.0110232 0.00394392
internal_weight=110811 108654 104154 95209 89626 88554 69756 68903 4500 1072 2157 3809 8945 3104 1229 1875 5841 4369 18798 16329 2469 1256
internal_count=110811 108654 104154 95209 89626 88554 69756 68903 4500 1072 2157 3809 8945 3104 1229 1875 5841 4369 18798 16329 2469 1256
is_linear=0
shrinkage=0.0351744


end of trees

feature_importances:
SVD_1=439
SVD_15=391
SVD_21=356
SVD_11=344
SVD_7=333
SVD_20=311
SVD_24=300
Sentiment=296
SVD_33=296
SVD_9=234

parameters:
[boosting: gbdt]
[objective: regression]
[metric: l2]
[tree_learner: serial]
[device_type: cpu]
[data_sample_strategy: bagging]
[data: ]
[valid: ]
[num_iterations: 150]
[learning_rate: 0.0351744]
[num_leaves: 23]
[num_threads: 8]
[seed: 42]
[deterministic: 0]
[force_col_wise: 0]
[force_row_wise: 0]
[histogram_pool_size: -1]
[max_depth: 8]
[min_data_in_leaf: 31]
[min_sum_hessian_in_leaf: 0.001]
[bagging_fraction: 0.761601]
[pos_bagging_fraction: 1]
[neg_bagging_fraction: 1]
[bagging_freq: 0]
[bagging_seed: 400]
[bagging_by_query: 0]
[feature_fraction: 0.982139]
[feature_fraction_bynode: 1]
[feature_fraction_seed: 30056]
[extra_trees: 0]
[extra_seed: 12879]
[early_stopping_round: 0]
[early_stopping_min_delta: 0]
[first_metric_only: 0]
[max_delta_step: 0]
[lambda_l1: 0.472594]
[lambda_l2: 0.164336]
[linear_lambda: 0]
[min_gain_to_split: 0]
[drop_rate: 0.1]
[max_drop: 50]
[skip_drop: 0.5]
[xgboost_dart_mode: 0]
[uniform_drop: 0]
[drop_seed: 17869]
[top_rate: 0.2]
[other_rate: 0.1]
[min_data_per_group: 100]
[max_cat_threshold: 32]
[cat_l2: 10]
[cat_smooth: 10]
[max_cat_to_onehot: 4]
[top_k: 20]
[monotone_constraints: ]
[monotone_constraints_method: basic]
[monotone_penalty: 0]
[feature_contri: ]
[forcedsplits_filename: ]
[refit_decay_rate: 0.9]
[cegb_tradeoff: 1]
[cegb_penalty_split: 0]
[cegb_penalty_feature_lazy: ]
[cegb_penalty_feature_coupled: ]
[path_smooth: 0]
[interaction_constraints: ]
[verbosity: 1]
[saved_feature_importance_type: 0]
[use_quantized_grad: 0]
[num_grad_quant_bins: 4]
[quant_train_renew_leaf: 0]
[stochastic_rounding: 1]
[linear_tree: 0]
[max_bin: 255]
[max_bin_by_feature: ]
[min_data_in_bin: 3]
[bin_construct_sample_cnt: 200000]
[data_random_seed: 175]
[is_enable_sparse: 1]
[enable_bundle: 1]
[use_missing: 1]
[zero_as_missing: 0]
[feature_pre_filter: 1]
[pre_partition: 0]
[two_round: 0]
[header: 0]
[label_column: ]
[weight_column: ]
[group_column: ]
[ignore_column: ]
[categorical_feature: ]
[forcedbins_filename: ]
[precise_float_parser: 0]
[parser_config_file: ]
[objective_seed: 16083]
[num_class: 1]
[is_unbalance: 0]
[scale_pos_weight: 1]
[sigmoid: 1]
[boost_from_average: 1]
[reg_sqrt: 0]
[alpha: 0.9]
[fair_c: 1]
[poisson_max_delta_step: 0.7]
[tweedie_variance_power: 1.5]
[lambdarank_truncation_level: 30]
[lambdarank_norm: 1]
[label_gain: ]
[lambdarank_position_bias_regularization: 0]
[eval_at: ]
[multi_error_top_k: 1]
[auc_mu_weights: ]
[num_machines: 1]
[local_listen_port: 12400]
[time_out: 120]
[machine_list_filename: ]
[machines: ]
[gpu_platform_id: -1]
[gpu_device_id: -1]
[gpu_use_dp: 0]
[num_gpu: 1]

end of parameters

pandas_categorical:[]
