tree
version=v4
num_class=1
num_tree_per_iteration=1
label_index=0
max_feature_idx=100
objective=regression
feature_names=SVD_0 SVD_1 SVD_2 SVD_3 SVD_4 SVD_5 SVD_6 SVD_7 SVD_8 SVD_9 SVD_10 SVD_11 SVD_12 SVD_13 SVD_14 SVD_15 SVD_16 SVD_17 SVD_18 SVD_19 SVD_20 SVD_21 SVD_22 SVD_23 SVD_24 SVD_25 SVD_26 SVD_27 SVD_28 SVD_29 SVD_30 SVD_31 SVD_32 SVD_33 SVD_34 SVD_35 SVD_36 SVD_37 SVD_38 SVD_39 SVD_40 SVD_41 SVD_42 SVD_43 SVD_44 SVD_45 SVD_46 SVD_47 SVD_48 SVD_49 SVD_50 SVD_51 SVD_52 SVD_53 SVD_54 SVD_55 SVD_56 SVD_57 SVD_58 SVD_59 SVD_60 SVD_61 SVD_62 SVD_63 SVD_64 SVD_65 SVD_66 SVD_67 SVD_68 SVD_69 SVD_70 SVD_71 SVD_72 SVD_73 SVD_74 SVD_75 SVD_76 SVD_77 SVD_78 SVD_79 SVD_80 SVD_81 SVD_82 SVD_83 SVD_84 SVD_85 SVD_86 SVD_87 SVD_88 SVD_89 SVD_90 SVD_91 SVD_92 SVD_93 SVD_94 SVD_95 SVD_96 SVD_97 SVD_98 SVD_99 Sentiment
feature_infos=[0.0140241210399339:0.46225580201630101] [-0.3289436129286557:0.51441455654519508] [-0.30138214719916268:0.38874745970413649] [-0.36751038813230819:0.3795489908236061] [-0.42974451523891199:0.33098464400620609] [-0.27178820603390219:0.47570034619283169] [-0.27932655082389329:0.40841137020376] [-0.33103143607375091:0.40017464804058778] [-0.32835098477399549:0.55128368910221426] [-0.28492663753456748:0.32466029370721289] [-0.29978929520262732:0.46274622010768851] [-0.3640951246917738:0.27805317060144108] [-0.29036224678326922:0.28611927350892691] [-0.29898531255112859:0.29569443089589448] [-0.30220780045236428:0.3601441328561284] [-0.27525349882450462:0.29068197351417191] [-0.27577492496825368:0.33801460146837059] [-0.28438197967332252:0.44301835597008238] [-0.35249144095743318:0.50059553891568975] [-0.2615544003345428:0.30009017446009251] [-0.2939446284614548:0.25977706870761769] [-0.3004849575318822:0.33259067833044947] [-0.29248412385142208:0.31502475452488982] [-0.2978307745814584:0.26617882134721288] [-0.22940238932092091:0.30446590946594809] [-0.28141009667037209:0.33392984577918272] [-0.29761390639400148:0.38974151698547521] [-0.23265128314925199:0.3020370181000363] [-0.30981119841010868:0.29056032049602371] [-0.29513880236187401:0.31451466046880239] [-0.22175738524380079:0.3223984515778372] [-0.23319798130350519:0.32344243121758798] [-0.28170954820745298:0.28056071351807038] [-0.20866610346142339:0.24027994763368959] [-0.2898907408214359:0.28607768811688927] [-0.22431674436394189:0.2804288654291564] [-0.2252080856579636:0.2536126735500383] [-0.29282089071392731:0.25653994831087418] [-0.23360086268393659:0.38222730733846499] [-0.22241042494644439:0.19377656726743769] [-0.2174105978475934:0.26189401273096491] [-0.25365190286097689:0.23787985776979531] [-0.25608725334157778:0.26462613181460082] [-0.28410408333013609:0.28475472804364221] [-0.23139595626640511:0.21859674695855319] [-0.23343270590542509:0.3073076174655307] [-0.2505599366470771:0.35389350184602858] [-0.24742711082545379:0.23372537073822891] [-0.32209161803767228:0.32131762544428588] [-0.24122667541399939:0.3295483068175899] [-0.1908683577217688:0.27172870604795879] [-0.21720815185640691:0.26914280840941518] [-0.27698277468931021:0.3638506792796114] [-0.20122182944460609:0.27266425135669731] [-0.23459528425455481:0.23106312842924839] [-0.23617153446192199:0.2643450426909239] [-0.24118522215567151:0.2481151147219014] [-0.206022102281298:0.26125632228972739] [-0.22438282215815231:0.2183913988408821] [-0.24904556451432189:0.25339059059694208] [-0.18140959528335049:0.2454433848263799] [-0.2427859830678355:0.24916222747539271] [-0.19587664439101829:0.30325980272194691] [-0.20392760222534359:0.26352727058200659] [-0.2102513451072453:0.27900723398469912] [-0.18485017966448519:0.23030441091227269] [-0.23072060949358139:0.26555495114569161] [-0.2020465663155229:0.21085669998491149] [-0.2485956734271289:0.2130794522418572] [-0.21370073202426729:0.21456859472150519] [-0.19408001769865491:0.22370341197012231] [-0.18659239453159329:0.29048056229558139] [-0.22169512013775899:0.19663844961737881] [-0.2405878416225414:0.23765143055693599] [-0.24455821383634019:0.2191188933295127] [-0.20839708638020191:0.26854078607770709] [-0.25512528690713732:0.2392956888282653] [-0.1877446480445058:0.28676951738889761] [-0.18497673446351739:0.2752483292091007] [-0.22123814047129839:0.22912254570212029] [-0.21041951382819429:0.19499273885034779] [-0.224245589004165:0.2477160263545338] [-0.20543162152410641:0.2438309095740078] [-0.2159227403556262:0.21038198729293989] [-0.20842326382994389:0.23036723729934219] [-0.2011598144477347:0.20282462189659001] [-0.1544741058342565:0.2161579343931328] [-0.2402709880922341:0.22814309091443921] [-0.18430389192365579:0.22242739895904581] [-0.224686235078663:0.191980166294801] [-0.157611730016991:0.2153342675178965] [-0.1730439688891916:0.23403547843908509] [-0.2119122535970529:0.2445775870017331] [-0.18781628953476881:0.1615692564986447] [-0.18572008744894669:0.19650632727469891] [-0.15919292617997641:0.20988581491290439] [-0.18299755896361619:0.19474537313481699] [-0.24436617269651639:0.214465068193781] [-0.17965245635595689:0.18999328881562569] [-0.1775492595992185:0.17772398601449799] [-0.99560000000000004:0.99370000000000003]
tree_sizes=4276 4506 4508 4492 4520 4534 4517 4521 4536 4532 4539 4536 4538 4522 4525 4546 4548 4548 4556 4542 4541 4571 4547 4551 4541 4536 4558 4543 4521 4529 4544 4569 4558 4548 4556 4560 4554 4545 4537 4548 4553 4501 4536 4532 4539 4548 4531 4533 4559 4528 4534 4546 4513 4517 4529 4529 4543 4538 4526 4539 4523 4530 4520 4546 4504 4479 4532 4534 4484 4514 4501 4512 4526 4508 4526 4486 4517 4505 4517 4524 4508 4494 4529 4468 4526 4504 4535 4418 4540 4471 4531 4488 4486 4514 4476 4526 4458 4521 4516 4534 4432 4518 4534 4509 4480 4470 4447 4528 4495 4451 4453 4502 4527 4498 4521 4394 4500 4489 4540 4511 4488 4469 4512 4486 4479 4513 4448 4487 4429 4496 4418 4475 4517 4516 4490 4418 4464 4414 4480 4488 4393 4465 4459 4477 4398 4425 4417 4447 4460 4401 4416 4480 4383 4411 4346 4390 4328 4414 4427 4394 4395 4384 4490 4381 4381 4425 4520 4335 4342 4482 4405 4363 4412 4321 4421 4397 4314 4321 4305 4460

Tree=0
num_leaves=47
num_cat=0
split_feature=100 11 100 5 100 1 15 9 1 1 15 1 2 2 5 1 11 7 15 15 9 3 33 20 42 15 4 11 3 14 100 9 33 24 100 15 24 24 100 21 15 27 21 14 28 43
split_gain=73580.7 25266.1 10828.5 9318.77 7685.23 4533.72 4238.59 4040.78 3918.95 3886.56 3657.57 3363.98 3701.67 2638.55 2452.32 2310.51 2164.2 2090.58 1913.27 1866.07 1866.02 1780.47 1744.83 1647.78 1630.54 1615.6 1607.55 1344.73 1344.51 1233.85 1214.8 1177.22 1089.79 1010.16 997.133 985.745 948.979 866.475 865.123 860.833 836.238 835.035 820.852 811.177 765.505 737.449
threshold=-0.24919999999999998 -0.0054274964605963991 0.5273000000000001 0.0060323741847945504 -0.84674999999999989 0.023233723475790755 -0.028850744153839199 -0.030100682472812498 -0.039198989009521297 0.036597395995265555 -0.046410671377038144 -0.0109481708729846 -0.06432641396568109 -0.056984100260755094 -0.0031532910695055492 0.036597395995265555 0.00094840894575840007 0.0113560394668704 -0.0030590357167551998 -0.026182659013875498 -0.029565661379314146 0.031543377519723005 -0.058757165160958892 0.0029370507776331502 0.0051234533136305009 0.0022871527633664007 0.075035994885910715 0.010550537796070401 0.029133736221182555 -0.041883652800327596 -0.69999999999999984 -0.016915336223098345 -0.0037498072637072496 -0.018082059247106198 -0.85919999999999985 0.00046480098009930008 0.0096773958339143509 -0.0023737218490033495 -0.95004999999999984 0.065684650793708957 0.0092995181482817529 -0.013419411862348197 0.05287311430924841 -0.051056125524696495 -0.038584355920130743 0.022775219750546801
decision_type=2 2 2 2 2 2 2 2 2 2 2 2 2 2 2 2 2 2 2 2 2 2 2 2 2 2 2 2 2 2 2 2 2 2 2 2 2 2 2 2 2 2 2 2 2 2
left_child=1 4 5 8 11 14 -7 22 26 13 15 12 -1 -6 33 -4 36 40 23 39 -16 30 -5 -10 38 -13 28 -8 34 -20 -15 -18 41 -2 -3 -22 -12 -30 -14 -11 -9 -19 44 -27 -32 -17
right_child=2 3 10 7 9 6 27 17 18 19 16 25 24 21 20 45 31 32 29 -21 35 -23 -24 -25 -26 43 -28 -29 37 -31 42 -33 -34 -35 -36 -37 -38 -39 -40 -41 -42 -43 -44 -45 -46 -47
leaf_value=6.9751565157864794 7.1412315609473316 6.9099385004697584 7.0807337665928287 6.7949451774917273 7.026659472442037 6.8503122087161419 6.9633140972084391 6.8892566563308542 6.9793662781132904 6.718054561566281 7.1092037170633224 6.6678264824553173 6.7658270405758474 6.826689757630473 7.0629599269914172 6.8879885017555464 7.1604724040047998 6.6706826150592509 7.1190366078663212 6.8763781684685847 6.951167056560668 6.9669758602681213 7.0155937136132414 6.8389758878782292 6.7453868880169203 7.0211558091331652 7.1305047568177971 7.0611385378718277 7.1188232040254364 6.9878693616589649 6.8007778820384202 7.1149285358529051 6.8664856562023475 7.0700621368937009 7.0314029304993175 7.027047600250321 7.0566360902057257 7.0355793601329211 6.8769241603735978 6.9354381863932479 7.0092319580530358 6.8147179792727792 7.0248277016635736 6.7785955990554196 6.9135827009490649 7.0408956148740875
leaf_weight=1226 2486 824 2085 344 1854 1973 2448 1938 1703 1458 7290 2129 846 2406 5776 1054 9733 657 859 1918 2971 2849 2946 1245 2708 142 2635 2387 2204 2186 621 9810 1236 5542 1972 2919 4970 2102 2108 176 673 737 470 715 3115 365
leaf_count=1226 2486 824 2085 344 1854 1973 2448 1938 1703 1458 7290 2129 846 2406 5776 1054 9733 657 859 1918 2971 2849 2946 1245 2708 142 2635 2387 2204 2186 621 9810 1236 5542 1972 2919 4970 2102 2108 176 673 737 470 715 3115 365
internal_value=7.00762 6.92274 7.07491 6.98999 6.85679 7.0301 6.96486 6.91194 7.03232 6.89892 7.10854 6.79336 6.82902 6.9255 7.05265 7.0186 7.11845 6.86137 6.97332 6.81429 7.0255 6.90567 6.99251 6.92006 6.79739 6.71113 7.06864 7.01161 7.04568 7.02487 6.87926 7.13761 6.803 7.09211 6.99561 6.98877 7.0879 7.07819 6.84508 6.74144 6.92018 6.74677 6.90935 6.81879 6.89481 6.92733
internal_weight=110811 49002 61809 24261 24741 26502 6808 8531 15730 14867 35307 9874 6888 11315 19694 3504 31803 5241 5993 3552 11666 9461 3290 2948 5662 2986 9737 4835 7102 3045 6612 19543 2630 8028 2796 5890 12260 4306 2954 1634 2611 1394 4206 857 3736 1419
internal_count=110811 49002 61809 24261 24741 26502 6808 8531 15730 14867 35307 9874 6888 11315 19694 3504 31803 5241 5993 3552 11666 9461 3290 2948 5662 2986 9737 4835 7102 3045 6612 19543 2630 8028 2796 5890 12260 4306 2954 1634 2611 1394 4206 857 3736 1419
is_linear=0
shrinkage=1


Tree=1
num_leaves=47
num_cat=0
split_feature=100 11 5 100 100 1 15 9 1 15 100 1 3 2 15 15 2 24 28 14 13 18 2 24 1 15 9 30 20 70 70 2 21 23 100 18 13 11 7 40 1 7 11 11 3 24
split_gain=60873.4 21536.8 8045.05 7804.54 7105.44 4234.48 4354.66 4187.55 3996.41 3588.06 2841.94 2580.13 2410.49 2312.99 2194.79 1970.31 1865.93 1729.77 1522.63 1522.56 1448.84 1420.11 1324.44 1311.07 1296.85 1264.79 1257.42 1214.25 1160.28 1121.05 1072.35 1071.55 1044.95 1083.53 968.525 946.174 960.932 940.389 932.826 902.877 1128.06 895.978 870.885 819.233 817.662 777.814
threshold=-0.12714999999999996 -0.014832961824089648 0.0060323741847945504 0.74330000000000018 -0.89139999999999986 0.023233723475790755 -0.029470645471271848 -0.029565661379314146 -0.039719878089841593 -0.0099521616891134479 -0.76479999999999981 0.036597395995265555 0.023877666434334702 -0.074804891597230638 -0.038195205855435795 -0.063354224844603985 -0.051604985828024245 -0.0023737218490033495 -0.0022766277410646496 -0.041883652800327596 0.031940075146727358 0.13008795650375352 -0.056984100260755094 0.050150687741229556 -0.072666026837171424 0.020936725407406102 -0.041524953795783547 0.017474628035194301 -0.005433150895961949 -0.035734061286976739 -0.025120748095062997 -0.054721003180974247 0.018814861228179856 0.015657200113111853 -0.8224499999999999 0.14970622230451747 0.027739432160307002 0.016253589878105903 0.0039487504022745002 -0.015433004001775297 0.036597395995265555 0.058519025415882359 0.0014409928868787004 -0.069640024415746085 -0.021787119744201399 -0.023843153447439449
decision_type=2 2 2 2 2 2 2 2 2 2 2 2 2 2 2 2 2 2 2 2 2 2 2 2 2 2 2 2 2 2 2 2 2 2 2 2 2 2 2 2 2 2 2 2 2 2
left_child=1 4 8 5 13 12 -7 20 17 11 30 21 16 24 28 -5 -2 44 32 -16 29 31 -11 25 -1 -8 -17 35 -10 -4 -9 -6 33 -18 -21 36 -15 -19 -12 40 -28 -20 -14 -24 -3 -45
right_child=3 2 7 15 9 6 23 10 14 22 38 -13 42 27 19 26 18 37 41 34 -22 -23 43 -25 -26 -27 39 -29 -30 -31 -32 -33 -34 -35 -36 -37 -38 -39 -40 -41 -42 -43 -44 45 -46 -47
leaf_value=0.00078608754858769316 0.098952966245935386 0.011026028823004939 -0.16862499316661289 -0.016004433480385521 -0.017750012370889884 -0.12249327831909526 -0.0043398603085857057 -0.29137487095016606 -0.050453018967444162 0.0081008136404415627 -0.028179438259738277 -0.23586600111102224 0.062694798945511179 -0.2516312226656014 0.073537363273060208 0.14613806314356242 -0.064057973299848026 -0.0307818400903885 0.062824197585803432 -0.10079921709015936 0.080050496929526968 0.049198650190081863 -0.1353552015066114 -0.067071263730017733 -0.23841243832868805 0.086057754068572689 0.094966150558379397 -0.29726031126893981 -0.20718020127512973 -0.019787780733492223 -0.16435585175495107 -0.14839978040721102 0.04884481772821414 0.036554456394558524 -0.008019717303163915 0.12322535240329432 -0.13895168026654067 0.044467065315981345 -0.12092070562006814 0.11512033621316362 0.0015681161791587562 -0.030851247853523663 0.12134685036889663 0.0013182978560572955 0.10141533262627954 -0.084930888733521906
leaf_weight=559 3300 1051 519 1063 616 2451 2595 774 775 1638 1813 2319 3835 2087 1395 6888 3264 2406 6344 1417 1086 400 1963 1152 299 2733 3842 2325 855 2694 2200 4394 1739 1282 3053 72 949 3515 1923 9832 1566 1019 5046 1176 4768 3819
leaf_count=559 3300 1051 519 1063 616 2451 2595 774 775 1638 1813 2319 3835 2087 1395 6888 3264 2406 6344 1417 1086 400 1963 1152 299 2733 3842 2325 855 2694 2200 4394 1739 1282 3053 72 949 3515 1923 9832 1566 1019 5046 1176 4768 3819
internal_value=-5.6737e-07 -0.0719752 -0.0207818 0.0656509 -0.140434 0.0378492 -0.0171988 -0.0840086 0.0154056 -0.108158 -0.129792 -0.154013 0.0568839 -0.224178 -0.0375013 0.10732 0.0363718 0.0491834 0.0212373 -0.0110382 -0.0125418 -0.118914 -0.066922 0.0226294 -0.0826066 0.0420292 0.113245 -0.246527 -0.132693 -0.0438467 -0.197443 -0.132341 -0.0122903 -0.0356811 -0.0374386 -0.208547 -0.21643 0.0138873 -0.0759246 0.0983752 0.0679248 0.0498575 0.096024 -0.0845848 0.0850933 -0.0646231
internal_weight=110811 52860 30244 57951 22616 34760 8931 11009 19235 16325 6710 7729 25829 6291 7495 23191 16948 11740 13648 5865 4299 5410 8596 6480 858 5328 22128 5433 1630 3213 2974 5010 6285 4546 4470 3108 3036 5921 3736 15240 5408 7363 8881 6958 5819 4995
internal_count=110811 52860 30244 57951 22616 34760 8931 11009 19235 16325 6710 7729 25829 6291 7495 23191 16948 11740 13648 5865 4299 5410 8596 6480 858 5328 22128 5433 1630 3213 2974 5010 6285 4546 4470 3108 3036 5921 3736 15240 5408 7363 8881 6958 5819 4995
is_linear=0
shrinkage=0.092745


Tree=2
num_leaves=47
num_cat=0
split_feature=100 11 100 5 15 11 1 1 15 1 7 2 100 11 15 13 20 21 2 11 15 15 7 9 1 100 33 1 1 24 100 9 53 7 13 7 11 2 14 13 11 11 3 100 21 100
split_gain=51306.4 15917.8 10231.2 6212.04 5576.82 4313.19 4016.45 3497.83 2673.5 2933.45 2606.06 2369.03 2424.7 2065.76 2030.47 1997.58 1713.75 1624.46 1584.92 1489.5 1422.88 1397.52 1306.84 1263.34 1221.68 1206.81 1164.07 1063.14 1050.65 1017.55 1000.27 987.889 848.392 820.199 813.962 802.359 794.316 780.856 764.781 754.894 750.042 728.202 711.91 709.571 709.502 696.694
threshold=-0.45819999999999994 0.0057539464899786013 0.5273000000000001 0.019760869183026303 -0.0021966686799221495 -0.0049417004250916991 0.018851818115529401 0.036597395995265555 -0.025097330520276896 0.030608773561614001 0.02534889633907365 -0.065636685617632834 -0.92864999999999986 -0.042279608257036541 -0.0053881507231608988 0.013258992544083451 0.012388502766990101 0.087403027277073414 -0.042595275058382141 -0.016008746476948197 -0.014688854341964248 -0.030695532482002647 0.028030629676504104 -0.058841439165573599 -0.046072066004982641 -0.72664999999999991 -0.038005689863504839 0.023233723475790755 0.023233723475790755 0.010511506568458902 -0.83594999999999986 -0.024089794363040345 0.006735610074955301 0.069193759738756952 -0.034030038095206792 0.029329672664128403 -0.071257799742404079 -0.098317893485613331 -0.056910609382027293 -0.0040368676113130492 0.029939802201082853 -0.069640024415746085 -0.0041888843839510996 -0.78429999999999989 0.10525850206223876 -0.93924999999999992
decision_type=2 2 2 2 2 2 2 2 2 2 2 2 2 2 2 2 2 2 2 2 2 2 2 2 2 2 2 2 2 2 2 2 2 2 2 2 2 2 2 2 2 2 2 2 2 2
left_child=1 4 5 15 6 7 11 18 9 33 45 -1 -13 25 16 20 28 22 -2 -10 27 -9 36 -20 34 37 -12 -3 39 -21 -8 -16 -11 -4 -15 -18 -14 -6 -26 -7 -17 -32 -22 -40 -31 -5
right_child=2 3 8 10 13 14 30 21 19 32 26 12 17 24 31 40 35 -19 23 29 42 -23 -24 -25 38 -27 -28 -29 -30 44 41 -33 -34 -35 -36 -37 -38 -39 43 -41 -42 -43 -44 -45 -46 -47
leaf_value=-0.016732290517210559 0.065225885377473647 -0.034841922660757522 0.085634356122899671 -0.22504660169300594 -0.0059537761914852218 0.014891825532167136 -0.29375867709298836 -0.17879490686237126 0.060955424368079492 -0.0021331634137415167 -0.31570178313864972 -0.23527289145794489 -0.19518200941942673 -0.093837409089276611 0.10500503230665531 0.023035666249712192 -0.01778963329923024 0.05404526052383115 0.052069422844526925 0.1268873548996497 -0.025871785469121281 -0.059643868228692283 -0.20295466593155945 -0.034494738619114833 0.049675941463516268 -0.0552757600142256 -0.1473846809917802 -0.17549756384729556 -0.038914023199874852 0.079097571300034808 -0.27777009148273468 0.046117144454847443 -0.11333492466312553 -0.068712832865405957 0.023953727468205874 -0.12543572701531236 -0.094643549741813035 -0.17413589452339712 -0.15239145309469376 0.094265233847605434 0.090045486353333343 -0.15787124719805079 0.052889178970702055 -0.053345948226832383 0.19945204537979755 -0.037562764339214454
leaf_weight=1258 2564 2047 4440 184 261 1727 1936 1334 7418 1361 532 2291 811 635 4199 2568 2468 408 1809 12020 1669 2320 1847 7305 322 1440 1057 597 1111 8265 667 5889 1042 317 2453 785 4075 2654 1227 2558 3264 1265 2415 1264 444 2288
leaf_count=1258 2564 2047 4440 184 261 1727 1936 1334 7418 1361 532 2291 811 635 4199 2568 2468 408 1809 12020 1669 2320 1847 7305 322 1440 1057 597 1111 8265 667 5889 1042 317 2453 785 4075 2654 1227 2558 3264 1265 2415 1264 444 2288
internal_value=-9.60779e-07 -0.0816601 0.0487701 -0.0114216 -0.128706 0.0125119 -0.165611 -0.0239679 0.0837563 0.0331505 -0.111132 -0.136298 -0.152243 -0.0763168 0.0423629 0.0208183 0.0093875 -0.125595 0.000811106 0.0966283 -0.013616 -0.103158 -0.136485 -0.0173104 -0.0405523 -0.124768 -0.203793 -0.0666218 0.0414424 0.109392 -0.246603 0.0706321 -0.0503664 0.0753425 -0.000270236 -0.0437792 -0.111345 -0.159084 -0.084763 0.0622814 0.060544 -0.199307 0.0206992 -0.10215 0.0852414 -0.0515478
internal_weight=110811 41435 69376 16621 24814 34069 14558 15332 35307 7160 4061 10690 9432 10256 18737 12560 8649 7141 11678 28147 6728 3654 6733 9114 5901 4355 1589 2644 5396 20729 3868 10088 2403 4757 3088 3253 4886 2915 2813 4285 5832 1932 4084 2491 8709 2472
internal_count=110811 41435 69376 16621 24814 34069 14558 15332 35307 7160 4061 10690 9432 10256 18737 12560 8649 7141 11678 28147 6728 3654 6733 9114 5901 4355 1589 2644 5396 20729 3868 10088 2403 4757 3088 3253 4886 2915 2813 4285 5832 1932 4084 2491 8709 2472
is_linear=0
shrinkage=0.092745


Tree=3
num_leaves=47
num_cat=0
split_feature=100 11 100 5 15 15 9 1 1 11 1 15 1 7 20 7 18 100 2 100 9 7 9 37 28 33 40 5 11 100 23 3 31 21 14 13 13 20 2 28 53 13 100 11 89 7
split_gain=42232.5 13422.7 8453.29 6101.45 3796.57 3656.34 3571.39 3366.4 3164.14 2573.1 2194.51 2429.7 1909.24 1592.19 1533.25 1645.52 1507.05 1392.93 1372.28 1518.49 1363.86 1320.85 1278.46 1218.13 1098.25 1097.51 1034.87 976.552 879.165 868.202 847.064 847.221 825.906 824.185 802.526 799.742 792.973 783.531 783.397 777.569 754.103 733.203 698.691 690.635 687.615 682.056
threshold=-0.45819999999999994 -0.024092953130503997 0.57195000000000007 -0.0039534870869877498 -0.030123886687279947 0.0074070635974369014 -0.039770614529429239 -0.051159864496574996 0.03941418630084096 -0.016489651107849643 0.036597395995265555 -0.018388492479708345 0.030608773561614001 0.029329672664128403 -0.048217106714869541 0.007654621366310301 0.14970622230451747 0.86590000000000011 -0.063105681280720541 -0.93364999999999987 -0.028427146051390597 0.0081528391622223018 0.015023399779198601 -0.031255417777537292 0.01322285481738465 -0.054345276651216738 0.014727902526463303 -0.009062982474888499 -0.099494634212686825 -0.9061499999999999 0.014802112974471151 0.049346520263134956 0.045776725726972806 0.005207122472866651 -0.047391013062219593 0.014159265304626602 0.011051671579375652 -0.031153666463004395 -0.063105681280720541 0.042933320480196505 -0.0028513760514997494 0.043521661990152255 -0.95584999999999987 0.035064526129068407 0.012338589616352503 0.093828750910579212
decision_type=2 2 2 2 2 2 2 2 2 2 2 2 2 2 2 2 2 2 2 2 2 2 2 2 2 2 2 2 2 2 2 2 2 2 2 2 2 2 2 2 2 2 2 2 2 2
left_child=1 5 4 7 8 12 25 22 21 24 17 40 16 29 -9 43 18 37 -1 -20 32 -2 -3 44 38 -5 -13 -22 -7 -8 31 -21 -11 -17 -25 -30 -23 -4 -6 -10 -12 42 -27 -16 -15 -29
right_child=2 3 10 6 9 28 13 14 39 20 11 26 -14 23 15 33 -18 -19 19 30 27 36 -24 34 -26 41 -28 45 35 -31 -32 -33 -34 -35 -36 -37 -38 -39 -40 -41 -42 -43 -44 -45 -46 -47
leaf_value=-0.051107601268773513 0.024449029972817494 0.087808611087790728 0.11557586036362438 -0.14933802624789175 0.047190813756041394 -0.16673312962690801 -0.16268133415584268 0.041505394174406025 -0.15619302367541965 0.07043657520846075 0.014107289569845069 0.035870410778091749 -0.24181787366912927 -0.31379555512898916 -0.049140087975369388 -0.17106275622226036 0.051649683113727016 0.12110410880815407 -0.26472731903884961 -0.19421891574436431 0.058928433571873849 -0.11969073157455752 0.014419727203869638 -0.013814038504597968 0.030795603440081122 -0.23566567142113826 0.11313612808999227 0.014301724204263361 -0.09955998948094294 -0.065345727837174822 -0.080701660166134628 -0.065771948374967068 0.16234540725588498 -0.061547033343912899 -0.15929102343883653 -0.021015940298096857 -0.0027573520136647371 0.064704722188087413 -0.047367848590727568 -0.029581427328709695 -0.087902832158153033 0.10620637547572698 0.0023260848864816602 0.057891848653928081 -0.13210581811494265 -0.093278857950569449
leaf_weight=860 4226 3340 3293 400 886 893 992 1338 1941 5836 1186 3466 2817 634 1753 1401 301 8974 1306 2837 5344 1103 5254 395 3778 111 2618 4908 2617 3844 1110 524 983 1024 1879 1944 911 12481 5032 532 1313 596 2278 736 251 565
leaf_count=860 4226 3340 3293 400 886 893 992 1338 1941 5836 1186 3466 2817 634 1753 1401 301 8974 1306 2837 5344 1103 5254 395 3778 111 2618 4908 2617 3844 1110 524 983 1024 1879 1944 911 12481 5032 532 1313 596 2278 736 251 565
internal_value=-1.57876e-06 -0.0740887 0.0442471 -0.0338887 0.0131149 -0.143406 -0.0849824 0.00527648 -0.0401944 0.0301098 0.0779134 0.0374993 -0.177409 -0.118789 -0.0465006 -0.070467 -0.151247 0.0919285 -0.160453 -0.176725 0.0512095 -0.00500573 0.0429454 -0.170003 -0.0082673 -0.00512854 0.0691245 0.0307284 -0.0825783 -0.0853233 -0.151001 -0.174205 0.083694 -0.124836 -0.134032 -0.0660892 -0.0668125 0.0753274 -0.0332073 -0.128968 -0.0394883 0.0142039 -0.00875284 -0.0174821 -0.26234 0.00318897
internal_weight=110811 41435 69376 26226 36045 15209 11380 14846 8713 27332 33331 8583 9755 7995 6252 4914 6938 24748 6637 5777 17636 6240 8594 3159 9696 3385 6084 10817 5454 4836 4471 3361 6819 2425 2274 4561 2014 15774 5918 2473 2499 2985 2389 2489 885 5473
internal_count=110811 41435 69376 26226 36045 15209 11380 14846 8713 27332 33331 8583 9755 7995 6252 4914 6938 24748 6637 5777 17636 6240 8594 3159 9696 3385 6084 10817 5454 4836 4471 3361 6819 2425 2274 4561 2014 15774 5918 2473 2499 2985 2389 2489 885 5473
is_linear=0
shrinkage=0.092745


Tree=4
num_leaves=47
num_cat=0
split_feature=100 11 100 5 15 15 1 1 24 24 42 13 70 11 100 21 15 20 13 21 9 37 1 9 100 100 20 31 8 21 11 9 23 28 11 27 11 24 40 1 4 21 3 100 21 15
split_gain=34871.4 12277.4 6207.59 4668.91 4293.02 3468.28 3231.1 2533.99 2402.97 2106.38 1886.05 1808.36 1766.57 1508.12 1406.02 1286.84 1278.14 1125.47 1109.93 1086.14 1012.45 990.257 974.798 965.028 932.838 906.66 859.017 856.423 831.692 791.319 786.603 889.739 779.565 776.143 712.19 699.458 693.129 677.59 673.851 688.541 670.753 666.864 657.204 656.327 647.696 644.598
threshold=-0.36109999999999992 0.0024245489919414507 0.74330000000000018 0.021243967719340052 -0.0099521616891134479 -0.025097330520276896 0.033502415493766806 0.0074724399692202509 0.036742671097138455 0.0020836027717366008 -0.029080899831541499 0.0079486185193916505 -0.026408668264631747 1.0000000180025095e-35 -0.89559999999999984 -0.004438293604274399 -0.053498587056858643 0.0037848907001103503 -0.016332196168985597 0.0056229932902896506 -0.0048954986917168998 -0.014885823656851498 -0.034998678087981891 -0.048728933350633989 -0.9061499999999999 -0.88329999999999986 -0.011376542703249098 0.032119939932920012 -0.042135166143477142 0.029381598720560703 0.0038081962513300503 -0.074179124838454444 0.016091984656635801 -0.0018786184531011999 -0.069640024415746085 0.024799702835681805 -0.012727259319531297 -0.016672259711647996 -0.015433004001775297 0.030608773561614001 -0.17359280291342613 0.014634885021916151 0.030853137949238503 -0.95834999999999992 0.11247527283319292 0.0083144628029031015
decision_type=2 2 2 2 2 2 2 2 2 2 2 2 2 2 2 2 2 2 2 2 2 2 2 2 2 2 2 2 2 2 2 2 2 2 2 2 2 2 2 2 2 2 2 2 2 2
left_child=1 4 5 11 7 6 17 10 13 18 37 15 21 33 -12 22 -4 30 -6 -10 -14 45 -3 -18 -11 -9 -15 43 -22 36 31 -2 42 41 -20 -26 -8 -1 39 -25 -27 -7 -16 -13 -39 -5
right_child=2 3 16 12 9 8 29 25 19 24 14 27 20 26 32 -17 23 -19 34 -21 28 -23 -24 38 35 40 -28 -29 -30 -31 -32 -33 -34 -35 -36 -37 -38 44 -40 -41 -42 -43 -44 -45 -46 -47
leaf_value=0.03522152837911207 0.11793319713685287 -0.016974915646157912 0.00070693004247658457 -0.28053245974692564 -0.079171561529971277 -0.023091921935669456 -0.17972892376551614 -0.26208915155718043 -0.049311692567963937 -0.17251830061487114 -0.19319220218047295 -0.059353009873636453 -0.0042317500830192428 0.1038198247910994 -0.15446489721370146 0.019634703470102037 0.1205869756592967 -0.033863356006475262 -0.077971622791165193 0.029204185312572142 -0.20346884238198726 -0.085152359982388431 -0.12214538491481891 0.070775502200705637 -0.10364465957331133 0.15561769701350733 0.05447956821540785 0.10657781240124055 -0.05930112984332208 -0.013212058424311477 0.074739666457314391 -0.026544014425705816 -0.045328156410949443 0.047435476526955893 0.01962805080699967 -0.013239619899574818 -0.081117068273838203 -0.09438292160490383 0.090079495445167343 -0.00060566706585497257 -0.17694090715614796 0.048093122013273613 -0.055144356860096153 0.043486437684341614 0.11553137944263335 -0.035923516738370978
leaf_weight=703 449 1890 1562 662 2388 3521 1129 1431 3384 1374 2548 595 1798 4749 2452 4093 5638 3182 800 2744 510 573 1266 4048 3629 53 8420 1773 1060 681 2407 1993 1270 6789 3274 924 1345 1369 10313 1630 2565 1668 749 5163 139 108
leaf_count=703 449 1890 1562 662 2388 3521 1129 1431 3384 1374 2548 595 1798 4749 2452 4093 5638 3182 800 2744 510 573 1266 4048 3629 53 8420 1773 1060 681 2407 1993 1270 6789 3274 924 1345 1369 10313 1630 2565 1668 749 5163 139 108
internal_value=-1.97848e-06 -0.0627333 0.0431479 -0.00723784 -0.104873 0.022071 -0.0222493 -0.14151 0.0379233 -0.0656002 -0.114666 0.0183888 -0.0876365 0.050614 -0.138196 -0.0146756 0.0817369 0.00899222 -0.0289706 -0.0141519 -0.0517594 -0.177569 -0.0591746 0.087588 -0.105531 -0.202687 0.0722755 0.0502164 -0.10617 -0.101772 0.037118 2.54793e-05 -0.106841 0.0267962 0.000455206 -0.0853026 -0.126139 -0.0399529 0.0759506 0.0502825 -0.170187 -0.000205529 -0.131236 0.0328548 -0.0750068 -0.246267
internal_weight=110811 45159 65652 19491 25668 42461 11186 13279 31275 12389 9230 14780 4711 25147 7019 7249 23191 8031 6462 6128 3368 1343 3156 21629 5927 4049 13169 7531 1570 3155 4849 2442 4471 11978 4074 4553 2474 2211 15991 5678 2618 5189 3201 5758 1508 770
internal_count=110811 45159 65652 19491 25668 42461 11186 13279 31275 12389 9230 14780 4711 25147 7019 7249 23191 8031 6462 6128 3368 1343 3156 21629 5927 4049 13169 7531 1570 3155 4849 2442 4471 11978 4074 4553 2474 2211 15991 5678 2618 5189 3201 5758 1508 770
is_linear=0
shrinkage=0.092745


Tree=5
num_leaves=47
num_cat=0
split_feature=100 5 100 1 9 1 15 5 100 15 15 1 4 100 14 21 3 24 7 24 38 3 2 100 27 24 33 40 21 12 20 13 13 33 30 33 21 21 26 2 9 20 64 42 20 32
split_gain=29158.8 6545.53 6511.76 5379.86 3849.61 2835.27 2456.58 2439.11 2427.29 2101.31 2038.87 2175.28 2026.81 1926.77 1823.41 1694.69 1833.92 1369.52 1170.27 1166.13 1165.13 1105.23 1074.62 1024.54 1016.13 952.674 932.27 918.186 898.386 852.966 844.568 838.841 831.987 885.179 858.438 788.942 782.6 767.139 815.021 759.373 736.272 734.168 727.017 710.001 703.092 683.032
threshold=-0.52614999999999978 -0.0035414969197495997 0.47730000000000006 -0.0099880315589697486 -0.060666941076508739 0.023233723475790755 -0.048811798612725339 -0.0007645497752643499 -0.85564999999999991 -0.0040078979668783489 -0.013156848115637049 0.045355472178381158 0.082526604212036905 -0.93124999999999991 -0.038859555750168945 0.05287311430924841 0.015973074227948855 0.0012201193948971503 0.069193759738756952 0.063311869135761464 -0.016887007303277496 0.090767803853695816 0.039990724894451803 -0.89139999999999986 -0.025178680056705646 0.0088507637863274018 -0.045178562645208344 -0.0014515033837604998 0.010300312543470651 0.0022997591715193506 -0.020980856306515448 0.0088666110811089511 -0.0090264016029206976 -0.057584775010464488 -0.0011191125602117997 0.045599089713759901 -0.041784884022097492 0.094691000577307102 0.015773407414713402 0.040898838663880159 0.0072379848272470506 -0.018966579848257895 0.030833154340895706 0.018061380942532405 0.015010166154987853 1.0000000180025095e-35
decision_type=2 2 2 2 2 2 2 2 2 2 2 2 2 2 2 2 2 2 2 2 2 2 2 2 2 2 2 2 2 2 2 2 2 2 2 2 2 2 2 2 2 2 2 2 2 2
left_child=1 3 5 12 42 7 41 17 20 28 11 18 13 29 22 16 26 -2 30 39 -6 36 -8 -16 35 44 -9 -13 -7 -1 -4 43 -22 -34 -35 -10 -15 38 -27 -11 -38 -5 -3 -26 -12 -25
right_child=2 4 10 6 8 9 14 15 24 19 25 27 -14 21 23 -17 -18 -19 -20 -21 32 -23 -24 45 31 37 -28 -29 -30 -31 -32 -33 33 34 -36 -37 40 -39 -40 -41 -42 -43 -44 -45 -46 -47
leaf_value=-0.036231184043591588 0.084021115386068115 -0.027044959809377316 0.10554193034384768 -0.091186242461246556 -0.09762926147862816 -0.12150721956763948 -0.10156248536403509 -0.1161953528747484 -0.15746563306494665 -0.0084949904487738107 0.10599385790290007 -0.085041067736136941 0.068497243922412368 -0.092750471334892795 -0.17572018579640028 0.087416520739220821 0.036299089326885935 0.020079346212627847 -0.077535064356659564 -0.10745433229195998 -0.234886714190261 0.062246682410686691 0.082428634776229318 -0.11512310098103862 -0.066082532134838487 0.027164080659658928 -0.027259259433770701 0.017052134378518709 -0.03095830081895851 -0.14050055290742669 0.039804888397752841 -0.024347971180206911 -0.27666186425301226 -0.069157234347147004 -0.1819231773564283 -0.026086173204788222 0.03764825280229081 0.15729084591502721 0.079486219930823804 0.075885242585711138 -0.029794116226198996 -0.23243610701795792 0.091887867425919603 -0.15254029415957834 0.065213642416009188 -0.018874198031241594
leaf_weight=1449 5950 1877 2633 425 1562 2586 389 1170 2471 2520 9553 1662 3053 936 1088 1549 4054 5588 543 702 2042 2157 914 1299 2260 6124 7594 1392 1484 1264 4654 2191 449 1001 1386 468 2413 595 4403 1442 3291 1250 578 1281 5879 1240
leaf_count=1449 5950 1877 2633 425 1562 2586 389 1170 2471 2520 9553 1662 3053 936 1088 1549 4054 5588 543 702 2042 2157 914 1299 2260 6124 7594 1392 1484 1264 4654 2191 449 1001 1386 468 2413 595 4403 1442 3291 1250 578 1281 5879 1240
internal_value=-2.25563e-06 -0.0649008 0.034874 -0.0301686 -0.106753 0.00589234 -0.0995931 0.0212997 -0.124253 -0.0398036 0.0616882 0.0278788 0.00131908 -0.0164998 -0.0666131 -0.00420279 -0.0152774 0.0530557 0.0537735 0.00269012 -0.167388 0.00457236 0.0274789 -0.100419 -0.09221 0.0755452 -0.0391372 -0.0385057 -0.0884992 -0.0848255 0.0635626 -0.0694651 -0.189716 -0.157167 -0.134654 -0.136554 -0.0141629 0.0548468 0.0490511 0.0222156 -0.00126069 -0.196626 0.000958203 -0.0973733 0.0904605 -0.0681297
internal_weight=110811 38734 72077 21168 17566 34639 6605 25905 15111 8734 37438 10884 14563 11510 4930 14367 12818 11538 7830 4664 6440 8797 1303 3627 8671 26554 8764 3054 4070 2713 7287 5732 4878 2836 2387 2939 6640 11122 10527 3962 5704 1675 2455 3541 15432 2539
internal_count=110811 38734 72077 21168 17566 34639 6605 25905 15111 8734 37438 10884 14563 11510 4930 14367 12818 11538 7830 4664 6440 8797 1303 3627 8671 26554 8764 3054 4070 2713 7287 5732 4878 2836 2387 2939 6640 11122 10527 3962 5704 1675 2455 3541 15432 2539
is_linear=0
shrinkage=0.092745


Tree=6
num_leaves=47
num_cat=0
split_feature=100 11 15 100 7 11 13 9 15 24 20 15 21 2 15 20 20 21 30 33 13 28 9 11 2 24 12 18 7 62 9 7 15 28 7 13 34 27 13 13 27 20 3 62 100 38
split_gain=24406.6 10494 4023.21 3804.05 3774.88 3088.81 2349.5 2223.42 1911.84 1779.77 1609.68 1526.09 1598.53 1509.16 1406.23 1340.51 1188.25 1155.18 1147.07 1112.08 1052.06 1013.67 948.632 946.242 926.062 882.335 848.209 834.37 781.606 753.763 752.774 733.481 731.956 726.784 720.42 709.721 694.68 774.443 639.361 637.51 610.517 587.98 575.343 605.683 571.789 565.151
threshold=1.0000000180025095e-35 -0.014832961824089648 -0.0026064745856046998 -0.83144999999999991 0.02534889633907365 -0.025956082040251498 0.043521661990152255 -0.052953350146050744 -0.014187407861517148 -0.0031504678499456496 -0.015525096041249098 -0.018889827030510797 0.015493467388554 -0.083611852015541346 0.015369711252886801 0.0029370507776331502 0.0045911742205492507 0.0029588239411497503 0.016991339185559253 -0.021728682288152699 -0.016332196168985597 -0.0067663485611202494 0.037937565608675804 -0.041439864055435989 -0.056984100260755094 -0.010607942092972599 0.03280441484001486 0.13008795650375352 0.012985596000153402 0.034704663726290254 -0.039156868276879843 0.099374248208709659 -0.047908780707242839 0.024530531217677402 0.093828750910579212 0.039772484771396256 0.033906339526893606 0.015278306931219851 0.0079486185193916505 0.027739432160307002 -0.0076805023288440992 0.026866213204826253 0.019382283294947403 0.010887262070899103 0.91525000000000012 -0.00031885249683174995
decision_type=2 2 2 2 2 2 2 2 2 2 2 2 2 2 2 2 2 2 2 2 2 2 2 2 2 2 2 2 2 2 2 2 2 2 2 2 2 2 2 2 2 2 2 2 2 2
left_child=1 3 4 13 6 14 15 -7 16 29 20 12 33 -1 17 26 38 21 23 40 -6 -2 -22 27 -13 41 -3 -15 -18 -4 -14 42 -17 -5 44 45 37 -26 -9 -25 -12 -10 43 -11 -27 -21
right_child=5 2 9 11 10 7 -8 8 25 31 19 24 30 18 -16 32 28 -19 -20 35 22 -23 -24 39 36 34 -28 -29 -30 -31 -32 -33 -34 -35 -36 -37 -38 -39 -40 -41 -42 -43 -44 -45 -46 -47
leaf_value=-0.025147114165847428 -0.12974876863671153 0.025614098717798382 0.075686134814428693 -0.16167594389782733 -0.13818571944814115 0.09669419941270592 0.072127679146707507 0.0096732166905543881 0.1014784066735732 0.0088060625457392124 -0.24306466771448312 0.026283439502165853 0.049016429726906695 -0.1669232542142948 0.035383824166458723 -0.11701348376281463 0.0043011282532661082 0.011737156920975969 -0.18985768046445781 -0.063709832949342377 0.043894943877917897 -0.020231426532294153 -0.13587445015665464 -0.10616159202152313 -0.056437794540723743 0.044268034395335339 -0.071515684106330454 0.074529384738926938 -0.079202805310158247 -0.0056077273892266369 -0.069350601855540539 -0.10324916764701537 -0.039178762619178895 -0.069077175600421009 -0.024562954192721923 0.012364813473425936 -0.10705907571693407 0.0174009217597271 0.072966751971158206 0.0047687212360763174 -0.12092394236006386 0.046850965027551573 0.032413627846780951 -0.074013516936658322 0.098433881347511062 -0.16584968911644496
leaf_weight=957 1310 4042 5908 2567 591 9503 2536 2926 5643 2011 914 1667 642 2595 6260 1414 2629 3164 3364 876 1236 1634 317 1481 4476 10687 956 129 1522 1176 1647 581 3925 1020 1128 443 1480 1680 2587 637 575 2425 3343 1220 1989 998
leaf_count=957 1310 4042 5908 2567 591 9503 2536 2926 5643 2011 914 1667 642 2595 6260 1414 2629 3164 3364 876 1236 1634 317 1481 4476 10687 956 129 1522 1176 1647 581 3925 1020 1128 443 1480 1680 2587 637 575 2425 3343 1220 1989 998
internal_value=-2.56183e-06 -0.0419863 -0.00796021 -0.0882003 -0.0360992 0.045123 -0.00786061 0.0573674 0.0455155 0.0292367 -0.0971888 -0.0597108 -0.0967138 -0.13539 0.0044927 -0.0274871 0.0111592 -0.0271651 -0.148244 -0.133394 -0.0329021 -0.0689762 0.00717321 -0.11932 -0.0363351 0.0606946 0.0070297 -0.155477 -0.0263164 0.0621891 -0.0361441 -0.00338794 -0.0598005 -0.135356 0.0464496 -0.0931746 -0.0500074 -0.0362848 0.0393787 -0.0727961 -0.19594 0.085063 0.00543966 -0.0224655 0.0527703 -0.118129
internal_weight=110811 57404 33062 24342 18823 53407 12873 41039 31536 14239 5950 15179 5876 9163 12368 10337 9664 6108 8206 3806 2144 2944 1553 4842 9303 21872 4998 2724 4151 7084 2289 7155 5339 3587 13804 2317 7636 6156 5513 2118 1489 8068 6574 3231 12676 1874
internal_count=110811 57404 33062 24342 18823 53407 12873 41039 31536 14239 5950 15179 5876 9163 12368 10337 9664 6108 8206 3806 2144 2944 1553 4842 9303 21872 4998 2724 4151 7084 2289 7155 5339 3587 13804 2317 7636 6156 5513 2118 1489 8068 6574 3231 12676 1874
is_linear=0
shrinkage=0.092745


Tree=7
num_leaves=47
num_cat=0
split_feature=100 11 11 5 1 15 21 15 11 38 7 2 21 7 1 15 100 12 7 11 1 3 2 24 24 1 4 9 10 18 62 24 100 39 23 28 13 55 4 70 28 7 18 11 24 9
split_gain=20547.7 7101.07 5054.9 3109.51 2697.54 2669.38 2493.66 2204.34 1920.09 1587.2 1568.29 1356.45 1326.25 1356.81 1293.01 1247.94 1242.46 1209.5 1191.68 1135.23 1125.52 1230.6 1157.1 1043.87 941.677 903.013 836.292 821.919 805.531 801.101 723.345 692.215 676.293 642.918 640.015 616.963 610.589 606.201 599.948 617.931 594.843 586.047 657.151 584.783 580.008 580.867
threshold=-0.58544999999999991 0.0057539464899786013 -0.014289845541505799 0.019760869183026303 0.016521050577421304 0.0083144628029031015 -0.0029462045024882997 0.019943716421292654 -0.077769624999195638 -0.030371550303679745 0.066330729236624017 -0.040730922036960646 0.094691000577307102 0.028708659826157005 0.045355472178381158 -0.030695532482002647 0.42215000000000008 0.0022997591715193506 0.030025241328595905 0.031567554202066909 -0.014339463034966648 -0.021079018721210045 0.067720745469895108 -0.0072149403448404986 0.042200811811707102 0.036597395995265555 0.052040326511338754 -0.05975098773632119 -0.012351771169293799 0.14970622230451747 0.018807177654477706 0.035503099427714006 0.83610000000000018 0.036412836392682758 0.0026802527511062004 0.016193667397925906 -0.0076786144756713992 0.055530009293506509 0.032145790901375711 -0.027308184680910397 -0.055681929654777189 0.013523990410904402 -0.024531585625654946 -0.042279608257036541 0.0016315608540918502 -0.04405656825647309
decision_type=2 2 2 2 2 2 2 2 2 2 2 2 2 2 2 2 2 2 2 2 2 2 2 2 2 2 2 2 2 2 2 2 2 2 2 2 2 2 2 2 2 2 2 2 2 2
left_child=1 5 4 20 11 8 7 10 29 -10 14 -2 13 25 17 35 27 -4 -5 32 21 -3 41 36 37 28 -19 -13 -11 -1 -16 -9 44 -24 43 -6 -7 -17 39 -23 -29 -22 -43 -25 -8 -46
right_child=2 3 6 18 15 23 19 31 9 12 -12 16 -14 -15 30 24 -18 26 -20 -21 22 38 33 34 -26 -27 -28 40 -30 -31 -32 -33 -34 -35 -36 -37 -38 -39 -40 -41 -42 42 -44 -45 45 -47
leaf_value=-0.20146322626754101 0.057172014053651701 -0.038423606865820976 0.056654164155262331 -0.042415071127118627 -0.14669205471847574 -0.052290624155393942 0.05911799466398536 0.074820394538170285 -0.018542280390025777 -0.035570787617314401 -0.076519166830771979 0.034661536355513764 0.066852614955970252 -0.16766847229153842 -0.0080873138952301544 -0.019237184184692831 0.029686126633386604 -0.01774705878561968 -0.157252680162417 0.087599529705516391 -0.031565232921474826 -0.058108530442818829 -0.015318001110480142 -0.15742160953718151 -0.10617996478134732 -0.17157811300950945 0.10740045108550662 -0.13613526802373516 -0.10803419118599489 0.011683347516721549 -0.10438637940922663 0.0079116540453920831 0.085924408582384967 0.11541846718512871 -0.035736148913857617 -0.048364571007559372 0.03165146548112209 0.096977875638536271 0.089738880328823475 0.046389917570922978 -0.033072619146935808 -0.0063924514657260709 -0.19591625586834693 -0.061279635501572553 0.064502895546076036 -0.00038542064345725463
leaf_weight=2345 4401 1553 5999 2073 1491 1285 5576 6801 1816 2183 1875 1499 342 3276 2039 3085 5947 4516 1244 10888 885 570 912 1094 1012 1096 511 527 3340 162 1000 1654 3184 501 1884 870 1774 441 2441 3320 5593 220 554 1085 1637 4310
leaf_count=2345 4401 1553 5999 2073 1491 1285 5576 6801 1816 2183 1875 1499 342 3276 2039 3085 5947 4516 1244 10888 885 570 912 1094 1012 1096 511 527 3340 162 1000 1654 3184 501 1884 870 1774 441 2441 3320 5593 220 554 1085 1637 4310
internal_value=-2.70982e-06 -0.0576281 0.027676 -0.00682663 -0.00649566 -0.0910689 0.0446738 0.023455 -0.113829 -0.098462 0.00314933 0.0124328 -0.112637 -0.118844 0.0137722 -0.0557912 -0.00208117 0.028536 -0.0854974 0.0648968 0.0169918 0.0355481 -0.0306254 -0.044534 -0.0273323 -0.0946707 -0.00501759 -0.0268791 -0.0793984 -0.187685 -0.0397864 0.0617338 0.048087 0.0310408 -0.0753416 -0.110476 -0.00360738 -0.00469152 0.0536964 0.0310712 -0.0419556 -0.0831522 -0.142086 -0.10957 0.0376288 0.017476
internal_weight=110811 35955 74856 14273 24866 21682 49990 24395 14560 12053 15940 17967 10237 9895 14065 6899 13566 11026 3317 25595 10956 7884 3072 7122 4538 6619 5027 7619 5523 2507 3039 8455 14707 1413 4063 2361 3059 3526 6331 3890 6120 1659 774 2179 11523 5947
internal_count=110811 35955 74856 14273 24866 21682 49990 24395 14560 12053 15940 17967 10237 9895 14065 6899 13566 11026 3317 25595 10956 7884 3072 7122 4538 6619 5027 7619 5523 2507 3039 8455 14707 1413 4063 2361 3059 3526 6331 3890 6120 1659 774 2179 11523 5947
is_linear=0
shrinkage=0.092745


Tree=8
num_leaves=47
num_cat=0
split_feature=100 11 100 5 21 11 13 11 7 1 13 15 24 100 21 15 20 15 37 42 1 9 3 7 1 3 14 1 22 9 53 28 4 62 24 18 28 1 70 21 15 15 14 13 21 59
split_gain=17174.3 7485.22 3822.35 2448.07 2376.59 2054.82 1851.85 1717.45 1679.43 1596.7 1453.09 1242.92 1236.68 1192.15 1051.32 1025.32 1009.71 1143.3 977.541 947.778 939.124 906.623 869.316 863.115 844.418 813.997 790.28 757.042 746.652 739.274 704.128 638.535 634.908 629.872 624.52 623.023 735.263 617.573 613.588 609.708 599.697 598.155 593.719 563.131 558.753 622.644
threshold=0.078100000000000017 0.0072183644249842012 -0.72664999999999991 0.019760869183026303 -0.037344258362123996 -0.053503364706735793 0.046689446714606758 0.018229900106156004 0.011916101677242151 0.027897564576369851 -0.038006863382511191 0.00046480098009930008 -0.0031504678499456496 -0.92864999999999986 0.0095292185073733524 -0.034379304198200546 -0.016978530504370697 -0.018388492479708345 -0.031255417777537292 0.0041100211550800002 -0.0259424285127965 -0.067280322973575876 0.0098284853201361516 0.10523956644012887 -0.0069821464535533492 -0.013913882252674998 -0.0082507642678362973 -0.015169470707859399 0.019251856426182053 -0.018953114610829897 0.068843964710747912 0.0030727371430569503 -0.095058355358115035 0.046697401100642806 0.050150687741229556 0.14970622230451747 -0.034021272143954444 -0.097962575394615142 0.00062183304202385013 0.0044383340405927006 -0.0053881507231608988 0.030471507042390853 0.0029702909895461503 0.017026890768600051 0.0029588239411497503 0.0084680584459665507
decision_type=2 2 2 2 2 2 2 2 2 2 2 2 2 2 2 2 2 2 2 2 2 2 2 2 2 2 2 2 2 2 2 2 2 2 2 2 2 2 2 2 2 2 2 2 2 2
left_child=1 2 5 10 15 28 13 11 -5 12 41 21 25 40 20 31 27 24 38 43 22 -6 -15 -21 -18 32 -11 -12 35 -9 33 -2 -4 44 -17 36 -1 -38 -10 -28 -7 -3 -20 -14 45 -23
right_child=4 3 9 8 7 6 -8 29 18 26 16 -13 19 14 -16 34 17 -19 42 23 -22 30 -24 -25 -26 -27 39 -29 -30 -31 -32 -33 -34 -35 -36 -37 37 -39 -40 -41 -42 -43 -44 -45 -46 -47
leaf_value=-0.20404857789167255 -0.10552589221918807 -0.062919295153677779 0.092354966087305729 -0.00088832895328590429 0.080653365136918301 -0.16969314437674021 0.004704222984417891 0.089962157180619104 -0.22122595584480761 -0.029603420942421344 0.095187504611343399 0.049891703981456093 -0.03353918661601165 -0.11915925935570908 -0.021875636310460373 0.025902625589084079 0.00014470188629980035 0.040908176984522135 -0.014471877162403231 -0.064556703935734094 -0.15939940492813778 0.012798026319422116 -0.013643796300260093 -0.29988434214023535 -0.10872161077480784 0.042892424156916131 -0.15267656604746799 0.024193372120115148 -0.18088419333519115 0.052522018214204179 -0.11796198339179767 -0.0067257646761731136 -0.045612373405898715 -0.079974165234521985 -0.05263178476528578 0.069125590737027245 -0.0038770975928777091 -0.11861073614755062 -0.054997453796133633 -0.064205574459878692 -0.080907424915583379 0.032189469737920903 -0.12232342246458099 0.041244579087937487 0.031363178499371654 -0.07622060222080862
leaf_weight=705 1159 2062 333 3523 1239 1827 2325 8619 675 1678 3311 14101 2510 1300 2731 5949 2458 6119 1093 3620 1353 1754 1390 139 816 3732 1414 2120 2122 9587 444 1094 2060 731 1020 157 494 2210 267 1276 1022 785 734 1322 4332 1099
leaf_count=705 1159 2062 333 3523 1239 1827 2325 8619 675 1678 3311 14101 2510 1300 2731 5949 2458 6119 1093 3620 1353 1754 1390 139 816 3732 1414 2120 2122 9587 444 1094 2060 731 1020 157 494 2210 267 1276 1022 785 734 1322 4332 1099
internal_value=-2.84226e-06 -0.0337971 -0.0606989 0.00630311 0.0394458 -0.0914209 -0.0695728 0.048826 -0.0433733 -0.0307362 0.0239923 0.0323682 -0.0151824 -0.0875198 -0.0663409 -0.00317768 0.0356478 0.0172396 -0.0974164 -0.0401978 -0.0963697 0.00662378 -0.0646487 -0.0732844 -0.0269917 0.0158185 -0.0795697 0.0674801 -0.137306 0.0702486 -0.00434857 -0.057564 -0.026399 0.00202618 0.0144045 -0.111358 -0.119679 -0.0976575 -0.174156 -0.110727 -0.13786 -0.0366897 -0.0578212 -0.00773486 0.0103736 -0.0214921
internal_weight=110811 59683 35720 23963 51128 17636 11948 41906 6292 18084 17671 23700 13716 9623 6774 9222 14824 9393 2769 7591 4043 9599 2690 3759 3274 6125 4368 5431 5688 18206 8360 2253 2393 7916 6969 3566 3409 2704 942 2690 2849 2847 1827 3832 7185 2853
internal_count=110811 59683 35720 23963 51128 17636 11948 41906 6292 18084 17671 23700 13716 9623 6774 9222 14824 9393 2769 7591 4043 9599 2690 3759 3274 6125 4368 5431 5688 18206 8360 2253 2393 7916 6969 3566 3409 2704 942 2690 2849 2847 1827 3832 7185 2853
is_linear=0
shrinkage=0.092745


Tree=9
num_leaves=47
num_cat=0
split_feature=100 11 100 5 11 38 33 1 15 20 1 15 9 24 38 64 14 7 24 7 27 2 20 21 26 38 21 3 2 31 13 21 13 70 2 28 40 100 63 9 13 70 9 59 28 9
split_gain=14327.7 4925.6 4272.67 2932.94 2768.83 2171.44 1949.53 1844.1 1758.07 1424.62 1342.04 1220.4 1150.14 1083.92 1074.42 1022.87 974.981 1137.72 959.142 916.961 902.576 830.347 879.369 789.978 787.743 787.634 799.514 734.41 716.814 708.326 704.429 678.867 665.583 742.284 664.571 658.488 647.848 646.674 621.847 619.887 607.465 579.883 578.744 578.136 568.992 551.565
threshold=-0.62474999999999992 -0.027891336391990297 0.74330000000000018 0.014788503901458751 -0.045819074632108395 -0.045438102821860747 -0.050403264128118096 -0.048917904234424846 -0.0086090722231190967 0.0029370507776331502 0.012719415840708201 0.028143738365646206 -0.029565661379314146 0.0058722753564932504 -0.045438102821860747 0.033311017938045459 -0.042693581308801444 0.0024373400549338505 0.050150687741229556 -0.0087150917034061973 -0.025178680056705646 -0.059279961538838043 -0.097463530589374486 0.013712438468687752 -0.018099019525363646 -0.057306030108108995 -0.082512809636560089 -0.021787119744201399 0.032215495617701456 0.0150741108837421 0.020385888261869104 0.0091389964893789522 0.040523122089492054 -0.014811922533077499 -0.020216501725008999 -0.0067663485611202494 -0.034790522923712493 -0.93604999999999994 0.009918933971576652 -0.032366187580973198 0.025485178870862754 -0.026408668264631747 -0.026216722582171347 0.0087811563051279021 -0.039348472633845243 -0.062498563223895597
decision_type=2 2 2 2 2 2 2 2 2 2 2 2 2 2 2 2 2 2 2 2 2 2 2 2 2 2 2 2 2 2 2 2 2 2 2 2 2 2 2 2 2 2 2 2 2 2
left_child=1 11 4 7 10 29 19 13 9 30 21 14 15 27 -1 32 28 -18 42 -7 -16 -2 -23 38 -15 -4 -27 34 -9 -6 39 -22 33 -5 -3 -11 -28 -14 -12 -8 -13 -21 -10 -38 -24 -33
right_child=2 3 25 12 5 6 8 16 18 35 23 40 37 24 20 -17 17 -19 -20 41 31 22 44 -25 -26 26 36 -29 -30 -31 -32 45 -34 -35 -36 -37 43 -39 -40 -41 -42 -43 -44 -45 -46 -47
leaf_value=-0.0051441489595668629 0.064006586204589822 0.046466503773731231 0.098939352815178877 -0.17675146965124169 0.046232564056928237 -0.00060253994516892221 0.040040399994658291 -0.072180579935667427 0.063568911639767134 -0.072792550561766228 -0.078127193349510821 -0.080420461741043878 -0.18872806556058563 -0.07825005923554211 -0.16625949198090847 0.094824278733131595 -0.01540092762428623 -0.10077198521198356 -0.021992511443707032 -0.15353823434077143 -0.12922665177330542 0.10296268289971795 -0.10115309738904169 -0.031435809201985132 0.012664269519335452 -0.055418260837782139 0.018274298126331009 0.065137851369422947 0.070485506424898883 0.11397265452277335 0.058049278592633625 0.077703851087571066 0.063642706722117359 -0.034751013729783745 -0.10575004591446811 -0.012944306785902015 0.074566036919998552 -0.091340212995174461 -0.18598556362462668 -0.025226986061570707 0.0085716603299785983 -0.055613216297764542 0.02888364984706307 0.037759835153427797 -0.022429330146493769 -0.077825508688568343
leaf_weight=707 1024 541 3107 500 3621 1770 2003 434 6809 2912 1068 1621 718 1171 2881 478 2647 2726 2240 794 3233 415 974 1342 2731 614 3908 4518 1001 2098 2610 217 310 864 453 3462 9622 3216 809 3336 1112 1511 10556 5940 4175 2012
leaf_count=707 1024 541 3107 500 3621 1770 2003 434 6809 2912 1068 1621 718 1171 2881 478 2647 2726 2240 794 3233 415 974 1342 2731 614 3908 4518 1001 2098 2610 217 310 864 453 3462 9622 3216 809 3336 1112 1511 10556 5940 4175 2012
internal_value=-3.19366e-06 -0.050032 0.0222273 -0.0244095 0.00782068 0.0178108 0.00979218 -0.00381019 0.0170726 -0.00762649 -0.0367157 -0.0985385 -0.0793113 0.0227808 -0.114942 -0.0247861 -0.0405812 -0.0587197 0.0351177 -0.0508172 -0.124244 -0.0127298 -0.0268573 -0.0857956 -0.0146196 0.0554794 0.0487541 0.0492587 0.0273224 0.0710897 0.0185643 -0.102073 -0.0589586 -0.0868401 -0.0229005 -0.0402905 0.0520408 -0.10913 -0.124643 -0.000737632 -0.0442093 -0.0893661 0.0424857 0.060519 -0.0373284 -0.0626701
internal_weight=110811 34091 76720 22308 53529 43722 38003 16222 33928 14323 9807 11783 6086 9414 9050 2152 6808 5373 19605 4075 8343 6588 5564 3219 3902 23191 20084 5512 1435 5719 7949 5462 1674 1364 994 6374 19470 3934 1877 5339 2733 2305 17365 15562 5149 2229
internal_count=110811 34091 76720 22308 53529 43722 38003 16222 33928 14323 9807 11783 6086 9414 9050 2152 6808 5373 19605 4075 8343 6588 5564 3219 3902 23191 20084 5512 1435 5719 7949 5462 1674 1364 994 6374 19470 3934 1877 5339 2733 2305 17365 15562 5149 2229
is_linear=0
shrinkage=0.092745


Tree=10
num_leaves=47
num_cat=0
split_feature=100 11 15 100 7 1 21 7 15 1 40 3 28 12 24 15 4 33 2 31 33 31 23 62 21 26 21 10 1 20 24 84 42 24 9 21 24 62 11 100 68 24 14 1 15 5
split_gain=11953.1 5516.58 2624.02 2019.6 1911.05 1849.1 1795.86 1735.95 1683.61 1666.86 1617.92 1257.81 1280.53 1222.48 1221.89 1112.61 1089.23 1358.52 1033.61 912.101 865.703 848.258 836.846 797.575 784.656 773.779 766.281 766.019 793.083 697.599 690.84 624.273 595.402 578.345 557.898 550.054 549.893 541.974 530.414 518.875 517.748 511.522 509.095 502.856 501.639 532.912
threshold=1.0000000180025095e-35 0.0076801594257517513 0.0087459754560187519 0.86590000000000011 0.012985596000153402 0.025563501414801303 0.050612858482826158 0.029329672664128403 0.0051284804858257515 0.036597395995265555 0.0069209124025083005 -0.0017903630970337499 -0.0022766277410646496 -0.0045249783025009494 0.038025008673170053 0.020936725407406102 0.080473382315498262 -0.024992486752898346 -0.037029266757280993 0.027444728537683854 0.017754612753770101 0.04078682522013586 0.018261388138673354 0.013723886813736251 -0.015751809012207945 0.013669586378732002 0.055485662395232255 0.034949479267995007 0.018851818115529401 0.023033026298558652 0.026127022855739101 0.0008983925342282501 0.0030616811789303004 0.015708656424266002 0.0078371455206049014 0.048580650556495859 0.04003451456653126 0.019603588718530154 -0.10246340893092402 -0.64889999999999992 0.00060128321507425017 0.0088507637863274018 -0.011413441497185099 -0.046072066004982641 0.015369711252886801 0.013520690132399852
decision_type=2 2 2 2 2 2 2 2 2 2 2 2 2 2 2 2 2 2 2 2 2 2 2 2 2 2 2 2 2 2 2 2 2 2 2 2 2 2 2 2 2 2 2 2 2 2
left_child=1 2 6 5 19 11 7 9 16 13 15 12 22 30 23 37 17 35 -15 27 40 29 26 31 -12 39 44 28 -3 41 38 -4 -20 -10 -19 -6 -17 -7 -1 -8 -9 -13 -30 -18 45 -2
right_child=3 4 14 -5 8 10 25 20 33 -11 24 21 -14 18 -16 36 43 34 32 -21 -22 -23 -24 -25 -26 -27 -28 -29 42 -31 -32 -33 -34 -35 -36 -37 -38 -39 -40 -41 -42 -43 -44 -45 -46 -47
leaf_value=-0.16186643763142441 -0.035587051117069009 0.046226251197478641 0.040897172808251843 0.064298724584311837 -0.16064234346244152 -0.04953851745340878 -0.081374777480286375 -0.18640118001779685 0.049930751648087586 -0.13110316223100971 -0.015566370731318165 0.074169630062208627 0.038486568662595956 -0.0081948804986687416 -0.079058066995052509 0.036992637808056755 0.078481027401929221 -0.0058185466719802709 -0.063522609819952211 0.0696704513460219 -0.074063749526940031 0.10341558124065243 0.03423089359881859 -0.040065012586965078 0.063407109094480787 0.040185524531838553 0.072206744882919338 -0.029818555497577965 0.035005145079063819 0.0094012204675029826 -0.073685917909782017 -0.016821770558373365 -0.1293002264326536 -0.032661181308090051 -0.083115164756617996 0.061900174184765046 -0.063061423502226738 -0.12459815978235686 0.016329377959850802 0.01851142948610273 -0.11626240856130891 0.032288848234064166 -0.058499384311552084 -0.13464064513934701 -0.0086892638018978147 -0.11979441221006513
leaf_weight=150 1314 5779 3586 12444 1457 2608 1340 1913 2335 2642 1845 5539 7626 1485 2308 1642 626 1780 2337 3375 1772 2264 1873 3475 2616 1487 472 2564 842 3989 1185 2927 2403 1060 1464 102 663 1213 3266 671 1726 4589 1235 112 1436 1274
leaf_count=150 1314 5779 3586 12444 1457 2608 1340 1913 2335 2642 1845 5539 7626 1485 2308 1642 626 1780 2337 3375 1772 2264 1873 3475 2616 1487 472 2564 842 3989 1185 2927 2403 1060 1464 102 663 1213 3266 671 1726 4589 1235 112 1436 1274
internal_value=-3.19376e-06 -0.0293843 -0.0526633 0.0315765 0.00612438 0.0216352 -0.0715764 -0.0828859 -0.0272866 -0.0650553 -0.0117411 0.0332683 0.0128485 -0.0489325 -0.0182423 -0.0426805 -0.0587975 -0.0749168 -0.0757258 0.0277682 -0.127258 0.0507126 -0.0178478 -0.00418596 0.0307429 -0.0105321 -0.0395472 0.0141933 0.02856 0.0422575 -0.0126766 0.0149561 -0.096878 0.024139 -0.0407106 -0.146065 0.00820337 -0.0733778 0.00848775 -0.0480416 -0.153149 0.0551962 -0.0205872 0.0460793 -0.0526631 -0.0770539
internal_weight=110811 57404 34673 53407 22731 40963 22377 18879 8936 13468 10587 30376 13995 10826 12296 6126 5541 4803 6225 13795 5411 16381 6369 9988 4461 3498 4496 10420 7856 14117 4601 6513 4740 3395 3244 1559 2305 3821 3416 2011 3639 10128 2077 738 4024 2588
internal_count=110811 57404 34673 53407 22731 40963 22377 18879 8936 13468 10587 30376 13995 10826 12296 6126 5541 4803 6225 13795 5411 16381 6369 9988 4461 3498 4496 10420 7856 14117 4601 6513 4740 3395 3244 1559 2305 3821 3416 2011 3639 10128 2077 738 4024 2588
is_linear=0
shrinkage=0.092745


Tree=11
num_leaves=47
num_cat=0
split_feature=100 11 11 13 15 38 15 20 15 21 24 24 33 24 33 60 2 27 28 20 21 3 9 1 34 23 28 1 33 68 38 22 4 7 62 31 21 3 21 7 2 9 13 28 18 100
split_gain=10264.4 3560.36 3438.66 2513.65 2425.68 1969.56 1862.5 1796.84 1769.68 1509.42 1342.15 1341.89 1137.37 982.155 956.891 905.016 761.462 765.559 761.251 756.426 735.215 803.424 729.254 817.933 701.86 692.113 670.185 666.742 609.415 608.088 597.565 596.127 585.801 569.153 538.859 533.111 520.683 512.513 505.131 499.046 498.336 497.057 491.484 481.873 475.856 473.855
threshold=-0.68049999999999988 -0.014289845541505799 -0.037683646759146046 0.041220320494632708 -0.038195205855435795 -0.045438102821860747 -0.0062761940846778989 0.014067609360347752 -0.019352198403562098 0.037297872263256558 0.037359979089867407 -0.0031504678499456496 -0.036248275353527197 0.033552013067749707 0.025614083537941906 0.039151047971006658 -0.10244492144549054 0.031463359698312453 0.013634829038544802 -0.014172031042892748 0.0099227034560154508 -0.0011709492336022499 0.0005177657844908501 -0.013522962455048748 0.047646991420035006 0.025277820011550201 0.018886018254594805 0.051332671033917511 -0.036248275353527197 -0.0026800293383282994 -0.029293476896049997 -0.011920973214037749 -0.13769199117331887 -0.013686311631270499 -0.010638052645718299 0.004382395045981151 -0.040953029330111239 0.051717489158435513 -0.034863905867948644 0.096436362004837364 0.0074908672824577005 -0.010693988605914547 0.03380150711779966 0.024530531217677402 -0.023558841322455847 -0.93124999999999991
decision_type=2 2 2 2 2 2 2 2 2 2 2 2 2 2 2 2 2 2 2 2 2 2 2 2 2 2 2 2 2 2 2 2 2 2 2 2 2 2 2 2 2 2 2 2 2 2
left_child=2 6 16 4 19 35 9 10 33 14 20 24 31 30 18 25 -1 26 40 39 21 34 -5 -24 -6 37 36 -23 -10 38 -8 -13 -32 -9 -7 -3 -18 -14 -12 -4 -2 -11 -30 -34 -15 -38
right_child=1 5 3 22 11 7 13 8 28 41 29 12 15 44 -16 -17 17 -19 -20 -21 -22 27 23 -25 -26 -27 -28 -29 42 -31 32 -33 43 -35 -36 -37 45 -39 -40 -41 -42 -43 -44 -45 -46 -47
leaf_value=0.012634517955391288 -0.071090899675632244 0.051899082681147422 -0.030794620750944576 0.071730906061376096 0.024422305164966348 0.04632534875652828 0.056174610434413713 -0.01229445113435957 -0.022348935670310113 0.054432459100315328 -0.11297674394774136 -0.18901812221421896 -0.059311884691081757 0.01953046936339755 -0.010270991598361539 -0.14007585122664964 -0.21152236514365144 -0.04476603979373181 -0.030517336403305034 -0.12864884756011347 0.071142468201521786 0.064857781952391377 0.026912043001201896 -0.09286500540303326 -0.063722300407569127 0.041208404821740326 -0.075202362026503586 -0.0035237394520224227 0.018447551993771259 0.026431298702125145 0.10100054100147349 -0.064717004640201872 -0.009056472984426172 -0.079160736272191973 -0.013186248851314055 0.099636263677942136 -0.17658868996689833 0.020947414110822495 -0.013486254296517385 -0.18573628639136053 -0.13793654518391998 -0.023619877291080976 0.071369277275470308 0.039121407704485002 -0.055923026615519005 -0.10188997098978525
leaf_weight=537 1922 4424 1439 2199 4961 2067 3255 1932 2526 1516 553 664 2668 1017 2291 585 682 1649 1738 2944 7947 7366 2247 627 921 1258 2315 1471 7663 3069 573 665 6450 2529 3566 3696 1021 920 2127 204 1920 1306 1880 2469 2450 2582
leaf_count=537 1922 4424 1439 2199 4961 2067 3255 1932 2526 1516 553 664 2668 1017 2291 585 682 1649 1738 2944 7947 7366 2247 627 921 1258 2315 1471 7663 3069 573 665 6450 2529 3566 3696 1021 920 2127 204 1920 1306 1880 2469 2450 2582
internal_value=-3.22836e-06 0.0176234 -0.0452056 -0.0258438 -0.0427396 0.0316127 -0.00983587 0.0239782 -0.000294781 -0.0398826 0.0382238 -0.0217751 -0.0499604 0.00997922 -0.060747 -0.0311348 -0.0943487 -0.101315 -0.0814671 -0.100511 0.0484763 0.0360259 0.0315344 0.000769767 0.0106159 -0.0179734 -0.115439 0.0534738 0.0181538 -0.00175192 0.0218843 -0.126858 0.0101227 -0.0502075 0.00865004 0.0736321 -0.137168 -0.0387287 -0.0340304 -0.0500699 -0.104508 0.0183069 0.0288765 0.00427965 -0.033786 -0.123074
internal_weight=110811 79723 31088 22302 17229 52816 26907 44696 16530 10693 28166 12642 6760 16214 7871 5431 8786 8249 5580 4587 22417 14470 5073 2874 5882 4846 6600 8837 12069 5749 12747 1329 9492 4461 5633 8120 4285 3588 2680 1643 3842 2822 9543 8919 3467 3603
internal_count=110811 79723 31088 22302 17229 52816 26907 44696 16530 10693 28166 12642 6760 16214 7871 5431 8786 8249 5580 4587 22417 14470 5073 2874 5882 4846 6600 8837 12069 5749 12747 1329 9492 4461 5633 8120 4285 3588 2680 1643 3842 2822 9543 8919 3467 3603
is_linear=0
shrinkage=0.092745


Tree=12
num_leaves=47
num_cat=0
split_feature=100 11 38 15 7 21 13 100 9 1 21 20 33 33 62 62 28 15 1 21 24 2 24 33 74 14 15 20 38 11 26 3 7 60 6 15 28 30 74 20 34 24 68 28 21 91
split_gain=8597.56 4074.98 3111.21 2640.22 2190.14 1609.24 1573.47 1340.74 1262.58 1171.89 1142.99 995.664 971.045 901.141 896.887 889.33 776.666 786.886 768.418 765.689 736.422 724.123 688.726 681.881 645.226 627.881 620.3 609.414 552.335 531.446 531.767 528.451 513.984 497.182 477.743 469.115 467.847 466.347 459.302 453.003 438.999 433.9 455.52 417.562 416.874 415.658
threshold=0.078100000000000017 -0.037683646759146046 -0.020340913461745595 0.0092995181482817529 -0.013686311631270499 -0.038001164013311946 0.041950526572167454 -0.83144999999999991 -0.053633272910594339 0.045355472178381158 0.038032903402884712 0.0021200727347737004 -0.0070895907004320993 -0.033899363542477794 0.024532029258435856 0.0077264098060446009 0.014513839786318553 0.028143738365646206 -0.025267383403437347 0.024292177185493206 -0.0072149403448404986 -0.020843682355932897 -0.0072149403448404986 -0.051308163639517193 0.050335074393113861 0.0050552907614125004 -0.044093960342047094 0.010743033750994601 -0.030371550303679745 -0.044922168986462195 -0.049787079801372994 0.018810074384022952 0.05408932826314871 0.045319370937734957 -0.085651021154987086 -0.0067564994056995989 -0.0043113103254015994 0.052564252113081612 0.025254314853841452 -0.0083893198769363474 0.0023602967599475502 0.0029313011052758005 -0.053856838240658844 -0.060643550149978291 -0.0011167975609298498 0.052927809122010457
decision_type=2 2 2 2 2 2 2 2 2 2 2 2 2 2 2 2 2 2 2 2 2 2 2 2 2 2 2 2 2 2 2 2 2 2 2 2 2 2 2 2 2 2 2 2 2 2
left_child=1 7 14 4 9 16 10 24 -7 27 13 20 19 -6 22 23 17 34 -15 -9 -10 -14 -3 -5 28 -11 -13 -4 -1 -22 -31 44 -24 39 -2 -34 -28 40 -16 -8 -30 -25 -43 -29 -17 -32
right_child=5 2 3 15 6 8 33 12 11 25 -12 26 21 18 38 31 -18 -19 -20 -21 29 -23 32 41 -26 -27 36 43 37 30 45 -33 35 -35 -36 -37 -38 -39 -40 -41 -42 42 -44 -45 -46 -47
leaf_value=-0.016821319475497552 -0.17988586009973112 0.078243268964071952 0.031940062499422092 -0.064904696410937671 -0.14624341871178898 0.065865417825145212 0.058133418060987541 -0.10071486781019599 0.065244410181836313 -0.0082397392325180719 -0.010728036146603327 -0.046623407757877759 0.03167732625361435 -0.053305930467790794 0.0074684446442654078 -0.084893937948592471 0.029374506661242267 0.018363197727884133 -0.11664896696426628 -0.016799902317961031 -0.033989878080916906 -0.040237120162204099 0.039624396237815517 0.065773257263804563 -0.18815575877501803 -0.13638464528028243 -0.0025262418584227711 -0.13084153675045282 -0.048201672493775945 -0.060504420319695766 0.044009769382647106 0.015559078032871381 -0.098656855549346556 -0.11287400185779875 -0.044194760151840318 0.041336410587769927 0.03134991951528087 -0.16224992590944945 -0.084927219640345719 -0.025467018479639336 -0.11356952571736938 -0.16711386111476761 0.023808781049960374 -0.011698005202044708 -0.0054348762343468795 -0.048628043218325409
leaf_weight=788 238 3751 4252 538 2168 9217 1085 3128 7126 555 1678 1499 1758 4273 2239 1273 3168 2070 2683 1335 1118 3822 3562 3423 625 808 6374 280 1512 486 8047 2021 497 295 3553 351 7793 865 583 1146 2132 112 2512 2607 1026 439
leaf_count=788 238 3751 4252 538 2168 9217 1085 3128 7126 555 1678 1499 1758 4273 2239 1273 3168 2070 2683 1335 1118 3822 3562 3423 625 808 6374 280 1512 486 8047 2021 497 295 3553 351 7793 865 583 1146 2132 112 2512 2607 1026 439
internal_value=-3.31704e-06 -0.023914 -0.00926872 -0.0236 -0.0422162 0.0279079 -0.0656785 -0.0640164 0.035528 -0.00543327 -0.0810881 0.0270233 -0.0433734 -0.0940259 0.0334442 0.0136653 -0.00762001 -0.0276192 -0.0777437 -0.0756194 0.0424184 -0.0175773 0.0490291 0.0351176 -0.0990184 -0.084228 0.0101037 0.00961132 -0.0884889 0.026295 0.0338094 -0.0190318 0.0241739 0.000214361 -0.05273 -0.040701 0.0161077 -0.101009 -0.0116215 0.0151864 -0.0864562 0.0440215 0.0156372 -0.0232698 -0.0494439 0.0392143
internal_weight=110811 59683 43718 32735 21830 51128 13328 15965 42099 8502 10802 32882 10043 9124 10983 10905 9029 5861 6956 4463 17216 5580 8161 6585 5922 1363 15666 7139 5297 10090 8972 4320 4410 2526 3791 848 14167 4509 2822 2231 3644 6047 2624 2887 2299 8486
internal_count=110811 59683 43718 32735 21830 51128 13328 15965 42099 8502 10802 32882 10043 9124 10983 10905 9029 5861 6956 4463 17216 5580 8161 6585 5922 1363 15666 7139 5297 10090 8972 4320 4410 2526 3791 848 14167 4509 2822 2231 3644 6047 2624 2887 2299 8486
is_linear=0
shrinkage=0.092745


Tree=13
num_leaves=47
num_cat=0
split_feature=100 11 5 15 1 21 13 28 20 42 14 9 24 24 64 15 2 2 9 42 74 26 3 14 7 12 2 9 13 10 15 23 1 1 70 4 7 20 15 21 3 15 5 38 62 2
split_gain=7429.28 3369.56 2422.26 2164.92 1735.96 1663.93 1585.05 1568.62 1422.43 1421.28 1266.49 1154.64 1092.69 1057.96 1031.41 978.07 972.121 943.753 825.361 812.612 748.57 688.576 684.223 652.026 634.718 640.581 625.169 622.807 616.516 591.364 564.182 562.047 556.435 550.553 544.317 537.482 520.721 518.358 505.551 492.449 483.68 464.858 567.151 448.969 445.969 441.827
threshold=-0.77164999999999984 0.0076801594257517513 0.006431453249888551 -0.0035621910404385498 -0.0099880315589697486 0.015028098917057453 0.041950526572167454 0.005044673245424001 0.013608792607664353 0.013792871880041952 -0.044126520817896191 -0.027857127141151249 0.036742671097138455 0.042200811811707102 0.020015851854650452 -0.047908780707242839 -0.044591145506568043 0.039990724894451803 -0.018438498402095497 0.0151783968189856 0.041293795443504804 -0.043280519078918493 -0.0011709492336022499 -0.05910174280876794 0.073910495520861166 0.016322246300490655 -0.017049367705691248 -0.0033183031622648997 0.04276564113094581 -0.010380738523735748 -0.049754782208191746 0.014353072469911051 -0.023313528556165596 0.020873159494971753 0.047516331773921859 -0.13769199117331887 0.11544786664034272 0.036093006112772406 0.016914813614608951 -0.030776207317564096 -0.015317050799766448 0.0037102486790430004 -0.0039534870869877498 -0.040183680616537244 -0.019009649621146648 -0.039829957998234737
decision_type=2 2 2 2 2 2 2 2 2 2 2 2 2 2 2 2 2 2 2 2 2 2 2 2 2 2 2 2 2 2 2 2 2 2 2 2 2 2 2 2 2 2 2 2 2 2
left_child=2 3 4 5 9 7 8 22 13 16 17 14 19 27 28 -10 -1 -6 -7 37 24 -11 26 -13 25 -18 -2 -3 -4 -14 -12 -25 -24 -33 -28 -20 38 40 -17 -21 44 42 -29 -9 -5 -46
right_child=1 6 11 12 10 18 -8 43 15 21 30 23 29 -15 -16 36 20 -19 35 39 -22 -23 32 31 -26 -27 34 41 -30 -31 -32 33 -34 -35 -36 -37 -38 -39 -40 -41 -42 -43 -44 -45 45 -47
leaf_value=0.06666042325989191 -0.025338882162752988 0.064335869015450339 -0.097268438458813514 0.06890781203377741 -0.1170183566529697 0.03899809761585462 0.074917676503376787 0.045605499814333317 -0.066950649224418776 -0.14311420238292269 -0.15843591504367063 -0.0020763626654458764 -0.065409244956217374 -0.0045789489163227158 0.044005190739445955 -0.0022979475774529429 0.039362107780204804 0.074333138119600933 0.11100706100602188 -0.048860656390859528 -0.118291289130372 -0.033478433433007729 -0.012443623442759427 -0.1375521812325621 -0.10836784143317296 -0.037361018950403307 -0.15132172693457821 0.038234947391861361 0.049165905643898382 0.00073970665226219773 -0.0755861421318932 -0.033669463137363784 -0.086051742672683992 -0.14065870075123235 -0.031466248660535184 -0.031518000336704863 -0.092403759572399283 0.00067194185016154642 0.03721091016224376 0.010116892446843408 0.060304901589871604 0.052576204053319406 -0.032379637332364757 -0.024710628214789664 0.055982416181229906 -0.02282479470058851
leaf_weight=2471 578 9872 1606 1141 316 3468 6294 966 1611 571 980 465 1989 3883 941 6894 3152 741 242 1596 449 3593 1632 3613 379 1331 2081 2213 292 2796 2546 1107 1927 661 387 3747 412 2893 4674 5135 6661 3748 1753 4073 870 2061
leaf_count=2471 578 9872 1606 1141 316 3468 6294 966 1611 571 980 465 1989 3883 941 6894 3152 741 242 1596 449 3593 1632 3613 379 1331 2081 2213 292 2796 2546 1107 1927 661 387 3747 412 2893 4674 5135 6661 3748 1753 4073 870 2061
internal_value=-3.57874e-06 0.0130299 -0.0442501 -0.00476016 -0.0234109 -0.0282977 0.032063 -0.0502033 0.0243688 -0.00479258 -0.0719351 -0.0839068 0.0131215 0.0392321 -0.0353686 0.000888616 0.0186068 0.0170978 0.0059063 0.0224958 -0.00375053 -0.0485246 -0.0799353 -0.107473 0.00683069 0.0165791 -0.112206 0.0489063 -0.0747289 -0.0267561 -0.0986279 -0.116578 -0.0523059 -0.0736934 -0.132539 -0.0228607 0.0100138 0.0355192 0.0136648 -0.00386684 0.0449105 0.0291569 0.00701928 -0.0112262 0.0197225 0.000565834
internal_weight=110811 85597 25214 44243 16529 19101 41354 11644 35060 11946 4583 8685 25142 21469 2839 13591 7782 1057 7457 20357 5311 4164 6605 5846 4862 4483 3046 17586 1898 4785 3526 5381 3559 1768 2468 3989 11980 13626 11568 6731 10733 7714 3966 5039 4072 2931
internal_count=110811 85597 25214 44243 16529 19101 41354 11644 35060 11946 4583 8685 25142 21469 2839 13591 7782 1057 7457 20357 5311 4164 6605 5846 4862 4483 3046 17586 1898 4785 3526 5381 3559 1768 2468 3989 11980 13626 11568 6731 10733 7714 3966 5039 4072 2931
is_linear=0
shrinkage=0.092745


Tree=14
num_leaves=47
num_cat=0
split_feature=100 11 15 24 20 33 5 100 28 21 13 34 5 60 100 37 28 11 62 62 62 100 42 15 21 39 33 7 33 24 42 34 27 14 9 2 13 4 18 38 31 28 13 65 21 13
split_gain=6271.39 3388.03 2475.63 1954.23 1560.78 1373.64 1345.44 1266.41 1120.79 1065.26 993.646 986.892 968.721 834.342 773.284 760.975 733.059 746.711 669.765 663.739 660.766 627.653 626.819 619.035 611.453 608.202 582.22 558.595 541.234 521.347 555.642 485.907 472.477 462.183 460.166 458.275 455.965 448.579 438.979 436.984 515.862 416.299 412.592 391.476 391.33 388.959
threshold=0.17810000000000001 0.029939802201082853 -0.037504484479936144 -0.0046980945101937994 -0.035660706675738389 -0.0082565660577223494 0.032318947704015458 0.86590000000000011 0.014102101358978001 -0.019159792641172044 -0.058478633040231591 0.034527457634683956 0.0056244235501796509 0.032207310257406307 -0.9061499999999999 -0.045513163723168042 0.025511977084653303 -0.036194883533769047 0.032831025463036755 1.0000000180025095e-35 0.049619628357915758 -0.92004999999999992 0.019168499972068553 -0.01557486765853945 0.048580650556495859 0.010056828449570452 0.034640660129495508 -0.0071777288439672992 0.022113339121187753 0.058382160598445261 0.0010308643604235504 0.060032257337647457 -0.0068843883927273489 -0.035338692749911742 -0.038567422464482443 0.014172300365227502 -0.021580270777427798 0.0084521636280986013 -0.014406145115396547 -0.0020934885361712494 0.0085422925642032518 0.021199700384649803 -0.027634569102666148 0.020758462368751101 0.064148750514127967 -0.033321358788647497
decision_type=2 2 2 2 2 2 2 2 2 2 2 2 2 2 2 2 2 2 2 2 2 2 2 2 2 2 2 2 2 2 2 2 2 2 2 2 2 2 2 2 2 2 2 2 2 2
left_child=1 2 4 11 12 14 10 9 24 16 38 19 -1 26 32 27 17 35 29 -4 31 -10 39 -19 28 -21 33 -8 -6 30 -16 37 43 -7 -14 -2 -25 -12 -3 40 -11 -27 -9 -5 -31 -13
right_child=7 6 3 5 8 13 15 42 21 22 20 45 34 -15 18 -17 -18 23 -20 25 -22 -23 -24 36 -26 41 -28 -29 -30 44 -32 -33 -34 -35 -36 -37 -38 -39 -40 -41 -42 -43 -44 -45 -46 -47
leaf_value=0.034726829601670901 -0.041581981025891578 0.035511834805561172 0.040440964753803627 -0.2081216106419615 -0.14298509036541185 0.028869561216089478 0.004410717626814201 0.024026651520849037 -0.10646599608959931 0.033780489843138251 0.034811762171592167 -0.092668489738594831 0.0026301659548136481 -0.075396376209980825 0.0076152317890540782 -0.01082165855098983 0.032682636505025932 -0.045846268225686958 -0.11306158577033737 0.021019035086327489 -0.029302535025471681 -0.025650664217822829 0.0037615597615164777 -0.028802934786769832 -0.034919398737066482 -0.061534657547210318 0.031576400251137567 -0.17841398947354112 -0.074531676742981473 -0.12392144102945203 -0.054804426618690123 -0.021573523870233199 -0.066171100863718246 -0.033006576627499735 -0.10920022219615397 -0.1437732904147154 0.033342675692338175 0.076350189744592623 -0.091571537259632629 0.021691506557228356 0.080009734010951072 0.021535707479330667 0.061363975497638876 -0.0638748641159438 0.069991098449410746 -0.019998435833116605
leaf_weight=1823 1139 342 5938 635 3470 1315 207 3573 1137 5488 4481 862 497 1694 2172 2358 3006 2334 1300 3730 1010 3030 6879 1516 781 1816 2699 469 1395 834 2817 762 648 4929 870 565 3074 4469 737 8361 3342 726 8871 218 100 2392
leaf_count=1823 1139 342 5938 635 3470 1315 207 3573 1137 5488 4481 862 497 1694 2172 2358 3006 2334 1300 3730 1010 3030 6879 1516 781 1816 2699 469 1395 834 2817 762 648 4929 870 565 3074 4469 737 8361 3342 726 8871 218 100 2392
internal_value=-3.56959e-06 -0.019344 -0.0313546 -0.0184603 -0.0658862 -0.0380951 0.019377 0.025167 -0.0842062 0.0162863 0.0335396 0.00612193 -0.00952366 -0.0157204 -0.0653732 -0.0357031 -0.00675537 -0.0204978 -0.0527788 0.018218 0.0420777 -0.0477108 0.0274238 -0.00695911 -0.111135 -0.00282021 -0.00441293 -0.122432 -0.123365 -0.0395406 -0.0276279 0.049503 -0.125948 -0.0199724 -0.06854 -0.0754922 0.0128135 0.0555564 -0.0512798 0.0368913 0.051281 -0.0378045 0.0506453 -0.171306 -0.10313 -0.0392597
internal_weight=110811 62663 47828 34825 13003 19361 14835 48148 9813 35704 11801 15464 3190 10637 8724 3034 11634 8628 7223 12210 10722 4167 24070 6924 5646 6272 8943 676 4865 5923 4989 9712 1501 6244 1367 1704 4590 8950 1079 17191 8830 2542 12444 853 934 3254
internal_count=110811 62663 47828 34825 13003 19361 14835 48148 9813 35704 11801 15464 3190 10637 8724 3034 11634 8628 7223 12210 10722 4167 24070 6924 5646 6272 8943 676 4865 5923 4989 9712 1501 6244 1367 1704 4590 8950 1079 17191 8830 2542 12444 853 934 3254
is_linear=0
shrinkage=0.092745


Tree=15
num_leaves=47
num_cat=0
split_feature=100 21 15 11 11 24 11 7 7 4 9 15 1 62 62 12 4 1 26 33 28 91 20 28 14 15 24 15 20 32 24 22 25 5 18 62 38 3 4 12 33 90 20 15 60 2
split_gain=5423.96 2601.3 1973.58 1779.21 1739.33 1669.13 1522.34 1234.87 1233.82 1205.68 1318.44 1021.66 980.707 961.079 895.624 830.626 777.96 767.732 759.756 741.133 734.795 693.075 685.295 801.944 618.28 591.899 588.376 584.224 559.217 558.608 557.744 532.414 520.433 517.318 492.961 492.347 486.583 464.083 462.19 471.745 442.177 435.869 430.693 466.867 426.78 426.01
threshold=-0.78429999999999989 -0.004438293604274399 0.033802499164147307 -0.055655428992582141 -0.037683646759146046 -0.0093164569532142982 0.031027711339089905 0.035145957361888906 0.052929717533569058 -0.13769199117331887 -0.036859393946041548 -0.075025603548725089 0.045355472178381158 -0.024526383519967197 -0.0086265522807363985 -0.0060205814491441989 0.044794676805974959 -0.014339463034966648 -0.00070598144209614978 0.019132831059834151 0.0082437341746937013 0.048575136014211907 -0.014172031042892748 -0.035283514860087038 -0.087099867320284088 -0.016509357246211099 0.082957297380862258 0.0051284804858257515 0.013175628788399651 0.009121422130814601 0.0016315608540918502 0.010193600270154953 -0.00039319538907699994 0.019276473153008154 0.030071527517148554 -0.040008351448534339 -0.0032002312234989997 0.0093226246243657013 0.020913851335995704 0.018462052315256456 0.018213554954300503 -0.013264171779447298 -0.0070932321423950494 0.014898559158629801 0.020596969423326252 0.015389123415821151
decision_type=2 2 2 2 2 2 2 2 2 2 2 2 2 2 2 2 2 2 2 2 2 2 2 2 2 2 2 2 2 2 2 2 2 2 2 2 2 2 2 2 2 2 2 2 2 2
left_child=3 2 4 31 20 14 9 17 12 -3 36 -12 15 -14 38 41 21 22 30 33 37 -17 -7 40 -9 28 35 -26 -16 -19 -13 -1 -15 -10 -8 -4 -11 -2 39 -5 -24 -6 -38 -44 -32 -22
right_child=1 6 26 5 8 7 34 24 19 10 11 18 13 32 25 16 -18 29 -20 -21 45 -23 23 -25 27 -27 -28 -29 -30 -31 44 -33 -34 -35 -36 -37 42 -39 -40 -41 -42 -43 43 -45 -46 -47
leaf_value=-0.062459073300764341 -0.12620438186957927 0.094595836409209294 0.079778365404065049 0.049603325520604549 0.06468120890297184 0.043030702627191199 0.061470906857605548 0.10325129856171981 -0.049536758527141365 0.061422730715981567 -0.098386955278869717 0.0050851017144248984 0.042232001726606613 -0.10070951543955882 -0.020630036246141122 -0.010771146653840621 0.068502810660263744 -0.12411033247428818 0.017722780419375216 0.009398146532085044 0.010185628632140334 -0.12295063392286566 -0.1535206748664821 -0.010708219079985192 -0.12693514076955834 0.01156918598941317 -0.068421628659161404 -0.044140426169769216 -0.11584368918655595 -0.024696913940011642 -0.02502035163759523 -0.12538490815615005 -0.025617389295672057 -0.13084910664336788 0.012725396870517849 0.023249049625049211 0.049970799240755891 -0.050912273484529383 0.077131530354834638 -0.048952486913524142 -0.0037897713884093263 0.017452949502425933 -0.035992294987376862 0.041126887540958598 -0.09272419782377149 -0.072577884780664292
leaf_weight=2651 1850 1579 1544 1000 2577 1470 10621 131 1747 4676 893 4260 949 1629 1539 7379 1009 1067 12192 1078 1204 506 605 3510 2415 2466 534 1054 810 894 3077 2055 1550 1096 2146 9362 2264 1139 1655 717 236 4837 1651 1142 1083 962
leaf_count=2651 1850 1579 1544 1000 2577 1470 10621 131 1747 4676 893 4260 949 1629 1539 7379 1009 1067 12192 1078 1204 506 605 3510 2415 2466 534 1054 810 894 3077 2055 1550 1096 2146 9362 2264 1139 1655 717 236 4837 1651 1142 1083 962
internal_value=-3.59426e-06 0.010864 -0.00610078 -0.0387449 -0.0187774 -0.0264301 0.0261052 -0.0494021 -0.00841815 0.0155329 0.0115352 -0.00128266 0.00072479 -0.0396553 0.00550568 0.0109475 -0.00816171 -0.02862 0.00292495 -0.0560706 -0.067718 -0.0179759 -0.0117078 -0.0302061 -0.0943164 -0.0201627 0.0265997 -0.101789 -0.0534782 -0.0788059 -0.0185003 -0.0899461 -0.0641064 -0.0808981 0.0532788 0.0312552 0.0398567 -0.0975254 0.0421611 0.00843828 -0.111535 0.0338725 0.0199105 -0.00445399 -0.0426546 -0.0265711
internal_weight=110811 86536 40952 24275 29512 19569 45584 11382 24357 32817 31238 21505 20436 4128 8187 16308 8894 7782 20612 3921 5155 7885 5821 4351 3600 4815 11440 3469 2349 1961 8420 4706 3179 2843 12767 10906 9733 2989 3372 1717 841 7414 5057 2793 4160 2166
internal_count=110811 86536 40952 24275 29512 19569 45584 11382 24357 32817 31238 21505 20436 4128 8187 16308 8894 7782 20612 3921 5155 7885 5821 4351 3600 4815 11440 3469 2349 1961 8420 4706 3179 2843 12767 10906 9733 2989 3372 1717 841 7414 5057 2793 4160 2166
is_linear=0
shrinkage=0.092745


Tree=16
num_leaves=47
num_cat=0
split_feature=100 11 38 13 33 15 21 22 40 1 20 28 12 4 62 60 62 15 23 15 28 15 1 9 68 62 90 24 28 42 48 20 63 20 49 11 11 22 23 59 15 3 27 24 90 55
split_gain=4604.26 2895.99 2773.17 2064.2 2170.14 1662.31 1221.72 1015.43 968.972 1214.07 911.304 840.52 779.976 770.595 749.491 747.83 705.033 697.485 659.028 651.383 640.663 632.837 628.023 593.261 573.914 565.446 555.637 538.34 492.162 495.004 523.965 469.969 466.66 461.337 459.641 455.082 452.701 449.914 492.065 447.154 467.77 446.036 445.921 437.563 427.988 409.582
threshold=0.42215000000000008 -0.046743107410934091 -0.016887007303277496 0.049417566445361653 -0.062774183508371592 0.0069531588993774511 -0.004438293604274399 0.019746512133721205 0.035063232259149209 0.016521050577421304 -0.051338700243623546 -0.0018786184531011999 0.025075585597742301 -0.091042437508464635 0.054131323846571051 0.010930128300225002 0.0077264098060446009 -0.065856962706443936 0.037141171668177354 0.088755355054549304 -0.007168902564005499 0.03643252794496251 0.016521050577421304 0.0021653291785411503 -0.00030011700210059994 0.019603588718530154 0.037946995672344608 0.038723488345155307 0.013634829038544802 0.034823370730323051 -0.01241925043746925 -0.051338700243623546 -0.011773329606706948 -0.014172031042892748 0.017933968109217002 -0.069640024415746085 -0.081646643084545792 0.030838190855477253 0.021954190815016355 -0.011288195616702648 0.03787868221436471 -0.006020978440609199 0.023675320340186452 -0.0076421240825544487 0.080735951998639408 -0.0075034528986185492
decision_type=2 2 2 2 2 2 2 2 2 2 2 2 2 2 2 2 2 2 2 2 2 2 2 2 2 2 2 2 2 2 2 2 2 2 2 2 2 2 2 2 2 2 2 2 2 2
left_child=1 7 14 4 20 6 11 10 9 18 -1 25 -13 -12 15 31 -7 -11 26 35 -4 24 27 33 -15 -6 28 -8 29 30 -2 -3 -24 -17 -10 -9 -19 38 44 -38 -41 -18 -20 -25 -5 -23
right_child=8 2 3 37 5 16 22 19 34 17 13 12 -14 21 -16 23 41 36 42 -21 -22 45 32 43 -26 -27 -28 -29 -30 -31 -32 -33 -34 -35 -36 -37 39 -39 -40 40 -42 -43 -44 -45 -46 -47
leaf_value=0.028421101947329094 0.051912965408016362 0.10021650267219114 -0.17216686013546678 0.029970338698959608 -0.069345454116219202 0.026516451227556623 0.0069590246106758999 -0.11712280138550002 0.035346226406490565 -0.089184782936734278 0.049228743601296622 -0.0099827267490681503 -0.097569203112662359 -0.098856464281323345 -0.038654639497085301 0.081690560337240106 -0.054870833603024104 -0.097897949238508003 0.079250767194212091 0.017849897956915908 -0.07232184506487481 -0.059114102417145098 -0.0021172865181683198 0.019514674197011209 -0.039460846507156269 -0.14256385497935814 -0.026230774201355889 -0.050313676079428882 0.048753235742024871 -0.03112212967580574 0.0060575527911980618 0.041276896039967467 -0.092361584871794078 0.0079915983586036857 0.081775863228895171 -0.05799321554799805 0.034704284013575504 -0.021609300557116413 0.088417809917711143 -0.035091316578360621 0.024874785676675365 0.0031327890359559578 0.023082288314155482 -0.059968629718989169 -0.20483652688968171 0.03108344928470436
leaf_weight=1726 3456 1365 943 2993 3354 6980 7095 2873 4254 889 672 3346 1184 2861 1341 1113 1882 405 3270 494 1339 740 765 1015 2742 1245 1920 1762 5619 1694 5645 7908 1387 2127 3227 1838 2495 1018 1584 3120 1744 2892 1937 1441 68 1043
leaf_count=1726 3456 1365 943 2993 3354 6980 7095 2873 4254 889 672 3346 1184 2861 1341 1113 1882 405 3270 494 1339 740 765 1015 2742 1245 1920 1762 5619 1694 5645 7908 1387 2127 3227 1838 2495 1018 1584 3120 1744 2892 1937 1441 68 1043
internal_value=-3.52826e-06 -0.0141223 -0.00445324 -0.017642 -0.0262363 -0.0199835 -0.0361601 -0.0503397 0.0253105 0.0183227 -0.032729 -0.0612461 -0.0328828 -0.0458294 0.0277592 0.0337104 0.00773086 -0.0113825 0.0292421 -0.0834368 -0.113604 -0.0544814 -0.0153558 0.00725736 -0.0697953 -0.0891771 0.0209706 -0.00443445 0.0264931 0.014904 0.0234732 0.0499572 -0.0602921 0.0333177 0.0553783 -0.0940612 -0.00246926 0.0342175 0.046456 0.00278436 -0.0135873 -0.0197324 0.0583612 -0.0271163 0.024731 -0.00634714
internal_weight=110811 71136 56147 39837 34174 31892 20138 14989 39675 32194 9784 9129 4530 8058 16310 14969 11754 8653 23541 5205 2282 7386 11009 5696 5603 4599 18334 8857 16414 10795 9101 9273 2152 3240 7481 4711 7764 5663 4645 7359 4864 4774 5207 2456 3061 1783
internal_count=110811 71136 56147 39837 34174 31892 20138 14989 39675 32194 9784 9129 4530 8058 16310 14969 11754 8653 23541 5205 2282 7386 11009 5696 5603 4599 18334 8857 16414 10795 9101 9273 2152 3240 7481 4711 7764 5663 4645 7359 4864 4774 5207 2456 3061 1783
is_linear=0
shrinkage=0.092745


Tree=17
num_leaves=47
num_cat=0
split_feature=100 38 11 15 7 1 33 13 13 15 62 15 21 70 20 68 62 15 20 62 62 24 22 22 22 20 28 97 28 69 31 21 9 33 26 100 28 24 60 60 13 9 1 7 22 20
split_gain=4051.29 2645.28 2349.28 1893.67 1784.47 1548.51 1476.52 1445.34 1030.65 974.742 911.824 910.85 802.801 777.631 775.186 750.586 742.095 728.125 680.753 677.761 625.581 613.215 593.449 574.72 564.201 561.032 636.84 522.369 518.475 517.369 481.657 503.666 475.807 467.545 451.659 444.037 426.357 419.53 418.984 417.871 449.232 414.518 557.54 413.996 412.285 408.62
threshold=-0.86364999999999992 -0.043069114035077342 -0.068029734234783937 0.033166434836737306 0.00049154994822640005 0.051332671033917511 -0.042212042601912338 0.046689446714606758 -0.028223416001286795 -0.073312548877460929 0.031144879896291406 -0.05065988093355394 0.050612858482826158 -0.032254232062994596 0.014546705019001852 -0.0026800293383282994 0.0084334023191900021 0.048080993872540757 -0.013208462612385298 0.00098588510568820031 0.023615977851386853 0.10994557259447872 0.032183137038121305 0.026871440331342304 0.020879115731897702 -0.097463530589374486 -0.060643550149978291 0.029066843000101754 -0.09021659751123938 0.0048793484227050007 0.00040862983780650005 -0.08003412965958133 -0.019945858869519845 0.032709307130565655 0.028653916407571953 -0.97184999999999988 0.073119820141982803 0.030063428752734555 0.0067072272300777508 0.039151047971006658 -0.010943067418734997 -0.010132685783385598 -0.016764788148213697 0.14989649242999753 0.0088061163649734032 0.021577093870340104
decision_type=2 2 2 2 2 2 2 2 2 2 2 2 2 2 2 2 2 2 2 2 2 2 2 2 2 2 2 2 2 2 2 2 2 2 2 2 2 2 2 2 2 2 2 2 2 2
left_child=7 20 12 4 5 14 13 10 19 -10 11 35 17 29 22 38 -7 24 -11 -8 30 32 27 41 25 -3 -27 -4 -16 -6 -2 -32 -5 -28 37 -1 -18 -34 -13 40 -17 -9 45 -15 -22 -43
right_child=1 2 3 21 6 16 8 23 9 18 -12 15 -14 43 28 39 36 -19 -20 -21 44 -23 -24 -25 -26 26 33 -29 -30 -31 31 -33 34 -35 -36 -37 -38 -39 -40 -41 -42 42 -44 -45 -46 -47
leaf_value=-0.20658230212543441 0.036058649672160166 0.096805669019454935 0.050322277943134576 0.053977745156391546 -0.17576884623677788 -0.0030935048646486955 -0.012177315404037164 0.080281684978484869 -0.086801630258390633 0.034038340144800096 -0.1081466402981443 -0.035392338509864008 0.021702734871048058 -0.039284697128447857 -0.11398027749675786 -0.030114696402231651 -0.088492988144369386 -0.014113638719995377 -0.0076179556857510168 -0.0795984226454102 0.040095135215907636 -0.087219837022734767 -0.0045893067377858598 -0.061269962255642706 -0.12562744381760757 -0.18911366407611502 -0.075016595785102044 -0.0018618294598414565 0.0049179578590573449 -0.036536432910512631 -0.028362260556316587 0.082956315668419475 0.023120446284324567 0.022547645197791469 0.054920408370211511 -0.080768494971228469 0.049876414911201962 -0.028975874229845398 -0.097267935606908842 -0.082808925777846293 0.035766488553095645 0.051678320337636141 -0.098837520205363419 -0.21024240868443664 -0.024202933031012685 -0.056359543140275838
leaf_weight=272 5610 190 11317 7013 816 2871 2507 891 1013 5246 2412 2495 1182 2885 327 1527 1958 1935 9457 2627 1811 357 2755 798 1633 327 1689 1931 8737 320 376 4925 5286 563 2650 2145 212 1776 1513 491 2134 1317 368 127 1629 390
leaf_count=272 5610 190 11317 7013 816 2871 2507 891 1013 5246 2412 2495 1182 2885 327 1527 1958 1935 9457 2627 1811 357 2755 798 1633 327 1689 1931 8737 320 376 4925 5286 563 2650 2145 212 1776 1513 491 2134 1317 368 127 1629 390
internal_value=-3.39759e-06 0.00748069 0.0008808 0.00601978 -0.00234337 0.0128638 -0.0206596 -0.0420222 -0.0106048 0.00118015 -0.0566866 -0.0449477 -0.0484538 -0.071193 0.0222964 -0.0301308 -0.0340367 -0.0615421 0.00724437 -0.046681 0.0441355 0.0329994 0.0345706 0.00857907 -0.0823851 -0.0568679 -0.0682041 0.0427151 0.000623532 -0.136579 0.0550082 0.0750568 0.0355678 -0.0506197 0.0222714 -0.0949555 -0.0749638 0.0100163 -0.0587587 -0.00249035 0.00828357 0.0273806 0.00465048 -0.0465168 0.00964356 0.0269815
internal_weight=110811 94058 79707 72188 55106 30108 24998 16753 20850 15716 12989 10577 7519 4148 25067 8160 5041 6337 14703 5134 14351 17082 16003 3764 4402 2769 2579 13248 9064 1136 10911 5301 16725 2252 9712 2417 2170 7062 4008 4152 3661 2966 2075 3012 3440 1707
internal_count=110811 94058 79707 72188 55106 30108 24998 16753 20850 15716 12989 10577 7519 4148 25067 8160 5041 6337 14703 5134 14351 17082 16003 3764 4402 2769 2579 13248 9064 1136 10911 5301 16725 2252 9712 2417 2170 7062 4008 4152 3661 2966 2075 3012 3440 1707
is_linear=0
shrinkage=0.092745


Tree=18
num_leaves=47
num_cat=0
split_feature=11 100 1 42 42 7 1 63 2 30 20 62 7 30 33 14 9 34 20 28 38 15 62 26 21 21 13 3 21 74 94 63 55 7 34 40 100 28 7 18 46 21 2 21 12 28
split_gain=3624.05 2621.42 1499.03 1224.12 1177.12 1166.26 1161.22 1130.63 1012.18 962.908 914.417 894.705 882.527 804.062 790.329 776.391 734.536 716.425 666.228 637.022 630.919 625.753 584.78 568.376 575.854 566.177 530.784 525.796 524.043 508.464 475.294 460.105 459.129 455.575 438.366 434.075 411.312 410.688 410.228 407.457 469.632 394.618 390.934 388.459 384.822 373.527
threshold=0.017299062331333753 -0.62474999999999992 0.012719415840708201 0.013792871880041952 0.013402076499858152 0.055179646868793709 -0.0099880315589697486 -0.013506451940264499 -0.044591145506568043 -0.031224248673670445 -0.028031631960101448 0.051811861874208963 0.10523956644012887 0.0012793175919110003 -0.048501395903668691 -0.0086876557383081983 -0.018953114610829897 0.0040913220731681006 -0.044006946251597588 0.0038764510346527004 -0.042393759276354144 0.012111303325589502 0.0077264098060446009 -0.049787079801372994 -0.066164460506163439 0.0071851921200944005 0.030692114200072552 -0.0017903630970337499 -0.028161367144856248 0.025254314853841452 -0.010186298446500548 0.012977508194365552 0.068935246368217754 0.020706746912483105 -0.018887168407404047 0.067717812455642915 -0.91349999999999987 0.020739376983560903 0.044903310782419957 -0.0018977889430562998 -0.0023688496951769496 -0.022736723945372048 -0.038921178532879692 -0.040224923145051945 0.018995833941076554 0.0023373559090248503
decision_type=2 2 2 2 2 2 2 2 2 2 2 2 2 2 2 2 2 2 2 2 2 2 2 2 2 2 2 2 2 2 2 2 2 2 2 2 2 2 2 2 2 2 2 2 2 2
left_child=1 3 4 6 18 11 8 35 -1 -5 -7 16 19 32 33 36 30 43 -3 28 -11 34 -22 -18 -25 -15 27 45 -6 -26 -2 -17 39 -10 -12 -4 -8 38 -19 -9 -41 -24 -36 -16 -29 -20
right_child=5 2 7 9 12 10 15 13 14 20 21 -13 -14 25 17 31 23 37 26 -21 22 -23 41 24 29 -27 -28 44 -30 -31 -32 -33 -34 -35 42 -37 -38 -39 -40 40 -42 -43 -44 -45 -46 -47
leaf_value=0.050254810375537008 0.025400312852287433 0.061924154839953262 0.00055325985791477238 -0.00085989428118934399 -0.079112479811099645 0.036815975998970719 -0.082266436910008414 0.0013849820286259348 -0.044863039861456712 0.017560870341513816 -0.012376586456191632 -0.022888344618237879 -0.15467111980661266 -0.11893686159783852 -0.03807616681663107 -0.064475536789092402 -0.039731819801999899 -0.043637041772859958 -0.035664211820731893 0.015588753438261844 -0.06461187411685794 0.0028841630428213167 -0.17766201458973105 -0.050641918016231545 0.037133194185003028 -0.041056409664534596 0.045068755830449884 0.037485688799742921 -0.014542327570588426 -0.0046013959907115322 0.060994006368368353 -0.145512180714093 0.086511493561921449 -0.17064563420430329 -0.028385845123593201 0.11016237277736456 0.01373635980487134 0.00062712388912046643 -0.14340702687131415 -0.099457217817988441 -0.010505909860881563 -0.09879967765635847 -0.11869531159414107 0.035059481514707565 -0.0073562688208181582 0.0086403694609339613
leaf_weight=2246 4959 3187 3958 1627 1387 2262 549 1711 609 530 974 2685 370 1844 796 1650 1260 1659 3029 4990 3950 2212 751 825 12619 1424 4190 5422 4904 3134 9251 951 303 418 614 337 1274 1342 451 1145 922 2011 1259 2897 2363 3560
leaf_count=2246 4959 3187 3958 1627 1387 2262 549 1711 609 530 974 2685 370 1844 796 1650 1260 1659 3029 4990 3950 2212 751 825 12619 1424 4190 5422 4904 3134 9251 951 303 418 614 337 1274 1342 451 1145 922 2011 1259 2897 2363 3560
internal_value=-3.61296e-06 -0.0131209 1.73607e-05 -0.0380812 0.0100069 0.0214424 -0.0217892 -0.0286371 -0.0048822 -0.0653422 -0.012197 0.0285333 -0.0137809 -0.0507303 -0.020039 -0.0615973 0.0328421 -0.0091003 0.0227496 -0.0091549 -0.0798265 -0.0341154 -0.0875189 0.0203082 0.024873 -0.0850119 0.0160227 0.00755409 -0.0287835 0.0288295 0.0485743 -0.0941228 -0.0232708 -0.0961044 -0.0628648 0.00916348 -0.0151759 -0.0394759 -0.0649853 -0.032085 -0.0597934 -0.120264 -0.0891065 0.0192902 0.0238732 -0.0117253
internal_weight=110811 68757 45046 23711 33402 42054 14842 11644 10418 8869 7321 34733 11651 7349 8172 4424 32048 7145 21751 11281 7242 5059 6712 17838 16578 3268 18564 14374 6291 15753 14210 2601 4081 1027 2847 4295 1823 3452 2110 3778 2067 2762 1873 3693 7785 6589
internal_count=110811 68757 45046 23711 33402 42054 14842 11644 10418 8869 7321 34733 11651 7349 8172 4424 32048 7145 21751 11281 7242 5059 6712 17838 16578 3268 18564 14374 6291 15753 14210 2601 4081 1027 2847 4295 1823 3452 2110 3778 2067 2762 1873 3693 7785 6589
is_linear=0
shrinkage=0.092745


Tree=19
num_leaves=47
num_cat=0
split_feature=15 38 33 11 20 21 28 62 31 42 20 13 7 62 3 9 33 95 1 5 100 4 34 24 62 24 21 33 1 93 13 28 9 26 51 34 71 66 60 61 28 1 24 100 65 6
split_gain=3171.64 2636.85 2030.25 1489.47 1208.19 1207.32 999.387 981.374 904.456 789.709 742.401 660.138 654.147 652.56 623.078 606.682 594.258 582.285 567.517 552.478 546.201 542.487 531.293 487.691 479.45 478.104 467.197 483.987 465.09 491.923 458.509 432.867 428.058 426.225 419.226 416.574 402.238 399.191 378.318 369.565 368.497 366.252 362.762 352.2 345.875 367.25
threshold=-0.05551447834488369 -0.016887007303277496 -0.030059687217842395 0.016253589878105903 -0.035660706675738389 -0.017863805363148449 0.025511977084653303 0.0077264098060446009 0.019073585488911405 0.013792871880041952 0.019097664378791002 0.013258992544083451 0.10822796859505861 0.024532029258435856 -0.021079018721210045 -0.018438498402095497 0.026152684580882306 0.036795529771353905 0.016521050577421304 0.009582197258102252 0.55785000000000007 -0.10327949206435134 0.044856153976217554 0.038025008673170053 0.040845489511094908 -0.018082059247106198 0.05287311430924841 0.025614083537941906 0.023233723475790755 -0.0086748461311309481 0.012823049453668403 0.024012828108040705 -0.040920646698025143 -0.0086908493390172991 0.043624343992674057 0.044856153976217554 -0.023699648048205995 0.0033499470729571506 0.040852440577136752 -0.015983375881408798 0.014102101358978001 -0.024627921359129699 -0.010607942092972599 0.88350000000000006 0.015186091910971001 -0.0018269182231071496
decision_type=2 2 2 2 2 2 2 2 2 2 2 2 2 2 2 2 2 2 2 2 2 2 2 2 2 2 2 2 2 2 2 2 2 2 2 2 2 2 2 2 2 2 2 2 2 2
left_child=4 8 5 7 19 12 22 16 13 28 21 14 20 23 24 -10 17 25 -16 41 36 -7 26 34 -5 -4 27 39 30 -30 42 43 -27 -15 -2 -17 -3 -8 -18 -6 -38 -1 -9 -11 45 -23
right_child=1 2 3 11 6 10 37 9 15 31 -12 -13 -14 33 18 35 38 -19 -20 -21 -22 44 -24 -25 -26 32 -28 -29 29 -31 -32 -33 -34 -35 -36 -37 40 -39 -40 -41 -42 -43 -44 -45 -46 -47
leaf_value=0.058420536852413066 0.040839172874100112 -0.014402421941645786 0.031619510562061304 -0.0049869032674735381 -0.053964094499379896 0.080025021573665353 -0.047184048845185213 0.01663344243335 0.075206981538921622 -0.088379059118914111 -0.049007143187683247 0.046577153586228714 -0.19173744019356223 -0.045824999692869024 0.042881896434388521 0.038423020613039337 0.040728767534426565 -0.062160995187389843 -0.010724556535168486 -0.043504739685686383 -0.012408635709516525 -0.047286318425918669 -0.13938769591472794 -0.0042141976210881404 -0.094802635437210389 0.027626695419352379 0.011998428622013342 -0.032503963857190975 0.0089019588865427712 -0.094806368769272856 0.031549445421395872 -0.014036331857759609 -0.022818621413506445 0.0083563115962074826 -0.0073150298845033601 -0.046011257765315061 -0.1179682896717644 0.013569054840667231 -0.036329687164662956 -0.11708896854674304 -0.047876722725477647 -0.017796746298807075 -0.042485118462508846 0.038869221141134058 0.028122365249553603 0.010777318865428143
leaf_weight=1525 11823 649 3198 3624 1221 715 1998 1435 4728 2836 3563 7200 354 1887 5526 4230 4585 1398 2452 1323 1412 2114 1050 3521 595 1898 571 1509 636 1030 2416 1193 6083 3691 1790 570 1980 1740 622 2311 959 841 2361 200 1766 1682
leaf_count=1525 11823 649 3198 3624 1221 715 1998 1435 4728 2836 3563 7200 354 1887 5526 4230 4585 1398 2452 1323 1412 2114 1050 3521 595 1898 571 1509 636 1030 2416 1193 6083 3691 1790 570 1980 1740 622 2311 959 841 2361 200 1766 1682
internal_value=-3.67162e-06 0.00598475 -0.00484309 0.00429387 -0.0411149 -0.034483 -0.05729 -0.00869349 0.0276414 -0.0290607 -0.015196 0.0243081 -0.069925 0.0175786 0.0111605 0.0516253 0.00517156 -0.0057362 0.0264047 0.00448308 -0.0612875 0.0039954 -0.0788257 0.0265486 -0.0176623 0.00132024 -0.0674856 -0.0764917 -0.011703 -0.0552125 -2.99403e-05 -0.0613892 -0.0108197 -0.00997182 0.0345063 0.0283915 -0.0805167 -0.0189016 0.0315197 -0.0952769 -0.0951088 0.0313243 -0.0201334 -0.0799891 -0.00577943 -0.021556
internal_weight=110811 96722 64482 49288 14089 15194 10400 29891 32240 12107 9840 19397 5354 22712 12197 9528 17784 12577 7978 3689 5000 6277 6662 17134 4219 11179 5612 5041 7878 1666 6212 4229 7981 5578 13613 4800 3588 3738 5207 3532 2939 2366 3796 3036 5562 3796
internal_count=110811 96722 64482 49288 14089 15194 10400 29891 32240 12107 9840 19397 5354 22712 12197 9528 17784 12577 7978 3689 5000 6277 6662 17134 4219 11179 5612 5041 7878 1666 6212 4229 7981 5578 13613 4800 3588 3738 5207 3532 2939 2366 3796 3036 5562 3796
is_linear=0
shrinkage=0.092745


Tree=20
num_leaves=47
num_cat=0
split_feature=100 9 24 68 62 26 2 60 11 42 11 22 34 1 33 87 46 29 13 65 19 91 13 70 31 30 33 21 77 33 15 7 3 2 18 26 2 94 73 6 65 62 95 5 75 60
split_gain=2916.78 2389.66 2202.05 1962.29 1463.14 1204.25 1117.65 1116.66 904.335 832.419 711.108 699.574 666.195 653.143 597.839 603.505 591.095 565.663 550.456 594.465 508.276 472.704 450.521 445.064 439.687 431.641 429.871 447.054 412.372 408.405 408.259 406.927 372.698 364.778 361.454 360.587 360.232 353.615 350.865 344.821 341.953 340.866 333.24 328.378 384.678 326.166
threshold=-0.93364999999999987 -0.063437157008745235 -0.011851749162440698 -0.019351842043389546 0.022645124665801205 -0.00070598144209614978 -0.083611852015541346 -0.0048853629492106492 -0.047691926740275996 0.027573847704226755 -0.042279608257036541 0.019251856426182053 0.035826120870992913 0.0027752352565235503 0.024095132731859103 0.0074498581996805509 -0.0030377835467881495 0.015726053896424005 0.020848919174752002 0.0012574322959479003 0.026524548849087653 0.048575136014211907 -0.010481525359828598 -0.060550431316506038 0.033915927162044057 -0.0092552783232387973 0.072158077994653971 -0.032435441913664896 0.027050485855549852 -0.050403264128118096 -0.042579438457429744 0.10523956644012887 0.030299220900313905 -0.017708981009966294 0.13008795650375352 0.00033916871458705006 0.022863784597554806 -0.026080046279361144 -0.025074307897317797 -0.068343536893303788 0.017133416026867802 -0.020972612664642697 0.023221805720722802 -0.055384224897356393 0.074706891393986022 0.048480891723740607
decision_type=2 2 2 2 2 2 2 2 2 2 2 2 2 2 2 2 2 2 2 2 2 2 2 2 2 2 2 2 2 2 2 2 2 2 2 2 2 2 2 2 2 2 2 2 2 2
left_child=6 24 4 7 10 9 13 35 11 14 33 -7 22 -1 15 21 26 -12 19 23 28 -5 34 -10 39 37 27 -9 -6 -20 -22 -17 -21 -3 -8 -4 -18 -24 -27 -2 -11 -14 -19 -38 -45 -29
right_child=1 2 3 5 20 8 12 16 18 40 17 -13 41 -15 -16 31 36 42 29 32 30 -23 25 -25 -26 38 -28 45 -30 -31 -32 -33 -34 -35 -36 -37 43 -39 -40 -41 -42 -43 -44 44 -46 -47
leaf_value=0.053346742157150136 -0.042104611553625902 0.025371273389682092 -0.036812749885672895 0.00030570193442403741 0.011393942564828513 0.000783242615911278 -0.10189549429082916 -0.15620097839599789 -0.17773296994831203 -0.077108906609545849 0.048861301827585017 -0.084800269126424091 -0.055120460907094458 -0.18915605012168185 0.020704929571127823 -0.04382592470399066 -0.021648487666739161 0.02624246595971573 -0.018079226555345895 0.013504641930982364 -0.11622714867641636 -0.11879487679190329 -0.09201390368144835 -0.0072139994313861521 0.064894962760945127 0.020272072876085515 0.031637239359230525 -0.065617762267320148 -0.049958243733105402 0.052547687159415886 -0.029440640370580331 -0.17159131377214851 0.0595508231544849 -0.024244985326918704 0.11181163601483468 0.0071735628945336785 0.027036060683036291 0.039891655778004645 -0.072760878014444919 0.032715682219385422 -0.014781675328410066 -0.14439460509968227 -0.024461925160579424 -0.11712244666505998 0.065010517674996243 -0.15186206067187955
leaf_weight=1030 558 2346 3111 6305 4674 2107 1511 930 134 2695 12513 1346 526 105 3857 3567 2628 5130 818 4907 619 300 216 6766 3983 428 223 2106 1180 5047 1891 228 2186 2790 71 3306 207 911 1874 10357 1054 1232 1424 1044 110 460
leaf_count=1030 558 2346 3111 6305 4674 2107 1511 930 134 2695 12513 1346 526 105 3857 3567 2628 5130 818 4907 619 300 216 6766 3983 428 223 2106 1180 5047 1891 228 2186 2790 71 3306 207 911 1874 10357 1054 1232 1424 1044 110 460
internal_value=-3.62697e-06 0.00416646 -0.00164825 -0.0128921 0.0174928 -0.00268971 -0.0542965 -0.0427334 0.0112258 -0.0207057 0.0290491 -0.032578 -0.0685777 0.0308586 -0.0104782 -0.0220446 -0.0665264 0.0372998 0.0188437 0.00884522 -0.0159462 -0.0051067 -0.0513341 -0.0105347 0.0385168 -0.0324346 -0.0931283 -0.101093 -0.000972416 0.0426945 -0.0508596 -0.0515179 0.0276994 -0.00157868 -0.0922773 -0.0141498 -0.0417168 0.0145817 -0.0554574 0.0288884 -0.0595922 -0.117705 0.0152232 -0.0804446 -0.0997378 -0.081099
internal_weight=110811 102907 88009 55442 32567 41317 7904 14125 23311 18006 24203 3453 6769 1135 14257 10400 7708 19067 19858 13993 8364 6605 5011 6900 14898 3429 3719 3496 5854 5865 2510 3795 7093 5136 1582 6417 3989 1127 2302 10915 3749 1758 6554 1361 1154 2566
internal_count=110811 102907 88009 55442 32567 41317 7904 14125 23311 18006 24203 3453 6769 1135 14257 10400 7708 19067 19858 13993 8364 6605 5011 6900 14898 3429 3719 3496 5854 5865 2510 3795 7093 5136 1582 6417 3989 1127 2302 10915 3749 1758 6554 1361 1154 2566
is_linear=0
shrinkage=0.092745


Tree=21
num_leaves=47
num_cat=0
split_feature=11 15 38 20 28 68 24 7 13 18 1 13 33 94 60 68 55 12 21 42 7 1 34 55 42 7 42 100 62 60 40 20 15 23 38 19 26 60 28 71 95 46 62 9 4 11
split_gain=2699.76 2317.25 1797.1 1346.21 1173.8 1057.45 881.203 880.264 786.852 764.711 764.409 718.955 648.789 640.228 636.202 570.142 557.745 532.537 501.521 498.843 492.606 487.643 485.642 509.793 485.606 565.803 448.129 447.577 435.968 414.908 406.333 399.889 404.65 396.831 396.448 386.146 482.786 373.214 368.813 367.329 361.659 356.772 355.017 346.505 337.113 330.079
threshold=0.032134417775220005 0.0087459754560187519 -0.0020934885361712494 -0.012769260415367698 -0.007168902564005499 0.00060128321507425017 0.058382160598445261 0.06371074052120386 -0.027049723641003245 -0.016808921483807596 0.03941418630084096 -0.0076786144756713992 0.035339869393881208 -0.013025485647939499 0.010543461609515251 -0.038091430541812694 0.0060426615020732514 0.016322246300490655 -0.0022210438241292998 0.013402076499858152 -0.017774727675819498 0.0074724399692202509 0.051907964861713458 0.014301155637081753 0.039859101572674853 0.08503350434992317 0.026132864788783454 -1.0000000180025095e-35 0.0020458174449074005 0.014346936594497952 0.020365649101632102 0.028428689574359355 -0.041792425477114696 0.024788243814581452 -0.010258449010409048 -0.030263169179022099 -0.0027767015059929497 0.020596969423326252 -0.034021272143954444 -0.024095967254326698 0.04094344798817811 -0.0040751538211487486 0.019603588718530154 -0.049390437701246043 -0.0031002085109426499 -0.0044783415250820987
decision_type=2 2 2 2 2 2 2 2 2 2 2 2 2 2 2 2 2 2 2 2 2 2 2 2 2 2 2 2 2 2 2 2 2 2 2 2 2 2 2 2 2 2 2 2 2 2
left_child=1 2 5 7 12 14 11 10 9 -2 17 24 28 31 21 -15 33 -4 -9 -19 -6 -1 23 29 43 -26 42 37 41 -7 -23 -10 -33 38 -8 -16 -37 -22 -13 -12 -18 -5 -11 -3 -17 -45
right_child=8 6 3 4 20 22 34 18 13 26 39 16 -14 15 35 44 40 19 -20 -21 27 30 -24 -25 25 -27 -28 -29 -30 -31 -32 32 -34 -35 -36 36 -38 -39 -40 -41 -42 -43 -44 45 -46 -47
leaf_value=0.0060206257596699857 0.038975023199413719 0.03443119547219213 0.031935069668828281 -0.10782273689251223 -0.00052888634199352725 0.023872729307680651 0.0010844229412711544 -0.15434760400357311 0.023979388694305683 0.012372620288976373 0.016300630248595144 -0.043699279920291524 -0.019981267385586334 -0.0038918873663341953 -0.0036373417974677733 0.036259178916528308 0.054551503175837845 0.011186001162815437 -0.034451640352340988 -0.0810411006054957 -0.049653666975167404 -0.080705605441490386 -0.044253088252834902 0.055133876876050959 -0.026104254046854423 -0.17968667180686509 -0.067963249044263985 -0.0082999036192014514 -0.12457221873619587 -0.023945578374268861 0.020607324139853875 -0.10858572821073882 -0.0038588900348156671 0.043349010533388806 -0.064364131271043304 -0.11120062404207189 -0.03583982270607846 -0.11727826852046971 0.011581649039323979 -0.091594941798438634 -0.018353323289319053 -0.046742011186421815 -0.046680877316894999 -0.017812623660137503 0.06669137362580764 0.019205382870987733
leaf_weight=5541 2770 2706 4379 1485 2760 5242 1396 511 5347 2843 371 1238 1145 1831 998 6255 6187 1297 728 825 2930 1175 1028 2958 1586 237 1318 1663 2618 2222 479 396 1595 2818 1851 1351 1596 924 6420 1008 646 1848 1265 5375 6278 3371
leaf_count=5541 2770 2706 4379 1485 2760 5242 1396 511 5347 2843 371 1238 1145 1831 998 6255 6187 1297 728 825 2930 1175 1028 2958 1586 237 1318 1663 2618 2222 479 396 1595 2818 1851 1351 1596 924 6420 1008 646 1848 1265 5375 6278 3371
internal_value=-3.71561e-06 -0.00880365 -0.0221082 -0.0395099 -0.0562566 -0.00324041 0.00971164 -0.0112756 0.023811 -0.000670441 0.000149807 0.0145892 -0.0839356 0.0330572 -0.023584 0.044443 0.0270421 0.0134561 -0.0839354 -0.0246701 -0.0325232 -0.00716942 0.0165513 0.0225512 -0.00164714 -0.0461033 -0.0209131 -0.0485258 -0.0962369 0.00963523 -0.0513585 0.0107669 -0.024708 0.0135941 -0.0362237 -0.0535152 -0.0703997 -0.0658778 0.0026418 -0.0625599 0.0476565 -0.0739672 -0.00581072 0.00542944 0.0515055 -0.00354293
internal_weight=110811 80913 47082 24492 15373 22590 33831 9119 29898 8196 7880 30584 7096 21702 11140 14364 17309 6501 1239 2122 8277 7195 11450 10422 13275 1823 5426 5517 5951 7464 1654 7338 1991 10476 3247 3945 2947 3854 7658 1379 6833 3333 4108 11452 12533 8746
internal_count=110811 80913 47082 24492 15373 22590 33831 9119 29898 8196 7880 30584 7096 21702 11140 14364 17309 6501 1239 2122 8277 7195 11450 10422 13275 1823 5426 5517 5951 7464 1654 7338 1991 10476 3247 3945 2947 3854 7658 1379 6833 3333 4108 11452 12533 8746
is_linear=0
shrinkage=0.092745


Tree=22
num_leaves=47
num_cat=0
split_feature=38 15 11 60 20 7 21 21 24 12 13 1 7 33 62 20 20 28 42 24 60 20 4 55 100 66 27 3 63 60 13 68 100 87 26 21 100 45 12 94 93 68 34 21 28 23
split_gain=2500.64 2480.1 1476.61 1175.88 1168.35 928.299 877.809 859.947 744.45 723.246 677.883 659.452 601.453 590.333 545.307 537.282 515.847 627.174 514.303 470.11 468.304 511.584 453.628 453.235 452.412 416.537 415.2 415.176 407.784 404.82 404.519 400.413 393.969 388.583 366.637 365.856 360.891 360.723 358.234 358.143 357.865 347.289 346.768 335.296 334.748 333.088
threshold=-0.045438102821860747 -0.037504484479936144 0.0072183644249842012 0.017636013546033804 0.036093006112772406 0.02534889633907365 0.099553380021896107 -0.029725776648590847 0.011750007044492103 0.0086878352901397522 0.029462918027883554 0.014690404804428502 0.079163110103842318 -0.0018550759727693497 0.024532029258435856 0.013175628788399651 0.0008955995330101001 -0.024742706626761698 0.014138728682248003 0.030620220138685053 0.053308837352122863 -0.035011034041886796 -0.14559509959692477 -0.0068991226436599497 -0.55789999999999995 0.027320530059211302 -0.0049880629349589494 -0.014607084514512749 -0.029998827167558448 -0.011721622505480749 -0.024242838591819197 -0.0048504143551821996 -0.8224499999999999 0.006598288758486801 -0.023601344052965646 -0.049317320814781539 0.59945000000000015 0.023283964523972703 0.038890464653085453 -0.019417676340574345 0.049728154449798702 -0.048831289338128893 0.015731158467591502 -0.073118113585582525 -0.055681929654777189 0.0038215337859187006
decision_type=2 2 2 2 2 2 2 2 2 2 2 2 2 2 2 2 2 2 2 2 2 2 2 2 2 2 2 2 2 2 2 2 2 2 2 2 2 2 2 2 2 2 2 2 2 2
left_child=20 4 3 7 5 9 29 13 15 11 16 19 31 24 18 -4 27 -18 23 -2 21 -1 -13 -5 -3 36 -11 30 -6 34 -9 -10 -16 -17 -7 -20 -14 -30 -15 -33 -22 -31 -23 -28 -26 -37
right_child=1 2 8 14 28 6 -8 10 12 26 -12 22 25 38 32 33 17 -19 35 -21 40 42 -24 -25 44 -27 43 -29 37 41 -32 39 -34 -35 -36 45 -38 -39 -40 -41 -42 -43 -44 -45 -46 -47
leaf_value=0.073372644315270352 0.048450000503280584 -0.10195558467743135 0.039303882295162622 -0.036318838479705753 -0.021423528959082738 -0.080136559496643792 0.079546054870295452 -0.059956498195645504 -0.01337680295729821 -0.065271482275110052 0.037508215268013505 0.10532438013088083 -0.1215628843458801 0.013122708040909269 -0.14144979710115724 0.025703783941904562 -0.057478504563406113 -0.00143004211504271 -0.14697002271990114 -0.018805424284618323 0.0035958659225005158 0.042750136309793609 -0.051050310286021909 0.017312584285601871 -0.12895701833929182 0.035965147019634817 -0.13387477310473841 0.03466090281315895 -0.10816982864764162 -0.17604482796162849 0.016113590633411983 -0.01566770171226552 -0.053569933224492113 -0.014691395391561989 0.0031267810087985599 -0.074242663396310637 -0.018031674100849365 -0.03928187702436637 -0.064624712003810633 0.032157511009930799 -0.13373184944640693 -0.076434212052767972 0.0051037731372979237 -0.0014782616900230392 -0.018197932143746067 -0.0093342372223915466
leaf_weight=3253 3459 1193 12718 2461 922 799 383 942 5131 2135 5388 177 727 2759 554 4998 2221 7571 327 1205 1225 6685 1594 3016 266 339 176 4753 2600 343 1661 1783 2116 3470 1055 1420 482 875 625 5500 188 2479 3073 2472 1986 1306
leaf_count=3253 3459 1193 12718 2461 922 799 383 942 5131 2135 5388 177 727 2759 554 4998 2221 7571 327 1205 1225 6685 1594 3016 266 339 176 4753 2600 343 1661 1783 2116 3470 1055 1420 482 875 625 5500 188 2479 3073 2472 1986 1306
internal_value=-3.77409e-06 -0.00539355 0.00238029 -0.00967574 -0.0338635 -0.0224023 -0.0553832 7.58e-05 0.0162948 -0.00752657 0.00881309 0.0127743 -0.000331122 -0.0287548 -0.0352436 0.027252 -0.000202768 -0.0141455 -0.0237904 0.0310707 0.0360113 0.0415187 -0.0353995 -0.00678396 -0.0557791 -0.054838 -0.0348412 0.0183552 -0.0762837 -0.066442 -0.0114137 0.00646578 -0.0718225 0.00914918 -0.0327558 -0.0542915 -0.0803127 -0.0908325 -0.00123688 0.0204471 -0.0146893 -0.0885628 0.0308964 -0.0102967 -0.0313012 -0.0431549
internal_weight=110811 96387 75713 40565 20674 16277 5059 29365 35148 11218 22536 6435 13962 6829 11200 21186 17148 9792 8530 4664 14424 13011 1771 5477 3445 1548 4783 7356 4397 4676 2603 12414 2670 8468 1854 3053 1209 3475 3384 7283 1413 2822 9758 2648 2252 2726
internal_count=110811 96387 75713 40565 20674 16277 5059 29365 35148 11218 22536 6435 13962 6829 11200 21186 17148 9792 8530 4664 14424 13011 1771 5477 3445 1548 4783 7356 4397 4676 2603 12414 2670 8468 1854 3053 1209 3475 3384 7283 1413 2822 9758 2648 2252 2726
is_linear=0
shrinkage=0.092745


Tree=23
num_leaves=47
num_cat=0
split_feature=34 38 33 21 4 15 20 9 62 23 3 28 38 15 100 9 11 91 60 90 27 100 1 3 60 40 11 0 100 55 62 20 51 24 94 46 48 65 43 22 74 9 20 9 42 74
split_gain=2227.85 1791.9 1601.98 1356.11 986.346 912.186 886.545 857.782 814.32 751.251 717.258 713.96 689.019 593.024 572.377 538.181 512.381 502.479 471.355 470.46 459.525 450.063 441.542 911.545 434.859 421.397 415.804 408.106 397.402 394.398 382.422 371.524 371.475 368.694 364.929 358.711 354.177 353.357 353.032 348.947 338.185 337.154 326.632 325.97 336.043 324.82
threshold=0.032074967866004306 -0.029293476896049997 0.00035963432068305005 -0.004438293604274399 -0.14559509959692477 0.0318047636687337 0.018113447001685004 -0.074179124838454444 0.044769411051733508 0.0050088280294019009 -0.021079018721210045 0.016193667397925906 -0.0041828293153920492 -0.024013788872722146 -0.15219999999999997 -0.011219931973877799 -0.081646643084545792 0.034965100486857963 0.019754908922784854 0.0096525747100804013 -0.0068843883927273489 -0.93604999999999994 0.0027752352565235503 -0.10423203134174834 -0.0093205927300111981 -0.019953303861026495 -0.093672532763851041 0.19940294511226689 -0.64889999999999992 0.014301155637081753 0.0046597528980093514 -0.00086030244479844999 -0.0081772914782961975 0.030063428752734555 -0.048150280449342241 -0.035451372557743298 0.0016055999722155501 0.015186091910971001 0.04667025038625796 -0.012770528236547899 0.032826379060814356 1.0000000180025095e-35 0.0025287170333614007 0.0090537254325790528 0.016232358693956905 0.028698855508539501
decision_type=2 2 2 2 2 2 2 2 2 2 2 2 2 2 2 2 2 2 2 2 2 2 2 2 2 2 2 2 2 2 2 2 2 2 2 2 2 2 2 2 2 2 2 2 2 2
left_child=1 15 3 5 -2 11 26 -6 9 10 27 14 16 -14 24 31 -9 39 -13 33 28 -18 42 -24 35 -23 -5 38 -8 37 -15 -1 -7 -12 -16 -3 -35 -28 -4 -17 -32 -20 -11 -21 -45 -10
right_child=4 2 8 6 7 32 20 12 45 22 19 18 13 30 34 17 21 -19 41 43 -22 25 23 -25 -26 -27 29 -29 -30 -31 40 -33 -34 36 -36 -37 -38 -39 -40 -41 -42 -43 -44 44 -46 -47
leaf_value=0.063890148046307021 0.051079074837303305 -0.14854013928496684 -0.03299141518688558 -0.061625544835997373 0.021586182245994106 0.037568328739503026 -0.091335514789741445 -0.087469538460070884 -0.014082887999920765 0.062614536792021946 0.044231738953146305 0.0055635422247976539 -0.087202176737683393 -0.018059372468917791 -0.12885779243016413 0.04684544809288637 -0.086948436167868765 -0.035739674782915586 -0.021581275241662954 0.016705580519765763 -0.00030281209625871629 -0.034519482772598295 0.099988038898091269 -0.018744748686783077 -0.10302323309507368 0.01422483771246461 -0.0018750323278367441 0.008485153636562482 -0.02392479830118506 0.049238580624231101 -0.049593388857419068 0.028791175053635334 -0.01689510582036487 0.030461376749494434 -0.02808614451525368 -0.027211037356398543 -0.064768495092413281 0.039327539877969268 -0.13367201510750443 0.008794567080525598 -0.1348901126746655 -0.12620322347351434 0.027840251444643319 -0.0098645394391957911 -0.10103310185535257 -0.085106304665825125
leaf_weight=4876 1304 244 2693 531 2262 1735 1183 840 2558 5046 5699 3153 3364 3427 333 3388 612 1430 637 2215 3582 2420 710 2563 2952 4126 5569 2169 2068 3324 2352 5549 2840 807 4286 1482 575 2638 337 5344 482 454 4311 1132 502 707
leaf_count=4876 1304 244 2693 531 2262 1735 1183 840 2558 5046 5699 3153 3364 3427 333 3388 612 1430 637 2215 3582 2420 710 2563 2952 4126 5569 2169 2068 3324 2352 5549 2840 807 4286 1482 575 2638 337 5344 482 454 4311 1132 502 707
internal_value=-3.88854e-06 0.00639026 -0.000771051 -0.0139131 -0.0270492 -0.0320437 0.00346956 -0.032174 0.0144171 0.0194006 0.00613475 -0.0441403 -0.0390754 -0.0557928 -0.058529 0.0304048 -0.0189543 0.0152139 -0.0126151 0.0196241 -0.0232204 -0.0109088 0.0363399 0.00701383 -0.0813978 -0.00379415 0.0185905 -0.0222212 -0.0484648 0.022287 -0.0389114 0.0452103 0.00375741 0.0338102 -0.0353616 -0.0443926 -0.00915564 0.0113681 -0.0442053 0.0235609 -0.0641174 -0.0651519 0.046596 -0.00647115 -0.0378946 -0.0294725
internal_weight=110811 89622 69035 37011 21189 18116 18895 19885 32024 28759 16129 13541 17623 9625 9297 20587 7998 10162 4244 10930 6833 7158 12630 3273 4678 6546 12062 5199 3251 11531 6261 10425 4575 7081 4619 1726 1382 8207 3030 8732 2834 1091 9357 3849 1634 3265
internal_count=110811 89622 69035 37011 21189 18116 18895 19885 32024 28759 16129 13541 17623 9625 9297 20587 7998 10162 4244 10930 6833 7158 12630 3273 4678 6546 12062 5199 3251 11531 6261 10425 4575 7081 4619 1726 1382 8207 3030 8732 2834 1091 9357 3849 1634 3265
is_linear=0
shrinkage=0.092745


Tree=24
num_leaves=47
num_cat=0
split_feature=62 24 9 100 26 7 21 28 20 22 1 60 68 11 26 68 21 100 14 9 3 14 88 42 100 61 5 64 17 97 11 33 11 67 29 15 13 2 59 39 40 1 13 1 91 24
split_gain=2004.11 1817.75 1354.91 1267.28 1196.71 1082.5 909.186 774.368 677.866 708.551 617.863 580.839 569.238 549.781 545.506 530.983 503.295 502.897 496.766 487.333 480.199 448.587 562.578 430.552 429.94 414.619 406.771 429.786 382.839 378.791 360.942 422.161 356.078 354.469 353.709 344.684 356.585 344.53 341.736 336.182 334.206 320.173 317.952 337.629 315.718 304.409
threshold=0.024532029258435856 -0.011851749162440698 -0.068292372760330025 0.58635000000000004 -0.0049098326052719491 0.030025241328595905 -0.047458169566988895 -0.013097026254717899 0.042243451051296461 0.012042788848989452 -0.0080622643473773469 0.010930128300225002 0.03597813174447801 -0.036194883533769047 0.0043250323289554015 1.0000000180025095e-35 0.055485662395232255 -0.86364999999999992 -0.076367888701108874 0.034612091758803705 0.016553662416510202 -0.005672176338263799 0.007074071163661151 0.010257436599988751 -0.96654999999999991 0.013295203742001101 -0.011669104668964548 0.020433141066865352 0.0010785348253145503 0.040899797489039109 -0.011669967651378899 0.03603499465970026 -0.050582545528229592 -0.0034516813777849494 0.015310252666494802 0.088755355054549304 -0.024821669438460998 -0.050570085273733946 1.0000000180025095e-35 0.023268277672072606 0.011975067300548451 -0.034998678087981891 -0.063140474820835735 -0.079382084060432331 0.032352922589848961 0.020773198553197102
decision_type=2 2 2 2 2 2 2 2 2 2 2 2 2 2 2 2 2 2 2 2 2 2 2 2 2 2 2 2 2 2 2 2 2 2 2 2 2 2 2 2 2 2 2 2 2 2
left_child=1 8 28 5 15 6 21 16 9 24 14 18 42 -9 23 35 17 -6 -7 32 37 -4 -23 -8 -1 40 -20 -28 -3 -16 31 45 -11 -10 -26 36 -2 -19 -5 -15 -12 -22 -13 -44 -32 -17
right_child=4 2 3 38 7 11 10 13 33 19 25 12 -14 39 29 30 -18 20 26 -21 41 22 -24 -25 34 -27 27 -29 -30 -31 44 -33 -34 -35 -36 -37 -38 -39 -40 -41 -42 -43 43 -45 -46 -47
leaf_value=-0.035982605024838445 -0.11411576453326827 0.01646548457596627 -0.011559712249576472 0.029786439186614843 -0.12102300994276885 0.083466300717184139 0.011060653263651439 -0.03295976342963608 -0.027033906559188445 -0.021275516427484664 -0.027641233264252253 -0.16852672072591313 0.019731257303717151 0.033098135965510367 0.033708916522915723 -0.048029022597411285 0.044518091868646269 0.011695950268392858 -0.0013622707342958928 -0.025841695441339661 0.050571382891854325 -0.043001812901669274 -0.1435426589986224 -0.034008011240923855 0.056435989788325029 -0.059350110876913768 -0.074246750199250616 -0.00032312505882623225 0.063783918140917217 -0.045502667680716681 0.0040626145985141896 0.022359918217893498 0.032485872776641576 0.017343141636522591 0.027306199317860831 0.023627160842659246 -0.058131950113170627 -0.07246615359341034 0.00036911164691462136 -0.01242557000604682 0.029868142253848168 -0.025666249022099148 -0.021540370566843423 -0.098387047018694662 -0.088229995325288801 -0.12706443019372707
leaf_weight=572 1395 3213 1386 6728 606 326 4242 1986 2862 1288 2562 392 464 5671 6633 1298 657 515 2017 2326 759 1310 755 3197 9886 2094 2464 933 2714 563 2829 496 5967 3372 5631 327 3290 2222 6862 1850 1315 1260 660 1937 359 620
leaf_count=572 1395 3213 1386 6728 606 326 4242 1986 2862 1288 2562 392 464 5671 6633 1298 657 515 2017 2326 759 1310 755 3197 9886 2094 2464 933 2714 563 2829 496 5967 3372 5631 327 3290 2222 6862 1850 1315 1260 660 1937 359 620
internal_value=-3.90895e-06 0.00692617 -0.00364013 -0.00892699 -0.0224517 -0.01868 -0.0083344 -0.00604299 0.0244024 0.0310645 -0.000954887 -0.0457506 -0.0758089 0.0104366 0.00930254 -0.0464521 -0.0320739 -0.0414631 -0.0276632 0.0110947 -0.0313162 -0.05239 -0.0797827 -0.00830688 0.0429552 -0.0260975 -0.0343613 -0.0539491 0.0381371 0.0275081 -0.0268248 -0.0538771 0.0229391 -0.00302827 0.0458666 -0.0683844 -0.0748105 -0.0566255 0.0149341 0.0218984 -0.00813093 0.00299 -0.0906452 -0.078867 -0.00633313 -0.0735997
internal_weight=110811 84671 52767 46840 26140 33250 24057 15526 31904 25670 20606 9193 3453 9507 14635 10614 6019 5362 5740 9581 4756 3451 2065 7439 16089 5971 5414 3397 5927 7196 5602 2414 7255 6234 15517 5012 4685 2737 13590 7521 3877 2019 2989 2597 3188 1918
internal_count=110811 84671 52767 46840 26140 33250 24057 15526 31904 25670 20606 9193 3453 9507 14635 10614 6019 5362 5740 9581 4756 3451 2065 7439 16089 5971 5414 3397 5927 7196 5602 2414 7255 6234 15517 5012 4685 2737 13590 7521 3877 2019 2989 2597 3188 1918
is_linear=0
shrinkage=0.092745


Tree=25
num_leaves=47
num_cat=0
split_feature=68 15 11 34 9 20 4 7 34 21 13 2 33 60 1 11 3 14 38 21 4 94 7 1 12 22 66 91 21 9 2 89 51 12 48 3 9 20 100 4 2 31 38 51 93 33
split_gain=1883.44 1282.26 1072.82 927.656 874.657 811.892 758.434 758.84 749.754 674.2 591.01 582.507 557.698 548.373 528.949 508.792 500.249 592.168 442.884 440.464 438.526 437.715 410.705 406.838 452.379 401.83 387.928 400.144 383.187 371.868 362.629 360.667 357.101 347.369 368.066 343.367 343.007 341.917 340.428 340.073 338.045 342.823 328.713 316.567 308.504 308.243
threshold=-0.00059623688637949984 -0.0062761940846778989 0.038097124121164054 0.051907964861713458 -0.040382582018010045 1.0000000180025095e-35 0.13080341439058624 -0.013196052642705647 0.0023602967599475502 0.044624009550640609 0.0029959136449489504 0.00057283745405150015 -0.013841370356683048 0.027483572038830551 -0.028504986156112896 -0.077769624999195638 0.065915943949659675 -0.044126520817896191 -0.013045254253044099 -0.11763871127020718 -0.13769199117331887 -0.025659763706789646 0.069193759738756952 0.045355472178381158 0.03415679901581966 0.0485810335288391 0.026315751947931353 -0.032171925735463645 0.023204656285503503 -0.025127159098785497 -0.090602832315641438 -0.038162029393925496 0.035509992656829505 0.0082008573874553514 -0.0248301243344063 0.10115501634649351 0.0072379848272470506 0.015877511394777655 -0.94494999999999985 -0.10327949206435134 -0.022211460106993795 0.041495694608145152 0.00034462195204055005 -0.0040407315466940491 0.026986974134444203 0.023088422292553753
decision_type=2 2 2 2 2 2 2 2 2 2 2 2 2 2 2 2 2 2 2 2 2 2 2 2 2 2 2 2 2 2 2 2 2 2 2 2 2 2 2 2 2 2 2 2 2 2
left_child=1 4 3 5 28 11 7 20 13 12 26 25 38 -3 -8 39 17 -13 -17 -19 -6 -4 40 24 32 36 -9 -28 33 -21 -5 -12 -22 34 -1 42 -2 -36 -7 -10 -20 -42 -14 -40 45 -33
right_child=2 8 21 30 6 9 14 10 15 -11 31 16 35 -15 -16 18 -18 19 22 29 23 -23 -24 -25 -26 -27 27 -29 -30 -31 -32 44 -34 -35 37 -37 -38 -39 43 -41 41 -43 -44 -45 -46 -47
leaf_value=0.060223768666462368 0.061292702295170802 0.023745778466315922 0.001726143926614134 0.036952470041981975 0.081034944391740943 -0.11479281437156189 0.065524534104872079 -0.095627886528875383 0.070260542955543709 0.039374021163201843 -0.096357798225221003 0.041411841347497536 0.013385147173110845 -0.023974707612048639 -0.18966032337981031 0.012338934738532937 0.05385216966421421 -0.20539671354966524 0.012201233576442365 0.015355156369829459 0.010556561762403367 0.043319446822460486 -0.079065656515468957 -0.071565004012729611 -0.070215239287026429 -0.0071898972310970527 0.065171801070862706 -0.063717532830589313 0.034674978561943605 -0.033187030351683119 -0.047062254424904235 -0.03249000651712871 -0.070812656791606796 -0.051665640136334789 0.0098380531987697795 0.06146338018115826 0.024118888050607027 -0.065893101729921716 -0.0034777598044594079 -0.092402316502412984 -0.040706239984045572 0.034523893906130455 -0.020162869249967845 -0.043902068359279352 -0.077625082308740628 0.027074597932441477
leaf_weight=746 5005 12021 2744 502 357 389 829 3891 124 2709 753 1887 5583 2502 76 4978 1554 106 2506 2181 3659 10533 983 1269 964 1456 265 945 2004 3593 3670 2583 531 1439 1592 798 3727 756 3050 999 3816 603 4567 3675 840 1051
leaf_count=746 5005 12021 2744 502 357 389 829 3891 124 2709 753 1887 5583 2502 76 4978 1554 106 2506 2181 3659 10533 983 1269 964 1456 265 945 2004 3593 3670 2583 531 1439 1592 798 3727 756 3050 999 3816 603 4567 3675 840 1051
internal_value=-3.83658e-06 -0.0126134 0.0115905 0.00468031 -0.0281531 0.00899253 -0.0386988 -0.0430763 0.000757136 -0.00376788 -0.0589028 0.0225789 -0.0102397 0.0155233 0.0440265 -0.0145499 0.0058222 -0.00378737 -0.00933001 -0.0182963 -0.0189643 0.0347245 -0.0229721 -0.0245279 -0.0129406 0.0379077 -0.0813633 -0.0354697 0.000904361 -0.0148491 -0.036948 -0.0369778 0.000237237 -0.0140236 0.00348226 0.00289624 0.045429 -0.0145448 -0.0304564 -0.0744159 -0.0150047 -0.030436 -0.00170861 -0.0255713 -0.0269753 -0.0152586
internal_weight=110811 53082 57729 44452 24550 40280 18013 17108 28532 20771 10328 19509 18062 14523 905 14009 9321 7767 12886 5880 6780 13277 7908 6423 5154 10188 5101 1210 6537 5774 4172 5227 4190 4533 3094 10948 8732 2348 7114 1123 6925 4419 10150 6725 4474 3634
internal_count=110811 53082 57729 44452 24550 40280 18013 17108 28532 20771 10328 19509 18062 14523 905 14009 9321 7767 12886 5880 6780 13277 7908 6423 5154 10188 5101 1210 6537 5774 4172 5227 4190 4533 3094 10948 8732 2348 7114 1123 6925 4419 10150 6725 4474 3634
is_linear=0
shrinkage=0.092745


Tree=26
num_leaves=47
num_cat=0
split_feature=11 13 38 15 7 24 21 60 33 20 3 12 1 28 31 21 2 28 62 5 15 28 34 24 21 12 100 3 70 70 21 30 95 28 34 12 91 11 55 48 14 62 7 26 65 13
split_gain=1712.96 1547.98 1531.25 1170.21 1136.94 794.448 739.41 685.791 647.154 628.521 615.659 513.076 553.958 501.466 489.213 482.689 509.723 514.971 462.473 440.715 414.442 414.037 481.913 400.014 411.042 392.658 366.559 357.637 384.263 357.609 357.14 350.978 350.737 340.816 328.307 319.984 313.751 309.735 291.754 283.794 282.463 295.931 279.884 279.801 278.306 276.27
threshold=-0.045819074632108395 0.041950526572167454 -0.0041828293153920492 0.0056078109465601015 0.00049154994822640005 -0.038597385459428493 0.032476060363837655 0.053308837352122863 0.025111038252633753 -0.022021612905625747 0.042096081610435959 0.046620598378209706 0.027897564576369851 0.0098547505178768514 -0.0061482685805753995 0.050612858482826158 0.014172300365227502 -0.043285164286910489 0.048556166353620055 0.070439610069758116 -0.078546951473830284 0.046011906146956862 0.016095706479279551 0.056237934562455155 0.0083761942283764029 0.017368896377811655 -0.59889999999999988 -0.025519095618117497 -0.040363291209875689 0.013551709898697752 -0.032435441913664896 0.028785808720627002 0.036795529771353905 -0.023675760200916798 -0.039997345445187342 0.050435622474738658 0.054419718905942056 -0.12536486058254201 -0.011744672991797997 0.0039027648422050002 0.058073719077553307 -0.053032887457226847 -0.0043623931269413489 0.0006806232319921502 0.010488098414103952 -0.022625598381511347
decision_type=2 2 2 2 2 2 2 2 2 2 2 2 2 2 2 2 2 2 2 2 2 2 2 2 2 2 2 2 2 2 2 2 2 2 2 2 2 2 2 2 2 2 2 2 2 2
left_child=5 2 7 4 11 20 13 9 15 38 23 12 33 27 43 16 17 -7 21 -16 -1 22 39 24 26 44 45 29 -29 -6 -18 -21 -8 36 -13 37 -4 -10 -2 -11 41 -14 -32 -3 -19 -5
right_child=1 14 3 10 6 8 32 -9 35 18 -12 34 40 -15 19 -17 30 25 -20 31 -22 -23 -24 -25 -26 -27 -28 28 -30 -31 42 -33 -34 -35 -36 -37 -38 -39 -40 -41 -42 -43 -44 -45 -46 -47
leaf_value=-0.060396961749428289 0.017199219317482913 -0.0067325341088814846 -0.014256612396778787 -0.09877742912444229 -0.1496112529084267 -0.094440444358401487 0.013272547949606139 -0.033161177040319893 -0.06242059897625505 0.03001611319783893 0.030873515405336078 0.037713416538915627 0.12287574294890302 -0.031521076663681709 0.052306482043918204 0.00067259141019175898 -0.11927508817449413 -0.026252065832391265 -0.030766049366595504 0.021723999540236995 0.023694559433152362 0.046704594808705494 -0.015797182154459768 -0.054227041871840166 0.023353154854820517 -0.059804424496709342 -0.0020817709654812012 -0.14877174241564073 -0.052458091062516345 -0.057615218597263623 -0.028514413445400118 -0.11302855953660285 -0.10643146788853297 0.020384657282708878 -0.076188326023837835 -0.058634949275050849 -0.19163106609908367 0.016231913550291261 0.052269842994972754 0.0029871474576897133 -0.11595960493528465 -0.037953332809667333 -0.091272063232546635 0.03074158927614833 0.030097058126075129 -0.020519608525455743
leaf_weight=587 3279 3228 2199 667 1002 1087 1868 2452 493 7505 5614 261 105 2976 8208 1652 1315 1967 2187 520 3558 2882 4966 1336 3929 1704 4910 401 3204 572 1247 244 237 6557 1302 786 89 3391 5409 6025 384 1502 1201 3652 1222 929
leaf_count=587 3279 3228 2199 667 1002 1087 1868 2452 493 7505 5614 261 105 2976 8208 1652 1315 1967 2187 520 3558 2882 4966 1336 3929 1704 4910 401 3204 572 1247 244 237 6557 1302 786 89 3391 5409 6025 384 1502 1201 3652 1222 929
internal_value=-3.62461e-06 0.00544242 -0.00014016 -0.012498 -0.0263854 -0.0244185 -0.0492232 0.0141184 -0.0337589 0.0177135 0.00560168 -0.0074856 -0.000318482 -0.0618723 0.0317671 -0.0456755 -0.0535354 -0.0367005 0.0098512 0.0460349 0.0117792 0.0140074 0.00891123 -0.00645064 -0.000331169 -0.0238657 -0.0146367 -0.0793077 -0.0631862 -0.116205 -0.0802802 -0.0213204 -0.000210939 0.00962959 -0.0571561 -0.00467807 -0.0211852 0.0062411 0.0390362 0.0179813 -0.0445146 -0.0274165 -0.0593162 0.0131577 -0.00465448 -0.0532455
internal_weight=110811 90601 74749 40044 22659 20210 10260 34705 16065 32253 17385 12399 10836 8155 15852 11395 9743 5980 23565 8972 4145 21378 18496 11771 10435 4893 6506 5179 3605 1574 3763 764 2105 8845 1563 4670 2288 3884 8688 13530 1991 1607 2448 6880 3189 1596
internal_count=110811 90601 74749 40044 22659 20210 10260 34705 16065 32253 17385 12399 10836 8155 15852 11395 9743 5980 23565 8972 4145 21378 18496 11771 10435 4893 6506 5179 3605 1574 3763 764 2105 8845 1563 4670 2288 3884 8688 13530 1991 1607 2448 6880 3189 1596
is_linear=0
shrinkage=0.092745


Tree=27
num_leaves=47
num_cat=0
split_feature=9 60 20 15 91 48 34 42 64 22 2 3 28 58 3 100 100 1 28 21 28 58 59 46 38 62 2 14 62 26 18 33 100 74 22 22 11 14 13 100 34 4 26 3 62 84
split_gain=1731.51 1331.11 996.808 1026.85 884.923 784.399 745.013 681.57 598.144 596.885 567.931 580.316 561.281 551.923 515.081 506.708 470.248 468.532 457.218 441.808 481.284 414.732 470.628 409.442 407.565 401.598 394.249 409 387.173 384.918 376.242 375.168 370.377 350.643 352.926 334.517 330.724 329.056 326.882 325.136 323.93 318.248 315.134 313.015 302.515 318.842
threshold=-0.0069727208777144991 0.0044282579418270006 -0.016494631345409246 0.019943716421292654 0.028876316380406355 -0.0061047948642194991 0.06895839101021041 0.027573847704226755 0.045106083525519154 0.0069641083153222016 -0.019633136892167547 0.056108528009499954 -0.011833342826950298 -0.018578376325428997 0.050118616662371655 0.25025000000000003 0.38240000000000002 -0.0011303825497638498 -0.093858034327351139 0.0036769627243127506 0.019372093498566206 0.0072792798922936006 -0.0076165144078023991 0.031996199245248755 -0.026312186494432645 0.010887262070899103 0.0026207544144795504 -0.017537769994117998 0.038601284455841704 0.0020635675598760003 -0.03359594561029574 -0.057584775010464488 -0.87929999999999986 0.028206958060210903 0.029488989707439756 0.089627386937843515 -0.079601572395499434 -0.029124371223939845 -0.021042659639885896 -0.97784999999999989 0.054301003511228553 0.076824957676648251 -0.042321406964908541 0.11683441370628826 0.048556166353620055 0.021399598420842304
decision_type=2 2 2 2 2 2 2 2 2 2 2 2 2 2 2 2 2 2 2 2 2 2 2 2 2 2 2 2 2 2 2 2 2 2 2 2 2 2 2 2 2 2 2 2 2 2
left_child=2 6 13 5 10 18 7 9 12 42 17 15 26 -1 16 44 19 33 -4 20 24 22 -19 31 -15 36 -7 -28 38 -9 -11 -6 -14 34 -3 -22 -20 -26 -5 -13 -16 -23 -2 -33 45 -12
right_child=1 4 3 28 23 8 -8 29 -10 30 11 39 32 14 40 -17 -18 21 25 -21 35 41 -24 -25 37 -27 27 -29 -30 -31 -32 43 -34 -35 -36 -37 -38 -39 -40 -41 -42 -43 -44 -45 -46 -47
leaf_value=0.05309765935755642 -0.017702636025253297 0.041147934255665444 -0.074937356468693289 0.0073097606387610521 -0.17366381181129434 -0.024463774547479594 -0.061104583893341578 -0.046109250695625811 0.032644273614717889 0.032843284570286749 -0.042034780241572589 -0.17994863049583176 -0.069735910559181546 0.029043879318938134 0.056454226607211777 -0.011463171284478222 0.032180425027369841 0.0075969552262049886 -0.065845578314450107 0.020259878419290524 0.026611554487422029 0.023074416024327169 -0.090916020390292063 -0.0091393046193480425 0.0059451210989082863 -0.008808523763883103 -0.027512961142795059 -0.10300181130819001 -0.01665568052664778 -0.00033855100417806927 -0.015336475347070095 -0.080629630985963319 -0.006109887569536049 -0.049117439142630934 -0.019485362091072767 -0.19733670162656627 0.033682877444221125 -0.094067553065403431 0.042505456055212852 0.0058478405754429511 -0.042255642153186522 -0.18431145677738209 0.028458635816872111 0.026020824815984556 -0.1282163046649043 -0.09642070887363878
leaf_weight=5569 1417 3228 513 3337 344 2206 1588 3115 1498 1703 3905 83 891 395 3383 2457 4028 632 301 2588 1184 1175 1225 831 350 3877 940 1803 1684 3209 7680 2713 6731 616 1109 60 6108 1471 7105 2972 312 67 12396 259 536 1217
leaf_count=5569 1417 3228 513 3337 344 2206 1588 3115 1498 1703 3905 83 891 395 3383 2457 4028 632 301 2588 1184 1175 1225 831 350 3877 940 1803 1684 3209 7680 2713 6731 616 1109 60 6108 1471 7105 2972 312 67 12396 259 536 1217
internal_value=-3.73359e-06 -0.0117932 0.0113968 0.00247619 -0.0285196 -0.00831327 0.000771774 0.00410137 -0.0227445 0.0114601 -0.0201351 -0.0336701 -0.0293464 0.0284595 0.0184939 -0.0466403 0.00762976 -0.00135676 0.0104866 -0.00871961 -0.0303994 -0.0296402 -0.0573854 -0.0673755 -0.0563149 0.0147503 -0.053667 -0.077143 0.024604 -0.022887 -0.00658974 -0.0819635 -0.0135518 0.0163376 0.0256402 0.0157564 0.0290036 -0.0748395 0.0312596 0.000779207 0.048113 0.0118362 0.0237219 -0.0713292 -0.0619122 -0.0549643
internal_weight=110811 54477 56334 36994 23369 24868 31108 29520 14069 23196 19222 11170 12571 19340 13771 8115 10076 8052 10799 6048 3460 3099 1857 4147 2216 10286 4949 2743 12126 6324 9383 3316 7622 4953 4337 1244 6409 1821 10442 3055 3695 1242 13813 2972 5658 5122
internal_count=110811 54477 56334 36994 23369 24868 31108 29520 14069 23196 19222 11170 12571 19340 13771 8115 10076 8052 10799 6048 3460 3099 1857 4147 2216 10286 4949 2743 12126 6324 9383 3316 7622 4953 4337 1244 6409 1821 10442 3055 3695 1242 13813 2972 5658 5122
is_linear=0
shrinkage=0.092745


Tree=28
num_leaves=47
num_cat=0
split_feature=100 24 62 38 21 94 1 21 7 74 28 13 1 63 1 23 48 3 68 66 4 15 33 65 42 7 14 100 5 7 30 23 1 42 11 62 29 59 28 100 54 15 55 3 100 24
split_gain=1541.91 1427.95 1272 914.804 812.794 818.431 707.85 690.482 688.462 678.45 610.986 561.6 623.736 552.07 545.396 543.568 536.241 510.241 481.39 413.695 400.776 388.304 388.192 373.818 373.651 357.493 386.63 355.397 345.473 333.15 324.13 323.674 320.452 312.839 311.952 311.849 296.565 295.777 293.828 292.301 287.897 264.752 264.646 263.664 254.933 253.773
threshold=-0.93604999999999994 0.042200811811707102 0.031144879896291406 -0.040937124463568841 0.0056229932902896506 -0.020203783257340947 -0.097962575394615142 0.064148750514127967 -0.00049395148684884982 0.03400557112183656 -0.026300337724589496 -0.023678018492365744 0.018851818115529401 0.023424431304792954 -0.063504922880780593 0.039275030565538008 0.0052196710610471512 0.020479481554322606 -0.011124033758036648 0.048917695760679655 0.0094534533640336007 0.058951670760192802 0.045599089713759901 0.0024770649456039504 0.035962342846078459 -0.025420964496136848 -0.068089555094883444 0.5273000000000001 -0.040938671355575044 0.089060067168469773 0.050482318287480454 0.045862985963765306 -0.012671036047544099 0.012699499242694602 0.054380513628015652 -0.040755673955454298 0.024257736461423252 0.033698079221215753 0.056966002428429356 0.051650000000000008 0.042976581619948655 0.072805073274179413 0.020065286910618155 -0.025519095618117497 0.22715000000000005 0.029537174986280803
decision_type=2 2 2 2 2 2 2 2 2 2 2 2 2 2 2 2 2 2 2 2 2 2 2 2 2 2 2 2 2 2 2 2 2 2 2 2 2 2 2 2 2 2 2 2 2 2
left_child=6 2 3 -2 5 19 33 10 16 11 15 18 -13 -14 20 17 34 40 -4 22 -10 39 28 29 36 -8 -27 -16 -5 41 31 -28 -33 45 -7 -18 42 -21 44 43 -3 -12 -6 -11 -25 -1
right_child=1 7 9 4 24 8 25 -9 14 21 23 12 13 -15 27 -17 35 -19 -20 37 -22 -23 -24 38 -26 26 30 -29 -30 -31 -32 32 -34 -35 -36 -37 -38 -39 -40 -41 -42 -43 -44 -45 -46 -47
leaf_value=0.05112964778306936 0.038532480977578096 -0.11259486891795725 -0.083275785836808433 0.0027574189563594476 0.026592124716427877 0.028028115318381605 -0.0063130643514733619 0.027737897128501561 -0.0092390035934896489 -0.15831766855966281 -0.030517787239693381 0.02018055453646482 -0.0085452290173585951 -0.10705793411659974 -0.038695423059686498 0.0036983830000932695 0.055197315901766179 -0.031363139861401441 -0.014842996967436553 0.053046249462937622 0.048463827265284073 0.03874278819080109 0.027778714685855632 -0.028789772599599892 -0.0050732261078314514 0.02115278426782902 -0.074364811536360126 0.0030875194788055928 -0.049486095680578324 -0.098418366606903396 -0.12608156940750906 0.096460605269966915 -0.070102459647141457 -0.047158108336333077 0.074751965404404735 -0.0081986436756157424 0.0087952357485026889 -0.1050104495910712 0.051917772037322514 -0.034382095141374337 -0.01928799199976686 0.033942347045981577 0.055174551741056718 -0.070002472849779437 0.019255991836668949 -0.05408840710498778
leaf_weight=1097 10513 1936 1284 1355 10924 7265 949 2218 2175 479 4942 6593 1925 656 4845 1092 765 1674 2841 818 1975 292 834 2074 3705 375 2820 2741 5530 560 909 203 194 627 1480 5219 5600 116 907 875 334 616 3743 744 1752 240
leaf_count=1097 10513 1936 1284 1355 10924 7265 949 2218 2175 479 4942 6593 1925 656 4845 1092 765 1674 2841 818 1975 292 834 2074 3705 375 2820 2741 5530 560 909 203 194 627 1480 5219 5600 116 907 875 334 616 3743 744 1752 240
internal_value=-3.84366e-06 0.00292563 0.0079473 0.0133247 0.00883945 -0.000147115 -0.0408591 -0.0207303 0.0079484 -0.015908 -0.0274982 -0.00773025 0.00504849 -0.0335981 -0.00880862 -0.0541964 0.0213012 -0.0702286 -0.0361519 -0.0249081 0.0182201 -0.0614006 -0.0319631 -0.0151051 0.0220048 -0.0580618 -0.0689684 -0.0235969 -0.0392027 -0.0302457 -0.0771635 -0.0633269 0.0150408 0.00687185 0.0359394 -8.95199e-05 0.0269556 0.0333754 0.00446371 -0.0753485 -0.0988762 -0.0233698 0.0338882 -0.104632 -0.00678532 0.0322246
internal_weight=110811 103397 85292 69603 59090 35118 7414 18105 26465 15689 15887 13299 9174 2581 11736 5036 14729 3944 4125 8653 4150 2390 7719 10851 23972 5450 4501 7586 6885 6118 4126 3217 397 1964 8745 5984 20267 934 4733 2098 2270 5558 14667 1223 3826 1337
internal_count=110811 103397 85292 69603 59090 35118 7414 18105 26465 15689 15887 13299 9174 2581 11736 5036 14729 3944 4125 8653 4150 2390 7719 10851 23972 5450 4501 7586 6885 6118 4126 3217 397 1964 8745 5984 20267 934 4733 2098 2270 5558 14667 1223 3826 1337
is_linear=0
shrinkage=0.092745


Tree=29
num_leaves=47
num_cat=0
split_feature=68 60 62 11 15 11 55 21 28 23 1 24 65 7 42 19 1 14 62 28 60 22 7 62 21 100 33 26 11 23 40 15 21 34 63 13 91 3 55 22 60 13 21 29 26 86
split_gain=1485.5 1205.51 906.112 876.817 771.098 759.33 805.313 690.448 733.869 708.8 599.646 593.652 547.737 463.5 509.329 429.641 424.18 423.151 415.152 390.605 387.38 379.175 357.38 353.011 339.52 329.734 314.143 301.409 294.085 292.31 290.591 290.289 317.66 285.003 281.83 280.667 277.442 260.935 259.687 258.266 256.965 255.061 254.857 249.326 249.164 243.549
threshold=0.007081402674228101 0.029762319508049705 0.05058794189166866 0.04206493927765801 0.039351971848029556 -0.099494634212686825 0.0080112705918583011 0.05420432895338171 0.020302535926193455 -0.0019513832599684499 0.0058767452720590507 -0.048172911599818943 0.019539850667993554 -0.010196716959634597 0.014138728682248003 -0.026742178650918897 -0.038601919834530297 -0.034713705584611593 -0.030867261242994094 -0.10738742524112273 0.064356932166715106 -0.0089582280399126985 0.13480056399582926 0.031144879896291406 -0.085782764465803088 0.81280000000000008 -0.058757165160958892 0.00033916871458705006 -0.13294320776811239 0.012192558744377552 0.0058899394643095512 0.076092079706672713 -0.014067164592165298 0.056937387162071307 -0.054086041448259993 0.014159265304626602 0.086600828606624061 0.019382283294947403 -0.0024768342834014996 0.035031437085479351 0.043558746992968612 -0.012528099629778697 0.11247527283319292 0.0078753955940765522 -0.015379886748925098 0.0014919211829253502
decision_type=2 2 2 2 2 2 2 2 2 2 2 2 2 2 2 2 2 2 2 2 2 2 2 2 2 2 2 2 2 2 2 2 2 2 2 2 2 2 2 2 2 2 2 2 2 2
left_child=1 2 3 4 7 39 12 8 9 17 -11 43 13 24 16 21 29 -1 -8 -20 31 -13 30 38 -7 34 -6 -4 -10 -15 -21 32 45 -30 -18 37 41 -26 -16 -2 -14 -5 44 -3 -9 -17
right_child=5 11 27 36 26 6 18 42 28 10 -12 15 40 14 23 20 25 -19 19 22 -22 -23 -24 -25 35 -27 -28 -29 33 -31 -32 -33 -34 -35 -36 -37 -38 -39 -40 -41 -42 -43 -44 -45 -46 -47
leaf_value=-0.0063159710299296968 -0.01625111076591582 0.045456334295200171 -0.077297339442715565 0.0078249072920425593 -0.046025604035897658 -0.086109504717478788 0.061514254244508723 -0.029856974076358862 -0.13725215713085789 0.0011074806894685102 -0.053174861564419008 0.019974867773824179 0.032721814904272319 -0.0011796877161569317 -0.014321525446766535 -0.04872257200640559 0.071667853802273251 -0.055594450331644465 -0.09867708488496485 0.017586405908418267 -0.098039098755210441 -0.045574788348689381 -0.070138765565635836 -0.095714305293452151 -0.014933118334150699 0.036951730901218449 0.025484072571529019 -0.024334734317569058 0.013372292156061925 0.051054255605840759 0.046614259921550702 0.039069342877227374 -0.032854337946800712 -0.051214012166265178 -0.044479059917380909 0.038610889916613433 -0.099940133172691348 0.026145286159619068 -0.084377093042960163 -0.08219325560792097 -0.015869113143882618 0.038915219262502541 0.080400094632043645 -0.02561753030155281 0.031485817547533095 -0.11535338930739519
leaf_weight=1880 1385 964 1610 3674 570 285 3224 782 121 8243 2222 1386 6962 2179 2412 972 192 7407 218 7601 1577 1677 321 838 2916 633 7182 2173 7406 1596 4868 326 3084 638 2735 3171 150 2445 561 810 1081 5944 619 758 2093 920
leaf_count=1880 1385 964 1610 3674 570 285 3224 782 121 8243 2222 1386 6962 2179 2412 972 192 7407 218 7601 1577 1677 321 838 2916 633 7182 2173 7406 1596 4868 326 3084 638 2735 3171 150 2445 561 810 1081 5944 619 758 2093 920
internal_value=-3.65452e-06 -0.00912346 -0.00315319 0.000227648 -0.00597248 0.0126404 0.0152826 -0.0124378 -0.0173027 -0.0269707 -0.0104179 -0.0361035 0.00575529 -0.00247694 -0.0150464 -0.0448115 -0.000753572 -0.0456208 0.0317193 0.0243324 -0.0576772 -0.0159102 0.0264323 -0.0425501 0.0134112 -0.0237211 0.0202227 -0.0468827 0.00608379 0.0209024 0.028921 -0.0456649 -0.0512209 0.00824638 -0.0368494 0.0167399 0.0250868 0.00379943 -0.0275523 -0.0405989 0.026189 0.027041 0.0264268 0.0141636 0.0147945 -0.0811421
internal_weight=110811 64378 52714 48931 39163 46433 44238 31411 27917 19752 10465 11664 28006 19963 11146 9942 7335 9287 16232 13008 6879 3063 12790 3811 8817 3560 7752 3783 8165 3775 12469 5302 4976 8044 2927 8532 9768 5361 2973 2195 8043 9618 3494 1722 2875 1892
internal_count=110811 64378 52714 48931 39163 46433 44238 31411 27917 19752 10465 11664 28006 19963 11146 9942 7335 9287 16232 13008 6879 3063 12790 3811 8817 3560 7752 3783 8165 3775 12469 5302 4976 8044 2927 8532 9768 5361 2973 2195 8043 9618 3494 1722 2875 1892
is_linear=0
shrinkage=0.092745


Tree=30
num_leaves=47
num_cat=0
split_feature=15 74 84 68 65 62 20 87 60 5 33 94 11 7 21 46 38 19 12 7 63 4 38 9 21 4 9 0 12 9 65 12 94 13 95 30 61 100 2 51 47 9 70 95 46 38
split_gain=1360.19 1159.37 1044.64 878.428 617.714 605.229 578.108 610.534 520.029 511.017 504.722 539.743 555.563 499.539 469.597 463.213 396.84 378.094 369.569 368.096 367.606 361.11 357.679 347.003 342.343 342.994 339.397 333.572 365.279 332.087 323.487 322.029 318.659 306.076 305.464 294.46 289.867 287.804 286.023 284.07 273.818 272.632 269.376 266.652 258.249 256.12
threshold=-0.062054601658982245 0.025741894806339701 -0.00089888307770504981 -0.011762638540648898 0.016313216206701404 -0.0092771915716532982 0.025403309943347854 0.011371396726804902 0.027483572038830551 0.032318947704015458 0.026152684580882306 -0.015754176779113099 -0.036931703115824589 0.11544786664034272 0.10525850206223876 -0.014815663669910899 -0.071304999184034226 -0.015314089596468747 0.0086878352901397522 -0.041250738774449743 0.0032060719500178504 0.16377172437931858 -0.0010381782999399497 0.015603870952009753 0.050612858482826158 0.071677283422512963 -0.0011237611883628997 0.13138563189197147 0.019550716004515651 -0.086105361843978739 -0.016032534133226448 0.034775045211801858 -0.016456879321147547 0.046689446714606758 0.049657209297615058 1.0000000180025095e-35 -0.0085841604370971488 0.74330000000000018 0.020959085645604152 0.016302861101315253 -0.0050448286775534989 -0.079598744515618977 -0.028235353143962649 0.051007372517521958 0.067508602163889472 -0.023339056653360949
decision_type=2 2 2 2 2 2 2 2 2 2 2 2 2 2 2 2 2 2 2 2 2 2 2 2 2 2 2 2 2 2 2 2 2 2 2 2 2 2 2 2 2 2 2 2 2 2
left_child=4 2 6 15 14 27 9 41 20 22 11 45 38 -11 16 24 -1 32 -19 40 34 31 -2 36 25 26 -4 28 42 -24 -22 35 -17 39 -7 -21 -6 -10 -13 -14 -18 -8 -3 -31 -37 -5
right_child=1 5 3 10 23 8 7 -9 37 13 -12 12 33 -15 -16 17 19 18 -20 21 30 -23 29 -25 -26 -27 -28 -29 -30 43 -32 -33 -34 -35 -36 44 -38 -39 -40 -41 -42 -43 -44 -45 -46 -47
leaf_value=0.042112780751787871 0.044066657528520826 -0.092333154829451133 -0.037588375607737548 0.01132854434472921 0.066296030170210435 0.0058572775831757422 0.065597460292522905 -0.026561522835991964 -0.085533641880139774 0.0066756311002051797 0.031169564164010368 -0.0053257922346563943 0.022530579859396927 -0.12600634336476513 0.075736503371896316 -0.029132589954148094 0.020775685548523385 -0.0040329397982164011 -0.053714693490082017 -0.031243100896578502 -0.070693028248060313 0.057344515539402757 0.078876752221511609 -0.038081580161801534 0.019463405906126881 0.020432077348513662 -0.095390890349509677 0.011692416218068821 -0.090669216161990626 0.019876344887927517 -0.020073618938251603 -0.1046978865926137 0.033594581149016374 0.058747300141600033 -0.073088699123597375 -0.095013308973521435 -0.0018897653705418202 0.0042179148282889753 -0.064119892403999554 -0.010120487511311295 -0.051293996547593902 0.011220736309834174 0.017288605991136786 -0.045426822255442235 0.045689660383297089 -0.034728123944671174
leaf_weight=391 11492 238 1842 1369 848 4146 925 4153 1854 4754 6118 2167 8110 257 269 980 850 3178 2166 2003 1744 197 784 1213 609 456 1665 6775 621 9710 2881 1630 2406 1437 469 1496 1457 368 1060 3194 971 5562 1010 569 121 4296
leaf_count=391 11492 238 1842 1369 848 4146 925 4153 1854 4754 6118 2167 8110 257 269 980 850 3178 2166 2003 1744 197 784 1213 609 456 1665 6775 621 9710 2881 1630 2406 1437 469 1496 1457 368 1060 3194 971 5562 1010 569 121 4296
internal_value=-3.61848e-06 0.00348374 0.00852958 -0.00174184 -0.0302786 -0.0164064 0.0195667 0.0012022 -0.03038 0.0266545 0.0076505 0.000998149 0.00972447 -0.000133319 -0.0446306 -0.0213372 -0.0488626 -0.0088099 -0.024174 -0.0537602 -0.0206892 -0.0658289 0.0326064 0.00206149 -0.0452523 -0.0552014 -0.0650404 0.00212153 -0.0325615 0.0206996 -0.0391674 -0.0704563 0.0154347 0.0184313 -0.00216669 -0.0550273 0.0231947 -0.0706645 -0.0246466 0.0133036 -0.0176481 0.0189791 -0.00362223 0.016259 -0.0844699 -0.0235957
internal_weight=110811 99365 79259 41053 11446 20106 38206 10640 11462 27566 27751 21633 15968 5011 7928 13302 7659 8730 5344 7268 9240 5447 22555 3518 4572 3963 3507 8644 1869 11063 4625 5250 3386 12741 4615 3620 2305 2222 3227 11304 1821 6487 1248 10279 1617 5665
internal_count=110811 99365 79259 41053 11446 20106 38206 10640 11462 27566 27751 21633 15968 5011 7928 13302 7659 8730 5344 7268 9240 5447 22555 3518 4572 3963 3507 8644 1869 11063 4625 5250 3386 12741 4615 3620 2305 2222 3227 11304 1821 6487 1248 10279 1617 5665
is_linear=0
shrinkage=0.092745


Tree=31
num_leaves=47
num_cat=0
split_feature=9 20 2 5 8 1 48 63 100 34 63 33 7 5 22 21 12 24 58 42 28 1 38 13 90 100 59 7 38 69 62 11 51 58 42 31 74 33 39 2 38 13 46 11 48 74
split_gain=1270.62 918.588 880.64 852.139 807.448 786.243 721.953 696.256 599.448 595.694 550.419 622.323 719.753 521.189 507.18 461.015 439.308 438.071 419.385 397.331 396.909 396.256 421.938 368.874 367.298 353.377 344.233 331.74 375.282 319.828 341.676 316.822 314.501 310.624 350.176 288.437 286.733 286.229 320.479 281.518 328.745 280.586 274.423 274.093 270.127 266.693
threshold=0.0032962987332410005 -0.020980856306515448 -0.036110331403089592 -0.032496793430531093 -0.023806156560045796 0.036597395995265555 -0.007416445012973949 -0.023931174831163946 -0.84379999999999988 0.040669137828086753 -0.042781752915602288 -0.0055711313291254491 -0.0076816021444839995 0.16958822993925374 0.038020389250850356 0.065684650793708957 -0.0060205814491441989 0.020271015102350354 0.0028636511296203505 -0.016352971314344298 -0.029058607615210796 -0.08748175022996374 0.00034462195204055005 0.017457772606156902 0.022336023200243502 -0.93924999999999992 -0.025155090858421995 -0.025420964496136848 -0.015362602106234998 0.030572061522149353 0.044769411051733508 -0.034684865799351546 -0.039284319877217692 -0.031913420671447992 0.0017016108425216502 0.037288142335683706 0.046785908019441158 -0.064143912206451381 -0.032645543442947594 -0.011055651086995699 -0.024840970977035599 -0.070101486074352529 -0.010017407860130449 -0.039936154043184395 -0.018195033767733196 0.014620393258208303
decision_type=2 2 2 2 2 2 2 2 2 2 2 2 2 2 2 2 2 2 2 2 2 2 2 2 2 2 2 2 2 2 2 2 2 2 2 2 2 2 2 2 2 2 2 2 2 2
left_child=1 17 5 25 8 14 9 -7 -5 16 -8 12 35 20 45 21 41 33 26 -10 -6 -14 -23 37 -15 -4 -9 -22 -29 30 31 -13 -27 -1 -35 -12 -25 -18 -39 -19 -41 -3 -40 -36 -45 -2
right_child=2 6 3 4 13 7 10 18 19 -11 11 29 15 24 -16 -17 23 39 -20 -21 27 22 -24 36 -26 32 -28 28 -30 -31 -32 -33 -34 34 43 -37 -38 38 42 40 -42 -43 -44 44 -46 -47
leaf_value=0.064355076944094508 0.039071443844174644 -0.046300277601823536 -0.037586221971961604 -0.10499089196485997 -0.061527943672618657 0.030224030742099936 0.028544798718862167 -0.0031543330873292971 -0.0051018466049180195 -0.027361477174065594 -0.010086279342893512 -0.033931889299500417 0.025631837787607963 0.038229999371121259 -0.019583702112314482 0.076533648548241157 -0.092984257113018998 0.030926148771660434 -0.010588490157512903 -0.059539021735889555 0.0073062562072018118 -0.038774043072551084 -0.089140042108720521 0.042405899415368403 -0.050687667906455298 -0.041633616426023069 -0.096572647000744027 0.0023114710572278135 -0.048062315021390759 0.032327146435873248 -0.056241497717113204 0.0092188949588602014 0.016804606505766099 0.044082130472971506 -0.031413978877117214 0.061167690572392359 -0.065631453994661706 0.042116183421664545 -0.044367621357831795 0.038475053330282921 -0.025652635335869207 0.041474241937538479 0.0045825064793994404 0.053960828219974687 0.0060170819190677963 0.0053183163467315064
leaf_weight=2413 6309 327 1617 1721 2295 1353 2985 435 1705 2481 4127 1874 494 1953 2394 241 312 2167 1462 3568 2918 3266 2549 2686 502 895 1547 1915 3786 2271 1052 6679 6871 5658 1044 554 229 1135 1555 894 2974 7268 2686 1476 3209 2959
leaf_count=2413 6309 327 1617 1721 2295 1353 2985 435 1705 2481 4127 1874 494 1953 2394 241 312 2167 1462 3568 2918 3266 2549 2686 502 895 1547 1915 3786 2271 1052 6679 6871 5658 1044 554 229 1135 1555 894 2974 7268 2686 1476 3209 2959
internal_value=-3.4062e-06 0.00839522 -0.011747 -0.0212713 -0.0319269 0.0054653 0.00103394 -0.0261385 -0.057461 0.0149536 -0.00893053 -0.0137725 -0.0294237 -0.0185668 0.0184666 -0.0492713 0.0214361 0.02501 -0.0482855 -0.0419408 -0.0272523 -0.0540824 -0.0608576 0.00708267 0.0200387 0.00185227 -0.0760799 -0.0181223 -0.0311398 0.00102776 -0.00637196 -0.000234854 0.0100668 0.0341247 0.027716 -0.00164719 0.0339083 -0.00666361 -0.00164672 0.00416471 -0.0108257 0.0376917 -0.013364 0.0115489 0.0211269 0.028297
internal_weight=110811 64606 46205 29746 20363 16459 44771 4797 6994 18679 26092 23107 11231 13369 11662 6550 16198 19835 3444 5273 10914 6309 5815 8603 2455 9383 1982 8619 5701 11876 9605 8553 7766 13800 11387 4681 2915 5688 5376 6035 3868 7595 4241 5729 4685 9268
internal_count=110811 64606 46205 29746 20363 16459 44771 4797 6994 18679 26092 23107 11231 13369 11662 6550 16198 19835 3444 5273 10914 6309 5815 8603 2455 9383 1982 8619 5701 11876 9605 8553 7766 13800 11387 4681 2915 5688 5376 6035 3868 7595 4241 5729 4685 9268
is_linear=0
shrinkage=0.092745


Tree=32
num_leaves=47
num_cat=0
split_feature=15 21 28 11 100 39 38 91 33 80 93 70 62 24 55 2 7 20 1 88 14 68 38 12 21 10 5 94 9 30 90 21 82 59 51 12 19 100 3 34 22 34 33 74 38 3
split_gain=1219.85 1137.91 1011.96 825.752 727.507 645.752 599.764 532.363 500.156 479.871 463.783 451.729 445.02 444.558 459.715 444.383 439.792 425.051 403.727 517.526 422.706 384.737 376.107 465.651 348.954 346.504 343.939 338.721 332.347 325.58 320.543 320.24 311.459 302.584 302.565 302.047 299.732 292.717 289.224 288.894 288.578 283.932 282.774 276.525 274.216 273.128
threshold=0.034444313149233262 -0.0025788049096728497 0.025985087069816552 0.016253589878105903 -0.93924999999999992 0.014367112691130201 -0.0010381782999399497 0.052927809122010457 -0.029033681115620744 0.00024638303422570005 0.027443595326335554 0.058058332997847809 0.042372820362293902 0.10994557259447872 -0.0040464129639204488 0.033037530489750007 0.10233997228199336 -0.0050134717836638988 -0.0036249441593078995 0.031623667632711204 -0.035338692749911742 0.023586277076949502 -0.048028776725024237 0.022765126727611554 -0.054317581960501286 -0.046500160150919345 -0.0047711922944378487 0.0017364484472943502 -0.0079791068551546482 0.012381070397990052 -0.0092531280260355984 0.094691000577307102 -0.048958086374180691 -0.010334785456969298 0.057180107756335558 0.042134195168625856 0.038184072884918811 0.66010000000000002 -0.012025422060187198 -0.019307001079451245 -0.017367309557122197 0.045704031584765555 -0.057584775010464488 0.010492454847935153 -0.043069114035077342 -0.072599118313715238
decision_type=2 2 2 2 2 2 2 2 2 2 2 2 2 2 2 2 2 2 2 2 2 2 2 2 2 2 2 2 2 2 2 2 2 2 2 2 2 2 2 2 2 2 2 2 2 2
left_child=1 2 3 6 29 16 18 8 15 -8 12 21 26 14 42 -5 17 45 19 24 -20 33 -4 25 -1 -24 -7 32 34 -3 -26 -28 -10 -11 -12 -21 -29 -22 -34 -18 -16 -42 -2 -19 -41 -6
right_child=13 4 22 7 5 10 9 -9 27 11 28 -13 -14 -15 40 -17 39 43 20 35 37 -23 23 -25 30 -27 31 36 -30 -31 -32 -33 38 -35 -36 -37 -38 -39 -40 44 41 -43 -44 -45 -46 -47
leaf_value=-0.041159759965106034 -0.043803323306333013 -0.0037119234411408255 0.049382022427213727 -0.0078045993344592291 -0.005183349518336996 0.025954061173079426 -0.031829180732766416 -0.082876017303910768 0.082246028393629683 -0.061299470378277807 0.0038947327975372018 0.034389287692294934 -0.048695297882339478 -0.064519437587927761 0.048756700997741736 -0.07998562932603509 0.03148287224143663 0.01796185231194268 0.033312183706716562 -0.045657076408631724 -0.095929113055700274 -0.030520919269703715 -0.031742881837066896 -0.029950084580663318 0.049925403006144238 0.025753037119921142 -0.015013438247026655 0.038594540254470226 -0.07299647173513818 -0.061897792216074873 -0.0041005102888507592 0.059805074342635232 -0.046911330837909562 -0.11716929475092125 -0.16434772024860533 -0.1777316222473993 -0.022128109304505063 -0.0083744251099379663 0.0030918446574058909 0.061741286045652016 0.026751452585994654 -0.027664706692988334 0.010288416213918544 -0.0094698662490632687 -0.093720433187913885 0.038132194569228547
leaf_weight=1197 901 1467 1614 1988 1431 4649 4147 756 298 1335 1242 305 1389 552 5069 1163 339 9275 382 732 1327 976 1101 2882 1496 4969 5217 3570 1415 1898 2561 543 1599 2232 99 187 869 437 2632 114 7385 928 10697 4794 667 9985
leaf_count=1197 901 1467 1614 1988 1431 4649 4147 756 298 1335 1242 305 1389 552 5069 1163 339 9275 382 732 1327 976 1101 2882 1496 4969 5217 3570 1415 1898 2561 543 1599 2232 99 187 869 437 2632 114 7385 928 10697 4794 667 9985
internal_value=-3.17628e-06 -0.00532774 -0.0165255 -0.0251715 0.00492187 0.008312 -0.0383987 -0.00738242 -0.00267006 -0.0549997 -0.00739382 -0.074814 0.000607237 0.0177806 0.0196005 -0.034455 0.0169042 0.0194045 -0.0204457 -0.00839549 -0.0550964 -0.0821502 0.00817644 0.000744417 0.00283441 0.015321 0.00718874 0.00849713 -0.0416466 -0.0365377 0.01582 -0.00795525 -0.00934494 -0.0962696 -0.00854801 -0.0725936 0.0267034 -0.0742516 -0.0158043 -0.0399659 0.0313136 0.0206745 0.0060841 0.00861354 -0.0709965 0.0327014
internal_weight=110811 85279 40755 30189 44524 41159 17314 12875 12119 8995 14554 4848 11798 25532 24980 3151 26605 25485 8319 6173 2146 4543 10566 8952 5254 6070 10409 8968 2756 3365 4057 5760 4529 3567 1341 919 4439 1764 4231 1120 13382 8313 11598 14069 781 11416
internal_count=110811 85279 40755 30189 44524 41159 17314 12875 12119 8995 14554 4848 11798 25532 24980 3151 26605 25485 8319 6173 2146 4543 10566 8952 5254 6070 10409 8968 2756 3365 4057 5760 4529 3567 1341 919 4439 1764 4231 1120 13382 8313 11598 14069 781 11416
is_linear=0
shrinkage=0.092745


Tree=33
num_leaves=47
num_cat=0
split_feature=24 62 9 48 49 2 3 27 91 38 38 55 7 28 21 2 70 13 1 31 84 21 28 22 11 50 100 53 2 94 21 8 6 3 0 22 33 34 53 68 82 84 20 4 12 19
split_gain=1198.05 1046.31 871.862 731.744 661.139 632.485 680.483 606.941 559.478 530.827 506.211 475.358 423.478 410.993 482.451 419.561 391.554 388.909 369.77 361.403 354.93 346.092 341.369 331.925 327.032 326.257 323.007 321.551 311.554 311.233 300.22 299.306 298.121 294.143 281.403 264.001 260.138 256.046 258.882 247.978 266.279 280.918 247.433 303.38 399.288 253.757
threshold=0.038025008673170053 0.031714432773878358 -0.0069727208777144991 -0.01241925043746925 -0.054548338616430096 -0.10244492144549054 0.10115501634649351 -0.021994671975214545 0.033580979148041305 -0.0010381782999399497 -0.0035577108361844996 0.007682929832743551 0.037571758838667008 0.056966002428429356 0.05287311430924841 0.014751504694595052 -0.03334200883525839 -0.036577189847623592 0.080261532039906172 0.03933459682724131 -0.012017244998439298 -0.032435441913664896 0.01322285481738465 0.016597069456962005 -0.068029734234783937 0.0063308194108084512 -0.61224999999999985 0.027056552896182404 -0.058138277707058698 -0.020203783257340947 0.020175123619115404 -0.0083496893711415988 0.057348430216515908 0.071710399043973153 0.13570511280436789 0.0055237219283639514 -0.070130343989338137 -0.028823662825041046 -0.049239345412931339 -0.0087638055656011991 -0.084710232634972085 -0.0091957193181868985 0.045994658810981255 0.00092078632227555015 0.038180784966998553 0.020585861424804654
decision_type=2 2 2 2 2 2 2 2 2 2 2 2 2 2 2 2 2 2 2 2 2 2 2 2 2 2 2 2 2 2 2 2 2 2 2 2 2 2 2 2 2 2 2 2 2 2
left_child=1 2 3 42 31 18 8 16 9 24 17 19 -11 14 15 -9 34 -3 -6 20 -5 36 28 -19 -7 29 -18 -28 -12 -22 -25 -4 -20 37 -2 -13 -10 38 -30 40 -17 -42 43 44 -1 -46
right_child=7 10 4 11 5 6 -8 13 21 12 22 35 -14 -15 -16 39 26 23 32 -21 25 -23 -24 30 -26 -27 27 -29 33 -31 -32 -33 -34 -35 -36 -37 -38 -39 -40 -41 41 -43 -44 -45 45 -47
leaf_value=0.041334186511696132 -0.17463110218553082 -0.038677773540954898 -0.076316945855574705 0.015626118606011725 0.052988608084360338 -0.02999272705516761 0.034513356293935482 -0.0097897531345214547 -0.25035849237212626 -0.0051170667071984881 0.00089724669110905408 0.039827735529495097 -0.046016275693395815 0.027514762832932867 0.022504269751560061 0.16801603855958955 -0.061550428424007063 0.026192320948973669 -0.088916558470644391 0.035169837327551239 -0.068914082024149642 -0.025909605127456891 -0.0087233679194916539 -0.044356404940613291 0.0187396928008755 0.0085453449486605007 0.0018494176135672859 -0.06284315257210317 -0.17774268121900302 -0.017863385091504758 0.036148650915470447 -0.016814452213684463 0.041921027058896401 -0.00018430734311441761 -0.066690149173700905 0.0082050119337604924 -0.077626152965209513 -0.083117108885578203 -0.0060942229603399159 -0.028931656516452495 -0.029670255293052453 -0.11262235960178221 0.0084764527314958784 0.060609203631102754 0.0074382361656720299 -0.087970486556597199
leaf_weight=4754 259 1723 1292 4265 2995 1349 3912 6533 84 8311 921 5348 2951 2242 2339 37 1977 4098 315 2116 1347 2612 3096 1349 9690 2834 2597 886 84 4331 565 1665 285 626 1055 3949 695 2677 734 2293 549 978 2133 4737 896 327
leaf_count=4754 259 1723 1292 4265 2995 1349 3912 6533 84 8311 921 5348 2951 2242 2339 37 1977 4098 315 2116 1347 2612 3096 1349 9690 2834 2597 886 84 4331 565 1665 285 626 1055 3949 695 2677 734 2293 549 978 2133 4737 896 327
internal_value=-3.20732e-06 0.00476165 0.009443 0.0194442 -0.000801543 0.00294113 -0.00151952 -0.0195202 -0.00700693 -0.00166923 -0.0168238 0.00994292 -0.0158361 -0.00909592 -0.0155458 -0.0241134 -0.042555 0.000163145 0.0396746 -0.00032846 -0.00620906 -0.0421034 -0.0329706 0.0112983 0.0127826 -0.0171515 -0.0316094 -0.0146069 -0.0478554 -0.0299795 -0.0205829 -0.0428223 -0.0267556 -0.0587537 -0.0880099 0.0263978 -0.0963544 -0.0692394 -0.0237932 -0.0483687 -0.0768464 -0.0828188 0.0373326 0.0430758 0.0291754 -0.0180751
internal_weight=110811 89066 73193 37037 36156 33199 29604 21745 25692 22301 15873 24190 11262 14971 12729 10390 6774 7735 3595 14893 12777 3391 8138 6012 11039 8512 5460 3483 5042 5678 1914 2957 600 4121 1314 9297 779 3495 818 3857 1564 1527 12847 10714 5977 1223
internal_count=110811 89066 73193 37037 36156 33199 29604 21745 25692 22301 15873 24190 11262 14971 12729 10390 6774 7735 3595 14893 12777 3391 8138 6012 11039 8512 5460 3483 5042 5678 1914 2957 600 4121 1314 9297 779 3495 818 3857 1564 1527 12847 10714 5977 1223
is_linear=0
shrinkage=0.092745


Tree=34
num_leaves=47
num_cat=0
split_feature=11 42 1 6 2 33 63 84 3 18 60 40 74 93 45 30 70 11 82 62 28 68 22 9 94 65 12 90 30 62 26 70 70 61 13 7 73 41 15 93 19 63 77 7 70 65
split_gain=1102.14 942.18 849.121 859.692 787.353 709.152 679.224 593.089 560.949 476.731 476.391 468.942 442.591 434.446 433.408 436.893 406.734 416.904 400.869 375.907 372.705 371.93 366.608 352.627 351.96 337.051 333.358 452.627 332.102 335.388 314.347 307.97 307.06 294.313 281.636 281.582 273.577 271.292 266.879 265.107 263.502 262.981 261.545 260.227 260.067 261.202
threshold=0.034479150597148955 0.013792871880041952 0.023233723475790755 0.082748586401843974 -0.021507250821265294 -0.057584775010464488 -0.030597587034172147 0.011215160588477801 0.013694470897418601 -0.038462464879082642 -0.0055201616683515494 0.0076675630692635511 0.027673106704240204 0.030953930710610405 0.026669023568197402 -0.0014800088052675498 -0.0015196479553671999 0.0047572588312820513 0.035852235230708206 -0.0035713249539449997 1.0000000180025095e-35 -0.038091430541812694 -0.0038947698088495496 0.010166383131484501 -0.018650326480397696 0.017512807125124704 -0.027556436468500495 0.037171744738783159 0.024171443642042753 -0.030330034889849849 0.0013899080135667001 0.012562431323180351 -0.018148667344736247 0.033853269422661154 -0.041083868429181748 0.08503350434992317 -0.027045987293206546 -0.024700165277809345 -0.019352198403562098 0.069721244851971217 -0.046786754522366393 0.079626090336848365 0.06196055909280216 0.013523990410904402 -0.010697795697102797 0.017512807125124704
decision_type=2 2 2 2 2 2 2 2 2 2 2 2 2 2 2 2 2 2 2 2 2 2 2 2 2 2 2 2 2 2 2 2 2 2 2 2 2 2 2 2 2 2 2 2 2 2
left_child=1 2 4 6 22 32 40 12 10 -8 -7 21 25 18 15 -11 38 -18 20 -14 35 33 42 -24 43 30 -10 36 -5 -30 -3 -29 -6 39 -26 -9 -28 -13 -12 -2 -4 -17 -1 -23 45 -39
right_child=11 7 3 28 5 8 9 13 26 14 16 37 19 -15 -16 41 17 -19 -20 -21 -22 24 23 -25 34 -27 27 31 29 -31 -32 -33 -34 -35 -36 -37 -38 44 -40 -41 -42 -43 -44 -45 -46 -47
leaf_value=0.044463365331032026 -0.0082465799613725271 -0.025163790572196559 0.073453466580698706 0.061426499682136704 -0.10317760695523039 0.010612144706237303 0.0055522733048363367 -0.03200332303122546 0.045425191994213431 -0.034442432863113125 -0.078915777326668116 0.05483178154560945 -0.0054782480619581598 -0.077254638867891245 -0.0057193185607137395 -0.081448374373108146 -0.02312459251289924 0.040731874934678398 -0.072409438158720668 -0.065078276611467464 0.00075843830777709467 0.0057660886988006874 0.028576326597626763 -0.014794586193324072 -0.010675517512481194 0.020777082617309713 0.053272093135811799 -0.11334465642795936 0.096549853627528923 -0.052842001606656912 0.006429016869128161 0.0092921044695671931 -0.024644102050697291 -0.1148405899266416 0.027153859446446549 -0.12067683332583522 0.007574997316105397 -0.018144175314507884 -0.026810796084566022 -0.17972664662938265 -0.0028598588919009674 -0.18576019731741197 -0.053961509916573981 -0.04310592428783333 0.03526052912661589 0.037475034368194202
leaf_weight=6868 1695 5704 494 1373 740 5875 1385 3469 2923 2144 1413 2942 1696 1808 1261 2767 3168 1217 1443 1966 3956 2562 3948 2725 2092 4200 1368 414 170 536 5158 306 1018 304 8858 338 6395 2075 2109 81 1829 225 240 1477 4959 1117
leaf_count=6868 1695 5704 494 1373 740 5875 1385 3469 2923 2144 1413 2942 1696 1808 1261 2767 3168 1217 1443 1966 3956 2562 3948 2725 2092 4200 1368 414 170 536 5158 306 1018 304 8858 338 6395 2075 2109 81 1829 225 240 1477 4959 1117
internal_value=-3.22705e-06 -0.00540257 0.00202093 -0.0194592 0.00844739 -0.000774215 -0.0306343 -0.0186111 0.00320043 -0.0437717 -0.00939001 0.015842 -0.0085645 -0.0356886 -0.0544526 -0.0664141 -0.0242534 -0.00539745 -0.0275217 -0.0374817 -0.0191737 0.0061928 0.026479 0.0108634 0.0112935 -0.00153242 0.0184147 0.00910477 0.0348479 -0.0168257 -0.0101604 -0.0612221 -0.0577206 -0.030554 0.0199252 -0.0398881 0.0156312 0.0306877 -0.0477235 -0.0161028 0.0133698 -0.0893142 0.0411361 -0.0121041 0.0219699 0.0013164
internal_weight=110811 82649 52911 12184 40727 26946 10105 29738 25188 7782 13782 28162 18724 11014 6397 5136 7907 4385 9206 3662 7763 17069 13781 6673 14989 15062 11406 8483 2079 706 10862 720 1758 2080 10950 3807 7763 11093 3522 1776 2323 2992 7108 4039 8151 3192
internal_count=110811 82649 52911 12184 40727 26946 10105 29738 25188 7782 13782 28162 18724 11014 6397 5136 7907 4385 9206 3662 7763 17069 13781 6673 14989 15062 11406 8483 2079 706 10862 720 1758 2080 10950 3807 7763 11093 3522 1776 2323 2992 7108 4039 8151 3192
is_linear=0
shrinkage=0.092745


Tree=35
num_leaves=47
num_cat=0
split_feature=68 63 46 55 26 1 42 23 4 90 61 11 7 32 24 19 62 100 29 12 49 24 86 15 72 21 38 60 3 48 40 7 62 22 19 84 15 28 4 13 12 11 20 7 22 74
split_gain=1029.83 846.047 948.394 717.966 601.602 591.559 573.332 543.304 469.693 440.64 433.417 428.325 426.23 425.587 408.125 373.911 371.791 367.004 365.706 353.454 351.92 350.736 346.002 339.581 331.376 326.879 366.017 326.498 318.672 312.186 308.588 315.062 280.551 280.109 276.986 267.443 288.078 262.918 258.4 258.039 256.666 254.307 254.084 377.687 292.258 364.067
threshold=-0.0033016131934553495 0.0047384361333897016 1.0000000180025095e-35 0.010551932312396503 -0.0010822605466523497 -0.019854513424471146 -0.023607551974451597 0.026786772269147555 -0.18497435663030062 0.0080688868296852519 0.00090438137800880004 -0.069640024415746085 0.057402110332118554 0.0042795906770620512 0.026698098364816705 -0.030796346081406797 -0.018612138012055645 0.86260000000000014 0.029211320616424754 -0.011709083790774198 -0.061309552942000342 0.088546654434736263 0.0079033191166276526 -0.053498587056858643 -0.0033254637779305497 -0.035447503911086288 -0.033189788645475546 0.064356932166715106 -0.11460074262759225 -0.0026418944736691496 0.0073042638480290507 0.018305065469154554 0.0023737908145810005 0.020313761298822352 0.013421815030002901 0.009020657123730352 -0.0017369293430576497 -0.0084255025660312493 0.054247877551978206 -0.070101486074352529 0.03415679901581966 0.090411043541748962 0.019625006048229605 0.0028962160750008507 0.015065343328355851 0.032213375558753608
decision_type=2 2 2 2 2 2 2 2 2 2 2 2 2 2 2 2 2 2 2 2 2 2 2 2 2 2 2 2 2 2 2 2 2 2 2 2 2 2 2 2 2 2 2 2 2 2
left_child=1 4 6 5 14 7 -3 9 -7 20 32 33 23 16 15 -1 -10 27 21 -17 -2 28 -18 -12 -6 26 -11 35 -15 -24 31 -13 -4 -5 -26 36 37 -8 -9 -33 -36 -21 44 -44 -22 -46
right_child=3 2 10 11 24 8 17 38 13 25 12 30 -14 18 -16 19 22 -19 -20 41 42 -23 29 -25 34 -27 -28 -29 -30 -31 -32 39 -34 -35 40 -37 -38 -39 -40 -41 -42 -43 43 -45 45 -47
leaf_value=0.026824120872883852 -0.083793732195067888 -0.0046958364895758409 0.029438306970532725 0.010147104078969023 0.029130696995481042 0.070764517852684436 -0.096655138354360209 0.025100804458535044 -0.0021002406886526867 0.031842059363196076 -0.073621139725964985 0.028354257238920773 -0.088149102515385921 0.098732826240503599 -0.041212161943149014 0.010518729756899959 -0.028151787351315224 0.0017418192524538809 -0.034222217638192755 -0.041017911638249908 0.036388591028873318 -0.11311479244104139 -0.034174341771987617 -0.00013472212483626119 0.01462272516986067 -0.0066340602452502392 -0.080641117584734287 -0.14019926593561746 0.011864699324172077 -0.1110054783124676 0.041112772048035616 -0.072113020595221872 -0.011259352644198818 -0.052917342619743686 -0.0056795131178385815 -0.07573003651399253 -0.015144411427748736 -0.03499688944095037 0.077625048507889038 0.0040507631721213751 -0.067977096762906072 0.087855181692710255 0.019618981869966204 -0.038598990123009089 0.0096389096241139179 -0.11100456725114387
leaf_weight=2481 318 2791 3621 1601 6577 546 1066 5376 2616 318 647 7222 758 398 3466 2461 3706 948 1845 3220 5449 178 812 3293 5097 5459 1139 407 4140 1037 7554 429 2437 974 2427 3136 2083 1349 948 3518 743 137 2372 1608 1860 243
leaf_count=2481 318 2791 3621 1601 6577 546 1066 5376 2616 318 647 7222 758 398 3466 2461 3706 948 1845 3220 5449 178 812 3293 5097 5459 1139 407 4140 1037 7554 429 2437 974 2427 3136 2083 1349 948 3518 743 137 2372 1608 1860 243
internal_value=-3.21355e-06 -0.0100186 -0.0232414 0.00797841 0.00117972 0.000709092 -0.0414213 0.00947038 -0.013678 0.00154679 -0.00332873 0.0217558 -0.02447 -0.0168098 -0.0144838 -0.00331827 -0.0309349 -0.0528222 0.000779872 -0.0161751 0.0124045 0.0144776 -0.0445107 -0.0122101 0.0135952 -0.0170548 -0.0560801 -0.0592566 0.0194921 -0.0772825 0.0266336 0.0168388 0.0130645 -0.0137051 0.00123338 -0.0549344 -0.0404288 -0.0622272 0.0329798 -0.00422865 -0.0202902 -0.0357475 0.0150604 -0.0038999 0.0250543 -0.00430804
internal_weight=110811 49145 22536 61666 26609 40368 11780 25090 15278 18766 10756 21298 4698 14732 11765 8299 8171 8989 6561 5818 11850 4716 5555 3940 14844 6916 1457 8041 4538 1849 18723 11169 6058 2575 8267 7634 4498 2415 6324 3947 3170 3357 11532 3980 7552 2103
internal_count=110811 49145 22536 61666 26609 40368 11780 25090 15278 18766 10756 21298 4698 14732 11765 8299 8171 8989 6561 5818 11850 4716 5555 3940 14844 6916 1457 8041 4538 1849 18723 11169 6058 2575 8267 7634 4498 2415 6324 3947 3170 3357 11532 3980 7552 2103
is_linear=0
shrinkage=0.092745


Tree=36
num_leaves=47
num_cat=0
split_feature=34 24 65 74 79 33 7 100 63 60 100 23 1 69 15 21 32 14 31 1 6 94 93 2 88 32 19 26 17 48 18 19 91 21 15 53 22 14 89 28 20 4 29 22 10 41
split_gain=973.361 964.666 917.333 786.619 609.597 594.02 675.959 470.811 448.642 447.196 426.286 465.356 413.94 410.061 406.367 378.101 372.636 370.579 367.156 405.611 366.455 337.557 336.73 328.467 323.241 318.614 320.02 309.898 308.434 329.169 298.604 293.919 285.763 281.726 265.913 263.125 251.365 251.032 249.617 246.691 243.131 241.355 239.206 237.846 231.456 228.421
threshold=0.051907964861713458 -0.034659106180244745 0.014451859164589151 0.025254314853841452 -0.047505527612921337 0.023088422292553753 0.0019614815398792005 0.40130000000000005 0.0032060719500178504 0.023824203082072653 0.78475000000000017 0.019209032152973503 0.016521050577421304 -0.041568285062475292 -0.078546951473830284 -0.073118113585582525 0.029243342409339602 -0.05910174280876794 0.026917810123920305 0.023233723475790755 0.060211654634231761 -0.058389866392489047 -0.016667675380752697 -0.074804891597230638 0.021182052430138956 -0.061888470259570942 0.0091346239974315017 0.092827874771053615 -0.0086776874025473478 -0.06288946813041689 -0.0043147789465875991 -0.049164282996912896 0.037895834625355909 -0.046634456181304997 -0.064498075460903234 0.0081439510367069014 0.00085113390070050009 -0.00043189064925279995 0.00027839964266060006 0.075295966775113007 0.020589709066912102 0.037154833724021862 0.046549956021655056 -0.056694802089760042 -0.058617277640825298 -0.056883603787003696
decision_type=2 2 2 2 2 2 2 2 2 2 2 2 2 2 2 2 2 2 2 2 2 2 2 2 2 2 2 2 2 2 2 2 2 2 2 2 2 2 2 2 2 2 2 2 2 2
left_child=1 8 3 5 28 6 15 13 31 21 11 17 -13 -6 45 37 24 -8 19 -17 23 -4 -9 -2 -15 26 -10 36 29 -5 39 -1 41 -23 -27 -22 -16 -3 -32 -25 -35 44 -36 -24 -11 -7
right_child=20 2 9 4 7 14 10 22 25 32 -12 12 -14 16 27 18 -18 -19 -20 -21 35 33 43 30 -26 34 -28 -29 -30 -31 38 -33 -34 40 42 -37 -38 -39 -40 -41 -42 -43 -44 -45 -46 -47
leaf_value=0.066202649013571854 0.0023065020655495755 -0.0093351024993718248 -0.044562555730733124 0.19555682682534989 -0.10531680432953332 0.040821945283852495 0.025869216457128318 0.029423634036998519 0.0012629941915891986 -0.07889397570412339 0.0071638195519684962 0.0095338044932472884 -0.06316540610963646 -0.03883366411256553 0.029614993513197605 0.0069971597463088587 0.0049052362388423082 -0.049960305082927418 0.031625980339061166 -0.033174231711239788 0.038319634072295376 -0.0075810984006778976 0.045779694769081399 -0.033584718137792145 -0.096474054348957838 -0.037149238078256132 -0.12878620331605628 0.10263250056664662 0.073504659525192612 -0.051179809728319751 -0.091670532120068898 0.026868096151444549 -0.068660015343909586 0.033352116921778398 0.023988043737235648 -0.03160444295537683 -0.00086545601453043069 -0.10909761104808777 -0.038259625990343098 0.057236765751025633 0.0093946914086155131 0.038843504869444115 -0.023824189235945245 -0.039573044471808677 -0.0053695313606905116 -0.074671146077127729
leaf_weight=2033 1612 460 687 52 1065 193 599 1182 370 414 3133 3214 852 2965 6016 10910 1133 7373 3805 2696 1127 2486 317 3548 1167 875 290 385 686 420 1569 8343 647 11635 6145 785 3794 411 1450 277 5308 949 1054 2438 3323 618
leaf_count=2033 1612 460 687 52 1065 193 599 1182 370 414 3133 3214 852 2965 6016 10910 1133 7373 3805 2696 1127 2486 317 3548 1167 875 290 385 686 420 1569 8343 647 11635 6145 785 3794 411 1450 277 5308 949 1054 2438 3323 618
internal_value=-3.17503e-06 0.00278942 -0.00161615 -0.00826309 -0.0299689 -0.00268469 -0.00883401 -0.0371644 0.0215402 0.0129794 -0.0233062 -0.0312375 -0.00569978 -0.0528274 0.0160048 0.00317495 -0.0422022 -0.0442602 0.00615921 -0.000962242 -0.0270579 0.0193098 -0.0119754 -0.0353492 -0.0551219 0.00604918 -0.0558901 0.0210324 0.0338084 -0.0238663 -0.0442202 0.034578 -0.0108961 0.0215696 0.0111158 0.0096037 0.0178257 -0.0564462 -0.0660283 -0.0270002 0.0258477 -0.00291394 0.0169853 -0.0297434 -0.0135239 -0.0471648
internal_weight=110811 100443 81333 55884 11425 44459 33453 10267 19110 25449 15171 12038 4066 6330 11006 18282 5265 7972 17411 13606 10368 20116 3937 8456 4132 8734 660 10195 1158 472 6844 10376 5333 19429 8074 1912 9810 871 3019 3825 16943 4686 7199 2755 3737 811
internal_count=110811 100443 81333 55884 11425 44459 33453 10267 19110 25449 15171 12038 4066 6330 11006 18282 5265 7972 17411 13606 10368 20116 3937 8456 4132 8734 660 10195 1158 472 6844 10376 5333 19429 8074 1912 9810 871 3019 3825 16943 4686 7199 2755 3737 811
is_linear=0
shrinkage=0.092745


Tree=37
num_leaves=47
num_cat=0
split_feature=15 62 9 20 28 7 6 33 74 2 11 8 25 11 91 3 48 3 24 84 60 29 92 19 26 65 95 15 11 100 46 28 23 4 0 3 31 13 39 32 24 22 69 50 13 18
split_gain=945.263 874.818 795.344 713.357 639.495 497.371 653.466 570.262 464.269 458.718 539.765 521.459 424.793 370.405 369.168 365.232 359.773 344.965 341.295 334.918 329.119 320.479 299.699 297.824 361.227 293.929 290.907 292.674 383.302 290.191 295.999 289.537 284.691 272.315 260.922 284.788 259.856 259.774 256.524 252.377 250.98 244.158 238.936 234.306 232.731 392.133
threshold=0.04157052901458911 0.044769411051733508 0.024625607837935704 -0.014607570635774699 -0.060643550149978291 -0.015217171140112399 0.055948613139835207 0.0080869024093621015 0.03400557112183656 -0.088773401606800043 0.059164201189952456 -0.025639852955086546 -0.0110198908626478 0.035673121564302808 0.041203071185368055 -0.061246959893921843 -0.026199855165483198 0.11683441370628826 0.082957297380862258 0.018324574614672854 0.039151047971006658 0.050368798428460107 -0.0062756580036773995 0.015928671637634555 -0.0053024554531022486 0.0062357860587645012 0.03530601435568665 0.086436990967349567 -0.096374697003733731 -0.97784999999999989 -0.0058269715131970485 -0.022128475840049549 -0.021398544260496297 0.15312424138346722 0.23438136552888386 0.036136025331986253 0.0033132005205230007 -0.055069985681207544 0.017288526823916954 0.052002518442512712 0.0096773958339143509 0.084011125096246073 -0.030864612604072795 0.037201956065769357 -0.0076786144756713992 0.004080774060543451
decision_type=2 2 2 2 2 2 2 2 2 2 2 2 2 2 2 2 2 2 2 2 2 2 2 2 2 2 2 2 2 2 2 2 2 2 2 2 2 2 2 2 2 2 2 2 2 2
left_child=1 2 3 14 13 16 7 12 19 41 11 20 -7 34 15 31 -6 22 26 38 -11 36 40 29 -25 -10 27 28 -2 33 -31 39 -24 -17 35 -5 -18 -9 -3 -1 -13 -4 43 -21 45 -30
right_child=18 8 9 4 5 6 -8 37 25 10 -12 17 -14 -15 -16 23 21 -19 -20 42 -22 -23 32 24 -26 -27 -28 -29 44 30 -32 -33 -34 -35 -36 -37 -38 -39 -40 -41 -42 -43 -44 -45 -46 -47
leaf_value=-0.090510373138860165 -0.049511806620513361 0.0065476712795026031 0.018965176837277827 -0.087328822122728009 0.046727745341645012 -0.048451538606714452 0.036068218103385237 -0.047855990971329671 -0.10396129365065276 -0.043607773359232847 0.016019688663598992 -0.023608165566762502 -0.012531763058018661 0.016056035690224311 -0.020346309272346867 -0.19489513373437836 0.0024566293556703288 0.027506761951489753 -0.030896404875697427 -0.11895330046036698 -0.11077372586942652 -0.039443680077349566 -0.046937465545605975 -0.025446909432336073 0.025017334265354022 -0.01975969937270523 -0.0082996727516697916 0.045593899544945631 0.029212904192039802 0.021032327422368342 0.052856466088661895 0.0091171092858429222 0.0028521116741281791 0.10506952834828016 0.0072526105486811184 -0.017315604543259415 0.036119080211284189 0.014401958360116408 -0.035929927629687081 0.059918703156307256 -0.072882612462298227 -0.087033131727571655 -0.031342361598048186 0.027110653396381079 0.033079656159587204 -0.020562559925145801
leaf_weight=547 688 3410 3547 1734 2562 4367 2609 637 1085 4340 2692 2168 8061 811 1905 86 5955 1307 1178 595 734 1100 1310 1688 4398 532 2627 4365 3116 4553 5620 1542 4012 37 486 703 2950 6036 1906 116 1509 197 1652 112 6809 2417
leaf_count=547 688 3410 3547 1734 2562 4367 2609 637 1085 4340 2692 2168 8061 811 1905 86 5955 1307 1178 595 734 1100 1310 1688 4398 532 2627 4365 3116 4553 5620 1542 4012 37 486 703 2950 6036 1906 116 1509 197 1652 112 6809 2417
internal_value=-2.96672e-06 -0.00416952 -0.00105246 0.00458319 -0.00293607 0.00103412 -0.00746536 -0.0134128 -0.0311107 -0.0161658 -0.0222873 -0.0289933 -0.0251553 -0.0393822 0.0185313 0.0225169 0.0157182 -0.0170079 0.0176079 -0.021591 -0.0533323 0.00777511 -0.0234754 0.0272868 0.0110179 -0.0762754 0.0204628 0.0248074 0.0178421 0.0369016 0.0386157 -0.0129139 -0.00940279 -0.104517 -0.0547685 -0.0671421 0.0136105 0.00845502 -0.0086808 -0.0641559 -0.0438377 0.013378 -0.0506736 -0.0957936 0.0215988 0.00746691
internal_weight=110811 89611 80319 58503 38011 34277 21710 19101 9292 21816 18072 15380 12428 3734 20492 18587 12567 10306 21200 7675 5074 10005 8999 16382 6086 1617 20022 17395 13030 10296 10173 2205 5322 123 2923 2437 8905 6673 5316 663 3677 3744 2359 707 12342 5533
internal_count=110811 89611 80319 58503 38011 34277 21710 19101 9292 21816 18072 15380 12428 3734 20492 18587 12567 10306 21200 7675 5074 10005 8999 16382 6086 1617 20022 17395 13030 10296 10173 2205 5322 123 2923 2437 8905 6673 5316 663 3677 3744 2359 707 12342 5533
is_linear=0
shrinkage=0.092745


Tree=38
num_leaves=47
num_cat=0
split_feature=68 60 33 38 95 52 84 55 48 90 74 79 21 11 22 63 46 91 21 2 21 9 15 19 24 1 13 65 89 28 40 100 64 38 7 0 30 63 13 31 73 90 62 24 49 22
split_gain=882.046 820.299 582.987 692.405 506.448 474.121 445.596 440.311 435.183 418.755 390.893 387.943 387.033 385.232 356.841 344.402 340.426 330.801 318.087 310.783 304.861 312.109 301.205 298.321 294.206 291.35 291.274 293.817 303.099 275.658 266.119 268.459 263.996 253.526 270.513 249.633 247.618 247.208 239.903 238.723 236.547 236.483 233.464 242.476 229.721 221.876
threshold=0.0097691773441483023 0.029762319508049705 0.026152684580882306 -0.0091010686175561992 0.025670312818756653 -0.017315332749570745 -0.0095094201502567473 0.010551932312396503 -0.0016504496392225998 0.049319778396182755 0.043868020411994953 -0.053577187499862844 0.040371801211136753 -0.085845825222668787 0.076900539551017361 0.007662287567705651 -0.0030377835467881495 0.037895834625355909 -0.032435441913664896 0.010286820979613302 -0.073118113585582525 -0.026797320517512397 -0.076708091414308774 -0.018804512398095299 0.00080144080836265009 0.14557294659921924 0.015582429571074903 0.014073159867851801 -0.044074259777097946 -0.10240213885675449 -0.0036238756062155499 -0.97184999999999988 0.034660941797952954 -0.0010381782999399497 0.13480056399582926 0.13208159450316759 0.10427130195741621 -0.021807336541719898 -0.023678018492365744 0.037877267870850058 -0.022299286229130699 0.096167893736937474 -0.019383401282804146 0.058382160598445261 -0.045555685935247343 -0.0026018685432371998
decision_type=2 2 2 2 2 2 2 2 2 2 2 2 2 2 2 2 2 2 2 2 2 2 2 2 2 2 2 2 2 2 2 2 2 2 2 2 2 2 2 2 2 2 2 2 2 2
left_child=1 2 3 13 6 23 26 9 11 10 20 -8 15 -1 29 -10 24 -6 -13 -18 -2 32 -4 38 -7 -16 27 28 -5 -9 39 -32 -22 -31 42 41 -23 -26 -3 -15 -36 -11 -35 -44 -40 -12
right_child=7 5 22 4 17 16 8 14 12 35 45 18 -14 30 25 -17 19 -19 -20 -21 21 36 -24 -25 37 -27 -28 -29 -30 33 31 -33 -34 34 40 -37 -38 -39 44 -41 -42 -43 43 -45 -46 -47
leaf_value=-0.05142281634776346 -0.035354483312216814 -0.030522957377862495 -0.034558602681839419 -0.099285568954471048 -0.033667629818242693 -0.033575553185104953 0.087496832056719417 -0.058030942722921697 -0.026186196021147596 -0.079852185507220619 -0.0032337944534315756 -0.051685305995949844 0.019340588447783167 -0.009734383716395914 -0.052887258596037358 -0.071579122744188789 -0.0016242814291338779 -0.10153667125106372 0.0012896726818020603 -0.0517670132451203 0.020689491527216882 0.0063002925443026827 0.019746254905368365 -0.023154041905455718 -0.032911359900574956 0.069368868709385606 0.032892717830809166 0.029538695537883644 -0.010668458844393514 0.042130457916967338 -0.13398726127922686 0.023351758088989521 0.068533531979438164 0.047480419247347999 0.071699130133122568 -0.022537148940196469 -0.097029210790261916 -0.10259209463512686 -0.086060154447447121 0.029377968521880331 -0.15246056328633389 -0.31308987062332688 0.015218837781579918 -0.059691683449641667 0.063424121719203572 -0.061274403735003792
leaf_weight=916 1187 419 949 370 3907 1997 378 316 3295 281 1241 1218 899 6504 842 2553 2586 734 4879 1806 6594 14356 11768 2168 611 209 2553 1459 3218 6772 94 8584 1168 1857 56 1765 202 1555 96 1691 144 43 4040 409 1079 1043
leaf_count=916 1187 419 949 370 3907 1997 378 316 3295 281 1241 1218 899 6504 842 2553 2586 734 4879 1806 6594 14356 11768 2168 611 209 2553 1459 3218 6772 94 8584 1168 1857 56 1765 202 1555 96 1691 144 43 4040 409 1079 1043
internal_value=-2.89342e-06 -0.00653282 -0.00176393 -0.00689673 -0.016705 -0.0282013 -0.0105287 0.0104824 -0.0208151 0.00364191 0.00687738 -0.00363671 -0.037298 0.007142 0.0235036 -0.0460078 -0.0402675 -0.04441 -0.00929285 -0.0222482 0.010437 0.0128732 0.015692 -0.000757428 -0.0592718 -0.0285504 0.00736526 -0.0055461 -0.0198178 0.0275296 0.010323 0.0216415 0.0278929 0.0295681 0.0164887 -0.0362925 0.00486373 -0.0829493 0.0296943 -0.00166133 -0.089615 -0.111097 0.0198599 0.0083258 0.0511814 -0.0297486
internal_weight=110811 68286 55969 43252 25463 12317 20822 42525 13222 27880 25791 6475 6747 17789 14645 5848 8555 4641 6097 4392 23507 22320 12717 3762 4163 1051 7600 5047 3588 13594 16873 8678 7762 13278 6506 2089 14558 2166 1594 8195 200 324 6306 4449 1175 2284
internal_count=110811 68286 55969 43252 25463 12317 20822 42525 13222 27880 25791 6475 6747 17789 14645 5848 8555 4641 6097 4392 23507 22320 12717 3762 4163 1051 7600 5047 3588 13594 16873 8678 7762 13278 6506 2089 14558 2166 1594 8195 200 324 6306 4449 1175 2284
is_linear=0
shrinkage=0.092745


Tree=39
num_leaves=47
num_cat=0
split_feature=62 21 13 70 5 33 3 48 67 41 15 68 21 14 20 12 60 46 38 65 60 4 63 28 11 51 18 7 21 2 1 55 18 94 30 9 7 97 31 28 1 33 15 65 75 20
split_gain=821.793 821.698 814.312 596.315 687.536 592.157 590.123 495.212 538.584 469.317 454.773 448.053 408.998 564.008 391.909 366.926 356.884 354.462 354.447 341.978 315.35 312.028 308.009 302.985 302.907 288.242 279.813 274.327 322.163 295.355 273.966 262.308 261.068 259.675 255.734 254.797 253.102 251.894 247.913 245.435 245.019 257.145 242.146 237.57 234.633 229.818
threshold=1.0000000180025095e-35 -0.032435441913664896 0.028915617859504403 -0.025535143848342396 0.031675543499455908 0.013396978080533601 -0.019655016499419746 -0.010699549625849748 0.016029887721800602 0.055112396740409006 -0.031315377374797344 -0.032523524315507792 -0.073118113585582525 -0.0016728459883445497 0.0033599621056338504 0.038890464653085453 0.022354599082760003 -0.011667604096852248 0.0081556430002813016 -0.015676839939702546 0.0054084601427213013 -0.0067676444517426491 0.028632470638342251 0.022129399411831355 0.083309252317881111 0.016674298169735906 -0.011324167774954248 -0.013686311631270499 0.078633282980213617 0.0058294032463021509 -0.071940863315820183 0.033304427525052159 0.023745332082118053 0.0066872219311075011 0.065842350269431624 -0.042845470769760891 -0.075419008893203035 0.022530309905072755 -0.03177757148476739 -0.027921103548000946 0.016521050577421304 -0.055317404745391242 0.081809860011285221 -0.025805917431758144 0.078956990969258414 0.030516754470233155
decision_type=2 2 2 2 2 2 2 2 2 2 2 2 2 2 2 2 2 2 2 2 2 2 2 2 2 2 2 2 2 2 2 2 2 2 2 2 2 2 2 2 2 2 2 2 2 2
left_child=3 5 6 4 20 12 9 15 14 16 -6 -8 13 32 -9 17 23 -5 34 -13 -1 -22 38 26 -20 33 -3 -17 29 -29 -21 43 -2 35 -14 -16 -23 -15 -4 -32 41 -24 -18 -27 -19 -41
right_child=1 2 22 7 10 -7 11 8 -10 -11 -12 19 18 37 25 27 42 44 24 30 21 36 40 -25 -26 31 -28 28 -30 -31 39 -33 -34 -35 -36 -37 -38 -39 -40 45 -42 -43 -44 -45 -46 -47
leaf_value=0.017593081195062241 -0.007037009419544612 0.0003585146556631479 0.00079847139746488742 0.013108367661384308 -0.094946396309679715 -0.0026933610654387924 -0.032676277108958901 0.0094480295981345889 0.02384734409588107 -0.098825362015627152 -0.022585257476910914 -0.014342615401829789 -0.010181675159235449 -0.11076233584186254 0.023075485815796111 0.031877792882330037 -0.061532871926981536 0.041306546492694385 -0.074135244390569802 0.038543432419673652 -0.052856921983429381 -0.071800296425401672 -0.095426446230038542 0.016601741460008482 0.064759887818294934 -0.092194536957153711 -0.04456948489641422 -0.0021656727576344114 0.076987810650916325 -0.075657516346918335 -0.023316134180164736 0.027104884479740757 -0.11918981975512656 0.01858800435071168 -0.12040282090251167 -0.035548094601912453 0.016815938039236745 -0.22871773603313367 0.035341412075527927 0.022675473299021476 -0.063812429179220323 0.021738251375656784 0.056140532490233964 -0.032284396939147676 0.11577453238539437 -0.013076313231834292
leaf_weight=5515 696 2114 2415 4845 1071 4367 3278 9089 8964 749 2472 5693 3404 602 834 1358 2222 7727 1912 2814 1354 325 184 2188 145 869 2733 1076 253 836 1995 409 240 2247 191 2704 1876 211 6883 5771 589 1281 161 1655 382 2112
leaf_count=5515 696 2114 2415 4845 1071 4367 3278 9089 8964 749 2472 5693 3404 602 834 1358 2222 7727 1912 2814 1354 325 184 2188 145 869 2733 1076 253 836 1995 409 240 2247 191 2704 1876 211 6883 5771 589 1281 161 1655 382 2112
internal_value=-3.06652e-06 -0.00805604 -0.00213507 0.00791833 -0.00982473 -0.029781 -0.00974129 0.0130933 0.00530666 -0.0281744 -0.0444688 -0.00108925 -0.0457616 -0.0849579 -0.00402614 0.0257436 -0.0225514 0.0329611 -0.0336263 0.00454231 0.00370769 -0.0178291 0.0191906 -0.0120402 -0.0643301 -0.0180751 -0.0249726 -0.000791727 -0.0212915 -0.0343128 0.0130144 -0.0417585 -0.0358363 -0.0060638 -0.0160505 -0.0217244 0.00371704 -0.141462 0.0263712 0.00573947 -0.0133071 0.00699765 -0.0535711 -0.0529246 0.0448202 0.0130951
internal_weight=110811 54950 43182 55861 12613 11768 31830 43248 26771 10167 3543 21663 7401 1749 17807 16477 9418 12954 5652 18385 9070 3555 11352 7035 2057 8718 4847 3523 2165 1912 12692 2933 936 5785 3595 3538 2201 813 9298 9878 2054 1465 2383 2524 8109 7883
internal_count=110811 54950 43182 55861 12613 11768 31830 43248 26771 10167 3543 21663 7401 1749 17807 16477 9418 12954 5652 18385 9070 3555 11352 7035 2057 8718 4847 3523 2165 1912 12692 2933 936 5785 3595 3538 2201 813 9298 9878 2054 1465 2383 2524 8109 7883
is_linear=0
shrinkage=0.092745


Tree=40
num_leaves=47
num_cat=0
split_feature=24 12 1 23 63 7 34 28 20 13 61 34 24 15 22 28 38 38 21 93 100 94 46 48 31 26 3 64 33 94 26 72 100 84 74 3 42 46 4 37 44 100 16 11 13 28
split_gain=785.464 772.291 699.567 845.657 720.989 541.78 518.477 471.856 467.196 441.552 436.803 420.981 461.515 409.106 384.497 369.488 365.01 343.794 367.018 337.197 333.699 375.832 332.126 360.463 328.634 323.596 315.138 302.829 300.634 299.395 296.534 292.898 281.597 278.056 274.522 273.963 257.292 254.901 253.694 309.598 249.656 267.851 239.357 286.086 238.28 238.019
threshold=0.040753127502359605 0.021176743249152204 -0.023313528556165596 -0.0050112234246493491 0.007662287567705651 0.069193759738756952 -0.029403871826759496 -0.028524572768928697 -0.051338700243623546 -0.016332196168985597 0.030280106456210352 0.076514654030738816 -0.016672259711647996 -0.056602689056735343 -0.0055880422805309991 0.014513839786318553 0.014121368940325651 -0.030371550303679745 0.0099227034560154508 -0.00086217498351749981 0.47730000000000006 -0.062619008951029634 0.012684226726201252 -0.010387878543128549 -0.010783227836095248 0.018603574917261154 0.046354894821261504 -0.016981524214205446 -0.0082565660577223494 -0.026519472007285196 -0.063316975008989293 0.011378380720547551 0.85205000000000009 0.036677534892991005 -0.034402609557299242 -0.018201141239484946 0.039859101572674853 0.024950229959664855 0.048883500584083306 -0.0047716788828528487 -0.029466037021010097 -0.31744999999999995 -0.045578115937212643 -0.044034834418470496 -0.085124591033919381 0.066349310368778711
decision_type=2 2 2 2 2 2 2 2 2 2 2 2 2 2 2 2 2 2 2 2 2 2 2 2 2 2 2 2 2 2 2 2 2 2 2 2 2 2 2 2 2 2 2 2 2 2
left_child=1 2 3 5 11 15 30 20 -8 17 22 12 -4 -11 -5 25 45 -10 36 -14 21 -2 32 -24 -7 35 37 31 34 -15 -3 -12 33 -6 -23 -1 -19 -16 39 -26 41 -31 -22 -44 -34 -9
right_child=7 6 4 14 10 24 8 16 9 13 27 -13 19 29 26 -17 -18 18 -20 -21 42 28 23 -25 38 -27 -28 -29 -30 40 -32 -33 44 -35 -36 -37 -38 -39 -40 -41 -42 -43 43 -45 -46 -47
leaf_value=-0.036836940656441365 -0.22119117653872614 -0.04924058541068102 0.034654673123915951 0.043933809576521189 -0.023878335749643122 0.010800469910958661 0.018319134009521912 -0.0032486502058957051 -0.0026634912974690551 -0.051599722659803483 0.033979758036502244 -0.045784906329526323 0.020667856859377203 -0.034431896876395668 -0.00099960030008655154 0.030363453939142561 -0.028491636953565824 -0.054227800563366076 -0.014985196547185648 -0.018269644845578741 0.056214827205299203 0.017226108268036843 0.055348925509663319 -0.01174873247782637 -0.1136094600169784 0.031358792664649575 0.045078488529601883 -0.087410762088565977 -0.026727298650311888 -0.053236670494757748 0.020087278190764626 -0.14191849994831876 -0.20884387933698112 -0.086070296053291417 -0.10008570400766753 0.0020626854513575844 -0.11462571205863528 0.041831601529528167 0.016722934030069577 -0.027923933567989806 0.015358519371382223 0.01265447763478306 -0.1207171770897196 -0.012652594245566008 0.030004553778239886 0.037742897347519171
leaf_weight=2322 117 582 6089 9710 4842 864 2990 8031 1722 1727 399 1033 3684 2037 5740 4839 4770 3105 1765 3979 366 199 1118 1792 807 2019 2692 1232 1788 1111 5980 102 37 709 1233 4726 755 1509 314 660 5819 1015 238 1827 980 1436
leaf_count=2322 117 582 6089 9710 4842 864 2990 8031 1722 1727 399 1033 3684 2037 5740 4839 4770 3105 1765 3979 366 199 1118 1792 807 2019 2692 1232 1788 1111 5980 102 37 709 1233 4726 755 1509 314 660 5819 1015 238 1827 980 1436
internal_value=-3.04953e-06 0.00366184 0.00946262 0.0177976 -0.00214417 0.0023511 -0.0089494 -0.0166391 -0.0157615 -0.0211099 -0.0198818 0.0113049 0.0155951 -0.00992483 0.0308064 0.00967019 -0.00757128 -0.0389327 -0.0500327 0.000447916 -0.0390171 -0.0580572 -0.012051 0.0140279 -0.0361205 -0.00137278 0.0179818 -0.0626923 -0.0521064 -0.00271196 0.0139345 -0.00186507 -0.0236076 -0.0318283 -0.0837736 -0.010752 -0.0660525 0.00791584 -0.0588885 -0.075082 0.00541987 -0.0217749 -0.0128715 -0.0251291 0.0212453 0.00296865
internal_weight=110811 90806 62198 36202 25996 16551 28608 20005 22046 19056 11211 14785 13752 11709 19651 13906 14237 7347 5625 7663 5768 3337 9478 2910 2645 9067 9941 1733 3220 9982 6562 501 6568 5551 1432 7048 3860 7249 1781 1467 7945 2126 2431 2065 1017 9467
internal_count=110811 90806 62198 36202 25996 16551 28608 20005 22046 19056 11211 14785 13752 11709 19651 13906 14237 7347 5625 7663 5768 3337 9478 2910 2645 9067 9941 1733 3220 9982 6562 501 6568 5551 1432 7048 3860 7249 1781 1467 7945 2126 2431 2065 1017 9467
is_linear=0
shrinkage=0.092745


Tree=41
num_leaves=47
num_cat=0
split_feature=15 21 65 100 69 70 60 28 30 20 91 89 12 1 23 51 19 28 9 94 28 6 12 55 15 24 76 82 37 75 86 80 21 27 24 14 9 34 22 5 8 9 90 50 9 60
split_gain=762.506 736.521 840.343 691.114 610.577 515.521 498.433 480.925 400.353 395.158 385.663 377.7 365.626 345.876 433.649 323.99 320.041 313.341 301.02 300.988 288.585 280.365 277.516 269.965 268.002 266.624 252.891 258.622 251.075 300.72 243.303 242.416 241.029 294.973 246.3 236.406 226.808 226.278 223.371 222.18 224.41 209.159 226.422 202.051 200.938 200.444
threshold=0.04558573552231001 0.058027088639763656 0.016749106253747304 0.63705000000000012 0.0032740027469544504 -0.026874977669236747 0.014740365991322902 -0.032760649089473293 0.010184011046255402 0.073492131989936663 0.048575136014211907 -0.032313117803912945 0.019550716004515651 -0.029721733025971597 0.0026802527511062004 0.058608148152521605 -0.018804512398095299 -0.0067663485611202494 -0.048728933350633989 -0.044929577537112346 0.06476296255140436 0.16028091844503176 0.03280441484001486 -0.0072040181074072987 -0.062054601658982245 0.051083644951331754 -0.031593960061344843 0.032188856981071663 -0.021331281352629298 0.061338568232622806 0.051690234991347207 0.027563195226003853 0.10525850206223876 -0.024753947464252395 0.067498372905795204 0.0068310219171036505 -0.10177891738750298 -0.061562370750972394 -0.027191498081462196 -0.0007645497752643499 -0.032347856963410589 0.031334909680231157 0.022336023200243502 0.076507446055070913 0.10755794141091836 -0.0106856069910142
decision_type=2 2 2 2 2 2 2 2 2 2 2 2 2 2 2 2 2 2 2 2 2 2 2 2 2 2 2 2 2 2 2 2 2 2 2 2 2 2 2 2 2 2 2 2 2 2
left_child=1 2 3 4 5 11 15 9 17 36 19 37 41 14 -10 24 26 21 30 -5 31 -7 -19 -2 -6 -26 27 -14 -12 -30 -8 -13 33 -3 44 -15 -4 -1 -25 -20 -41 -9 45 -17 -35 -43
right_child=23 32 7 10 6 8 18 12 13 -11 28 20 16 35 -16 43 -18 22 39 -21 -22 -23 -24 38 25 -27 -28 -29 29 -31 -32 -33 -34 34 -36 -37 -38 -39 -40 40 -42 42 -44 -45 -46 -47
leaf_value=0.069501911870971461 0.0042368269908851361 -0.020340397006197934 0.093248351677729657 -0.040651064194421965 -0.026755207126721629 -0.030858078178978857 0.026041138463591906 0.031156267816315891 -0.048888943509908259 -0.078618449522160641 0.022033870109293145 -0.035009837994644508 0.011202571672549915 -0.038293000493677599 0.010657315578948575 -0.044662404469054576 -0.019097465917806838 0.013860973695775514 -0.02080469700011835 0.01257467912004055 0.053831560648140236 0.16569370165533648 -0.032944791773251214 0.046905589705214773 0.016387085014780697 -0.030566139174225418 0.041594139740281165 -0.14628799613384572 -0.067611556079428287 -0.33880708308937951 -0.13237448496341128 -0.095656759833627494 0.048334723085035933 0.035372824647966684 -0.035667629785835063 -0.090162968316692918 -0.010175203857561318 -0.10644994657591578 0.017796821698304422 -0.10492103623414561 -0.040632241111499094 0.04808071419034874 -0.045613743563816582 -0.27197816017351345 -0.067332500973542556 -0.0077224711468008465
leaf_weight=66 8233 1698 190 982 1794 4511 1090 9608 2200 747 278 3066 278 1701 2015 740 3881 4998 2813 13106 265 63 1393 3241 10519 1154 1697 132 638 37 90 696 2217 4300 525 1363 4387 1220 7560 670 1547 982 647 35 170 1268
leaf_count=66 8233 1698 190 982 1794 4511 1090 9608 2200 747 278 3066 278 1701 2015 740 3881 4998 2813 13106 265 63 1393 3241 10519 1154 1697 132 638 37 90 696 2217 4300 525 1363 4387 1220 7560 670 1547 982 647 35 170 1268
internal_value=-3.10212e-06 -0.00350687 -0.00623138 -0.0121629 -0.0180287 -0.0282076 -0.00630353 0.00847421 -0.0208019 -0.0160863 0.00499909 -0.0536328 0.0155459 -0.0376645 -0.0204206 0.00325632 -0.00329747 -0.0096058 -0.0282294 0.00886288 -0.039648 -0.0281377 0.00365591 0.0168902 0.0066134 0.0117435 0.0257976 -0.039535 -0.0520897 -0.0826342 0.0139179 -0.04624 0.0218301 0.013047 0.0243999 -0.0613777 -0.00587337 -0.0973957 0.0265336 -0.0381198 -0.0600781 0.02457 0.00272058 -0.0550422 0.0314597 0.0166295
internal_weight=110811 91777 82867 59050 44009 23557 20452 23817 18244 5324 15041 5313 18493 7279 4215 14242 5988 10965 6210 14088 4027 4574 6391 19034 13467 11673 2107 410 953 675 1180 3762 8910 6693 4995 3064 4577 1286 10801 5030 2217 12505 2897 775 4470 2250
internal_count=110811 91777 82867 59050 44009 23557 20452 23817 18244 5324 15041 5313 18493 7279 4215 14242 5988 10965 6210 14088 4027 4574 6391 19034 13467 11673 2107 410 953 675 1180 3762 8910 6693 4995 3064 4577 1286 10801 5030 2217 12505 2897 775 4470 2250
is_linear=0
shrinkage=0.092745


Tree=42
num_leaves=47
num_cat=0
split_feature=11 38 3 4 11 70 28 91 39 15 1 15 12 13 60 40 31 9 31 100 6 48 20 55 28 80 21 42 62 22 63 90 100 71 77 77 86 25 90 43 63 55 100 30 9 67
split_gain=744.097 749.31 638.193 770.325 559.047 543.016 526.684 466.573 453.727 471.709 420.189 403.78 383.515 365.802 377.651 341.601 335.028 286.562 282.027 276.904 269.522 263.366 329.467 259.787 264.784 255.074 254.59 250.04 245.48 241.542 241.538 241.415 273.125 234.893 267.79 227.901 227.609 223.263 219.831 212.993 210.817 238.038 221.259 208.845 206.985 205.995
threshold=0.038712187538076655 0.00068659218048130013 0.044148753684022261 -0.13769199117331887 -0.11004754385454064 0.03760517567366406 -0.032120161791572892 0.036380663657156052 -0.039887494194190944 -0.019352198403562098 -0.080145420356260391 0.057782437639797256 0.035456868298504161 0.029462918027883554 -0.014429167168030497 -0.010834618879960749 -0.026940322887285945 -0.0048954986917168998 0.026418065511907302 -0.96654999999999991 0.072241345341184815 -0.0063948292542621993 0.06229494153152261 -0.0040464129639204488 0.075295966775113007 0.021438148884596653 0.059325650782122909 0.094860022176308664 0.078549486950828612 -0.0047249067120146487 -0.015639094587115546 0.034278957350476258 -0.93924999999999992 -0.019504513235820448 0.0077393375853054515 0.020846620263991953 -0.081669698836724078 0.0059693998849321009 0.041167102547564303 0.022775219750546801 -0.020068426878643995 -0.037537337448663943 -0.95304999999999984 0.021382709713073704 0.028231206643493354 -0.03222355110576109
decision_type=2 2 2 2 2 2 2 2 2 2 2 2 2 2 2 2 2 2 2 2 2 2 2 2 2 2 2 2 2 2 2 2 2 2 2 2 2 2 2 2 2 2 2 2 2 2
left_child=1 4 3 -3 -1 6 11 13 -8 30 44 33 20 14 -6 18 28 -9 37 -16 21 22 -12 24 -21 26 -23 -11 -15 -25 -10 32 -14 38 -35 -34 -7 -2 -5 -22 -18 -42 -43 -38 -4 -46
right_child=15 2 10 5 7 36 8 17 9 27 12 -13 31 16 19 -17 40 -19 -20 23 39 25 -24 29 -26 -27 -28 -29 -30 -31 -32 -33 35 34 -36 -37 43 -39 -40 -41 41 42 -44 -45 45 -47
leaf_value=-0.043759119942229134 -0.026648768235697194 0.040964829013009928 0.058573742015714032 -0.013585320745225584 0.019600337824123161 -0.22193746248727547 0.011100483245335697 0.0023412875412885626 -0.018244188267725562 -0.015278412817745734 0.032645784554346531 0.015877080352439683 -0.12152935703616292 0.0037280065393531514 -0.091620937733399202 0.023293392920409512 0.062398088697385334 -0.042943133692099442 0.023541833080859918 -0.016436363502325871 0.023631110495532452 -0.012583117584458728 -0.076133050036837749 0.023044775631785485 0.064732923039933735 -0.061345630443003805 0.089947827235740588 -0.15961079973293182 -0.15000512586437248 -0.0063949007836912753 -0.062949621317411622 -0.11894809155573863 0.013615388142930306 -0.054969839930816666 -0.10685014698881874 -0.082235560789967938 0.024061283685260972 0.0060142495552625991 -0.12629047748946748 0.13210257742694337 -0.021752943648406058 -0.034481409154204189 0.041427044927464941 -0.027337030912118237 -0.085516762189153911 0.023758878919243165
leaf_weight=2000 3313 1670 1617 1099 9461 36 3069 2350 1434 10599 2300 627 223 2801 299 14494 1935 2459 3377 8506 466 2182 267 4982 360 871 230 104 92 4619 3791 303 883 2190 1408 281 2777 3940 172 234 752 361 3836 900 175 966
leaf_count=2000 3313 1670 1617 1099 9461 36 3069 2350 1434 10599 2300 627 223 2801 299 14494 1935 2459 3377 8506 466 2182 267 4982 360 871 230 104 92 4619 3791 303 883 2190 1408 281 2777 3940 172 234 752 361 3836 900 175 966
internal_value=-3.20696e-06 -0.00411863 -0.0131998 -0.0202312 0.00416409 -0.0238554 -0.0288658 0.00640341 -0.0215488 -0.0278406 0.0058997 -0.0541521 -0.00458701 0.00984777 0.00449195 0.014032 0.0253085 -0.0208125 0.00140263 -0.00312449 0.00557504 -0.000931658 0.0213189 -0.00168951 -0.013137 -0.018334 -0.00279098 -0.0166864 -0.00117045 0.00888028 -0.0506845 -0.0439748 -0.0275654 -0.0631732 -0.0752827 -0.00952666 0.00919227 -0.00890403 -0.028873 0.0599501 0.0364378 0.0262819 0.0348927 0.0114759 0.0372327 0.00696966
internal_weight=110811 85687 40874 29876 44813 28206 24493 42813 18997 15928 10998 5496 8240 38004 28227 25124 9777 4809 10630 18766 6550 5850 2567 18467 8866 3283 2412 10703 2893 9601 5225 1690 1387 4869 3598 1164 3713 7253 1271 700 6884 4949 4197 3677 2758 1141
internal_count=110811 85687 40874 29876 44813 28206 24493 42813 18997 15928 10998 5496 8240 38004 28227 25124 9777 4809 10630 18766 6550 5850 2567 18467 8866 3283 2412 10703 2893 9601 5225 1690 1387 4869 3598 1164 3713 7253 1271 700 6884 4949 4197 3677 2758 1141
is_linear=0
shrinkage=0.092745


Tree=43
num_leaves=47
num_cat=0
split_feature=60 100 62 3 1 10 4 90 52 14 4 6 18 28 21 31 9 12 49 20 26 21 89 0 6 33 7 30 1 95 6 24 21 68 2 1 88 65 2 0 6 59 81 56 93 51
split_gain=682.186 667.129 635.763 736.037 729.788 612.877 569.21 563.114 520.547 516.889 480.58 456.691 458.467 417.682 408.823 362.634 362 346.836 327.496 324.396 324.216 317.207 316.156 309.945 308.227 304.32 299.52 297.937 280.85 297.879 269.565 293.621 268.314 252.634 409.616 246.415 242.209 237.428 235.753 227.266 220.472 217.331 217.13 216.104 214.214 202.615
threshold=0.049618456381192604 -0.96934999999999993 -0.040755673955454298 -0.018201141239484946 -0.027230076655978343 -0.0052132870900818496 -0.13769199117331887 0.048154998059392308 -0.024410363972578095 -0.04915689340654384 0.0063599385203898509 0.15112493867595647 0.03417830454052035 -0.021153922894160949 0.015957399507415506 0.0062440296339656516 0.077573471606376107 0.036106362989118457 -0.054548338616430096 0.038727575202615307 0.022380851552617553 0.05420432895338171 -0.016990375777296996 0.11000102750885447 0.015417880071784051 0.047496267563792306 0.041940620523972703 0.0097290599877965008 -0.11635500304588028 0.027774921394230555 0.080517586630757573 0.037359979089867407 -0.063115392590249994 -0.028922918696650396 -0.022945679200532598 0.083428549065415622 -0.0046900252474699989 -0.0069441900799185998 -0.068129426693933834 0.2577933543779104 -0.075098427373079743 0.0087811563051279021 -0.017095594764113098 -0.033202909108703341 -0.038561715560860639 -0.0088656868432047987
decision_type=2 2 2 2 2 2 2 2 2 2 2 2 2 2 2 2 2 2 2 2 2 2 2 2 2 2 2 2 2 2 2 2 2 2 2 2 2 2 2 2 2 2 2 2 2 2
left_child=1 27 18 6 7 15 -4 10 -2 16 17 12 20 14 23 21 -8 25 -3 22 -7 37 -12 -11 -19 -5 33 -1 -15 -30 31 -20 -17 34 35 -10 -9 -6 -14 43 -28 -37 -36 -29 -34 -33
right_child=8 2 3 4 5 11 9 36 26 13 19 -13 38 28 -16 32 -18 24 30 -21 -22 -23 -24 -25 -26 -27 40 39 29 -31 -32 45 44 -35 42 41 -38 -39 -40 -41 -42 -43 -44 -45 -46 -47
leaf_value=-0.013422140884018899 0.016248875263514793 -0.019771534926428535 0.040605676883818179 0.012037365656572626 -0.058200232034082644 0.00075808423173470577 0.021700056835454284 0.0047568990564178706 0.015732727009317261 -0.14458976227016621 0.014805121389986721 0.092502763054323658 -0.10189631358335874 0.019793665766004363 -0.0021018676686351376 -0.059733500691560339 -0.050087616032520703 -0.043383651991191118 0.032676325337935054 -0.0037971478646787351 0.033915519715961205 0.017184013938814358 0.050949303333549661 -0.049199213071349057 0.013746651988100969 0.061434124595269722 0.0046905445088683568 -0.017415420950909716 -0.011389298260573213 -0.047350095041467317 0.070396124330129262 0.026995508820748942 0.061632877073543209 -0.012414503702783799 -0.21522992264929861 0.067350985186037535 -0.057233166802799607 -0.023170134399499297 -0.020352994107020891 0.0052163182490366691 -0.079184153377536134 -0.14106000649370584 -0.083893812748984595 -0.12532890317799023 -8.7646394740817325e-05 -0.031491169290082957
leaf_weight=1094 2168 1328 1697 13967 3102 7371 4401 982 565 315 2955 539 399 1973 1666 575 700 1789 7144 1676 3868 976 7055 4197 1487 1162 320 206 11480 2395 1204 880 552 4035 156 55 1209 3596 1295 212 1699 194 357 715 3891 1209
leaf_count=1094 2168 1328 1697 13967 3102 7371 4401 982 565 315 2955 539 399 1973 1666 575 700 1789 7144 1676 3868 976 7055 4197 1487 1162 320 206 11480 2395 1204 880 552 4035 156 55 1209 3596 1295 212 1699 194 357 715 3891 1209
internal_value=-3.20915e-06 0.00223132 0.00336037 0.000631781 0.00661339 -0.00489789 -0.0114965 0.0159435 -0.0237 -0.0147568 0.0192491 0.00887895 0.00539079 -0.0209179 -0.0413739 -0.0195223 0.0118439 0.00990837 0.0235987 0.0339586 0.0121713 -0.0321989 0.0402815 -0.0558705 -0.0174487 0.0158333 -0.0354361 -0.0479653 -0.0129421 -0.0175984 0.0291188 0.0237327 -0.000132701 -0.0239655 -0.0590681 -0.0181283 -0.0294462 -0.0393972 -0.0395815 -0.0812956 -0.065885 -0.0949463 -0.123956 -0.10122 0.00758093 -0.00684656
internal_weight=110811 101262 99035 87270 58446 26164 28824 32282 9549 27127 30091 13472 12933 22026 6178 12692 5101 18405 11765 11686 11239 7674 10010 4512 3276 15129 7381 2227 15848 13875 10437 9233 5018 5362 1327 814 2191 6698 1694 1133 2019 249 513 921 4443 2089
internal_count=110811 101262 99035 87270 58446 26164 28824 32282 9549 27127 30091 13472 12933 22026 6178 12692 5101 18405 11765 11686 11239 7674 10010 4512 3276 15129 7381 2227 15848 13875 10437 9233 5018 5362 1327 814 2191 6698 1694 1133 2019 249 513 921 4443 2089
is_linear=0
shrinkage=0.092745


Tree=44
num_leaves=47
num_cat=0
split_feature=33 68 94 21 15 22 26 46 60 84 13 91 11 20 13 3 11 79 24 24 69 100 23 26 38 62 30 74 80 15 93 62 98 15 2 33 11 81 7 17 42 7 11 12 22 0
split_gain=659.206 687.44 555.487 555.222 451.814 445.02 417.122 389.642 365.11 361.523 358.313 347.339 314.661 312.682 326.081 375.672 305.254 303.365 290.247 279.724 277.495 276.752 271.75 264.303 256.998 254.541 260.207 253.711 235.757 230.864 230.426 225.505 224.509 222.053 217.343 212.939 227.552 210.87 209.198 213.128 262.149 203.777 274.51 235.238 201.026 193.823
threshold=-0.062774183508371592 -0.021443326122361897 0.0031894576691736004 0.011571371925567802 0.057782437639797256 0.03646334443207936 0.024872311727374755 0.010434513526317102 0.06636868565829572 0.021399598420842304 0.078154419686758556 0.017067839802209953 -0.065416308036392742 0.041553637582559505 -0.0022016002231061496 -0.063923874482755133 -0.044034834418470496 -0.10007451945000424 -0.0046980945101937994 0.10994557259447872 -0.016981965186887198 -0.82694999999999985 -0.037451279925217441 0.022017787780771906 -0.034381519032878845 -0.054241054932124798 -0.042403357940619495 -0.0023340475732151495 0.0014597184611707002 0.048080993872540757 0.021822966044215904 -0.00095282275107164995 -0.050868381758585247 0.09726600646401716 -0.030361927349292144 0.033997020141194413 -0.023496582620215447 0.070909977004803906 0.079163110103842318 -0.015518911082361099 0.0037878040566776002 0.089060067168469773 0.043426398862173456 0.047617476621577157 0.047626715676693958 0.15911829521325913
decision_type=2 2 2 2 2 2 2 2 2 2 2 2 2 2 2 2 2 2 2 2 2 2 2 2 2 2 2 2 2 2 2 2 2 2 2 2 2 2 2 2 2 2 2 2 2 2
left_child=10 6 3 4 11 13 7 8 9 28 20 12 24 14 15 22 33 -9 -5 23 34 -19 -4 -14 -3 -15 -27 -20 -2 31 -24 -30 -16 -7 -1 36 -17 -36 39 40 -13 42 43 -22 -21 -34
right_child=1 2 5 18 -6 16 -8 17 -10 -11 -12 38 19 25 32 35 -18 21 27 44 41 -23 30 -25 -26 26 -28 -29 29 -31 -32 -33 45 -35 37 -37 -38 -39 -40 -41 -42 -43 -44 -45 -46 -47
leaf_value=-0.014320992751003172 0.0028403077511529582 0.024652095891335459 -0.1035922033192061 0.026658399207692165 0.021268027823880833 -0.056974646442557647 0.009137860391758507 0.12051248290313993 -0.099969675360476851 -0.052034201060203546 0.027352896398122422 -0.018430062942169798 -0.0089830865775782157 0.067312531157869601 -0.021969093114557109 -0.010448492959540215 0.0036856862443309462 -0.041958843232252539 0.017053519300637754 -0.19867762242953152 -0.011168745973022047 0.0047927199723452382 0.013510905884712278 0.019459295437331679 -0.068390962822900372 0.041048297893112519 -0.018060581071692686 -0.015256253650097615 -0.012957851852150572 0.020015373849118223 -0.075987839577915731 -0.061340163061796245 0.025533615549298304 0.058681092378589046 -0.065962158018574135 0.049621084431015108 0.023521405898427269 -0.2224509223239069 -0.089321419857977299 -0.014585810082362042 -0.088564005128176526 -0.072648262338045139 0.042243374813526219 -0.076159219516980028 0.057527964675072166 0.048702657048803229
leaf_weight=784 3595 327 332 7178 3630 1304 6294 171 594 3089 990 917 11526 422 588 2443 5136 1357 4270 104 2870 5511 960 3716 1160 772 3755 4095 1498 666 333 1857 6477 160 1864 1662 5544 77 523 3545 918 526 685 575 35 5976
leaf_count=784 3595 327 332 7178 3630 1304 6294 171 594 3089 990 917 11526 422 588 2443 5136 1357 4270 104 2870 5511 960 3716 1160 772 3755 4095 1498 666 333 1857 6477 160 1864 1662 5544 77 523 3545 918 526 685 575 35 5976
internal_value=-3.108e-06 0.00204165 0.00631652 -0.000929372 -0.00911705 0.0147911 -0.0114612 -0.0185321 -0.0292024 -0.0252718 -0.0250267 -0.0139616 -0.00718424 0.0196975 0.0240226 0.0124689 -0.00696143 -0.00140167 0.0129771 -0.00324426 -0.0320549 -0.00444397 -0.0287786 -0.0020477 -0.0479203 -0.00154957 -0.00797564 0.00123499 -0.0144138 -0.0298424 -0.00953979 -0.0397446 0.0340093 -0.0443164 -0.0555625 0.0194175 0.0131293 -0.0722089 -0.0333247 -0.0278741 -0.0535319 -0.0182913 -0.0113605 -0.0220256 -0.134082 0.036654
internal_weight=110811 102440 77808 41944 26401 35864 24632 18338 11299 10705 8371 22771 16868 29264 24315 11274 6600 7039 15543 15381 7381 6868 1625 15242 1487 4949 4527 8365 7616 4021 1293 3355 13041 1464 2725 9649 7987 1941 5903 5380 1835 4656 4130 3445 139 12453
internal_count=110811 102440 77808 41944 26401 35864 24632 18338 11299 10705 8371 22771 16868 29264 24315 11274 6600 7039 15543 15381 7381 6868 1625 15242 1487 4949 4527 8365 7616 4021 1293 3355 13041 1464 2725 9649 7987 1941 5903 5380 1835 4656 4130 3445 139 12453
is_linear=0
shrinkage=0.092745


Tree=45
num_leaves=47
num_cat=0
split_feature=42 33 100 84 48 5 7 21 2 28 14 15 20 24 58 66 62 7 7 13 13 55 0 97 100 32 86 9 36 39 71 24 22 34 37 82 46 34 49 30 67 46 49 32 59 92
split_gain=630.394 511.767 484.325 534.997 451.44 420.244 401.141 378.204 449.871 500.588 448.331 399.34 364.513 408.482 360.827 323.653 317.055 305.614 293.717 283.56 264.919 264.634 251.934 319.9 244.477 240.576 240.041 235.71 232.431 228.165 225.794 223.369 222.131 219.478 222.008 218.398 220.339 219.204 218.066 216.702 215.967 243.605 215.591 214.502 214.097 248.382
threshold=0.013792871880041952 -0.0522796574898255 0.9043000000000001 0.011215160588477801 0.0012751523934890002 0.035112814312912854 0.14177564617113228 0.014218486568828952 -0.0151506610666173 0.052643329800541559 -0.028565640028726445 -0.028329081345206748 0.042243451051296461 0.024195610504655702 -0.023272981591227745 0.026315751947931353 0.0077264098060446009 -0.03538481254583959 0.059711402461032161 -0.07516333283061459 0.012408308488798852 0.029513556752557055 0.13503610706583383 0.017504833195535401 -0.97784999999999989 -0.00036765224675204994 0.021259959654254954 -0.055055693942660744 0.027402925162409452 -0.0042217039694150494 -0.013709764430425498 0.021276248663436054 -0.0051649090818704493 -0.005563874894914049 -0.069884701793816784 -0.011813172276451398 0.041223155438635355 0.079589443741131069 -0.067205528006069978 -0.039110750094915998 -0.015978347439868847 -0.016301693995318448 0.0058220018388861509 -0.091641715952327493 -0.013645597623126648 0.042665920196683207
decision_type=2 2 2 2 2 2 2 2 2 2 2 2 2 2 2 2 2 2 2 2 2 2 2 2 2 2 2 2 2 2 2 2 2 2 2 2 2 2 2 2 2 2 2 2 2 2
left_child=1 15 3 5 12 14 16 8 43 10 -10 18 13 35 27 21 26 -7 -12 -16 -18 30 23 28 -24 -26 39 -2 -21 -9 -1 -13 -15 34 -19 -3 37 -37 -11 -5 41 -29 -32 -6 -22 -46
right_child=2 4 -4 6 7 17 -8 29 9 38 11 31 -14 32 19 -17 20 33 -20 22 44 -23 24 -25 25 -27 -28 40 -30 -31 42 -33 -34 -35 -36 36 -38 -39 -40 -41 -42 -43 -44 -45 45 -47
leaf_value=-0.0090851240428469066 0.064974838798484438 0.043510266829252284 0.027321607588715199 0.037709484682215667 -0.10941367325040882 0.016801847010116389 -0.13514434484561227 0.028906947461829879 0.011188189078828938 -0.16105014728649039 -0.056974888174547884 -0.012187290893243722 -0.0049595085330269677 0.01787427758478102 -0.053569471071627253 0.016597915714846347 -0.0591759794594338 -0.1500425028968404 -0.17214746174077331 0.0048403384789308607 0.018878786542502832 0.012379682513168355 -0.097018323700838696 -0.070375492904264203 -0.0064176757271325055 0.023409836384121734 -0.039006531845541842 -0.082409069641981483 -0.065104986693395511 0.0015333981953224742 -0.029326519154883018 -0.052076430205343055 -0.01215480261205364 -0.063914129159913069 -0.0072871720479323497 0.018964929783478471 0.054582611636713178 -0.063947300283384176 0.046436086978279091 -0.010794750238861953 0.027843187022226799 0.0079404082580306103 -0.078151880902275733 0.011992832253285644 -0.056538283805096609 0.060876527409982305
leaf_weight=1575 954 5491 2881 951 127 949 288 4821 2330 45 2147 4688 6070 4399 979 1833 3153 100 209 2404 860 1122 193 899 4693 4610 2159 363 492 5737 1666 1627 4087 1881 1434 10923 1514 281 1140 4739 2842 874 1462 7500 1140 179
leaf_count=1575 954 5491 2881 951 127 949 288 4821 2330 45 2147 4688 6070 4399 979 1833 3153 100 209 2404 860 1122 193 899 4693 4610 2159 363 492 5737 1666 1627 4087 1881 1434 10923 1514 281 1140 4739 2842 874 1462 7500 1140 179
internal_value=-3.03254e-06 0.00525615 -0.00930736 -0.0121496 0.00800261 -0.00375102 -0.0269057 -0.000142638 -0.00769815 -0.0187546 -0.0249249 -0.0346305 0.0155531 0.0202178 0.00212468 -0.0173846 -0.0245368 -0.0297422 -0.0672172 -0.00540519 -0.0419894 -0.0280808 -0.00185536 -0.0220538 0.00621575 0.00836182 -0.012678 0.0234758 -0.00704317 0.0140345 -0.0377365 -0.0224684 0.00341024 -0.0426808 -0.0166283 0.0280498 0.0213728 0.0168827 0.0385085 -0.0026841 0.0137628 -0.0185747 -0.0521565 0.00996544 -0.0171098 -0.040584
internal_weight=110811 70794 40017 37136 63136 23667 13469 30371 19813 12186 11001 8671 32765 26695 19303 7658 13181 4364 2356 14270 5332 5825 13291 3795 9496 9303 7849 5033 2896 10558 4703 6315 8486 3415 1534 18209 12718 11204 1185 5690 4079 1237 3128 7627 2179 1319
internal_count=110811 70794 40017 37136 63136 23667 13469 30371 19813 12186 11001 8671 32765 26695 19303 7658 13181 4364 2356 14270 5332 5825 13291 3795 9496 9303 7849 5033 2896 10558 4703 6315 8486 3415 1534 18209 12718 11204 1185 5690 4079 1237 3128 7627 2179 1319
is_linear=0
shrinkage=0.092745


Tree=46
num_leaves=47
num_cat=0
split_feature=9 13 55 48 22 7 6 21 93 1 97 25 4 14 42 30 76 43 38 62 100 42 73 5 0 10 70 11 15 20 60 58 44 92 62 4 93 80 34 77 93 87 7 11 22 90
split_gain=605.99 704.139 545.776 496.674 466.796 431.628 399.791 398.303 332.451 330.883 469.114 430.762 393.496 351.532 320.53 320.245 309.78 298.424 294.834 289.208 285.626 282.221 271.873 270.822 343.331 258.932 253.333 248.57 245.67 242.725 239.21 232.51 231.253 230.301 230.191 225.449 224.918 224.051 222.715 253.718 221.392 219.793 219.581 258.713 215.127 211.779
threshold=0.034612091758803705 0.080261914879065061 0.010551932312396503 -0.0026418944736691496 -0.0072608432599167994 -0.03538481254583959 0.035602023599793552 -0.063115392590249994 0.028894428430656451 -0.027230076655978343 0.013933184580598801 -0.0080613742396640486 0.049898484632721708 -0.052028946919899989 -0.039110540379160293 0.00082617862604075006 -0.025346799815942747 0.065484503560097315 -0.021184511678884348 -0.03413686655266799 -0.95584999999999987 -0.034801524320991047 0.046750842854875158 -0.033794089060669948 0.21302536036341352 -0.07457070283821314 0.035342665299899906 -0.066770264626139039 -0.053498587056858643 0.063620690072318756 0.0044282579418270006 -0.033551589183686295 -0.035289800125728195 0.011527867939793853 0.083060733854449315 0.0084521636280986013 0.031513228565145553 -0.0051313731044757499 -0.028823662825041046 0.021265096555019954 -0.028220801918727296 -0.0123894823464015 -0.045871093620569792 -0.076125887519388286 -0.037790671966665489 0.021072651550734855
decision_type=2 2 2 2 2 2 2 2 2 2 2 2 2 2 2 2 2 2 2 2 2 2 2 2 2 2 2 2 2 2 2 2 2 2 2 2 2 2 2 2 2 2 2 2 2 2
left_child=1 2 3 7 5 25 9 16 15 10 27 13 18 -11 -7 26 33 20 -12 -10 29 -22 -15 28 36 -2 38 -5 -6 44 45 -23 -21 -1 37 -29 -25 -13 -4 -40 -8 -3 -17 -44 -9 -16
right_child=4 41 8 6 23 14 40 17 19 11 12 34 -14 22 30 42 -18 -19 -20 32 21 31 -24 24 -26 -27 -28 35 -30 -31 -32 -33 -34 -35 -36 -37 -38 -39 39 -41 -42 -43 43 -45 -46 -47
leaf_value=-0.16539636394481533 -0.055302993977653939 0.064946896965551115 0.050049046962160025 -0.056669551912039234 -0.057440799227727331 0.035651220951325682 0.051378824743575226 -0.12846637150457782 0.038673007457547891 0.02037657126833731 -0.0031619960910272437 0.011161154622922928 0.038742210180818144 -0.071847362849438282 0.011763555693120077 0.032799317278112909 -0.015803745555599574 -0.031770076243889681 -0.066624209199580647 -0.061857465415309378 0.038872077848097021 0.028971362298455587 0.01940085929972658 -0.044103031548457752 -0.015849257021205272 0.036664625523289043 0.062170290035018241 -0.0033382142249978449 -8.3403885071177237e-05 -0.23084151325821897 -0.037860268635760523 0.0035125678236315595 -0.0081596819537208803 -0.025263846126013977 -0.16570175233142262 0.029304273450077609 -0.10530840638657989 -0.026706730325598834 0.024389638177533458 -0.016188535928535201 0.0015611228121384317 0.023537000202729499 -0.051074533654857937 0.0045022675532526658 0.0037623857694248724 -0.039232100220653612
leaf_weight=241 287 1699 2001 542 741 1100 937 146 889 482 883 2180 520 3257 2567 2114 1442 1494 2199 878 3054 3846 307 3653 4416 3148 1620 5136 4815 59 2972 15613 3220 174 85 2818 602 3502 5897 1709 4235 3146 791 8049 382 963
leaf_count=241 287 1699 2001 542 741 1100 937 146 889 482 883 2180 520 3257 2567 2114 1442 1494 2199 878 3054 3846 307 3653 4416 3148 1620 5136 4815 59 2972 15613 3220 174 85 2818 602 3502 5897 1709 4235 3146 791 8049 382 963
internal_value=-3.06064e-06 0.003724 0.00166208 -0.0037711 -0.0126238 0.00168819 -0.0125996 0.00526789 0.0123685 -0.0180745 -0.00780809 -0.0307294 -0.0358555 -0.0539288 -0.0106393 0.0172333 -0.036145 0.00839576 -0.0484485 -0.0092663 0.0109944 0.0126605 -0.0639826 -0.0237275 -0.0339706 0.0289726 0.0282412 0.00408219 -0.00773814 -0.0528533 -0.0184739 0.00854546 -0.0196713 -0.106733 -0.0144491 0.00822552 -0.0527721 -0.0121758 0.0225167 0.01527 0.0105915 0.038064 0.00594951 -0.00047067 -0.0328247 -0.00214647
internal_weight=110811 85547 80702 53534 25264 11037 27083 26451 27168 21911 12098 9813 3602 4046 7602 22181 1857 24594 3082 4987 23100 22513 3564 14227 8671 3435 11227 8496 5556 587 6502 19459 4098 415 5767 7954 4255 5682 9607 7606 5172 4845 10954 8840 528 3530
internal_count=110811 85547 80702 53534 25264 11037 27083 26451 27168 21911 12098 9813 3602 4046 7602 22181 1857 24594 3082 4987 23100 22513 3564 14227 8671 3435 11227 8496 5556 587 6502 19459 4098 415 5767 7954 4255 5682 9607 7606 5172 4845 10954 8840 528 3530
is_linear=0
shrinkage=0.092745


Tree=47
num_leaves=47
num_cat=0
split_feature=91 63 49 11 42 94 30 3 44 91 89 13 26 24 13 1 18 3 62 97 38 19 2 28 84 62 10 20 7 0 0 100 65 59 66 58 84 34 9 28 12 31 8 20 100 93
split_gain=606.347 528.993 455.228 424.157 433.175 380.54 382.375 378.348 390.13 351.648 337.908 334.442 327.124 338.711 305.46 308.521 439.322 404.856 362.348 304.519 296.881 291.788 280.918 363.028 278.747 267.499 264.335 262.078 256.415 277.51 255.992 245.059 252.235 284.237 259.246 230.192 227.502 215.405 210.868 210.662 265.054 208.435 203.14 196.252 193.704 192.13
threshold=0.010692194638635001 0.0047384361333897016 0.06010169381176101 -0.027891336391990297 -0.03138338999566679 -0.062619008951029634 0.056111016366586504 0.10115501634649351 -0.0049177648442263492 0.071756836734820112 -0.025658098992891745 0.080261914879065061 0.010210362950686601 -0.0023737218490033495 0.061170872426332359 0.016521050577421304 -0.042508411007303092 0.0011680757246627504 -0.04653435243417569 -0.0050537239532047994 -0.005899096663449249 -0.029220051485130846 -0.032724575111191395 0.046011906146956862 -0.023947140410492795 0.058216697636205156 -0.056130379667442547 0.054167506778985304 -0.013686311631270499 0.067923067979694468 0.17870843006555423 0.91975000000000007 0.019539850667993554 0.036254455270428254 0.046782659370972458 -0.017103576158186747 0.0052095271908913507 -0.011756752038596498 -0.11128268620473254 0.015782430852915454 0.0022997591715193506 -0.065774105952506684 0.031483022994402261 -0.063149526104868833 -0.96374999999999988 0.043792524860535011
decision_type=2 2 2 2 2 2 2 2 2 2 2 2 2 2 2 2 2 2 2 2 2 2 2 2 2 2 2 2 2 2 2 2 2 2 2 2 2 2 2 2 2 2 2 2 2 2
left_child=1 11 3 4 -2 -3 7 8 25 14 42 12 13 21 15 17 45 22 -18 -20 -10 27 -5 -24 -23 37 -8 -1 -22 -30 35 32 34 41 36 -12 -15 -7 -28 -37 -41 -34 -6 -39 -19 -17
right_child=2 5 -4 9 10 6 26 -9 20 -11 30 -13 -14 31 -16 16 18 44 19 -21 28 24 23 -25 -26 -27 38 -29 29 -31 -32 -33 33 -35 -36 39 -38 43 -40 40 -42 -43 -44 -45 -46 -47
leaf_value=0.051487094973349051 0.0073919240397893613 -0.060987126508259416 0.0267534557550843 0.015221837290295987 -0.097838380866455313 0.0064875023671078329 -0.10074069697862295 0.041433756162682613 0.022314620103968605 -0.047410758230439394 -0.011769414656475137 0.045731743931273931 0.019996222867435905 -0.010111111651788842 0.028590304615377753 0.044439968079098641 0.039889940000978889 -0.059849597828834949 -0.073706824592607093 -0.02298992546504983 0.014755672741542193 0.040507783991911135 -0.037180706383414863 0.0349134246365225 -0.003925072987975696 -0.068128601908143765 0.12277495189240888 -0.026724027538714834 -0.10710797615956073 -0.01248604134675942 -0.010686354469972207 0.054015686979285979 -0.077694266542973206 -0.064064259747669869 0.038423793868535658 -0.086807263815784491 -0.041864704495598141 0.029802562498119071 -0.027264296430993006 0.042036899478879626 -0.074250472041516719 0.035186872018748004 -0.021948485017654656 -0.025996044817048352 0.015807962510933096 -0.097583407693683399
leaf_weight=2461 2253 974 2768 1771 1135 3880 433 1877 6877 1642 1003 2383 16036 4724 2365 882 468 301 1879 2226 3583 1524 4497 693 5973 752 83 433 284 4305 3177 519 151 339 634 1381 3296 595 2453 297 389 2003 415 6060 8547 90
leaf_count=2461 2253 974 2768 1771 1135 3880 433 1877 6877 1642 1003 2383 16036 4724 2365 882 468 301 1879 2226 3583 1524 4497 693 5973 752 83 433 284 4305 3177 519 151 339 634 1381 3296 595 2453 297 389 2003 415 6060 8547 90
internal_value=-3.00319e-06 0.00497089 -0.0094657 -0.0122975 -0.028422 -0.0039089 -0.00212503 0.00120632 -0.00166064 -0.00590687 -0.0387723 0.0120257 0.00991648 0.00258747 -0.00303256 -0.00653584 -0.0253585 6.56761e-05 -0.0373951 -0.0462116 0.0081146 0.0147654 -0.0166661 -0.0275502 0.00510667 -0.0146951 -0.0337829 0.039779 -0.00383386 -0.0183512 -0.029149 -0.00825844 -0.0111604 0.0148286 -0.018649 -0.048248 -0.0231637 -0.0108779 -0.0223351 -0.0659383 -0.0238881 0.0272581 -0.0775361 -0.0210042 0.0132308 0.0312508
internal_weight=110811 72632 38179 35411 10050 32156 31182 28213 26336 25361 7797 40476 38093 22057 23719 21354 5545 15809 4573 4105 15049 10391 6961 5190 7497 11287 2969 2894 8172 4589 6247 11666 11147 2493 8654 3070 8020 10535 2536 2067 686 2154 1550 6655 8848 972
internal_count=110811 72632 38179 35411 10050 32156 31182 28213 26336 25361 7797 40476 38093 22057 23719 21354 5545 15809 4573 4105 15049 10391 6961 5190 7497 11287 2969 2894 8172 4589 6247 11666 11147 2493 8654 3070 8020 10535 2536 2067 686 2154 1550 6655 8848 972
is_linear=0
shrinkage=0.092745


Tree=48
num_leaves=47
num_cat=0
split_feature=24 42 7 13 21 34 27 39 76 5 85 65 82 64 33 100 3 73 70 2 90 3 1 68 85 94 48 46 91 23 100 0 62 81 1 12 75 87 80 39 7 28 2 74 23 38
split_gain=560.544 589.616 585.405 491.747 448.195 440.062 417.233 377.725 355.231 349.386 323.907 308.229 299.529 285.61 266.392 265.066 264.211 262.779 260.566 240.803 297.802 241.505 240.816 230.064 228.507 222.055 254.066 243.599 220.506 220.224 219.092 326.951 269.818 243.745 218.832 214.969 213.536 212.246 209.251 236.042 208.506 207.659 252.846 206.181 204.103 201.797
threshold=0.07645789768128107 -0.0070092658293062493 -0.034042867948546891 -0.020006028765910445 -0.031313150953097245 0.032723035345279906 -0.021994671975214545 -0.034545087565700891 -0.00029554153785079994 0.0083602303458906024 -0.032341905239341488 0.017944743150450103 -0.0036263776227539999 -0.00060725627820059985 -0.083952524979171592 0.8076000000000001 -0.070993857370241539 -0.054677187424090043 0.0037748233952704506 -0.033537658747142589 0.021072651550734855 -0.0047829561281900988 0.023233723475790755 -0.048831289338128893 -0.00054348030106569987 -0.02180737507425155 0.024621985162322453 0.0086220892381988021 0.044044537478060856 0.010208364877083652 0.22715000000000005 0.15034048010922144 0.043932034007490059 0.0062922229341579507 0.12901585534148372 0.054374995550837253 0.046236055395592605 0.026008122170841204 0.027113316844218752 0.039158713640027355 0.15998967271130632 -0.060643550149978291 0.009199594240927202 0.0069118088655923506 -0.0042000586560695498 0.016249684598347403
decision_type=2 2 2 2 2 2 2 2 2 2 2 2 2 2 2 2 2 2 2 2 2 2 2 2 2 2 2 2 2 2 2 2 2 2 2 2 2 2 2 2 2 2 2 2 2 2
left_child=1 5 25 4 10 8 7 -5 19 23 -4 30 13 -11 36 -14 -6 -2 41 22 21 -21 -1 -9 -24 27 44 38 40 34 31 33 -33 -8 -22 -18 -10 -16 39 -3 -12 -7 -43 -13 -27 -19
right_child=17 2 3 6 16 18 11 9 14 12 28 43 15 -15 37 -17 35 45 -20 20 29 -23 24 -25 -26 26 -28 -29 -30 -31 -32 32 -34 -35 -36 -37 -38 -39 -40 -41 -42 42 -44 -45 -46 -47
leaf_value=0.034134205857927785 0.035629687505870006 0.0023748295861207832 0.0098434419897605527 0.01793163715753724 -0.052969162281083067 -0.064830839434576043 -0.046119286659444772 -0.075923645509232057 -0.020728561557171309 -0.059278523495713116 -0.053983363013534569 0.034780202887890473 -0.086295111330249391 0.022412194066100427 0.032128898348582097 0.022299068455048823 -0.0031168037771030985 -0.021382408347805963 0.010060437565938054 -0.01040969624297873 -0.066722779850735214 0.019765290975087123 0.030032753704374839 -0.0032883695557528792 -0.046360961905853641 0.0084408995879561299 -0.010014079490980075 0.022570342975111742 -0.15735595114568612 0.0027539517932034224 0.0088115180739879277 0.012733472608463543 -0.052627410114168618 -0.0016866351745919005 0.04130535706855544 -0.041870714273901689 -0.25244134017214442 0.0039407967220034508 -0.081706659640508009 -0.080775793254753342 -0.1886969712857452 0.0048410100271737413 -0.042347139511396389 0.0012638952024511469 0.035162141639370079 -0.059546157327011968
leaf_weight=3811 520 1606 563 1850 1359 831 2954 417 605 746 2370 3754 1751 726 12902 217 7855 3823 3682 4228 1289 4954 621 3715 735 4338 2397 1386 216 1025 7430 4230 623 1659 184 1460 36 2797 470 359 103 2451 1623 2726 5681 1733
leaf_count=3811 520 1606 563 1850 1359 831 2954 417 605 746 2370 3754 1751 726 12902 217 7855 3823 3682 4228 1289 4954 621 3715 735 4338 2397 1386 216 1025 7430 4230 623 1659 184 1460 36 2797 470 359 103 2451 1623 2726 5681 1733
internal_value=-2.86484e-06 0.00158583 -0.00408222 -0.00935426 -0.0239559 0.0101289 -0.00315386 -0.0196304 0.0149711 -0.0288098 -0.0540999 0.00348682 -0.0506439 -0.0189823 0.0247143 -0.0743126 -0.0147695 -0.0273891 -0.00858347 0.00552005 -0.0018539 0.00586935 0.0221907 -0.0106267 -0.0113663 0.0110878 0.0171048 -0.00846045 -0.0674925 -0.0302455 -0.00310789 -0.012465 0.00433741 -0.0301438 -0.0532138 -0.00919352 -0.0338699 0.0271078 -0.0261293 -0.0128191 -0.0596208 -0.0225813 -0.0139561 0.0206834 0.0235944 -0.0332912
internal_weight=110811 104735 62961 46724 13926 41774 32798 9422 33187 7572 3252 23376 3440 1472 16340 1968 10674 6076 8587 16847 11680 9182 5167 4132 1356 16237 12416 3821 2689 2498 16896 9466 4853 4613 1473 9315 641 15699 2435 1965 2473 4905 4074 6480 10019 5556
internal_count=110811 104735 62961 46724 13926 41774 32798 9422 33187 7572 3252 23376 3440 1472 16340 1968 10674 6076 8587 16847 11680 9182 5167 4132 1356 16237 12416 3821 2689 2498 16896 9466 4853 4613 1473 9315 641 15699 2435 1965 2473 4905 4074 6480 10019 5556
is_linear=0
shrinkage=0.092745


Tree=49
num_leaves=47
num_cat=0
split_feature=60 68 3 14 46 63 55 26 20 2 33 52 77 11 100 22 84 24 42 6 48 6 42 17 79 21 90 68 26 5 21 39 42 2 3 45 9 70 11 19 91 59 29 8 24 68
split_gain=575.405 584.845 562.025 473.033 422.541 408.833 365.258 357.684 339.46 326.037 311.075 318.108 310.054 303.098 297.153 295.85 291.112 302.435 293.734 290.864 365.787 279.344 271.262 269.757 259.114 250.444 248.736 248.475 245.176 248.722 244.259 264.783 234.159 229.039 228.917 226.414 221.539 216.355 211.927 206.825 211.524 206.305 205.055 204.375 232.867 202.736
threshold=-0.013683795345765248 -0.017239670231777148 -0.020384300480516395 -0.013686449710476849 0.012299519166897902 -0.020068426878643995 -0.024117205204492894 0.054931106656045801 0.036093006112772406 -0.10244492144549054 0.03603499465970026 0.035594152029328308 0.040315009555968555 0.071834311008968615 -0.94494999999999985 0.031528000612794309 0.0093001338431909029 0.099487548053832406 -0.022648821304694446 0.034837507984800904 0.015678834011495904 0.12185500860820542 0.019577439273176105 -0.010102649756487848 -0.014672111807947098 -0.05534494268742244 0.0077680181816599508 0.018186384719153303 -0.053515010421681442 0.061517954688716604 0.055485662395232255 -0.055381405827584447 0.035379896555545659 0.063427157595004613 -0.081080349147271691 0.030379772671487604 0.06643797787568996 0.045470991227181505 0.04206493927765801 -0.028733661556233598 0.062609973277543321 0.0072114264169653511 0.0039790630726386006 -0.058015847252379592 -0.022823436917058997 -0.036601280716352491
decision_type=2 2 2 2 2 2 2 2 2 2 2 2 2 2 2 2 2 2 2 2 2 2 2 2 2 2 2 2 2 2 2 2 2 2 2 2 2 2 2 2 2 2 2 2 2 2
left_child=5 4 3 33 7 21 14 12 23 -5 11 19 16 15 -4 27 17 39 -18 20 22 36 25 26 -6 -7 -8 -11 -21 -30 31 -17 37 -3 -35 -10 -1 -26 -24 40 -2 -41 -36 -28 -45 -22
right_child=1 2 6 9 24 10 8 -9 35 13 -12 -13 -14 -15 -16 30 18 -19 -20 28 45 -23 38 -25 32 -27 43 -29 29 -31 -32 -33 -34 34 42 -37 -38 -39 -40 41 -42 -43 -44 44 -46 -47
leaf_value=0.026991582800920341 0.022995886835047802 -0.0044341335944223792 -0.087529056402168987 0.058259576783836434 0.02702561954579959 -0.048869564202832567 0.017349569843708716 0.024280321607029472 -0.016510537372096196 -0.041195318469708468 0.023722181383110736 0.023339635742317816 -0.07136033569936355 0.013726668119737686 -0.0066814012404293006 0.0044274177593424261 -0.002827260012499088 -0.16024533393057364 -0.06133425978421083 -0.059029819149858706 -0.076971523778365428 0.087613123957549763 -0.034619421375727821 0.02683730894279689 -0.012208460885352818 0.01201186184719517 -0.088310829867847357 -0.0046472403032764877 0.028830654369276093 -0.068797006573559208 -8.4686261285775983e-05 -0.10034196709699102 -0.06121285888874476 0.072555380815380419 0.041176713514571958 0.02837994296566004 -0.017326636328795463 0.050557582911048157 0.025232601941554845 -0.0043851160982533149 -0.16660409933180392 -0.047206345430745894 -0.051117056437055955 0.031425145005046715 -0.020742781565289733 -0.024794878372586711
leaf_weight=7975 1572 4932 412 376 2078 632 6541 992 4924 3994 5398 3889 1619 1211 7609 246 982 119 2978 343 774 587 2871 11448 3411 7185 281 2671 3611 239 371 1316 714 766 496 1202 1104 548 618 2303 52 1670 355 1018 2654 3724
leaf_count=7975 1572 4932 412 376 2078 632 6541 992 4924 3994 5398 3889 1619 1211 7609 246 982 119 2978 343 774 587 2871 11448 3411 7185 281 2671 3611 239 371 1316 714 766 496 1202 1104 548 618 2303 52 1670 355 1018 2654 3724
internal_value=-2.90088e-06 -0.00492334 9.94386e-05 -0.0139491 -0.0188601 0.0090747 0.00661401 -0.0291017 0.0116021 -0.0264529 0.003615 -0.000928688 -0.0337917 -0.0297031 -0.0108388 -0.0358219 -0.0275024 -0.014108 -0.0468304 -0.00564932 -0.0114113 0.0256133 -0.00250998 0.0169915 -0.00021765 0.00708628 0.00624881 -0.0265515 0.0160643 0.0227619 -0.0677705 -0.0838353 -0.0123361 0.005495 0.0357837 -0.00769931 0.0216006 -0.003514 -0.0240128 -0.0109905 0.0168883 -0.02239 0.00265553 -0.012116 -0.00627507 -0.0337806
internal_weight=110811 71861 52823 16734 19038 38950 36089 12287 28068 10185 29284 23886 11295 9809 8021 8598 9676 5716 3960 19997 15804 9666 11306 21942 6751 7817 10494 6665 4193 3850 1933 1562 4673 6549 1617 6126 9079 3959 3489 5597 1624 3973 851 3953 3672 4498
internal_count=110811 71861 52823 16734 19038 38950 36089 12287 28068 10185 29284 23886 11295 9809 8021 8598 9676 5716 3960 19997 15804 9666 11306 21942 6751 7817 10494 6665 4193 3850 1933 1562 4673 6549 1617 6126 9079 3959 3489 5597 1624 3973 851 3953 3672 4498
is_linear=0
shrinkage=0.092745


Tree=50
num_leaves=47
num_cat=0
split_feature=93 100 11 94 22 18 88 84 3 0 74 95 84 46 59 65 33 62 21 0 100 27 1 90 14 66 1 24 28 15 57 95 90 5 34 7 92 20 97 62 28 100 93 38 41 7
split_gain=523.303 501.835 457.96 451.83 496.223 478.966 443.709 441.558 385.978 330.317 375.616 324.336 310.73 305.887 294.474 281.124 280.749 279.259 271.347 268.125 258.225 264.105 251.489 248.506 247.951 246.514 330.595 231.562 308.793 229.139 223.99 214.868 236.35 212.663 211.395 211.088 208.338 219.504 202.254 220.063 241.302 200.998 200.872 199.526 198.133 197.261
threshold=0.028894428430656451 -0.94224999999999992 0.11045235322052467 -0.04056854837898894 -0.0030472356963344997 -0.032993015130185543 0.015385459146296602 0.0036580484726457005 0.023877666434334702 0.095969385454499304 0.034688643840521553 0.046959009051138208 0.025306478465144552 0.020155628844463102 -0.04130602817559139 -0.027725897441189449 -0.058757165160958892 0.030578741514480253 -0.016530634129489796 0.16925281293469427 -0.58544999999999991 -0.022429138394772546 -0.098987882941818275 0.0056116394435305013 -0.089854293543004185 0.026315751947931353 -0.035604141808636296 -0.017150641286812148 -0.0026989795449965997 -0.035635790281660189 0.041848887431623558 -0.062999807813776496 0.039517067158460061 0.041873854862552802 -0.030624284655908298 -0.044279413820317949 -0.041415185411843344 0.015010166154987853 0.012319562803909752 -0.021396464070848598 -0.0015260381320967998 -0.22549999999999998 -0.035755646627429839 -0.097084415140985883 -0.018406086695854747 0.10233997228199336
decision_type=2 2 2 2 2 2 2 2 2 2 2 2 2 2 2 2 2 2 2 2 2 2 2 2 2 2 2 2 2 2 2 2 2 2 2 2 2 2 2 2 2 2 2 2 2 2
left_child=1 22 3 27 6 19 12 11 15 20 18 33 23 14 -9 44 -17 -15 -11 -6 21 -8 -1 -5 -24 26 -10 -3 -29 -22 -21 32 -14 36 -30 -26 -2 -38 -39 -40 -41 -35 -12 -16 -7 -33
right_child=7 2 -4 4 5 8 9 13 25 10 42 -13 31 17 43 16 -18 -19 -20 30 29 -23 24 -25 35 -27 -28 28 34 -31 -32 45 -34 41 -36 -37 37 38 39 40 -42 -43 -44 -45 -46 -47
leaf_value=0.0084756605504569624 -0.034818351071584791 0.0052080251286019397 0.052054588904829058 0.032664461393547423 -0.00051277894390380308 -0.0018794324135872544 -0.26003337720753905 0.01338720101463443 0.016500710289562133 -0.011736898431072167 0.029342039762420915 -0.048838691107802187 -0.002005726841909642 0.015209022474905812 0.088551721194858768 -0.051187840444307998 -0.0065716373698603454 -0.063003648273127155 0.022926669492084474 0.023993098012982307 -0.17779049999581517 -0.068631245472555905 0.081999345565709703 0.012723196301576437 0.027060671893163378 0.034727433426491101 -0.01972047489405121 -0.051586581585158608 0.043002857435974789 -0.0094557635681292006 0.080653120029986383 0.0062332906492198505 -0.25081826830598541 -0.069387500873464222 -0.020198220085005176 -0.047983472250054449 0.026451628081680573 0.010478096159969731 0.030901728457122097 -0.1417464258797464 -0.021409163002681472 -0.00013879944728187443 -0.054933215661051291 -0.049676808047836953 -0.055604009471044845 -0.083101292328372073
leaf_weight=1464 806 2608 1720 13030 3803 800 78 781 4579 2891 303 1107 71 1895 91 1335 13282 495 5917 3856 74 302 146 9156 355 2105 4115 2572 578 1098 711 4880 61 603 2138 3471 4855 1788 232 262 317 897 1227 5474 2260 222
leaf_count=1464 806 2608 1720 13030 3803 800 78 781 4579 2891 303 1107 71 1895 91 1335 13282 495 5917 3856 74 302 146 9156 355 2105 4115 2572 578 1098 711 4880 61 603 2138 3471 4855 1788 232 262 317 897 1227 5474 2260 222
internal_value=-2.86585e-06 0.00295177 0.00468383 0.00371412 0.00590382 -0.00182859 0.0131519 -0.0137506 -0.00756179 -0.00181048 0.00417821 -0.00126885 0.0196404 -0.029275 -0.0399249 -0.0160015 -0.0106484 -0.000989717 0.0115477 0.0176746 -0.0417039 -0.108121 -0.0243738 0.0244357 -0.0364847 0.00625201 -0.000641833 -0.017403 -0.0285569 -0.0201368 0.0328215 -0.000683973 -0.117384 0.00412649 -0.00674008 -0.0410153 0.00996189 0.0148069 -0.00694089 -0.0453513 -0.0759289 -0.0279938 -0.0382321 -0.0474096 -0.0415643 0.00233903
internal_weight=110811 91208 85772 84052 76156 36846 39310 19603 28476 11890 10338 10867 27420 8736 6346 17677 14617 2390 8808 8370 1552 380 5436 22186 3972 10799 8694 7896 5288 1172 4567 5234 132 9760 2716 3826 8260 7454 2599 811 579 1500 1530 5565 3060 5102
internal_count=110811 91208 85772 84052 76156 36846 39310 19603 28476 11890 10338 10867 27420 8736 6346 17677 14617 2390 8808 8370 1552 380 5436 22186 3972 10799 8694 7896 5288 1172 4567 5234 132 9760 2716 3826 8260 7454 2599 811 579 1500 1530 5565 3060 5102
is_linear=0
shrinkage=0.092745


Tree=51
num_leaves=47
num_cat=0
split_feature=62 26 6 70 24 51 28 21 77 5 3 19 46 9 23 1 7 64 78 19 21 15 21 25 65 42 93 100 13 96 88 7 65 26 93 9 15 15 38 95 63 11 23 80 45 41
split_gain=503.499 545.152 424.332 441.58 419.513 411.416 396.939 372.631 347.807 316.357 315.513 298.866 290.075 289.115 309.955 285.844 266.396 265.052 263.027 260.957 257.042 254.926 250.761 249.138 247.097 237.211 233.017 229.252 233.99 228.631 228.378 227.941 227.746 241.761 224.149 223.444 219.975 215.337 214.783 206.502 206.44 206.168 212.34 198.139 196.644 196.26
threshold=-0.0022847900001730496 0.0020635675598760003 0.087590834189241212 -0.025535143848342396 0.016172405810364804 0.028524316848471003 0.012797333131448303 -0.054317581960501286 0.023762462353095152 0.025589376889879351 -0.05166673925610684 -0.049928187125029548 0.042064414293954307 -0.029002966875096247 0.021095138001747952 -0.071940863315820183 0.0113560394668704 0.05520885528952451 -0.016743212575217596 -0.012635564521802348 0.090825141032628023 0.09118465142868247 0.087403027277073414 -0.061716402903786195 -0.062329043162795243 0.025696687737447703 -0.016667675380752697 -0.96084999999999987 -0.030108659451630146 -0.013460044966249599 0.0082104295068527022 0.05186478119257356 -0.021066911378414644 -0.045357345989124588 -0.050052763764542943 0.063419403229069207 -0.014187407861517148 0.028143738365646206 0.081297642676582557 0.065584331365371465 0.034770591199393658 -0.0064470339305020994 -0.026090355229587747 0.065652443672437708 -0.057674976532498645 -0.0099298717687822981
decision_type=2 2 2 2 2 2 2 2 2 2 2 2 2 2 2 2 2 2 2 2 2 2 2 2 2 2 2 2 2 2 2 2 2 2 2 2 2 2 2 2 2 2 2 2 2 2
left_child=2 4 3 9 8 12 7 40 25 -1 11 -9 13 -5 19 -12 -11 -18 -13 -15 32 22 26 -10 -4 -2 27 -6 -29 -25 -8 -27 33 -7 -17 -26 -21 -36 -14 -32 -3 42 45 44 -43 -28
right_child=1 6 24 5 21 20 30 10 23 16 15 18 38 14 -16 34 17 -19 -20 36 -22 -23 -24 29 35 31 41 28 -30 -31 39 -33 -34 -35 37 -37 -38 -39 -40 -41 -42 43 -44 -45 -46 -47
leaf_value=-0.0015366300170573009 0.0061523764516872564 -0.033427588391570617 -0.065082624404075029 0.02306431222381897 -0.14064693577404919 -0.11224012581313289 0.027422061677010917 0.038993340030543486 -0.13127397144024708 -0.011510555265820011 0.027369560523349223 0.006839863629288229 0.042760710660564229 0.011763197069758455 0.02244954821630472 0.051557112517698914 -0.073472797598882145 0.069029839049343178 -0.060166942329179365 -0.039894659592382413 0.067378612298386778 0.026524235360261085 0.033676843089221101 0.0095278426913648368 0.049164390664575688 -0.010197880145153704 -0.18934609498467905 -0.054433917422241823 0.008095432492950019 -0.041128786281427757 0.0033967003465878776 -0.072039228698704341 -0.0024459730278573529 -0.025423171474056875 -0.014718009471550849 -0.0052577331362737827 -0.0049090621223744019 0.016356573795753879 -0.049920526913781599 -0.12244292052167415 -0.12406363145732646 -0.11512826367683833 -0.053196290094540896 -0.16508812600669545 -0.022871794138504119 -0.076320395410738914
leaf_weight=7395 11226 1390 206 9531 119 317 6739 471 204 1870 3517 698 3696 4418 4771 606 1505 121 1808 2383 355 632 444 1092 3425 2644 205 710 1869 2566 4148 636 5270 2126 7286 800 4403 2603 228 115 256 212 2184 94 3142 375
leaf_count=7395 11226 1390 206 9531 119 317 6739 471 204 1870 3517 698 3696 4418 4771 606 1505 121 1808 2383 355 632 444 1092 3425 2644 205 710 1869 2566 4148 636 5270 2126 7286 800 4403 2603 228 115 256 212 2184 94 3142 375
internal_value=-2.87037e-06 -0.00596945 0.00654757 0.00403166 -0.0151629 0.00880663 0.00282563 -0.00542101 -0.00684372 -0.0124072 -0.00133762 -0.0287573 0.0138932 0.0102807 0.00265262 0.00448747 -0.0353956 -0.0628497 -0.0414993 -0.00577665 -0.00974619 -0.030463 -0.0343155 -0.0315768 0.0340176 -0.000257494 -0.0377062 -0.0149384 -0.00911776 -0.0260033 0.0167947 -0.0221985 -0.0133001 -0.0367058 -0.00317982 0.0388567 -0.0171979 -0.00653689 0.0373688 -2.75867e-06 -0.0475514 -0.0475914 -0.0664675 -0.0324516 -0.0287165 -0.116366
internal_weight=110811 57991 52820 48389 28354 37498 29637 18635 18368 10891 16989 2977 29430 25506 15975 14012 3496 1626 2506 11204 8068 9986 9354 3862 4431 14506 8910 2698 2579 3658 11002 3280 7713 2443 10495 4225 6786 9889 3924 4263 1646 6212 2764 3448 3354 580
internal_count=110811 57991 52820 48389 28354 37498 29637 18635 18368 10891 16989 2977 29430 25506 15975 14012 3496 1626 2506 11204 8068 9986 9354 3862 4431 14506 8910 2698 2579 3658 11002 3280 7713 2443 10495 4225 6786 9889 3924 4263 1646 6212 2764 3448 3354 580
is_linear=0
shrinkage=0.092745


Tree=52
num_leaves=47
num_cat=0
split_feature=38 21 9 4 3 26 34 17 69 60 55 23 9 66 4 57 33 42 68 43 83 8 27 88 68 92 28 8 19 24 93 3 39 33 33 63 1 88 84 14 28 49 51 72 75 39
split_gain=483.72 478.42 472.669 474.291 471.181 446.014 410.763 409.062 457.007 377.405 334.098 304.916 301.69 298.453 296.349 288.13 284.103 272.829 268.243 265.597 292.244 246.676 243.538 236.708 263.602 242.103 233.267 229.866 225.655 225.557 225.46 225.288 217.386 210.108 208.638 208.214 273.181 199.915 199.253 198.996 191.787 190.49 189.559 189.011 186.246 185.831
threshold=0.012804055312711901 -0.073118113585582525 -0.11534681073594064 -0.13769199117331887 0.14639739979670599 0.047611767690624356 -0.030624284655908298 -0.032491006462105891 -0.04873629460226489 -0.014429167168030497 -0.0018342075603085997 0.046772489727855505 -0.068292372760330025 0.038381211673169303 0.036348423019521459 -0.0088830359378814974 0.00035963432068305005 0.11831861655590166 0.0062003092370961008 0.042638227118779806 -0.032511557097420644 -0.052825898019160794 -0.0015889303430312498 -0.0053155875803728991 -0.052583328856859596 -0.028034751225421994 0.025511977084653303 -0.031194458290697998 -0.011359827812032049 0.074672856087230108 0.032598106490878756 0.087245703818664602 0.00962980537580445 0.084992824385089802 -0.042212042601912338 0.044723966599425409 -0.021877745748253147 0.014049353995270101 0.038783543336551159 0.010018103142838101 0.046011906146956862 0.081553828117994456 0.098454291130128713 0.04793849290972086 0.037697680953893357 -0.019907286021596797
decision_type=2 2 2 2 2 2 2 2 2 2 2 2 2 2 2 2 2 2 2 2 2 2 2 2 2 2 2 2 2 2 2 2 2 2 2 2 2 2 2 2 2 2 2 2 2 2
left_child=1 26 -2 -4 6 9 28 14 15 17 11 19 -10 18 21 -9 -14 41 30 23 -21 44 -23 24 -11 -25 27 31 43 -16 -12 33 -13 39 -17 45 -37 -28 -29 -1 -7 -3 -20 -5 -8 -30
right_child=2 5 3 4 -6 40 7 8 12 10 13 32 16 -15 29 34 -18 -19 42 20 -22 22 -24 25 -26 -27 37 38 35 -31 -32 -33 -34 -35 -36 36 -38 -39 -40 -41 -42 -43 -44 -45 -46 -47
leaf_value=-0.058522916779579631 0.05260674111923045 0.013740741486996262 0.03255535886221992 0.029175025107631185 0.041869399460868567 0.020759385567094855 -0.13518267145772409 -0.010843314151321141 0.02538716940014597 -0.071100244169752053 -0.0014094530149367796 0.039239028499285615 -0.025870276650538739 0.036728881622644136 0.0016151051827865235 -0.19088942774372553 -0.0017217309250832588 -0.063660727882138432 0.017873512515649788 0.036273136518389572 -0.062082569288437146 -0.070317391346566629 -0.02174330325413865 -0.054638046328935194 0.0074585311209018597 -0.013439448419131635 0.022174379429582263 -0.011286423221235941 0.023990757814522257 -0.11542729841237624 -0.04106065251622025 0.13463441986626695 -0.012314489138649848 0.11055209496197617 -0.07531265213654631 0.0035466648577844005 -0.12870511464653694 -0.052728847218203569 -0.11308891236300482 -0.14670954746545431 0.058979115789742069 0.063490680013126202 -0.12119416609411383 -0.040159147736590954 0.042162753863062917 -0.017345042483436744
leaf_weight=515 1061 19667 2109 3048 1309 5752 461 544 1829 390 8527 1709 8727 2551 1508 164 8064 382 7218 308 1651 1859 1702 1473 6262 7351 1194 1618 1444 156 1442 41 1195 44 749 262 275 412 184 386 1406 685 85 380 57 2655
leaf_count=515 1061 19667 2109 3048 1309 5752 461 544 1829 390 8527 1709 8727 2551 1508 164 8064 382 7218 308 1651 1859 1702 1473 6262 7351 1194 1618 1444 156 1442 41 1195 44 749 262 275 412 184 386 1406 685 85 380 57 2655
internal_value=-3.00055e-06 0.00445589 -0.00842388 -0.0101606 -0.012721 0.00637116 -0.0148307 -0.0205374 -0.0142925 0.00379665 -0.00144913 -0.00980037 -0.0103769 0.00711883 -0.0423648 -0.0643115 -0.0142738 0.0139583 0.00274423 -0.0144353 -0.0466088 -0.0558209 -0.0471086 -0.010361 0.00284781 -0.0203199 -0.025203 -0.0414206 0.00344002 -0.00936734 -0.00714732 -0.0774216 0.0180209 -0.0866743 -0.0961415 -0.00989872 -0.064187 0.00294441 -0.0217052 -0.0963528 0.0282706 0.0154167 0.0162484 0.0214825 -0.115629 -0.00277924
internal_weight=110811 72448 38363 37302 35193 68054 33884 25820 20077 60896 40162 20339 18620 19823 5743 1457 16791 20734 17272 17435 1959 4079 3561 15476 6652 8824 4394 2788 8064 1664 9969 986 2904 945 913 4636 537 1606 1802 901 7158 20352 7303 3428 518 4099
internal_count=110811 72448 38363 37302 35193 68054 33884 25820 20077 60896 40162 20339 18620 19823 5743 1457 16791 20734 17272 17435 1959 4079 3561 15476 6652 8824 4394 2788 8064 1664 9969 986 2904 945 913 4636 537 1606 1802 901 7158 20352 7303 3428 518 4099
is_linear=0
shrinkage=0.092745


Tree=53
num_leaves=47
num_cat=0
split_feature=91 70 2 100 0 18 62 28 65 43 28 0 95 23 16 93 67 7 49 3 63 42 27 9 64 29 20 49 3 14 17 34 0 37 80 2 95 85 25 76 21 33 69 41 80 69
split_gain=469.551 395.56 393.393 413.227 415.882 372.298 349.284 493.313 338.218 295.794 330.361 284.107 464.479 305.995 276.498 276.023 269.644 264.371 262.887 257.128 267.205 268.193 256.784 241.354 237.844 237.049 257.413 235.566 234.612 358.483 231.891 231.238 231.156 231.116 230.191 222.651 212.427 213.876 211.811 293.969 304.217 285.901 238.262 233.754 220.555 211.627
threshold=0.010692194638635001 -0.0032919179864330495 -0.037029266757280993 -0.47649999999999998 0.12249560944111927 0.024818314664555054 -0.045649227549556894 -0.043285164286910489 0.010157318275137151 0.0054429098648478011 -0.0075934492379861997 0.17464589181223791 -0.060828041679714041 0.033400921644199805 -0.029216765470826946 -0.065198180274446141 0.011468711376267501 0.032783043108846159 0.029882565543387352 0.078074244089569367 0.075815693647092716 0.061403354557362108 -0.014628544574664648 -0.0074762196809996994 0.017213772773685704 0.050368798428460107 1.0000000180025095e-35 0.0030052468795540004 0.062587273729508008 0.025144457078500205 -0.024243434480234347 0.015331563755536352 0.23438136552888386 -0.012268350674678149 0.063329451452691865 0.020959085645604152 0.048266735293332259 0.021952177920072403 0.019629843592594953 -0.0027519554759130494 -0.059089934398755241 -0.095096687853819847 -0.006557364124513099 0.0036782049293557504 -0.006686521963541199 0.032108054033585909
decision_type=2 2 2 2 2 2 2 2 2 2 2 2 2 2 2 2 2 2 2 2 2 2 2 2 2 2 2 2 2 2 2 2 2 2 2 2 2 2 2 2 2 2 2 2 2 2
left_child=1 2 -1 4 9 15 -2 11 17 10 30 12 33 45 22 -3 31 38 -18 20 21 25 -6 -19 -13 -17 -27 -11 29 32 -4 -5 -16 -8 -12 -33 37 -10 39 40 -9 -41 44 -42 -40 -14
right_child=6 5 3 16 14 -7 7 8 36 27 34 24 13 -15 28 19 18 23 -20 -21 -22 -23 -24 -25 -26 26 -28 -29 -30 -31 -32 35 -34 -35 -36 -37 -38 -39 42 41 43 -43 -44 -45 -46 -47
leaf_value=0.013561286433225517 0.0165092353700628 0.06239177159167833 -0.20710712149544214 0 -0.072521727441321404 -0.0056955238996282539 -0.39824598168259351 -0.10150129800043652 0.016999750502983517 -0.056514653356452622 0.016916855478570837 -0.036958297553481102 -0.092469885763623208 0.00045707198982816759 -0.010279494964676356 0.018086378163103885 0.0065524325101456353 -0.0071646935813853112 0.055649174092760573 0.038853962244584851 -0.049199605618863489 -0.035263284774996205 -0.010349588191183728 -0.051514287927863958 0.017517683899274925 0.015960907189542305 -0.043108640860631098 -0.14873856404837876 0.031225149442946128 -0.055361082092714481 -0.054605581003210099 -0.010970271536842864 0.052000818934199403 -0.099353309361404518 -0.18214937683904636 -0.065969063211535325 -0.035791788929778731 -0.016047079861229521 0.033013057873145783 -0.19705165378331085 -0.002689098028934606 0.0029006285814786054 0.032131677557983927 -0.047194849350887198 -0.043776564052961681 0.0013178970504872289
leaf_weight=9442 4318 1070 115 7884 1091 8743 51 486 7961 543 801 2146 1241 625 1999 20055 4299 1731 1200 3254 616 963 1201 2708 1015 1342 1203 426 1396 1195 338 1707 689 40 53 1007 953 2136 490 62 2134 4937 2025 1937 935 248
leaf_count=9442 4318 1070 115 7884 1091 8743 51 486 7961 543 801 2146 1241 625 1999 20055 4299 1731 1200 3254 616 963 1201 2708 1015 1342 1203 426 1396 1195 338 1707 689 40 53 1007 953 2136 490 62 2134 4937 2025 1937 935 248
internal_value=-2.96907e-06 0.00437403 -0.00264759 -0.00854722 -0.0235123 0.0110453 -0.00833013 -0.0114982 -0.00663959 -0.0582743 -0.0294603 -0.0372945 -0.0628468 -0.0539857 -0.0130585 0.0161809 0.000606766 -0.0146815 0.0172712 0.0143774 0.0110823 0.0126594 -0.039955 -0.0342247 -0.0194617 0.0147025 -0.0119571 -0.0971049 -0.00137664 -0.0131024 -0.0934563 -0.00803888 0.00568322 -0.267736 0.00448992 -0.0313868 0.0060552 0.0100072 -0.00800964 -0.0151217 -0.0321584 0.000406885 0.0116854 -0.0238703 -0.0173608 -0.0768427
internal_weight=110811 72632 35386 25944 9847 37246 38179 33861 28495 2276 1307 5366 2205 2114 7571 28503 16097 17445 5499 27433 24179 23563 2292 4439 3161 22600 2545 969 5279 3883 453 10598 2688 91 854 2714 11050 10097 13006 9556 4557 4999 3450 4071 1425 1489
internal_count=110811 72632 35386 25944 9847 37246 38179 33861 28495 2276 1307 5366 2205 2114 7571 28503 16097 17445 5499 27433 24179 23563 2292 4439 3161 22600 2545 969 5279 3883 453 10598 2688 91 854 2714 11050 10097 13006 9556 4557 4999 3450 4071 1425 1489
is_linear=0
shrinkage=0.092745


Tree=54
num_leaves=47
num_cat=0
split_feature=9 6 13 11 38 10 9 33 34 22 24 55 0 60 40 28 96 97 0 10 50 90 0 22 5 46 31 95 43 2 74 58 100 83 61 98 53 54 33 80 71 21 66 5 26 6
split_gain=471.559 479.666 446.958 455.207 391.878 367.84 333.106 332.349 323.286 301.759 297.023 294.911 304.45 303.466 289.187 284.858 303.18 268.599 264.127 257.632 249.257 241.828 224.065 265.33 243.46 239.327 223.645 218.055 217.627 221.757 213.423 212.896 207.27 206.432 200.627 199.829 239.051 205.896 197.08 186.531 186.17 239.562 185.613 181.426 181.385 202.742
threshold=0.034612091758803705 0.15112493867595647 0.080261914879065061 -0.069640024415746085 0.012804055312711901 -0.081349174544859834 -0.11970681537137438 0.088434083245857109 0.0016770009445797004 -0.0072608432599167994 0.07645789768128107 0.0018816671190362002 0.09913013319949647 0.041752989811530458 -0.0036238756062155499 -0.032120161791572892 -0.023168780048619098 -0.022789219975026694 0.13708587306099548 -0.056130379667442547 -0.035477236588068992 0.056485158319333956 0.21302536036341352 0.095429370441215702 -0.035205223583867344 -0.043970439770405642 -0.026445471107360147 0.0041624941047250013 0.056992372075122359 -0.058138277707058698 0.0078953161967982525 0.014004845974527702 -0.77164999999999984 -0.017154599405283345 0.0015425071499384003 0.0082513361018171517 0.023259931991624651 -0.0029213336148932998 -0.07606565086468968 -0.046486705062242846 0.0054802591347358513 -0.034863905867948644 0.011471075675118802 -0.15022021645131425 0.087825285292540814 -0.063550456993343343
decision_type=2 2 2 2 2 2 2 2 2 2 2 2 2 2 2 2 2 2 2 2 2 2 2 2 2 2 2 2 2 2 2 2 2 2 2 2 2 2 2 2 2 2 2 2 2 2
left_child=1 2 3 8 11 17 -6 9 30 21 15 12 35 26 27 18 -17 -2 -8 -15 33 38 24 42 25 -11 -14 39 34 -30 40 -19 -16 -10 -22 37 -37 -5 -7 -13 -1 -42 43 -24 45 -12
right_child=5 -3 -4 4 6 7 10 -9 20 22 44 14 13 19 32 16 -18 31 -20 -21 28 -23 23 -25 -26 -27 -28 -29 29 -31 -32 -33 -34 -35 -36 36 -38 -39 -40 -41 41 -43 -44 -45 -46 -47
leaf_value=0.038769388337666612 -0.10127736918289376 0.053874837217282159 0.03048549473219898 -0.034018986008402335 0.055110881142395068 -0.046774479034121796 -0.063453356527432545 0.05031199485963779 0.082499422695108085 -0.077629110148622865 -0.15704683287112933 0.084576270730445338 -0.0043325866504507942 -0.095144592706917941 0.058701241024215908 0.022892695861803675 -0.0066166601695556663 -0.051127986036260141 -0.013626513076668338 -0.010861671807034536 -0.021544636098329611 -0.052511510754283598 -0.22184393559621751 -0.073985253431726669 -0.045186615137470271 -0.00021686220023830276 0.017768816559895657 -0.011639610454105815 0.070641507004414392 -0.17112487561015266 -0.029774553165644771 0.018917438642839741 0.021786488263475571 -0.025658946484753736 -0.074699496398665105 -0.024714934680923614 -0.1033118466041387 0.012557116039981237 0.0096534912714659159 0.012431894364934299 -0.076606828286225698 0.020972912724419243 0.024815264580973009 -0.01027811345597879 0.095933275596509798 -0.044925795048456681
leaf_weight=1275 579 1582 4585 1276 733 567 1183 821 214 395 159 326 5673 354 1543 3814 13938 1133 4044 2618 1305 646 35 439 4028 2626 12871 3987 38 222 1476 556 8624 520 1150 1667 416 2265 8643 5615 348 571 1807 2989 68 1087
leaf_count=1275 579 1582 4585 1276 733 567 1183 821 214 395 159 326 5673 354 1543 3814 13938 1133 4044 2618 1305 646 35 439 4028 2626 12871 3987 38 222 1476 556 8624 520 1150 1667 416 2265 8643 5615 348 571 1807 2989 68 1087
internal_value=-3.20876e-06 0.00328455 0.00233103 0.000704546 0.00290918 -0.0111364 -0.00647367 -0.0076209 -0.0216707 -0.00976702 -0.00833306 0.00788068 0.00157424 0.00659683 0.0163972 -0.00587974 -0.000275569 -0.04677 -0.024909 -0.0209135 -0.0420571 0.00232732 -0.0194442 -0.0049747 -0.0302594 -0.0103495 0.0110068 0.00513625 -0.0550201 -0.135699 -0.0025065 -0.0280624 0.0273917 0.0058762 -0.0464554 -0.0176378 -0.0404302 -0.00422413 0.00617676 0.0163968 0.0158332 -0.0159753 0.00129756 -0.012752 -0.0512154 -0.059277
internal_weight=110811 85547 83965 79380 72261 25264 25026 22996 7119 22175 24293 47235 27140 21516 20095 22979 17752 2268 5227 2972 3449 9856 12319 5270 7049 3021 18544 9928 2715 260 3670 1689 10167 734 2455 5624 2083 3541 9210 5941 2194 919 4831 3024 1314 1246
internal_count=110811 85547 83965 79380 72261 25264 25026 22996 7119 22175 24293 47235 27140 21516 20095 22979 17752 2268 5227 2972 3449 9856 12319 5270 7049 3021 18544 9928 2715 260 3670 1689 10167 734 2455 5624 2083 3541 9210 5941 2194 919 4831 3024 1314 1246
is_linear=0
shrinkage=0.092745


Tree=55
num_leaves=47
num_cat=0
split_feature=62 11 42 21 12 24 15 48 27 33 4 63 46 26 40 9 46 39 7 27 12 49 42 17 22 21 94 93 56 77 80 66 29 47 13 62 78 4 98 15 100 60 100 11 55 81
split_gain=460.506 446.239 483.639 436.754 431.416 459.449 450.806 448.609 416.652 354.627 328.22 323.944 283.939 270.011 267.426 253.137 250.667 248.878 241.672 231.045 234.947 222.191 221.835 222.698 221.73 213.027 263.76 224.927 211.882 264.355 207.172 204.653 195.277 189.426 186.351 182.563 180.68 180.166 178.582 178.571 177.801 175.826 199.69 168.779 167.626 180.106
threshold=0.05058794189166866 0.04206493927765801 -0.050997875882669644 0.10525850206223876 0.020594721519082204 0.074672856087230108 -0.0049323831614139996 -0.027602348005851447 -0.012651250358837249 0.025614083537941906 0.023750342187468302 0.0092349741236053516 -0.027786376413229594 -0.0013987711207687997 -0.037807897228791694 -0.0022702337887500492 0.084165256517233569 -0.026604118756716498 0.035145957361888906 0.065030899444871768 -0.060925406689534646 -0.054548338616430096 0.10323379596401518 0.0021837484740044504 -0.013632354534102348 -0.024625008396926946 -0.020203783257340947 0.0081278142905686513 0.014139604724621351 0.036594212015118859 0.00081585246394695013 -0.0041568360056238995 -0.10282473433565557 0.0017226092781318502 -0.020501414151018596 0.093124005589279815 0.027587204018140004 -0.005946086635525049 0.066556126539638619 0.088755355054549304 -0.5422499999999999 0.036257909820935803 -0.70924999999999983 -0.06287865604579819 -0.034364829141817543 -0.028515511159429248
decision_type=2 2 2 2 2 2 2 2 2 2 2 2 2 2 2 2 2 2 2 2 2 2 2 2 2 2 2 2 2 2 2 2 2 2 2 2 2 2 2 2 2 2 2 2 2 2
left_child=1 2 31 4 5 7 8 12 22 11 17 -9 15 28 33 -4 19 38 -14 20 -7 -19 23 -6 -11 26 -10 -27 30 -30 44 32 -1 -3 35 36 -15 41 -8 43 -5 -16 -43 -12 -2 -46
right_child=13 14 3 40 6 16 10 9 25 24 39 -13 18 34 37 -17 -18 21 -20 -21 -22 -23 -24 -25 -26 27 -28 -29 29 -31 -32 -33 -34 -35 -36 -37 -38 -39 -40 -41 -42 42 -44 -45 45 -47
leaf_value=0.13189019477517269 -0.096895705046538716 0.01305844648746721 0.021403981371098491 0.089624595380603536 -0.071470598941584793 -0.1202397722811035 0.011309084058014366 0.00097871256040541572 -0.11341151355724362 0.02986386280400526 -0.040838826774196292 -0.018565169513304156 0.039731128462232916 -0.0032297675569560934 0.015184383266301381 -0.042198274334397982 0.084755376900696594 -0.083374016137635648 0.0011247656944260098 0.017553578888418839 -0.042261402339365955 -0.01784275149994732 -0.2245020614478484 -0.027192441176407237 -0.00033802152426621278 0.013447319197379026 -0.020759157444169587 -0.029968008138464231 0.0060349045218254854 -0.077928315352701519 -0.086232560330378058 0.035822135675539268 0.0012106531585193809 -0.026108847106788808 0.0063510109843581694 -0.11126851781374573 -0.084660600032368721 0.0286086367469491 0.19395788521325449 0.070328720788342736 0.022310595841927326 -0.11334135205950883 -0.0075030283623340873 0.019204460201824688 -0.096782286658731731 0.0095068183815244702
leaf_weight=101 248 2084 1123 526 2085 431 1778 17836 369 4128 467 12342 5192 1169 6863 1033 132 481 1908 399 1457 5943 64 1842 4235 2527 932 1728 1344 424 1081 3909 3415 2165 3470 214 293 8507 47 499 944 178 1099 2909 169 721
leaf_count=101 248 2084 1123 526 2085 431 1778 17836 369 4128 467 12342 5192 1169 6863 1033 132 481 1908 399 1457 5943 64 1842 4235 2527 932 1728 1344 424 1081 3909 3415 2165 3470 214 293 8507 47 499 944 178 1099 2909 169 721
internal_value=-3.20977e-06 0.00178857 -0.00133618 -0.00361945 -0.00464304 7.65968e-05 -0.0155799 0.00207272 -0.030654 -0.00233027 -0.00370825 -0.00701386 0.0204072 -0.0199521 0.0138691 -0.00906487 -0.0393547 -0.0141679 0.0293587 -0.0465336 -0.0600853 -0.022755 -0.0535147 -0.0507084 0.0145686 -0.0142283 -0.0470676 -0.00418172 -0.0380689 -0.0141027 -0.0571536 0.0212193 0.00497881 -0.00689573 -0.0059117 -0.0313054 -0.019572 0.01917 0.01605 0.018554 0.0464191 0.00930341 -0.0222885 0.0108919 -0.0295045 -0.0106854
internal_weight=110811 101678 80782 73357 71887 50216 21671 47797 9547 38541 12124 30178 9256 9133 20896 2156 2419 8249 7100 2287 1888 6424 3991 3927 8363 5556 1301 4255 3987 1768 2219 7425 3516 4249 5146 1676 1462 16647 1825 3875 1470 8140 1277 3376 1138 890
internal_count=110811 101678 80782 73357 71887 50216 21671 47797 9547 38541 12124 30178 9256 9133 20896 2156 2419 8249 7100 2287 1888 6424 3991 3927 8363 5556 1301 4255 3987 1768 2219 7425 3516 4249 5146 1676 1462 16647 1825 3875 1470 8140 1277 3376 1138 890
is_linear=0
shrinkage=0.092745


Tree=56
num_leaves=47
num_cat=0
split_feature=77 87 91 84 65 56 90 3 68 19 68 33 33 79 28 26 94 62 24 8 4 74 16 42 38 51 49 7 12 20 67 39 1 38 5 92 24 54 64 60 60 22 93 21 100 4
split_gain=449.647 436.896 427.258 417.037 347.804 379.058 320.036 316.539 290.473 322.649 376.232 334.123 256.825 255.424 254.718 250.835 330.11 249.082 267.727 243.162 258.896 240.246 232.732 227.682 248.713 290.26 246.384 220.559 226.909 218.128 216.465 212.19 210.444 201.95 249.434 227.767 193.059 220.013 189.952 218.589 189.504 193.53 187.144 184.615 184.217 183.368
threshold=0.018431960933817403 0.008334178525527201 0.062609973277543321 -0.022560330015483594 0.021649695114519706 -0.0032442561282877993 0.059886098217891752 -0.019655016499419746 0.022455957249501401 -0.012635564521802348 -0.037314393577511547 0.023088422292553753 0.092561383709383452 -0.10007451945000424 0.0034629529078068506 0.022774251781604155 -0.018650326480397696 -0.026365608997654295 0.11734187132596322 0.22485277145329771 -0.15366850724505382 0.030465145497032203 0.09403707625937531 -0.012273427322261299 0.089066326863860068 0.027471271288583055 0.07259511136519696 0.14177564617113228 0.0097127383539264509 0.073492131989936663 0.031650773110151957 -0.045149134538877193 -0.066597871914265985 -0.0041828293153920492 -0.023846538514035346 0.011217680305644701 0.042200811811707102 0.047491100152223402 0.0011261724773687003 -0.031882733430595438 0.020596969423326252 0.079090667967791614 -0.0053301441001286495 0.0029588239411497503 -0.96374999999999988 0.015563275592869501
decision_type=2 2 2 2 2 2 2 2 2 2 2 2 2 2 2 2 2 2 2 2 2 2 2 2 2 2 2 2 2 2 2 2 2 2 2 2 2 2 2 2 2 2 2 2 2 2
left_child=1 2 3 17 5 13 7 19 9 33 -11 14 27 -2 -12 16 -9 -1 21 20 -3 -19 -23 24 -18 -26 32 28 30 -6 -7 -15 -25 -5 -35 -36 -33 -38 -30 42 -22 43 -40 -42 -13 -4
right_child=4 6 45 8 29 12 -8 15 -10 10 11 44 -14 31 -16 -17 23 18 -20 -21 40 22 -24 26 25 -27 -28 -29 38 -31 -32 36 -34 34 35 -37 37 -39 39 -41 41 -43 -44 -45 -46 -47
leaf_value=0.054286322820470752 0.09590744825311541 0.037002869822266339 -0.053857534092549217 0.026711849161935287 0.011883750137225537 -0.026336530417273574 -0.04969654934224594 -0.025389153923990593 0.02067886970850933 -0.046378763959286681 -0.023489872515946888 -0.11878843592197889 0.060172342866803973 0.024863402834999819 0.0045778370073317068 0.021184441052574096 0.028624226097348545 0.028457063774355997 -0.12082531350487609 0.075189550869346242 -0.013875847204806849 -0.0035427921973831406 -0.16226200124140852 0.018561528982033212 -0.0061124619660036838 -0.27980627126007201 0.079902295013261057 -0.12445590538127513 -0.06346670370295461 -0.046014731080896459 0.015749995607816942 -0.0048674553001951835 -0.016833083705612192 0.031932389748648676 0.0047492254464856871 -0.041955835380210638 -0.052906197266112898 0.048645601538716138 0.13832429264027599 -0.038862817659344503 -0.060923283746012205 -0.14375036520404008 -0.0041032486034244383 -0.011715422697516921 0.025958717537084116 0.0084562416448321197
leaf_weight=2230 217 675 1291 5273 6999 4791 1312 3953 8772 1843 5716 77 276 1658 5415 5254 3755 7167 115 244 6585 1394 84 1993 108 48 291 210 2249 608 1346 7481 5250 1644 2673 1352 1437 210 115 1593 1339 154 254 1287 3481 592
leaf_count=2230 217 675 1291 5273 6999 4791 1312 3953 8772 1843 5716 77 276 1658 5415 5254 3755 7167 115 244 6585 1394 84 1993 108 48 291 210 2249 608 1346 7481 5250 1644 2673 1352 1437 210 115 1593 1339 154 254 1287 3481 592
internal_value=-3.07779e-06 0.00355074 0.00905739 0.0107847 -0.00982426 -0.0157738 -0.00483639 -0.00293299 0.00598557 0.00129358 -0.00688258 -0.00192533 -0.028088 -0.00364704 -0.00983452 0.0036867 -0.00228315 0.0266109 0.0195626 -0.0162275 -0.0184526 0.0214356 -0.0126022 0.0056967 0.0238521 -0.0907705 -0.00372675 -0.0303981 -0.0284846 0.00725279 -0.0171034 -0.0056537 -0.00709159 0.0136478 0.00149326 -0.0109375 -0.0111989 -0.0399434 -0.0450657 -0.0239599 -0.0224521 -0.0427584 0.0403204 -0.0368157 0.0228131 -0.034261
internal_weight=110811 81367 49119 47236 29444 21837 32248 30936 36246 27474 16532 14689 10834 11003 11131 20652 15398 10990 8760 10284 10040 8645 1478 11445 3911 156 7534 10558 10348 7607 6137 10786 7243 10942 5669 4025 9128 1647 4211 1962 9365 2780 369 2626 3558 1883
internal_count=110811 81367 49119 47236 29444 21837 32248 30936 36246 27474 16532 14689 10834 11003 11131 20652 15398 10990 8760 10284 10040 8645 1478 11445 3911 156 7534 10558 10348 7607 6137 10786 7243 10942 5669 4025 9128 1647 4211 1962 9365 2780 369 2626 3558 1883
is_linear=0
shrinkage=0.092745


Tree=57
num_leaves=47
num_cat=0
split_feature=15 11 65 68 62 60 7 91 80 46 22 1 63 1 52 18 34 90 26 77 34 63 54 74 38 36 55 88 93 79 37 95 81 1 75 2 29 9 26 27 19 66 85 94 88 2
split_gain=414.326 472.044 458.552 414.831 414.75 394.791 373.137 379.216 333.827 434.464 316.16 295.126 282.963 329.78 275.293 264.512 246.561 243.123 240.353 240.026 233.576 244.029 226.756 221.122 257.575 208.504 264.446 205.711 203.517 223.183 191.244 189.912 183.339 182.345 180.006 179.758 177.864 174.853 292.986 212.498 169.712 168.874 168.082 167.305 166.235 165.975
threshold=0.086436990967349567 -0.096374697003733731 -0.028771136132946296 0.035371000782734759 -0.040755673955454298 -0.013683795345765248 -0.010658947213939849 0.049902648300496857 -0.00092140837885899992 0.015877486301553854 0.0097159379672751029 -0.0109481708729846 -0.04193237585011609 -0.029721733025971597 -0.026175332336527996 -0.041795115533322443 0.056937387162071307 0.066366595241610718 0.087825285292540814 -0.0062067961101021493 0.066978959607838215 -0.015271467549119998 0.016285685239546103 0.025254314853841452 -0.00067468716228164991 -0.0094094958020628488 0.030094089328125555 0.021182052430138956 -0.027717484390473897 -0.035211627692472748 -0.060365429095426144 0.021850610306385455 -0.050952024228450042 0.023233723475790755 -0.055389693237425791 -0.012775860995248097 -0.042669924388448743 0.015603870952009753 -0.053515010421681442 0.022101493876054503 -0.10105715696322749 -0.0094727806624469481 -0.057257193444238193 -0.068132435397334337 -0.0061611773278860494 -0.01395820434844205
decision_type=2 2 2 2 2 2 2 2 2 2 2 2 2 2 2 2 2 2 2 2 2 2 2 2 2 2 2 2 2 2 2 2 2 2 2 2 2 2 2 2 2 2 2 2 2 2
left_child=1 28 4 5 43 20 10 12 17 11 23 32 42 -14 41 36 -16 18 19 -6 21 -4 -17 45 -25 26 -9 -5 -1 -30 -31 40 -10 -29 -21 44 -13 39 -39 -12 -23 -11 -8 -3 -32 -7
right_child=-2 2 3 27 8 6 7 25 9 14 37 15 13 -15 16 22 -18 -19 -20 34 -22 31 -24 24 -26 -27 -28 33 29 30 35 -33 -34 -35 -36 -37 -38 38 -40 -41 -42 -43 -44 -45 -46 -47
leaf_value=0.0064771634461647234 0.024543039386598686 -0.085466669126657013 0.027560264191844569 0.027508383804362317 0.013089077222298616 0.034083280080211803 0.11678127453705237 -0.13989306207006488 -0.13511576434867278 -0.0064913570176261077 -0.012234186488167658 0.061592020290262041 -0.003136360799886803 -0.026288137104785791 -0.0096051845149445741 -0.10427176250062085 -0.1264820142619677 -0.081972465100237327 0.10627734888184835 -0.087830418941121008 -0.03142607035141174 0.098504873026987683 -0.033562017571393925 0.020848647701320999 -0.043016043114092649 -0.02928374463786057 0.015614913701644369 -0.013619209139553955 0.027233002495584909 0.018524419608464807 0.019341318716178772 -0.011963339253489387 -0.02117536579863236 0.043836089881288856 -0.013823554684850048 -0.072874766707888783 -0.051038797412881899 -0.1239476245115699 -0.019184061811311992 0.031410354705794993 0.01025549408960898 0.082243623013480427 0.013496274556802995 0.028530016962265075 -0.059859600730373441 0.010247181083233626
leaf_weight=991 5615 116 6331 8029 3661 3910 143 419 127 312 3201 185 12470 9196 1765 1465 170 344 171 302 1114 190 533 1008 1177 744 121 2250 368 323 427 3826 2694 602 4389 1920 345 251 2675 1370 12755 450 2523 2306 488 7039
leaf_count=991 5615 116 6331 8029 3661 3910 143 419 127 312 3201 185 12470 9196 1765 1465 170 344 171 302 1114 190 533 1008 1177 744 121 2250 368 323 427 3826 2694 602 4389 1920 345 251 2675 1370 12755 450 2523 2306 488 7039
internal_value=-2.97725e-06 -0.00131335 2.49743e-06 0.00305422 -0.0128355 0.000451333 -0.00457192 -0.0120483 -0.0179763 -0.0316548 0.00471036 -0.0469574 -0.00945505 -0.0129638 -0.00129821 -0.0699725 -0.0198976 -0.0055621 -0.00247383 -0.0047056 0.0100451 0.0120458 -0.0854231 0.0133849 -0.0135484 -0.0611677 -0.105033 0.0199083 -0.0306434 -0.0410798 -0.0490463 0.006188 -0.0263229 -0.00148359 -0.018596 -0.0567508 -0.0116865 -0.0104847 -0.0281868 0.000844923 0.011554 0.0459045 0.0190533 0.0230552 -0.0228898 0.0187612
internal_weight=110811 105196 100679 81344 19335 70463 46247 25616 16913 8046 20631 5349 24332 21666 2697 2528 1935 8867 8523 8352 24216 23102 1998 13134 2185 1284 540 10881 4517 3526 3158 16771 2821 2852 4691 2835 530 7497 2926 4571 12945 762 2666 2422 915 10949
internal_count=110811 105196 100679 81344 19335 70463 46247 25616 16913 8046 20631 5349 24332 21666 2697 2528 1935 8867 8523 8352 24216 23102 1998 13134 2185 1284 540 10881 4517 3526 3158 16771 2821 2852 4691 2835 530 7497 2926 4571 12945 762 2666 2422 915 10949
is_linear=0
shrinkage=0.092745


Tree=58
num_leaves=47
num_cat=0
split_feature=93 62 11 42 51 21 3 14 24 94 90 65 23 34 12 1 1 97 88 67 60 35 1 55 43 33 66 55 60 92 2 67 2 31 30 12 29 15 27 91 13 34 11 85 91 42
split_gain=390.4 438.81 396.205 377.582 380.494 401.961 423.779 359.062 333.528 324.893 281.913 276.016 264.112 254.856 248.663 243.321 240.249 237.125 221.444 212.854 208.716 283.737 206.567 200.877 191.627 189.278 184.094 184.436 183.198 183.967 202.371 182.592 235.389 182.496 179.198 179.022 180.594 177.995 176.346 190.503 175.976 186.819 206.947 192.352 179.563 175.702
threshold=-0.026746083979944994 0.044769411051733508 -0.068029734234783937 -0.092963536600902744 0.0013428321952390504 0.050612858482826158 0.025010128426990155 -0.03341232509921814 -0.034659106180244745 -0.016456879321147547 -0.014258393433862999 -0.039908986101672643 0.0093771860272097527 0.071454902801946815 0.011158174435731052 -0.12267930713417503 0.16684267536704997 0.0029172572515917005 0.062645243750447013 -0.0037707324607587495 0.015569006471004402 -0.030868402290741746 -0.067928943154698884 0.035359718766010802 0.05825510311988736 0.074300406124466561 0.048917695760679655 -0.0015442496696312497 0.05077230351016241 0.017985353936812203 -0.036110331403089592 -0.0069958799848783993 -0.10914951224013754 -0.015188101751305048 0.054896578138627507 0.054374995550837253 0.072194227620593812 -0.10991302374874019 -0.032085594287606788 -0.031075953267326747 0.11770970618541247 -0.023344761415488299 0.032730082047951463 0.015886511656391603 -0.041828104338628443 0.056756531938173857
decision_type=2 2 2 2 2 2 2 2 2 2 2 2 2 2 2 2 2 2 2 2 2 2 2 2 2 2 2 2 2 2 2 2 2 2 2 2 2 2 2 2 2 2 2 2 2 2
left_child=10 2 7 -4 9 6 8 -2 -6 26 45 -10 20 33 -3 24 17 25 22 -15 -11 -22 -8 31 -9 28 35 -28 37 30 -30 32 -17 -14 -16 36 -5 -12 -33 -40 41 -19 43 44 -43 -1
right_child=1 14 3 4 5 -7 18 15 11 12 16 -13 13 19 34 23 -18 40 -20 -21 21 -23 -24 -25 -26 -27 27 -29 29 -31 -32 38 -34 -35 -36 -37 -38 -39 39 -41 -42 42 -44 -45 -46 -47
leaf_value=0.030912029265974993 0.017052140757873036 -0.0082647696101096502 0.052792281126681592 -0.0025588304153989806 0.0067048267420892361 0.021255560803302011 0.024538336664784902 0.0529058066668514 -0.062564955680126461 0.01201737999953461 -0.10275721850150886 -0.020765027389168682 0.0085612242526823396 -0.12225754856731685 -0.031767545654505194 0.075459362987727013 0.039490934881588342 0.011563676055286019 -0.068056350838609975 0.0082996769985766022 -0.049856014522609321 0.0015368066349601296 -0.002492032993693737 0.0028254717840724944 -0.12470074332662202 0.084690759223632756 -0.0094952679634122648 0.069081578905827737 0.01050542791948939 0.042817729254469646 -0.13601417293162618 -0.067241118537287661 -0.072477400595348004 0.033693016888318363 -0.094038870071300087 -0.043664711942187191 -0.065202406760896808 0.014031882624127186 0.052227354436275963 -0.026335598785866648 0.089527723438071374 0.012484322470306813 0.0053762125351110484 -0.0037720663648614528 -0.068668346242474143 -0.023958851266470717
leaf_weight=6427 1757 5393 1225 7395 3513 4009 3567 439 1518 10465 114 12983 3660 184 3737 97 1454 1394 357 257 1222 3785 7638 965 59 286 507 520 127 140 223 741 1876 7756 445 1254 418 6235 312 1769 135 272 1135 816 1686 544
leaf_count=6427 1757 5393 1225 7395 3513 4009 3567 439 1518 10465 114 12983 3660 184 3737 97 1454 1394 357 257 1222 3785 7638 965 59 286 507 520 127 140 223 741 1876 7756 445 1254 418 6235 312 1769 135 272 1135 816 1686 544
internal_value=-2.84471e-06 -0.00266398 -0.000424604 0.00174604 0.000865009 -0.00630125 -0.0100372 -0.019988 -0.0189313 0.00729668 0.0113853 -0.0251428 0.0125487 0.0229638 -0.0214302 -0.0303899 0.00380378 -0.000326253 0.0038191 -0.0461861 0.00456586 -0.0110054 0.006112 -0.0357684 0.0317773 0.0108041 -0.00692139 0.0302853 0.00770885 -0.046909 -0.0828443 -0.0435381 -0.0651875 0.0256373 -0.038403 -0.011138 -0.0059143 0.0119282 -0.028392 -0.0145447 -0.0149118 -0.0175778 -0.0279737 -0.041623 -0.0573877 0.0266273
internal_weight=110811 89823 80248 72233 71008 33585 29576 8015 18014 37423 20988 14501 27329 11857 9575 6258 14017 12563 11562 441 15472 5007 11205 5760 498 7125 10094 1027 6839 490 350 4795 1973 11416 4182 9067 7813 6349 2822 2081 5438 5303 3909 2774 1958 6971
internal_count=110811 89823 80248 72233 71008 33585 29576 8015 18014 37423 20988 14501 27329 11857 9575 6258 14017 12563 11562 441 15472 5007 11205 5760 498 7125 10094 1027 6839 490 350 4795 1973 11416 4182 9067 7813 6349 2822 2081 5438 5303 3909 2774 1958 6971
is_linear=0
shrinkage=0.092745


Tree=59
num_leaves=47
num_cat=0
split_feature=9 20 28 13 11 91 82 11 19 18 39 20 100 1 0 6 86 93 15 34 90 36 15 46 48 3 76 85 58 43 77 38 36 1 73 6 1 13 22 90 21 34 39 1 72 58
split_gain=383.885 455.728 394.372 452.34 397.992 361.943 348.666 332.723 322.221 297.728 278.779 286.024 293.767 273.026 272.216 269.932 273.441 257.592 253.527 253.168 249.814 232.377 228.148 226.44 224.808 223.918 203.741 201.859 197.354 194.457 197.73 187.009 182.198 179.098 202.07 178.564 238.106 179.559 177.029 195.997 194.612 174.432 215.361 172.867 170.292 189.535
threshold=0.059598292638332252 -0.051338700243623546 0.025985087069816552 -0.023104389554723794 0.052653032725073157 0.056117566137694704 -0.0054048985784789991 -0.023496582620215447 -0.0092905165004923494 0.016321429788939402 0.017288526823916954 -0.009195594817251098 -0.76479999999999981 0.18295945040458778 0.21302536036341352 0.15112493867595647 -0.051309890564158293 0.030953930710610405 -0.071648425880399144 0.026044693936572352 0.066366595241610718 0.0062193296777548505 0.083956405294052558 0.032570392643826003 -0.018559936024504394 -0.058970181921729294 -0.0087343052221665971 0.043121272023207709 -0.00034399206733439993 0.065484503560097315 0.06683342983966041 0.063437136202885713 -0.021795001419732497 -0.058464359534638098 -0.032617419121220341 0.087590834189241212 0.033502415493766806 -0.046562056058750391 0.0050375149721581507 0.031793967708981109 -0.0068068241796669492 0.005450940823385801 -0.023622519312902098 -0.038601919834530297 -0.0085168517088854475 0.043282631157121408
decision_type=2 2 2 2 2 2 2 2 2 2 2 2 2 2 2 2 2 2 2 2 2 2 2 2 2 2 2 2 2 2 2 2 2 2 2 2 2 2 2 2 2 2 2 2 2 2
left_child=1 8 3 5 6 7 15 26 -1 13 11 28 -13 21 20 16 -5 19 33 38 -12 -4 23 25 -18 -9 27 43 -8 30 35 -31 -16 -10 -35 36 37 -11 39 -2 -40 42 -28 -3 -7 -46
right_child=17 2 9 4 -6 44 10 22 18 29 14 12 -14 -15 32 -17 24 -19 -20 -21 -22 -23 -24 -25 -26 -27 41 -29 -30 31 -32 -33 -34 34 -36 -37 -38 -39 40 -41 -42 -43 -44 -45 45 -47
leaf_value=0.035042047241851254 0.019252319451433922 -0.088930236912300564 0.0040557598618999558 -0.045457610647494526 0.02291681057346397 -0.027942577739924118 0.032153841006178963 -0.047955793158003905 -0.00094042827073361748 -0.030534811894173324 -0.031010740299048108 -0.038580262735962004 -0.0032463774501287463 0.071353161611299731 -0.036468925859678841 0.088070316466218268 0.027772152761666512 -0.042929794910485861 0.011511467993395121 -0.031284198433058463 -0.14815064670663533 0.028272890388921001 0.059738425141867786 0.023925578010410082 0.0019710809852247452 -0.0069079234636466305 0.055179238419295812 0.040154116587377213 -0.0044605576097429727 -0.033106259148865481 -0.076355812104608636 -0.17704953994340233 0.036765347902482627 0.063000072474716354 -0.11951835833188688 0.05211017270497946 -0.034518794488290955 0.016647505329989733 -0.039930519456610893 -0.031520017647839051 0.0014984457625263066 -0.042823780014470021 -0.01744511768885304 -0.034448052186203441 -0.1444250216193157 0.049544946831081522
leaf_weight=5648 4091 1056 7531 841 5986 288 2685 1373 396 841 5501 2656 8507 782 437 352 3971 2255 5998 3174 161 6228 454 1644 10822 6829 460 177 2395 524 281 91 880 62 321 582 1450 3954 1626 778 2435 1441 1482 956 360 49
leaf_count=5648 4091 1056 7531 841 5986 288 2685 1373 396 841 5501 2656 8507 782 437 352 3971 2255 5998 3174 161 6228 454 1644 10822 6829 460 177 2395 524 281 91 880 62 321 582 1450 3954 1626 778 2435 1441 1482 956 360 49
internal_value=-2.63718e-06 0.00210348 -0.00034785 -0.00416281 0.00064274 -0.0172711 -0.0027577 -0.0143967 0.0186819 0.0102346 -0.0100144 -0.00335239 -0.0116553 0.0180508 -0.025517 0.00778289 0.00597277 -0.0141505 0.00504438 -0.0087869 -0.0343513 0.015019 -0.00451839 -0.00748431 0.00889839 -0.0137824 -0.0326535 -0.0547024 0.0148898 -0.00448033 -0.000148615 -0.0544996 0.0124521 -0.0447181 -0.0899118 0.00298914 -0.00158866 0.00836798 -0.000788381 0.0111354 -0.0150877 -0.0183791 -0.000230037 -0.0630584 -0.0826746 -0.121135
internal_weight=110811 96452 84027 61763 45194 16569 39208 15872 12425 22264 23222 16243 11163 14541 6979 15986 15634 14359 6777 12104 5662 13759 10300 9846 14793 8202 5572 2189 5080 7723 7108 615 1317 779 383 6827 6245 4795 8930 4869 4061 3383 1942 2012 697 409
internal_count=110811 96452 84027 61763 45194 16569 39208 15872 12425 22264 23222 16243 11163 14541 6979 15986 15634 14359 6777 12104 5662 13759 10300 9846 14793 8202 5572 2189 5080 7723 7108 615 1317 779 383 6827 6245 4795 8930 4869 4061 3383 1942 2012 697 409
is_linear=0
shrinkage=0.092745


Tree=60
num_leaves=47
num_cat=0
split_feature=33 21 7 28 23 91 93 11 15 22 1 3 14 65 30 10 9 49 48 12 60 30 4 10 67 85 95 6 49 21 31 36 82 21 9 55 24 26 52 22 12 46 64 90 19 12
split_gain=358.514 417.513 481.461 416.329 497.618 427.778 357.487 349.799 326.121 289.312 289.228 343.653 281.875 267.52 264.72 243.418 224.941 222.323 291.717 224.249 262.389 220.622 214.906 213.256 210.195 202.543 198.703 197.829 223.698 222.679 194.243 189.958 187.262 185.591 182.962 182.066 231.277 206.835 191.933 237.882 180.378 178.625 178.517 178.435 175.867 175.235
threshold=0.03603499465970026 0.048580650556495859 0.14177564617113228 0.013634829038544802 0.017830443687312004 0.056117566137694704 -0.051236470097233346 -0.068029734234783937 0.016914813614608951 0.086694728228252763 -0.026579094057372146 -0.077636584285353291 0.095518764466109213 -0.011193951438546798 -0.034955901442495045 -0.10871470502633969 -0.089855702594301784 -0.020226363520222047 0.0016055999722155501 0.021176743249152204 0.038402956328205708 0.029322591379198602 0.082526604212036905 -0.06126159035085544 0.0024752675414934006 0.0023517998801812503 0.034514301375608507 0.00086591478730100007 -0.055688055059863843 -0.097035994128117739 -0.088116638254388036 -0.0044870724550493991 0.071437704818293771 -0.069433627047456745 0.097911686297019365 0.010187010598716602 0.057311372070685353 -0.0049098326052719491 -0.024839523615750345 0.05893150736067896 1.0000000180025095e-35 0.0013888579782823003 0.043148022899767907 0.0087026793801657024 -0.004738556986329549 0.021176743249152204
decision_type=2 2 2 2 2 2 2 2 2 2 2 2 2 2 2 2 2 2 2 2 2 2 2 2 2 2 2 2 2 2 2 2 2 2 2 2 2 2 2 2 2 2 2 2 2 2
left_child=1 2 3 4 5 6 40 16 -9 15 14 12 24 35 30 -2 -8 18 27 -19 32 -13 33 -3 -12 -4 34 28 -17 -30 -6 -20 -21 -16 42 36 37 45 -37 -40 -1 -39 -25 -32 -22 -5
right_child=9 23 25 13 10 -7 7 8 -10 -11 11 21 -14 -15 22 17 -18 19 31 20 44 -23 -24 26 -26 -27 -28 -29 29 -31 43 -33 -34 -35 -36 38 -38 41 39 -41 -42 -43 -44 -45 -46 -47
leaf_value=0.054722761996605349 -0.05126681224592898 -0.024863628105532949 -0.021880015067738044 -0.011891218340619599 -0.1268684560281918 -0.064101986982682227 0.070471933667031084 -0.019181676823552749 0.0023102528395592577 -0.041708268735611891 0.0018514576951310069 -0.0098661222979531081 -0.22151492891716343 0.012122763883655678 -0.08397023247840886 -0.014253697903940418 -0.049600051552721236 0.031225990757647301 -0.045593906286883777 0.017816928720529 0.006087984390900799 -0.053436850612606446 0.071269769828336133 0.02112262531367241 0.084314149461412052 -0.090443401590868583 -0.016509272940057794 -0.0077501102183283495 -0.13212174612004707 0.068971665874567309 0.011929304871434832 0.0037677608354413313 -0.14072356331711985 0.018788024325138042 -0.044304146235929043 0.04610072934027494 -0.06554668022190227 -0.014229208876410222 0.0076241287685991461 -0.08321380719334974 -0.0059775503432311474 0.026286986426348698 0.062277931746868839 -0.052887896700407978 -0.091481902883873423 -0.061180764316570838
leaf_weight=962 481 1072 723 1831 131 1479 140 18167 9121 843 510 4112 35 17832 154 464 3072 8342 1394 3442 279 1321 676 7429 556 762 1214 1249 49 1206 1098 1291 65 7432 329 968 698 1993 2211 279 748 1764 1033 547 368 939
leaf_count=962 481 1072 723 1831 131 1479 140 18167 9121 843 510 4112 35 17832 154 464 3072 8342 1394 3442 279 1321 676 7429 556 762 1214 1249 49 1206 1098 1291 65 7432 329 968 698 1993 2211 279 748 1764 1033 547 368 939
internal_value=-2.58043e-06 -0.00243852 -0.00476814 -0.0037816 -0.00886015 -0.0153326 -0.0130923 -0.0154062 -0.0119976 0.0114223 0.00429685 -0.0108882 0.0363496 0.00516947 0.0141826 0.0138278 -0.0443565 0.0155545 0.000290336 0.0224586 0.00484775 -0.0204648 0.0211662 0.0144397 0.0448859 -0.0570818 0.0186529 0.0203306 0.0407395 0.0610811 -0.018296 -0.0218569 0.0148634 0.0166971 0.0235106 -0.00643567 -0.0148126 -0.00938234 0.0110625 -0.00255699 0.0281663 0.00479102 0.0261502 -0.00962104 -0.0494025 -0.0286093
internal_weight=110811 91338 80261 78776 50261 33689 32210 30500 27288 19473 16572 6534 1101 28515 10038 18630 3212 18149 5653 12496 4154 5433 8262 11077 1066 1485 10005 2968 1719 1255 1776 2685 3507 7586 8791 10683 7225 6527 3458 2490 1710 3757 8462 1645 647 2770
internal_count=110811 91338 80261 78776 50261 33689 32210 30500 27288 19473 16572 6534 1101 28515 10038 18630 3212 18149 5653 12496 4154 5433 8262 11077 1066 1485 10005 2968 1719 1255 1776 2685 3507 7586 8791 10683 7225 6527 3458 2490 1710 3757 8462 1645 647 2770
is_linear=0
shrinkage=0.092745


Tree=61
num_leaves=47
num_cat=0
split_feature=77 87 84 39 70 3 29 42 80 68 19 99 74 60 0 69 17 90 11 33 4 60 93 26 7 19 26 91 46 31 82 44 0 100 83 53 2 38 60 11 54 23 58 4 45 31
split_gain=352.814 357 328.26 282.53 343.335 273.943 251.981 272.64 276.398 255.836 321.282 245.869 238.775 236.913 239.798 248.886 224.669 214.545 212.84 226.212 205.378 193.015 246.61 227.388 205.738 191.806 202.029 222.553 188.763 188.522 184.263 182.379 194.572 180.14 192.258 180.117 179.886 248.479 256.129 179.743 176.771 174.999 176.904 174.807 169.911 168.561
threshold=0.018431960933817403 0.008334178525527201 -0.022560330015483594 -0.025615715337124697 -0.015813836557421097 0.10115501634649351 0.050368798428460107 -0.023115173182656396 0.053698555173768002 -0.018485197373265799 -0.010153645340077299 -0.034820049438635495 0.030465145497032203 -0.040705566295967797 0.17464589181223791 0.0032740027469544504 -0.038325756107847699 0.059886098217891752 -0.049676999189882297 0.039817384129130509 0.019539267553583557 -0.0027010144774888994 0.093154137415406554 0.019695371491111155 0.14177564617113228 -0.071160815273973735 -0.0013987711207687997 0.0028184812306575003 -0.032494366158074446 0.010493385123022453 -0.061652987520356937 0.0035634893466399502 0.26370834812798921 -0.95304999999999984 -0.027007680672584845 0.048604249773524212 -0.0060697560952178995 0.031023259858510253 0.048480891723740607 -0.15516119816725618 0.030144854386715502 -0.0078600732782969484 0.022567821555913702 0.042723760234732407 0.091395589169928418 -0.018484742807575446
decision_type=2 2 2 2 2 2 2 2 2 2 2 2 2 2 2 2 2 2 2 2 2 2 2 2 2 2 2 2 2 2 2 2 2 2 2 2 2 2 2 2 2 2 2 2 2 2
left_child=1 2 12 35 13 17 7 29 9 10 28 -6 39 -5 15 -15 -12 21 19 -11 -20 22 24 36 -3 -13 27 41 -9 -4 -14 32 -19 -29 -35 -2 -23 38 -38 -1 -8 42 -27 -26 -41 -10
right_child=3 5 6 4 11 -7 40 8 45 18 16 25 30 14 -16 -17 -18 31 20 -21 -22 23 -24 -25 43 26 -28 33 -30 -31 -32 -33 -34 34 -36 -37 37 -39 -40 44 -42 -43 -44 -45 -46 -47
leaf_value=-0.11461597837564877 0.011132532238278087 0.0049919340542522823 0.010129214319870522 0.0040431385243865723 -0.03701439795616672 0.024041150018456171 -0.008763734543980755 -0.046721533154702545 0.0035772290246648703 -0.028627915427962679 -0.093375079031647823 0.039243505728461213 -0.13750653137290197 -0.083618467782692732 -0.022402263127885069 -0.02411827685838772 -0.023497349311206946 -0.088246381835083487 0.0062997477154362602 0.038368996326682871 0.02884464349184903 -0.0072007417737837967 -0.20890708335805133 0.0043282371771346164 -0.12672685720026031 -0.047451061734227626 0.0068344428173616849 -0.13647114067206925 0.02277026576383491 0.039692480733780129 -0.00063303596707318032 0.002557552135343602 0.053650421902124247 -0.091924725044335784 -0.019699726135210083 -0.030443799932543862 -0.013901014339384345 -0.077288655633317327 -0.075239544842563413 0.027599077263629118 -0.058883826791788371 0.019681109555154667 0.04360012097341056 0.015369380698698486 0.12454550583266726 -0.063788932468109988
leaf_weight=75 7166 13405 4720 1357 1893 2665 3267 405 509 2143 478 936 88 1548 3281 994 2303 700 11583 543 4967 4621 47 4579 190 873 6166 152 1971 3059 2033 448 94 383 1841 1024 3807 878 692 9218 743 1598 232 122 158 856
leaf_count=75 7166 13405 4720 1357 1893 2665 3267 405 509 2143 478 936 88 1548 3281 994 2303 700 11583 543 4967 4621 47 4579 190 873 6166 152 1971 3059 2033 448 94 383 1841 1024 3807 878 692 9218 743 1598 232 122 158 856
internal_value=-2.67791e-06 0.00314529 0.00812305 -0.00870233 -0.014342 -0.00443624 0.00391341 0.00654097 0.00194484 0.00421818 -0.0141244 -0.00592115 0.0217802 -0.0308456 -0.0389782 -0.0603628 -0.0355212 -0.00700231 0.00913651 -0.0150761 0.0130671 -0.00534811 0.00252767 -0.0127855 0.00325746 -0.0010872 -0.00444633 -0.0181437 0.0109151 0.0217574 -0.00633607 -0.0447284 -0.0714171 -0.0388489 -0.0321541 0.00593168 -0.0206247 -0.0321577 -0.0233428 0.0280915 -0.0180573 5.37802e-05 -0.0283158 -0.0711566 0.029238 -0.038663
internal_weight=110811 81367 49119 29444 21254 32248 37547 33537 25758 24393 5157 14074 11572 7180 5823 2542 2781 29583 19236 2686 16550 28341 13764 14577 13717 12181 11245 5079 2376 7779 2121 1242 794 2376 2224 8190 9998 5377 4499 9451 4010 2703 1105 312 9376 1365
internal_count=110811 81367 49119 29444 21254 32248 37547 33537 25758 24393 5157 14074 11572 7180 5823 2542 2781 29583 19236 2686 16550 28341 13764 14577 13717 12181 11245 5079 2376 7779 2121 1242 794 2376 2224 8190 9998 5377 4499 9451 4010 2703 1105 312 9376 1365
is_linear=0
shrinkage=0.092745


Tree=62
num_leaves=47
num_cat=0
split_feature=24 68 15 62 51 7 24 26 28 93 39 12 4 0 17 0 93 9 11 1 79 46 80 14 34 1 86 65 13 21 59 80 76 6 66 1 76 14 43 36 95 98 8 62 90 30
split_gain=346.014 384.113 503.776 342.119 400.948 336.093 288.721 286.459 282.955 273.602 277.291 268.215 274.127 261.516 260.364 235.641 229.824 228.561 246.059 213.545 213.478 337.097 268.269 207.953 205.898 221.138 200.088 198.809 198.45 223.641 233.986 218.71 193.694 184.822 182.539 180.841 177.139 169.592 167.904 166.822 171.404 166.756 166.295 165.376 160.886 158.601
threshold=0.10994557259447872 0.035371000782734759 -0.11688891795680724 0.031714432773878358 0.0098202662283370015 0.056332968018799556 -0.04554059317593414 0.075379158288845116 0.0058575547579283503 0.025563232437711702 0.018140763757685203 0.042134195168625856 0.00092078632227555015 0.093523567680457165 0.014363182153190901 0.13708587306099548 -0.057135890688019698 0.094949386485631324 -0.036931703115824589 0.16300214299115282 -0.027439255756604098 -0.024491400304214695 0.040380993584084 -0.0091123544535446997 0.073679205046206772 -0.084854318606988485 0.021739847809259454 -0.0069441900799185998 -0.028223416001286795 0.037297872263256558 0.0011833447554117002 0.0035225298686523505 -0.05043525943754084 0.12185500860820542 0.016508657789485254 -0.03212242909321824 -0.07852698143056748 0.0050552907614125004 -0.059983821621948541 0.062113940403223801 -0.008298330560500897 0.077001744271285311 0.069379687501074011 -0.019009649621146648 0.024630993133106901 0.091282984951837967
decision_type=2 2 2 2 2 2 2 2 2 2 2 2 2 2 2 2 2 2 2 2 2 2 2 2 2 2 2 2 2 2 2 2 2 2 2 2 2 2 2 2 2 2 2 2 2 2
left_child=1 2 -1 4 5 11 -6 44 28 13 35 20 23 14 -8 17 -15 18 26 24 21 -4 -22 -13 25 -7 -3 36 37 30 -30 -32 -14 41 -28 -11 -10 -5 -26 40 -20 43 -42 -17 -2 -45
right_child=7 15 3 8 6 19 9 -9 27 10 -12 12 32 16 -16 33 -18 -19 39 -21 22 -23 -24 -25 38 -27 34 -29 29 -31 31 -33 -34 -35 -36 -37 -38 -39 -40 -41 42 -43 -44 45 -46 -47
leaf_value=-0.058203109063810078 -0.042486437542859253 -0.094802972897318427 -0.0072795885382638719 -0.024260079165058238 0.015542889660197129 0.016226362538746153 -0.049445363901730516 0.048163369714392577 -0.21700352552227822 0.0051985742601591651 -0.062162919143920511 0.0056678569119165871 -0.057108501144014508 0.039218176142471854 0.024648413841040207 0.032187241364928357 -0.0046885820645256003 -0.21500755455168011 0.042004857488833126 0.040553353884758017 0.013166494063949806 0.043261673039157705 -0.018005196973810367 -0.036136194518236589 0.10409398109277868 -0.024916839100665417 -0.061476972376648696 0.013350907392261312 -0.0060848169836862026 0.023998572530619516 -0.01612011141896022 -0.072674252127552325 0.021429343021304614 0.063394209635614193 0.14878827547429835 -0.039568469784266876 -0.016059242328537639 -0.075804503289060243 -0.10946821657434576 -0.07529794437238059 -0.00075589822151246762 0.10368156478508715 -0.15240155311429898 0.010553541550275623 -0.12186791671540528 -0.06089301488218888
leaf_weight=1332 1202 406 1547 1156 4231 1551 1970 262 38 1745 1598 1619 296 1093 514 3551 16519 45 1032 592 25321 4258 2620 2780 35 4074 79 4130 2830 991 1128 1231 3050 794 64 1397 2700 1048 308 197 1321 188 65 7357 269 277
leaf_count=1332 1202 406 1547 1156 4231 1551 1970 262 38 1745 1598 1619 296 1093 514 3551 16519 45 1032 592 25321 4258 2620 2780 35 4074 79 4130 2830 991 1128 1231 3050 794 64 1397 2700 1048 308 197 1321 188 65 7357 269 277
internal_value=-2.74659e-06 0.000650428 -0.00157891 -0.000762049 0.00174796 0.0069493 -0.00684997 -0.0411159 -0.013454 -0.0106654 -0.030709 0.0100337 -0.0055301 -0.00593676 -0.034107 0.0142368 -0.00196236 -0.00811601 -0.00515005 -0.0125566 0.0136062 0.0297907 0.0102429 -0.0207482 -0.0178288 -0.0135696 -0.0615825 0.000501311 -0.0248871 -0.0163612 -0.0240727 -0.0456428 0.0144732 0.0201334 0.0326415 -0.0147032 -0.0188754 -0.0487822 -0.087568 0.00669774 0.0133919 0.0171105 -0.00790747 0.0156515 -0.0570329 0.00795713
internal_weight=110811 109078 93702 92370 77118 48051 29067 1733 15252 24836 4740 41491 7745 20096 2484 15376 17612 3209 3164 6560 33746 5805 27941 4399 5968 5625 549 6868 8384 6180 5189 2359 3346 12167 143 3142 2738 2204 343 2615 2418 11373 1386 11185 1471 7634
internal_count=110811 109078 93702 92370 77118 48051 29067 1733 15252 24836 4740 41491 7745 20096 2484 15376 17612 3209 3164 6560 33746 5805 27941 4399 5968 5625 549 6868 8384 6180 5189 2359 3346 12167 143 3142 2738 2204 343 2615 2418 11373 1386 11185 1471 7634
is_linear=0
shrinkage=0.092745


Tree=63
num_leaves=47
num_cat=0
split_feature=42 69 63 94 7 46 33 100 74 84 61 29 93 62 86 26 66 5 59 11 30 37 84 31 75 39 12 60 74 8 10 82 42 61 0 36 88 56 53 85 6 51 22 68 97 2
split_gain=341.962 376.191 429.166 383.137 354.531 317.954 301.491 290.017 274.186 256.222 250.118 244.852 236.563 225.602 223.909 223.798 223.006 216.075 225.079 223.085 214.741 212.573 207.91 204.63 198.257 193.99 191.197 185.948 195.945 193.247 184.379 183.635 178.947 176.386 176.151 227.116 213.508 212.556 201.932 177.816 174.68 172.513 171.974 170.947 194.279 185.675
threshold=-0.052039717343032942 0.0078403766714485509 -0.019623514941606596 -0.062619008951029634 0.0019614815398792005 -0.012009686902190298 -0.021728682288152699 0.86260000000000014 0.027673106704240204 0.027230525499909352 0.0054751501016731012 0.063527851539054658 -0.024530520127664147 0.056865950292112805 -0.071488064355986494 0.060191977319191306 -0.0041568360056238995 -0.0035414969197495997 -0.071064673952466281 0.051753899536745855 0.061326894694036356 0.0014073944463601003 0.037394251981671206 -0.023657964808710196 0.083771768152973214 -0.042063955245367997 0.019550716004515651 -0.013027888828851747 0.0075720404852227504 -0.058015847252379592 0.030360919336783154 1.0000000180025095e-35 -0.021218562339438196 0.039620416648886707 0.085859982816012717 0.015555748082255651 0.0043232121431434007 0.021327694803908153 -0.024873758209889147 0.0088291748255044517 0.087590834189241212 -0.00068661230353489987 0.035713772385661806 1.0000000180025095e-35 0.015651981275814752 -0.058138277707058698
decision_type=2 2 2 2 2 2 2 2 2 2 2 2 2 2 2 2 2 2 2 2 2 2 2 2 2 2 2 2 2 2 2 2 2 2 2 2 2 2 2 2 2 2 2 2 2 2
left_child=16 2 13 -4 8 9 7 10 11 34 25 21 26 15 -14 22 23 -7 -19 20 33 42 27 -1 30 -6 -8 -2 29 -29 -10 -12 -16 -20 35 36 -3 41 -38 -40 -18 -37 -5 44 -36 -46
right_child=1 5 3 4 6 17 12 -9 24 -11 31 -13 14 -15 32 -17 40 18 19 -21 -22 -23 -24 -25 -26 -27 -28 28 -30 -31 -32 -33 -34 -35 43 37 38 -39 39 -41 -42 -43 -44 -45 45 -47
leaf_value=-0.022513482427148436 0.026985986509718982 0.037242785578861896 -0.060462151689826764 0.020084103821644848 0.028576662556922691 0.020139461653645791 0.030049586957558268 0.016567516105494732 -0.014565766593946084 -0.02751744488613141 -0.043182427432908239 -0.035338356083843052 -0.12524079939884419 -0.036732559135551554 0.0073747168103527041 0.049937481353114467 0.024003534379550977 0.075800213180700043 0.0042329354355365861 0.032166352544758352 -0.050707270204093539 -0.0053968491840143953 -0.028795769283720508 0.017041546940058716 0.07804060195830867 -0.037997442845956839 -0.021138403120942263 -0.035800053462640508 -0.017001132063277365 0.018908886397509268 -0.057382268429473304 -0.099123711078300966 -0.022491523372435283 -0.033662617247990079 0.0045768836986199825 0.041320987352986976 -0.26726731681454474 -0.281033167644823 0.020154317705737012 -0.19493527832727436 0.082761238166643256 -0.15697697669834995 -0.014545919364470422 0.01487346860817809 0.024448667022724125 -0.04859312409895758
leaf_weight=1844 3867 318 1310 8304 446 12613 1840 752 3145 3482 1047 1343 164 960 2196 1098 4869 357 9216 1730 775 8085 1304 2884 162 2402 952 626 2920 4896 1194 978 8043 1193 3499 68 41 55 122 45 478 84 1448 5872 380 1404
leaf_count=1844 3867 318 1310 8304 446 12613 1840 752 3145 3482 1047 1343 164 960 2196 1098 4869 357 9216 1730 775 8085 1304 2884 162 2402 952 626 2920 4896 1194 978 8043 1193 3499 68 41 55 122 45 478 84 1448 5872 380 1404
internal_value=-2.77656e-06 -0.00163228 -0.00635238 -0.0110641 -0.00954076 0.00517305 -0.0190426 -0.037022 -0.00198865 -0.00539248 -0.0452952 0.00284521 -0.0113763 0.00681905 -0.0178101 0.0096627 0.0162882 0.0114474 0.00318503 0.00117494 -0.00361845 0.00572145 0.00641222 0.0016111 -0.022589 -0.0275653 0.0125905 0.0101438 0.00242669 0.0127028 -0.0263541 -0.0702169 -0.0160846 -0.000109856 0.00108729 -0.0429435 -0.0105075 -0.125172 -0.0835268 -0.0379561 0.0292629 -0.068264 0.0149405 0.00398283 -0.00811957 -0.0330258
internal_weight=110811 100736 59482 43811 42501 41254 18820 5625 23681 15370 4873 19180 13195 15671 10403 14711 10075 25884 13271 12914 11184 17837 13613 4728 4501 2848 2792 12309 8442 5522 4339 2025 10239 10409 11888 733 526 207 208 167 5347 152 9752 11155 5283 1784
internal_count=110811 100736 59482 43811 42501 41254 18820 5625 23681 15370 4873 19180 13195 15671 10403 14711 10075 25884 13271 12914 11184 17837 13613 4728 4501 2848 2792 12309 8442 5522 4339 2025 10239 10409 11888 733 526 207 208 167 5347 152 9752 11155 5283 1784
is_linear=0
shrinkage=0.092745


Tree=64
num_leaves=47
num_cat=0
split_feature=38 21 3 4 19 80 21 26 39 7 70 60 42 55 78 2 37 0 29 16 64 13 94 62 93 84 65 1 15 90 98 74 88 59 17 90 51 51 95 43 15 69 100 41 74 65
split_gain=335.204 324.095 318.58 361.892 313.657 307.34 303.943 282.086 309.558 349.259 277.831 254.435 242.678 222.807 246.533 217.833 227.086 214.667 214.385 207.144 206.524 206.267 205.906 226.975 227.228 204.244 199.663 196.455 194.096 196.343 235.454 191.563 190.739 187.463 187.385 187.004 185.489 179.096 176.424 172.984 186.009 172.838 195.152 188.729 172.199 164.158
threshold=0.017059647172344952 -0.073118113585582525 0.065915943949659675 -0.13769199117331887 0.016397667044936951 -0.0060731000705389988 -0.015326141566675848 0.060191977319191306 0.014367112691130201 0.093828750910579212 -0.0047389736223409492 0.070976094306241314 -0.083590331011049082 0.021419272014597254 -0.0038152725928643993 -0.079103923323381189 -0.040021551245929897 0.21216494564835328 -0.10282473433565557 0.016464529665984402 0.015359681742227852 -0.053994147717569344 -0.034735323223336646 0.024532029258435856 -0.010207080254577299 -0.013819484673708299 -0.014606400507520599 0.012719415840708201 0.06821141309322841 0.040287395281160106 0.077001744271285311 0.025254314853841452 0.014049353995270101 -0.029147787590594696 -0.014059488204315849 -0.047248651064066394 -0.0071629152224030991 -0.058693232375993047 0.035994433387931603 0.06915041287133987 0.0087459754560187519 0.017124090974039403 -0.83144999999999991 -0.030550260099729446 0.028206958060210903 0.010157318275137151
decision_type=2 2 2 2 2 2 2 2 2 2 2 2 2 2 2 2 2 2 2 2 2 2 2 2 2 2 2 2 2 2 2 2 2 2 2 2 2 2 2 2 2 2 2 2 2 2
left_child=1 32 3 -2 26 38 13 8 9 10 31 18 -12 28 20 -11 17 -17 -10 -6 -15 -18 -20 36 -25 -14 41 -27 29 30 -7 -3 34 -16 35 -1 -24 -31 39 -5 -41 42 43 -4 -13 -8
right_child=2 7 4 5 19 6 45 -9 11 15 12 44 25 14 33 16 21 -19 22 -21 -22 -23 23 24 -26 27 -28 -29 -30 37 -32 -33 -34 -35 -36 -37 -38 -39 -40 40 -42 -43 -44 -45 -46 -47
leaf_value=0.091147740154223861 0.028043655457646432 0.0062378466953157113 -0.22412505761491844 0.0056173792783736284 -0.03580516496755172 -0.053581864909290414 -0.022426890191238117 0.027487557536557728 0.076647446280989448 0.03104834887249459 0.079842111100860327 -0.034169061837109688 0.028441539843848174 -0.00052645845677027736 0.053010791409112142 -0.14357306372695572 -0.076007486537653518 -0.020102632606912172 -0.028422675563490568 0.019593279171643708 0.12115494012082713 -0.0016912685343778528 0.016721816335601377 0.0094674212780501508 -0.033958856366045245 0.015070480246962639 0.040625207580706375 -0.0099820552060476651 0.0048398253658413779 -0.22153210869793838 0.15284490736656259 -0.017239875579313751 -0.050035941648267766 -0.068264206831466945 0.008442181675168069 -0.048430776400048753 -0.0045351664919758301 -0.084798608739084458 -0.032969453364256204 -0.092632317939586678 0.014735039831318171 0.048789432833131766 0 -0.043449375692747073 -0.138939437768374 0.0024824058898358808
leaf_weight=89 1808 15646 71 8381 1563 2971 6592 4465 283 492 514 627 7071 358 137 291 433 208 2720 923 180 1244 6183 1576 3024 11874 2771 3481 457 103 48 3695 1335 543 2067 1091 8230 416 1416 328 240 382 672 166 172 3474
leaf_count=89 1808 15646 71 8381 1563 2971 6592 4465 283 492 514 627 7071 358 137 291 433 208 2720 923 180 1244 6183 1576 3024 11874 2771 3481 457 103 48 3695 1335 543 2067 1091 8230 416 1416 328 240 382 672 166 172 3474
internal_value=-2.79585e-06 0.00339084 -0.00766988 -0.0120547 0.0107107 -0.0148826 -0.0232452 0.00490837 0.00342031 0.00788635 0.00994027 -0.00537785 0.0168435 -0.0414231 -0.00668303 -0.0246555 -0.037259 -0.0921747 -0.00351099 -0.0152315 0.0402021 -0.0208975 -0.00455641 -0.001141 -0.019078 0.015398 0.0265909 0.00939007 -0.0520101 -0.059357 -0.0502812 0.00175165 -0.0205268 -0.0437988 -0.00838668 -0.0378722 0.00458302 -0.112068 -0.00255361 0.00225846 -0.0472572 -0.00352392 -0.0255316 -0.0978379 -0.0567815 -0.013829
internal_weight=110811 76811 34000 27452 6548 25644 15279 72229 67764 44949 42281 22815 22940 5213 1218 2668 2176 499 22016 2486 538 1677 21733 19013 4600 22426 4062 15355 3995 3538 3019 19341 4582 680 3247 1180 14413 519 10365 8949 568 1291 909 237 799 10066
internal_count=110811 76811 34000 27452 6548 25644 15279 72229 67764 44949 42281 22815 22940 5213 1218 2668 2176 499 22016 2486 538 1677 21733 19013 4600 22426 4062 15355 3995 3538 3019 19341 4582 680 3247 1180 14413 519 10365 8949 568 1291 909 237 799 10066
is_linear=0
shrinkage=0.092745


Tree=65
num_leaves=47
num_cat=0
split_feature=55 15 24 33 11 21 28 84 94 1 64 91 38 63 97 42 0 49 48 55 10 24 0 57 88 80 12 76 22 4 76 59 23 63 8 2 31 36 21 48 9 69 7 32 79 15
split_gain=315.296 356.072 346.304 346.753 342.437 362.295 368.924 306.534 340.059 256.01 246.818 283.745 244.177 224.672 202.316 200.8 190.131 184.986 212.163 185.705 245.624 184.103 169.08 175.203 168.198 162.625 182.01 191.665 189.102 162.096 163.093 161.432 161.42 160.968 155.523 206.335 155.007 151.048 150.507 149.02 178.337 148.966 166.587 148.658 144.652 144.331
threshold=0.058614051532574658 -0.076708091414308774 0.10994557259447872 0.03603499465970026 0.07321444452892191 0.056761667711641657 -0.044068015676719648 -0.0070090883488303493 -0.0071631840948755991 0.089766673992635618 0.017213772773685704 0.062609973277543321 0.093995440246751411 -0.035282335266484291 0.004033076769629401 -0.020742538869779698 0.17535317343723897 -0.020226363520222047 0.0016055999722155501 -0.031049488795928646 -0.065834330749108591 -0.0046980945101937994 0.11527294330617396 -0.0092402919273345489 -0.0058728126020347994 -0.00092140837885899992 0.034775045211801858 0.016445765713161205 0.056403193267272556 0.020176443743140204 0.052247592217690951 0.079707623349637255 0.0050088280294019009 0.069947681048798616 -0.04913983144403624 0.050110020953077906 0.066381774422393819 -0.015611901035500048 -0.11763871127020718 0.033612314339416062 -0.053633272910594339 -0.022904686231729848 0.038350382520869607 0.013490354278739651 -0.025462935913932245 0.0018637105173908502
decision_type=2 2 2 2 2 2 2 2 2 2 2 2 2 2 2 2 2 2 2 2 2 2 2 2 2 2 2 2 2 2 2 2 2 2 2 2 2 2 2 2 2 2 2 2 2 2
left_child=1 13 3 4 5 6 10 14 -9 15 11 -3 33 21 -8 -2 -12 18 -5 20 45 -1 23 -22 41 -15 27 39 34 30 -23 37 -21 44 -29 -36 -4 -26 -6 40 43 42 -20 -27 -7 -19
right_child=9 2 36 17 38 12 7 8 -10 -11 16 -13 -14 25 -16 -17 -18 19 24 32 22 29 -24 -25 31 26 -28 28 -30 -31 -32 -33 -34 -35 35 -37 -38 -39 -40 -41 -42 -43 -44 -45 -46 -47
leaf_value=0.051538605728969789 0.042387941068461402 -0.02808784405197293 -0.057576611217177512 0.015712628026602227 -0.15376784100058197 -0.0056548625062593566 0.013334608562718593 -0.019358644847887234 -0.00064672469264242952 0.047467066442639254 -0.02375461314603736 -0.13604102134469861 -0.10568041811018798 -0.014464683462351935 -0.0040129462560873387 -0.0034657712376960298 0.025231258753421942 -0.12919662526883177 -0.0085322325383523582 0.015120556776545746 -0.22294717956223864 -0.0048080675147821874 0.016338020101117422 -0.018202746457963739 -0.075372291952236894 -0.078106332304181292 -0.082274113405962856 -0.066971325369451842 -0.092233226506792082 -0.077432440254495638 0.17851551643612423 -0.21179903546205683 0.040731652133262845 -0.047192013843956208 0.031388006158168495 0.20073927836467703 0.036655265713906142 -0.011173289333940534 0.021843894470376612 0.019899405795578761 -0.046304964544331355 0.035072515094737453 -0.18078361597021267 -0.24225453477703318 0.029771930326570988 -0.0055210258174397658
leaf_weight=579 1081 6706 1212 2711 42 1231 13022 13867 21017 1996 1323 216 136 2692 10400 3417 1405 190 216 4811 51 355 2081 121 531 118 848 91 114 258 47 47 3784 295 284 79 171 777 5531 210 792 594 62 80 5078 142
leaf_count=579 1081 6706 1212 2711 42 1231 13022 13867 21017 1996 1323 216 136 2692 10400 3417 1405 190 216 4811 51 355 2081 121 531 118 848 91 114 258 47 47 3784 295 284 79 171 777 5531 210 792 594 62 80 5078 142
internal_value=-2.69254e-06 -0.00123718 0.000164874 0.000826256 -0.00166632 -0.00332115 -0.0053555 -0.00257514 -0.00808553 0.0198248 -0.0221527 -0.0314639 0.0171875 -0.0221761 0.00563129 0.00755316 0.00146955 0.0132402 -0.00170756 0.0198434 -0.00194744 0.0133748 0.00902465 -0.0792599 -0.0229192 -0.0304773 -0.0469465 -0.0299837 0.014378 -0.0200924 0.0167028 -0.0433646 0.0263986 0.0197243 0.0412194 0.0684104 -0.0459104 -0.0372569 0.0205102 -0.0509914 -0.066044 0.00883909 -0.0471431 -0.144751 0.0228574 -0.0763905
internal_weight=110811 104317 97770 96387 80269 74696 67956 58306 34884 6494 9650 6922 6740 6547 23422 4498 2728 16118 4938 11180 2585 1239 2253 172 2227 5308 2616 1768 568 660 402 1355 8595 6604 454 363 1383 1308 5573 1200 990 872 278 198 6309 332
internal_count=110811 104317 97770 96387 80269 74696 67956 58306 34884 6494 9650 6922 6740 6547 23422 4498 2728 16118 4938 11180 2585 1239 2253 172 2227 5308 2616 1768 568 660 402 1355 8595 6604 454 363 1383 1308 5573 1200 990 872 278 198 6309 332
is_linear=0
shrinkage=0.092745


Tree=66
num_leaves=47
num_cat=0
split_feature=9 20 69 7 12 48 51 67 0 11 6 63 30 34 24 25 5 53 26 24 11 88 66 39 15 28 39 46 75 65 14 62 7 78 57 39 98 67 92 0 26 8 86 8 98 14
split_gain=308.626 336.899 323.558 315.791 305.21 303.603 313.995 275.12 274.734 288.204 230.343 291.084 219.773 216.357 235.486 213.088 209.948 238.138 211.094 208.348 204.207 198.762 189.443 188.795 181.574 180.86 179.497 182.741 177.005 176.346 172.841 168.348 167.575 159.987 158.558 173.743 151.765 151.148 150.672 150.625 148.436 148.205 147.626 146.8 145.585 144.687
threshold=0.059598292638332252 -0.051338700243623546 0.045138791043896155 0.14177564617113228 0.020594721519082204 -0.026199855165483198 0.035509992656829505 0.014020072541956951 0.24342183499276529 -0.053503364706735793 -0.0076465001525566996 -0.030597587034172147 0.044732953519951955 -0.0017118276003283497 -0.024332555525317694 -0.056126013504897043 0.0047499708362553506 0.0057237597356430006 -0.08053699033182829 0.021739855983089654 -0.15516119816725618 0.0088032777333276017 -0.040098973273053895 0.017698831920757253 0.056721917652989305 -0.052235595152872141 0.037758646094182058 -0.027317023214072148 -0.041406356213699293 -0.0069441900799185998 -0.084908051491288286 -0.035361125352060943 -0.045065122558056593 -0.071679200781423077 -0.044435962426046187 0.054326868784181255 -0.043431406992786491 -0.014149128090135148 0.011217680305644701 0.3005157122154567 -0.036434106450794895 -0.029621539512085446 -0.012563507789754699 -0.014500566533912849 -0.032250260392448993 0.0037977149833252006
decision_type=2 2 2 2 2 2 2 2 2 2 2 2 2 2 2 2 2 2 2 2 2 2 2 2 2 2 2 2 2 2 2 2 2 2 2 2 2 2 2 2 2 2 2 2 2 2
left_child=1 34 3 4 5 15 7 19 9 24 11 -11 13 -2 -15 44 18 -18 -8 -7 -17 -12 -16 36 -6 -25 29 -28 -9 38 -5 -10 -14 -22 35 -1 -4 -31 43 -34 -32 -41 -26 -24 -3 -36
right_child=12 2 23 30 8 6 16 28 31 10 21 -13 32 14 22 20 17 -19 -20 -21 33 -23 26 25 42 -27 27 -29 -30 37 40 -33 39 -35 45 -37 -38 -39 -40 41 -42 -43 -44 -45 -46 -47
leaf_value=0.00019630177606626192 0.0054126047527738473 -0.09325187392232212 -0.020583250153881141 0.12027889497911451 -0.054156036613962316 0.0022872301140458976 -0.13346044503303298 -0.0186431137792132 0.05437843519865055 0.01810340482149347 0.010743202799671378 -0.029031694217650384 0.00052239143880968063 0.011286334406056807 -0.080117879839029668 -0.12919897486464788 -0.016659099200990155 -0.070988952305843095 0.0015721702340063637 -0.01712621701980338 0.11277060663114652 -0.016212343326894627 -0.10086277860613395 -0.071468438307742285 -0.054500302806299097 0.0056978728913470575 -0.14660782308114642 -0.038060870942213783 0.018900866522506117 -0.031725557059053125 -0.12624877712956484 0.0038155986351939208 -0.066445621581724207 0.021469105871691475 0.030106541538258789 -0.092736577386606553 0.032360039887900073 0.023625721622779702 0.0011658908064180189 -0.05716904272455834 -0.040735879814787844 0.096357775081255162 0.02546443054581287 -0.029835161173625172 -0.0050799410887001828 0.0087564632893152843
leaf_weight=1270 5699 184 514 49 2209 16671 103 1217 727 1357 5992 6634 649 1607 566 76 1712 1168 2773 6652 168 3874 412 293 313 2391 179 525 9569 642 216 2564 1394 8950 5757 200 4911 1250 580 112 915 104 542 640 1283 5198
leaf_count=1270 5699 184 514 49 2209 16671 103 1217 727 1357 5992 6634 649 1607 566 76 1712 1168 2773 6652 168 3874 412 293 313 2391 179 525 9569 642 216 2564 1394 8950 5757 200 4911 1250 580 112 915 104 542 640 1283 5198
internal_value=-2.89809e-06 0.00188551 -0.000222122 -0.00210322 -0.00135133 0.00275122 -0.00096631 0.00241467 -0.00991311 -0.0138318 -0.00932137 -0.0210253 -0.0126884 -0.00772883 -0.0194309 0.0166532 -0.0210029 -0.0387025 -0.00327186 -0.00324928 0.0218915 0.000157247 -0.0297305 0.0173868 -0.0401109 -0.00272764 -0.022977 -0.0657278 0.0146631 -0.0144281 -0.0497022 0.0149931 -0.0392433 0.0231563 0.0161397 -0.0124539 0.0273405 0.00483457 -0.0367648 -0.0552788 -0.0571071 0.0167178 -0.00380167 -0.0576848 -0.0161643 0.019978
internal_weight=110811 96452 84027 75918 74738 50526 39865 34109 24212 20921 17857 7991 14359 12100 6401 10661 5756 2880 2876 23323 9194 9866 4794 8109 3064 2684 4228 704 10786 3524 1180 3291 2259 9118 12425 1470 5425 1892 1632 1610 1131 216 855 1052 1467 10955
internal_count=110811 96452 84027 75918 74738 50526 39865 34109 24212 20921 17857 7991 14359 12100 6401 10661 5756 2880 2876 23323 9194 9866 4794 8109 3064 2684 4228 704 10786 3524 1180 3291 2259 9118 12425 1470 5425 1892 1632 1610 1131 216 855 1052 1467 10955
is_linear=0
shrinkage=0.092745


Tree=67
num_leaves=47
num_cat=0
split_feature=62 3 1 10 18 1 17 20 4 38 33 18 14 69 7 21 4 66 28 95 89 22 55 14 27 87 48 1 4 18 85 87 61 48 7 51 6 63 83 41 71 13 34 55 30 10
split_gain=294.001 366.761 405.357 448.937 369.899 380.857 359.6 365.015 294.775 332.783 286.078 273.781 279.932 278.256 251.058 287.959 247.06 245.125 245.006 244.722 226.461 222.12 221.707 209.244 208.038 206.166 206.798 200.813 260.266 257.164 204.204 196.643 194.45 191.678 190.638 177.902 176.918 174.631 174.006 173.863 253.132 197.984 176.127 189.826 173.546 173.177
threshold=-0.04653435243417569 -0.019655016499419746 -0.019078718414951696 -0.047346984080368797 0.032717958097142459 0.16300214299115282 -0.026901154628805445 0.020119657372313002 -0.13769199117331887 0.029817050943492403 -0.081101271099623937 0.029463797119737501 -0.053006442792844992 0.04688178042688141 -0.037252088783610492 0.043725651568457209 1.0000000180025095e-35 0.016508657789485254 0.029784228521251805 0.048266735293332259 -0.0010530155335612998 0.032865081824452559 -0.067133088182885783 0.0072736716998866502 -0.006533697034030699 0.055562651683047005 0.0088527237602785518 0.1228346226945554 0.064289379494728863 -0.020032679404801846 -0.019811840545422395 0.024220177967432654 0.025893740124821801 -0.08709505758592638 0.04584389544947861 -0.019076719162362348 0.057348430216515908 -0.050544111675938093 -0.042344102320118988 -0.033037804011344894 -0.027983127535472246 -0.020501414151018596 -0.026247808761121445 -0.004653193851865199 0.09514369846306131 -0.13077219256575959
decision_type=2 2 2 2 2 2 2 2 2 2 2 2 2 2 2 2 2 2 2 2 2 2 2 2 2 2 2 2 2 2 2 2 2 2 2 2 2 2 2 2 2 2 2 2 2 2
left_child=36 8 6 27 5 14 20 16 -2 10 -10 12 -12 18 -5 24 19 44 -14 33 39 -13 35 -18 -16 26 -9 28 32 -29 -31 -23 37 -8 -11 -7 -1 -4 -19 40 -3 -41 -42 -44 -6 -39
right_child=1 2 3 4 17 22 7 25 9 34 11 21 13 -15 15 -17 23 38 -20 -21 -22 31 -24 -25 -26 -27 -28 29 -30 30 -32 -33 -34 -35 -36 -37 -38 45 -40 41 42 -43 43 -45 -46 -47
leaf_value=0.0094588138147672519 0.024000662656625215 0.070447792916189925 0.083398868297338266 0.022606049070930098 -0.040955673861610503 -0.17700288146218315 0.10441677034296901 0.011446963926044676 -0.063539775865254208 -0.021820793274132479 0.024248037550815275 -0.013370860885975238 -0.015725331990053909 0.035157484036743306 -0.027142154537420259 0.029109672036175791 0.019162390453818883 0.12316555111900372 0.013168054436597793 -0.048334471716219109 0.0068609844817557504 -0.038394322621993743 0.04456852900403814 0.048220305633993439 -0.0018031205957467415 -0.090168610429629314 -0.016217631152008704 0.035774172877816299 -0.14939490102750658 0.026601208120350543 -0.05218169800460256 -0.12494240326700247 -0.088736521904778043 0.013174018551432128 -0.059791847340038819 0.0061725674152955266 0.042098906749901396 -0.21915697983445445 -0.0039174753253039957 -0.033060274655610192 0.003157489305413542 0.0060145548841349433 -0.14633138808680526 -0.051020044446522049 -0.17433402073455959 -0.028725026599835685
leaf_weight=8787 2097 128 117 3059 2243 69 202 6498 751 4383 3263 3445 11310 1322 4687 1671 4485 104 3249 553 6061 945 2417 4067 6878 215 3618 662 212 372 1178 297 565 9571 1537 133 1706 42 831 1969 228 2571 304 442 87 1480
leaf_count=8787 2097 128 117 3059 2243 69 202 6498 751 4383 3263 3445 11310 1322 4687 1671 4485 104 3249 553 6061 945 2417 4067 6878 215 3618 662 212 372 1178 297 565 9571 1537 133 1706 42 831 1969 228 2571 304 442 87 1480
internal_value=-2.87569e-06 -0.00154803 0.00234261 -0.00652158 -0.00103822 0.00393763 0.00815109 0.013655 -0.00963057 -0.0119434 -0.00718845 -0.0054113 -0.000491729 -0.0055761 -0.00133798 -0.00687314 0.0213247 -0.029865 -0.00927639 0.0116665 -0.00558476 -0.0255011 0.0367634 0.032984 -0.012074 -0.000358752 0.00155116 -0.0327952 -0.0512812 -0.0125941 -0.0332636 -0.0591255 -0.0418195 0.0150643 -0.0316839 -0.0564913 0.0147679 -0.0256251 0.0102367 -0.0189569 -0.0520011 -0.0109302 -0.0681229 -0.0899195 -0.0459625 -0.0340291
internal_weight=110811 100318 67719 26807 22179 18914 40912 29209 32599 30502 24582 23831 19144 15881 16295 13236 18878 3265 14559 10326 11703 4687 2619 8552 11565 10331 10116 4628 2416 2212 1550 1242 2204 9773 5920 202 10493 1639 935 5642 1102 4540 974 746 2330 1522
internal_count=110811 100318 67719 26807 22179 18914 40912 29209 32599 30502 24582 23831 19144 15881 16295 13236 18878 3265 14559 10326 11703 4687 2619 8552 11565 10331 10116 4628 2416 2212 1550 1242 2204 9773 5920 202 10493 1639 935 5642 1102 4540 974 746 2330 1522
is_linear=0
shrinkage=0.092745


Tree=68
num_leaves=47
num_cat=0
split_feature=15 12 65 42 93 24 51 7 11 26 39 81 6 38 60 10 28 47 87 0 26 30 91 53 100 52 11 6 2 8 30 68 78 98 49 68 0 28 82 3 59 74 6 75 42 86
split_gain=296.366 332.855 312.25 293.846 291.619 292.729 366.264 320.307 311.76 250.007 284.773 238.82 235.84 225.768 193.006 186.381 201.155 185.866 271.454 183.915 227.201 244.649 181.054 168.183 213.15 188.819 183.49 191.65 234.686 196.943 193.64 156.919 187.976 176.039 156.561 155.546 155.175 306.781 155.071 151.435 148.256 147.678 149.335 142.863 137.867 136.961
threshold=0.086436990967349567 0.086128518511541421 0.016749106253747304 -0.063894542869494336 -0.071406899651554737 -0.04632313950314474 0.026463944152781655 0.056332968018799556 -0.037683646759146046 0.057432088252127055 -0.052212668232775643 0.070909977004803906 0.16028091844503176 -0.045438102821860747 0.018512062032145553 -0.048241469237359093 0.031442314973884104 0.031657442621354608 -0.0032233213603692994 0.19873574741420205 -0.0067897408189314485 0.031852510863717355 0.015960272341414002 -0.022604460897800296 0.15220000000000003 0.004335407695189651 0.038712187538076655 0.019977599726053456 0.0016242956919783503 -0.12971259004985453 0.032572471071692304 -0.0021025085455483494 -0.10068251429073223 -0.040954861429528394 0.095451495296635505 -0.017667698564410545 0.17194073010779493 -0.072968728161537835 0.08788425623831482 -0.013297316804276199 0.011102197808568201 -0.023313867498713496 0.0054682861807330511 0.097936404914574116 0.036584092500236053 0.0076026591346539012
decision_type=2 2 2 2 2 2 2 2 2 2 2 2 2 2 2 2 2 2 2 2 2 2 2 2 2 2 2 2 2 2 2 2 2 2 2 2 2 2 2 2 2 2 2 2 2 2
left_child=1 2 3 43 22 31 7 8 -7 10 -8 13 -9 -3 23 17 39 18 -16 20 -15 -22 35 26 25 34 27 28 38 -29 -30 32 -6 -34 45 -5 37 -33 -4 -17 -11 42 -20 -1 -23 -25
right_child=-2 11 14 4 5 6 9 12 -10 40 -12 -13 -14 19 15 16 -18 -19 41 -21 21 44 -24 24 -26 -27 -28 29 30 -31 -32 36 33 -35 -36 -37 -38 -39 -40 -41 -42 -43 -44 -45 -46 -47
leaf_value=0.020270556738503229 0.020757017568559216 0.015002813368250625 0.0070829047796270436 0.0027719991528652841 -0.19736686319913346 -0.017884625218695764 0.012506254660853942 -0.026204196293786026 0.0032800268631241031 -0.0099727269585515015 -0.032023390941781867 0.094645786730718842 0.070338756939402475 -0.094579016533101357 -0.0013118695469372576 -0.024796742183114465 0.035374803245967722 0.029863959602708028 -0.11714807188574476 -0.016464275429664388 -0.015320088288979053 -0.07090096704903881 -0.027989328010549576 0.0024905743688149232 0.0058690691355588569 0.045692885741882003 0.0319606396854921 -0.14743247511416191 -0.03471507400932098 0.025082959167296359 -0.1264634744051954 -0.19462394721471654 -0.053637610912642616 0.0067225423439567656 0.15169630103929319 0.07863809162532702 0.034377076405140108 0.0069138285813589049 -0.14572937850082429 0.0074112006083525053 0.063377970476296341 -0.12560659406538466 0.042223971294336304 0.19177658766425956 -0.22197887894618001 0.033024471980658145
leaf_weight=3663 5615 967 1563 338 42 7415 1418 6377 31070 524 9560 145 225 760 499 2102 1287 302 91 2420 1239 176 285 3047 6935 3173 1171 59 1175 1418 238 68 474 3359 73 747 3049 1336 59 3117 432 409 113 42 74 2160
leaf_count=3663 5615 967 1563 338 42 7415 1418 6377 31070 524 9560 145 225 760 499 2102 1287 302 91 2420 1239 176 285 3047 6935 3173 1171 59 1175 1418 238 68 474 3359 73 747 3049 1336 59 3117 432 409 113 42 74 2160
internal_value=-2.82014e-06 -0.00111109 0.00014684 -0.00318795 -0.00459991 -0.00548796 -0.00786034 -0.00403573 -0.000797567 -0.0223082 -0.0262702 -0.0227449 -0.022909 -0.0257721 0.00824804 -0.00409366 0.00253762 -0.034609 -0.0521342 -0.0342203 -0.0533158 -0.0322315 0.0377424 0.0128876 0.017923 0.0278101 -0.000744699 -0.00923723 -0.0225729 0.0181553 -0.0502009 0.0107535 -0.00289072 -0.00074165 0.017059 0.0550237 0.0226292 -0.00287512 0.00149131 -0.00555888 0.023168 -0.093463 -0.028866 0.0222331 -0.115877 0.0151606
internal_weight=110811 105196 99415 70424 66719 65349 57021 45087 38485 11934 10978 5781 6602 5636 28991 7920 6506 1414 1112 4669 2249 1489 1370 21071 15388 8453 5683 4512 3035 1477 1413 8328 3875 3833 5280 1085 4453 1404 1622 5219 956 613 204 3705 250 5207
internal_count=110811 105196 99415 70424 66719 65349 57021 45087 38485 11934 10978 5781 6602 5636 28991 7920 6506 1414 1112 4669 2249 1489 1370 21071 15388 8453 5683 4512 3035 1477 1413 8328 3875 3833 5280 1085 4453 1404 1622 5219 956 613 204 3705 250 5207
is_linear=0
shrinkage=0.092745


Tree=69
num_leaves=47
num_cat=0
split_feature=93 11 70 63 80 94 38 15 100 58 62 65 3 13 90 88 77 95 84 18 66 77 94 88 42 30 32 21 97 10 78 38 0 79 39 35 5 91 21 90 39 23 64 87 26 14
split_gain=282.714 312.63 310.846 326.102 307.983 291.439 289.81 296.063 262.443 330.425 253.341 260.867 237.592 252.092 250.852 230.618 225.642 241.107 225.238 203.67 202.733 191.135 188.907 202.618 190.587 185.623 183.701 218.839 223.746 213.592 210.749 181.894 187.184 177.405 176.6 243.372 173.896 173.304 171.528 161.478 159.049 155.86 203.575 189.539 189.41 211.343
threshold=0.028894428430656451 0.11045235322052467 0.041751654694037556 0.0047384361333897016 0.054948453768267007 -0.058389866392489047 -0.011865034972903348 -0.0021966686799221495 -0.96374999999999988 0.044237965196011454 -0.024035283719894798 0.064888229305295073 -0.018910360512447846 -0.016332196168985597 0.024194064626411754 -0.0017365939578389998 0.0261055223421492 -0.0014304466969248997 -0.025276248018959144 0.03417830454052035 0.013327433355508402 -0.022759739422732999 0.010327347218551252 0.071070313917225916 -0.029080899831541499 1.0000000180025095e-35 0.030372592526958401 -0.064555988206008136 0.012943194148997252 -0.072482621329070282 -0.030744606714644646 -0.011865034972903348 0.067923067979694468 0.015008438944260951 -0.014787322052732697 -0.065146848934887785 0.037509996495933756 0.080770228865901808 0.076116961735840413 -0.020734628093814798 -0.05429681768230029 -0.0099795794965508496 0.016812633991391105 0.024664415506087656 0.0006806232319921502 -0.034033590265877149
decision_type=2 2 2 2 2 2 2 2 2 2 2 2 2 2 2 2 2 2 2 2 2 2 2 2 2 2 2 2 2 2 2 2 2 2 2 2 2 2 2 2 2 2 2 2 2 2
left_child=1 2 3 4 8 -5 33 16 9 20 -2 26 13 19 -14 -15 17 -8 25 -10 38 -22 24 -24 -9 -6 27 28 -12 -29 -31 -32 -33 -7 -20 -36 -16 -37 -1 -30 -18 42 -4 -44 45 -45
right_child=10 -3 41 5 18 6 7 22 12 -11 11 -13 14 15 36 -17 40 -19 34 -21 21 -23 23 -25 -26 -27 -28 29 39 30 31 32 -34 -35 35 37 -38 -39 -40 -41 -42 -43 43 44 -46 -47
leaf_value=-0.063712482276464311 0.007307636349170114 0.040842103673737272 -0.012113199376969365 -0.051701189351432829 0.072404369830483289 0.012893986499328769 -0.031394059813124174 0.020976613212337538 -0.0094564278771281304 -0.17775483288958374 -0.038156948427005642 0.043041044600908823 0.017302393119860593 0.022866056484144994 0.0020804442100920903 -0.007517894274129213 0.011586744709259815 0.00030185784468761444 0.00072705071392750319 -0.056809659158469472 0.13087477723371568 -0.0061385418688847488 0.017327621472439173 -0.10477937963177217 -0.018784339740677336 -0.034823506448946981 0.0016520637207588084 -0.071404179349134234 -0.0045964515123031128 0.013243678199217684 -0.0054634344721034645 -0.15001407180224613 -0.031828552820350506 -0.01041005698949393 -0.23640596067563713 -0.060029114099088669 -0.044090762708887857 0.082321273179584736 0.12500844408260364 -0.18189243114145087 -0.060105048400832729 0.026761454269555496 0.054908661789355107 0.044522659492589635 0.033326287955183741 -0.22415035769333536
leaf_weight=637 5257 1763 2565 1217 313 8791 4339 1282 3694 125 572 606 22052 4183 4468 4417 310 3936 586 991 116 354 4114 120 5415 249 2891 671 57 1614 2948 118 4670 4129 64 1211 832 78 44 199 1866 5796 896 39 146 70
leaf_count=637 5257 1763 2565 1217 313 8791 4339 1282 3694 125 572 606 22052 4183 4468 4417 310 3936 586 991 116 354 4114 120 5415 249 2891 671 57 1614 2948 118 4670 4129 64 1211 832 78 44 199 1866 5796 896 39 146 70
internal_value=-2.64844e-06 0.00216902 0.00140648 -0.000479449 0.0048179 -0.00710378 -0.0055207 -0.0121475 0.00670481 -0.0347047 -0.0101075 -0.0164901 0.00800563 -0.00216905 0.012948 0.0072594 -0.0233085 -0.0163168 -0.0267955 -0.0194786 -0.0191172 0.0277074 -0.00147499 0.0138568 -0.0111703 0.0248781 -0.0191176 -0.0246533 -0.0704779 -0.0208637 -0.0172332 -0.0235937 -0.0347528 0.00544531 -0.0417811 -0.0601982 -0.00516697 -0.0513883 -0.0514518 -0.142519 -0.0498852 0.0172556 0.0024244 0.0348282 -0.035658 -0.12803
internal_weight=110811 91208 89445 79933 44414 35519 34302 21382 41913 1276 19603 14346 40637 13285 27352 8600 10451 8275 2501 4685 1151 470 10931 4234 6697 562 13740 10849 828 10021 9350 7736 4788 12920 1939 1353 5300 1289 681 256 2176 9512 3716 1151 255 109
internal_count=110811 91208 89445 79933 44414 35519 34302 21382 41913 1276 19603 14346 40637 13285 27352 8600 10451 8275 2501 4685 1151 470 10931 4234 6697 562 13740 10849 828 10021 9350 7736 4788 12920 1939 1353 5300 1289 681 256 2176 9512 3716 1151 255 109
is_linear=0
shrinkage=0.092745


Tree=70
num_leaves=47
num_cat=0
split_feature=91 55 42 28 31 84 62 21 34 75 74 28 30 0 100 66 43 38 35 8 65 66 0 49 96 49 9 53 93 18 48 38 46 22 8 7 78 0 9 70 48 29 92 82 74 15
split_gain=282.471 302.71 268.476 266.647 242.28 239.783 261.005 239.279 239.04 236.803 250.357 236.791 229.659 290.398 219.49 214.739 201.38 200.985 200.094 198.972 191.728 194.454 187.218 182.856 181.255 180.158 230.187 182.953 177.529 177.514 177.14 175.766 174.849 172.24 169.221 167.988 167.577 158.079 165.037 157.921 155.633 155.513 155.023 153.873 167.509 151.613
threshold=0.010692194638635001 -0.020791748898810299 0.065021607192793721 -0.025797763820079346 -0.062808025739782239 0.027230525499909352 -0.014869473306411498 -0.033075592060119792 0.012918297023505302 0.083771768152973214 -0.012879129771889949 -0.043285164286910489 0.064317477942118659 0.22176581909832882 -0.97784999999999989 -0.030944774524875995 0.063799120015241961 -0.045438102821860747 0.0064443918954130508 -0.029120375137445097 0.048191952467396361 -0.080592294948028789 0.13914887306010237 0.026364837742799952 -0.027109846944880046 -0.036879013595320594 -0.050798421671469793 0.00033744592485090004 -0.071406899651554737 -0.029814425707461945 -0.0035666177601947498 -0.0045262222822847493 0.039582470546482458 0.072838698337571658 -0.088596226377730986 -0.12778364816610263 -0.080795233206099132 0.17668120526667508 0.039686871576720857 0.016008301874005152 0.04085110526182776 0.0062588398362181013 0.042665920196683207 -0.05967486317112719 -0.072491641914946739 0.016914813614608951
decision_type=2 2 2 2 2 2 2 2 2 2 2 2 2 2 2 2 2 2 2 2 2 2 2 2 2 2 2 2 2 2 2 2 2 2 2 2 2 2 2 2 2 2 2 2 2 2
left_child=1 16 3 8 40 6 25 19 14 10 -6 45 13 -12 -3 43 17 -1 -18 23 21 -19 32 37 33 26 -2 -28 -23 -10 -16 -26 -4 -24 -30 41 -36 -7 -39 -32 -5 -31 -9 -13 -45 -8
right_child=5 2 22 4 9 7 11 42 29 -11 12 15 -14 -15 30 -17 18 20 -20 -21 -22 28 24 -25 31 -27 27 -29 34 35 39 -33 -34 -35 36 -37 -38 38 -40 -41 -42 -43 -44 44 -46 -47
leaf_value=0.020329349352323105 0.050859681472875437 -0.17040884894615979 -0.12038301468056727 -0.027465772829732199 0.024537536812338612 -0.16608999582788303 -0.047323628597675374 -0.017663510194183489 0.0088796660747817932 0.069302903563263615 0.0049742242024106769 0.041891593042611211 -0.026927510047756984 0.033374994907507866 0.020756325704563698 -0.00011355523097434178 -0.067036121228753728 -0.094881793724759605 0.0081516665478957567 -0.02570176205895236 0.020856678521902074 0.056692448479372916 0.066065060637622963 0 0.0095863962509926872 0.014918430722933569 -0.060483850449092977 0.0030303591719636753 -0.061999810864166255 -0.006233686605743108 -0.015775111043685109 -0.056339732031719679 0.035602000610375301 -0.13031271679326223 -0.086673161793306752 -0.02816757545982964 -0.0078682093934201169 -0.01855446642168505 -0.16885629338241007 0.020777332029037584 0.041749272836222255 -0.24780395019393986 0.024957067430361704 -0.15075804139022475 -0.031435679095943116 -0.0026315422405128728
leaf_weight=2577 356 60 280 1874 11571 261 2032 5570 1287 667 16587 234 1534 3808 4343 13934 876 234 466 1115 1820 338 340 156 610 8586 860 713 544 38 3444 808 79 43 236 3072 13268 198 92 1442 328 58 845 106 2158 963
leaf_count=2577 356 60 280 1874 11571 261 2032 5570 1287 667 16587 234 1534 3808 4343 13934 876 234 466 1115 1820 338 340 156 610 8586 860 713 544 38 3444 808 79 43 236 3072 13268 198 92 1442 328 58 845 106 2158 963
internal_value=-2.64338e-06 0.00339219 0.00712892 0.00850909 0.012668 -0.00646132 -0.00260566 -0.0204747 -0.00249511 0.0145899 0.0134996 -0.00897651 0.00767448 0.0102781 0.00597427 -0.00460386 -0.00620141 -0.00374998 -0.0409213 -0.0501353 -0.00752557 -0.0110601 -0.0248824 -0.0886238 -0.0126766 0.00916345 -0.0164434 -0.0316905 -0.00969383 -0.0201567 0.00712769 -0.0279736 -0.0860186 0.0439012 -0.0112932 -0.0319568 -0.00924824 -0.113709 -0.0664026 -0.00498405 -0.0171455 -0.152626 -0.0120464 -0.0296427 -0.0370467 -0.0329597
internal_weight=110811 72632 52273 50113 36369 38179 29942 8237 13744 34167 33500 19427 21929 20395 9289 16432 20359 19017 1342 1822 16440 14620 2160 707 1801 10515 1929 1573 14386 4455 9229 1418 359 383 14048 3168 13504 551 290 4886 2202 96 6415 2498 2264 2995
internal_count=110811 72632 52273 50113 36369 38179 29942 8237 13744 34167 33500 19427 21929 20395 9289 16432 20359 19017 1342 1822 16440 14620 2160 707 1801 10515 1929 1573 14386 4455 9229 1418 359 383 14048 3168 13504 551 290 4886 2202 96 6415 2498 2264 2995
is_linear=0
shrinkage=0.092745


Tree=71
num_leaves=47
num_cat=0
split_feature=18 34 77 90 22 39 70 42 0 95 65 12 51 19 48 96 58 27 0 21 34 33 79 15 3 21 65 38 93 84 32 66 13 95 25 59 74 17 14 65 26 75 59 55 18 62
split_gain=260.336 284.643 285.212 259.107 378.169 251.606 238.384 225.203 269.496 350.005 218.439 216.101 203.091 200.118 200.075 221.855 202.551 209.346 195.204 193.467 190.943 188.358 187.531 186.398 186.373 231.564 181.246 180.637 176.674 171.681 176.939 169.225 167.936 163.624 194.36 169.268 164.748 160.897 160.637 160.74 158.157 157.868 155.854 154.502 293.632 171.693
threshold=-0.057602116385686596 0.06895839101021041 0.020445857512576906 0.0031989410200545004 -0.020763456828026845 -0.026115493973272196 -0.013189373237492448 0.0044237546353489013 0.15437862544687689 -0.06966232044890934 -0.024513632622393245 0.015794326937528153 0.098454291130128713 -0.051535626991842796 0.0071850194202325015 0.023669336826237602 0.0013114204377700004 0.0066664967209711509 0.079931287004021259 -0.10223703431751933 -0.0010137335974122997 -0.0033594265320461996 -0.046380075791003693 0.077906462644233315 0.0052811130631240004 -0.010937544131991149 0.051668281044629012 0.022149658609493954 0.026986974134444203 0.038082035507435254 0.1179464241777554 -0.030388453189351395 0.041220320494632708 -0.0014304466969248997 -0.068653461577086988 0.035530447939749056 0.030465145497032203 0.0057709137401468508 -0.044126520817896191 0.017512807125124704 -0.071948554609089679 -0.010521878846882798 0.037744584381381757 0.033979071253145303 0.075853322427746062 0.055439228370392661
decision_type=2 2 2 2 2 2 2 2 2 2 2 2 2 2 2 2 2 2 2 2 2 2 2 2 2 2 2 2 2 2 2 2 2 2 2 2 2 2 2 2 2 2 2 2 2 2
left_child=13 2 3 4 18 -4 -7 14 9 11 23 -9 19 -1 15 22 17 20 27 -12 -16 26 -5 32 25 -11 43 31 -21 30 -15 -2 -6 34 41 -36 -35 -14 -3 -40 -38 -10 -19 45 -45 -8
right_child=1 38 5 7 10 6 21 8 33 24 12 -13 37 29 16 -17 -18 42 -20 28 -22 -23 -24 -25 -26 -27 -28 -29 -30 -31 -32 -33 -34 36 35 -37 40 -39 39 -41 -42 -43 -44 44 -46 -47
leaf_value=0.035587947744410403 -0.15151720486823272 0.0031141110997137144 0.0064254569607235489 0.065250434190708209 -0.031597632974200554 -0.030127624367994672 -0.026077157496932662 -0.32712609567782985 -0.16716376994351659 -0.081506011061793435 -0.070774615433375473 -0.039064175389323628 -0.21953999151335821 0.010084210919061604 -0.010237735089748694 -0.016004695336626559 0.0097466325076008917 0.011816962899502173 0.023002334025971908 0.010686548140183593 -0.066451760089305714 0.0060445646937182258 0.014355452869542762 0.042152100769586573 -0.011887904313708833 -0.020856338518004502 0.025130694699919725 -0.15013142892141779 -0.011793967348664093 -0.028580081295665163 0.15694751937396684 0.0037256881190855695 0.010856090812557078 -0.0049930528403928261 0.023445238572665308 -0.028367100386237801 -0.21698669604207585 -0.014795580281752986 -0.04873658354510442 -0.0064181353371439431 -0.040764725025513267 -0.015899387547070966 -0.076109068614063149 0.030386114884821545 -0.1997076234957002 -0.092987001465070454
leaf_weight=2683 65 1390 6287 679 3532 6004 3829 53 88 902 280 39 61 7125 914 1981 2878 1487 12734 17343 1207 5020 7514 426 4089 1357 710 84 3637 1051 71 805 1036 3315 3635 637 46 72 2256 1175 842 182 196 682 51 361
leaf_count=2683 65 1390 6287 679 3532 6004 3829 53 88 902 280 39 61 7125 914 1981 2878 1487 12734 17343 1207 5020 7514 426 4089 1357 710 84 3637 1051 71 805 1036 3315 3635 637 46 72 2256 1175 842 182 196 682 51 361
internal_value=-2.75324e-06 -0.00148997 -0.000374806 0.00249051 0.00746144 -0.00938138 -0.0153483 -0.00372643 -0.0119186 -0.0263161 0.000971932 -0.205659 0.00504953 0.0135862 0.0036529 0.0118421 -0.00881387 -0.0228595 0.0199703 0.00576556 -0.0422386 -0.00701688 0.0185772 -0.016492 -0.0237056 -0.0450865 -0.0186591 -0.0204818 0.00678867 0.00642577 0.0115413 -0.00790313 -0.0219663 -0.00131397 0.0108877 0.0157149 -0.0145028 -0.109072 -0.0234745 -0.0342497 -0.0499755 -0.0653753 0.00155793 -0.0249783 0.0142867 -0.0318511
internal_weight=110811 99881 95060 72116 40075 22944 16657 32041 15185 6440 26387 92 21393 10930 16856 10174 6682 3804 13688 21260 2121 10653 8193 4994 6348 2259 5633 954 20980 8247 7196 870 4568 8745 4542 4272 4203 133 4821 3431 888 270 1683 4923 733 4190
internal_count=110811 99881 95060 72116 40075 22944 16657 32041 15185 6440 26387 92 21393 10930 16856 10174 6682 3804 13688 21260 2121 10653 8193 4994 6348 2259 5633 954 20980 8247 7196 870 4568 8745 4542 4272 4203 133 4821 3431 888 270 1683 4923 733 4190
is_linear=0
shrinkage=0.092745


Tree=72
num_leaves=47
num_cat=0
split_feature=60 80 22 67 40 15 6 74 3 5 91 73 19 7 68 6 93 61 11 95 20 57 28 6 49 2 64 91 1 25 66 19 54 14 9 17 42 31 65 6 41 69 58 81 2 49
split_gain=264.019 314.422 305.386 296.001 282.583 274.9 267.874 256.312 253.947 228.363 226.957 211.416 205.677 235.667 211.419 202.839 246.075 198.528 194.598 194.217 192.245 191.348 187.808 189.941 186.9 183.932 181.601 179.87 179.52 177.675 174.564 172.799 197.758 169.064 167.588 167.571 169.244 165.47 164.932 163.013 161.99 160.418 185.085 159.837 159.159 171.728
threshold=-0.014429167168030497 0.029399021576866451 -0.060630990391028594 -0.0066774130046325991 0.060739756396379053 -0.041011991029012838 0.032355891436292007 0.023409406843573951 -0.070993857370241539 0.11842191813129797 0.040270836809003556 -0.035147399043743595 0.010528024761456652 0.099374248208709659 -0.011762638540648898 -0.018712630090448695 -0.087384509918720835 0.0080678097138263006 -0.022812517313069196 0.010069416894079102 0.0082940215699038519 -0.0038463806106753492 -0.060643550149978291 -0.070764602598361828 0.025839543502389452 -0.034408693431047195 0.029700170252819954 0.019434223829490952 -0.029721733025971597 -0.092752976561966891 0.044799342445893807 -0.022437890091435545 0.0010229595835705501 0.026760328054307354 -0.0054171620886451994 -0.028848308001167746 0.030483677833764353 0.070754267539528667 -0.029268708180091699 -0.10340810078733619 0.026489808240369003 0.033271030470214208 -0.028083322722856744 -0.079312076594345429 -0.027183055661420947 0.014027785340533802
decision_type=2 2 2 2 2 2 2 2 2 2 2 2 2 2 2 2 2 2 2 2 2 2 2 2 2 2 2 2 2 2 2 2 2 2 2 2 2 2 2 2 2 2 2 2 2 2
left_child=6 2 35 8 5 11 19 12 22 -8 18 -3 24 14 -14 20 -17 -13 25 21 29 28 23 -4 -5 -7 27 -21 -1 -10 31 32 -30 -11 -24 36 -2 43 -23 -16 -29 42 -27 -18 -42 -46
right_child=1 4 3 7 -6 10 9 -9 15 33 -12 17 13 -15 39 16 37 -19 -20 26 -22 38 34 -25 -26 41 -28 40 30 -31 -32 -33 -34 -35 -36 -37 -38 -39 -40 -41 44 -43 -44 -45 45 -47
leaf_value=0.010388296460732515 0.0084184049152684487 0.025317241619720536 0.047497738262935206 0.0092170884172069183 0.033452120818016809 0.014562806624985127 0.023047851203245217 -0.012975955148395899 -0.14499033751641641 -0.013504599657898702 -0.05529265014897259 -0.034100273815867742 -0.021644569454358869 -0.063033376542887737 -0.078884643419392483 0.10967515482422582 -0.15156747167247139 -0.092827188545241926 0.00050867135676086579 -0.005953892488339628 -0.011597766967549777 -0.0087072003301010403 0.0040547827071896435 -0.15862395651998606 0.035194581650171808 -0.0040744703627666953 0.017595228500115408 -0.020669858183465631 -0.033823542231527247 0.020922168910356129 0.033974801910182949 -0.041078100595820045 0.041736536319862842 -0.15927413882123204 -0.04833874081295806 0.029869231955460391 -0.072263783109516019 0.038642580189939643 0.020960820778388921 0.012358529681766322 -0.0074542975994915878 0.013445465706344186 -0.071426148895055261 -0.016862747491678844 -0.14188547035638455 -0.012642597597669763
leaf_weight=3934 1210 290 48 12535 918 645 8745 6588 56 244 994 1156 2630 535 173 136 76 868 6245 6252 3269 1970 804 189 2942 480 1910 1600 612 4003 488 2151 580 95 1511 4111 274 465 8846 5966 203 373 1310 11935 324 122
leaf_count=3934 1210 290 48 12535 918 645 8745 6588 56 244 994 1156 2630 535 173 136 76 868 6245 6252 3269 1970 804 189 2942 480 1910 1600 612 4003 488 2151 580 95 1511 4111 274 465 8846 5966 203 373 1310 11935 324 122
internal_value=-3.02241e-06 -0.00327859 -0.000396556 -0.00253912 -0.0161814 -0.0198693 0.00625378 0.00328243 -0.0106588 0.020151 -0.013229 -0.0486893 0.00760535 -0.00329106 0.000354221 -0.00713214 -0.0142626 -0.0593018 -0.00860741 0.00189878 0.00513802 0.0075812 -0.0382052 -0.116813 0.0141566 -0.0288844 -0.00824153 -0.0140485 -0.00352518 0.0186198 -0.017816 -0.0253826 0.00293201 -0.0544943 -0.0301383 0.0202257 -0.00648028 -0.0156172 0.0155558 0.00978148 -0.0365411 -0.0418468 -0.0533765 -0.0177198 -0.0756217 -0.106593
internal_weight=110811 72735 59456 53861 13279 12361 38076 31369 22492 9084 10047 2314 24781 9304 8769 19940 12612 2024 9053 28992 7328 18581 2552 237 15477 2808 10411 8501 7765 4059 3831 3343 1192 339 2315 5595 1484 12476 10816 6139 2249 2163 1790 12011 649 446
internal_count=110811 72735 59456 53861 13279 12361 38076 31369 22492 9084 10047 2314 24781 9304 8769 19940 12612 2024 9053 28992 7328 18581 2552 237 15477 2808 10411 8501 7765 4059 3831 3343 1192 339 2315 5595 1484 12476 10816 6139 2249 2163 1790 12011 649 446
is_linear=0
shrinkage=0.092745


Tree=73
num_leaves=47
num_cat=0
split_feature=93 62 28 69 6 19 53 13 15 70 51 55 83 21 2 11 32 91 65 94 5 3 84 39 100 91 68 89 95 50 67 14 96 46 86 16 24 76 21 2 25 5 3 85 33 46
split_gain=247.53 280.952 265.39 264.811 250.256 244.807 232.131 228.145 273.359 222.857 219.507 244.386 219.056 215.633 208.757 207.814 207.057 204.082 201.537 234.289 201.517 199.126 288.978 199.059 195.971 193.172 190.964 181.103 190.377 179.428 170.473 169.968 169.742 167.141 162.683 161.012 160.707 159.305 157.138 158.394 154.933 154.617 185.949 205.102 151.645 151.037
threshold=-0.040996600468076592 1.0000000180025095e-35 -0.022646432486360998 0.0055293265835266005 0.087590834189241212 -0.069690187933493089 -0.0083400752044274981 -0.026530157796569896 0.043986972928689312 -0.025535143848342396 0.061578974847598202 0.015051021011425402 0.027409266940312201 -0.05534494268742244 -0.042595275058382141 -0.10246340893092402 -0.047472916094325295 0.031737420253815256 -0.025371243229816647 0.0072961179750754513 0.031675543499455908 -0.00059863951889184994 -0.023947140410492795 0.0084592488706331532 -0.97464999999999991 0.056117566137694704 -0.016450028442428346 -0.0083662226606372476 0.03530601435568665 0.026114993176609202 -0.0099507752442682482 0.00042180899969925006 -0.014737030239153699 -0.053390025877482941 -0.026727794336717094 0.018039915719085756 0.024195610504655702 -0.07852698143056748 -0.11763871127020718 0.0047600614694180013 0.022335075408671353 -0.060790286866269048 0.035439392551654757 -0.021867503810342245 0.050619977664234504 0.092945564946806711
decision_type=2 2 2 2 2 2 2 2 2 2 2 2 2 2 2 2 2 2 2 2 2 2 2 2 2 2 2 2 2 2 2 2 2 2 2 2 2 2 2 2 2 2 2 2 2 2
left_child=16 4 5 18 9 -3 13 8 21 12 11 25 35 32 41 29 -1 24 27 23 -6 44 -23 -20 -17 38 33 -4 -29 -16 -22 -24 -5 -25 -18 -2 -19 40 39 -11 -21 42 43 -9 -7 -13
right_child=1 2 3 6 20 7 -8 14 -10 10 -12 45 -14 -15 15 17 34 36 19 37 30 22 31 26 -26 -27 -28 28 -30 -31 -32 -33 -34 -35 -36 -37 -38 -39 -40 -41 -42 -43 -44 -45 -46 -47
leaf_value=-0.016246976711285575 -0.012951757681775205 0.020838660623790445 -0.051757854369241234 0.018197981282394419 0.037801826971310994 -0.088982296356891213 0.015593285766826247 0.039990677603896865 0.022793888183752296 0.014624511241447893 -0.025120705311665169 0.01700847828197485 -0.037635967486016511 -0.00085377295035145967 -0.15537698535718622 -0.16845980090478996 0.03947434445883527 -0.029424314919904812 -0.0024313917110763 -0.0093564763638331744 -0.049620353987481568 0.045347836929802252 -0.019429131662683369 -0.21231665821727613 -0.010382974300526553 -0.037082434550744704 -0.016892115565600684 -0.0030046205118871316 -0.080096096654407659 0.0095219730848397077 0.02400893540850918 -0.087644820647883884 -0.07993620408537272 -0.054327037702228229 0.011425790231928438 0.014133072223270423 -0.11213224943805229 0.012930404445163633 0.0041552481066877787 -0.15138252960644311 -0.23387077154083122 0.021807674787443377 0.020052929838738801 -0.15362633296792083 0.016326543371431482 0.086451095113064008
leaf_weight=1724 5594 1315 1624 208 3004 1206 9757 66 486 88 1971 9645 2046 5917 178 68 2410 536 5631 66 486 342 687 61 5675 1059 2673 2291 313 83 609 580 556 990 6799 2849 325 5397 22631 112 44 1906 234 162 130 277
leaf_count=1724 5594 1315 1624 208 3004 1206 9757 66 486 88 1971 9645 2046 5917 178 68 2410 536 5631 66 486 342 687 61 5675 1059 2673 2291 313 83 609 580 556 990 6799 2849 325 5397 22631 112 44 1906 234 162 130 277
internal_value=-3.01061e-06 -0.00145341 -0.00641517 -0.00215524 0.00342297 -0.0172407 0.00647303 -0.0211962 -0.0416181 0.0014769 0.00496192 0.00671613 -0.0104107 -0.00684434 -0.0136048 -0.0217957 0.0132455 -0.0185827 -0.00958556 -0.00450155 0.0253864 -0.0522535 -0.030256 -0.0134364 -0.0122653 0.00163402 -0.0300718 -0.0274518 -0.012284 -0.102933 -0.00866232 -0.05068 -0.0532044 -0.0635649 0.0187686 -0.00381049 -0.0606866 0.010674 0.00343089 -0.0783546 -0.0996588 0.0101351 -0.0379746 -0.0975396 -0.0787237 0.018951
internal_weight=110811 99878 49507 35528 50371 13979 16438 12664 3431 46272 35783 33812 10489 6681 9233 6865 10933 6604 19090 14862 4099 2945 1609 9355 5743 23890 3724 4228 2604 261 1095 1267 764 1051 9209 8443 861 5507 22831 200 110 2368 462 228 1336 9922
internal_count=110811 99878 49507 35528 50371 13979 16438 12664 3431 46272 35783 33812 10489 6681 9233 6865 10933 6604 19090 14862 4099 2945 1609 9355 5743 23890 3724 4228 2604 261 1095 1267 764 1051 9209 8443 861 5507 22831 200 110 2368 462 228 1336 9922
is_linear=0
shrinkage=0.092745


Tree=74
num_leaves=47
num_cat=0
split_feature=68 15 24 11 55 2 24 43 83 29 28 1 31 57 58 44 75 39 10 34 39 28 28 33 55 18 76 90 0 92 33 16 63 12 74 65 88 89 11 27 70 45 38 3 6 29
split_gain=244.545 306.672 267.391 251.071 288.393 315.255 314.897 258.182 249.923 248.161 245.824 227.406 231.508 228.533 224.97 221.543 230.545 218.081 215.052 213.214 213.474 210.273 207.174 206.161 209.462 201.945 198.546 193.363 188.086 187.028 185.836 180.413 177.829 176.152 173.756 172.422 168.527 168.518 162.509 164.633 162.018 158.944 215.889 188.561 155.982 153.328
threshold=0.035371000782734759 -0.11688891795680724 0.10994557259447872 0.064238670046360621 -0.0049400827932722493 0.0097342392611096517 0.040753127502359605 0.029960345263965956 -0.029325946474098998 0.072194227620593812 -0.034021272143954444 -0.044301035557139538 -0.025965589957188246 0.03515252216301281 -0.012915162866197647 -0.0052759947841290993 0.089763778272768116 -0.064510821965487436 -0.059842700716012442 0.06525596634073956 0.0084592488706331532 0.05810655260572601 0.049576637521498157 0.0088949594191038012 0.035359718766010802 0.017220887894809255 0.010394782495971302 0.017481398653174305 0.15099113442536385 -0.012858306854553048 0.022113339121187753 0.0074094719295158011 0.036758287688070553 0.17167377337958464 0.039654093762474509 0.016749106253747304 0.074528683581670058 -0.0051257296783809988 -0.049676999189882297 0.0042173975474003008 -0.013189373237492448 0.03604189981708366 0.014121368940325651 -0.096041086116257737 -0.017320601142795447 0.0078753955940765522
decision_type=2 2 2 2 2 2 2 2 2 2 2 2 2 2 2 2 2 2 2 2 2 2 2 2 2 2 2 2 2 2 2 2 2 2 2 2 2 2 2 2 2 2 2 2 2 2
left_child=1 -1 28 4 5 11 9 17 34 15 23 14 32 31 -3 19 33 -7 -10 20 -6 -20 -15 24 44 -11 35 -4 29 36 -28 -14 -13 -17 -9 -19 -2 40 -27 -40 -16 42 -12 -43 -8 -44
right_child=2 3 27 -5 6 7 10 8 18 25 41 12 13 22 37 16 -18 26 21 -21 -22 -23 -24 -25 -26 38 30 -29 -30 -31 -32 -33 -34 -35 -36 -37 -38 -39 39 -41 -42 43 45 -45 -46 -47
leaf_value=-0.045070467727489821 -0.025022183104766612 0.028310989472274183 -0.029819867931936996 0.012956421164892755 0.011361015537767149 0.028944177757122058 -0.13049357261814157 0.02725856908034905 -0.12156521656358008 -0.0057770210702099431 0.0020849492447204358 -0.021030254965887441 -0.0069024728347825606 -0.046602211044896459 -0.048315430637419714 0.013739481539743395 0.09285271789278586 -0.0323850678337647 -0.049834535302656711 -0.050128964866787792 -0.011318369622602825 0.034867724630071158 0.072711014246942748 -0.0044289672389366984 -0.0016317923804008345 0.015566458179245643 -0.0091966585475205826 -0.2114479624842778 0.018686471766785461 0.010020598810621466 0.038907882537759821 0.022626558918817638 -0.079719296018447003 -0.11755719782896151 -0.099564613647286221 -0.0031252309848119613 -0.21075517750639 0.013635537622451401 -0.1314676746879235 -0.019002424638450959 -0.0015401887988190353 -0.107075808288118 -0.017692328652422415 0.034936363843496326 -0.056133927806358404 -0.077253471581170491
leaf_weight=1386 1477 3493 158 9755 8588 1043 370 654 323 1484 3240 2856 4430 1316 977 18973 317 5665 2669 709 6109 278 138 904 381 154 2925 74 11032 2824 904 2974 526 88 108 2497 43 3061 330 170 1831 86 1016 1178 710 587
leaf_count=1386 1477 3493 158 9755 8588 1043 370 654 323 1484 3240 2856 4430 1316 977 18973 317 5665 2669 709 6109 278 138 904 381 154 2925 74 11032 2824 904 2974 526 88 108 2497 43 3061 330 170 1831 86 1016 1178 710 587
internal_value=-3.13631e-06 -0.00176738 0.0107571 -0.00112737 -0.00276192 -0.00864778 0.00225155 -0.0180694 -0.0385802 0.00595203 -0.0138736 -0.00120376 -0.00952643 -0.00164314 0.0096759 0.00783746 0.0144371 -0.0117227 -0.0497265 -0.000462879 0.00193307 -0.0418371 -0.0352567 -0.0392592 -0.0607961 -0.0247135 -0.0152617 -0.0880004 0.0122497 -0.00409423 0.00215898 0.00495717 -0.0301681 0.0131308 0.00923518 -0.0234357 -0.030324 -0.0014135 -0.0676402 -0.0932894 -0.017823 -0.0040392 -0.0116851 0.0252414 -0.0816494 -0.0395213
internal_weight=110811 95203 15608 93817 84062 38668 45394 17066 4032 36922 8472 21602 12240 8858 9362 34784 19378 13034 3270 15406 14697 2947 1454 2365 1461 2138 11991 232 15376 4344 3829 7404 3382 19061 762 8162 1520 5869 654 500 2808 6107 4843 1264 1080 1603
internal_count=110811 95203 15608 93817 84062 38668 45394 17066 4032 36922 8472 21602 12240 8858 9362 34784 19378 13034 3270 15406 14697 2947 1454 2365 1461 2138 11991 232 15376 4344 3829 7404 3382 19061 762 8162 1520 5869 654 500 2808 6107 4843 1264 1080 1603
is_linear=0
shrinkage=0.092745


Tree=75
num_leaves=47
num_cat=0
split_feature=9 6 13 11 31 3 7 4 14 20 48 95 31 10 0 12 100 3 22 74 4 35 87 66 71 29 93 42 76 11 20 60 4 97 7 91 45 41 21 44 19 1 42 96 4 67
split_gain=240.682 286.892 255.843 234.509 222.35 272.889 250.554 292.983 367.691 263.635 254.415 263.772 210.59 206.494 239.908 205.619 200.248 195.34 188.136 172.076 170.398 179.524 155.559 154.425 158.817 153.703 202.984 153.024 157.127 152.889 152.559 151.683 148.571 194.638 144.891 166.245 171.877 144.336 144.119 143.802 141.71 175.758 149.136 139.001 138.423 178.724
threshold=0.034612091758803705 0.15112493867595647 0.080261914879065061 -0.11004754385454064 -0.065774105952506684 0.076787835299662863 -0.0048574820301523491 0.045790275984874861 -0.048213164611394042 0.058516445204376606 -0.026199855165483198 0.049657209297615058 -0.021840030130714897 -0.10871470502633969 0.21633676085698483 0.086128518511541421 -0.97184999999999988 -0.088985300486329535 -0.059720986629414295 -0.0096202836827504485 -0.087411777680381345 -0.016388392978548095 0.027483261200013803 0.0058037053255697016 -0.028447075217860097 0.049306227442197106 0.011230399223938502 -0.083590331011049082 0.019559935006290302 0.035064526129068407 0.077344779130540373 0.060676219462956808 -0.015090170170945898 -0.022789219975026694 -0.0087150917034061973 0.019434223829490952 -0.0013809661759755499 -0.016002516740653495 -0.10878881064727379 -0.0094604747395729497 0.03307660682039331 -0.077906377262156185 0.020316782826909203 -0.025795984949814197 -0.13769199117331887 0.017204661324834652
decision_type=2 2 2 2 2 2 2 2 2 2 2 2 2 2 2 2 2 2 2 2 2 2 2 2 2 2 2 2 2 2 2 2 2 2 2 2 2 2 2 2 2 2 2 2 2 2
left_child=1 2 3 25 27 6 10 8 -8 -9 11 -6 -7 32 15 18 -12 29 -15 -20 21 -14 31 24 -19 26 34 28 -5 -16 -3 37 33 -2 35 36 -1 -21 -29 -36 -26 -42 -43 -41 -24 -46
right_child=13 30 -4 4 5 12 7 9 -10 -11 16 -13 20 14 17 -17 -18 23 19 22 -22 -23 44 -25 40 -27 -28 38 -30 -31 -32 -33 -34 -35 39 -37 -38 -39 -40 43 41 42 -44 -45 45 -47
leaf_value=-0.047483886913232132 -0.10671344690080595 0.048799352714981516 0.022909075789301642 -0.0032620681331656663 0.029171084704448895 -0.0086248667437509793 0.014388792292128905 0.021425041417358306 -0.013130724834767312 -0.041549137789133217 -0.10372983744684712 -0.049501216933506495 -0.098048642645551271 0.030806470727455165 -0.04334401177230484 -0.060596848475359864 0.0033021843784753931 0.031154481699713774 0.00026409936672946478 0.0060707628575672147 0.033392017905396254 0.05902549277272006 0.058408390225379837 0.027143578094802789 0.0035495539735330402 -0.08205291792836665 -0.060000705771483767 -0.16742510737373459 0.099231099608599549 0.014941495080270036 -0.071635977974776749 -0.094178558703170767 -0.078154372621868196 0.017449180564514589 0.026981684080157321 0.10270796623701366 0.055229359059434456 -0.023163059616194914 -0.022901589325603142 0.06477096176729441 0.014227588857516602 -0.04325062377934976 -0.15080661925143601 -0.12120221286768462 -0.083294641405934081 -0.0042628186700330271
leaf_weight=283 143 1486 4585 516 5575 1653 5039 5140 24374 643 151 392 175 869 1109 757 24328 1104 4767 2116 4883 97 91 3235 2328 394 637 60 171 594 96 209 600 448 160 195 277 4629 4006 42 374 566 138 189 838 349
leaf_count=283 143 1486 4585 516 5575 1653 5039 5140 24374 643 151 392 175 869 1109 757 24328 1104 4767 2116 4883 97 91 3235 2328 394 637 60 171 594 96 209 600 448 160 195 277 4629 4006 42 374 566 138 189 838 349
internal_value=-3.29124e-06 0.00234551 0.00160805 0.000377446 0.00122417 0.0024992 0.000665861 -0.00466317 -0.00841556 0.014419 0.00682673 0.0239983 0.0201733 -0.00795711 -0.00609114 -0.013533 0.00264019 0.00542701 -0.0109617 -0.0137557 0.0294103 -0.04198 -0.0218756 0.0116816 0.000586755 -0.0296398 -0.0180388 -0.0182073 0.0222601 -0.0230071 0.0414708 -0.0164059 -0.0456509 -0.0126075 0.00528284 0.0290224 0.00330039 -0.0139901 -0.0250492 -0.0405098 -0.00931906 -0.0371158 -0.064406 -0.0872917 -0.0516174 -0.0600759
internal_weight=110811 85547 83965 79380 77203 72450 65642 35196 29413 5783 30446 5967 6808 25264 24073 14625 24479 9448 13868 12999 5155 272 8232 7745 4510 2177 1783 4753 687 1703 1582 6954 1191 591 1146 755 560 6745 4066 391 3406 1078 704 231 1278 1187
internal_count=110811 85547 83965 79380 77203 72450 65642 35196 29413 5783 30446 5967 6808 25264 24073 14625 24479 9448 13868 12999 5155 272 8232 7745 4510 2177 1783 4753 687 1703 1582 6954 1191 591 1146 755 560 6745 4066 391 3406 1078 704 231 1278 1187
is_linear=0
shrinkage=0.092745


Tree=76
num_leaves=47
num_cat=0
split_feature=60 49 77 22 52 90 11 67 33 94 87 14 7 61 76 55 16 1 91 94 100 10 100 6 3 7 69 89 97 75 56 28 25 93 81 94 89 15 39 26 40 19 74 50 55 13
split_gain=229.532 267.296 253.31 239.435 236.96 235.907 235.674 234.527 231.414 251.492 206.376 194.314 192.298 269.82 205.183 181.939 197.874 178.209 217.385 184.254 201.658 169.706 168.193 167.916 182.902 186.091 162.629 165.308 191.88 160.107 158.578 152.77 150.042 146.887 145.607 145.177 138.357 135.543 135.491 140.145 133.72 131.939 139.164 131.635 149.342 144.281
threshold=0.049618456381192604 0.032010921868078406 -0.0025984990746488997 -0.00046515868051304996 -0.024410363972578095 0.053192843494836058 -0.15516119816725618 0.0021631697717355005 0.024627892521521554 -0.044929577537112346 -0.031438345978833791 -0.053006442792844992 -0.0057703504415643489 -0.016336599072404995 -0.084053884084150779 0.015406104867644951 -0.017732265348509246 -0.10929477172956968 0.062609973277543321 0.0031894576691736004 -0.97184999999999988 -0.037213499050451938 0.78475000000000017 -0.022324246627653744 0.052585647126599556 0.041940620523972703 -0.01330814648441815 0.029530999516220704 -0.04548050215391939 0.020873810466694603 -0.0032442561282877993 0.0082437341746937013 -0.058830936457516844 0.053697627945000208 -0.057462615664611895 -0.043048018757338942 -0.021533430691491096 -0.075025603548725089 -0.052212668232775643 0.058899681403380658 -0.029722003807994144 0.054806575663063205 0.023409406843573951 0.025107081996487157 0.053934324543241756 0.016556027699430206
decision_type=2 2 2 2 2 2 2 2 2 2 2 2 2 2 2 2 2 2 2 2 2 2 2 2 2 2 2 2 2 2 2 2 2 2 2 2 2 2 2 2 2 2 2 2 2 2
left_child=1 2 5 8 -2 10 -3 11 9 31 -1 29 -11 14 -14 16 38 21 19 20 -19 -12 -15 -6 25 -25 27 -9 -29 -8 -5 37 -18 -28 -7 -23 -21 -4 -13 -40 -17 42 -33 -32 -45 -46
right_child=4 6 3 30 23 34 7 26 -10 12 17 15 13 22 -16 40 32 18 -20 36 -22 35 -24 24 -26 -27 33 28 -30 -31 43 41 -34 -35 -36 -37 -38 -39 39 -41 -42 -43 -44 44 45 -47
leaf_value=0.024109292802878227 0.013203396097930387 -0.07828615397069516 -0.23646859964542102 -0.0040142834048481485 -0.0044782607720825476 -0.083425096347587283 0.011711102964337012 -0.0059807774052144814 0.016209041398694331 0.0082465836439498917 0.063882485394110289 0.034535647326514235 -0.15656815973679974 -0.030069931707349992 0.016492858060049038 -0.025659500529609157 -0.070954220360180953 -0.084762609158138616 -0.045242665686029249 -0.0044260351833710918 -0.0024493059445887125 0.089673912115601315 0.014977368228935119 -0.030681994821620838 0.0023460191097330121 -0.080467843825274027 0.036144492743401237 -0.10478134422610844 0.074253251998913 0.074088280858549516 -0.015211278212302504 -0.020029801057976575 0.005317877236961064 -0.039616359879144657 -0.014148144348029206 0.0057002035533650153 0.017128944237240411 -0.061437113220791588 -0.058451944377450056 0.03589819845303998 0.029180859684931493 -0.13749265093541846 0.093737089200725099 -0.046032084203855149 0.094646042555942736 -0.069965390975213315
leaf_weight=4913 2168 246 40 8754 2942 290 1138 2141 6016 8274 735 187 60 4757 2598 486 240 260 831 3542 15642 193 838 2601 978 860 5447 58 440 514 8470 345 2891 229 2598 2121 9243 725 1361 150 1788 58 126 2316 131 70
leaf_count=4913 2168 246 40 8754 2942 290 1138 2141 6016 8274 735 187 60 4757 2598 486 240 260 831 3542 15642 193 838 2601 978 860 5447 58 440 514 8470 345 2891 229 2598 2121 9243 725 1361 150 1788 58 126 2316 131 70
internal_value=-3.17545e-06 0.00129293 -0.000871079 -0.00577464 -0.0137487 0.00442207 0.0117844 0.0130845 0.000481014 -0.00482785 0.00639047 0.00248829 -0.00174376 -0.0117611 0.0125648 -0.00417376 -0.014361 0.00371684 0.00151127 0.00286654 -0.0037975 0.0250628 -0.02332 -0.0216673 -0.0330555 -0.0430625 0.0242394 0.00521033 0.0533264 0.0311367 -0.0133289 -0.0441983 -0.000530172 0.0330837 -0.0211169 0.0127202 0.0111562 -0.0706917 -0.0398517 -0.0490716 0.0174526 -0.0058422 0.010414 -0.0207488 -0.0393739 0.037233
internal_weight=110811 101262 83946 43578 9549 40368 17316 17070 23837 17821 37480 8755 16527 8253 2658 7103 4829 32567 29518 28687 15902 3049 5595 7381 4439 3461 8315 2639 498 1652 19741 1294 3131 5676 2888 2314 12785 765 1698 1511 2274 529 471 10987 2517 201
internal_count=110811 101262 83946 43578 9549 40368 17316 17070 23837 17821 37480 8755 16527 8253 2658 7103 4829 32567 29518 28687 15902 3049 5595 7381 4439 3461 8315 2639 498 1652 19741 1294 3131 5676 2888 2314 12785 765 1698 1511 2274 529 471 10987 2517 201
is_linear=0
shrinkage=0.092745


Tree=77
num_leaves=47
num_cat=0
split_feature=33 9 6 7 63 1 18 25 39 11 59 5 82 3 30 31 2 6 4 94 22 48 33 46 34 22 7 3 69 6 62 62 21 25 16 27 60 38 14 47 16 4 36 78 79 59
split_gain=222.937 263.448 251.886 270.15 332.795 358.583 330.418 380.228 313.578 282.714 260.449 232.987 266.375 221.702 221.259 217.629 215.911 291.319 201.633 218.33 213.315 220.444 178.75 174.607 174.375 191.917 181.673 175.401 170.925 162.916 242.817 161.218 155.784 178.169 154.961 183.797 154.667 153.79 171.69 157.019 152.27 147.927 147.262 145.461 144.23 142.261
threshold=0.079373605516381562 0.075766933679636966 0.080517586630757573 -0.013196052642705647 -0.04193237585011609 -0.05287900296199944 -0.054455145118061543 -0.017450150439867047 -0.075922219258908186 -0.027891336391990297 -0.034636055804446342 0.032318947704015458 -0.0054048985784789991 -0.072599118313715238 0.020363560197215802 0.022402197703479256 -0.065636685617632834 -0.0027711968798140997 -0.13769199117331887 -0.034735323223336646 0.038807683360911706 0.013257179826497302 -0.004443840376968349 -0.018206035402671895 -0.0027740081870449994 0.12321720280708771 -0.041250738774449743 0.13083336982658827 0.031071377721977704 -0.13395046010687617 -0.027288185778674496 0.0077264098060446009 0.036566295319370057 0.024748990880106906 -0.0026031194076090495 -0.023841755025479597 0.080608879100337302 0.0123939901159164 0.078525738631493022 0.063853834902356466 -0.033606733722487549 0.048883500584083306 -0.062593441414623793 -0.022275799867332548 -0.074134989934320647 0.047208674597568757
decision_type=2 2 2 2 2 2 2 2 2 2 2 2 2 2 2 2 2 2 2 2 2 2 2 2 2 2 2 2 2 2 2 2 2 2 2 2 2 2 2 2 2 2 2 2 2 2
left_child=1 2 3 15 36 9 32 8 -8 16 -4 22 -13 43 -9 18 -6 -18 -1 23 21 -21 -12 -20 -3 26 27 -26 44 30 -17 42 33 -7 -33 -36 -5 38 -28 -39 -22 -15 -24 -11 -14 -2
right_child=45 24 10 4 5 6 7 14 -10 13 11 12 28 41 -16 29 17 -19 19 20 40 -23 31 -25 25 -27 37 -29 -30 -31 -32 34 -34 -35 35 -37 -38 39 -40 -41 -42 -43 -44 -45 -46 -47
leaf_value=0.03523562162016796 0.027607709101027056 -0.0017026520682237227 0.049987111038833389 0.020070969626703444 0.029467175874430433 0.012651513637151422 0.054646444687730368 -0.0039131366007523144 -0.037569224264027638 0.021100974170166573 0.03552323620123992 0.026831102204929874 0.083853812319958684 0.0075627422439278474 -0.028296617151393973 0.045769819290559489 -0.058604417602981518 -0.0057129713513999255 -0.054254496386950977 0.012578789267212774 0.018278291478881329 -0.0083476810057218995 0.14694324804000439 -0.0079946653587150956 -0.01223091768230619 -0.18215685792345751 -0.03210070779618588 0.094393476079103228 0.025299164700785127 0.019675609560226359 -0.17403836466095585 0.01040242438118196 0.042376817991249684 -0.063684250956446017 -0.12905153891454949 -0.019735085162658376 -0.044984269992007955 -0.060350558791272477 0.083650620376747711 -0.21474038248993788 -0.02978985802966206 0.0312720177632567 0.013470850896039575 -0.040167325012770219 -0.074749505439956523 -0.020093531227221864
leaf_weight=1418 3689 4021 1556 5247 704 1373 330 13312 7954 466 2553 639 52 8602 4215 81 1475 2282 1060 13813 724 6306 74 2079 1969 68 1609 142 220 8624 92 519 1138 325 208 364 334 982 118 60 2604 3073 1679 1167 862 629
leaf_count=1418 3689 4021 1556 5247 704 1373 330 13312 7954 466 2553 639 52 8602 4215 81 1475 2282 1060 13813 724 6306 74 2079 1969 68 1609 142 220 8624 92 519 1138 325 208 364 334 982 118 60 2604 3073 1679 1167 862 629
internal_value=-3.10575e-06 -0.00084092 0.000557888 -0.000919538 -0.00522326 -0.00779631 -0.0142165 -0.0175184 -0.0338923 0.00255348 0.0155937 0.00812615 -0.0210369 0.00932732 -0.00977817 0.00516092 -0.0176504 -0.0264847 0.00116294 -0.000654215 0.00242055 0.006019 0.0177098 -0.0236239 -0.0160518 -0.0277092 -0.0255437 -0.00504039 -0.0480221 0.0178859 -0.0711378 0.00171228 0.015829 -0.00195949 -0.026269 -0.0595549 0.0161731 -0.0411678 -0.0241714 -0.06931 -0.019328 0.0138051 0.019136 -0.0226745 -0.0656878 0.0206551
internal_weight=110811 106493 97524 88798 51997 46416 28647 25811 8284 17769 8726 7170 1773 13308 17527 36801 4461 3757 28004 26586 23447 20119 5397 3139 8969 4948 4880 2111 1134 8797 173 2844 2836 1698 1091 572 5581 2769 1727 1042 3328 11675 1753 1633 914 4318
internal_count=110811 106493 97524 88798 51997 46416 28647 25811 8284 17769 8726 7170 1773 13308 17527 36801 4461 3757 28004 26586 23447 20119 5397 3139 8969 4948 4880 2111 1134 8797 173 2844 2836 1698 1091 572 5581 2769 1727 1042 3328 11675 1753 1633 914 4318
is_linear=0
shrinkage=0.092745


Tree=78
num_leaves=47
num_cat=0
split_feature=38 9 95 24 0 39 16 84 67 0 6 13 9 31 19 64 42 0 89 46 34 1 71 66 76 0 97 49 90 49 95 50 15 53 65 23 33 0 7 39 5 30 61 93 13 72
split_gain=223.053 228.033 218.378 224.045 224.89 379.884 299.108 216.724 226.094 212.969 209.582 205.551 222.152 195.365 193.912 193.093 229.517 211.196 183.072 180.913 216.987 178.713 203.749 177.879 228.855 225.029 192.477 173.219 185.645 172.081 186.363 167.319 167.01 166.052 205.957 187.033 180.603 163.147 175.284 163.086 159.599 166.502 155.531 167.367 155.393 153.704
threshold=0.017059647172344952 -0.11534681073594064 0.049657209297615058 0.074672856087230108 0.15099113442536385 0.01277678049237225 0.019682215323277952 0.023953847716560103 0.0086764508490930013 0.10726827899964567 -0.062462079758928792 0.013692691688807551 0.031334909680231157 -0.075696607272197333 0.015441698543782552 0.046917717067941352 0.067237093295024766 0.081605648293037972 0.032464090237608108 -0.022283922810316045 0.051907964861713458 -0.024627921359129699 -0.028955856060428598 -0.012101446816800648 0.0038910926048804505 0.25226160816067028 0.036268059736514056 -0.0025285152082297497 0.013265102401196152 0.029267893665106504 0.046959009051138208 -0.018947406922885997 -0.016951046635354145 0.025086197746626956 -0.0079086476211727482 0.033400921644199805 0.076689110744080455 0.21906180091176916 0.020063640269672504 0.039880675487831155 0.03588796108441266 -0.018410831723040099 -0.015635547129296146 0.00088031208076605005 0.0062040489165249508 -0.019992777866700596
decision_type=2 2 2 2 2 2 2 2 2 2 2 2 2 2 2 2 2 2 2 2 2 2 2 2 2 2 2 2 2 2 2 2 2 2 2 2 2 2 2 2 2 2 2 2 2 2
left_child=7 -2 3 4 5 10 27 8 15 -5 -3 -6 13 -13 29 16 33 -18 -19 21 -21 -9 -23 24 42 26 -25 -7 -29 30 -10 -24 44 35 37 36 -1 38 -35 -15 -37 -42 -16 -44 -28 -14
right_child=1 2 -4 9 11 6 -8 19 14 -11 -12 12 45 39 23 -17 17 18 -20 20 -22 22 31 25 -26 -27 32 28 -30 -31 -32 -33 -34 34 -36 40 -38 -39 -40 -41 41 -43 43 -45 -46 -47
leaf_value=-0.002165912660543137 0.037638450457277303 -0.093959218405359923 -0.034874812195630663 -0.19622053250384516 -0.0059447537732176016 -0.031116654831195602 0.0064241810141651215 -0.0065634635123847304 0.016700176085656725 -0.031297197027931448 0.0016449827606232524 -0.060013276318084952 0.028407297890668391 0.018292238560973919 0.0014486408059748949 0.02251642099532573 -0.20078098086806592 -0.047446475121051677 0.036914935190261275 0.0033011702889526929 -0.038639224785200092 0.010896736666047251 -0.020236401573118682 0.0096043095487740628 0.013181964017598514 0.0597002672247995 -0.21303653629302072 -0.060110114833604927 -0.14052763397375839 0.038258911632113708 -0.030639785329990437 -0.084874172290068217 -0.012252210921777109 -0.024614507577387763 0.0017152022014772944 0.025210383477394304 0.042750465732358578 0.0089445778814528937 -0.079096879050330235 0.056843412009732419 0.026007548127824381 -0.057423381306291647 -0.020712199400988455 -0.093454829590605512 -0.02061875842069593 -0.02380898999241176
leaf_weight=19137 988 204 2341 70 11628 1103 836 2597 11340 1643 5709 232 660 4276 511 3244 65 1063 279 11094 1173 447 553 3818 1163 705 89 938 336 3084 763 917 261 1556 3894 4824 802 690 755 1212 382 445 499 600 61 1824
leaf_count=19137 988 204 2341 70 11628 1103 836 2597 11340 1643 5709 232 660 4276 511 3244 65 1063 279 11094 1173 447 553 3818 1163 705 89 938 336 3084 763 917 261 1556 3894 4824 802 690 755 1212 382 445 499 600 61 1824
internal_value=-2.87976e-06 -0.00625723 -0.00757169 -0.00548699 -0.00355836 -0.0156068 -0.0412754 0.00276541 0.00537023 -0.0380762 -0.00165546 0.00198538 0.0132267 0.0232843 0.0126194 0.000900767 -0.00116796 -0.037837 -0.0298936 -0.00655182 -0.000708965 -0.022426 -0.0439039 0.00063558 -0.0181561 0.0112001 0.0031081 -0.058056 -0.0813566 0.0186998 0.013714 -0.060576 -0.0571703 0.000420155 -0.0123534 0.00386252 -0.000357985 -0.0306114 -0.0424273 0.0268111 0.0187558 -0.0188736 -0.0408003 -0.0604525 -0.135065 -0.00992793
internal_weight=110811 34000 33012 30671 28958 9126 3213 76811 60030 1713 5913 19832 8204 5720 22894 37136 33892 1407 1342 16781 12267 4514 1917 7707 2773 4934 4229 2377 1274 15187 12103 1470 411 32485 6895 25590 19939 3001 2311 5488 5651 827 1610 1099 150 2484
internal_count=110811 34000 33012 30671 28958 9126 3213 76811 60030 1713 5913 19832 8204 5720 22894 37136 33892 1407 1342 16781 12267 4514 1917 7707 2773 4934 4229 2377 1274 15187 12103 1470 411 32485 6895 25590 19939 3001 2311 5488 5651 827 1610 1099 150 2484
is_linear=0
shrinkage=0.092745


Tree=79
num_leaves=47
num_cat=0
split_feature=42 21 69 20 94 26 85 81 83 76 62 26 34 51 21 62 60 6 9 67 22 24 2 90 22 58 93 96 13 8 28 11 92 41 32 78 66 17 5 29 46 64 39 39 46 77
split_gain=214.888 245.134 238.962 211.209 258.01 214.415 235.269 212.45 208.759 204.731 208.74 193.767 185.86 218.441 252.555 211.247 185.073 199.783 196.776 180.78 179.288 225.048 174.003 177.576 171.503 166.717 161.025 160.681 158.874 158.203 209.067 159.919 190.988 167.461 155.866 154.924 154.443 153.329 148.026 147.404 146.828 186.191 144.146 145.639 160.754 169.251
threshold=-0.052039717343032942 -0.057816508389308491 0.0032740027469544504 0.042243451051296461 -0.043981909836815693 -0.091948524763022996 0.042241505923342956 -0.0056238487956335988 -0.015060626690998049 -0.025346799815942747 -0.013814286537055949 0.092827874771053615 -0.031210053267500946 0.00066835205292065005 0.047493066980124309 0.013723886813736251 0.0067072272300777508 0.10253126667131586 0.0032962987332410005 0.032874871495000256 0.032865081824452559 0.051083644951331754 0.014751504694595052 -0.0011379004459432997 0.095429370441215702 0.024075720398943356 -0.035755646627429839 0.0083565929203615018 0.13316603177033912 -0.10288318913157178 0.05593522980630896 0.024977767250954155 -0.018473618954178896 0.0073323823419846014 -0.03863926052064634 -0.030265727021138347 -0.0041568360056238995 0.013025615659925252 -0.010424130588966447 -0.10282473433565557 0.057162676924289405 0.042291239686600708 0.0019284449243562004 0.013557580056249753 -0.018595971630186444 -0.027576970637524945
decision_type=2 2 2 2 2 2 2 2 2 2 2 2 2 2 2 2 2 2 2 2 2 2 2 2 2 2 2 2 2 2 2 2 2 2 2 2 2 2 2 2 2 2 2 2 2 2
left_child=36 9 3 4 8 6 -6 42 -3 10 -2 16 -7 15 -15 -14 17 20 19 25 21 27 23 -12 -20 35 -24 -4 29 30 34 32 40 37 -11 -18 39 -34 -23 -1 41 -31 -5 -44 45 -45
right_child=1 2 11 7 5 12 -8 -9 -10 28 22 -13 13 14 -16 -17 18 -19 24 -21 -22 38 26 -25 -26 -27 -28 -29 -30 31 -32 -33 33 -35 -36 -37 -38 -39 -40 -41 -42 -43 43 44 -46 -47
leaf_value=0.10205334765230704 0.00068781210172209396 0.0075749762374370151 0.021531636929614774 -0.016388929846050365 -0.030388444230723906 0.015588165834671633 -0.19592074528346179 -0.0043636799337037928 -0.04349180788644167 -0.22320172271501676 -0.087010558002400401 0.054960037856560832 0.013453043012710173 -0.014291922521164145 0.023708837169873626 -0.008758482431495497 0.040901996960257876 0.042177777845264962 -0.012607815702909532 0.032575882774250838 -0.0094257292828771825 0.01135281171752358 0.01060845214130606 0.011537440158171385 -0.1117804882485168 -0.02742055083126561 -0.12353704017401901 0.0032500747501626689 0.078575104764903023 -0.044797447099752308 0.13272857490354811 0.01415945745388694 -0.038246955052789106 0.022560295689889865 -0.062662530765146759 7.3141115022394099e-05 0.023708604030914088 0.015372800506551388 -0.039031152605734538 -0.0019461628848581516 0.092801753670912743 -0.17441026322558087 -0.10099057781816283 0.020277256236656171 -0.014381880507846017 -0.10877223965375067
leaf_weight=120 606 1014 10820 1843 455 6518 88 4424 2142 68 283 662 10622 12926 1702 5637 948 1501 7084 1745 4483 864 91 353 153 1572 491 6697 174 1025 37 1963 1461 1145 222 5096 5347 668 1194 4608 59 105 422 112 867 394
leaf_count=120 606 1014 10820 1843 455 6518 88 4424 2142 68 283 662 10622 12926 1702 5637 948 1501 7084 1745 4483 864 91 353 153 1572 491 6697 174 1025 37 1963 1461 1145 222 5096 5347 668 1194 4608 59 105 422 112 867 394
internal_value=-2.93654e-06 -0.0012947 0.000116318 -0.00429497 -0.00160244 0.000516339 -0.057329 -0.0180206 -0.0270809 -0.0161275 -0.0437717 0.0051818 0.00135686 -0.001646 -0.00986914 0.00575144 0.00439944 0.00935156 -0.00322547 0.00565248 0.00730246 0.0111343 -0.0658981 -0.0323112 -0.0147107 -0.000515491 -0.102544 0.0145433 -0.00884477 -0.0111025 -0.0740074 -0.0078962 -0.0176005 -0.00603217 -0.100536 0.00648102 0.0129112 -0.0214169 -0.0178734 0.000696535 -0.0494341 -0.0568942 -0.0346227 -0.0533309 -0.0386545 -0.0801856
internal_weight=110811 100736 91985 49166 41104 37948 543 8062 3156 8751 1824 42819 37405 30887 14628 16259 42157 25559 16598 9361 24058 19575 1218 636 7237 7616 582 17517 6927 6753 327 6426 4463 3274 290 6044 10075 2129 2058 4728 1189 1130 3638 1795 1373 506
internal_count=110811 100736 91985 49166 41104 37948 543 8062 3156 8751 1824 42819 37405 30887 14628 16259 42157 25559 16598 9361 24058 19575 1218 636 7237 7616 582 17517 6927 6753 327 6426 4463 3274 290 6044 10075 2129 2058 4728 1189 1130 3638 1795 1373 506
is_linear=0
shrinkage=0.092745


Tree=80
num_leaves=47
num_cat=0
split_feature=93 66 24 39 1 7 27 88 46 96 92 97 1 70 68 86 63 2 43 4 66 92 70 14 45 14 95 90 64 51 30 7 1 29 39 5 3 17 0 3 77 6 18 83 14 14
split_gain=212.913 257.601 231.465 256.03 359.222 299.07 286.44 238.638 220.156 217.97 224.053 200.983 272.478 219.841 200.665 198.059 237.012 193.453 229.985 189.035 185.729 183.237 181.462 177.957 174.762 174.629 174.718 174.048 173.465 168.167 167.382 166.621 165.605 179.379 167.636 166.294 185.67 164.782 192.36 163.872 160.972 160.388 158.761 211.015 158.71 157.817
threshold=-0.021566493066727244 -0.036486868688072244 -0.048172911599818943 0.014367112691130201 -0.0011303825497638498 0.070765473541924112 -0.053974204441769993 0.071070313917225916 -0.0030377835467881495 0.019989096886482153 -0.044025945193270494 0.027562393168535253 0.0044119012768936506 0.013951255721760153 0.0050513659584344511 -0.0023140730395740995 0.0051024057733178507 -0.058138277707058698 -0.0067464249752466994 0.065837487139248613 0.032308837573896153 -0.064608595699392826 -0.0041470799397831494 -0.0043524406133052486 0.029853785062209204 0.033260414593648362 0.0017217176954556501 0.096167893736937474 0.040522453035643155 -0.043796644033859793 -0.0080423032269369994 0.0039487504022745002 0.0044119012768936506 -0.057608184438961742 -0.053270232104923043 0.017868277462585101 0.079333699078207309 -0.089535221194110184 0.12626222323602157 -0.093678183613809737 -0.013816434462177398 0.11350761046052626 0.04037540542247061 0.066801100608302369 -0.096423855620125135 0.009581765304104652
decision_type=2 2 2 2 2 2 2 2 2 2 2 2 2 2 2 2 2 2 2 2 2 2 2 2 2 2 2 2 2 2 2 2 2 2 2 2 2 2 2 2 2 2 2 2 2 2
left_child=15 14 -3 4 5 9 8 11 -6 22 29 21 13 44 32 -1 42 -7 40 -12 28 -5 -4 -14 25 39 -27 -18 -10 -11 -15 -16 34 35 -2 36 -34 -23 -39 -8 -19 -25 -17 -44 -13 -24
right_child=1 2 3 7 6 17 24 -9 20 10 19 12 23 30 31 16 27 18 -20 -21 -22 37 45 41 -26 26 -28 -29 -30 -31 -32 -33 33 -35 -36 -37 -38 38 -40 -41 -42 -43 43 -45 -46 -47
leaf_value=0.015189865626547739 0.034177623059816045 0.013601949896713365 0.0051804638841640256 -0.066130912482322488 -0.11159713112046127 0.022027538565823256 0.052452340440142957 -0.070228962034940834 -0.079325154160670999 0.10151838504500066 -0.0061417820670092698 -0.24217699282863697 0.050505025692235014 0.024155162550869431 0.014446627972503522 0.016792710146193116 -0.012267184569933767 0.051397548438679254 -0.057727529110197157 0.049395693152574922 0.064058420825542001 -0.064403600827653312 0.013927007330487597 -0.042159637047433918 0.019828394855400167 -0.065126176413258463 -0.0078637107518428062 -0.13259015614260605 0.098775426113183754 -0.094280515760046563 -0.057423048091545394 -0.019404017722984158 0.06461525403186491 -0.058292379177491097 -0.022434546137947736 -0.11994085708234645 -0.14804425850290981 -0.019111407078038354 0.0035853779251844562 -0.0099346186524921758 -0.026568840490924464 0.11314226137549843 -0.013887080020357887 -0.22093533431367693 -0.061882167990331617 0.036029162135940943
leaf_weight=13389 518 9073 10141 409 417 710 386 557 351 42 5392 43 499 528 2644 5815 5897 350 1376 584 154 372 7570 517 1626 988 856 105 54 349 366 2373 285 1885 3404 69 40 4269 12967 5788 651 64 973 44 1527 4394
leaf_count=13389 518 9073 10141 409 417 710 386 557 351 42 5392 43 499 528 2644 5815 5897 350 1376 584 154 372 7570 517 1626 988 856 105 54 349 366 2373 285 1885 3404 69 40 4269 12967 5788 651 64 973 44 1527 4394
internal_value=-2.80899e-06 -0.00226647 -0.000264972 -0.00222201 0.00201577 0.00698111 -0.012738 -0.010304 -0.060612 0.00995433 -0.00516413 -0.00875436 -0.028944 -0.0459689 -0.0153555 0.00729854 -0.000933134 -0.0204355 -0.0331259 -0.000710042 -0.0225165 -0.00478185 0.0143096 0.00988744 -0.00788996 -0.0135133 -0.0385572 -0.0143806 -0.0554919 -0.0731548 -0.00923504 -0.00156192 -0.0265125 -0.0463969 -0.014952 0.0104805 0.0382929 -0.00335501 -0.00203558 -0.00602972 0.000685388 -0.0249817 0.0108788 -0.0229178 -0.066872 0.0220462
internal_weight=110811 84588 73370 64297 42179 31559 10620 22118 976 28472 6367 21561 3544 2464 11218 26223 12834 3087 2377 5976 559 18017 22105 1080 9644 8018 1844 6002 405 391 894 5017 6201 2279 3922 394 325 17608 17236 6174 1001 581 6832 1017 1570 11964
internal_count=110811 84588 73370 64297 42179 31559 10620 22118 976 28472 6367 21561 3544 2464 11218 26223 12834 3087 2377 5976 559 18017 22105 1080 9644 8018 1844 6002 405 391 894 5017 6201 2279 3922 394 325 17608 17236 6174 1001 581 6832 1017 1570 11964
is_linear=0
shrinkage=0.092745


Tree=81
num_leaves=47
num_cat=0
split_feature=15 12 33 28 80 3 71 34 82 38 0 51 18 2 63 17 49 9 0 42 51 3 67 88 49 86 53 43 84 17 66 61 82 10 4 2 64 55 3 7 49 85 42 0 55 36
split_gain=213.437 229.969 229.684 233.392 257.742 214.288 208.689 202.736 193.645 187.574 202.622 185.924 274.099 207.075 172.258 188.844 211.783 171.593 176.219 176.593 169.361 170.605 166.619 164.174 161.762 195.114 199.092 152.156 151.483 178.441 150.898 149.638 179.675 163.343 155.38 147.451 163.367 163.934 144.546 143.632 142.576 139.091 139.021 176.1 153.486 141.606
threshold=0.11429078169592517 0.039677680822361609 0.026152684580882306 0.013634829038544802 0.031415986468218159 -0.018201141239484946 -0.0096424666524108481 -0.031210053267500946 0.046935705697033606 0.073358032712368362 0.22082376981490368 -0.0067964449470129485 -0.023558841322455847 -0.033537658747142589 -0.062187468613016793 0.017264958751815902 -0.0031830757559516494 -0.015872799073694297 0.1612060768927123 0.045059629166856657 0.026463944152781655 -0.008594555201221649 0.036059827336831204 -0.063416335077709149 -0.054548338616430096 0.00028901779676390006 0.023259931991624651 0.06915041287133987 0.0011985110837697502 -0.010458810111115149 -0.028146800420629049 0.025893740124821801 -0.025572434790355546 0.061184182996908205 -0.054981744912156391 0.018461511573245104 0.013551982403696901 -0.040954319410457997 -0.0017903630970337499 0.14177564617113228 0.081553828117994456 -0.036208157393603647 0.11831861655590166 0.089986425804111161 -0.061305958948392698 0.0047648845447431512
decision_type=2 2 2 2 2 2 2 2 2 2 2 2 2 2 2 2 2 2 2 2 2 2 2 2 2 2 2 2 2 2 2 2 2 2 2 2 2 2 2 2 2 2 2 2 2 2
left_child=1 2 3 4 5 11 -6 -3 17 22 20 -1 -13 -14 -7 16 -16 -9 19 28 21 -11 23 -4 38 -26 -27 -22 -19 -30 31 -5 -33 34 -34 -24 -37 -38 41 -17 -21 -25 45 -44 -45 -32
right_child=-2 7 9 30 6 14 -8 8 -10 10 -12 12 13 -15 15 39 -18 18 -20 40 27 -23 35 24 25 26 -28 -29 29 -31 42 32 33 -35 -36 36 37 -39 -40 -41 -42 -43 43 44 -46 -47
leaf_value=0.0012038483824409149 0.028884020423300856 0.0077711645769205136 0.058390645336652051 0.00072361281357889761 -0.0021212728208338219 0.043318409278210436 -0.033949182143041504 0.00060415803169924743 -0.046590209804807638 -0.12426163190925196 0.023337795282666676 0.0074704247349565416 -0.0022209426150158165 -0.047655508282743418 0.0064395412050120325 0.0174011722870887 -0.013665890626101658 -0.0052182444371668317 -0.010294922558559485 -0.1141887305983124 -0.079371474142487283 -0.0010105115770520116 0.016098010493986941 0.049195477501105783 0.019742217047715217 0.0072567629978540424 -0.029344847495430225 -0.26728269681144745 -0.097024805116403684 -0.02537432980536854 0.0040038460669860176 0.01537292520138134 0.016456652894823683 0.047384709842312453 -0.10437495803380774 0.080034065881244273 -0.14865694290831399 0.030886177429188248 0.0032913424850512349 -0.10596311896023841 0.081407375543652169 -0.092370603232116141 -0.2348057542373016 -0.16704245295968631 0.0035596870089156232 0.020307830210247946
leaf_weight=4731 2157 4858 552 3219 3003 876 4326 6674 1411 126 446 1785 1176 3247 9316 5918 8728 1211 6423 350 130 412 1861 71 7440 5034 1713 52 463 846 10508 348 111 95 515 841 51 297 511 82 35 366 38 54 275 8129
leaf_count=4731 2157 4858 552 3219 3003 876 4326 6674 1411 126 446 1785 1176 3247 9316 5918 8728 1211 6423 350 130 412 1861 71 7440 5034 1713 52 463 846 10508 348 111 95 515 841 51 297 511 82 35 366 38 54 275 8129
internal_value=-2.82465e-06 -0.000576486 0.00158988 -0.00102665 -0.00506243 -0.00182284 -0.0209104 -0.00897976 -0.0136539 0.0103302 -0.0257544 -0.0126441 -0.0231991 -0.0355792 0.00292685 0.00145419 -0.00328489 -0.010748 -0.0188716 -0.037827 -0.0561804 -0.029952 0.0125768 0.00871888 0.0069053 0.00938476 -0.00203487 -0.13347 -0.0288746 -0.0507435 0.00645588 -0.00925735 -0.0393172 -0.0657287 -0.08293 0.0324121 0.0579252 0.00443437 -0.0301776 0.015708 -0.0963247 -0.0693219 0.0100022 -0.0464971 -0.024521 0.0111162
internal_weight=110811 108654 86383 66480 43188 35859 7329 22271 17413 19903 1166 10939 6208 4423 24920 24044 18044 16002 9328 2905 720 538 18737 15687 15135 14187 6747 182 2520 1309 23292 4288 1069 721 626 3050 1189 348 948 6000 385 437 19004 367 329 18637
internal_count=110811 108654 86383 66480 43188 35859 7329 22271 17413 19903 1166 10939 6208 4423 24920 24044 18044 16002 9328 2905 720 538 18737 15687 15135 14187 6747 182 2520 1309 23292 4288 1069 721 626 3050 1189 348 948 6000 385 437 19004 367 329 18637
is_linear=0
shrinkage=0.092745


Tree=82
num_leaves=47
num_cat=0
split_feature=69 91 84 38 100 71 97 40 1 12 23 28 0 1 3 48 33 17 1 95 45 82 95 30 49 7 52 1 27 49 46 17 97 20 92 90 39 62 65 27 26 9 9 67 19 29
split_gain=200.848 209.711 273.402 219.274 225.905 209.822 204.464 233.178 218.29 217.732 196.219 244.98 312.495 223.538 349.363 183.037 195.581 185.336 179.825 188.671 168.949 168.523 170.839 168.064 224.024 166.812 194.386 167.036 240.036 165.848 164.608 158.957 178.302 158.24 155.477 180.056 154.119 195.03 154.029 150.828 149.842 147.953 145.754 145.729 144.328 144.035
threshold=0.045138791043896155 0.010692194638635001 0.048267916763118757 0.075980310067125412 -0.8123999999999999 -0.027476614735358448 0.0046271138183376003 0.0062612790551819508 0.16684267536704997 0.050435622474738658 0.019209032152973503 -0.044902978838901687 0.17807172707577032 0.023233723475790755 -0.065268669685374078 -0.035906120300459442 -0.012989529541220499 -0.025997343220127547 -0.035604141808636296 -0.014387359415450848 0.046714108669027955 -0.05967486317112719 -0.060828041679714041 0.073015042379083864 -0.022072243774644146 0.10233997228199336 0.004077878767133951 0.03941418630084096 -0.058158834016427845 0.019274649710972706 0.057162676924289405 -0.04328589489994214 -0.014784941867942748 0.041553637582559505 -0.038457244551848742 -0.034153782641934645 0.048431500780351959 0.026892030052647901 -0.0033201964603375498 -0.029993759225583994 -0.045357345989124588 -0.070619879363845742 -0.031806542934616044 -0.047355689711053993 -0.018353448612945997 0.11384922151762046
decision_type=2 2 2 2 2 2 2 2 2 2 2 2 2 2 2 2 2 2 2 2 2 2 2 2 2 2 2 2 2 2 2 2 2 2 2 2 2 2 2 2 2 2 2 2 2 2
left_child=1 3 10 5 41 30 7 25 15 18 11 12 21 -12 39 36 17 -17 -9 -20 23 -3 -23 -16 -25 27 -27 43 -29 34 38 32 -4 -18 35 -13 -8 -38 -1 -15 -33 -5 -14 -7 -31 -2
right_child=45 2 31 4 -6 6 8 9 -10 -11 13 29 42 14 20 16 33 -19 19 -21 -22 22 -24 24 -26 26 -28 28 -30 44 -32 40 -34 -35 -36 -37 37 -39 -40 -41 -42 -43 -44 -45 -46 -47
leaf_value=-0.002272617698881799 0.013525598163976884 0.11320138627077717 -0.0071094040250507199 0.048482291508399875 -0.01033419938995904 -0.034347715002232104 0.021479341959298945 0.031672715137085694 0.028094446606498472 -0.015124650577317015 0.014901334334828464 0.040549854865204037 0.031273105160641843 -0.10156862122022342 -0.03343868259047883 -0.050938554725121724 -0.00027268743209940029 -0.015801929816123991 -0.01867944427231703 0.019457919902304246 0.043256853262776104 -0.2520580603452855 -0.068345055959301362 0.019780960533946405 -0.21301433372406386 -0.077627705887025139 0.012129546193693578 -0.09312200378563211 -0.0099468606707970794 0.027077413196895047 0.050372885869355163 -0.091601149745929811 -0.14105985231686513 -0.031348492334734454 -0.0077401055412101545 -0.052907375427156587 -0.0063113174917203488 -0.16549024936691198 0.020137595868993215 0.043397532514607824 -0.017532428677808253 -0.097628793786433202 -0.026597275447709103 0.0074264188171196356 -0.005079737714776318 -0.061898858885873993
leaf_weight=4571 10631 42 134 68 1772 762 2430 5466 1455 1778 7092 206 540 66 2053 1769 9242 4789 1620 3582 228 45 1207 54 103 515 347 332 2939 2100 979 269 237 1663 11966 1259 297 85 6235 893 1852 468 1218 12429 2801 222
leaf_count=4571 10631 42 134 68 1772 762 2430 5466 1455 1778 7092 206 540 66 2053 1769 9242 4789 1620 3582 228 45 1207 54 103 515 347 332 2939 2100 979 269 237 1663 11966 1259 297 85 6235 893 1852 468 1218 12429 2801 222
internal_value=-2.79471e-06 -0.00130399 -0.00717302 0.00177067 -0.0263064 0.00279497 0.00024005 0.00523299 -0.0065996 0.0149169 -0.00485925 -0.00995593 -0.0342846 0.00553009 -0.0140301 -0.0090904 -0.0126269 -0.0252838 0.0199254 0.00757824 -0.0326861 -0.0688718 -0.075015 -0.0405317 -0.132967 -0.00172354 -0.0414878 0.000358494 -0.0184005 -0.00590436 0.0139584 -0.036757 -0.0927582 -0.00501366 -0.0112335 -0.0397513 0.0128662 -0.0418635 0.0106569 0.0333792 -0.0269438 -0.0790509 -0.00881144 0.00501154 0.00869708 0.0119799
internal_weight=110811 99958 34365 65593 2308 63285 51500 29770 21730 12446 31873 21384 3052 10489 3397 20275 17463 6558 10668 5202 2438 1294 1252 2210 157 17324 862 16462 3271 18332 11785 2492 371 10905 13431 1465 2812 382 10806 959 2121 536 1758 13191 4901 10853
internal_count=110811 99958 34365 65593 2308 63285 51500 29770 21730 12446 31873 21384 3052 10489 3397 20275 17463 6558 10668 5202 2438 1294 1252 2210 157 17324 862 16462 3271 18332 11785 2492 371 10905 13431 1465 2812 382 10806 959 2121 536 1758 13191 4901 10853
is_linear=0
shrinkage=0.092745


Tree=83
num_leaves=47
num_cat=0
split_feature=68 15 28 62 17 51 93 63 39 4 3 24 3 39 97 1 13 62 94 42 0 90 74 66 0 9 11 86 85 87 78 40 1 4 100 16 30 43 22 96 98 41 96 46 4 85
split_gain=192.88 229.372 214.024 226.083 244.628 227.26 245.65 225.463 220.807 211.654 223 208.491 202.028 200.045 199.786 192.943 191.654 186.58 185.466 166.255 161.048 153.569 150.651 146.654 144.889 177.031 173.621 160.885 154.161 147.086 140.056 182.56 145.034 135.851 152.803 174.106 146.047 134.027 132.76 160.835 132.493 132.253 130.088 128.785 124.676 123.998
threshold=0.035371000782734759 -0.11688891795680724 0.077225608832147755 0.052951224470425259 -0.032491006462105891 0.0094479691166481014 0.025107635154465752 0.051861044218532708 -0.053270232104923043 0.042723760234732407 0.14639739979670599 0.10994557259447872 0.025010128426990155 0.019046916565561303 0.026566755231520554 0.0044119012768936506 0.080261914879065061 -0.031951880231246947 -0.016112293483216095 -0.077052954183263939 0.27430242761118456 0.017481398653174305 -0.015654354016076746 -0.035103106504681292 0.13708587306099548 0.094949386485631324 -0.036931703115824589 0.021739847809259454 0.027652207737483805 -0.029211400470968246 0.058067229202047661 -0.028708985348026548 -0.0080622643473773469 0.016234991813683104 -0.62474999999999992 -0.080954235950745426 -0.042403357940619495 0.034031721462309858 -0.027191498081462196 0.06159047522539756 0.077001744271285311 1.0000000180025095e-35 0.063623954824107057 0.0051985446148814507 0.12067913170259177 -0.039121300936342293
decision_type=2 2 2 2 2 2 2 2 2 2 2 2 2 2 2 2 2 2 2 2 2 2 2 2 2 2 2 2 2 2 2 2 2 2 2 2 2 2 2 2 2 2 2 2 2 2
left_child=1 -1 3 4 8 7 12 16 42 10 14 24 19 23 -10 37 18 -17 -6 -7 -15 -13 -14 -8 25 26 27 30 -29 -28 31 -2 -33 34 35 43 -37 -9 -31 -40 -26 -12 -3 -4 45 -5
right_child=11 2 33 44 5 6 13 15 9 -11 41 21 22 20 -16 17 -18 -19 -20 -21 -22 -23 -24 -25 40 -27 29 28 -30 38 -32 32 -34 -35 -36 36 -38 -39 39 -41 -42 -43 -44 -45 -46 -47
leaf_value=-0.039019812070707281 0.060681509293359678 0.015295569383923121 -0.17147298355630405 0.010582656208420856 -0.0040758604707702593 0.039041419925103744 -0.057391729488706807 0.01671932211109875 -0.015540565787597476 0.0080912382568862073 0.0083909172424645306 -0.025792481373180107 0.031775160648815463 -0.059382680538243887 -0.045688296043775008 0.0081968623554126898 0.034796881554992359 -0.066184240856335258 0.01065689714189887 -0.0099259831235518087 0.031111169822036776 -0.18766632322487697 0.0028165471942213274 -0.001722630414362382 0.014228768361819766 -0.18873733783264116 -0.053172376718189432 -0.029021170733673291 0.18176626556057768 0.048980006681625325 -0.2553355510662651 -0.06232357277892793 -0.21873238902062359 0.00012945368727969366 0.018891431464513338 0.20491611417397235 0.070527958526493961 -0.054488012602378399 0.0044799976700923587 -0.18316438695360696 0.08957113373878399 0.11433713008392643 0.1572139377505414 0.066245996790683714 0.04083969245262626 -0.028945422290288833
leaf_weight=1386 79 1877 41 802 10296 627 478 1262 10709 3136 286 158 2261 1517 2297 414 2174 966 25674 12083 190 74 4884 2737 11963 45 318 101 42 666 36 225 66 1622 1502 80 535 277 1591 40 204 157 57 37 276 4563
leaf_count=1386 79 1877 41 802 10296 627 478 1262 10709 3136 286 158 2261 1517 2297 414 2174 966 25674 12083 190 74 4884 2737 11963 45 318 101 42 666 36 225 66 1622 1502 80 535 277 1591 40 204 157 57 37 276 4563
internal_value=-2.91805e-06 -0.00156977 -0.00101624 -0.00192867 -0.000726439 0.00192215 -0.00509219 0.00615487 -0.0101435 -0.0136023 -0.0186618 0.00955326 -0.000493466 -0.0236392 -0.0208669 -0.0186852 0.00805626 -0.0438629 0.00643944 -0.00750846 -0.0492986 -0.0776506 0.0119832 -0.010008 0.0108713 -0.00665572 -0.00404496 -0.051449 0.033032 0.00590648 -0.0812405 -0.0640809 -0.0980242 0.0204927 0.0355319 0.0715559 0.0881185 0.00388633 0.014097 -0.000144832 0.0154952 0.0460187 0.0195079 -0.0587042 -0.0199042 -0.0230337
internal_weight=110811 95203 93817 90000 84359 65840 24777 41063 18519 16585 13449 15608 19855 4922 13006 2919 38144 1380 35970 12710 1707 232 7145 3215 15376 3209 3164 549 143 2615 406 370 291 3817 2195 693 615 1539 2297 1631 12167 443 1934 78 5641 5365
internal_count=110811 95203 93817 90000 84359 65840 24777 41063 18519 16585 13449 15608 19855 4922 13006 2919 38144 1380 35970 12710 1707 232 7145 3215 15376 3209 3164 549 143 2615 406 370 291 3817 2195 693 615 1539 2297 1631 12167 443 1934 78 5641 5365
is_linear=0
shrinkage=0.092745


Tree=84
num_leaves=47
num_cat=0
split_feature=70 11 60 68 15 80 67 19 87 53 18 13 9 68 28 39 95 15 46 15 4 95 76 100 35 0 90 8 28 80 99 54 26 27 65 91 41 87 21 46 56 95 40 79 19 10
split_gain=191.556 248.818 231.101 285.911 295.847 254.058 251.027 232.558 267.347 225.728 215.565 212.473 213.087 196.901 187.201 184.066 197.843 188.745 174.986 172.547 170.38 169.745 198.006 165.794 164.693 164.367 228.706 218.774 180.942 179.078 157.613 147.481 144.683 148.023 142.785 141.819 140.636 133.906 129.654 128.653 135.434 128.434 128.383 125.635 123.444 159.326
threshold=0.035342665299899906 0.090411043541748962 -0.017372835255518946 0.069663176405446572 0.081809860011285221 0.028922352084804603 -0.01379444347807275 0.0040350720542998509 -0.017989056783915044 -0.041805301930192093 0.018195563415069255 0.10328247258025657 0.034612091758803705 -0.031891455442796993 -0.021153922894160949 -0.034545087565700891 0.027774921394230555 -0.071648425880399144 0.013470937019364202 -0.10510920546429559 -0.019296348822078997 0.015356313407914652 -0.016747535444649294 0.10280000000000002 -0.041950909222797546 0.17266165114258378 0.048154998059392308 -0.033393774035168848 -0.027921103548000946 0.054948453768267007 -0.053305851400897046 0.05642860453530401 -0.034146934290113243 0.0066664967209711509 -0.046835444660971538 0.0042283590831196007 0.09891517098063092 0.0057188397981021511 -0.0068068241796669492 -0.067546615377940683 -0.011256671210610898 0.093850142136341866 -0.005422159175559999 -0.0087111879308401988 0.025269154529364051 0.10639946180202432
decision_type=2 2 2 2 2 2 2 2 2 2 2 2 2 2 2 2 2 2 2 2 2 2 2 2 2 2 2 2 2 2 2 2 2 2 2 2 2 2 2 2 2 2 2 2 2 2
left_child=1 2 15 4 5 6 11 8 -8 21 20 12 -4 -9 18 23 17 -17 -11 -3 30 22 -7 24 -1 26 28 -28 -19 42 32 -22 -2 -34 37 -16 -5 43 -33 40 -18 -41 -27 -12 -36 -46
right_child=10 19 3 36 -6 9 7 13 -10 14 34 -13 -14 -15 35 16 39 25 -20 -21 31 -23 -24 -25 -26 29 27 -29 -30 -31 -32 38 33 -35 44 -37 -38 -39 -40 41 -42 -43 -44 -45 45 -47
leaf_value=-0.0061857069934823736 -0.18536833319546797 -0.093959187389949989 -0.011226165160040729 0.04394982791045788 0.020076046048055761 -0.13793919636924201 0.026042804269853573 -0.037605081604723742 -0.00010879970871926834 -0.055485012371279112 -0.091315028297818443 0.04728546626869605 -0.038439612169743551 -0.0053031825551502557 0.0025401277858318398 -0.028584093061246294 -0.22025508877161479 -0.0233908329826969 -0.0053523986650934538 0.024174354090178003 0.020035391563315675 -0.0068570075597923982 -0.045205771430931761 0.00094972086190439197 0.044861149307566475 0.0082662581472665812 -0.17788747006481806 -0.029232135315402252 0.009696560977648469 -0.028687253071104746 0.0050135422683203904 0.11233090187546932 -0.10592835392009194 0.064822603830718528 0.0081050181463346062 -0.025215098357016619 -0.13890434801550175 -0.10813893858991491 0.0289781421351222 -0.010485496730038716 -0.017715729234447478 -0.081127511116759851 0.033439806714877188 0.039754904852877318 -0.017651037310144804 -0.14314239803924012
leaf_weight=698 69 109 11754 1199 3376 332 4445 1874 13800 1666 102 456 3136 12132 4115 1334 54 1799 936 3917 7103 369 493 2343 2450 3205 109 388 6772 656 3720 290 94 81 2804 2573 37 224 361 4048 60 234 3824 163 1012 95
leaf_count=698 69 109 11754 1199 3376 332 4445 1874 13800 1666 102 456 3136 12132 4115 1334 54 1799 936 3917 7103 369 493 2343 2450 3205 109 388 6772 656 3720 290 94 81 2804 2573 37 224 361 4048 60 234 3824 163 1012 95
internal_value=-2.69064e-06 -0.00159373 -0.00259569 -0.00572355 -0.00661203 -0.00816362 -0.00528435 -0.000637798 0.00626203 -0.0212336 0.00934363 -0.0150484 -0.0169592 -0.00962682 -0.0163516 0.00441369 0.000695069 0.00498482 -0.037459 0.0209662 0.0159163 -0.0591936 -0.0825753 0.0196363 0.0335388 0.00765909 -0.000796565 -0.0619455 0.00274958 0.0176379 0.00027154 0.0239122 -0.0718901 -0.0268404 -0.00815741 -0.00813641 0.0384342 -0.0553926 0.0661631 -0.0169509 -0.114085 -0.0143542 0.0219642 -0.0106872 -0.0022444 -0.0284668
internal_weight=110811 94693 90667 62693 61457 58081 47597 32251 18245 10484 16118 15346 14890 14006 9290 27974 22483 18087 2602 4026 11718 1194 825 5491 3148 16753 9068 497 8571 7685 3964 7754 244 175 4400 6688 1236 489 651 4396 114 4282 7029 265 3911 1107
internal_count=110811 94693 90667 62693 61457 58081 47597 32251 18245 10484 16118 15346 14890 14006 9290 27974 22483 18087 2602 4026 11718 1194 825 5491 3148 16753 9068 497 8571 7685 3964 7754 244 175 4400 6688 1236 489 651 4396 114 4282 7029 265 3911 1107
is_linear=0
shrinkage=0.092745


Tree=85
num_leaves=47
num_cat=0
split_feature=4 38 3 19 21 33 11 89 12 87 14 93 36 64 8 42 1 40 0 54 45 49 19 4 69 44 21 69 59 66 15 28 57 38 41 90 65 89 16 70 95 52 72 66 21 2
split_gain=185.24 200.362 222.068 207.216 199.102 211.047 175.111 187.28 241.641 240.066 177.975 174.42 172.141 179.19 172.067 169.726 188.141 182.226 241.983 227.972 225.502 192.867 210.005 172.171 168.972 167.859 160.266 159.301 157.173 149.553 149.218 145.229 145.042 142.308 148.556 140.027 136.783 153.302 136.327 134.767 134.76 133.818 195.248 142.777 139.351 133.012
threshold=-0.21232109448451167 0.017059647172344952 0.065915943949659675 0.016397667044936951 -0.092612507805162433 0.10382802237438966 0.046962314179796551 -0.0016376152768262499 0.022765126727611554 -0.061658157245706544 0.021664139546299303 0.0011812785396034002 0.016746010666622003 -0.022614586507620948 -0.038827558037792941 -0.092963536600902744 0.025563501414801303 -0.018239557279516646 0.085859982816012717 -0.066288014070152626 -0.0097319777377313978 -0.04228811109570934 0.00044737032948620009 0.0013484752752164003 -0.061005766318179042 0.035905531948569804 -0.053204390611007742 -0.039250842466000545 -0.019182123248832898 0.024861821322449504 0.050749467654455462 -0.037291135030814597 -0.0051972160384797491 0.071080206455655714 -0.031807375464709596 0.066366595241610718 -0.014606400507520599 -0.055268576273286345 0.016464529665984402 0.013951255721760153 0.029443642359330956 0.0034646291191951502 -0.025186117323052946 0.016127325644974353 0.035007445768948806 -0.056984100260755094
decision_type=2 2 2 2 2 2 2 2 2 2 2 2 2 2 2 2 2 2 2 2 2 2 2 2 2 2 2 2 2 2 2 2 2 2 2 2 2 2 2 2 2 2 2 2 2 2
left_child=-1 4 6 36 14 15 7 8 9 -3 33 26 13 -9 29 16 -6 27 19 -19 -21 23 -23 -20 25 -15 -12 -17 35 31 32 -2 -29 34 -10 -11 37 -4 41 -30 -26 43 -43 44 -5 -35
right_child=1 2 3 38 5 -7 -8 12 10 28 11 -13 -14 24 -16 17 -18 18 21 20 -22 22 -24 -25 40 -27 -28 30 39 -31 -32 -33 -34 45 -36 -37 -38 -39 -40 -41 -42 42 -44 -45 -46 -47
leaf_value=0.03456872268116859 -0.14957483328831261 0.069675326250950548 -0.12973962959633076 -0.099960877763338216 0.048034786401417721 0.045862210701833508 0.0057748247114498873 0.010836714955985167 -0.064623875031353223 0.01121201659012658 -0.16663997233107328 -0.11406465071821345 0.01057258773375103 -0.14346140488400203 -0.0072063924993450703 -0.026413409806304269 -0.045577711365821297 -0.16189566248352147 -0.019919740492623468 0.015786029202987256 -0.027339915849017602 0.016515268493537068 0.002681167453074047 0.009732820654759864 -0.012039561334741969 0.057090485796513948 -0.016735096846233893 -0.015654291892639723 -0.035137145854782066 -0.13560767953162942 0.016883328222956129 -0.018247831766059108 0.0019089618179505509 -0.013470324136410463 -0.003791950331074107 -0.10347623048560667 0.033513327086625022 0.004983835328810176 0.016082671005588075 -0.0026599249151826958 -0.051052671697179294 -0.11684858200560233 0.027727343316270536 -0.0074239328200253101 0.030033370655129552 -0.14176221202729267
leaf_weight=1317 85 287 77 477 1227 977 4858 1924 462 1865 71 513 3837 173 1593 2667 217 89 3929 1604 2979 19098 18667 2947 4453 45 443 7131 3607 177 2972 484 9341 118 1367 96 2758 1210 920 1582 919 95 512 388 83 170
leaf_count=1317 85 287 77 477 1227 977 4858 1924 462 1865 71 513 3837 173 1593 2667 217 89 3929 1604 2979 19098 18667 2947 4453 45 443 7131 3607 177 2972 484 9341 118 1367 96 2758 1210 920 1582 919 95 512 388 83 170
internal_value=-2.87453e-06 -0.000418917 -0.00641894 0.00892968 0.00220431 0.00304834 -0.010155 -0.0136841 -0.022561 -0.0134446 -0.0441181 -0.0758041 -0.00540779 -0.01357 -0.0244339 0.00247393 0.0339513 0.00183722 0.00497423 -0.0151067 -0.0122433 0.00707623 0.00967759 -0.00720902 -0.0219731 -0.10198 -0.0375493 -0.00515843 -0.0167856 -0.0611861 -0.00224198 -0.0379552 -0.00569377 -0.0287319 -0.0191731 0.0055763 0.0218635 -0.00309293 -0.0122032 -0.025239 -0.0187185 -0.028947 0.00503338 -0.0507138 -0.080664 -0.0893109
internal_weight=110811 109494 33310 6520 76184 73845 26790 21932 10581 7437 3144 1027 11351 7514 2339 72868 1444 71424 49313 4672 4583 44641 37765 6876 5590 218 514 22111 7150 746 19444 569 16472 2117 1829 1961 4045 1287 2475 5189 5372 1555 607 948 560 288
internal_count=110811 109494 33310 6520 76184 73845 26790 21932 10581 7437 3144 1027 11351 7514 2339 72868 1444 71424 49313 4672 4583 44641 37765 6876 5590 218 514 22111 7150 746 19444 569 16472 2117 1829 1961 4045 1287 2475 5189 5372 1555 607 948 560 288
is_linear=0
shrinkage=0.092745


Tree=86
num_leaves=47
num_cat=0
split_feature=93 74 79 0 95 69 28 11 12 14 84 61 63 9 0 71 12 8 32 65 24 14 53 13 68 28 56 34 60 85 15 11 18 41 15 77 11 21 56 42 49 30 24 78 88 37
split_gain=172.349 192.988 229.702 204.662 222.085 230.923 265.152 195.19 191.889 332.015 175.492 179.77 201.642 207.063 172.594 230.418 172.432 169.614 168.61 162.981 161.163 160.904 155.311 152.62 174.529 152.555 176.65 169.282 181.485 160.586 151.96 180.18 173.775 151.452 165.182 146.158 142.023 186.146 152.309 141.967 149.438 141.218 140.868 137.593 135.181 143.078
threshold=-0.040996600468076592 -0.0093179592038435486 0.0028122980251404505 0.23772973263227801 0.036795529771353905 0.0055293265835266005 -0.023675760200916798 -0.15516119816725618 0.054374995550837253 -0.023730764494884999 -0.00089888307770504981 0.0093504372530012515 0.028632470638342251 -0.070619879363845742 0.087256318932523072 -0.0019907667829834994 0.046620598378209706 -0.07161395329032523 -0.058125405306603838 -0.031999450770223543 -0.011030411509313947 0.012737744619403702 -0.049239345412931339 0.050326293848891861 -0.012094782848037897 0.0074624207576526507 -0.0016378340292123497 -0.027806060754614597 -0.035988925615689595 -0.00028718872798204993 -0.0026064745856046998 -0.047691926740275996 0.13008795650375352 0.048309888991083308 -0.01557486765853945 0.004094240528481001 0.0024245489919414507 0.050612858482826158 -0.032632458146077591 0.052945298680528462 0.055353797147348956 -0.054810369617014743 0.046667772270699508 -0.088482737059827538 0.038704247861960757 0.0061904202402533011
decision_type=2 2 2 2 2 2 2 2 2 2 2 2 2 2 2 2 2 2 2 2 2 2 2 2 2 2 2 2 2 2 2 2 2 2 2 2 2 2 2 2 2 2 2 2 2 2
left_child=18 7 16 4 5 6 14 -2 42 -10 -9 23 43 -14 15 -4 25 -6 19 -1 -16 -5 -19 24 36 26 44 35 -29 -30 31 32 -18 34 -15 -28 37 -12 -38 40 -24 -20 -8 -13 -3 -46
right_child=1 2 3 21 17 -7 8 10 9 -11 11 12 13 33 20 -17 30 22 41 -21 -22 -23 39 -25 -26 -27 27 28 29 -31 -32 -33 -34 -35 -36 -37 38 -39 -40 -41 -42 -43 -44 -45 45 -47
leaf_value=-0.088851484938460124 -0.067948994923402381 0.013060473146948526 -0.19439928663609488 0.021003436419210667 -0.15579351897515847 0.0004709579485062399 -0.00082479014951678041 0.010986284337802833 0.039144511201512383 -0.081138899112801643 -0.049548248024581194 -0.10045368274658337 0.056763983075067241 -0.1080125521535351 -0.0074046805287529696 -0.02510941295969352 -0.096014050648245752 0.046076886451849243 0.045272371975834891 -0.0043140834664875324 -0.049995150389454179 -0.011927355078716 -0.042017832147294577 0.030834825586597576 0.0098302097937792727 0.011992089595299354 0.035015784567053128 0.022380807665812876 -0.0081338453695079908 -0.039190729112992415 0.0011103788854457354 -0.017818947676607105 0.077730391280757594 0.031946006779088314 -0.038348743183174758 -0.018228723328173175 -0.054624576191685661 0.034414014373936763 0.016387136657554559 -0.12937781670083801 0.067584918965690022 0.010955754603381255 -0.039675131769517348 -0.003030593494320452 -0.064424436783829017 0.019794473010842466
leaf_weight=247 322 6333 140 2834 105 8639 6696 18605 270 731 1366 127 163 467 1197 137 473 185 1173 951 2118 2321 1913 1762 6723 11586 1105 830 2804 2930 2932 2318 55 158 788 740 321 272 1357 150 113 8562 912 6166 418 296
leaf_count=247 322 6333 140 2834 105 8639 6696 18605 270 731 1366 127 163 467 1197 137 473 185 1173 951 2118 2321 1913 1762 6723 11586 1105 830 2804 2930 2932 2318 55 158 788 740 321 272 1357 150 113 8562 912 6166 418 296
internal_value=-3.00158e-06 -0.00121328 -0.00444883 -0.0105464 -0.0142453 -0.0111298 -0.0193447 0.00392348 -0.0105104 -0.0486793 0.00452899 -0.00157806 -0.0124363 -0.0421012 -0.0405115 -0.110832 0.000838479 -0.0405649 0.011052 -0.0217722 -0.0346224 0.00617411 -0.0354164 0.00566125 0.00124079 0.00394631 -0.00208413 -0.0111614 -0.0181386 -0.0240071 -0.0137038 -0.028969 -0.0778576 -0.0535248 -0.064301 0.0136534 -0.016169 -0.0355939 0.00278754 -0.0423563 -0.0358894 0.0150933 -0.00548504 -0.00500334 0.0087456 -0.0294971
internal_weight=110811 99878 61281 28461 23306 20840 12201 38597 8609 1001 38275 19670 7869 1576 3592 277 32820 2466 10933 1198 3315 5155 2361 11801 10039 27042 15456 8409 6564 5734 5778 2846 528 1413 1255 1845 3316 1638 1678 2176 2026 9735 7608 6293 7047 714
internal_count=110811 99878 61281 28461 23306 20840 12201 38597 8609 1001 38275 19670 7869 1576 3592 277 32820 2466 10933 1198 3315 5155 2361 11801 10039 27042 15456 8409 6564 5734 5778 2846 528 1413 1255 1845 3316 1638 1678 2176 2026 9735 7608 6293 7047 714
is_linear=0
shrinkage=0.092745


Tree=87
num_leaves=47
num_cat=0
split_feature=100 9 22 6 84 3 55 12 11 4 49 22 82 28 91 7 33 43 7 63 49 10 25 73 56 72 92 66 51 14 19 39 42 77 36 66 10 98 81 25 40 70 42 93 100 91
split_gain=174 178.582 200.123 195.391 207.253 182.625 184.227 234.3 192.522 173.075 171.462 194.163 170.849 162.165 150.162 163.315 146.229 144.831 200.045 142.867 163.96 164.213 140.282 151.147 140.426 174.513 152.93 140.938 139.788 161.063 137.426 136.985 162.415 136.48 136.099 136.031 134.143 158.07 133.027 147.787 132.758 139.184 128.172 129.363 122.208 188.206
threshold=-0.97184999999999988 0.094949386485631324 0.10932420719646672 0.15112493867595647 0.05065767875757516 0.13083336982658827 -0.020791748898810299 0.0077093401709237008 -0.11004754385454064 -0.18497435663030062 0.051478070678149503 0.030205026631681255 0.00028687085423620006 -0.09021659751123938 -0.038013377950369291 0.13480056399582926 0.097616433031636071 0.020052681967739953 -0.0096749808886473481 -0.036661123846223588 -0.0087465010476305977 0.016325981572700803 0.025700817069702803 -0.051824699407682542 -0.0038869287508497496 0.024786067239898603 -0.056421649080680092 0.014000374182821853 0.026463944152781655 0.0013540618994224002 -0.012635564521802348 -0.016843853278538445 0.033666627627045954 0.058038378113312063 -0.040053741117633344 -0.021234848879146947 -0.084044694566867389 0.0016473598876631001 -0.064146253001378634 -0.036197613853861041 0.041445648294053908 0.076997749418981312 -0.045775775153647294 0.026986974134444203 -0.5422499999999999 0.027302785721233253
decision_type=2 2 2 2 2 2 2 2 2 2 2 2 2 2 2 2 2 2 2 2 2 2 2 2 2 2 2 2 2 2 2 2 2 2 2 2 2 2 2 2 2 2 2 2 2 2
left_child=22 3 38 4 5 6 7 36 -8 -9 11 -10 -5 -12 17 40 -11 28 -19 -14 -21 44 23 -1 26 27 -25 35 -6 -30 -31 -24 -33 34 -7 -26 37 -2 -3 -40 41 -16 -20 -44 -22 -46
right_child=1 2 -4 12 14 33 8 9 10 16 13 -13 19 -15 15 -17 -18 18 42 20 21 -23 31 24 25 -27 -28 -29 29 30 -32 32 -34 -35 -36 -37 -38 -39 39 -41 -42 -43 43 -45 45 -47
leaf_value=0.1102281493930635 0.006328876714626965 -0.087713862124277842 -0.11708234227272306 0.05381781594229601 0.055473054675843646 0.073425847555892543 -0.023791778061639873 0.038612741446601338 0.0060815825813881905 -0.019128786669770741 -0.059065806071000433 -0.0068492403274794276 0.066946504384672784 0.025412220939739539 -0.027983454424654358 -0.13581973204363462 0.070099588891763681 0.064636494600893518 0.040890494830509112 -0.058472231339937272 -0.10592862074656356 0.10036079058441373 -0.13905444615195614 -0.16082454646224051 -0.024245879682235714 0.036830419974716887 0.012421757410340463 -0.013244354312887247 -0.10132132803101142 -0.091820583393519492 0.13037119817253498 0.010866289492927592 -0.17000815514824336 -0.089190328939857094 0.01928274645806417 -0.15522271060713139 0.0044548030592792866 -0.0849524549595983 0.025543252346123656 -0.017008971440861442 0.0140474070456403 0.079381627331754634 -0.040719834176719483 -0.21433500852315523 0.0492134145440025 -0.12857256018907567
leaf_weight=79 331 196 163 1128 658 499 2112 488 46711 10760 204 12704 245 4488 4465 105 160 101 45 393 91 156 170 46 98 142 824 179 122 36 70 187 55 85 2004 227 13477 321 843 4187 869 106 67 83 268 63
leaf_count=79 331 196 163 1128 658 499 2112 488 46711 10760 204 12704 245 4488 4465 105 160 101 45 393 91 156 170 46 98 142 824 179 122 36 70 187 55 85 2004 227 13477 321 843 4187 869 106 67 83 268 63
internal_value=-2.98244e-06 0.00049607 -0.0159631 0.00135394 0.000739834 0.00186143 0.00117594 -0.00551582 0.0037568 -0.0154023 0.0046647 0.00331649 0.0278244 0.021733 -0.0149876 -0.0213861 -0.0178184 0.0150153 -0.0411047 0.00369382 -0.0122669 0.0191394 -0.0270608 -0.0145819 -0.0211143 -0.0538626 0.00319618 -0.0794484 0.0337868 -0.0287302 0.0547375 -0.0752945 -0.0303371 0.0261571 0.0300893 -0.115826 0.00246589 -0.0386084 -0.0128003 -0.0098737 -0.0191678 -0.0254859 -0.0959575 -0.137102 -0.0109009 0.0152522
internal_weight=110811 108804 5389 103415 101071 94344 91756 25537 66219 11408 64107 59415 2344 4692 6727 5545 10920 1182 296 1216 971 578 2007 1595 1516 646 870 504 886 228 106 412 242 2588 2503 325 14129 652 5226 5030 5440 4571 195 150 422 331
internal_count=110811 108804 5389 103415 101071 94344 91756 25537 66219 11408 64107 59415 2344 4692 6727 5545 10920 1182 296 1216 971 578 2007 1595 1516 646 870 504 886 228 106 412 242 2588 2503 325 14129 652 5226 5030 5440 4571 195 150 422 331
is_linear=0
shrinkage=0.092745


Tree=88
num_leaves=47
num_cat=0
split_feature=62 3 1 10 17 27 2 14 2 31 91 73 89 69 14 62 38 88 100 85 30 37 100 56 40 94 28 68 99 82 69 60 15 18 44 15 43 17 76 84 58 30 88 77 58 38
split_gain=164.799 191.488 230.088 322.755 243.71 284.866 223.134 256.908 233.962 210.215 214.331 211.264 207.288 200.011 197.173 184.691 183.816 187.96 205.209 217.057 181.629 186.482 205.233 204.459 175.548 171.21 170.775 166.958 196.248 165.865 161.002 158.605 165.411 189.096 208.035 154.791 151.171 150.71 149.693 146.778 146.149 192.471 154.652 154.462 160.168 145.143
threshold=-0.069360108377052795 -0.018201141239484946 -0.059689191467348142 -0.0052132870900818496 -0.024686166674084496 -0.022911636431509196 -0.10244492144549054 -0.044126520817896191 0.043836965555262355 -0.013150962542382799 0.034965100486857963 -0.04294931929330869 -0.0089844844711758475 -0.0082903203267987481 0.0072736716998866502 0.015608652243321952 0.068984249456232674 -0.026625337395484595 -0.96934999999999993 0.026682444462459154 0.017474628035194301 0.031258424043179557 0.45900000000000002 0.057008701307113156 0.0025628600566544005 0.0049576702514023512 -0.049367784495548642 -0.030105798096295797 -0.012252628856782197 -0.0011411088479605497 -0.088853993407606732 -0.057695501672969489 0.09118465142868247 0.070278382469644268 0.01526996491040245 -0.082945630417784785 -0.059983821621948541 0.11026416155031836 -0.10084346609265889 -0.01415215915433485 -0.018931453808851199 -0.027743456253668895 0.065312849982111856 -0.014835695133766249 -0.00065442991287634992 0.050403671636750004
decision_type=2 2 2 2 2 2 2 2 2 2 2 2 2 2 2 2 2 2 2 2 2 2 2 2 2 2 2 2 2 2 2 2 2 2 2 2 2 2 2 2 2 2 2 2 2 2
left_child=-1 6 12 9 5 29 -2 8 -8 15 20 -12 14 31 37 -4 17 -15 -19 -20 25 23 -23 -22 -17 -11 -18 -6 -29 35 -30 -9 33 34 -33 -5 -28 -3 -16 -34 -14 -42 45 -44 -45 -43
right_child=1 2 3 4 27 -7 7 13 -10 10 11 -13 40 16 38 24 26 18 19 -21 21 22 -24 -25 -26 -27 36 28 30 -31 -32 32 39 -35 -36 -37 -38 -39 -40 -41 41 42 43 44 -46 -47
leaf_value=0.019806450802156841 0.026587571489037499 -0.017843270014923557 -0.011374599498199186 -0.16118943716378784 -0.0087711697884426346 0.0013773244824838624 -0.0056225901838759572 0.021171132360571023 0.028272618944405404 -0.0019523748647052902 0.053269300764911702 -0.044839651271898838 0.032442292753456836 0.017395903451793412 -0.16148253861532597 -0.05904350270491638 -0.14866552373935962 -0.11922885155198856 -0.0011941707866198353 -0.031948268857272075 0.0030315947757592618 -0.081651004946697206 0.0052959876892876116 -0.10333027749859916 -0.012682321421312013 0.025118923298569077 0.15260396395037135 0.029994819261814038 -0.10471894280138273 -0.073360036230794512 0.008926209937226955 -0.035458420708608218 0.092699192468598202 -0.096141863798655441 -0.0055560429213386449 -0.0013592167697704686 -0.043482400291281732 0.044393794768436176 0.016016424119827902 -0.0078392763032448659 -0.011092532073133579 0.025447497933950913 0.065424057165596947 -0.28987299294534297 -0.052461110490146283 -0.010580165138363405
leaf_weight=3498 1704 4692 6118 56 3098 4611 4508 686 2864 4554 215 1530 3751 2985 41 1694 130 142 10093 2454 2891 620 374 164 1202 3595 36 4992 108 815 10829 5940 179 337 3020 707 494 360 3949 411 2542 6538 48 37 72 1127
leaf_count=3498 1704 4692 6118 56 3098 4611 4508 686 2864 4554 215 1530 3751 2985 41 1694 130 142 10093 2454 2891 620 374 164 1202 3595 36 4992 108 815 10829 5940 179 337 3020 707 494 360 3949 411 2542 6538 48 37 72 1127
internal_value=-2.93942e-06 -0.000648829 0.00213361 -0.00151824 0.00572483 -0.0102606 -0.00616487 -0.00779359 0.00754433 -0.0094746 -0.00233753 -0.0327372 0.00973097 -0.0119964 -0.001231 -0.0205124 -0.00556178 -0.00354145 -0.00846818 -0.00721088 0.00201087 -0.0140424 -0.0489307 -0.00268283 -0.0398089 0.00998914 -0.0534986 0.0109253 0.0147569 -0.04427 0.00780004 -0.0219355 -0.0249283 -0.027951 -0.0253817 -0.0131636 -0.0300626 -0.0134034 0.0141777 0.02267 0.016754 0.011074 0.0182795 -0.0727416 -0.133722 0.0201483
internal_weight=110811 107313 71330 48173 25216 6189 35983 34279 7372 22957 13943 1745 23157 26907 9042 9014 16334 15674 12689 12547 12198 4049 994 3055 2896 8149 660 19027 15929 1578 10937 10573 9887 9297 8960 763 530 5052 3990 590 14115 10364 7822 157 109 7665
internal_count=110811 107313 71330 48173 25216 6189 35983 34279 7372 22957 13943 1745 23157 26907 9042 9014 16334 15674 12689 12547 12198 4049 994 3055 2896 8149 660 19027 15929 1578 10937 10573 9887 9297 8960 763 530 5052 3990 590 14115 10364 7822 157 109 7665
is_linear=0
shrinkage=0.092745


Tree=89
num_leaves=47
num_cat=0
split_feature=65 33 42 84 30 55 11 46 3 22 23 72 3 34 26 7 1 14 34 3 29 62 56 91 17 62 77 43 89 66 20 24 34 55 11 0 42 86 58 35 30 88 94 78 85 44
split_gain=165.44 194.079 207.847 203.061 190.477 192.212 205.122 194.565 220.727 191.607 179.879 224.574 177.617 169.377 164.218 151.528 151.363 253.963 155.365 184.406 151.183 150.485 148.503 155.845 143.738 141.616 142.428 139.694 139.956 138.093 184.432 135.715 134.443 218.239 151.544 131.652 137.254 138.762 134.524 130.639 130.467 127.663 126.134 125.755 123.531 120.26
threshold=0.050490086676567854 -0.083952524979171592 -0.047668455225916388 0.05065767875757516 0.064317477942118659 0.010551932312396503 0.062024827971586906 0.020592769871735455 -0.055294504275847194 -0.064047530298571395 -0.030121897184032746 0.058442664100143607 -0.16908308015165413 -0.026247808761121445 0.04585674816775006 0.15998967271130632 -0.029124226164900648 -0.031540297427331242 0.055583700904511257 -0.14289358475273709 -0.039241921279345844 -0.0167313136732174 -0.035560675684953143 0.010358721399512752 -0.11615979039837203 -0.029872657047209497 -0.0038058528587739996 0.12587857443913184 0.0087635579300218026 -0.00089818198308354985 0.04684275360392031 -0.030953139470935996 0.061630353047379953 -0.013418946923404248 -0.041439864055435989 0.18844161107653518 0.019577439273176105 0.029461113500850702 0.06342462965549811 -0.012791441620760598 0.041417812498539056 0.05233680917875911 -0.062619008951029634 -0.015090475954190498 -0.041420225784614441 -0.034654156836352291
decision_type=2 2 2 2 2 2 2 2 2 2 2 2 2 2 2 2 2 2 2 2 2 2 2 2 2 2 2 2 2 2 2 2 2 2 2 2 2 2 2 2 2 2 2 2 2 2
left_child=1 24 27 4 5 6 7 9 -9 -4 12 13 -7 -12 -14 22 18 45 19 -6 39 -22 23 -5 -1 -26 40 32 -29 30 -2 -20 -3 34 -34 36 38 -38 -24 -19 -27 -25 -21 -42 -28 -18
right_child=29 2 3 15 16 10 -8 8 -10 -11 11 -13 14 -15 -16 -17 17 20 31 42 21 -23 35 41 25 26 44 28 -30 -31 -32 -33 33 -35 -36 -37 37 -39 -40 -41 43 -43 -44 -45 -46 -47
leaf_value=-0.18439241333324816 0.0087965850595792486 0.017204868824520936 0.018365399731632582 -0.025089026866058524 -0.12517406731590633 -0.18212463147260713 0.015387647103098477 -0.024949050660136422 0.011713682189321529 -0.0097604401547411023 0.029770101527049585 -0.037299753179870936 -0.012213778280454035 0.0087287581953922697 0.028210778939741939 -0.16621812651606924 -0.06387546593235148 -0.059524471456992238 -0.21575808410377326 -0.12056348241983708 -0.027815576657765937 -0.088200707517465282 -0.0046009485312266439 -0.13653533886018251 0.0085972416168120982 -0.024361436014835848 0.037162292455428569 -0.18044211240291733 0.020791607874760202 0.023054240913958746 -0.043751010231934243 -0.03965255744380515 0.029493973637923328 0.013536902908923744 -0.1062512438416305 0.0066225407204920442 -0.032932286158693917 -0.1173215334639465 -0.14336116615790029 0.037069137261782237 -0.029357280616249492 0.033485952001910319 0.011903405147533816 0.1304109710825522 -0.066433339621423268 0.023780256480101243
leaf_weight=47 3263 8915 2224 581 91 49 4884 1664 9331 32841 4211 784 5085 15073 1041 59 163 215 44 63 579 922 1722 236 938 790 109 64 55 4700 697 255 93 697 292 2103 677 223 62 273 72 45 2665 102 1046 766
leaf_count=47 3263 8915 2224 581 91 49 4884 1664 9331 32841 4211 784 5085 15073 1041 59 163 215 44 63 579 922 1722 236 938 790 109 64 55 4700 697 255 93 697 292 2103 677 223 62 273 72 45 2665 102 1046 766
internal_value=-3.00512e-06 -0.00104656 -0.000330736 -0.0017638 -0.000602958 0.000637672 -0.0026839 -0.0046005 0.00616334 -0.00797603 0.00708612 0.0113457 -0.00675453 0.0133246 -0.00534115 -0.0186856 -0.0164694 -0.0316504 -0.0022562 0.00448418 -0.0503484 -0.0649264 -0.017134 -0.0525682 -0.0238814 -0.0213922 -0.0346732 0.0122658 -0.0874934 0.0123045 -0.000451364 -0.0657944 0.0134571 -0.0174057 -0.0734279 -0.0107477 -0.0243622 -0.0538878 -0.00945314 -0.00546945 -0.00833306 -0.109253 0.00882694 0.0642819 -0.0566382 0.00837082
internal_weight=110811 102151 99047 88931 83223 77187 50944 46060 10995 35065 26243 20068 6175 19284 6126 5708 6036 2918 3118 2819 1989 1501 5649 862 3104 3057 2119 10116 119 8660 3960 299 9997 1082 385 4787 2684 900 1784 488 964 281 2728 174 1155 929
internal_count=110811 102151 99047 88931 83223 77187 50944 46060 10995 35065 26243 20068 6175 19284 6126 5708 6036 2918 3118 2819 1989 1501 5649 862 3104 3057 2119 10116 119 8660 3960 299 9997 1082 385 4787 2684 900 1784 488 964 281 2728 174 1155 929
is_linear=0
shrinkage=0.092745


Tree=90
num_leaves=47
num_cat=0
split_feature=24 73 77 87 70 4 29 56 29 100 21 36 91 20 0 58 25 12 33 42 34 59 26 43 90 32 31 84 96 5 92 3 23 60 34 21 77 72 80 3 65 100 61 28 63 39
split_gain=160.783 187.914 182.061 213.765 195.337 184.384 181.787 174.613 173.659 177.016 183.748 196.508 171.405 171.491 165.432 187.158 178.534 170.134 165.007 212.165 167.578 162.135 182.539 172.218 160.958 163.292 160.074 174.556 173.697 172.543 164.599 151.912 149.712 159.281 150.097 176.328 144.39 142.748 140.548 156.077 157.952 154.06 140.352 150.921 140.27 138.738
threshold=0.07645789768128107 -0.04939429606391154 -0.0023089160714086497 0.0080159428036688015 0.0012904425263645001 -0.0018155148190290499 0.049306227442197106 -0.040295038802366845 0.063527851539054658 -0.22549999999999998 0.069581063249944966 0.034061077715493153 -0.052534286890339142 -0.040774092789886189 0.15981378438098828 -0.035235596462214795 -0.0110198908626478 -0.011709083790774198 -0.071836075458651991 -0.044026473088202296 0.0067645321301162001 -0.0057746428602206993 -0.0098647202116160983 0.00036598017725810003 0.031793967708981109 0.1179464241777554 -0.03177757148476739 0.033570038825599453 -0.063216688629569889 0.025012278780162402 0.039254088785228958 -0.07591813987519723 -0.030724704823723796 0.014346936594497952 -0.041643318201614495 -0.071252759403181584 -0.013447533711633748 0.024786067239898603 0.036987062521771009 -0.0072382504650337987 0.028890680581397401 -0.95584999999999987 -0.017455594671394698 -0.064682022486341986 0.021303620910922551 -0.053270232104923043
decision_type=2 2 2 2 2 2 2 2 2 2 2 2 2 2 2 2 2 2 2 2 2 2 2 2 2 2 2 2 2 2 2 2 2 2 2 2 2 2 2 2 2 2 2 2 2 2
left_child=2 -2 3 5 12 7 26 -1 9 10 18 -12 -4 -14 15 -9 17 -17 42 -20 -21 23 -23 -11 25 32 29 -28 -29 -7 -30 -18 -5 -34 -35 -36 -31 -24 39 40 -16 -40 -6 -44 -8 -15
right_child=1 -3 4 24 8 6 44 14 -10 21 11 -13 13 45 38 16 31 -19 19 20 -22 22 37 -25 -26 -27 27 28 30 36 -32 -33 33 34 35 -37 -38 -39 41 -41 -42 -43 43 -45 -46 -47
leaf_value=-0.023967862600731988 0.032598904256217739 -0.020297989695805211 0.02169274592806486 -0.015974464796892487 0.05652370365727015 0.010667988414406734 0.0035924329898124807 0.02782410758379782 -0.02342856238252208 -0.0053641086629703299 0.022946700459002378 0.13204327611181974 0.0060269634465462407 0.0085991826394964267 0.018999534095719486 0.003354127176630005 -0.094761256382745657 -0.052968255476830595 0.057115942792805408 0.021649556427390977 -0.0044523809800215098 -0.033500513833569334 0.0075896679633505656 0.027170989260306842 -0.022618356437148122 0.1047723371013214 0.032512910268222596 0.14270773944741344 -0.021437198877375174 -0.022452738638938353 0.068228409774747173 0.0044296501360439767 0.011442562050176505 0.032215259824991453 -0.12238807489358244 -0.013620327089435858 -0.15530446039474616 -0.030853522382171403 -0.18491577507844204 0.037114010401896609 -0.035537148549088855 -0.0075657026368486455 -0.20806330351235064 -0.04202618732156492 -0.060316677695195588 -0.0154208465924272
leaf_weight=1820 646 5430 1585 3852 104 2229 1310 1407 1947 3029 380 227 4937 2297 1890 724 137 1269 891 4563 3943 2213 3631 2600 2913 129 8122 68 1237 256 205 4070 9373 606 133 3396 97 1077 44 3049 602 873 54 361 381 20704
leaf_count=1820 646 5430 1585 3852 104 2229 1310 1407 1947 3029 380 227 4937 2297 1890 724 137 1269 891 4563 3943 2213 3631 2600 2913 129 8122 68 1237 256 205 4070 9373 606 133 3396 97 1077 44 3049 602 873 54 361 381 20704
internal_value=-3.21396e-06 -0.0146705 0.000847587 0.0048786 -0.00286162 0.00988756 0.0176864 0.00305975 0.00316703 0.00541214 0.0142836 0.0638109 -0.00797119 -0.00965481 0.00655849 -0.00270769 -0.0096396 -0.0325035 0.0112487 0.0140618 0.00954852 -0.00202554 -0.0115331 0.00966184 -0.0024346 0.000926777 0.0216325 0.0271296 -0.00181785 0.00111975 -0.00866957 0.00119007 0.000152618 0.00475274 -0.0104078 -0.017733 -0.0590934 -0.00120302 0.017475 0.023042 0.00581691 -0.0161452 -0.0396384 -0.063792 -0.0108066 -0.0130214
internal_weight=110811 6076 104735 50192 54543 29790 13905 15885 25020 23073 10523 607 29523 27938 14065 7607 6200 1993 9916 9397 8506 12550 6921 5629 20402 17489 12214 9632 1510 2582 1442 4207 17360 13508 4135 3529 353 4708 6458 5541 2492 917 519 415 1691 23001
internal_count=110811 6076 104735 50192 54543 29790 13905 15885 25020 23073 10523 607 29523 27938 14065 7607 6200 1993 9916 9397 8506 12550 6921 5629 20402 17489 12214 9632 1510 2582 1442 4207 17360 13508 4135 3529 353 4708 6458 5541 2492 917 519 415 1691 23001
is_linear=0
shrinkage=0.092745


Tree=91
num_leaves=47
num_cat=0
split_feature=93 11 38 70 63 82 86 91 80 100 77 58 9 85 26 31 79 74 62 94 72 24 10 3 97 70 49 43 34 90 32 50 23 88 72 21 67 45 9 59 34 80 6 96 8 11
split_gain=157.047 185.558 181.424 210.257 201.822 221.646 276.925 190.177 207.217 190.155 170.856 170.828 167.793 201.157 177.257 162.768 160.987 157.222 147.105 146.659 152.298 144.657 141.041 151.787 185.317 200.68 217.318 156.332 146.782 162.566 160.141 186.54 138.116 141.521 140.703 137.436 133.135 130.866 135.515 129.291 129.385 133.859 129.252 128.456 128.205 129.926
threshold=0.028894428430656451 0.11045235322052467 0.056013218138260261 0.041751654694037556 0.0047384361333897016 -0.0025427654077428996 0.018690511344879954 -0.027968539297880745 0.059623638919799611 -0.96374999999999988 0.026589222574188501 0.044237965196011454 -0.013826940947988298 -0.023154509388797696 0.061723031694539805 0.029734966096061854 -0.01231318402128955 0.033404402862275508 -0.03413686655266799 -0.060294443153616546 -0.030928524942361348 0.072813915946014163 0.087008087989963914 0.030299220900313905 -0.038424481762221241 0.012562431323180351 -0.018005704508361049 -0.031977705197597392 0.056937387162071307 0.012285420133373701 0.06309750241676837 0.031625973433665557 -0.064863385946151278 -0.082142315433056431 0.032830970547136261 -0.066164460506163439 0.019189156222602602 0.098067268869661162 0.11142375113730567 -0.016557091769597396 0.020762557318980902 0.031415986468218159 0.038194657968476604 0.048954047731265056 0.19520345599467237 0.033331188912264061
decision_type=2 2 2 2 2 2 2 2 2 2 2 2 2 2 2 2 2 2 2 2 2 2 2 2 2 2 2 2 2 2 2 2 2 2 2 2 2 2 2 2 2 2 2 2 2 2
left_child=1 2 3 4 7 21 19 -1 9 11 15 -9 17 -14 35 -8 -11 18 -2 20 -7 42 23 24 25 -4 -27 -26 29 -25 31 -31 -5 -34 -35 39 -21 38 44 -15 41 -41 -6 -23 45 -37
right_child=12 -3 22 32 5 6 10 8 -10 16 -12 -13 13 14 -16 -17 -18 -19 -20 36 -22 43 -24 28 27 26 -28 -29 -30 30 -32 -33 33 34 -36 37 -38 -39 -40 40 -42 -43 -44 -45 -46 -47
leaf_value=0.019451558237443215 0.036251237966847094 0.031409937697513948 -0.035703902115896587 -0.024046012372867222 0.0011569435326396465 -0.18529816815730071 -0.03296464508386427 -0.024333798660407465 -0.032697407799294698 0.01481881411306162 -0.068030057566205421 -0.16030243229412403 0.0065089257443349388 -0.0087835384977990125 0.034090905488637802 0.017574012222526591 0.00053390398946228713 -0.021922753111860708 0.0017962733706127674 -0.0093320715778063088 -0.033985819509202431 -0.048611353671032795 0.039294243679556848 0.023660177192531325 0.015921425395817517 0.013681312843241276 -0.24430378874610043 -0.031848811516519748 -0.065855854392386351 -0.03823335921013498 -0.16083984810910779 0.06701658117563658 0.081963788383169117 0.023058733128817139 -0.0082627236324253599 -0.030906788692785334 0.011711610927186648 0.064624716450136427 -0.081130088516573773 -0.19352337773343817 -0.019343795763081918 0.0065938217957576565 0.023288128016757146 0.099772084586782189 0.10543010410467106 -0.00090358827654265486
leaf_weight=6577 1308 1763 223 687 11674 70 2703 898 1401 9844 908 87 2691 154 444 687 21851 1892 5758 9461 311 659 415 1682 747 38 106 2782 264 627 69 188 298 6220 1538 4849 3558 143 350 157 85 35 2818 54 67 1670
leaf_count=6577 1308 1763 223 687 11674 70 2703 898 1401 9844 908 87 2691 154 444 687 21851 1892 5758 9461 311 659 415 1682 747 38 106 2782 264 627 69 188 298 6220 1538 4849 3558 143 350 157 85 35 2818 54 67 1670
internal_value=-2.97081e-06 0.00161558 0.00102807 0.00225858 0.000642284 -0.00475764 -0.0118133 0.00501258 0.00222558 0.00372343 -0.0322978 -0.0364 -0.00753431 -0.0154056 -0.0228214 -0.0227181 0.00497111 0.00181802 0.00817743 -0.00524144 -0.0619397 0.00345407 -0.0131518 -0.0163914 -0.0282651 -0.0909764 -0.176237 -0.0217327 -3.90134e-05 0.00673373 -0.0254543 -0.0139231 0.0158556 0.0192607 0.0168475 -0.0261892 -0.0035798 -0.0230885 -0.0249014 -0.0770355 -0.114883 -0.157017 0.00546171 -0.0373188 -0.0219078 -0.0232232
internal_weight=110811 91208 89445 82304 73561 32903 17698 40658 34081 32680 4298 985 19603 10645 7954 3390 31695 8958 7066 13400 381 15205 7141 6726 3896 367 144 3529 2830 2566 884 815 8743 8056 7758 7510 13019 7079 6936 431 277 192 14492 713 6586 6519
internal_count=110811 91208 89445 82304 73561 32903 17698 40658 34081 32680 4298 985 19603 10645 7954 3390 31695 8958 7066 13400 381 15205 7141 6726 3896 367 144 3529 2830 2566 884 815 8743 8056 7758 7510 13019 7079 6936 431 277 192 14492 713 6586 6519
is_linear=0
shrinkage=0.092745


Tree=92
num_leaves=47
num_cat=0
split_feature=9 1 5 44 17 21 14 90 6 38 75 1 63 12 70 0 0 3 19 77 25 24 90 89 94 89 33 60 5 1 58 36 76 13 40 54 93 100 38 46 90 69 57 0 16 94
split_gain=153.369 209.131 194.527 174.881 166.887 229.27 237.018 205.556 195.875 210.609 178.378 178.348 368.83 223.297 174.586 168.868 167.227 161.68 153.296 147.336 144.993 168.383 151.425 148.284 178.231 144.517 144.36 143.134 168.504 155.158 141.065 137.082 132.858 166.514 142.004 131.362 133.398 135.718 129.522 125.914 125.636 124.133 120.302 130.229 171.877 124.347
threshold=0.059598292638332252 -0.15482403420593177 0.21947242103551204 -0.10984383459296625 -0.032491006462105891 -0.034327305991221545 -0.0131906404087447 0.041167102547564303 0.072241345341184815 0.054868104931076155 -0.046697762127403987 -0.0011303825497638498 0.033526475427076957 -0.007006876280395649 0.0053805968734753507 0.16925281293469427 0.093523567680457165 0.022690904490577004 -0.053261703926799193 0.029771913585817204 -0.0030961161106473995 0.12697600067501177 0.038719486246233802 0.021870763579060554 -0.065388917406707533 -0.0077880133117199995 -0.022174628940092648 0.039151047971006658 0.032318947704015458 -0.050552783436867393 -0.0082368580396582989 0.057966328256412007 0.020796636569955552 0.056589985345750708 0.051753087338606008 0.035927060652013461 0.010284999281407152 -0.94224999999999992 0.010045274276648702 -0.047364723834987639 -0.047248651064066394 -0.049903820076160045 -0.0062103541692446985 0.16191628433097635 -0.016009490025395545 -0.033508474398893741
decision_type=2 2 2 2 2 2 2 2 2 2 2 2 2 2 2 2 2 2 2 2 2 2 2 2 2 2 2 2 2 2 2 2 2 2 2 2 2 2 2 2 2 2 2 2 2 2
left_child=1 -1 3 17 5 6 7 40 9 11 25 13 -13 -6 16 -9 -12 -3 19 -8 21 22 26 24 -24 41 42 28 -10 -30 -16 -20 33 -11 -34 36 37 -22 -37 -29 -5 -7 43 -2 -45 -46
right_child=20 2 -4 4 8 10 18 15 27 32 14 12 -14 -15 30 -17 -18 -19 31 -21 35 -23 23 -25 -26 -27 -28 39 29 -31 -32 -33 34 -35 -36 38 -38 -39 -40 -41 -42 -43 -44 44 45 -47
leaf_value=0.036135495167645158 -0.12865058785756303 -0.062881258399874754 0.046068785948380354 0.11377993019397369 0.013446057154738823 -0.17148432964440469 0.02058090620024821 -0.18431541379460983 0.031534110898948406 -0.031930773550154785 -0.048600293582411622 0.0018908601146269345 -0.031141176990984541 -9.0909370655323471e-05 0.029938256904952068 -0.020527268629221097 -0.0027039924759296474 0.07276180696020533 -0.05800291256154614 -0.079043255418329059 -0.053595858688671866 -0.16667284278181752 -0.21710583484354726 -0.10519366756705832 -0.0033960592960999595 -0.0074603324945060612 0.016871316904417462 0.084954836184375895 -0.048826159588418648 0.017004081567643763 0.0010392531116868902 0.017865450672446454 -3.4116255622913011e-05 0.019847016750559308 0.10599813622582564 -0.021665916300527055 -0.031104953803961555 0.0028043517368902698 -0.085236006890888102 -0.025535723593891599 0.013155310305369575 -0.049729923642558016 0.0053844485318436724 -0.088027314409808405 -0.11955705167677608 0.036241289938102654
leaf_weight=1462 128 607 809 119 19487 83 561 75 4615 3561 743 14122 3661 22676 2644 194 8413 86 2150 165 407 51 35 193 693 866 4161 98 468 899 3227 226 1215 628 119 704 2192 3707 454 908 1021 544 1040 231 51 312
leaf_count=1462 128 607 809 119 19487 83 561 75 4615 3561 743 14122 3661 22676 2644 194 8413 86 2150 165 407 51 35 193 693 866 4161 98 468 899 3227 226 1215 628 119 704 2192 3707 454 908 1021 544 1040 231 51 312
internal_value=-2.89152e-06 0.00132829 0.000792318 0.000403117 0.000747416 -0.00652568 -0.0250563 0.00647814 0.00285867 0.00128299 -0.00146448 0.00287989 -0.00490909 0.00616536 0.00157262 -0.0663908 -0.00643132 -0.0460055 -0.0393837 -0.00206433 -0.00894547 0.000749314 0.0020058 -0.03297 -0.0137704 -0.0320364 0.00744802 0.0176183 0.0230624 -0.00552877 0.014057 -0.0507795 -0.0160464 -0.0241644 0.00943496 -0.0179027 -0.012626 -0.00277536 -0.0466156 -0.0147376 0.0236969 -0.0659398 -0.0147967 -0.043876 -0.0255321 0.014238
internal_weight=110811 96452 94990 94181 93488 21031 4511 1409 72457 65469 16520 59946 17783 42163 15027 269 9156 693 3102 726 14359 6895 6844 921 728 1493 5923 6988 5982 1367 5871 2376 5523 4189 1334 7464 6306 4114 1158 1006 1140 627 1762 722 594 363
internal_count=110811 96452 94990 94181 93488 21031 4511 1409 72457 65469 16520 59946 17783 42163 15027 269 9156 693 3102 726 14359 6895 6844 921 728 1493 5923 6988 5982 1367 5871 2376 5523 4189 1334 7464 6306 4114 1158 1006 1140 627 1762 722 594 363
is_linear=0
shrinkage=0.092745


Tree=93
num_leaves=47
num_cat=0
split_feature=26 94 23 48 66 39 33 24 10 14 68 81 90 21 4 22 28 68 77 0 95 69 25 68 20 63 53 49 62 67 62 41 6 49 97 68 33 83 76 97 19 54 82 99 26 97
split_gain=153.062 218.936 249.318 220.63 190.045 220.64 213.167 211.266 175.282 192.195 184.748 193.278 190.357 180.977 161.117 160.366 162.782 162.157 159.543 156.871 149.47 142.249 149.98 141.422 139.232 138.14 160.659 192.407 243.001 143.22 131.273 139.914 133.311 151.299 181.177 127.169 127.059 168.211 150.455 125.487 163.03 125.062 131.506 124.749 129.242 123.948
threshold=0.028181144935968353 0.010959018403270352 -0.023402473593940248 -0.007416445012973949 0.015771601277762105 -0.046772207183526843 0.10382802237438966 -0.025939538626586097 -0.072482621329070282 -0.041883652800327596 0.011654066894264401 -0.039788756960711644 -0.025149604657892947 0.032476060363837655 0.018899449698649203 0.076900539551017361 0.075295966775113007 -0.078843772711572294 -0.039294930069071789 0.13986206392676553 0.027242051389549403 0.05692046449770901 -0.028955220136756946 0.040697587869175302 0.093505484769818112 0.0051024057733178507 -0.019586388322737045 -0.049160298281738339 -0.0065388101073816486 -0.063841206790145641 0.052951224470425259 0.11591137826311061 -0.05522910473238369 -0.04228811109570934 -0.0030671779094910995 0.027133921990516504 -0.025954234593641747 -0.012449996438957698 0.065335787221194014 0.0046271138183376003 0.04399051937732771 0.029097440109044654 -0.020771508348808445 -0.046496943661289293 -0.015379886748925098 -0.040816033804748887
decision_type=2 2 2 2 2 2 2 2 2 2 2 2 2 2 2 2 2 2 2 2 2 2 2 2 2 2 2 2 2 2 2 2 2 2 2 2 2 2 2 2 2 2 2 2 2 2
left_child=1 4 23 20 6 -6 7 -1 9 35 12 19 14 -14 -10 16 17 -5 -13 -12 36 25 -23 30 -11 29 27 -27 -29 -7 31 32 -3 34 -34 -9 -4 45 -39 40 -19 -28 -43 -17 -45 -38
right_child=-2 2 3 15 5 21 -8 8 10 24 11 18 13 -15 -16 43 -18 39 -20 -21 -22 22 -24 -25 -26 26 41 28 -30 -31 -32 -33 33 -35 -36 -37 37 38 -40 -41 -42 42 -44 44 -46 -47
leaf_value=0.0020511479709363527 0.0062866740853857643 0.02016785004507746 0.0053677212182352786 -0.070926105040752613 0.032573162431792875 -0.051446641801985681 0.055293314632329713 0.080001524158883619 -0.011533319972318722 -0.060765826428001532 -0.13883345880636233 0.042597082799368892 -0.026532533830273937 0.0014747103113783662 0.03280205803409364 -0.17904640229678004 0.058778698592652223 0.016783670166949677 -0.0013928541236939286 -0.026835086091276491 -0.0044222839085771978 -0.053138428678242484 0.063358852498201626 0.026330148170711172 0.085511269630919401 -0.11464873513621736 -0.011720864197067247 0.011448374713555549 -0.053879775472904325 0.0083695452872381629 -0.063603694632455035 -0.12757633536340918 -0.11487411655403038 -0.0093460383591118402 -0.017265401197267456 -0.093030598343535997 -0.06698564576932127 0.047853217916381918 -0.055104881762567531 -0.0079143770675506615 -0.031581415647118131 -0.015733341122214195 0.050783967410523018 -0.069778547757801582 0.016070586011778843 0.017844963242146246
leaf_weight=9927 25593 1089 1944 257 1917 361 440 160 2136 1391 132 780 12094 2373 1052 53 449 5889 7777 580 1715 116 519 825 58 224 3085 903 1069 7309 435 87 272 4506 411 47 161 3617 126 4767 667 417 659 333 275 1814
leaf_count=9927 25593 1089 1944 257 1917 361 440 160 2136 1391 132 780 12094 2373 1052 53 449 5889 7777 580 1715 116 519 825 58 224 3085 903 1069 7309 435 87 272 4506 411 47 161 3617 126 4767 667 417 659 333 275 1814
internal_value=-2.96794e-06 -0.00189207 0.00453619 0.00953217 -0.00532978 0.00298585 -0.00886993 -0.00960384 -0.0136526 -0.04294 -0.0118502 -0.00124562 -0.0174169 -0.0219377 0.00309415 0.00155918 0.00400463 0.00187825 0.00261667 -0.0476653 0.0203203 -0.000882209 0.0420417 -0.00992037 -0.0548856 -0.00282715 -0.0129372 -0.0332315 -0.0239611 0.00555062 -0.0143213 -0.0109484 -0.00932429 -0.0155171 -0.0561891 0.0405742 0.0258602 0.0328242 0.0443798 0.00353366 0.0118598 -0.002222 0.0249954 -0.0429054 -0.030937 0.0109141
internal_weight=110811 85218 29692 22067 55526 16579 38947 38507 28580 1656 26924 9269 17655 14467 3188 12690 12029 11580 8557 712 9377 14662 635 7625 1449 14027 6357 2196 1972 7670 6800 6365 6278 5189 683 207 7662 5718 3743 11323 6556 4161 1076 661 608 1975
internal_count=110811 85218 29692 22067 55526 16579 38947 38507 28580 1656 26924 9269 17655 14467 3188 12690 12029 11580 8557 712 9377 14662 635 7625 1449 14027 6357 2196 1972 7670 6800 6365 6278 5189 683 207 7662 5718 3743 11323 6556 4161 1076 661 608 1975
is_linear=0
shrinkage=0.092745


Tree=94
num_leaves=47
num_cat=0
split_feature=88 45 24 59 1 32 23 3 42 79 46 74 91 4 100 53 43 56 70 100 86 39 27 26 12 60 32 67 38 26 12 100 62 93 12 42 79 78 0 5 79 4 84 72 41 20
split_gain=150.312 194.335 193.924 186.07 245.322 320.847 199.228 180.541 175.71 167 196.414 177.432 164.47 161.743 158.413 156.291 193.773 175.002 154.911 159.423 154.56 188.836 152.743 151.852 159.929 150.999 168.089 185.735 148.694 144.483 141.332 158.243 148.549 140.512 140.316 189.182 155.446 139.217 136.838 195.857 208.006 215.994 212.159 139.972 192.803 136.732
threshold=-0.0061611773278860494 0.038921726551335856 0.10994557259447872 -0.022065072575168196 0.016521050577421304 -0.0030670098104491994 0.0046368684344818513 -0.10152016796101658 0.056756531938173857 -0.010633954929502849 -0.021869318380333947 -0.013860359730477398 0.071756836734820112 -0.19748487446538143 -0.96374999999999988 -0.0073137622242783994 0.028348726875958751 1.0000000180025095e-35 0.084852491175839012 -0.10264999999999998 0.0029788179080647505 0.037044590903939759 -0.013811225713171648 0.065229474787463063 -0.042455533056857342 0.019754908922784854 0.033862512628945456 0.030995958746042652 0.081297642676582557 0.13521239938327292 0.028734757832419053 -0.29519999999999996 0.022645124665801205 -0.0062453671516617491 0.004697494902706551 0.037900250347264609 0.030567117040335056 0.044286693128991854 0.067923067979694468 0.0043647935788894508 -0.024562244802536045 -0.0031002085109426499 0.0077345268494080008 0.024786067239898603 -0.0080926817911254976 -0.0075415243570058988
decision_type=2 2 2 2 2 2 2 2 2 2 2 2 2 2 2 2 2 2 2 2 2 2 2 2 2 2 2 2 2 2 2 2 2 2 2 2 2 2 2 2 2 2 2 2 2 2
left_child=1 3 9 13 6 22 8 -7 15 10 20 30 29 -1 -12 16 -5 -17 -13 -20 21 37 34 28 -25 26 27 -23 -4 -3 31 -11 -32 -34 35 36 -6 -2 39 -16 41 -41 -42 -40 -45 -19
right_child=2 12 23 4 5 7 -8 -9 -10 11 14 18 -14 -15 38 17 -18 45 19 -21 -22 25 -24 24 -26 -27 -28 -29 -30 -31 32 -33 33 -35 -36 -37 -38 -39 43 40 42 -43 -44 44 -46 -47
leaf_value=0.089953397689961967 0.017840386207878225 0.019711511638494883 -0.04848947977141449 -0.0061967154719950908 -0.080974383975374639 0.051865076370160856 0.01235431794767999 -0.005370207605747984 -0.049732892806084922 0.024347805139787605 -0.037607849477550331 -0.010932594191389288 -0.073009123250106292 0.010790855598052075 0.034731304191188146 0.023589674806188808 -0.055989487938339161 0.018701402682053194 0.11654566657643749 -0.013915656200269706 -0.026580261389697765 -0.1275767743411397 -0.021696542361515216 -0.1072303486311816 0.11615162135323875 0.028508036012035675 0.016492318250397646 0.029207390785136542 -0.22128804873824559 0.14899883082281262 -0.0014342118750080382 -0.00047390249966997906 -0.0037988466026434844 -0.077580131777371747 -0.027108467562560436 -0.18365983397876404 0.071766535317789107 -0.04032677682729581 0.01712559545285048 -0.065912221763961623 -0.093002701342746186 0.1474566085289318 -0.34250219720871333 0.021717375466625943 -0.024581319920342858 -0.022550057251111835
leaf_weight=227 3050 6278 821 3416 526 540 10447 3866 723 3566 597 26802 163 9677 236 2900 837 1058 167 155 2701 324 2607 39 92 204 158 81 45 75 2496 5803 395 508 603 142 64 400 12489 164 128 54 38 1354 1804 1991
leaf_count=227 3050 6278 821 3416 526 540 10447 3866 723 3566 597 26802 163 9677 236 2900 837 1058 167 155 2701 324 2607 39 92 204 158 81 45 75 2496 5803 395 508 603 142 64 400 12489 164 128 54 38 1354 1804 1991
internal_value=-2.92856e-06 0.00404094 -0.00288827 0.00159967 -0.00206881 -0.0155512 0.00319696 0.00164437 -0.00555858 -0.00225244 0.00389876 -0.00591988 0.0188836 0.0126092 0.00929748 -0.00242537 -0.0160024 0.00727896 -0.0101637 0.0537469 -0.00925958 0.00183218 -0.0347729 -0.04347 0.0494561 -0.0397791 -0.0645487 -0.0961878 -0.0575543 0.0212466 0.00309452 0.00897266 -0.0131033 -0.0453324 -0.0602882 -0.0875809 -0.0643561 0.0110896 0.0110204 -0.0316966 -0.072553 -0.0128732 -0.150689 0.0127144 -0.00472616 -0.00823096
internal_weight=110811 46140 64671 39624 29720 8348 21372 4406 10925 63674 23782 39892 6516 9904 16864 10202 4253 5949 27124 322 6918 4217 3942 997 131 767 563 405 866 6353 12768 9369 3399 903 1335 732 590 3450 16267 620 384 218 166 15647 3158 3049
internal_count=110811 46140 64671 39624 29720 8348 21372 4406 10925 63674 23782 39892 6516 9904 16864 10202 4253 5949 27124 322 6918 4217 3942 997 131 767 563 405 866 6353 12768 9369 3399 903 1335 732 590 3450 16267 620 384 218 166 15647 3158 3049
is_linear=0
shrinkage=0.092745


Tree=95
num_leaves=47
num_cat=0
split_feature=0 100 8 6 1 23 85 18 65 74 48 45 67 28 90 34 42 4 21 66 0 46 31 55 62 96 76 7 0 85 42 11 88 84 11 0 100 84 19 18 43 35 97 0 25 34
split_gain=150.627 310.374 277.606 237.306 230.445 270.319 204.548 201.881 196.255 224.041 208.25 193.231 187.666 182.626 208.207 202.982 190.197 196.422 173.4 166.306 175.427 163.229 168.289 162.027 161.788 160.066 158.736 157.197 226.603 157.12 223.192 155.814 154.528 150.263 182.188 216.835 205.238 145.107 144.99 144.122 141.767 167.95 172.588 137.924 188.17 152.987
threshold=0.23438136552888386 0.10280000000000002 -0.062690654425724732 0.13733598468869393 -0.12786072227555087 -0.018765607388578097 0.035586143175477904 -0.00078652285911139997 -0.041537570101971996 -0.0059262154210305484 -0.010699549625849748 0.011600898298799551 0.013654451451850501 0.046011906146956862 -0.046103924366362299 0.040669137828086753 -0.0084208323030805481 0.048883500584083306 0.0095292185073733524 -0.0024261533467476496 0.29393290231046054 0.015088630693024001 -0.044239685467829741 -0.028950894374596498 -0.056859378327842394 0.025022521669147053 0.010706014913068851 0.099374248208709659 0.13065871746805208 0.044116797313306706 0.0071977540302378008 -0.15516119816725618 0.040250138544105009 -0.026686430597503898 0.0014409928868787004 0.15911829521325913 -0.66004999999999991 -0.035270528726604695 -0.029741320619296796 0.021209975218721106 -0.012314963273039648 -0.017194663919532244 0.025596920080495602 0.10020182995503346 -0.019553339614852495 0.015331563755536352
decision_type=2 2 2 2 2 2 2 2 2 2 2 2 2 2 2 2 2 2 2 2 2 2 2 2 2 2 2 2 2 2 2 2 2 2 2 2 2 2 2 2 2 2 2 2 2 2
left_child=2 7 4 31 -1 6 18 11 10 25 21 -2 37 14 38 16 26 -18 -6 24 -21 -4 -23 -13 32 27 -16 40 -29 30 -12 -3 39 -27 35 36 -35 -7 -11 -9 43 -42 -43 44 -10 -45
right_child=1 3 8 -5 5 12 -8 19 9 13 29 23 -14 -15 15 -17 17 -19 -20 20 -22 22 -24 -25 -26 33 -28 28 -30 -31 -32 -33 -34 34 -36 -37 -38 -39 -40 -41 41 42 -44 45 -46 -47
leaf_value=0.03749311475355363 0.016448671145642906 -0.12842057580281316 -0.010285788227864552 0.038987141930198525 -0.060121515319609575 0.026169029072902351 -0.12442722922985469 -0.021307254277142244 -0.12449481709573573 0.059655338281640609 -0.013097576418670018 0.0063552931243524187 0.021910487762727426 0.013987483191238029 -0.0029138047699397976 -0.027539685443301709 -0.01286732052699879 0.015441498149021963 0.0010053146222404254 0.0086515068519100527 0.057517656575658098 -0.039207345868847041 0.050011852655858877 0.067903495548051723 -0.015112968150307996 0.022988595373607028 0.020237364393901676 -0.15144068859158194 -0.010072842490243247 0.014981687210798357 -0.054075077263502545 -0.0091349147374043139 -0.11883620121261294 -0.12479113991943885 0.0045052931261183394 -0.0039539706796370621 -0.037150050173786697 -0.034556582637762005 0.0071296393446624341 0.13002809399650958 0.0040130882227855163 0.029003650460187217 -0.0059010399137370082 0.016278401683260512 -0.012867916186537714 -0.011093203465026447
leaf_weight=536 3205 95 2157 925 1258 405 291 78 148 642 2617 485 1077 4793 7218 3679 18857 2373 584 2600 835 225 941 1531 2982 1158 3936 108 986 740 2032 8374 37 314 2231 1150 860 2048 1529 175 5442 8819 1413 5225 1052 2645
leaf_count=536 3205 95 2157 925 1258 405 291 78 148 642 2617 485 1077 4793 7218 3679 18857 2373 584 2600 835 225 941 1531 2982 1158 3936 108 986 740 2032 8374 37 314 2231 1150 860 2048 1529 175 5442 8819 1413 5225 1052 2645
internal_value=-2.90504e-06 0.00700213 -0.00167212 -0.00560562 -0.0206063 -0.0261094 -0.0521761 0.0169325 -0.000262685 0.00127588 -0.0134346 0.0306081 -0.0103518 -0.00307685 -0.00521648 -0.00689606 -0.00455019 -0.00970227 -0.0407369 0.00628396 0.0205379 0.00482231 0.0327784 0.0531063 -0.00867642 0.00721224 0.00525482 0.0103187 -0.0240771 -0.0246944 -0.0310133 -0.0104789 0.0574119 -0.00683458 -0.0144204 -0.0325929 -0.0606269 -0.0245231 0.0226744 0.083346 0.0118402 0.0171805 0.0241821 0.00260986 -0.0266729 0.00707737
internal_weight=110811 21322 89489 9394 6199 5663 2133 11928 83290 74578 8712 5221 3530 43027 38234 36063 32384 21230 1842 6707 3435 3323 1166 2016 3272 31551 11154 25838 1094 5389 4649 8469 290 5713 4555 2324 1174 2453 2171 253 24744 15674 10232 9070 1200 7870
internal_count=110811 21322 89489 9394 6199 5663 2133 11928 83290 74578 8712 5221 3530 43027 38234 36063 32384 21230 1842 6707 3435 3323 1166 2016 3272 31551 11154 25838 1094 5389 4649 8469 290 5713 4555 2324 1174 2453 2171 253 24744 15674 10232 9070 1200 7870
is_linear=0
shrinkage=0.092745


Tree=96
num_leaves=47
num_cat=0
split_feature=19 28 69 15 95 4 100 0 7 60 22 68 35 36 57 24 21 84 89 20 17 11 83 73 86 40 3 66 7 4 26 30 59 6 81 70 73 15 39 42 43 61 84 28 48 3
split_gain=143.68 179.608 160.18 178.985 175.279 224.139 177.417 200.514 184.837 165.15 202.228 152.831 146.076 138.997 148.481 148.382 153.87 157.116 146.69 137.693 155.89 137.689 135.133 134.333 133.368 130.205 161.284 129.526 125.413 143.109 121.777 120.121 119.985 147.021 133.019 119.415 118.654 133.782 118.676 117.956 117.332 117.054 135.554 113.106 111.244 106.912
threshold=-0.10105715696322749 -0.087112539293808286 0.045138791043896155 0.11429078169592517 0.027242051389549403 -0.0063449818891843993 -0.96934999999999993 0.24971624515817006 0.17465723710244555 -0.017372835255518946 0.030205026631681255 -0.078843772711572294 -0.021072753231649446 -0.090353676071055392 0.012499492038991452 0.099487548053832406 0.026410649511256701 -0.045784286414877591 0.030681141509648357 0.020119657372313002 -0.062323153462429844 0.049292746453985202 0.051690059600427059 0.045734464666953106 0.028299683065713253 0.046663584848919061 0.13083336982658827 -0.0026871934138500996 -0.016235313855141948 -0.17359280291342613 0.010210362950686601 0.0075066494850659004 0.052857304932646461 -0.076631366690939992 -0.0056238487956335988 -0.076199682763432128 -0.053298034007447141 -0.0035621910404385498 0.055353824645254311 0.0006962232716896501 -0.0035940272447663999 0.0039662815024232509 -0.015570784896977198 -0.087112539293808286 0.070489362005680359 0.03870733624931131
decision_type=2 2 2 2 2 2 2 2 2 2 2 2 2 2 2 2 2 2 2 2 2 2 2 2 2 2 2 2 2 2 2 2 2 2 2 2 2 2 2 2 2 2 2 2 2 2
left_child=28 13 3 4 6 12 7 22 9 44 -11 24 35 -2 15 16 17 -15 41 -19 -21 27 31 -9 30 26 -13 -10 29 -1 -7 -3 -4 34 -34 -6 37 -14 -38 -17 -37 42 -18 -31 -8 -30
right_child=1 2 32 -5 5 11 8 23 21 10 -12 25 36 14 -16 39 18 19 -20 20 -22 -23 -24 -25 -26 -27 -28 -29 45 43 -32 -33 33 -35 -36 40 38 -39 -40 -41 -42 -43 -44 -45 -46 -47
leaf_value=0.10983570654277455 0.086985817459434872 -0.021182766175914303 0.014857214002294644 0.028386544728829448 -0.14291628838604434 -0.21355715218464205 0.0096047217804944851 0.052023995132239612 -0.13283091855591347 0.0015247114545377371 -0.012609218057023336 -0.0048124286701411835 0.092750587186926969 0.043594103222684033 0.00078148465459162357 -0.23835297074202189 0.034998564427051147 -0.021776144089578665 0.10035670799338917 -0.2058255697178884 -0.067538292598215935 0.023967511494614915 0.086630013723757365 -0.12531478347629399 0.029068766400944149 0.032796664372772517 0.086540122347509463 -0.028198344841757029 0.026527948002754771 0.12500676318214987 -0.0076224376521898023 -0.075745080517405736 -0.20615178048130292 -0.0033047877572951081 -0.033885643745695998 -0.012109531466167821 -0.013267545281851293 -0.010924055909789831 -0.068511816309049192 -0.057716785612101258 -0.054731559272387986 0.029134905208889256 -0.11009496642214547 -0.014511889149296704 -0.019744921518555954 0.087868121811855229
leaf_weight=95 101 662 9031 1750 95 75 21107 332 202 40889 11063 6979 185 149 1401 54 84 590 118 77 781 149 65 41 56 1019 170 206 1039 52 37 732 61 998 105 958 4248 253 363 74 1326 258 161 1128 1172 320
leaf_count=95 101 662 9031 1750 95 75 21107 332 202 40889 11063 6979 185 149 1401 54 84 590 118 77 781 149 65 41 56 1019 170 206 1039 52 37 732 61 998 105 958 4248 253 363 74 1326 258 161 1128 1172 320
internal_value=-2.75105e-06 -0.000524019 0.00020165 -0.000994178 -0.00155096 -0.0104571 0.000281271 -0.028231 0.000979992 0.00137966 -0.00148485 -1.60487e-05 -0.0221722 -0.0202009 -0.0231001 -0.0373661 -0.0317441 -0.0469758 0.00740829 -0.0563117 -0.0800289 -0.052233 -0.0437477 0.0324135 -0.0875049 0.00178475 -0.00263483 -0.0800918 0.021398 0.000492619 -0.145839 -0.0498533 0.0112442 -0.0167727 -0.0975156 -0.0411213 -0.0132393 0.0328662 -0.0176236 -0.13439 -0.0368639 -0.0144142 -0.0603101 -0.0083233 0.00805992 0.040997
internal_weight=110811 108177 104329 94134 92384 15764 76620 1832 74788 74231 51952 8336 7428 3848 3747 2346 2218 1597 621 1448 858 557 1459 373 168 8168 7149 408 2634 1275 112 1394 10195 1164 166 2379 5049 438 4611 128 2284 503 245 1180 22279 1359
internal_count=110811 108177 104329 94134 92384 15764 76620 1832 74788 74231 51952 8336 7428 3848 3747 2346 2218 1597 621 1448 858 557 1459 373 168 8168 7149 408 2634 1275 112 1394 10195 1164 166 2379 5049 438 4611 128 2284 503 245 1180 22279 1359
is_linear=0
shrinkage=0.092745


Tree=97
num_leaves=47
num_cat=0
split_feature=29 69 72 77 93 90 22 7 26 39 10 73 32 3 66 57 2 96 78 80 70 91 24 13 57 38 87 63 68 47 62 23 28 60 45 11 19 73 9 34 62 33 65 43 71 55
split_gain=137.084 143.402 177.128 223.005 210.332 191.757 173.623 196.935 183.251 252.995 175.904 169.674 166.912 164.383 216.09 158.258 149.506 144.066 189.734 185.405 142.301 142.14 202.158 144.113 140.656 158.965 149.585 142.245 140.149 137.762 151.137 137.706 136.391 142.615 135.929 160.413 135.4 168.011 148.511 133.718 145.407 143.479 153.652 147.494 135.834 186.844
threshold=-0.10282473433565557 -0.044020783633697998 -0.0039623612721660494 0.04117430215227736 0.032015482234156102 0.0087026793801657024 -0.0051649090818704493 -0.036011523758746687 -0.045357345989124588 -0.03326523849608664 -0.062634769454410891 0.059796814098376262 0.030372592526958401 -0.021079018721210045 0.007056644145646801 -0.011590537485291498 -0.12713400180029524 0.028037732159382253 -0.016743212575217596 0.063329451452691865 0.06564401946824687 0.052927809122010457 -0.025383819001118097 0.054336928112518008 -0.0012311446127055497 0.012804055312711901 0.086114122107612559 0.095288132820850871 0.026263375529518105 -0.025339832516684094 -0.011332623598502149 -0.072003114745768232 0.018886018254594805 -0.027400912949849896 0.011226637876749853 -0.14225944842784791 -0.015314089596468747 0.0041297996595328007 -0.027857127141151249 -0.030002294001323947 0.0023737908145810005 -0.030059687217842395 0.031163086791480405 0.060884936476758807 -0.024095967254326698 -0.0088331261537170983
decision_type=2 2 2 2 2 2 2 2 2 2 2 2 2 2 2 2 2 2 2 2 2 2 2 2 2 2 2 2 2 2 2 2 2 2 2 2 2 2 2 2 2 2 2 2 2 2
left_child=-1 24 6 4 5 13 7 -3 9 -9 11 -8 21 14 28 -16 -7 18 -10 -20 -14 23 -23 -6 -2 26 27 -26 -4 -18 -31 -27 33 -11 35 -15 37 -19 -38 -33 41 42 -41 -43 -42 -46
right_child=1 2 3 -5 12 16 10 8 17 32 -12 -13 20 34 15 -17 29 36 19 -21 -22 22 -24 -25 25 31 -28 -29 -30 30 -32 39 -34 -35 -36 -37 38 -39 -40 40 44 43 -44 -45 45 -47
leaf_value=0.029703399003506839 0.0005113131470279573 0.026246515027976952 -0.023057627625296447 -0.022210665127266382 -0.024761084888210719 0.040682780319960116 -0.019578983996993534 0.042937246581329601 0.029225364622020626 0.0065804659945018582 0.0018343626412753381 -0.13045176704452371 0.017202816573522801 -0.095452040896535792 -0.010343245023835332 0.033228804683270094 0.0068059354150381626 0.044482454676987034 0.0078919008123124173 -0.062927889191519537 -0.13997569320803011 0.0081112160196744835 -0.12847354041818337 0.021350324029543948 -0.0055308532818178118 0.088428703751372351 -0.18949175152078077 -0.164128424846301 0.016399108478439884 7.2574357844897174e-05 -0.022831157731875253 -0.0064737717798499187 0.0049151268222219213 -0.087236600842892462 0.022258322804412322 0.006520672627585814 -0.065194843487464849 -0.032306197848734737 -0.006945768831387868 -0.13755990711209382 -0.022326474945711303 0.015935345690117474 0.067888340971272346 -0.17924260921413165 -0.059559247708118039 -0.16894762504661576
leaf_weight=1320 5375 5338 4254 4691 4603 547 2004 356 4138 178 20594 126 1450 134 1209 1760 3649 647 9234 329 51 150 245 667 3787 67 39 49 946 4001 6506 519 317 637 6374 11105 578 394 1081 154 189 405 39 36 272 267
leaf_count=1320 5375 5338 4254 4691 4603 547 2004 356 4138 178 20594 126 1450 134 1209 1760 3649 647 9234 329 51 150 245 667 3787 67 39 49 946 4001 6506 519 317 637 6374 11105 578 394 1081 154 189 405 39 36 272 267
internal_value=-2.73273e-06 -0.000361065 0.000771707 -0.002917 -0.00101723 0.00157488 0.00497374 0.0106126 0.00594642 -0.0252123 -0.000789404 -0.0261607 -0.015663 0.00639531 -0.00447745 0.015482 -0.00687689 0.00877455 0.0126337 0.00545222 0.0118276 -0.0229495 -0.076603 -0.0189215 -0.0103052 -0.0202914 -0.00942063 -0.00757235 -0.0158764 -0.00871638 -0.0141085 -0.0419043 -0.0466619 -0.0667346 0.0114389 0.00530127 -0.0108027 0.0154053 -0.0272558 -0.0465666 -0.0618297 -0.029306 -0.0959349 -7.22709e-05 -0.0901126 -0.113832
internal_weight=110811 109491 98293 52342 47651 40485 45951 23227 17889 1488 22724 2130 7166 25782 8169 2969 14703 16401 13701 9563 1501 5665 395 5270 11198 5823 3875 3836 5200 14156 10507 1948 1132 815 17613 11239 2700 1041 1659 1881 1362 634 193 441 728 539
internal_count=110811 109491 98293 52342 47651 40485 45951 23227 17889 1488 22724 2130 7166 25782 8169 2969 14703 16401 13701 9563 1501 5665 395 5270 11198 5823 3875 3836 5200 14156 10507 1948 1132 815 17613 11239 2700 1041 1659 1881 1362 634 193 441 728 539
is_linear=0
shrinkage=0.092745


Tree=98
num_leaves=47
num_cat=0
split_feature=49 13 0 20 17 39 74 90 96 21 29 46 100 30 8 38 6 40 61 3 17 53 38 100 42 9 51 45 8 95 26 21 15 28 27 53 27 7 74 38 6 97 5 59 47 69
split_gain=134.892 166.695 179.189 198.803 189.842 196.447 211.59 185.499 194.535 236.958 183.96 179.332 182.669 291.225 217.087 201.938 192.11 186.063 172.524 168.965 167.774 167.523 164.086 268.11 208.604 206.634 184.975 166.688 162.075 151.581 191.833 142.091 149.015 174.19 172.767 141.792 151.452 141.626 140.281 137.102 141.101 136.588 136.36 135.827 131.455 130.615
threshold=-0.056901037139659848 -0.092982268206320731 0.13708587306099548 0.04088917104569486 0.017717618232067505 -0.0099582328056769982 -0.017098532272955796 0.040287395281160106 0.025022521669147053 0.016940351745971301 -0.012457521679617148 0.084165256517233569 -0.12714999999999996 0.054896578138627507 -0.16074976389456561 0.012804055312711901 0.14380959573279709 0.035063232259149209 0.024033282175032856 0.041444936240664761 -0.079733386262233336 0.059618349135800712 0.0027305061522802502 -0.52614999999999978 -0.00068699278934069988 0.019338599593822253 -0.0098505643255006482 -0.0082199858651015988 0.12206542281417811 0.046959009051138208 -0.0027767015059929497 0.059325650782122909 0.047246927038361856 -0.057989191160742644 0.028261423613378602 0.056511582588398453 -0.0020044787721314994 0.012416409094268251 -0.043402609800855647 0.048432609471230958 0.039028531661528455 -0.0067586529244683486 -0.067235967818217099 0.011436177374861403 -0.0023636695841103496 -0.01330814648441815
decision_type=2 2 2 2 2 2 2 2 2 2 2 2 2 2 2 2 2 2 2 2 2 2 2 2 2 2 2 2 2 2 2 2 2 2 2 2 2 2 2 2 2 2 2 2 2 2
left_child=45 19 3 7 5 -5 -7 21 29 10 -10 12 13 14 -4 18 17 35 -16 38 -17 22 25 24 -24 26 -3 -25 -27 39 -31 32 34 -34 -15 -14 -37 44 -2 40 -9 -33 -8 -12 -21 -1
right_child=1 2 11 4 -6 6 42 8 9 -11 43 -13 16 31 15 20 -18 -19 -20 37 -22 -23 23 27 -26 28 -28 -29 -30 30 -32 41 33 -35 -36 36 -38 -39 -40 -41 -42 -43 -44 -45 -46 -47
leaf_value=-0.030483725835279075 -0.09173164195900714 0.028945889343201574 -0.094123166271078085 -0.0063424812964659027 0.0066896500369672532 -0.00066201257515520701 0.074371770621139976 -0.0096744785360048727 -0.25599053998649796 0.034562960168799506 -0.014569633040038993 0.02988494428497494 -0.0044563475106679691 -0.038049384740630465 0.025488083930756085 -0.04360372490349549 0.029900981689475064 0.01112107484365954 0.0043691297471085818 0.00383670635990226 0.0059277591961313112 -0.045418154135220996 -0.00153405606086152 0.021582168970356412 -0.048189283679484017 -0.020715047284289332 0.0047946322945772255 -0.0085153536919476309 0.11092301418694002 0.00073279785166829436 -0.21445209877327773 0.084778369885998836 -0.099861795682039872 0.046920478838159863 0.0069981632591096998 -0.055421868416338102 -0.0066722857942753625 -0.045300173867143273 -0.022661077445955767 -0.10004262587043034 0.080210686101930606 -0.0052088787250855681 -0.07982706225924309 -0.19152156268392961 0.083131706692016569 -0.0035879495967327626
leaf_weight=2313 280 4264 165 1172 1296 456 51 1128 81 89 96 2263 23399 2658 11319 620 1598 6382 4715 461 11367 656 1436 2688 1937 2346 7576 3848 83 71 71 233 81 480 1010 1013 1196 253 2614 123 173 383 1280 61 295 4731
leaf_count=2313 280 4264 165 1172 1296 456 51 1128 81 89 96 2263 23399 2658 11319 620 1598 6382 4715 461 11367 656 1436 2688 1937 2346 7576 3848 83 71 71 233 81 480 1010 1013 1196 253 2614 123 173 383 1280 61 295 4731
internal_value=-2.78167e-06 0.000840197 0.00157522 -0.00428241 -0.0229016 -0.0358661 -0.0552174 -0.00131747 -0.029301 -0.0943406 -0.142585 0.0042101 0.00333761 0.00823493 0.0118457 0.0124712 -0.00147811 -0.00304628 0.0192788 -0.0179618 0.00336374 0.000815369 0.00207087 -0.00709676 -0.0283324 0.00843823 0.013494 0.00386089 -0.0161988 -0.0156964 -0.106978 -0.0127677 -0.0188317 0.025663 -0.025642 -0.00657767 -0.0290382 0.014707 -0.0293569 -0.00656472 0.00228246 0.0288299 -0.0738937 -0.0836312 0.0348163 -0.0124224
internal_weight=110811 103767 99864 30982 4255 2959 1787 26727 1893 327 238 68882 66619 33031 28186 28021 33588 31990 16034 3903 11987 24834 24178 9909 3373 14269 11840 6536 2429 1566 142 4845 4229 561 3668 25608 2209 1009 2894 1424 1301 616 1331 157 756 7044
internal_count=110811 103767 99864 30982 4255 2959 1787 26727 1893 327 238 68882 66619 33031 28186 28021 33588 31990 16034 3903 11987 24834 24178 9909 3373 14269 11840 6536 2429 1566 142 4845 4229 561 3668 25608 2209 1009 2894 1424 1301 616 1331 157 756 7044
is_linear=0
shrinkage=0.092745


Tree=99
num_leaves=47
num_cat=0
split_feature=93 66 0 76 48 20 17 86 88 96 61 68 62 75 21 13 34 1 14 43 88 14 96 94 22 53 70 74 59 11 89 100 20 99 55 13 11 6 49 11 86 90 17 0 22 25
split_gain=131.887 194.036 168.853 166.236 175.018 236.976 180.956 165.307 206.357 239.375 170.173 157.534 161.827 208.09 152.16 148.388 168.18 149.423 211.004 159.462 155.418 157.104 165.87 158.337 138.611 159.129 147.879 147.119 141.589 138.474 137.687 136.446 153.376 135.225 133.448 204.756 137.384 134.528 144.117 132.908 132.282 159.451 248.177 286.094 213.9 183.723
threshold=-0.026746083979944994 -0.020409336511506046 0.29692304742960279 -0.032816264820907347 -0.0067364328494164986 0.042243451051296461 0.11653067998479781 -0.060335073874075447 -0.029136272276508796 0.0074668189873276008 -0.0072839365852270998 0.085723682423497302 0.052951224470425259 0.052400360546107159 0.032476060363837655 -0.04247646672541374 0.019913151523487955 0.064256267873574413 -0.017043550966138698 0.055864004311384462 0.060506198516617156 0.046152622551969606 0.014789246408012302 0.030907939468392705 -0.010213852682989398 0.0064052979549694012 0.096541427174915109 0.026240758501236153 -0.018014532608286397 0.0062391604819923008 0.021461522209932353 0.45865000000000006 -0.029855522509525997 -0.023358674866485598 -0.0049400827932722493 -0.016332196168985597 -0.055655428992582141 0.055948613139835207 -0.054548338616430096 0.083309252317881111 -0.025856932604708598 0.027219424480634153 0.0054048540440308507 0.16463560600226879 -0.010690821645355448 -0.013305276875544348
decision_type=2 2 2 2 2 2 2 2 2 2 2 2 2 2 2 2 2 2 2 2 2 2 2 2 2 2 2 2 2 2 2 2 2 2 2 2 2 2 2 2 2 2 2 2 2 2
left_child=40 7 3 34 5 24 11 8 -2 -10 -11 12 14 -14 -6 16 -9 20 -19 -20 21 22 23 -17 26 -26 28 -27 -5 33 -18 32 -4 -22 36 -36 -3 38 -38 -7 -1 -42 43 44 45 -43
right_child=1 2 31 4 6 39 -8 15 9 10 -12 -13 13 -15 -16 17 30 18 19 -21 29 -23 -24 -25 25 27 -28 -29 -30 -31 -32 -33 -34 -35 35 -37 37 -39 -40 -41 41 42 -44 -45 -46 -47
leaf_value=0.019468949974733786 -0.17534989375576165 -0.061934274654147289 0.0057133278834542132 0.040086869824271114 -0.005550882571928816 -0.016946011787704014 0.038985710730132753 -0.0091461080874023788 0.025333302948710744 -0.17776944146347101 -0.016699909218415319 0.061473079259032809 -0.036056084234600494 0.11543304372676683 0.012472709565616892 -0.00065426665002394821 -0.064186869998979948 0.0068455570802865495 -0.045963064078604288 0.049822001246721676 -0.2483357546545007 0.024065092773114794 -0.019391042393327521 0.035664894713364384 0.013927913615728685 -0.0011511498545454977 0.11084393030907534 -0.047437685759454382 0.012522342970834221 0.012763671041762473 -0.00017597970172388166 -0.0077753804247836745 0.064766189081840619 -0.068403586485410436 -0.027640605751774242 0.015138482991765609 -0.083786022968660598 0.031562680454560371 -0.016533522901817223 0.049684273083293005 0.0072886222939826367 -0.21410340104020803 0.015562693085421745 -0.010817473635093451 -0.030611833793875175 -0.079009964048226397
leaf_weight=5186 104 664 634 2118 24280 3774 880 2606 280 121 106 316 1912 81 4830 7198 1138 1431 2033 161 45 2273 3535 1205 6664 3307 154 719 6602 139 388 718 940 178 1489 2720 301 447 3056 276 12388 145 1350 1364 338 217
leaf_count=5186 104 664 634 2118 24280 3774 880 2606 280 121 106 316 1912 81 4830 7198 1138 1431 2033 161 45 2273 3535 1205 6664 3307 154 719 6602 139 388 718 940 178 1489 2720 301 447 3056 276 12388 145 1350 1364 338 217
internal_value=-2.79375e-06 -0.00154957 0.000974833 9.67295e-05 0.00195048 0.00801912 -0.00248594 -0.00890971 -0.0564963 -0.0320042 -0.102732 -0.00364828 -0.0043109 -0.0298767 -0.0025598 -0.00760632 -0.0234727 -0.00400267 -0.0208522 -0.0389224 0.000188007 0.00171815 -0.00253605 0.00455335 0.0122467 0.00513213 0.0208152 -0.00942359 0.0192201 -0.059797 -0.0479235 0.0257113 0.040994 -0.105045 -0.0118466 6.17093e-07 -0.0230095 -0.0162073 -0.0225743 -0.0123987 0.00661628 0.00239707 -0.0153475 -0.0355709 -0.0837611 -0.133286
internal_weight=110811 89823 66882 64590 55913 23614 32299 22941 611 507 227 31419 31103 1993 29110 22330 4132 18198 3625 2194 14573 14211 11938 8403 19564 10690 8874 4026 8720 362 1526 2292 1574 223 8677 4209 4468 3804 3357 4050 20988 15802 3414 2064 700 362
internal_count=110811 89823 66882 64590 55913 23614 32299 22941 611 507 227 31419 31103 1993 29110 22330 4132 18198 3625 2194 14573 14211 11938 8403 19564 10690 8874 4026 8720 362 1526 2292 1574 223 8677 4209 4468 3804 3357 4050 20988 15802 3414 2064 700 362
is_linear=0
shrinkage=0.092745


Tree=100
num_leaves=47
num_cat=0
split_feature=26 48 24 65 7 76 4 19 55 15 79 91 12 10 98 100 42 79 23 34 28 62 93 89 63 9 41 42 66 100 77 69 12 20 20 75 97 16 66 20 95 82 63 43 95 11
split_gain=136.252 175.063 165.081 149.162 156.572 157.377 148.459 147.847 146.393 184.732 180.532 181.535 167.267 213.584 190.088 156.137 145.732 140.363 144.855 148.839 135.693 132.303 130.406 129.773 122.262 128.693 121.485 120.901 117.502 144.22 128.338 117.385 117.186 115.947 115.671 115.072 107.007 102.949 102.83 147.787 148.578 112.573 125.142 104.609 121.6 117.271
threshold=0.092827874771053615 0.030029236993730453 0.10994557259447872 0.050490086676567854 0.14177564617113228 -0.084053884084150779 -0.00088188758268304996 -0.033593503578501042 -0.020791748898810299 0.083956405294052558 -0.10007451945000424 0.080770228865901808 0.0077093401709237008 -0.081349174544859834 0.0013704536436531503 0.45865000000000006 0.056756531938173857 -0.0083871677532577991 -0.04750621716819884 -0.030624284655908298 0.093339623577784414 0.043156602809895306 -0.068089785289405388 0.0069573246962601502 0.037473202446258659 0.070900865937373214 0.029728526752223254 0.056756531938173857 -0.0026871934138500996 -0.95584999999999987 -0.04330934722339299 0.039672230631851158 -0.086014056612700437 0.10674512364961551 0.016788553501944355 0.0091469078317520016 -0.034861289312054393 0.10174720795638656 -0.00089818198308354985 0.04684275360392031 -0.04717477678038854 -0.057812744796391848 0.08385387183681571 -0.059983821621948541 0.021850610306385455 -0.0044783415250820987
decision_type=2 2 2 2 2 2 2 2 2 2 2 2 2 2 2 2 2 2 2 2 2 2 2 2 2 2 2 2 2 2 2 2 2 2 2 2 2 2 2 2 2 2 2 2 2 2
left_child=2 6 3 4 5 16 -2 34 12 10 -10 -12 13 14 -7 32 -1 -8 -19 -20 21 -14 -15 24 25 36 28 37 29 -9 -31 -21 -11 -3 -6 -26 -4 -25 39 41 -41 -5 -43 -42 -45 -46
right_child=1 33 23 38 7 8 17 26 9 15 11 -13 20 22 -16 -17 -18 18 19 31 -22 -23 -24 27 35 -27 -28 -29 -30 30 -32 -33 -34 -35 -36 -37 -38 -39 -40 40 43 42 -44 44 45 -47
leaf_value=-0.020178749524600702 0.037983936719044119 0.051633643707904603 -0.1289341610031918 0.066817934419300784 0.051183007704590285 -0.00066247314872228905 0.027823924698052782 0.091381259691534766 0.052056375755689284 -0.049606625280907278 0.0010997184720313027 -0.041663915843515947 -0.01185873225635772 0.0607172730222275 -0.090098575160628913 0.00218872816626624 -0.11143470513673796 0.01979731302270649 0.065790240966831934 -0.1019726523918771 0.064909917575641754 -0.041828492036988831 0.0020383292843920366 0.020147829684467478 -0.24732152466604829 -0.14727590789353609 0.015896099975681702 -0.11388465616028494 -0.025807504264650963 0.015247541017529183 -0.11296414412008179 0.068263993175142493 0.047315200459227325 0.17984524845105501 -0.071787095115058291 -0.049766458901260573 -0.012905702110723392 -0.14281200025981181 0.021312630439774997 -0.17034131301668107 -0.15108835301681195 0.0071633746876676634 -0.10037985152884088 0.016143751007098018 -0.17867875173279166 -0.013302963671725116
leaf_weight=1251 872 454 78 264 299 410 461 38 590 114 64676 865 9782 334 408 1665 171 251 63 386 182 1456 12835 603 52 88 272 74 670 78 472 38 1738 70 84 50 544 35 4517 67 51 2781 96 374 63 89
leaf_count=1251 872 454 78 264 299 410 461 38 590 114 64676 865 9782 334 408 1665 171 251 63 386 182 1456 12835 603 52 88 272 74 670 78 472 38 1738 70 84 50 544 35 4517 67 51 2781 96 374 63 89
internal_value=-2.72379e-06 0.0209973 -0.000506481 -7.33808e-05 -0.00108085 -0.000559685 0.00886882 -0.0273531 -0.000101342 0.00209681 0.000995031 0.000534943 -0.00612761 0.000671185 -0.0453037 0.0228082 -0.0311823 -0.0122984 -0.0373809 -0.0668729 -0.0144556 -0.0157438 0.0035289 -0.0308123 -0.0561487 -0.0424444 -0.0402552 -0.00188726 -0.0524077 -0.082667 -0.0947581 -0.0866478 0.0413351 0.0688758 0.0241441 -0.151023 -0.0275303 0.0111268 0.0118644 0.000584646 -0.0398745 0.00888721 0.00356052 -0.0246246 -0.0122617 -0.0821429
internal_weight=110811 2595 108216 106692 98390 96477 2071 1913 95055 69648 66131 65541 25407 13987 818 3517 1422 1199 738 487 11420 11238 13169 1524 812 710 1530 712 1258 588 550 424 1852 524 383 102 622 638 8302 3785 644 3141 2877 577 526 152
internal_count=110811 2595 108216 106692 98390 96477 2071 1913 95055 69648 66131 65541 25407 13987 818 3517 1422 1199 738 487 11420 11238 13169 1524 812 710 1530 712 1258 588 550 424 1852 524 383 102 622 638 8302 3785 644 3141 2877 577 526 152
is_linear=0
shrinkage=0.092745


Tree=101
num_leaves=47
num_cat=0
split_feature=42 19 3 80 71 40 1 15 0 32 37 29 17 39 8 60 14 22 8 61 58 42 34 100 62 85 11 48 28 23 30 38 19 100 32 93 44 53 46 42 2 3 49 74 76 92
split_gain=132.877 144.157 191.331 195.728 194.431 183.843 186.877 178.398 196.636 167.721 177.348 166.888 181.748 183.113 166.187 163.549 188.546 162.672 161.208 155.323 182.604 167.794 203.853 185.522 155.042 152.786 150.338 148.09 143.53 170.137 143.468 144.071 142.387 140.024 199.696 144.924 139.691 139.067 146.396 139.032 138.728 138.48 143.434 136.958 136.857 165.278
threshold=-0.083590331011049082 0.021164155982204804 -0.018201141239484946 0.031415986468218159 -0.0033827500631800496 0.0058899394643095512 -0.017527250001704447 -0.021885835399852099 0.2313367230143121 -0.015862947032785596 -0.038096914159114446 -0.070913294530804291 0.042435573425538956 -0.036374537877212489 -0.052825898019160794 0.0074316120000389009 0.027330269258859004 -0.04753355112819984 0.0065417923608159503 -0.039170171109124137 0.044237965196011454 0.010257436599988751 -0.056275367237177638 -0.44024999999999997 0.093124005589279815 0.058152854119341353 0.028258016989411053 -0.056344325816519443 -0.013097026254717899 0.028911138931711152 0.084587536755469817 0.019696857755513903 0.053530301043752754 -0.58544999999999991 0.025395089144684253 -0.020737253159010295 0.023459512906985003 -0.031651972548210748 0.027983648682410104 0.037247313244336062 0.026925142917087003 -0.0011709492336022499 0.00061100903537445015 0.0075720404852227504 -0.024866682283330398 -0.04930773217764204
decision_type=2 2 2 2 2 2 2 2 2 2 2 2 2 2 2 2 2 2 2 2 2 2 2 2 2 2 2 2 2 2 2 2 2 2 2 2 2 2 2 2 2 2 2 2 2 2
left_child=-1 2 15 11 5 6 -5 8 14 10 -9 -4 13 -13 -3 -2 24 -18 37 21 44 22 -16 -23 -17 -22 40 -15 29 -28 33 -32 -24 34 35 -11 -37 41 39 -39 -19 -6 -43 -29 45 -21
right_child=1 7 3 4 18 -7 -8 9 -10 30 -12 12 -14 27 19 16 17 26 -20 20 25 23 32 -25 -26 -27 28 43 -30 -31 31 -33 -34 -35 -36 36 -38 38 -40 -41 -42 42 -44 -45 -46 -47
leaf_value=0.019031682670074629 0.0011504325949986812 -0.063623401787631692 0.037822262123066885 0.010755810011952171 0.039612997138874173 0.027662285918363595 -0.040996298150378849 -0.040576896913726922 0.0041446238440773654 0.048209127617955753 -0.0048017505098345795 0.018788633619914973 0.022819018107977776 0.033778600422302234 0.12809488682501863 -0.0041297564756141956 0.015493098139179555 -0.039348971403266451 -0.000536914763425482 -0.21447611613066278 -0.09299593570205765 0.12108079857176882 -0.00079540888533490537 0.0018499180782625374 -0.15737207545515655 0.073976699388715386 -0.10551656425458253 0.0049296572664948909 0.010215233803350661 0.032807339300972363 -0.01234618631174636 -0.1194853731048305 -0.10649467586925568 0.00080219675104267361 0.046706900883900594 -0.020268869553995515 0.04075985318592952 -0.023410490381290779 0.029501562187010052 -0.092886613660810163 -0.095544209512817821 -0.13623515211177092 -0.037628524411795164 -0.0081439789845734346 -0.012319632569529781 -0.041754616094426732
leaf_weight=3067 14551 796 1503 1465 78 1942 1016 1494 3110 518 5897 6036 5060 1146 69 6657 506 1076 1927 50 477 208 278 244 57 52 244 17525 695 111 406 147 181 8876 1630 1495 411 1403 358 301 584 288 228 11360 4351 937
leaf_count=3067 14551 796 1503 1465 78 1942 1016 1494 3110 518 5897 6036 5060 1146 69 6657 506 1076 1927 50 477 208 278 244 57 52 244 17525 695 111 406 147 181 8876 1630 1495 411 1403 358 301 584 288 228 11360 4351 937
internal_value=-2.74585e-06 -0.000544748 0.00164187 0.00484369 -0.00757854 0.00629045 -0.0104341 -0.00580769 -0.0155126 -0.000807544 -0.0120364 0.00746837 0.00635849 0.00404862 -0.0235129 -0.00511094 -0.0142872 -0.0327524 -0.0209659 -0.0188454 -0.0245552 0.0153212 -0.0201637 0.0567892 -0.00543941 -0.0765259 -0.0417663 0.00108539 -0.0142774 -0.062236 0.00534691 -0.0408978 -0.0425464 0.00732665 0.0216071 0.00471986 -0.00709766 -0.0357809 -0.0243744 -0.0357045 -0.0591401 -0.0753233 -0.0927361 -0.000211548 -0.0193985 -0.0505777
internal_weight=110811 107744 76117 51636 9006 4423 2481 31627 10753 20874 7391 42630 41127 36067 7643 24481 9930 3216 4583 6847 5867 980 528 452 6714 529 2710 30031 1050 355 13483 553 459 12930 4054 2424 1906 2656 2062 1704 1660 594 516 28885 5338 987
internal_count=110811 107744 76117 51636 9006 4423 2481 31627 10753 20874 7391 42630 41127 36067 7643 24481 9930 3216 4583 6847 5867 980 528 452 6714 529 2710 30031 1050 355 13483 553 459 12930 4054 2424 1906 2656 2062 1704 1660 594 516 28885 5338 987
is_linear=0
shrinkage=0.092745


Tree=102
num_leaves=47
num_cat=0
split_feature=38 33 9 54 7 6 11 31 42 82 5 60 80 1 33 95 44 21 58 23 94 2 66 24 100 18 31 61 73 66 94 98 31 66 7 22 1 68 0 8 5 76 71 70 47 24
split_gain=135.496 134.313 156.446 165.908 166.592 205.453 219.285 190.129 176.387 174.121 241.387 182.377 181.303 172.201 223.253 177.307 165.727 161.758 157.677 209.4 140.92 129.763 128.263 133.591 126.107 124.511 183.579 124.561 131.206 125.631 122.152 120.377 160.356 119.84 118.453 117.293 115.894 170.679 121.606 113.948 113.512 144.801 140.316 147.128 142.689 118.671
threshold=0.085046418482455213 0.061639022915798355 0.059598292638332252 0.040690265473099306 -0.013196052642705647 0.063317521861860307 -0.027891336391990297 0.021413242920086603 -0.017286426687308749 -0.0084082033010776987 0.031024209598679253 0.040006685383182854 -0.055584871421437039 -0.05287900296199944 -0.004096006263089349 -0.0011762065080764999 0.0046600744997682504 -0.0059826721065553987 -0.010260432145918397 -0.031387471302243598 -0.024002214607619296 -0.0065951340110664497 -0.047403795866462144 -0.04632313950314474 -0.89559999999999984 0.029463797119737501 -0.088116638254388036 0.022657970137005903 -0.028135119886725849 -0.064400535893121044 0.030405518835536657 0.010126620327264751 0.017750499087975703 -0.00030022253432029992 0.06510446192675591 0.031528000612794309 -0.10457222095505159 -0.048831289338128893 0.26524841051772857 -0.052825898019160794 0.056453608439908758 -0.064983492752941435 -0.027476614735358448 0.059793571635345912 -0.0054002969780512994 0.013895872769405201
decision_type=2 2 2 2 2 2 2 2 2 2 2 2 2 2 2 2 2 2 2 2 2 2 2 2 2 2 2 2 2 2 2 2 2 2 2 2 2 2 2 2 2 2 2 2 2 2
left_child=1 2 3 4 7 6 8 16 33 20 11 -11 -12 15 -15 -8 18 -10 19 -1 -7 -20 -4 -24 30 40 -27 28 -28 -30 34 35 -33 -6 -2 -18 37 38 -25 -26 42 -42 45 -44 -45 -5
right_child=24 -3 22 25 5 9 13 -9 17 10 12 -13 -14 14 -16 -17 31 -19 21 -21 -22 -23 23 36 39 26 27 -29 29 -31 -32 32 -34 -35 -36 -37 -38 -39 -40 -41 41 -43 43 44 -46 -47
leaf_value=-0.028924096732664474 -0.063943710500361128 0.012310694641272706 -0.03951581965882156 0.016562121444368059 -0.01986748609477049 -0.011992992630552406 0.017935397654698849 0.017658978059414677 -0.045206267276047256 0.023543658373937269 -0.2382738676189487 -0.045870497791624658 -0.032148475070160165 -0.017133040749869866 0.0029301711072378324 -0.0053733236184181866 0.021980405892724222 -0.014713542875187838 -0.00015578874124220964 0.015615552318082551 0.045358436538490199 -0.025650394515439136 0.018983910751809836 -0.094528404009551315 0.038794110514745656 -0.17404473412949734 0.03703634968566747 0.034155754322125809 -0.13754634299855095 -0.022744252963093233 0.039441978705524405 -0.00039276226148550909 -0.095452714778864772 0.019230030376371464 -0.20648632296133745 -0.0077665156432592261 -0.018313210840370027 0.0086010200854297978 0.06859822384049076 -0.018988641458765151 -0.13017370687780805 0.051218899502585125 0.001261125981589314 0.093912350571189046 0.0025241537639625511 0.064127736071583452
leaf_weight=1172 306 7742 1153 1217 1311 470 5619 7404 2694 2333 38 378 911 10660 8633 5608 5705 3371 2831 4025 1699 4369 1475 232 337 56 304 538 88 1167 79 3667 159 1388 60 1424 6442 3243 47 2259 39 1024 5827 305 284 718
leaf_count=1172 306 7742 1153 1217 1311 470 5619 7404 2694 2333 38 378 911 10660 8633 5608 5705 3371 2831 4025 1699 4369 1475 232 337 56 304 538 88 1167 79 3667 159 1388 60 1424 6442 3243 47 2259 39 1024 5827 305 284 718
internal_value=-2.65883e-06 0.000542021 -0.000368751 0.00102304 -0.000554261 -0.0041428 -0.00655397 0.00470897 -0.0194849 0.0121042 -0.00023238 0.0138563 -0.0404857 -0.00284019 -0.00815478 0.0062914 0.000602284 -0.0282618 -0.00674171 0.00556754 0.0329247 -0.0156284 -0.0100339 -0.00706017 -0.0193083 0.0113696 -0.00874635 -0.0043025 -0.0175867 -0.0308344 -0.0649156 0.00891416 -0.00435363 0.000233832 -0.0874913 0.0160365 -0.0109174 0.00260674 -0.0669574 -0.0114789 0.0159718 0.0445179 0.0123351 0.00572978 0.0498931 0.0342257
internal_weight=110811 107770 100028 87436 75869 45113 39284 30756 8764 5829 3660 2711 949 30520 19293 11227 23352 6065 12397 5197 2169 7200 12592 11439 3041 11567 2153 2097 1559 1255 445 10955 3826 2699 366 7129 9964 3522 279 2596 9414 1063 8351 6416 589 1935
internal_count=110811 107770 100028 87436 75869 45113 39284 30756 8764 5829 3660 2711 949 30520 19293 11227 23352 6065 12397 5197 2169 7200 12592 11439 3041 11567 2153 2097 1559 1255 445 10955 3826 2699 366 7129 9964 3522 279 2596 9414 1063 8351 6416 589 1935
is_linear=0
shrinkage=0.092745


Tree=103
num_leaves=47
num_cat=0
split_feature=65 89 86 75 84 26 23 21 14 33 41 51 0 91 17 42 43 2 9 54 16 43 11 3 8 64 8 6 1 63 4 93 74 70 42 90 32 62 82 31 47 69 0 1 69 62
split_gain=125.48 166.315 148.999 154.888 146.043 178.274 183.135 162.843 181.647 181.862 157.105 145.865 177.56 192.571 174.359 145.177 144.847 139.932 186.941 204.297 210.341 184.768 170.952 212.361 254.356 157.733 144.761 142.75 141.886 209.63 157.781 138.791 137.117 178.186 134.472 134.677 138.009 135.407 132.063 134.595 128.446 135.505 127.634 127.289 126.422 137.349
threshold=-0.027725897441189449 -0.0092860716678564489 0.015441546308494753 -0.046697762127403987 -0.046650882796107643 0.11838855171119995 -0.030121897184032746 -0.056559068184671192 -0.014648704051458799 0.047496267563792306 0.087397790498128305 0.02696884228286615 0.14968076021095703 1.0000000180025095e-35 -0.024243434480234347 0.044238887439481206 0.084134110666039014 -0.052627909693709694 0.019338599593822253 0.0013550663299937002 0.070301147495988967 0.0054429098648478011 0.087725925740820401 -0.096041086116257737 0.12206542281417811 0.051388347361127455 -0.020959666374153998 0.019363146167723406 0.045355472178381158 -0.032934713000726347 -0.21232109448451167 0.064201276558036965 -0.033205502759499898 0.012562431323180351 -0.014694850844122297 -0.031905009800461494 -0.049216398470776794 0.072040118631000918 -0.074168981838222445 -0.018068338739158498 -0.055378166279986298 0.0055293265835266005 0.14586950740965596 -0.013522962455048748 -0.056226955380133843 0.056865950292112805
decision_type=2 2 2 2 2 2 2 2 2 2 2 2 2 2 2 2 2 2 2 2 2 2 2 2 2 2 2 2 2 2 2 2 2 2 2 2 2 2 2 2 2 2 2 2 2 2
left_child=1 2 40 42 44 7 -7 8 10 34 -6 16 13 -13 -15 -8 -3 21 19 20 27 28 23 25 -25 -20 -23 -19 -9 -30 -31 -14 -21 -34 35 36 -10 -37 -36 -40 -1 -42 -4 -22 45 -2
right_child=4 11 3 -5 5 6 15 17 9 -11 -12 12 31 14 -16 -17 -18 18 22 32 43 26 -24 24 -26 -27 -28 -29 29 30 -32 -33 33 -35 38 37 -38 -39 39 -41 41 -43 -44 -45 -46 -47
leaf_value=0.049532237199125091 -0.063482679298409089 0.0080193447392646004 -0.23919102559424699 -0.025582739734341168 0.0068715500285464939 0.091752573819267325 -0.018951895818082702 0.0064805971864071426 -0.10096122993027166 0.022076819116795692 -0.18465963439356922 -0.083968341181241607 0.0030807905487379413 -0.11161215778731266 0.024941700117744148 0.11520250026799063 -0.061321905489419001 -0.0067237225667874916 -0.05235155461191935 0.028460140790660792 -0.016901049771501066 0.037997133856386742 0.030763917401463611 -0.009667345961407536 0.059542205494952004 0.038815076273236167 0.0097575840892332854 0.010502446903646262 0.040303687582818319 0.12098087368433073 -0.04821572350207206 -0.084253387813019012 0.00025352470413038793 0.019852271131656888 0.10459397685275114 -0.017951792570269229 0.088484018200263331 -0.19249105165716532 -0.013977058763622149 -0.065108345857326277 -0.024179061064435757 0.0057820812007515852 -0.069677058215527485 -0.074196181534257138 0.017588544317798587 0.12800078078481725
leaf_weight=328 286 9590 46 3071 3045 370 392 5967 40 620 37 573 2430 102 376 84 266 13218 1486 2726 899 2626 888 13862 472 183 3856 6023 339 49 1229 167 13140 5731 48 1462 184 39 622 1545 2797 2422 225 531 6383 36
leaf_count=328 286 9590 46 3071 3045 370 392 5967 40 620 37 573 2430 102 376 84 266 13218 1486 2726 899 2626 888 13862 472 183 3856 6023 339 49 1229 167 13140 5731 48 1462 184 39 622 1545 2797 2422 225 531 6383 36
internal_value=-2.63663e-06 -0.00620427 -0.0160556 -0.0315256 0.00156787 0.000487944 0.0428342 4.46149e-05 -0.0128379 -0.0245931 0.00455087 0.000279562 -0.0155624 -0.0477215 -0.0042181 0.00474862 0.00614481 0.00138931 -0.000587428 0.00270808 -0.00388213 0.00970391 -0.00883481 -0.0110335 -0.00738627 -0.0423424 0.0212013 -0.00133064 -0.000121478 -0.0244895 -0.0416923 -0.00253862 0.00901633 0.00620647 -0.0319417 -0.0125123 0.0545082 -0.0225316 -0.0470632 -0.0504421 -0.00673156 -0.0102727 -0.0987224 -0.0381965 0.0147262 -0.0419378
internal_weight=110811 22393 8889 3342 88418 81713 846 80867 7642 4560 3082 13504 3648 1051 478 476 9856 73225 59159 42268 20671 14066 16891 16003 14334 1669 6482 19241 7584 1617 1278 2597 21597 18871 3940 1725 224 1501 2215 2167 5547 5219 271 1430 6705 322
internal_count=110811 22393 8889 3342 88418 81713 846 80867 7642 4560 3082 13504 3648 1051 478 476 9856 73225 59159 42268 20671 14066 16891 16003 14334 1669 6482 19241 7584 1617 1278 2597 21597 18871 3940 1725 224 1501 2215 2167 5547 5219 271 1430 6705 322
is_linear=0
shrinkage=0.092745


Tree=104
num_leaves=47
num_cat=0
split_feature=0 100 8 23 27 20 7 37 28 11 53 16 91 22 6 12 14 97 92 19 67 39 15 68 53 90 15 51 29 37 6 4 5 9 71 10 45 82 0 57 84 2 15 42 31 63
split_gain=122.213 230.144 213.518 187.82 177.94 170.628 195.191 219.706 177.618 222.26 183.657 170.97 169.624 207.811 168.215 166.467 173.876 197.513 165.641 164.307 163.491 211.614 162.903 161.502 160.274 152.237 147.424 143.973 137.733 199.891 204.014 140.701 136.343 134.722 138.548 134.419 133.972 133.415 133.099 128.39 127.325 127.103 125.815 135.264 124.675 123.565
threshold=0.23438136552888386 0.10280000000000002 -0.062690654425724732 -0.018765607388578097 0.016227308247104954 -0.038442397776089141 0.10822796859505861 -0.023067659410665745 -0.064682022486341986 0.031567554202066909 0.023259931991624651 0.070301147495988967 0.0048255933329033511 0.063074935355875203 0.13733598468869393 0.068418697841827122 0.015464816600718802 0.06403979809442302 0.0060602305618078006 0.063665035406049411 0.013654451451850501 0.015200964270675603 -0.030123886687279947 -0.039649650304468993 -0.024873758209889147 0.064014355810023252 -0.11688891795680724 -0.053556335140010743 -0.032264833128417388 -0.029702879653765345 0.027874191782334006 -0.087411777680381345 0.0056244235501796509 0.053553515088694055 -0.018145046556129998 0.007527682433272051 0.027743044258552705 -0.047629936175440445 0.21997754741707393 0.06694735726258276 -0.034578548700478842 0.20653751426763325 -0.013664102955108198 0.039859101572674853 -0.051051286226748989 0.089158519722154064
decision_type=2 2 2 2 2 2 2 2 2 2 2 2 2 2 2 2 2 2 2 2 2 2 2 2 2 2 2 2 2 2 2 2 2 2 2 2 2 2 2 2 2 2 2 2 2 2
left_child=2 24 3 4 -1 19 8 -8 9 12 15 -12 13 23 44 16 17 -10 -18 -4 21 27 37 -7 41 32 -26 40 29 -28 36 -32 -14 39 -35 -15 -31 -21 -24 -17 -5 45 -23 -44 -3 -2
right_child=1 14 5 20 -6 6 7 -9 10 -11 11 -13 25 35 -16 33 18 -19 -20 22 -22 42 38 -25 26 -27 28 -29 -30 30 31 -33 -34 34 -36 -37 -38 -39 -40 -41 -42 -43 43 -45 -46 -47
leaf_value=-0.060555450170044899 0.003911203167053511 -0.036093021257746757 0.013175315761182449 0.072904601184538467 -0.010175314098491567 -0.092796917079503494 -0.069148722144787261 -0.0065657665581461385 0.0013723673099512977 0.014228774243719806 -0.0066372867526550529 -0.048997546445286193 -0.024971534429850253 0.033847456602539433 0.032994545681522235 -0.014182811772176814 0.020822616166526284 -0.047999843147582252 0.00082409969552239945 0.11511960421879112 0.024124120005845504 -0.10030188716865508 0.016593536592799364 -0.011826936095151301 -0.028257462059722495 -0.17547465726869632 0.084128661206495259 0.0077405533276228115 0.017217985367226542 0.027181085898445589 -0.18112860651314855 -0.0090642636213134065 -0.085635356799802317 0.021700459271220204 -0.10102758248611676 0.21372479915352832 0.10189180735238761 -0.071232289731874385 -0.076386089048489203 0.095889903436955304 -0.12583864400939476 -0.11083326013398151 0.0038148584698951527 -0.11329197916268789 -0.0040353311679339797 -0.11249290160353236
leaf_weight=1355 3408 1219 11700 35 1088 247 777 1274 30456 1276 13363 873 855 148 925 2721 8551 713 6109 35 1145 342 899 1486 475 85 733 1655 5650 738 45 423 509 108 293 47 287 516 155 94 129 89 337 113 7250 80
leaf_count=1355 3408 1219 11700 35 1088 247 777 1274 30456 1276 13363 873 855 148 925 2721 8551 713 6109 35 1145 342 899 1486 475 85 733 1655 5650 738 45 423 509 108 293 47 287 516 155 94 129 89 337 113 7250 80
internal_value=-2.46483e-06 0.00630734 -0.00150603 -0.0181114 -0.0381278 -0.000269925 -0.0021004 -0.0302876 -0.00124908 -0.0187373 3.66844e-05 -0.00923685 -0.0311978 -0.0131654 -0.00454911 0.00272877 0.0041604 0.000242096 0.0124901 0.0093573 -0.00508668 -0.0179029 -0.0184639 -0.0233886 0.0148585 -0.0551743 0.0218944 -0.0004708 0.0249217 0.0444644 0.0249695 -0.0257384 -0.0476325 -0.0176666 -0.0679477 0.0775214 0.0481359 -0.0593168 0.00289014 -0.010493 -0.0832879 -0.00156455 -0.0579078 -0.0256148 -0.00865228 0.00122849
internal_weight=110811 21322 89489 6199 2443 83290 69985 2051 67934 4653 63281 14236 3377 1928 9394 49045 45829 31169 14660 13305 3756 2611 1605 1733 11928 1449 8351 1819 7876 2226 1493 468 1364 3216 401 195 1025 551 1054 2815 164 3577 792 450 8469 3488
internal_count=110811 21322 89489 6199 2443 83290 69985 2051 67934 4653 63281 14236 3377 1928 9394 49045 45829 31169 14660 13305 3756 2611 1605 1733 11928 1449 8351 1819 7876 2226 1493 468 1364 3216 401 195 1025 551 1054 2815 164 3577 792 450 8469 3488
is_linear=0
shrinkage=0.092745


Tree=105
num_leaves=47
num_cat=0
split_feature=38 63 15 42 40 33 94 69 28 60 66 45 53 35 10 30 9 30 58 45 92 58 7 45 96 16 46 31 63 1 30 71 96 13 72 88 62 34 11 42 0 8 12 68 9 38
split_gain=121.69 131.662 144.839 173.916 153.801 158.014 179.22 199.935 178.675 158.9 141.798 137.885 147.107 199.495 143.483 147.224 140.939 136.668 131.919 152.73 132.735 129.927 140.531 127.857 127.617 142.471 127.238 126.375 121.361 119.665 125.504 118.5 117.884 116.713 116.383 129.54 125.359 123.536 121.415 135.093 146.558 134.083 150.179 133.477 115.88 114.811
threshold=0.056013218138260261 -0.042781752915602288 -0.093073355422520182 -0.092963536600902744 -0.086144691630274675 0.03603499465970026 0.0031894576691736004 0.0081625489050599024 -0.087112539293808286 -0.013683795345765248 0.039127439472722812 0.030379772671487604 0.050568452461026106 0.0053021783697497007 -0.081349174544859834 -0.012750740836902048 -0.037985623965063095 -0.059093720072769043 0.0048745149346183505 -0.018004057640547497 -0.012554728956919748 -0.0052830337549939497 -0.052803277565442487 -0.041527960827037344 0.0098489687446942017 0.050546489550853807 0.061834941494831958 -0.016842185901561047 0.024776522815100004 0.025563501414801303 0.035192573877835857 -0.026598386426164747 0.0029153809717955004 -0.036577189847623592 0.054036359396492456 0.00090374294588135005 0.0016807029742406004 0.056937387162071307 -0.018621223504154696 0.015522085162468302 0.13138563189197147 0.088699395189913169 -0.0031921980111545996 0.015382874758878552 0.094949386485631324 -0.043069114035077342
decision_type=2 2 2 2 2 2 2 2 2 2 2 2 2 2 2 2 2 2 2 2 2 2 2 2 2 2 2 2 2 2 2 2 2 2 2 2 2 2 2 2 2 2 2 2 2 2
left_child=1 44 11 29 18 6 7 10 9 -8 -6 12 13 14 -3 45 -13 -14 19 -5 32 22 -2 31 25 -7 -26 -10 -9 -4 -31 -20 -21 -17 35 -23 37 -36 39 40 -37 43 -43 -40 -1 -16
right_child=21 2 3 4 5 24 8 28 27 -11 -12 16 17 -15 15 33 -18 -19 23 20 -22 34 -24 -25 26 -27 -28 -29 -30 30 -32 -33 -34 -35 36 38 -38 -39 41 -41 -42 42 -44 -45 -46 -47
leaf_value=0.01313334501892538 0.041043383031429383 0.017144152502096874 0.042760832122304318 -0.0052902673398638406 -0.013742579524459996 0.020999393613509269 0.011531459587481306 0.007171965128808272 -0.003573679267174413 -0.06423659615842231 0.0082876881120310074 0.093675044047393782 0.14889068224528804 -0.012523309142162551 -0.033600887938361475 0.026611494005975365 -0.0068881253688885188 -0.0022733532080564988 0.066267508762669847 -0.092641959841673158 -0.062489619994802625 -0.00053646059341201288 -0.0054919701692418268 0.017841098078703675 -0.0061023830343749034 -0.012186405726533503 0.053588008762828807 0.0090737329107923592 -0.011698172781768995 -0.077888989748287299 0.068142487838582622 -0.1235071477342649 -0.28092246478186994 -0.07948661912822802 -0.0088217351231478208 -0.20124186616983838 -0.13231750517006921 -0.18448610556876763 0.0069909189596718798 -0.1250756032533886 -0.020361674517919238 -0.24888471603212345 -0.0022045429514485145 -0.052416172900874115 -0.029024725771193718 -0.15286847874183998
leaf_weight=9915 675 135 1279 254 20410 7596 389 11847 10003 612 2865 161 58 1025 90 127 466 437 37 62 276 2448 3218 545 4773 1303 328 21186 3895 154 75 117 54 297 281 42 154 39 1075 213 439 44 41 466 594 311
leaf_count=9915 675 135 1279 254 20410 7596 389 11847 10003 612 2865 161 58 1025 90 127 466 437 37 62 276 2448 3218 545 4773 1303 328 21186 3895 154 75 117 54 297 281 42 154 39 1075 213 439 44 41 466 594 311
internal_value=-2.47349e-06 0.00091865 -0.000214328 0.000479929 -6.40075e-05 0.000427081 -0.0013437 -0.00557007 0.00377861 -0.0347837 -0.0110301 -0.0198939 -0.0297194 -0.041 -0.0713777 -0.0858806 0.0189434 0.0154869 -0.0311785 -0.0613837 -0.0976649 -0.0102561 0.00257562 -0.00323043 0.00943446 0.0161385 -0.00225877 0.005017 0.00250198 0.0317024 -0.0299773 -0.0777852 -0.180882 -0.0476785 -0.0197879 -0.0154247 -0.0636136 -0.0304188 -0.0311264 -0.0636025 -0.0362941 -0.0172481 -0.130463 -0.0109714 0.0107484 -0.126177
internal_weight=110811 101676 91167 88060 86552 85207 71207 39017 32190 1001 23275 3107 2480 1985 960 825 627 495 1345 646 392 9135 3893 699 14000 8899 5101 31189 15742 1508 229 154 116 424 5242 4768 474 320 2320 694 481 1626 85 1541 10509 401
internal_count=110811 101676 91167 88060 86552 85207 71207 39017 32190 1001 23275 3107 2480 1985 960 825 627 495 1345 646 392 9135 3893 699 14000 8899 5101 31189 15742 1508 229 154 116 424 5242 4768 474 320 2320 694 481 1626 85 1541 10509 401
is_linear=0
shrinkage=0.092745


Tree=106
num_leaves=47
num_cat=0
split_feature=34 73 21 11 26 13 0 47 27 29 12 90 57 79 30 22 81 100 2 91 91 66 1 92 1 82 18 4 6 1 15 19 43 63 73 94 84 48 100 12 88 48 62 96 3 9
split_gain=121.457 221.234 181.481 204.46 162.299 151.191 150.667 157.795 149.766 148.367 141.948 161.013 189.556 164.517 141.798 139.369 136.516 136.282 134.65 129.741 125.519 125.032 145.031 119.939 119.341 117.524 143.032 268.668 183.964 170.723 179.025 163.055 140.878 117.995 117.253 129.279 125.654 111.869 111.593 109.11 156.578 108.919 139.275 105.835 105.658 116.667
threshold=-0.029403871826759496 -0.028637250471335196 0.10525850206223876 -0.12536486058254201 -0.071948554609089679 -0.076858354764740275 0.08861108222700996 0.038876508049908352 -0.052911661770178892 -0.10282473433565557 0.069927976894006413 -0.013923468262067149 0.059745343855519856 -0.039806849770401297 0.059896750614750659 -0.084497842903550627 0.045485807205914809 1.0000000180025095e-35 0.084071087403422659 0.11225292452476791 -0.070012936151091679 -0.017321590527006599 0.18295945040458778 -0.025621883204280594 -0.021189410923942498 0.0028569198156536001 0.052764088490747811 -0.067458856272070142 0.072241345341184815 0.10928211184081101 -0.023426825148863444 0.042284829400218459 -0.054725723680178945 0.0092349741236053516 0.035543606788343805 0.057994357657621308 0.028735816009276254 -0.038525185512574493 -0.49384999999999996 0.028154596543324601 -0.023026819029266347 0.0049115293059089011 -0.050760127454790145 -0.016473748895898945 0.027977940733023555 -0.018438498402095497
decision_type=2 2 2 2 2 2 2 2 2 2 2 2 2 2 2 2 2 2 2 2 2 2 2 2 2 2 2 2 2 2 2 2 2 2 2 2 2 2 2 2 2 2 2 2 2 2
left_child=1 18 3 43 6 15 -5 8 39 38 11 12 -11 -13 -12 -6 -16 24 -1 23 -17 -9 -23 44 -4 -25 28 33 -27 30 -30 32 -29 -28 35 -10 -36 -26 -7 40 -8 42 -22 -2 -3 -46
right_child=2 19 17 4 5 9 7 21 34 10 14 13 -14 -15 16 20 -18 -19 -20 -21 41 22 -24 25 37 26 27 31 29 -31 -32 -33 -34 -35 36 -37 -38 -39 -40 -41 -42 -43 -44 -45 45 -47
leaf_value=0.017645210390135703 0.0016032534830928782 -0.024967854295095519 0.020958691226752785 0.15549304410391482 0.042882536029412853 0.10776283462674727 0.0039941477849025891 -0.050838157163122309 -0.018798633657367302 0.0095493976423944374 -0.00906912606496456 0.014065854693997518 -0.028828599150494433 -0.0039002020229264001 -0.075692611606945126 0.087420078506657589 0.050628778073596552 0.0022277771814080503 0.064033764563652229 -0.15048307534642916 0.03455925428915757 0.091995922890885845 -0.068853164192016078 0.012849139238392057 0.013131364670060916 0.0073394325944117662 -0.091376489948812908 -0.16201244079503974 -0.14010393133227675 0.015884042509052291 -0.028666963514078204 -0.10897273906242029 0.019141509329982972 -0.30989712680053161 -0.049079383907628671 0.11716798454566592 -0.20732689246001321 0.11993111955808614 0.018322625267540554 -0.026944936924382143 -0.15769363796972038 -0.0069662256894305191 -0.044980005598474551 -0.051631340546270874 0.042950782844738224 -0.012935580120054545
leaf_weight=4225 457 2374 453 40 306 182 68 124 1740 21062 5699 4890 1168 42344 498 88 86 882 617 48 208 240 60 8288 118 5295 45 40 202 301 322 142 442 41 252 62 52 299 353 191 210 1755 2072 1077 502 891
leaf_count=4225 457 2374 453 40 306 182 68 124 1740 21062 5699 4890 1168 42344 498 88 86 882 617 48 208 240 60 8288 118 5295 45 40 202 301 322 142 442 41 252 62 52 299 353 191 210 1755 2072 1077 502 891
internal_value=-2.71554e-06 0.00587201 -0.00160764 -0.00221483 -0.00160002 -0.000807566 -0.0226397 -0.0250348 -0.0336696 0.000159514 -0.000184147 0.00102316 0.007532 -0.00203987 -0.0135336 -0.0174659 -0.0570515 0.027937 0.0235626 0.00134674 -0.0219508 0.0273606 0.0597458 0.00173564 0.0539759 0.00542576 -0.00358044 -0.0429764 0.000989569 -0.0397369 -0.0717044 -0.0217304 0.0039927 -0.196394 -0.0230989 -0.0140951 -0.076362 0.089772 0.0488157 -0.0810639 -0.118132 -0.0243455 -0.0377144 -0.0357658 -0.0130695 0.00719925
internal_weight=110811 23775 87036 85284 83750 80711 3039 2999 2575 76282 75747 69464 22230 47234 6283 4429 584 1752 4842 18933 4123 424 300 18885 870 15118 6830 710 6120 825 524 624 482 86 2106 1802 304 417 535 469 278 4035 2280 1534 3767 1393
internal_count=110811 23775 87036 85284 83750 80711 3039 2999 2575 76282 75747 69464 22230 47234 6283 4429 584 1752 4842 18933 4123 424 300 18885 870 15118 6830 710 6120 825 524 624 482 86 2106 1802 304 417 535 469 278 4035 2280 1534 3767 1393
is_linear=0
shrinkage=0.092745


Tree=107
num_leaves=47
num_cat=0
split_feature=0 25 8 90 3 7 100 8 30 23 41 73 80 34 40 19 16 18 74 12 39 74 51 3 2 97 35 19 36 11 69 42 55 71 53 33 41 3 26 3 94 28 76 86 100 75
split_gain=121.987 246.84 206.579 186.974 186.213 184.954 169.246 213.402 198.063 190.373 200.223 246.777 250.086 184.003 182.768 179.911 163.044 161.508 149.401 187.541 158.78 202.34 199.132 191.678 185.208 171.239 167.201 164.321 166.555 160.717 170.305 154.23 147.142 146.665 146.272 146.066 149.707 152.206 145.903 145.014 145.965 144.594 144.493 144.486 144.077 148.64
threshold=0.14845191993067103 -0.013305276875544348 -0.068483053031087746 0.053192843494836058 0.037396280254615409 0.099374248208709659 -0.47729999999999995 -0.16074976389456561 0.054896578138627507 -0.022861106178854996 -0.011760268557539947 -0.021019123641133945 -0.011115799604752548 -0.068573176555431437 -0.015433004001775297 -0.049928187125029548 -0.053875688032259887 -0.051657289956901047 -0.048203768207861243 0.038890464653085453 -0.00036485193230694992 -0.0038514607751431499 -0.00068661230353489987 -0.069451308512330043 -0.032724575111191395 0.055740103407851106 -0.088393588534726994 -0.0038767766166707997 -0.025336578288444496 -0.057991675606111494 0.028610418681863505 -0.014247356887405698 0.030094089328125555 -0.045455903098145643 -0.074694504432915379 -0.070130343989338137 -0.028856290536821847 -0.035864716425207589 -0.077375284095915389 0.13498165279936208 -0.0098581836340552991 -0.10240213885675449 0.019148822803749653 -0.041150724045285594 0.57195000000000007 -0.0058096829275258487
decision_type=2 2 2 2 2 2 2 2 2 2 2 2 2 2 2 2 2 2 2 2 2 2 2 2 2 2 2 2 2 2 2 2 2 2 2 2 2 2 2 2 2 2 2 2 2 2
left_child=1 2 4 5 -1 -4 7 -2 9 15 11 -11 -13 -12 -8 -9 -16 33 19 -3 29 23 25 -22 -24 26 -23 28 -26 30 42 -28 -14 -10 -15 -18 41 -38 -36 40 -19 -37 -20 -39 45 -27
right_child=6 18 3 -5 -6 -7 14 8 17 10 13 12 32 34 16 -17 35 39 20 -21 21 22 24 -25 27 44 31 -29 -30 -31 -32 -33 -34 -35 38 36 37 43 -40 -41 -42 -43 -44 -45 -46 -47
leaf_value=-0.16233817984847063 -0.08552346047889571 0.053805781971096714 -0.0096452583309519571 -0.069581974770683758 0.026479392187157343 -0.10675557467493059 -0.0090226346605274694 0.032163830408738811 0.15524012831921993 0.035124221300051016 0.089620305538068532 0.023302470562285283 -0.031581183210381919 -0.04047212348146479 0.020676358558826324 -0.007216234550502079 -0.02987309034999543 -0.044966628273639196 -0.076085205455478158 -0.037422105705107275 -0.094446314558907438 -0.16576156826140603 0.011234213680006804 0.0091921337158079406 0.0076005435449810321 -0.29241719497063617 0.034890553328232939 -0.019283857959708276 -0.074435723442673157 0.0089240372505877113 0.05929911199981535 -0.0082709739149276987 0.023650777117990209 0.015619481288932369 -0.020773814279951258 -0.068307468109603392 -0.014217669914097543 0.036047601389144264 0.029059324117057656 0.061375322010574836 -0.0063880040960039713 0.019120914798460464 0.024774307559770135 0.00080564919796982789 0.045224377347952163 -0.044552733777659025
leaf_weight=149 208 882 11332 490 64 171 16418 1205 70 1710 381 1601 2449 294 3995 5799 1295 1388 523 248 158 51 674 5062 250 45 959 1429 1420 12709 141 2763 499 824 538 168 5777 1113 8209 191 2153 4872 159 9901 35 39
leaf_count=149 208 882 11332 490 64 171 16418 1205 70 1710 381 1601 2449 294 3995 5799 1295 1388 523 248 158 51 674 5062 250 45 959 1429 1420 12709 141 2763 499 824 538 168 5777 1113 8209 191 2153 4872 159 9901 35 39
internal_value=-2.62204e-06 -0.00411685 -0.0150958 -0.0134851 -0.105581 -0.0110927 0.00229888 0.00799223 0.00870583 0.0122727 0.0179508 0.00508958 -0.00619914 0.0264926 -0.00129935 -0.000438126 0.00337557 -0.00878203 0.000747486 0.0337676 -0.0006648 -0.00803379 -0.0176251 0.00604758 -0.0328072 -0.00290231 0.000552963 -0.0423904 -0.0621475 0.00635087 -0.0333574 0.00284806 -0.0222262 0.0266131 0.0238281 0.000386066 0.00218201 -0.0020251 0.0259921 -0.017266 -0.0215163 0.0162002 -0.0525505 0.00436904 -0.112308 -0.17804
internal_weight=110811 39753 12206 11993 213 11503 71058 27519 27311 22685 15681 6259 4549 9422 43539 7004 27121 4626 27547 1130 26417 12885 7665 5220 3773 3892 3773 3099 1670 13532 823 3722 2948 894 9041 23126 21831 16791 8747 3732 3541 5040 682 11014 119 84
internal_count=110811 39753 12206 11993 213 11503 71058 27519 27311 22685 15681 6259 4549 9422 43539 7004 27121 4626 27547 1130 26417 12885 7665 5220 3773 3892 3773 3099 1670 13532 823 3722 2948 894 9041 23126 21831 16791 8747 3732 3541 5040 682 11014 119 84
is_linear=0
shrinkage=0.092745


Tree=108
num_leaves=47
num_cat=0
split_feature=77 89 55 28 46 4 29 3 21 94 26 59 1 28 40 79 93 25 82 62 91 9 62 59 99 42 41 33 87 93 87 89 70 18 98 45 3 54 2 66 39 1 88 38 46 63
split_gain=118.878 173.123 154.098 147.248 140.536 177.656 176.299 147.02 210.843 142.09 140.112 256.041 170.249 187.77 190.919 159.125 158.913 166.262 155.944 164.539 145.823 139.043 133.215 173.316 173.349 166.866 140.783 131.88 157.726 130.932 140.067 130.596 128.722 146.87 215.603 150.376 148.37 140.403 127.601 125.659 128.369 142.992 168.694 172.931 164.443 132.948
threshold=-0.0056057876548406488 -0.019218616161892098 -0.020791748898810299 -0.10240213885675449 0.0027409337001718004 1.0000000180025095e-35 0.051398016227022954 0.090767803853695816 0.019704540476303305 -0.07510525755253443 -0.0020637268819712995 0.0059666607536060009 -0.059689191467348142 -0.028524572768928697 0.0036309740152855002 -0.00058668648779494983 -0.071406899651554737 -0.058830936457516844 0.0051834833675703006 -0.027288185778674496 0.024039273834553902 0.010166383131484501 0.042372820362293902 0.049154635230086056 1.0000000180025095e-35 -0.0013427470018009498 -0.010284654971609098 0.041454117478183707 -0.027172281208347849 -0.015983246624336544 -0.047887722796162845 -0.040531657194191141 -0.0032919179864330495 0.016778907632767303 -0.04025105593733249 -0.0057938882241165496 0.0035007748178709007 -0.015208264161373398 0.095626957190795614 -0.029268915867660648 0.011952676387610852 0.030608773561614001 0.062645243750447013 0.078368794528584071 -0.022697158668185346 -0.038791852333574996
decision_type=2 2 2 2 2 2 2 2 2 2 2 2 2 2 2 2 2 2 2 2 2 2 2 2 2 2 2 2 2 2 2 2 2 2 2 2 2 2 2 2 2 2 2 2 2 2
left_child=1 27 4 -4 5 7 -7 8 21 -6 11 18 20 -14 15 -15 17 -12 -2 -20 22 -3 31 24 -24 -25 -26 -1 -29 -16 -31 -13 -21 35 37 38 -36 -35 -34 -18 -41 42 43 -42 -44 -43
right_child=10 2 3 -5 9 6 -8 -9 -10 -11 16 12 13 14 29 -17 39 -19 19 32 -22 -23 23 25 26 -27 -28 28 -30 30 -32 -33 33 34 36 -37 -38 -39 -40 40 41 45 44 -45 -46 -47
leaf_value=-0.0092714318200029736 0.0075933744178532615 -0.073947130468698524 -0.03679661440810969 0.011840359073710047 -0.125077397123004 0.016013427635166839 -0.060926650714909228 0.027856039796646654 0.0053328751957628226 0.010684265666801461 -0.094173228668173958 -0.064761759606737607 -0.055787122457949673 -0.011779767013593422 0.033989920985984842 -0.054722710212851286 -0.011543790247260485 0.066050727739679363 0.019977805836428469 -0.0329548851312099 -0.036953948592422049 -0.019353837897108522 -0.010445605742270603 0.11282422383085818 -0.033158993484053191 -0.079333246953661771 -0.19805232025461145 0.067044704320447332 0.003317341430019076 0.082084722742475927 -0.021511711368696309 0.015430788660081017 -0.011223124166563802 -0.31416606847821926 -0.063013536812635551 0.033081041485020481 0.017845706258167969 -0.080028062736363148 -0.17684916534204217 0.0079862330880441836 -0.0057091458273597689 0.054048183700716533 -0.17156747649527535 -0.082927922291902337 -0.033097481248499469 0.0031564435812237585
leaf_weight=11560 9472 1126 547 24472 67 1932 295 340 713 4527 62 185 1554 1394 709 1590 6197 525 1200 2571 953 625 190 103 72 62 118 417 1678 121 1503 3039 752 35 361 1081 424 60 42 17345 7340 547 104 258 254 2289
leaf_count=11560 9472 1126 547 24472 67 1932 295 340 713 4527 62 185 1554 1394 709 1590 6197 525 1200 2571 953 625 190 103 72 62 118 417 1678 121 1503 3039 752 35 361 1081 424 60 42 17345 7340 547 104 258 254 2289
internal_value=-2.54519e-06 0.00345323 0.00693941 0.010776 -0.00303203 -0.0137418 0.00580892 -0.0292733 -0.0371643 0.00869367 -0.00267282 -0.00761261 -0.0181078 -0.0274251 -0.0191306 -0.0346692 0.00122974 0.0490668 -6.232e-06 -0.0110384 -0.0045463 -0.0544748 0.00364661 -0.0387444 -0.0732044 0.0405247 -0.135782 -0.0053905 0.0160159 0.000739728 -0.0137715 0.0108196 -0.01803 -0.0040949 -0.0353498 0.0105699 -0.0193313 -0.167115 -0.0200618 0.00041108 0.00304464 -0.00489627 -0.011271 -0.00833602 -0.0734661 0.0129816
internal_weight=110811 48299 34644 25019 9625 5031 2227 2804 2464 4594 62512 27591 11593 6871 5317 2984 34921 587 15998 6526 4722 1751 3769 545 380 165 190 13655 2095 2333 1624 3224 5326 2755 880 1875 785 95 794 34334 28137 10792 7956 7598 358 2836
internal_count=110811 48299 34644 25019 9625 5031 2227 2804 2464 4594 62512 27591 11593 6871 5317 2984 34921 587 15998 6526 4722 1751 3769 545 380 165 190 13655 2095 2333 1624 3224 5326 2755 880 1875 785 95 794 34334 28137 10792 7956 7598 358 2836
is_linear=0
shrinkage=0.092745


Tree=109
num_leaves=47
num_cat=0
split_feature=68 49 31 28 51 34 1 11 63 55 2 7 95 11 84 68 66 6 11 87 29 71 19 36 67 61 100 20 8 76 41 88 21 34 31 84 32 0 11 16 33 30 49 68 14 21
split_gain=115.034 131.751 136.997 160.705 154.071 175.008 160.1 146.156 142.244 148.456 197.833 137.79 136.576 138.168 130.458 127.151 126.899 126.057 136.954 127.63 125.618 167.583 146.993 134.864 142.321 122.911 117.79 116.838 115.369 114.941 113.488 113.404 124.602 111.712 108.014 106.949 107.404 105.896 176.97 137.818 115.563 110.891 129.128 106.458 124.432 139.876
threshold=0.062529151227643312 0.051478070678149503 -0.078205024427311282 0.08225069400377126 0.057180107756335558 0.051907964861713458 0.11913951407920341 -0.13294320776811239 0.08385387183681571 0.010551932312396503 -0.10458348836664803 0.042955413539179511 -0.060828041679714041 -0.15516119816725618 0.0067792768873535013 0.016790155674262803 -0.060176282269610644 0.019977599726053456 -0.0074907496222206991 1.0000000180025095e-35 -0.041990910393187898 -0.033532161924995939 0.085596568475547155 -0.015195654396263499 -0.073626770758872181 0.0077239499449614007 0.20145000000000005 0.05520521445433621 -0.020959666374153998 -0.045673441584336692 0.045416669549257459 -0.0087674565718241487 0.044624009550640609 0.020762557318980902 -0.0050664937256723998 0.037394251981671206 0.056359968645218805 0.20883018170901521 -0.0029424101448219998 0.061296019648128051 0.021113695531663704 -0.010860755523344199 0.0047436174620599505 0.019691621977721303 -0.038859555750168945 -0.089219937498871346
decision_type=2 2 2 2 2 2 2 2 2 2 2 2 2 2 2 2 2 2 2 2 2 2 2 2 2 2 2 2 2 2 2 2 2 2 2 2 2 2 2 2 2 2 2 2 2 2
left_child=1 2 37 4 5 8 25 30 9 10 -4 -11 27 -14 16 -16 -8 19 -19 -9 21 26 23 24 -22 -6 -15 33 -18 -26 -7 -27 -33 -3 -24 36 -10 38 39 -1 -41 43 -43 44 -40 -46
right_child=-2 12 3 -5 6 7 14 17 35 11 -12 -13 13 20 15 -17 28 18 -20 -21 22 -23 34 -25 29 31 -28 -29 -30 -31 -32 32 -34 -35 -36 -37 -38 -39 41 40 -42 42 -44 -45 45 -47
leaf_value=-0.055226558045209123 0.014820502113920251 0.02226017761474881 0.021489384274898375 0.020564055932716225 -0.011842719659837757 -0.14025771630431508 0.17951508435524657 -0.0063173952524176458 -0.03271207158715967 0.010160442324548737 -0.0031920780996166041 -0.0072302128286953569 -0.075633635841663494 0.15335911537372701 -0.046734038902868473 0.05641435900128243 0.070779236817370153 -0.020990382052810962 0.024770338714987787 -0.038540936898626886 -0.12021872511828298 0.021767595959104897 -0.098681733264232713 0.021246882996830394 -0.064496892653639351 -0.017799234180341433 0.04267369236227804 -0.17206356396815634 -0.0052704520164961032 0.0049632871283776967 0.011523702595546928 -0.081055607289561279 0.00045627395863561304 -0.10873687658493614 -0.0022591257789734429 -0.10237611697564876 0.043734293824699871 -0.0006052237738670438 0.11414372184430431 -0.28968740475721394 -0.069978158602930121 -0.012258567092468623 -0.1160242188309593 0.07546425112729796 -0.19185919485115233 -0.0098076028330757944
leaf_weight=667 4327 159 2963 2892 2522 137 50 2158 956 20699 48709 4833 152 157 427 135 297 994 1295 2075 90 1398 184 4284 226 813 176 56 405 2169 61 794 202 86 219 154 189 1410 63 42 41 301 157 166 39 482
leaf_count=667 4327 159 2963 2892 2522 137 50 2158 956 20699 48709 4833 152 157 427 135 297 994 1295 2075 90 1398 184 4284 226 813 176 56 405 2169 61 794 202 86 219 154 189 1410 63 42 41 301 157 166 39 482
internal_value=-2.72858e-06 -0.00060524 -0.00161788 -0.000957531 -0.0016427 -0.000659629 -0.016481 -0.0150242 0.000569878 0.00108219 -0.00177641 0.00686795 0.00990558 0.0119504 0.0118664 -0.0219161 0.0371303 -0.0126363 0.00489261 -0.022118 0.0134496 0.0358742 0.00803424 0.0112762 -0.00590754 -0.0250848 0.0949863 -0.0515171 0.0269007 -0.00159241 -0.0934787 -0.0435337 -0.064515 -0.0237399 -0.0463559 -0.0298618 -0.0200737 -0.0199952 -0.0339493 -0.0693307 -0.181932 -0.0119599 -0.0479088 0.00998455 -0.00863226 -0.023559
internal_weight=110811 106484 97128 93760 90868 85223 5645 6720 78503 77204 51672 25532 9356 9055 1314 562 752 6522 2289 4233 8903 1731 7172 6769 2485 4331 333 301 702 2395 198 1809 996 245 403 1299 1145 3368 1958 750 83 1208 458 750 584 521
internal_count=110811 106484 97128 93760 90868 85223 5645 6720 78503 77204 51672 25532 9356 9055 1314 562 752 6522 2289 4233 8903 1731 7172 6769 2485 4331 333 301 702 2395 198 1809 996 245 403 1299 1145 3368 1958 750 83 1208 458 750 584 521
is_linear=0
shrinkage=0.092745


Tree=110
num_leaves=47
num_cat=0
split_feature=68 15 19 39 65 17 15 76 48 8 60 34 46 96 29 97 7 44 38 2 21 93 96 68 19 8 38 20 2 27 15 66 28 54 79 82 19 5 42 43 23 27 51 11 26 59
split_gain=110.652 123.162 134.945 139.629 161.79 156.507 165.746 160.327 178.378 170.561 149.2 166.504 142.109 137.078 118.353 135.185 111.086 104.629 103.266 111.496 112.071 105.949 102.612 102.069 93.4048 113.221 115.591 99.0499 101.688 114.822 90.8201 90.3041 97.3069 124.697 121.075 112.913 98.5627 92.1608 103.478 102.082 115.836 98.3282 90.1471 85.5794 84.726 91.8423
threshold=-0.083059174391951637 0.11429078169592517 -0.10105715696322749 -0.064510821965487436 0.054342661265428457 -0.10019920891768137 -0.073312548877460929 0.018754844402580503 0.033612314339416062 -0.036895516449278097 0.053308837352122863 0.11160386411670366 0.10681573316400726 -0.013775061354852297 0.05819000896692756 -0.051638710984750293 -0.013686311631270499 0.067121827009642324 0.099487796973382212 -0.028767121113764647 -0.11763871127020718 0.019904572251659054 0.016168389987972955 -0.0081345944582501984 0.094183188960369771 -0.014500566533912849 0.018345067821077504 0.022525591771664053 -0.10044143712727945 0.047867233042365155 -0.080503657972338785 -0.033925343102849788 -0.059299416812386943 0.0053338457862306511 0.032298807714079954 -0.046532098547274296 -0.015314089596468747 -0.036573965697209242 -0.03138338999566679 -0.028144512834200497 -0.045593442464980642 -0.051049442440064194 -0.061613294927003792 0.11572786674830127 0.00033916871458705006 -0.087544598395327342
decision_type=2 2 2 2 2 2 2 2 2 2 2 2 2 2 2 2 2 2 2 2 2 2 2 2 2 2 2 2 2 2 2 2 2 2 2 2 2 2 2 2 2 2 2 2 2 2
left_child=43 2 16 17 5 12 7 8 -7 -9 11 -8 14 -12 15 -5 18 31 19 -2 -21 30 -19 -16 27 -26 -27 -6 -29 -30 -22 32 35 34 -34 -4 -37 38 -33 40 -39 -40 -35 44 45 -1
right_child=1 -3 3 4 24 6 10 9 -10 -11 13 -13 -14 -15 23 -17 -18 22 -20 20 21 -23 -24 -25 25 26 -28 28 29 -31 -32 37 33 42 -36 36 -38 39 41 -41 -42 -43 -44 -45 -46 -47
leaf_value=0.062668044428423261 0.055919444214278198 0.02284061925744273 0.087194432983067116 0.084356271933191951 0.023920942412047126 -0.037074687507020955 0.00061518738160856669 -0.038573832724270958 0.010420639475448397 0.023923732703380707 -0.035708769719141185 -0.045738630658660309 0.12152783683743221 -0.0048675097344828373 -0.19833292738154354 -0.0356864459502967 0.041561996609564611 0.0791333979838173 -0.1310837896767772 -0.098308249549005633 0.099508874475243245 -0.052087696064618223 -0.0057641365396549704 -0.047847590300097539 0.034956697404771447 -0.022105745730418024 -0.19440786829888232 0.071137371199054417 -0.020335379762574889 0.042077632721571237 0.0055059044420422802 0.040042247058438576 -0.0090495025268916302 -0.1125797055963625 -0.11340905892213511 0.036989387827405067 -0.1211995644749406 0.081745184024773446 -0.10114050248640086 0.035795953978643491 -0.0084873023004350227 -0.010645025110009356 0.038105970636928242 0.094360311112194936 -0.0045577592020545317 -0.048343394684029616
leaf_weight=68 301 2066 36 86 3946 3229 78106 527 861 1305 1905 672 50 3552 68 1236 1206 372 48 107 111 215 182 91 91 76 60 149 1365 311 432 298 454 36 121 42 170 138 120 2101 1063 735 573 54 1043 1033
leaf_count=68 301 2066 36 86 3946 3229 78106 527 861 1305 1905 672 50 3552 68 1236 1206 372 48 107 111 215 182 91 91 76 60 149 1365 311 432 298 454 36 121 42 170 138 120 2101 1063 735 573 54 1043 1033
internal_value=-2.80378e-06 0.000414018 -2.07768e-05 -0.000524113 -0.00139634 -0.00236186 -0.00186231 -0.0168597 -0.0270729 0.00593479 -0.000807729 0.000219438 -0.0317641 -0.0156378 -0.036971 -0.0278505 0.0216285 0.0127016 0.00181001 0.00732322 -0.00958425 0.00295442 0.0512296 -0.112532 0.0133601 -0.0449447 -0.0984695 0.015658 -0.00220151 -0.00874063 0.0247893 0.00907129 -0.011182 -0.000100467 -0.0310795 -0.0639716 -0.0897884 0.0155848 -0.00697906 0.0234678 0.0018864 -0.0233916 0.0291275 -0.0206034 -0.0235175 -0.0414602
internal_weight=110811 108613 106547 104127 97686 91688 90157 5922 4090 1832 84235 78778 1531 5457 1481 1322 2420 6441 1214 1166 865 758 554 159 5998 227 136 5771 1825 1676 543 5887 1432 1184 575 248 212 4455 1153 3302 1201 855 609 2198 2144 1101
internal_count=110811 108613 106547 104127 97686 91688 90157 5922 4090 1832 84235 78778 1531 5457 1481 1322 2420 6441 1214 1166 865 758 554 159 5998 227 136 5771 1825 1676 543 5887 1432 1184 575 248 212 4455 1153 3302 1201 855 609 2198 2144 1101
is_linear=0
shrinkage=0.092745


Tree=111
num_leaves=47
num_cat=0
split_feature=3 9 0 16 59 7 91 31 6 13 82 5 84 25 48 11 29 69 70 74 75 65 95 58 5 81 38 27 31 15 6 48 22 68 82 97 75 87 65 28 87 10 15 30 30 8
split_gain=109.807 130.158 158.351 167.587 132.884 134.025 137.17 130.267 138.009 181.495 158.248 247.689 195.975 154.991 156.245 168.754 159.762 210.833 155.095 154.448 148.272 159.113 150.086 138.371 228.932 150.606 130.891 130.184 129.603 124.641 124.403 142.895 144.127 124.09 123.97 121.388 159.643 157.182 125.465 123.125 146.322 120.749 118.869 118.16 117.464 116.93
threshold=0.18320225866052992 0.034612091758803705 0.20708959433417531 0.0082676202827100011 -0.094203921480856032 -0.050202261381958144 0.071756836734820112 -0.078205024427311282 0.03315996279693386 0.061170872426332359 -0.0089868903129352497 0.034455783044028111 -0.017461750605200298 -0.061716402903786195 -0.012816228130314149 -0.14225944842784791 -0.052000394106048294 -0.05236244908660434 -0.026874977669236747 -0.066525284175407942 0.061338568232622806 -0.012189343104566198 -0.0063148496239907488 -0.00099571573960789976 -0.026620229938821346 -0.066913559954041343 -0.043756671064606741 0.037253496775993204 -0.056405694904297497 -0.10991302374874019 -0.053395282074925048 -0.031195470999521798 0.092383469196779811 0.016790155674262803 0.081034301983272258 0.023861418666839055 0.012785211289879252 0.015533186723967802 0.011576755848060602 -0.056871551342795444 -0.0091906522486152973 0.051873838590736708 -0.093073355422520182 -0.097933880376149932 -0.04461439214809499 -0.042135166143477142
decision_type=2 2 2 2 2 2 2 2 2 2 2 2 2 2 2 2 2 2 2 2 2 2 2 2 2 2 2 2 2 2 2 2 2 2 2 2 2 2 2 2 2 2 2 2 2 2
left_child=1 7 3 4 -3 -6 45 26 9 13 -10 12 34 27 15 -15 -16 -18 -17 -13 22 -22 -21 25 -25 -14 33 42 -2 -5 -4 -32 -33 -1 -12 37 -37 39 -38 40 -31 -11 -9 -44 -34 -7
right_child=28 2 30 29 5 6 -8 8 10 41 11 19 23 14 16 18 17 -19 -20 20 21 -23 -24 24 -26 -27 -28 -29 -30 35 31 32 44 -35 -36 36 38 -39 -40 -41 -42 -43 43 -45 -46 -47
leaf_value=-0.011354234313764011 -0.10709636100921222 0.10418539586899364 0.017839944504105372 -0.14733941794832039 -0.0036062213562733469 -0.055785194381238683 -0.10748631496661649 -0.12196983028871894 0.02104461250950871 0.02067065071140094 0.032727638087792485 0.096938032323108339 -0.12076088202454409 -0.085800397642666046 0.017233319757821039 -0.0084265908154708118 -0.035757780954787058 -0.0038085129443565895 0.012003620923661714 -0.068841527896122301 0.16839203418108767 -0.0096936072384695426 -0.015865286503681856 0.023486730039828953 -0.032679128090568568 0.015395807006032639 -0.030114146203723866 0.0030069191422310484 0.042191827660626735 -0.11781199525142107 0.017405895458348024 -0.0073499978017894201 -0.19056378373715213 0.057551608292498543 -0.096537140300236801 -0.0014579798926093409 -0.043748128613911086 -0.020986367643681239 -0.17740040234502052 0.026831970888599753 0.04581217894262208 -0.015412653199175277 0.071037632548265381 -0.032995309691415092 -0.044748155405588311 -0.020924299448669453
leaf_weight=732 53 72 3034 48 2406 1003 188 123 6414 5281 2772 85 71 168 2853 4102 1885 30876 14461 803 62 140 1079 918 1948 3500 2138 1341 809 113 2039 6148 56 324 65 589 189 1041 89 2529 80 939 98 2084 311 4752
leaf_count=732 53 72 3034 48 2406 1003 188 123 6414 5281 2772 85 71 168 2853 4102 1885 30876 14461 803 62 140 1079 918 1948 3500 2138 1341 809 113 2039 6148 56 324 65 589 189 1041 89 2529 80 939 98 2084 311 4752
internal_value=-2.6162e-06 -0.000261288 -0.00619162 -0.013178 -0.0209966 -0.0220813 -0.0295581 0.00145565 0.00217099 0.00016511 0.00938296 0.00284485 0.0094449 -0.00144955 -0.000207339 0.00664948 -0.00381405 -0.00564752 0.00748821 -0.0253663 -0.0303738 0.0450594 -0.0384831 0.000491951 -0.0146835 0.0126754 -0.016919 -0.01996 0.0329646 0.000894061 0.00170469 -0.00401709 -0.0107244 0.00978425 0.0297518 0.00244276 -0.0288332 0.00965405 -0.0867232 0.0213781 -0.0499504 0.0152207 -0.0333264 -0.028308 -0.0671659 -0.0270048
internal_weight=110811 109949 24687 13099 8421 8349 5943 85262 82068 64211 17857 11443 9274 57991 54345 18731 35614 32761 18563 2169 2084 202 1882 6437 2866 3571 3194 3646 862 4678 11588 8554 6515 1056 2837 4630 867 3763 278 2722 193 6220 2305 2182 367 5755
internal_count=110811 109949 24687 13099 8421 8349 5943 85262 82068 64211 17857 11443 9274 57991 54345 18731 35614 32761 18563 2169 2084 202 1882 6437 2866 3571 3194 3646 862 4678 11588 8554 6515 1056 2837 4630 867 3763 278 2722 193 6220 2305 2182 367 5755
is_linear=0
shrinkage=0.092745


Tree=112
num_leaves=47
num_cat=0
split_feature=38 49 14 40 69 94 98 42 61 77 23 26 51 9 15 61 71 98 49 41 85 63 43 39 79 62 60 8 17 22 93 0 13 67 77 100 81 94 96 31 54 66 0 80 3 28
split_gain=109.652 124.265 146.795 172.566 177.338 135.435 180.631 167.691 157.485 156.175 175.368 196.612 151.794 148.029 143.176 209.243 146.662 165.544 167.046 158.47 144.286 166.82 141.47 139.637 144.72 136.689 131.047 135.084 173.713 128.212 128.339 168.643 150.375 141.182 146.353 142.791 126.148 171.948 152.339 124.141 140.52 123.42 121.392 193.839 120.786 120.037
threshold=0.073358032712368362 0.032010921868078406 -0.038070521216174096 -0.014264695825061199 -0.049903820076160045 0.0031894576691736004 0.0022204797818677507 0.065021607192793721 -0.070213619251063827 -0.015495607906943248 0.051265808324440561 -0.10326423335685554 0.041944814082432301 -0.010132685783385598 -0.073312548877460929 0.022657970137005903 0.019388090248938804 0.0024921277990135006 0.024194037814866204 0.014870637080630153 0.019259386509730005 0.044723966599425409 -0.013811759679924148 0.00041262943964740005 -0.00058668648779494983 -0.069360108377052795 -0.0030111722351724496 -0.041459021266805389 -0.022079377123733399 -0.039009241963975642 0.028894428430656451 0.062288639682801759 -0.092982268206320731 0.021341187454576103 -0.0028839868074219495 -0.92304999999999993 -0.0030234662956256995 0.0017364484472943502 0.08755271040495162 0.010493385123022453 0.025105795038104655 0.012980742543002702 0.1185907317813495 0.025355424343781702 0.18320225866052992 0.025511977084653303
decision_type=2 2 2 2 2 2 2 2 2 2 2 2 2 2 2 2 2 2 2 2 2 2 2 2 2 2 2 2 2 2 2 2 2 2 2 2 2 2 2 2 2 2 2 2 2 2
left_child=1 5 -3 4 -4 6 8 9 -1 12 23 -12 42 -9 15 25 29 18 -18 20 21 -19 -15 41 -25 -7 -10 28 -28 -16 33 -32 -33 34 -31 -35 37 -29 -38 -14 -41 -11 43 -8 -6 -27
right_child=-2 2 3 -5 44 14 7 13 26 10 11 -13 39 22 16 -17 17 19 -20 -21 -22 -23 -24 24 -26 45 27 36 -30 30 31 32 -34 35 -36 -37 38 -39 -40 40 -42 -43 -44 -45 -46 -47
leaf_value=0.038392253567584918 -0.013738633950937648 0.02154685530409773 -0.068280730327308845 0.010476610825592213 -0.0080057682095372191 0.12941652552301428 0.00043730019894315915 -0.0078668247192395183 0.0066408513138653076 -0.017511733302968534 -0.18414292557342329 0.018334166598094705 -0.064562962247205244 -0.0024172459430990708 0.020543278984980977 -0.056233588635970284 -0.021962980432058667 0.018184172580784155 0.046561061921589306 0.034240777400534689 -0.035455113237641459 -0.062616297358220302 -0.1178040219161262 -0.013473151605915612 -0.042504142890720728 -0.021744456765641771 -0.06683791631054517 -0.0092698140363705467 -0.010690504696669368 0.013465638876149062 -0.16041437827815172 -0.12286335746433236 -0.004894228678519681 0.087297960889923448 -0.0056721168398433776 0.01852900250160568 0.0084451173156225613 -0.094447480198569703 -0.1748096877389875 0.05378372821344226 -0.10418126302305948 0.010368633672544973 0.013912600880302427 -0.08915354246109003 0.099772905198636297 0.028440149818126863
leaf_weight=935 4783 4771 428 8718 4392 67 983 376 12078 4335 42 1674 486 126 5655 827 4491 1912 328 1336 891 248 335 2847 3074 1240 672 5169 1610 6712 63 95 3809 278 7043 3929 5647 212 39 196 64 1993 4936 263 91 612
leaf_count=935 4783 4771 428 8718 4392 67 983 376 12078 4335 42 1674 486 126 5655 827 4491 1912 328 1336 891 248 335 2847 3074 1240 672 5169 1610 6712 63 95 3809 278 7043 3929 5647 212 39 196 64 1993 4936 263 91 612
internal_value=-2.71292e-06 0.000616831 0.0075458 0.0026432 -0.0112597 -0.000837967 -0.00414401 -0.0104045 0.00101601 -0.00877262 -0.0144205 0.0133407 0.00261012 -0.0511065 0.0031832 -0.0172435 0.00470834 -0.0054269 -0.0172937 0.00760557 -0.00405534 0.00889372 -0.0863172 -0.018311 -0.0285488 -0.000427608 -0.000358267 -0.00669201 -0.027237 0.00809143 0.00487953 -0.010216 -0.00777716 0.00821432 0.00366559 0.0230821 -0.00245383 -0.012633 0.00717707 -0.036898 0.014776 -0.0087286 0.00738137 -0.0184783 -0.00580872 -0.00515158
internal_weight=110811 106028 18400 13629 4911 87628 48092 21730 26362 20893 13965 1716 6928 837 39536 2746 36790 9206 4819 4387 3051 2160 461 12249 5921 1919 25427 13349 2282 27584 21929 3967 3904 17962 13755 4207 11067 5381 5686 746 260 6328 6182 1246 4483 1852
internal_count=110811 106028 18400 13629 4911 87628 48092 21730 26362 20893 13965 1716 6928 837 39536 2746 36790 9206 4819 4387 3051 2160 461 12249 5921 1919 25427 13349 2282 27584 21929 3967 3904 17962 13755 4207 11067 5381 5686 746 260 6328 6182 1246 4483 1852
is_linear=0
shrinkage=0.092745


Tree=113
num_leaves=47
num_cat=0
split_feature=89 13 17 74 66 71 81 77 40 97 58 39 70 88 12 14 13 18 8 48 1 56 87 7 86 88 43 4 2 67 0 40 61 79 12 49 73 23 69 100 68 88 28 47 15 0
split_gain=105.997 191.816 162.1 190.05 164.889 173.396 162.449 150.732 140.486 160.779 141.442 140.261 135.682 134.699 153.764 137.508 138.602 128.431 197.609 148.859 133.347 148.508 170.47 178.809 134.941 133.454 127.995 133.368 126.737 121.404 174.004 168.646 127.567 130.897 122.521 121.307 174.494 122.799 120.522 120.471 127.45 115.709 115.185 114.931 114.728 166.855
threshold=0.0014714837640885001 -0.0076786144756713992 -0.039618620743024892 0.029842195334475501 -0.051668835556967795 -0.040573219489727544 -0.042199409959135147 -0.015495607906943248 0.029020156139622152 -0.036253473000417945 0.012838780865181901 -0.011555218829873747 0.084852491175839012 0.078500417876484971 -0.040387865745433037 -0.034033590265877149 0.045023565688141656 0.030071527517148554 0.053108364001399407 0.0022253863493762508 -0.14805284272873262 -0.031459100451113546 -0.011396919865404998 -0.078970114533016084 -0.0034799807932146495 0.017765856651529455 0.032798382963896401 0.0079344624168066012 -0.044591145506568043 -0.020107496628766198 0.055504785770923708 -0.0050829711349394497 0.022231511954018752 -0.0014095400689001999 -0.0022453505801315996 0.049071673598385261 0.0008600370584787002 0.022413296512320251 0.028134536880844805 -0.97784999999999989 -0.0090829666286497482 -0.017242983864407996 -0.093858034327351139 -0.035520165574340241 -0.03314659041892444 0.27430242761118456
decision_type=2 2 2 2 2 2 2 2 2 2 2 2 2 2 2 2 2 2 2 2 2 2 2 2 2 2 2 2 2 2 2 2 2 2 2 2 2 2 2 2 2 2 2 2 2 2
left_child=1 2 3 4 5 -1 8 38 10 -10 -4 -5 13 17 -15 -16 -17 20 35 -20 -9 24 28 -24 25 -22 -14 43 -23 30 31 -3 33 -32 -33 36 -19 -38 44 40 -31 -35 -40 -28 45 -2
right_child=7 29 6 11 -6 -7 -8 12 9 -11 -12 -13 26 14 15 16 -18 18 19 -21 21 22 23 -25 -26 -27 27 -29 -30 39 32 34 -34 41 -36 -37 37 -39 42 -41 -42 -43 -44 -45 -46 -47
leaf_value=-0.23086244127993313 -0.016599552756283741 0.042901457779489796 -0.069997174461504982 -0.016227974857304359 -0.011400078513084094 -0.044503527414462514 -0.0023532297991587193 0.034997119808987578 0.15097858509886602 -0.0090811563388727753 -0.0073182937283337458 -0.093930129359726139 0.060893479044644074 0.023262094359517614 0.027051384506039156 -0.08769371541578623 -0.26740710862949085 0.0063783508676136646 -0.017202274016961703 -0.086178516998903998 0.012220299726308911 0.030657842089085039 0.028079242135085888 -0.01085625713721055 0.032043320244388621 -0.040871962025365929 -0.23312627880569153 0.066311828920021881 0.0024841210124792934 -0.10392707966533783 0.013568085700110862 -0.32051813144527286 -0.024701459462179075 0.011304383909448868 -0.083937157088404324 0.030440652027572321 -0.040544137488512065 0.0044760807504522354 -0.084367624305067584 0.0060718730106944238 0.0015774542671337234 -0.023954249126250837 0.030319211043377804 -0.026940575408256392 0.011755015209835653 0.044647537614792059
leaf_weight=58 2832 36 847 327 4076 165 17850 1039 61 452 489 516 559 157 67 188 46 2724 606 485 1861 1813 1097 13435 2316 521 35 73 5667 177 3381 37 2300 1215 39 730 1792 734 77 24254 221 2344 2910 69 9691 442
leaf_count=58 2832 36 847 327 4076 165 17850 1039 61 452 489 516 559 157 67 188 46 2724 606 485 1861 1813 1097 13435 2316 521 35 73 5667 177 3381 37 2300 1215 39 730 1792 734 77 24254 221 2344 2910 69 9691 442
internal_value=-2.74552e-06 -0.00269844 -0.00889373 -0.023558 -0.0156559 -0.0932679 -0.00506495 0.00304953 -0.0312318 0.00999809 -0.0470723 -0.0638213 -0.000274461 -0.00109723 -0.051051 -0.0898429 -0.123363 -0.000439368 -0.0115976 -0.0478924 0.00240358 0.00113484 -0.00205955 -0.00791564 0.016104 0.000598527 0.0391293 -0.0295166 0.00931559 0.00182706 -0.00716957 -0.121935 -0.00577328 0.000498542 -0.200062 -0.0049717 -0.00989969 -0.0274578 0.0105546 0.00524062 -0.0453495 -0.0119136 0.0273504 -0.096909 0.0066835 -0.00832367
internal_weight=110811 58845 24841 5142 4299 223 19699 51966 1849 513 1336 843 36014 35278 458 301 234 34820 7071 1091 27749 26710 22012 14532 4698 2382 736 177 7480 34004 9352 112 9240 6940 76 5980 5250 2526 15952 24652 398 3559 2987 104 12965 3274
internal_count=110811 58845 24841 5142 4299 223 19699 51966 1849 513 1336 843 36014 35278 458 301 234 34820 7071 1091 27749 26710 22012 14532 4698 2382 736 177 7480 34004 9352 112 9240 6940 76 5980 5250 2526 15952 24652 398 3559 2987 104 12965 3274
is_linear=0
shrinkage=0.092745


Tree=114
num_leaves=47
num_cat=0
split_feature=9 1 75 11 47 91 55 88 43 59 84 29 70 10 3 18 71 1 63 17 67 84 66 60 73 70 63 63 21 78 49 54 39 34 98 39 7 78 100 19 71 84 42 50 11 5
split_gain=106.318 129.908 150.335 126.598 122.157 120.647 166.567 148.836 149.999 145.231 148.102 162.609 139.44 149.862 181.375 173.361 160.803 172.943 130.585 130.085 128.85 142.379 141.185 126.73 125.841 122.446 120.416 119.506 118.754 118.608 117.857 117.428 116.15 113.384 110.834 139.454 124.609 109.213 126.466 104.233 100.35 100.223 99.6649 99.5659 96.9008 105.341
threshold=0.094949386485631324 -0.15482403420593177 0.089763778272768116 0.11045235322052467 -0.030398409580770596 0.010692194638635001 -0.020791748898810299 -0.012718280045657048 -0.010013986998503447 -0.10489779580306173 0.048267916763118757 0.11384922151762046 0.041751654694037556 -0.0052132870900818496 -0.035864716425207589 -0.012117209448889648 0.0020924584778091505 -0.067251102024118145 0.079626090336848365 -0.042573802183708896 0.0097054634719749514 0.037394251981671206 -0.080592294948028789 -0.017372835255518946 -0.038723423613284041 -0.0053023565770856989 -0.020068426878643995 0.042178045474102206 -0.032435441913664896 0.051045437629030257 0.06010169381176101 0.044717514350926156 -0.053270232104923043 -0.088905598291444829 0.042337974806146955 -0.037819361117920093 0.029329672664128403 -0.028753073771513895 -0.84379999999999988 0.010528024761456652 -0.055371869704948194 0.012226288803414202 -0.029650879834719996 -0.046202814537216898 -0.014832961824089648 -0.0081893645815390489
decision_type=2 2 2 2 2 2 2 2 2 2 2 2 2 2 2 2 2 2 2 2 2 2 2 2 2 2 2 2 2 2 2 2 2 2 2 2 2 2 2 2 2 2 2 2 2 2
left_child=1 2 -1 5 -2 6 7 8 -3 27 30 19 13 16 15 -15 17 -8 -18 24 26 22 -22 -16 -12 -23 41 -7 44 -14 34 -31 43 -30 36 -36 -11 38 -32 -28 -34 -9 -21 -10 -6 -46
right_child=4 3 -4 -5 28 9 12 20 32 10 11 -13 29 14 23 -17 18 -19 -20 42 21 25 -24 -25 -26 -27 39 -29 33 31 37 -33 40 -35 35 -37 -38 -39 -40 -41 -42 -43 -44 -45 45 -47
leaf_value=0.028272062001675889 0.011167790307547016 0.024477939414268967 -0.12678263762943609 0.024409172412435828 -0.0016446275838614766 0.09646627685783267 0.022100094018338057 0.014443838243315958 -0.084457810511284689 -0.0028393393825971304 0.038799400935363278 -0.17750829317906164 0.026004277994141553 0.014495471212165944 0.026228094428032766 -0.019016141122677285 -0.010384187296632524 -0.0026709433459327784 -0.088902001293804656 0.023260230226566331 -0.11534202538595234 0.0096798513496685126 0.0096366165077880709 0.0083552871900907134 -0.091559483754276319 -0.071934341382727612 -0.034973229587148963 -0.078555624347298084 0.074633362519489557 -0.03427173944333968 0.15997824934277852 0.095220850850048055 0.054562021172148846 -0.016930196532025873 0.061022862726321014 0.003734819102503248 -0.017085719868959084 0.0035998563763174106 0.033842269737623686 -0.0085360550045157843 -0.013253470669258692 -0.032155452797138488 -0.023494467901695116 0.06600660025089207 -0.12975251062487198 -0.037630395269279214
leaf_weight=1956 1417 2395 55 1826 184 200 3436 1386 43 19392 77 59 4012 2163 4649 3437 8424 8230 186 498 79 263 3982 12846 361 395 3652 40 120 509 77 68 198 3501 436 2257 7259 1546 602 1980 3494 556 1838 298 207 222
leaf_count=1956 1417 2395 55 1826 184 200 3436 1386 43 19392 77 59 4012 2163 4649 3437 8424 8230 186 498 79 263 3982 12846 361 395 3652 40 120 509 77 68 198 3501 436 2257 7259 1546 602 1980 3494 556 1838 298 207 222
internal_value=-2.82006e-06 0.000663019 0.0240072 0.000207702 -0.0123953 -0.00022838 0.0020782 -0.00534063 0.00609371 -0.00466859 -0.00517079 -0.025484 0.00497441 0.00334728 0.00845557 -0.00606977 -0.0024706 0.00462409 -0.0120849 -0.0222278 -0.0113208 0.000705855 0.00719407 0.0131058 -0.068601 -0.0393027 -0.0188155 0.0671805 -0.0202847 0.0203484 -0.00334723 -0.0189477 -0.00482135 -0.0138864 -0.00490807 0.0130204 -0.00672032 0.0172294 0.0482277 -0.0256822 -0.00960893 0.00109254 -0.0135196 0.0469383 -0.0580331 -0.0821694
internal_weight=110811 105160 2011 103149 5651 101323 66681 18721 6428 34642 34402 2833 47960 43371 23095 5600 20276 11666 8610 2774 12293 4719 4061 17495 438 658 7574 240 4234 4589 31569 577 4033 3621 29344 2693 26651 2225 679 5632 3692 1942 2336 341 613 429
internal_count=110811 105160 2011 103149 5651 101323 66681 18721 6428 34642 34402 2833 47960 43371 23095 5600 20276 11666 8610 2774 12293 4719 4061 17495 438 658 7574 240 4234 4589 31569 577 4033 3621 29344 2693 26651 2225 679 5632 3692 1942 2336 341 613 429
is_linear=0
shrinkage=0.092745


Tree=115
num_leaves=47
num_cat=0
split_feature=38 9 0 100 72 5 51 34 21 38 47 48 75 22 28 80 38 99 14 32 28 13 19 97 82 27 70 49 77 29 81 45 12 38 21 53 2 99 83 88 57 81 33 20 0 84
split_gain=102.231 134.505 133.544 222.618 181.061 201.092 217.313 272.642 206.435 172.822 225.845 206.881 156.278 152.139 183.192 137.955 164.522 158.715 150.276 136.238 135.669 127.029 126.791 126.451 139.408 143.04 125.883 139.232 124.486 159.023 149.437 124.069 119.454 124.996 118.578 137.424 122.537 153.767 133.458 147.953 121.694 121.006 120.983 117.2 165.217 115.858
threshold=0.017059647172344952 -0.11534681073594064 0.15099113442536385 -0.51074999999999993 -0.025620975181057597 -0.024940701379539996 -0.0088656868432047987 0.0082623807615102522 -0.038001164013311946 0.036089649334944705 -0.029901986719250997 0.036952159827291005 -0.027649508874152996 -0.04753355112819984 -0.08436367520802239 -0.00092140837885899992 0.099487796973382212 -0.040903730484113741 0.06585744541519846 0.038065522760020107 -0.044068015676719648 0.062568356615406759 -0.036527698391310447 -0.039987329243254439 0.042811531124682806 -0.05928314967189089 -0.009185854649453597 0.015725156184445255 0.01192978460378165 -0.004997453428210649 -0.0047422475772792494 0.075525071902241669 0.11127231260559646 0.018345067821077504 -0.092612507805162433 0.10683438472898601 0.0074908672824577005 0.017375120195802455 -0.047932456612933744 0.014049353995270101 0.0022687993223649001 -0.038140146274185494 0.10382802237438966 0.056287281162861212 0.23772973263227801 0.040940951855333411
decision_type=2 2 2 2 2 2 2 2 2 2 2 2 2 2 2 2 2 2 2 2 2 2 2 2 2 2 2 2 2 2 2 2 2 2 2 2 2 2 2 2 2 2 2 2 2 2
left_child=34 -2 3 4 12 6 7 -6 28 10 -10 -11 -3 -5 -15 16 17 19 23 45 -14 -21 -19 31 -25 -26 -22 -28 30 -30 -7 -17 33 -20 35 36 -1 38 -38 -40 -41 -39 -36 -24 -45 -4
right_child=1 2 15 13 5 8 -8 -9 9 11 -12 -13 20 14 -16 18 -18 22 32 21 26 -23 43 24 25 -27 27 -29 29 -31 -32 -33 -34 -35 42 -37 37 41 39 40 -42 -43 -44 44 -46 -47
leaf_value=-0.00014007567414867666 0.02947536299751333 -0.09873906317332469 -0.030905868045378104 0.033528175088255688 -0.0027795790529268698 -0.28103726659134304 0.025123868847453955 -0.18587455265947742 -0.12609804188338972 -0.10083159639481822 -0.0028011615793628003 0.045427066457525048 -0.1258259247758125 -0.15509581722031696 -0.0074832666719071338 -0.040275731615197055 -0.037876530873962193 0.032106446325328171 -0.194185096954787 0.077888465797815706 -0.011636553390953302 -0.11211383431509331 0.01132404338151153 0.00290593006968229 0.11483176477752384 -0.042860875697747609 0.10855347680609928 -0.052571016529941686 0.085569701890473332 -0.17353370275257565 -0.096283231795616625 0.08499062607335936 -0.12915323628102873 -0.023860359117757454 0.0020879288474277185 0.16306891904989926 0.10197660536249517 0.046538551457941654 -0.0033319203436410262 -0.1609628911841402 -0.019864953704055024 -0.11048852785381448 0.034772661361650761 -0.052962443265181285 0.02474355506121358 -0.14068601550152379
leaf_weight=1172 988 97 682 812 186 78 599 112 152 654 796 95 45 73 5547 1139 689 2193 38 160 224 37 6345 8363 52 913 255 56 39 42 74 72 112 1195 73456 35 71 48 495 114 98 335 987 609 383 94
leaf_count=1172 988 97 682 812 186 78 599 112 152 654 796 95 45 73 5547 1139 689 2193 38 160 224 37 6345 8363 52 913 255 56 39 42 74 72 112 1195 73456 35 71 48 495 114 98 335 987 609 383 94
internal_value=-2.60483e-06 -0.00423683 -0.00524644 -0.014236 -0.0330441 -0.0433612 -0.00705733 -0.0717516 -0.0602234 -0.0489553 -0.0226167 -0.0822523 0.0100175 -0.00398671 -0.00941086 -0.00137501 0.00601355 0.008895 -0.00833446 -0.0267761 0.0282692 0.042023 0.0125391 -0.00460674 -0.000944415 -0.0343179 0.0413162 0.0794753 -0.142073 -0.04875 -0.19153 -0.0327985 -0.0375264 -0.0291644 0.00187148 -0.0185581 -0.0213084 -0.0426602 -0.0189424 -0.0311412 -0.0959171 -0.0907533 0.00252159 0.00668761 -0.0229488 -0.0442684
internal_weight=110811 34000 33012 9936 3504 2827 897 298 1930 1697 948 749 677 6432 5620 23076 11192 10503 11884 973 580 197 9530 10539 9328 965 535 311 233 81 152 1211 1345 1233 76811 2368 2333 1161 778 707 212 383 74443 7337 992 776
internal_count=110811 34000 33012 9936 3504 2827 897 298 1930 1697 948 749 677 6432 5620 23076 11192 10503 11884 973 580 197 9530 10539 9328 965 535 311 233 81 152 1211 1345 1233 76811 2368 2333 1161 778 707 212 383 74443 7337 992 776
is_linear=0
shrinkage=0.092745


Tree=116
num_leaves=47
num_cat=0
split_feature=49 62 65 86 53 84 35 37 42 55 91 100 87 40 51 55 12 13 81 62 3 68 73 24 15 11 100 26 66 55 0 50 91 23 20 25 98 80 24 63 62 71 62 42 37 38
split_gain=102.262 130.789 122.278 158.293 162.089 162.392 168.182 147.683 146.456 147.916 127.781 126.275 122.715 170.208 132.901 133.739 129.413 126.921 138.076 125.667 120.626 131.433 120.437 136.541 118.443 185.696 175.689 161.893 164.249 141.122 134.229 178.219 159.248 127.266 118.508 119.435 116.033 114.734 112.998 112.261 112.042 111.976 111.243 108.89 122.334 136.34
threshold=-0.056901037139659848 -0.058266254572801997 -0.025805917431758144 0.011147028176636651 0.0026691815115220002 0.010575910573607602 -0.038617039790681339 -0.057647885996034195 0.0061913218821374504 0.028408340839113803 0.071756836734820112 -0.96654999999999991 0.026008122170841204 0.013524754368107851 0.029121727787514554 -0.0085016469610462494 0.0077093401709237008 -0.063140474820835735 -0.049683592913042397 0.054131323846571051 0.014209661845600002 0.0015272961473933502 0.024816046975611555 -0.067141298367751387 0.050749467654455462 -0.10611799478017864 0.45865000000000006 0.11838855171119995 -0.037871567115378944 0.047557153666973405 0.084523903549994714 0.03526485057510826 0.049902648300496857 -0.030121897184032746 0.087025836628616765 -0.0066093047245966994 -0.026047062122394698 -0.060784049833041039 -0.0097437376806924995 -0.011048787718938897 0.026892030052647901 -0.020998896932478747 -0.026365608997654295 0.056756531938173857 -0.045513163723168042 -0.014564310179638749
decision_type=2 2 2 2 2 2 2 2 2 2 2 2 2 2 2 2 2 2 2 2 2 2 2 2 2 2 2 2 2 2 2 2 2 2 2 2 2 2 2 2 2 2 2 2 2 2
left_child=-1 -2 3 12 5 11 -7 -6 36 -10 22 -5 14 39 15 16 37 18 -17 -18 -15 -22 23 -9 25 29 -26 28 34 43 31 -30 -32 -29 35 -27 -8 -3 -36 -14 -23 -12 -19 44 45 -4
right_child=1 2 24 4 7 6 8 10 9 -11 41 -13 13 20 -16 17 19 42 -20 -21 21 40 -24 -25 26 27 -28 33 30 -31 32 -33 -34 -35 38 -37 -38 -39 -40 -41 -42 -43 -44 -45 -46 -47
leaf_value=-0.010816494769799118 0.01490614961271001 0.083101621195338204 -0.064996753761573225 -0.10568652225906941 0.024208810207595296 0.040896159945319401 -0.077628192194742388 0.073961335732098801 -0.096985124201471845 0.018083363231358777 0.0014285450856061409 0.013151146967849471 -8.8634336179118281e-05 0.037587700708808021 -0.014226571453634445 -0.1729073005460337 -0.012509242658184407 0.06533852669249228 -0.007383067154738591 -0.093929575992608233 0.028278581477657716 -0.12824340831335496 -0.063608159121117336 -0.028085257109371504 0.021668904071753391 0.0041365536296540297 -0.0022523433462047758 0.11369386486666347 -0.0069963102489704497 0.032451418649472631 0.0048550950678819451 -0.073200729065208553 -0.019202966666199316 0.017511953580852439 -0.11526229949865271 -0.021222387002534222 0.0086859061110889802 0.0064139610698580327 -0.0011831926535247088 -0.051137258325293256 0.0046966631422424481 -0.18431731393149009 0.020372210010645327 0.032173240293875097 -0.061979614138603575 0.07026656169169937
leaf_weight=7044 5312 183 117 79 366 255 178 119 493 119 40 2550 537 631 2524 49 1555 555 362 182 201 135 854 2054 5791 2804 4853 188 5158 271 49502 375 2485 320 184 3710 538 1997 126 1199 91 91 3224 160 1109 141
leaf_count=7044 5312 183 117 79 366 255 178 119 493 119 40 2550 537 631 2524 49 1555 555 362 182 201 135 854 2054 5791 2804 4853 188 5158 271 49502 375 2485 320 184 3710 538 1997 126 1199 91 91 3224 160 1109 141
internal_value=-2.83466e-06 0.000731124 -3.35722e-05 -0.00628036 -0.0168471 -0.0045632 -0.0280311 -0.0315239 -0.0412826 -0.0745904 -0.037989 0.00956386 -0.000190139 -0.0174865 0.00435469 0.0101417 -0.00217548 0.0216589 -0.0272566 -0.0210622 0.0118244 -0.0262152 -0.034094 -0.0224816 0.00167647 0.000225386 0.0107613 0.00104077 0.000628703 -0.0291727 0.0022429 -0.0114893 0.00370475 0.0531775 -0.012975 -0.0103046 -0.0127754 0.0128678 -0.0689824 -0.0353568 -0.0747157 -0.127617 0.0269842 -0.0401222 -0.0485989 0.00886935
internal_weight=110811 103767 98455 21161 7736 4212 1583 3524 1328 612 3158 2629 13425 2794 10631 8107 3917 4190 411 1737 1058 427 3027 2173 77294 66650 10644 64852 64344 1798 57520 5533 51987 508 6824 6514 716 2180 310 1736 226 131 3779 1527 1367 258
internal_count=110811 103767 98455 21161 7736 4212 1583 3524 1328 612 3158 2629 13425 2794 10631 8107 3917 4190 411 1737 1058 427 3027 2173 77294 66650 10644 64852 64344 1798 57520 5533 51987 508 6824 6514 716 2180 310 1736 226 131 3779 1527 1367 258
is_linear=0
shrinkage=0.092745


Tree=117
num_leaves=47
num_cat=0
split_feature=42 0 3 97 57 55 24 19 15 68 11 34 7 52 87 91 66 53 92 46 10 32 73 99 21 26 93 81 69 31 79 49 54 26 91 26 4 60 79 39 10 94 28 49 84 7
split_gain=101.661 153.345 159.84 107.07 178.562 107.446 104.604 115.168 156.007 146.41 142.933 140.861 137.922 143.289 164.006 150.838 132.992 131.852 130.232 129.349 134.008 154.64 141.144 139.366 128.245 147.57 126.88 126.532 157.701 164.205 146.487 143.255 154.987 141.874 135.634 131.58 126.378 123.021 121.745 152.532 120.799 120.471 115.175 114.499 114.229 103.749
threshold=0.11831861655590166 0.084523903549994714 -0.074239912271120742 0.013933184580598801 -0.018313679835779646 -0.061305958948392698 -0.07430053697130258 0.012486666719447001 0.072805073274179413 0.062529151227643312 -0.14225944842784791 0.016095706479279551 -0.013196052642705647 0.0046328146431510514 0.11239703864982965 0.019062238488468556 -0.016574002456438048 -0.08584434723634958 0.011527867939793853 0.11752244867158936 -0.081349174544859834 0.018438436914314803 -0.029812032693915747 -0.0050372127516972497 0.05287311430924841 -0.11076897133864098 0.0051026516010638503 -0.00083072684934984984 -0.040005523911943341 -0.019238975934686948 -0.039806849770401297 0.06010169381176101 -0.0035529516843294498 -0.08053699033182829 -0.029551004145073747 0.16590264668133978 -0.099099149250346186 0.0031352413709473006 0.0053711813208840008 -0.022728043111145544 -0.017311093344478196 0.013150519535226052 0.023498923960121702 -0.092660925753524345 -0.011407862510571449 0.070765473541924112
decision_type=2 2 2 2 2 2 2 2 2 2 2 2 2 2 2 2 2 2 2 2 2 2 2 2 2 2 2 2 2 2 2 2 2 2 2 2 2 2 2 2 2 2 2 2 2 2
left_child=6 -2 -3 4 -4 -5 -1 9 10 11 18 19 24 14 16 36 -14 -17 -9 20 21 22 -8 -23 25 37 -20 30 29 -29 33 32 -30 -13 45 -36 -15 -12 39 -22 -26 -31 -35 -40 -27 -32
right_child=1 2 3 5 -6 -7 7 8 -10 -11 12 27 13 15 -16 17 -18 -19 26 -21 38 23 -24 -25 40 44 -28 28 31 41 34 -33 -34 42 35 -37 -38 -39 43 -41 -42 -43 -44 -45 -46 -47
leaf_value=0.012533460315229355 -0.19411705131778062 -0.14654156703259325 0.060856503416331829 -0.17988717707364821 -0.072653232926147893 -0.026913984515720205 0.023884934421105387 -0.11215577928821456 0.015701152770096538 0.02267399837714883 -0.010551913422361765 -0.14309344139492886 -0.03370715634494921 -0.041254233915282067 0.14029386144467246 0.12591226193124735 -0.011739586095806024 -0.024403073486715023 0.079336505666538534 0.070220435656455929 0.021045113503296471 0.077440560385580726 -0.048474317776996727 -0.015802853639990549 0.067391301402770137 0.011148016516839714 -0.10322980998514501 0.022712405649054208 -0.010120896780471346 -0.07970171183634904 -0.0011944157812755713 0.055279891008416827 0.0160388484890969 0.0032009825539570653 -0.022846911557964027 0.10116886923852664 0.010611951608452887 -0.19465340415946492 -0.083422457922827015 0.0044446533548964566 0.010559240010077846 -0.0086872404969466615 0.067255181416225593 -0.00047010932275790414 -0.0074664964242297863 0.068254147883690761
leaf_weight=5653 47 80 297 46 121 273 285 207 3002 2789 63 44 3402 437 56 51 7830 2317 80 251 6526 230 1235 343 433 4326 55 370 3688 512 1394 492 4128 669 7532 74 5313 62 144 17615 1253 344 378 17922 8229 213
leaf_count=5653 47 80 297 46 121 273 285 207 3002 2789 63 44 3402 437 56 51 7830 2317 80 251 6526 230 1235 343 433 4326 55 370 3688 512 1394 492 4128 669 7532 74 5313 62 144 17615 1253 344 378 17922 8229 213
internal_value=-2.73329e-06 -0.0316868 -0.0222613 -0.00870088 0.0221531 -0.0491567 0.000246208 -0.000419694 -0.00456607 0.00187099 -0.00635008 0.000969606 -0.00574521 -0.0108447 -0.0176031 -0.0014453 -0.0183951 -0.0211452 -0.0659853 0.00386446 0.00348773 -0.0194161 -0.034896 0.0216208 0.0011425 -0.002052 0.00479589 -0.00553075 0.0021683 -0.0288765 -0.0126557 0.00675202 0.00369364 0.0194698 -0.0164619 -0.0216348 0.0066659 -0.102211 0.00462395 0.00893299 0.0251719 -0.0511915 0.0263516 -0.00113337 -0.00105141 0.00801265
internal_weight=110811 864 817 737 418 319 109947 104294 37116 67178 34114 64389 33772 19406 11288 8118 11232 2368 342 44551 44300 2093 1520 573 14366 12680 135 19838 9534 1226 10304 8308 7816 1091 9213 7606 5750 125 42207 24141 1686 856 1047 18066 12555 1607
internal_count=110811 864 817 737 418 319 109947 104294 37116 67178 34114 64389 33772 19406 11288 8118 11232 2368 342 44551 44300 2093 1520 573 14366 12680 135 19838 9534 1226 10304 8308 7816 1091 9213 7606 5750 125 42207 24141 1686 856 1047 18066 12555 1607
is_linear=0
shrinkage=0.092745


Tree=118
num_leaves=47
num_cat=0
split_feature=69 100 2 39 82 44 53 34 12 1 14 14 58 52 3 63 92 3 95 38 51 2 93 15 20 94 90 7 19 100 0 42 13 19 9 45 69 11 74 58 13 10 4 92 95 70
split_gain=96.5829 120.398 158.135 119.019 131.643 141.297 122.838 118.87 125.27 167.229 291.254 251.421 165.255 167.372 164.486 186.681 167.124 160.878 164.067 163.869 159.356 195.015 155.77 183.554 155.54 152.235 151.485 149.661 149.368 157.788 143.779 177.949 155.925 145.179 138.524 147.809 141.79 135.669 134.377 131.993 129.536 139.278 132.248 139.2 126.837 132.005
threshold=0.045138791043896155 0.47730000000000006 0.024205125166069801 0.013144048368086702 0.010179516224928851 -0.027266384870938746 -0.028586382307086194 -0.075363334640189031 0.021176743249152204 0.014690404804428502 0.025707309100256402 0.010018103142838101 0.045290724370942906 0.036414970779387455 -0.12226994627433228 0.030607414076934705 0.0014741484650228501 -0.056443928249199492 0.0044632875838773014 -0.045438102821860747 0.0073013715796387008 -0.041613341181813847 0.0078266253294141021 -0.0021966686799221495 0.054167506778985304 0.0088216093875571003 0.061890007216486409 -0.047596506372296697 -0.038307043461970794 -0.34074999999999994 0.20486701833702967 0.048684436473546304 -0.078744567341939839 0.063665035406049411 -0.024642580812344297 0.082479938807938663 -0.056226955380133843 -0.0044783415250820987 0.090630076717804112 -0.016739137467449747 -0.056248818657378845 -0.032155319613094598 -0.0051728319707592492 0.007519472654779401 0.075649031410353368 0.045470991227181505
decision_type=2 2 2 2 2 2 2 2 2 2 2 2 2 2 2 2 2 2 2 2 2 2 2 2 2 2 2 2 2 2 2 2 2 2 2 2 2 2 2 2 2 2 2 2 2 2
left_child=7 2 -2 -4 -5 -6 -7 -1 9 11 14 20 17 -14 37 28 -17 39 19 -19 24 -22 44 30 -9 40 -20 -23 29 -16 31 33 -32 -24 35 -25 -36 -11 -29 -12 41 -13 43 -42 45 -10
right_child=1 -3 3 4 5 6 -8 8 22 10 12 25 13 -15 15 16 -18 18 26 -21 21 27 23 34 -26 -27 -28 38 -30 -31 32 -33 -34 -35 36 -37 -38 -39 -40 -41 42 -43 -44 -45 -46 -47
leaf_value=0.014140826246913657 0.027686315649284664 -0.0043632447657067919 0.013763160570625465 -0.0054821238542874118 0.010068588777314499 -0.22920656634802289 -0.071498175061941907 0.0063086942331008217 -0.0026163110345389629 0.10895276715781452 -0.017127807555771663 -0.092761137866329474 0.043282456420423394 -0.066707838364177499 0.054829257583323035 -0.049244148652827446 0.00038858743686917817 0.031839938290239816 0.0074709449676959644 -0.050630611307341859 0.01117199913333518 0.0083804002633547335 -0.024510639774499247 0.015494822560604273 -0.025032456044536595 0.022523066632678394 -0.14791255540448384 -0.020954029135515882 -0.0036320552142426257 0.0058689656793980416 -0.088940330359127878 -0.094108944550615581 0.0031600265725015191 -0.096381384899273226 -0.07098358712454797 -0.16137775307769409 -0.0093026882726231341 0.01815675608128205 -0.16483112884252846 -0.092445083859743482 0.010110423057627344 -0.0090868664148584244 0.018892555496423005 -0.020529360823008762 -0.055717016991150919 0.024308309816424914
leaf_weight=4321 3998 4045 1756 765 100 65 124 16401 15997 200 299 207 498 156 886 1211 1125 235 1310 1732 2859 1702 3272 2563 1485 7079 56 7620 5965 1570 174 414 1702 261 355 41 3294 485 56 609 3311 984 5355 2074 358 1736
leaf_count=4321 3998 4045 1756 765 100 65 124 16401 15997 200 299 207 498 156 886 1211 1125 235 1310 1732 2859 1702 3272 2563 1485 7079 56 7620 5965 1570 174 414 1702 261 355 41 3294 485 56 609 3311 984 5355 2074 358 1736
internal_value=-2.5957e-06 0.00830682 0.0158367 -0.00101899 -0.0256566 -0.0789542 -0.126072 -0.000904953 -0.00158492 0.00069338 -0.00743506 0.00339644 -0.0263672 0.0170077 0.000663572 -0.00214181 -0.0253384 -0.0330599 -0.0236217 -0.0407676 -0.00187362 -0.0100292 -0.00652983 -0.0146869 0.00370545 0.0117479 0.00106134 -0.0164942 0.00429199 0.0235412 -0.0265359 -0.0365831 -0.00538729 -0.0298313 -0.00364987 0.0126873 -0.0153123 0.0447208 -0.0220115 -0.0676717 0.00535318 -0.0236599 0.00857238 -0.00168823 -0.00108396 1.90966e-05
internal_weight=110811 10853 6808 2810 1054 289 189 99958 95637 65470 16337 49133 4895 654 11442 10757 2336 4241 3333 1967 30123 12237 30167 12076 17886 19010 1366 9378 8421 2456 5823 3947 1876 3533 6253 2604 3649 685 7676 908 11931 1191 10740 5385 18091 17733
internal_count=110811 10853 6808 2810 1054 289 189 99958 95637 65470 16337 49133 4895 654 11442 10757 2336 4241 3333 1967 30123 12237 30167 12076 17886 19010 1366 9378 8421 2456 5823 3947 1876 3533 6253 2604 3649 685 7676 908 11931 1191 10740 5385 18091 17733
is_linear=0
shrinkage=0.092745


Tree=119
num_leaves=47
num_cat=0
split_feature=26 94 23 93 48 82 77 69 67 50 6 90 83 53 49 7 1 72 77 15 74 9 24 51 66 58 58 12 22 82 5 79 60 99 89 88 7 80 49 39 90 97 41 14 84 33
split_gain=98.6039 124.947 161.45 171.184 141.664 132.3 208.686 193.436 181.69 164.389 163.625 149.394 229.173 134.351 131.225 129.846 145.821 135.789 127.548 125.232 122.313 125.484 121.418 136.237 119.978 144.348 119.421 117.254 116.744 141.076 128.16 132.336 114.795 113.6 112.522 111.354 135.587 180.381 124.847 114.862 113.407 156.999 132.81 127.933 124.802 125.661
threshold=0.028181144935968353 0.010959018403270352 -0.023402473593940248 0.093154137415406554 -0.007416445012973949 -0.0087234613413869986 -0.030107836920369547 -0.044813189318374642 0.004738001693619401 0.028235438205149056 0.035602023599793552 0.064014355810023252 -0.020405130870120049 -0.027106672082273596 0.035412429164059907 -0.034042867948546891 0.099942548205472617 -0.04966582305720494 0.08863316367313577 0.047246927038361856 -0.023730971792526045 -0.084329663943004188 0.032908849819729101 0.063271295327997662 0.046782659370972458 0.0022477103160525504 0.0038579119100884507 -0.0027376322322842997 0.035713772385661806 0.053205271283421056 0.018795176950726404 -0.019096815246970846 -0.069054603714774787 0.0020019221208370506 0.0025946030629801003 0.024117821320331603 0.022617112141783503 0.035756574236106613 0.0023112926623929503 0.031544498444855809 -0.015804475833406249 0.01167906669281815 -0.061049702888712941 0.039221016548568959 0.015026557734428353 0.042236315503186808
decision_type=2 2 2 2 2 2 2 2 2 2 2 2 2 2 2 2 2 2 2 2 2 2 2 2 2 2 2 2 2 2 2 2 2 2 2 2 2 2 2 2 2 2 2 2 2 2
left_child=1 5 32 4 18 10 -7 9 11 19 22 15 -13 24 27 16 -9 -17 28 20 33 -22 23 -1 25 -10 -25 -15 29 -4 -30 -32 -3 -8 -12 40 37 39 -38 -37 44 43 -43 -42 45 -6
right_child=-2 2 3 -5 35 6 7 8 13 -11 34 12 -14 14 -16 17 -18 -19 -20 -21 21 -23 -24 26 -26 -27 -28 -29 30 -31 31 -33 -34 -35 -36 36 38 -39 -40 -41 41 42 -44 -45 -46 -47
leaf_value=0.0036609036327903645 0.0050455215623528907 0.050944031744202728 0.023154383904038376 -0.11733506152846382 0.025791745433283161 0.0083585618821225248 0.034166177055310595 0.0083236091204653504 -0.0041840234079337756 0.016592775260381238 0.0029839717595482782 0.029613215161923123 -0.12232086814007877 0.011210559777752536 0.031799150041624112 0.024504777545614101 -0.041732425180200081 -0.021379227446724821 0.12689090222510829 0.0076690878096319585 -0.193677791123511 -0.069135640957318653 -0.018124168974543692 -0.084391026934689556 0.033147650396066881 -0.055428897353392133 -0.00041202693828056632 -0.011234546752670166 0.010979795217766288 -0.042137885317870168 -0.11807121006675236 -0.01560995198399634 -0.010482893870779024 -0.075968632881026427 0.032055218185231528 -0.029123131044245906 -0.018935799136299922 -0.090888506591205315 0.048529446250019169 0.03800891540681043 0.015564238304680858 -0.11932594812469284 -0.015371436691977183 -0.025794907983764447 -0.004532603774650628 0.093430157727880561
leaf_weight=12086 25593 271 7181 94 1546 5859 187 3294 965 376 2341 127 259 4155 1335 585 590 10573 89 259 75 965 3429 290 307 928 293 3863 1223 296 147 413 7354 141 2244 1106 500 344 446 273 4116 111 2136 762 1005 279
leaf_count=12086 25593 271 7181 94 1546 5859 187 3294 965 376 2341 127 259 4155 1335 585 590 10573 89 259 75 965 3429 290 307 928 293 3863 1223 296 147 413 7354 141 2244 1106 500 344 446 273 4116 111 2136 762 1005 279
internal_value=-2.69182e-06 -0.00151896 0.00333718 0.00735761 0.00789318 -0.00411599 -0.007604 -0.0108313 -0.00876601 -0.0386392 0.00175935 -0.0153519 -0.0723119 2.78091e-05 0.00487976 -0.0138879 0.000713813 -0.0189718 0.0165466 -0.0514124 -0.0626074 -0.0781808 -0.00264241 0.00154714 -0.0205913 -0.0293174 -0.0422297 0.000394993 0.0154807 0.0205663 -0.0058376 -0.0425768 -0.00829611 -0.0131617 0.0172162 0.00148335 -0.0153367 -0.0308265 0.0128619 -0.015818 0.0059946 -0.000242362 -0.0205273 0.00909953 0.0217005 0.0361526
internal_weight=110811 85218 29692 22067 21973 55526 34843 28984 26981 2003 20683 15428 386 11553 9353 15042 3884 11158 9349 1627 1368 1040 16098 12669 2200 1893 583 8018 9260 7477 1783 560 7625 328 4585 12624 2669 1723 946 1379 9955 7125 2247 4878 2830 1825
internal_count=110811 85218 29692 22067 21973 55526 34843 28984 26981 2003 20683 15428 386 11553 9353 15042 3884 11158 9349 1627 1368 1040 16098 12669 2200 1893 583 8018 9260 7477 1783 560 7625 328 4585 12624 2669 1723 946 1379 9955 7125 2247 4878 2830 1825
is_linear=0
shrinkage=0.092745


Tree=120
num_leaves=47
num_cat=0
split_feature=42 31 11 82 0 50 35 40 99 26 36 7 32 60 63 92 53 52 44 3 17 19 96 38 11 45 0 94 6 69 73 13 24 86 7 97 17 19 64 13 41 28 91 66 15 26
split_gain=96.834 105.676 117.165 133.579 157.392 158.712 152.826 149.474 183.259 187.367 154.245 142.174 124.316 121.008 154.665 159.406 172.21 156.638 130.566 141.099 173.005 149.097 171.382 146.191 135.322 133.033 146.317 135.615 127.863 147.916 129.603 127.761 124.951 144.082 134.299 123.869 118.854 128.05 125.964 137.566 117.354 116.301 183.784 118.603 116.142 109.547
threshold=-0.065670573331245194 -0.06758003190785429 -0.096374697003733731 -0.021218868737892044 0.23233649235209944 -0.058066860990744588 -0.02195368808722625 -0.016181646992352746 -0.014233736207816998 0.056228177082629456 0.017934274197122454 -0.015687330121158246 -0.053871725104528291 0.044440142030527756 0.029586746548267904 0.013141470880127301 -0.035610073085826741 -0.024410363972578095 0.030999455568164355 -0.0011709492336022499 -0.0093809596329748977 -0.062840074214851979 -0.020081840014976596 0.052628830580448101 -0.065416308036392742 0.010892751260662652 0.16191628433097635 0.038103372238368204 -0.022324246627653744 0.045998049485381505 0.028604458639222553 0.07095054613047766 -0.043159587714564143 0.065992513894099714 0.035145957361888906 -0.011285680691444198 0.023711101520318256 0.011525708645653202 -0.061272075538286744 -0.10315037854710819 -0.075260876095781984 -0.069348512894181188 0.035664358852882556 0.014354487424611352 -0.093073355422520182 0.11838855171119995
decision_type=2 2 2 2 2 2 2 2 2 2 2 2 2 2 2 2 2 2 2 2 2 2 2 2 2 2 2 2 2 2 2 2 2 2 2 2 2 2 2 2 2 2 2 2 2 2
left_child=-1 -2 3 6 5 -5 -3 8 9 -7 -10 -9 -6 18 17 32 -17 -15 19 23 21 -21 -23 45 35 26 41 44 30 -30 31 -19 -16 34 -34 -25 38 -38 -27 -40 -39 42 -20 -43 -28 -4
right_child=1 2 13 4 12 7 -8 11 10 -11 -12 -13 -14 14 15 16 -18 28 25 20 -22 22 -24 24 -26 36 27 -29 29 -31 -32 -33 33 -35 -36 -37 37 40 39 -41 -42 43 -44 -45 -46 -47
leaf_value=0.011323731819666141 -0.013631033635523735 -0.03915905285410106 -0.0033746356931542831 0.042280913133166939 0.071981125919055769 0.01557843735233643 0.031380902533052354 -0.039239808205537616 -0.082867561194243017 0.23664801091975715 0.02159058398214243 -0.10396073520861975 -0.010481723922658457 0.024110517351435282 0.011012294233951014 -0.076770662314933125 0.027733734732033236 -0.013511206209931733 -0.038997605901647178 0.024925639306252825 0.0092911298082229803 0.011284677681568215 -0.010745791213686021 0.021508054882857886 -0.021410663335960509 -0.050024330703568334 -0.049384631513777401 0.0508463651008908 -0.025567870663555915 0.047595598952799398 0.047784723321527084 0.064044998472568684 -0.028860115585260492 -0.17947929353515224 -0.09089335365293752 -0.17427049283822454 0.022407931583460956 0.12741023021594911 -0.066576219467971418 0.034451782754447734 -0.03268818003046365 -0.016696340059850073 -0.26822036685822531 0.01728507977885517 0.010651949495163947 0.070605103883295342
leaf_weight=6133 5142 373 26398 186 190 183 903 664 333 40 191 523 905 1543 293 172 637 1539 207 1509 21429 3984 12775 39 2271 169 294 695 3260 256 537 207 953 76 439 95 1073 41 119 4055 845 2910 35 1268 4749 173
leaf_count=6133 5142 373 26398 186 190 183 903 664 333 40 191 523 905 1543 293 172 637 1539 207 1509 21429 3984 12775 39 2271 169 294 695 3260 256 537 207 953 76 439 95 1073 41 119 4055 845 2910 35 1268 4749 173
internal_value=-2.59106e-06 -0.000666351 3.30107e-06 -0.0146344 -0.0247119 -0.0394587 0.0107458 -0.0473321 -0.0147987 0.0555451 -0.0447751 -0.0677859 0.00382947 0.000695138 -0.00900292 -0.0285835 0.00547914 -0.00214621 0.00182447 4.60591e-05 0.00363795 -0.00299273 -0.00550772 -0.00487433 -0.0267703 0.00924322 0.00267415 0.0124443 -0.00913581 -0.0202335 0.00794996 -0.00429962 -0.0442379 -0.0552747 -0.0484482 -0.117264 0.0198289 0.000857177 0.0283828 0.0315639 -0.0252255 -0.0100062 -0.0724829 -0.00637942 0.0071466 -0.0028917
internal_weight=110811 104678 99536 4491 3215 2120 1276 1934 747 223 524 1187 1095 95045 9912 2570 809 7342 85133 68673 39697 18268 16759 28976 2405 16460 10158 5738 5799 3516 2283 1746 1761 1468 1392 134 6302 1959 4343 4174 886 4420 242 4178 5043 26571
internal_count=110811 104678 99536 4491 3215 2120 1276 1934 747 223 524 1187 1095 95045 9912 2570 809 7342 85133 68673 39697 18268 16759 28976 2405 16460 10158 5738 5799 3516 2283 1746 1761 1468 1392 134 6302 1959 4343 4174 886 4420 242 4178 5043 26571
is_linear=0
shrinkage=0.092745


Tree=121
num_leaves=47
num_cat=0
split_feature=9 5 22 47 23 26 33 75 93 39 1 75 100 95 72 90 54 58 62 34 75 60 100 80 93 98 67 61 0 20 36 25 95 70 75 57 18 99 33 57 33 45 96 34 77 31
split_gain=94.1907 127.776 121.282 112.345 129.656 111.014 110.827 114.404 108.944 130.59 107.937 125.553 106.164 124.924 161.541 191.44 168.261 166.643 145.891 137.563 134.841 130.283 224.194 194.574 217.716 162.224 147.733 137.439 125.079 146.557 126.564 122.019 149.91 151.556 121.376 121.088 174.212 120.282 116.528 114.046 110.829 109.833 106.935 110.518 106.271 103.051
threshold=0.097911686297019365 0.21947242103551204 0.089627386937843515 -0.030398409580770596 0.054198850145476506 -0.011880047575424348 0.055002676327657207 -0.060788634959228642 0.055101418569298004 0.0068885114733339007 -0.15482403420593177 0.089763778272768116 -0.97184999999999988 0.021396019338106254 -0.018109201501841497 -0.0092531280260355984 0.0023764978498026002 0.046326700707838613 0.093124005589279815 -0.0080551526278679498 -0.027164358723422048 -0.03538027890779484 -0.54234999999999989 -0.0015131665051911997 0.032015482234156102 0.1029162586000943 -0.014884521351836247 0.0077239499449614007 0.10234529961788595 0.026866213204826253 -0.017274393228865946 0.016235852676353652 -0.0060264629452807484 -0.040363291209875689 -0.036394444599342442 0.014376581544420152 1.0000000180025095e-35 -0.023358674866485598 0.06835311151482866 -0.022655246799865848 0.0018904342442449002 -0.040812915787156241 0.0043285981490236514 0.022125517179101505 0.048053266815603554 0.042324080144893812
decision_type=2 2 2 2 2 2 2 2 2 2 2 2 2 2 2 2 2 2 2 2 2 2 2 2 2 2 2 2 2 2 2 2 2 2 2 2 2 2 2 2 2 2 2 2 2 2
left_child=1 10 3 -2 6 -3 7 -5 -9 -10 11 -1 31 18 16 17 41 44 21 38 40 22 27 24 -23 -24 -25 -14 29 -17 -30 32 35 -34 -33 36 -12 -22 39 -20 -18 -15 43 -35 -16 -37
right_child=2 5 -4 4 -6 -7 -8 8 9 -11 12 -13 13 14 15 28 20 -19 19 -21 37 23 25 26 -26 -27 -28 -29 30 -31 -32 34 33 42 -36 45 -38 -39 -40 -41 -42 -43 -44 -45 -46 -47
leaf_value=0.025055177949998713 0.015791943938114797 0.071294393685951585 -0.067193686080434481 -0.13700628675910101 0.04069827412621236 0.012878180761207732 0.017208196651510087 -0.02263880433529545 -0.016281100732877349 -0.24499102869710745 -0.14456175465471843 -0.11659668277171095 0.04891263464927488 0.029334090996932911 0.011057816726739065 -0.034879890862507305 -0.0515384662524783 -0.043449762150078487 -0.099503275817180797 -0.062801421992107573 -0.0067827054304682296 0.0096191135021082667 0.0040401175637245212 -0.012955027116496971 -0.013157069224428275 -0.13854165962926857 5.1764336361293332e-05 0.011692026500163112 -0.031795524105234868 -0.13311039235836852 -0.0079255210524730654 0.07751562187865467 -0.10441231891083716 -0.034709606875368157 -0.077252069648024668 0.04454935052278082 -0.014748041690886126 0.041792978691375451 0.1661209677294159 0.0268730289314323 0.022998959876861312 -0.014238421714793777 0.092810533418801563 0.083960939409787258 -0.033654727973036209 -0.098720350450854963
leaf_weight=2002 1224 374 323 82 310 1113 524 2666 44 42 163 55 1815 588 4890 694 352 632 84 571 562 25524 7309 10562 4204 69 25997 1613 2925 161 5516 48 67 191 445 185 196 1986 37 226 334 3224 218 104 504 56
leaf_count=2002 1224 374 323 82 310 1113 524 2666 44 42 163 55 1815 588 4890 694 352 632 84 571 562 25524 7309 10562 4204 69 25997 1613 2925 161 5516 48 67 191 445 185 196 1986 37 226 334 3224 218 104 504 56
internal_value=-2.41942e-06 0.000598377 -0.0121696 -0.00853012 -0.0166506 0.0275907 -0.021952 -0.0291984 -0.0259673 -0.128576 0.000212638 0.0212454 -0.000211231 0.00017485 -0.00593518 -0.0112802 0.00568603 0.00159374 0.00192696 -0.0348211 0.0212465 0.00236485 0.0118078 0.000825231 0.00639765 0.00269952 -0.00370563 0.0314054 -0.0196268 -0.0534313 -0.0161994 -0.0233801 -0.00717221 0.0264294 -0.0621196 -0.0396736 -0.0737945 0.031074 0.011196 -0.00738694 -0.0152333 -0.0075121 0.043593 0.0071213 0.00687591 0.0111245
internal_weight=110811 105596 5215 4892 3668 1487 3358 2834 2752 86 104109 2057 102052 100379 22368 15322 7046 6026 78011 918 3234 77093 10806 66287 29728 7378 36559 3428 9296 855 8441 1673 1180 580 493 600 359 2548 347 310 686 3812 513 295 5394 241
internal_count=110811 105596 5215 4892 3668 1487 3358 2834 2752 86 104109 2057 102052 100379 22368 15322 7046 6026 78011 918 3234 77093 10806 66287 29728 7378 36559 3428 9296 855 8441 1673 1180 580 493 600 359 2548 347 310 686 3812 513 295 5394 241
is_linear=0
shrinkage=0.092745


Tree=122
num_leaves=47
num_cat=0
split_feature=38 46 58 92 93 30 0 77 33 65 66 26 62 70 76 21 97 10 30 31 99 14 100 95 89 73 89 32 38 60 84 52 24 6 46 1 14 63 6 7 55 39 7 52 100 0
split_gain=90.6269 106.174 109.898 109.592 100.336 130.897 135.684 119.213 110.364 109.825 133.614 141.515 132.537 131.5 148.578 155.244 131.651 141.499 129.492 126.195 138.203 134.36 133.238 128.587 124.437 182.539 143.222 124.602 136.918 169.96 148.11 126.134 141.119 115.142 114.755 114.496 167.028 161.667 127.76 124.749 121.352 110.03 109.466 130.946 107.217 107.711
threshold=0.085046418482455213 0.10681573316400726 -0.047325109083038393 -0.0051383760283196999 -0.051236470097233346 -0.0018831194288044999 0.14516156248346071 -0.0019938330281555994 -0.030059687217842395 -0.027725897441189449 -0.013415524801296248 0.11838855171119995 -0.040755673955454298 0.06564401946824687 -0.032816264820907347 -0.060384456199259397 0.004033076769629401 -0.065834330749108591 0.026448696325884303 -0.065774105952506684 -0.0041961035093839487 0.0050552907614125004 0.026050000000000004 -0.0011762065080764999 -0.0092860716678564489 0.025236025426335153 0.076484102074713775 0.0082407641332049517 0.027502023046327453 -0.027906636510058296 -0.00029842099014394994 -0.030894405498544445 0.06924345615733736 0.019363146167723406 1.0000000180025095e-35 0.096473599710589761 0.010018103142838101 0.007662287567705651 0.072241345341184815 0.010837783379395302 0.029513556752557055 0.056465695431533555 0.0019614815398792005 -0.016293397804129597 -0.95834999999999992 0.21551688850489448
decision_type=2 2 2 2 2 2 2 2 2 2 2 2 2 2 2 2 2 2 2 2 2 2 2 2 2 2 2 2 2 2 2 2 2 2 2 2 2 2 2 2 2 2 2 2 2 2
left_child=1 4 -3 -4 5 -1 7 8 -7 12 11 35 -6 14 15 -12 17 -16 -18 20 -15 -21 -23 -22 27 26 -26 28 30 -30 -14 -29 -33 -17 -13 38 40 -38 39 -11 -37 -40 -10 -44 -27 -46
right_child=-2 2 3 -5 9 6 -8 -9 42 10 13 34 24 19 16 33 18 -19 -20 21 23 22 -24 -25 25 44 -28 31 29 -31 -32 32 -34 -35 -36 36 37 -39 41 -41 -42 -43 43 -45 45 -47
leaf_value=0.024302231137004242 -0.015791316764442644 0.10598226219333336 0.062363735213565884 -0.0028972596637177562 0.013242999844073507 0.099022705651730936 0.0077880424044778256 -0.094234036458076681 0.012065878639567785 0.0012330768676838157 -0.051388710837647039 0.006322776561786727 -0.0032074316428779884 0.071106017243264971 -0.015518187829412892 -0.013346229173230762 0.0031604303823218323 0.010899947315152038 -0.014495351259833181 0.010764276757356776 -0.1907092232062533 0.092121698218589079 0.016423190271749485 0.020513980035298991 0.0051532350432274806 -0.14275103381470899 -0.06694078447281572 0.03957024866452092 0.01307891700204288 -0.087903299060817258 -0.042826806439829737 -0.00541521842039892 -0.081857744692867496 0.013551771281118657 0.13114643175092275 -0.016103881589473328 -0.019146876986663338 -0.079592008477422149 0.027862616777008131 -0.013656014436873753 0.032487250926797898 -0.054976495847980839 -0.23588791130156289 -0.03747196463860282 -0.039747552944111295 0.0043456838382392648
leaf_weight=3282 3041 138 324 696 2480 66 2322 228 201 12200 694 137 1777 52 1880 4546 14740 23988 4716 982 67 494 337 39 7957 67 244 470 187 610 1495 2046 231 1958 118 1778 973 626 1666 8022 588 150 40 100 1310 748
leaf_count=3282 3041 138 324 696 2480 66 2322 228 201 12200 694 137 1777 52 1880 4546 14740 23988 4716 982 67 494 337 39 7957 67 244 470 187 610 1495 2046 231 1958 118 1778 973 626 1666 8022 588 150 40 100 1310 748
internal_value=-2.45797e-06 0.000442978 0.0283714 0.017831 0.000139422 0.0115514 -0.00259726 -0.0405811 -0.0104464 -0.000569819 0.000942315 -0.0044922 -0.00679337 0.00356125 0.0026783 -0.00969897 0.00464431 0.00897929 -0.00111866 0.0270788 -0.0523166 0.0340126 0.0614559 -0.11302 -0.00969307 -0.00327134 0.00300434 -0.0194192 -0.0297224 -0.0641965 -0.0213161 -0.00415111 -0.0131855 -0.00524637 0.0642198 -0.00516725 -0.0196762 -0.0428293 -0.00255601 -0.00467281 -0.00401975 0.0210051 -0.031739 -0.0946242 -0.0274946 -0.0237164
internal_weight=110811 107770 1158 1020 106612 6239 2957 635 407 100373 80751 26258 19622 54493 52522 7198 45324 25868 19456 1971 158 1813 831 106 17142 10326 8201 6816 4069 797 3272 2747 2277 6504 255 26003 3965 1599 22038 20222 2366 1816 341 140 2125 2058
internal_count=110811 107770 1158 1020 106612 6239 2957 635 407 100373 80751 26258 19622 54493 52522 7198 45324 25868 19456 1971 158 1813 831 106 17142 10326 8201 6816 4069 797 3272 2747 2277 6504 255 26003 3965 1599 22038 20222 2366 1816 341 140 2125 2058
is_linear=0
shrinkage=0.092745


Tree=123
num_leaves=47
num_cat=0
split_feature=11 68 0 100 9 20 37 8 5 57 100 6 47 29 49 39 51 72 28 96 19 15 37 33 22 76 13 46 53 55 83 10 16 10 16 31 18 66 88 1 93 24 60 26 48 21
split_gain=89.8739 109.898 102.804 198.292 170.721 143.027 168.843 212.035 159.255 150.723 149.929 140.849 137.878 136.891 128.985 133.997 148.86 126.121 190.025 175.145 121.071 118.602 153.941 138.728 111.622 111.575 124.747 111.708 110.886 109.859 114.461 115.132 106.378 105.693 122.298 120.051 105.581 103.318 102.126 100.362 99.09 125.15 138.846 117.098 106.155 101.233
threshold=0.11572786674830127 -0.083059174391951637 0.23438136552888386 -0.20219999999999996 0.07926248906008336 -0.044006946251597588 -0.069884701793816784 0.036587463584094558 0.16958822993925374 -0.040573093822188593 -0.84379999999999988 0.14380959573279709 0.074269975151771209 -0.032264833128417388 -0.019423061880775649 0.0065257441988000008 0.00169443701546695 -0.0042609431069485495 0.052643329800541559 0.059438369344425555 -0.0092905165004923494 0.060081271848760505 -0.052926127785700737 -0.022174628940092648 -0.054805887292382748 0.017919912933932053 0.041950526572167454 0.0020464211020962504 0.016830218343603653 0.068935246368217754 0.0044139243635110013 -0.048241469237359093 0.062724132234196969 -0.0052132870900818496 -0.027207664985057747 -0.010361398963673498 -0.013679566149084898 -0.03211918216293029 -0.0067627554813036493 0.020873159494971753 -0.0089605915495872979 0.032332685491219808 -0.029357245113864547 -0.023101447964243547 0.048384674940370458 -0.085782764465803088
decision_type=2 2 2 2 2 2 2 2 2 2 2 2 2 2 2 2 2 2 2 2 2 2 2 2 2 2 2 2 2 2 2 2 2 2 2 2 2 2 2 2 2 2 2 2 2 2
left_child=1 -1 4 13 5 9 7 25 17 -3 -10 29 -6 14 -4 16 39 19 -19 -8 -11 23 -23 -22 -17 27 -27 -7 40 30 31 36 -30 34 -9 -35 -5 -18 -33 -16 43 44 -43 -15 -42 -45
right_child=-2 2 3 11 12 6 8 33 10 20 -12 -13 -14 28 15 24 37 18 -20 -21 21 22 -24 -25 -26 26 -28 -29 32 -31 -32 38 -34 35 -36 -37 -38 -39 -40 -41 41 42 -44 45 -46 -47
leaf_value=-0.021123900815647471 0.020981446489009077 -0.021327807936173778 0.0046945419763631908 -0.0070884075492105188 -0.015183848901629078 -0.053335486257601782 0.0038471856265411518 -0.087006835443691005 0.15246765662123354 0.024314206236825547 0.022574200185181172 0.032294010074913969 -0.10942194304129063 -0.012056219096948878 0.10540910091170835 0 -0.077401944488563745 -0.0077974585751924381 0.014891569548343439 -0.034342544627654882 0.021925216185920297 -0.11132251241105985 0.062597129424274214 -0.011208094004429557 0.090104022116979737 -0.053061946111868791 -0.16199299769797459 -9.8389735212676795e-07 0.033403485664205701 0.026294182925791446 0.0017965897914308082 0.0081297895327049445 -0.019506874808749842 0.13169397020731374 0.030641723822773494 0.0072761836746758346 -0.067210864092465544 0.015380833986887806 -0.02502340050194115 0.02271056978130663 0.0083330497780258455 0.025918921829310469 -0.069115697446413382 -0.11196406522364674 -0.05632643950308773 0.041507489438442811
leaf_weight=2144 1728 1221 925 390 4987 670 31200 120 81 4574 1299 886 137 719 228 143 145 31062 3536 1068 1605 48 466 3366 691 426 115 682 2004 805 3990 1369 390 126 206 142 709 356 1918 284 1814 177 519 38 248 1054
leaf_count=2144 1728 1221 925 390 4987 670 31200 120 81 4574 1299 886 137 719 228 143 145 31062 3536 1068 1605 48 466 3366 691 426 115 682 2004 805 3990 1369 390 126 206 142 709 356 1918 284 1814 177 519 38 248 1054
internal_value=-2.32692e-06 -0.000334913 8.18091e-05 0.00611407 -0.00128889 -0.000262577 -0.00180943 -0.025545 -0.000944165 0.00943581 0.0302382 -0.00301134 -0.0177121 0.0155519 0.0329832 0.0471402 0.0244431 -0.00158805 -0.00547809 0.00258247 0.0131719 0.00387688 0.0462763 -0.000506864 0.0746746 -0.0407158 -0.0763158 -0.0264473 0.00860939 -0.00642082 -0.0095674 -0.0199079 0.024777 0.0227757 -0.0126609 0.0658999 -0.0458951 -0.011474 -0.0112118 0.0596021 0.000134104 -0.0109302 -0.0449271 0.0169907 0.000543014 0.0361265
internal_weight=110811 109083 106939 19802 87137 82013 70733 2487 68246 11280 1380 10067 5124 9735 2772 1847 1013 66866 34598 32268 10059 5485 514 4971 834 1893 541 1352 6963 9181 8376 4386 2394 594 326 268 1099 501 3287 512 4569 2758 696 1811 2062 1092
internal_count=110811 109083 106939 19802 87137 82013 70733 2487 68246 11280 1380 10067 5124 9735 2772 1847 1013 66866 34598 32268 10059 5485 514 4971 834 1893 541 1352 6963 9181 8376 4386 2394 594 326 268 1099 501 3287 512 4569 2758 696 1811 2062 1092
is_linear=0
shrinkage=0.092745


Tree=124
num_leaves=47
num_cat=0
split_feature=4 84 35 74 13 29 26 24 96 19 89 70 4 0 95 90 6 74 42 51 33 40 40 73 71 71 76 27 31 93 68 43 66 58 19 75 67 34 76 25 43 24 92 0 22 18
split_gain=84.4416 95.2087 115.507 128.047 118.041 114.601 157.51 146.72 148.201 267.186 147.868 147.362 160.852 146.214 164.93 152.379 139.741 138.49 141.064 133.726 133.354 132.028 122.857 122.539 114.479 113.287 150.532 143.609 132.142 139.202 129.25 113.185 111.301 127.096 132.325 169.13 122.479 111.7 110.932 124.003 110.127 110.115 142.434 120.506 147.519 109.858
threshold=-0.21232109448451167 -0.048580864173475041 0.010912212207990052 -0.014586709912697048 -0.096355443837421034 0.050368798428460107 0.092827874771053615 0.091931186692319714 0.028037732159382253 -0.017028667013199248 0.028944069954108757 -0.026874977669236747 0.010530313079245951 0.14909832317517038 -0.024588523137712946 -0.0098781686787043476 -0.10340810078733619 0.090630076717804112 -0.04057698275943749 0.051376736441218811 0.097616433031636071 -0.09038331877505508 0.035063232259149209 -0.044002538548581542 0.03935839352474841 0.016110901019630103 0.016081276534212353 -0.013811225713171648 0.027444728537683854 -0.047553195472259897 -0.0018045947997163499 -0.044199974234252544 -0.047403795866462144 -0.018578376325428997 0.024650556128210852 0.015232705872397901 -0.0050376838305638992 -0.033022744613725848 0.096392625753905517 0.064083363497560261 0.038725439131436452 0.030620220138685053 -0.010078127268904198 0.18002699483725143 -0.049851262024850296 0.056840230794612007
decision_type=2 2 2 2 2 2 2 2 2 2 2 2 2 2 2 2 2 2 2 2 2 2 2 2 2 2 2 2 2 2 2 2 2 2 2 2 2 2 2 2 2 2 2 2 2 2
left_child=-1 2 3 4 -2 6 7 8 11 38 -9 12 23 15 -15 -11 -7 20 -19 24 -13 -14 25 -3 -12 28 27 45 -18 -30 -29 -31 -5 34 35 -34 -36 -37 39 -10 -6 43 -43 44 -35 -27
right_child=1 5 -4 32 40 16 -8 10 9 13 19 17 21 14 -16 -17 22 18 -20 -21 -22 -23 -24 -25 -26 26 -28 30 29 31 -32 -33 33 41 36 37 -38 -39 -40 -41 -42 42 -44 -45 -46 -47
leaf_value=0.023339430962836107 -0.097346509376640494 0.013996598796118783 0.023413173645904981 -0.069700757411319578 0.038931677676703511 -0.054302118174942543 0.02833762217518037 -0.035689263804628217 0.0053250337519720123 -0.0067961589944260251 0.018650536566934668 0.003936873966932518 -0.091908658926639686 -0.038001523319622428 -0.0014091773727905397 -0.052446157897083068 -0.012829697368796958 0.069800416485083491 -0.069923230013805363 -0.11587312173006328 0.045645694590024058 0.0089327071419432226 0.011578143231809146 -0.018545435103500488 0.1548173332166167 -0.058601708546761375 0.0041274914037365811 0.012973420637219464 0.10978698149718213 0.050467872512656706 -0.050323692396307622 -0.0062040992799582972 0.023337915680671242 0.081749495251665832 0.011695868885178859 0.059012437826469977 0.13912941096057629 -0.11575164221023569 -0.11148163232932541 0.070967558590968677 -0.026900954517420316 -0.14222368289832246 -0.025462540070028385 0.01676222871814936 -0.058407433965807831 -0.15669421958693275
leaf_weight=1317 68 1145 3121 252 1237 568 1670 1828 5491 970 402 56138 114 1406 4300 1793 5122 74 379 55 667 4864 2389 7583 61 647 867 511 129 419 606 1093 655 74 127 40 133 143 67 259 265 132 282 739 493 116
leaf_count=1317 68 1145 3121 252 1237 568 1670 1828 5491 970 402 56138 114 1406 4300 1793 5122 74 379 55 667 4864 2389 7583 61 647 867 511 129 419 606 1093 655 74 127 40 133 143 67 259 265 132 282 739 493 116
internal_value=-2.11998e-06 -0.000283058 0.00961819 0.000335462 0.0218804 -0.00103856 0.000124599 -0.000413211 0.000216331 -0.00840192 -0.0232929 0.00195152 -0.00668629 -0.0189139 -0.0104296 -0.0364272 -0.00936792 0.00401944 -0.0470389 0.0204227 0.00442708 0.00661548 -0.00722058 -0.0142745 0.0367042 -0.0119446 -0.0278278 -0.0425703 -0.00549027 0.017408 -0.0213587 0.00949817 -0.0106792 -0.00538984 0.0192525 0.00129408 0.0770165 -0.077445 0.0069003 0.00828755 0.0273047 -0.0211293 -0.062796 -0.00789979 -0.0400594 -0.0735858
internal_weight=110811 109494 7761 4640 1570 101733 89266 87596 85250 14286 2346 70964 13706 8469 5706 2763 12467 57258 453 518 56805 4978 11899 8728 463 9510 2747 1880 6763 1641 1117 1512 3070 2818 1098 838 260 183 5817 5750 1502 1720 414 1306 567 763
internal_count=110811 109494 7761 4640 1570 101733 89266 87596 85250 14286 2346 70964 13706 8469 5706 2763 12467 57258 453 518 56805 4978 11899 8728 463 9510 2747 1880 6763 1641 1117 1512 3070 2818 1098 838 260 183 5817 5750 1502 1720 414 1306 567 763
is_linear=0
shrinkage=0.092745


Tree=125
num_leaves=47
num_cat=0
split_feature=87 18 2 14 2 90 92 19 29 76 80 15 91 23 59 58 3 79 54 42 9 60 15 93 88 27 9 66 14 9 22 3 15 43 82 79 92 7 12 11 55 86 19 97 0 53
split_gain=84.5172 139.502 138.846 153.594 174.92 166.482 183.599 148.778 150.671 143.716 151.737 140.397 152.399 150.392 138.248 136.136 133.103 164.238 129.505 290.489 158.629 151.372 136.673 136.921 143.032 135.435 128.108 131.56 125.884 124.999 164.168 124.222 118.435 138.934 118.431 152.078 131.535 129.886 142.653 141.027 140.519 212.047 122.248 120.649 220.989 127.993
threshold=0.006598288758486801 -0.054455145118061543 -0.042595275058382141 -0.010941818603762048 0.037221059611616557 0.0008652858127881001 0.020764823330040903 0.094183188960369771 -0.027985585630584949 0.065335787221194014 0.039602706695773655 0.019454241742854452 -0.051197372845257993 -0.035989121325391692 0.021956900436860351 0.014838414994304801 -0.033426030012159387 0.0053711813208840008 0.023726092877872154 0.041885365674412957 0.048219016271894607 -0.018863175134030147 -0.065856962706443936 0.04749498350258876 0.041073486855038456 -0.063226414172787029 -0.10177891738750298 0.032903880630225708 -0.01655883150739965 0.11613018544403932 0.11544510329494741 0.15284858503778329 -0.10109648475718803 -0.03669992186058179 -0.0087234613413869986 -0.00058668648779494983 0.039254088785228958 0.15998967271130632 -0.012247011821196649 0.022736740153580303 -0.022397944108195896 -0.0023140730395740995 -0.034754655094689696 0.047524681574632209 0.10234529961788595 0.0077939445629658507
decision_type=2 2 2 2 2 2 2 2 2 2 2 2 2 2 2 2 2 2 2 2 2 2 2 2 2 2 2 2 2 2 2 2 2 2 2 2 2 2 2 2 2 2 2 2 2 2
left_child=1 -1 7 4 -4 18 11 -3 -9 10 15 12 13 -7 -14 -8 26 28 22 20 25 -22 -5 -24 -25 -20 27 -6 -18 31 -31 34 -19 -34 35 -2 37 38 43 -39 42 -42 -40 45 -45 -36
right_child=29 2 3 5 16 6 9 8 -10 -11 -12 -13 14 -15 -16 -17 17 32 19 -21 21 -23 23 24 -26 -27 -28 -29 -30 30 -32 -33 33 -35 36 -37 -38 39 40 -41 41 -43 -44 44 -46 -47
leaf_value=0.014351940335493828 0.012637494822782086 0.010308655166704744 -0.0023486884324154865 -0.043808649901280972 -0.0012310604405055161 0.18259405578489424 -0.042100909479034894 -0.11308362347237194 -0.0086102203535541912 0.05509916193747897 -0.089826154592408392 0.0095779167062362697 -0.011082534808730171 0.017787535899922644 -0.044538714812581606 0.0039507235622933149 0.014610822850830624 -0.12920915143110284 0.12150089698115628 -0.059846175921631301 -0.10585130061511509 0.0072208785170852175 0.00089784040169522765 -0.069365672628479841 0.088161899864254281 0.028013841034721858 0.04025630023367343 -0.1935871771631088 0.081823299363889532 -0.024895888167127456 -0.21059009105205809 0.031576579937081226 0.05060552566361292 -0.022404263999919707 0.012465146604252278 -0.0054736005106020124 0.013039184488351566 -0.12250527404005847 0.00036304273487488403 -0.0010348144777948217 -0.022124075858785099 0.0042118628363892402 -0.038794024404411008 -0.20547424851528101 -0.020560310078989605 -0.0095843661808976219
leaf_weight=7158 7829 14198 10866 721 171 56 1979 162 444 152 409 2884 4888 312 1358 765 1911 75 140 396 139 378 8404 414 56 2730 2263 37 274 1331 42 916 269 1337 5425 8127 2635 178 903 153 5057 5477 2842 61 603 3886
leaf_count=7158 7829 14198 10866 721 171 56 1979 162 444 152 409 2884 4888 312 1358 765 1911 75 140 396 139 378 8404 414 56 2730 2263 37 274 1331 42 916 269 1337 5425 8127 2635 178 903 153 5057 5477 2842 61 603 3886
internal_value=-1.99369e-06 0.00213437 0.000631125 -0.00201508 0.00479217 -0.00648852 -0.0140484 0.00838681 -0.0366014 -0.0328765 -0.0371266 -0.00749461 -0.0149412 0.0430259 -0.0183604 -0.0292581 0.0170383 0.00628698 0.000745584 0.0152784 0.0240701 -0.0231948 -0.00498309 -0.00182572 -0.0505253 0.0325906 0.0338509 -0.0357322 0.0230551 -0.00307284 -0.0306288 -0.00221426 -0.0155007 -0.01016 -0.00293167 0.00341203 -0.00665077 -0.0087618 -0.00797321 -0.0664478 -0.0139181 -0.00843005 -0.0293495 0.000535537 -0.0376494 0.00326118
internal_weight=110811 65346 58188 43384 17203 26181 12803 14804 606 3305 3153 9498 6614 368 6246 2744 6337 3866 13378 3783 3387 517 9595 8874 470 2870 2471 208 2185 45465 1373 44092 1681 1606 43176 15956 27220 24585 24254 331 14279 10534 3745 9975 664 9311
internal_count=110811 65346 58188 43384 17203 26181 12803 14804 606 3305 3153 9498 6614 368 6246 2744 6337 3866 13378 3783 3387 517 9595 8874 470 2870 2471 208 2185 45465 1373 44092 1681 1606 43176 15956 27220 24585 24254 331 14279 10534 3745 9975 664 9311
is_linear=0
shrinkage=0.092745


Tree=126
num_leaves=47
num_cat=0
split_feature=38 54 74 1 79 49 19 45 3 88 99 100 80 18 0 62 84 29 17 49 87 68 15 28 24 17 61 97 12 14 2 11 2 1 34 25 0 100 42 53 15 82 78 30 22 22
split_gain=87.0863 102.976 212.928 140.578 137.583 116.889 116.329 116.063 173.504 174.793 172.113 156.943 155.999 136.767 149.721 149.287 173.914 127.689 128.845 124.237 127.157 121.926 145.459 150.848 211.704 152.054 142.934 136.096 162.809 154.515 149.107 123.07 122.255 158.49 135.247 120.776 128.722 120.377 119.063 118.065 112.73 112.547 119.076 112.411 110.505 150.334
threshold=0.056013218138260261 0.053910911433882609 0.024812834049086557 0.11244613717525535 -0.11879763074967159 -0.011061993964099948 0.054806575663063205 0.038921726551335856 0.0023689424779034505 -0.01906745750540775 0.032636506440740905 0.3604500000000001 0.028922352084804603 -0.0053935678775713985 0.092471168286318503 -0.0075938002558690485 0.05065767875757516 0.047410861616293855 0.026824592060690603 0.010872978264809001 0.011694673997521053 0.0097691773441483023 -0.076708091414308774 0.052643329800541559 0.05516564797992491 0.018812862490831802 0.021423560492220904 0.019629752028620953 -0.055790374709858793 0.014523436215746251 0.0041804765901965009 0.098886786864309809 -0.068129426693933834 0.073757912339646264 0.0067645321301162001 0.089671293512762054 0.18497033645171637 0.43975000000000003 0.010257436599988751 0.049551580308058153 -0.063354224844603985 0.018838658844139905 -0.034122074754249089 0.077210771072527815 0.053993655641327361 0.086694728228252763
decision_type=2 2 2 2 2 2 2 2 2 2 2 2 2 2 2 2 2 2 2 2 2 2 2 2 2 2 2 2 2 2 2 2 2 2 2 2 2 2 2 2 2 2 2 2 2 2
left_child=1 7 43 4 -4 -6 41 21 9 -9 13 12 17 14 -11 16 -15 -10 -19 20 38 22 26 24 32 31 27 28 30 -30 -1 -26 33 -24 -34 36 40 44 -14 -27 -25 42 -7 -3 -28 -46
right_child=-2 2 3 -5 5 6 -8 8 11 10 -12 -13 19 15 -16 -17 -18 18 -20 -21 -22 -23 23 35 25 39 37 -29 29 -31 -32 -33 34 -35 -36 -37 -38 -39 -40 -41 -42 -43 -44 -45 45 -47
leaf_value=0.013515034802791811 -0.0086761878823573765 0.023621684438307571 0.072368160208153218 0.03357994391572057 -0.05318066827824415 -0.047418771087437937 -0.099456707903898642 0.023993129577603193 0.051221637175558249 -0.1152328779397408 0.031507910972195928 0.002381783235176019 0.040874379305656537 0.0065972931569511246 0.003520655489789486 -0.05525110145105263 -0.13968560239561645 -0.028135200448154082 0.097658640468912081 0.043294730018901724 -0.14226675271963746 0.0032173589873537986 0.018279977616250529 0.13091845466102839 -0.039666528193739677 0.01343812075844646 -0.058357984175554753 -0.049147757226734312 0.015484082444290559 -0.055180079859532057 0.16095603362402278 0.061045296888330013 0.0001887827835906021 -0.025549453353121108 -0.011907289160539085 0.071787749239103346 -0.0057207606738637774 -0.13698755170628615 -0.08862082307149384 -0.071777961220064634 0.021381213413807061 -0.054740385250260662 0.051429892126335676 -0.040956631485564658 0.110070565169442 -0.060571706408052393
leaf_weight=144 9135 5329 120 459 915 138 100 1701 2293 95 727 2469 147 835 2193 1222 76 354 87 217 88 30894 4211 84 2840 1096 649 549 764 408 100 108 20194 853 13112 280 2382 129 104 160 2008 191 432 242 88 89
leaf_count=144 9135 5329 120 459 915 138 100 1701 2293 95 727 2469 147 835 2193 1222 76 354 87 217 88 30894 4211 84 2840 1096 649 549 764 408 100 108 20194 853 13112 280 2382 129 104 160 2008 191 432 242 88 89
internal_value=-2.02199e-06 0.00077719 0.010928 -0.0124477 -0.0236011 -0.0301037 -0.00555412 -8.08841e-05 0.00819735 -0.00177748 -0.0102961 0.020062 0.0333247 -0.0171751 -0.0014179 -0.0340686 -0.00563129 0.0424323 -0.00324069 -0.0114344 -0.0465147 -0.00136736 -0.00418647 -0.0029466 -0.00469653 -0.0244544 -0.0242756 -0.00995899 0.00523218 -0.00911154 0.074115 -0.0359668 -0.00253124 0.0108935 -0.00457288 0.0127212 0.00901722 -0.0537072 -0.0127664 0.00255786 0.0258032 0.00679999 0.0274624 0.020812 -0.0406416 0.024231
internal_weight=110811 101676 7926 2355 1896 1776 861 93750 12608 6849 5148 5759 3290 4421 2288 2133 911 2734 441 556 339 81142 50248 47328 42574 4204 2920 1965 1416 1172 244 2948 38370 5064 33306 4754 4474 955 251 1256 2092 761 570 5571 826 177
internal_count=110811 101676 7926 2355 1896 1776 861 93750 12608 6849 5148 5759 3290 4421 2288 2133 911 2734 441 556 339 81142 50248 47328 42574 4204 2920 1965 1416 1172 244 2948 38370 5064 33306 4754 4474 955 251 1256 2092 761 570 5571 826 177
is_linear=0
shrinkage=0.092745


Tree=127
num_leaves=47
num_cat=0
split_feature=77 68 0 51 24 48 28 91 45 98 25 5 47 4 6 9 92 76 2 14 52 93 8 96 69 8 83 2 93 87 95 0 72 19 44 55 71 79 1 12 10 30 40 3 84 12
split_gain=83.9121 157.324 128.547 232.892 192.961 218.045 183.879 178.58 160.047 321.015 176.306 150.416 128.355 127.038 123.668 114.967 110.773 167.862 113.77 109.729 134.254 126.827 126.527 111.917 109.679 107.17 167.621 224.456 166.116 164.105 151.885 118.684 109.248 146.231 176.898 133.273 131.072 201.996 147.331 139.246 127.857 119.69 130.892 118.409 114.723 113.605
threshold=0.018431960933817403 -0.048831289338128893 0.085859982816012717 -0.018268519600180996 0.072813915946014163 0.070489362005680359 0.0026947940783250504 0.014551970734070151 -0.0097319777377313978 0.013999750579422753 -0.005518265569353099 0.012261261497487902 -0.0010275215830306999 -0.10327949206435134 0.20160392408503244 0.070900865937373214 0.012497066420849802 -0.046662090383169742 -0.16580757367949528 0.020229109483945604 0.022065559513189205 -0.0089605915495872979 0.04746047890583021 -0.011226613256648699 -0.020325977227634646 -0.056896425585237088 -0.015442962107927598 -0.049612273303874292 -0.048745526593885598 -0.025284541301264094 -0.017171852195440946 0.18565982883558513 0.025280510130379002 -0.017028667013199248 0.023459512906985003 -0.015148407266042748 0.0045725313550762509 -0.01231318402128955 0.2267042923305376 0.06704630485582587 -0.12204279950315719 0.0079637942217188513 -0.051658129168004795 0.059751482287739903 0.068342393443752023 0.061933740854887058
decision_type=2 2 2 2 2 2 2 2 2 2 2 2 2 2 2 2 2 2 2 2 2 2 2 2 2 2 2 2 2 2 2 2 2 2 2 2 2 2 2 2 2 2 2 2 2 2
left_child=1 13 3 -3 5 6 8 11 9 -5 -10 -8 16 -1 -14 -15 -2 -18 -19 21 22 -20 23 -21 -23 26 -4 -28 -29 31 -31 -30 36 40 35 44 37 38 -27 -39 -34 -36 -43 -37 -35 -38
right_child=12 2 25 4 -6 -7 7 -9 10 -11 -12 -13 14 15 -16 -17 17 18 19 20 -22 24 -24 -25 -26 32 27 28 29 30 -32 -33 33 34 41 43 45 39 -40 -41 -42 42 -44 -45 -46 -47
leaf_value=0.022771542210235481 -0.0038069065143442973 0.026430684812807397 0.01356742254953437 0.035788502425671512 -0.17788057432376592 -0.17181569418749487 0.014968812623019054 0.062425458192183411 -0.088579795640200562 -0.093408895890182142 -0.026158924541922358 -0.042863418278001206 -0.011132723552024675 -0.012965126193390372 0.071792633894629795 -0.057362122592254074 -0.036979616437524114 -0.10519675160445519 0.055430572769782062 0.03939621817454686 -0.051358962462091998 -0.025343158970376516 0.06378228852788434 -0.033479865064691458 0.028850793421585468 0.021453648368770624 0.01316425433279193 0.040905841426886858 -0.055789231820454199 -0.073708689418286497 -0.028024456103786458 0.027470839057499301 -0.12977742685337165 0.0038218276464217606 0.02727420646378767 -0.038892678615642405 0.0040052500555799626 0.0037222775369221256 0.10738598867666115 0.033636726364726637 0.012066190789613265 -0.1378474757216116 -0.0050153669776598232 0.0029554445729423041 -0.12507062879339612 -0.018589750076878228
leaf_weight=769 9591 1185 2653 630 65 77 1006 392 586 224 1162 628 14813 4978 156 558 510 62 1143 297 335 424 329 464 1320 8453 1778 295 196 869 2246 589 55 1929 1480 2789 18172 17247 175 1451 4749 68 979 734 61 2139
leaf_count=769 9591 1185 2653 630 65 77 1006 392 586 224 1162 628 14813 4978 156 558 510 62 1143 297 335 424 329 464 1320 8453 1778 295 196 869 2246 589 55 1929 1480 2789 18172 17247 175 1451 4749 68 979 734 61 2139
internal_value=-1.8572e-06 0.00153329 0.0027154 -0.0103584 -0.0195017 -0.0173001 -0.0147159 0.00622866 -0.0310282 0.0018648 -0.0471038 -0.00725327 -0.0042446 -0.0125372 -0.0102662 -0.0174453 0.00198168 0.0133514 0.0192251 0.0210241 -2.52437e-05 0.0314176 0.0157484 -0.00501605 0.0156654 0.00384221 -0.00582789 -0.0144451 -0.0261504 -0.0312287 -0.0407791 0.00665224 0.00522164 -0.00236869 -0.0100189 -0.0193334 0.00726845 0.0114627 0.0232017 0.0060449 0.0104318 0.0102964 -0.0136907 -0.0301704 -0.000139663 0.00162482
internal_weight=110811 81367 75062 5955 4770 4705 4628 2026 2602 854 1748 1634 29444 6305 14969 5536 14475 4884 4374 4312 1425 2887 1090 761 1744 69107 8626 5973 4195 3900 3115 785 60481 12844 8040 5513 47637 27326 8628 18698 4804 2527 1047 3523 1990 20311
internal_count=110811 81367 75062 5955 4770 4705 4628 2026 2602 854 1748 1634 29444 6305 14969 5536 14475 4884 4374 4312 1425 2887 1090 761 1744 69107 8626 5973 4195 3900 3115 785 60481 12844 8040 5513 47637 27326 8628 18698 4804 2527 1047 3523 1990 20311
is_linear=0
shrinkage=0.092745


Tree=128
num_leaves=47
num_cat=0
split_feature=38 45 12 48 11 69 72 27 21 57 17 87 86 60 6 24 54 86 35 34 36 59 73 95 93 76 100 67 35 4 72 79 2 15 18 34 77 43 42 21 70 29 23 29 57 38
split_gain=81.9252 115.288 118.813 142.757 140.013 147.775 139.323 134.065 196.244 145.275 124.666 115.56 108.111 112.417 114.801 105.486 151.188 156.658 191.809 128.504 127.016 125.679 107.824 106.906 139.543 130.375 121.666 105.208 122.155 107.326 109.291 103.145 101.557 101.408 100.128 99.9278 121.888 98.3916 97.271 136.868 127.428 126.095 129.32 122.408 114.11 125.002
threshold=0.017059647172344952 0.13932085995205892 -0.039703582313681339 -0.028651835004919444 0.038097124121164054 -0.049903820076160045 -0.026599722543579847 0.020033530247065601 -0.031893002421384743 -0.061137186413512838 0.058465853457975163 -0.073573946746493937 0.071945777001727204 -0.053699211427120891 -0.04600884953718589 0.028357509213902555 0.013609168992700352 -0.035842804029450039 -0.044958226110191395 0.061630353047379953 0.11853130665179785 0.030551087200233754 -0.044968149508928391 0.017263003672033605 0.043792524860535011 -0.064983492752941435 0.36190000000000005 0.020923389306647153 -0.050311328830263742 -0.035326609017970141 -0.030928524942361348 -0.067757365983182591 -0.0065951340110664497 -0.014688854341964248 -0.011733409768530599 0.012918297023505302 0.0065060783562113514 -0.0011027273394091498 -0.083590331011049082 -0.073118113585582525 -0.0023896478847985499 -0.034147734086686747 0.067631537242217807 -0.074545702936556976 0.016367159497331505 0.0020457084071762504
decision_type=2 2 2 2 2 2 2 2 2 2 2 2 2 2 2 2 2 2 2 2 2 2 2 2 2 2 2 2 2 2 2 2 2 2 2 2 2 2 2 2 2 2 2 2 2 2
left_child=38 2 10 15 5 27 11 8 -8 -9 12 -7 13 14 37 20 19 -18 -19 21 23 -17 -20 25 -25 32 -27 28 -5 30 -29 -13 -4 -30 -23 36 -14 -2 40 41 -1 42 -40 44 45 -41
right_child=1 -3 3 4 -6 6 7 9 -10 -11 -12 31 35 -15 -16 16 17 18 22 -21 -22 34 -24 24 -26 26 -28 29 33 -31 -32 -33 -34 -35 -36 -37 -38 -39 39 43 -42 -43 -44 -45 -46 -47
leaf_value=-0.0016814957127780929 -0.085488522160583544 0.053320791291890247 0.034550119416160083 -0.12681743111851052 0.0032725259739829708 0.15143400299492826 -0.058283677357544333 -0.11588019134814187 -0.017499756280013292 0.0036085240679844684 0.046965587732268971 -0.071026961367584268 -0.10938881820658364 0.001385211420564366 0.08462528417237182 -0.0087886220506504763 -0.11457589095038596 -0.07363794609422597 0.22475543220479316 -0.14862978114572617 -0.12243623192322639 -0.0098769245740341054 0.063126292601641945 0.0026093384134807953 -0.10991633559658615 0.045663534106051729 0.0048477583696155393 -0.28999807402847905 0.040118837941516342 -0.058666532769048686 -0.087734256627005333 0.0059394404817333067 -0.16192724882673268 -0.040319400866988916 -0.15658217182086431 -0.13788989047903527 0.092061700308012293 0.07836282458766726 -0.065616696563129559 -0.0039556613611366424 0.042304799043632102 -0.0082850243345238845 0.079083134109946218 0.0012484671668503999 0.044925509423170293 0.059471047739827233
leaf_weight=1117 79 301 38 91 4785 45 1169 90 7710 2859 588 157 49 6322 282 732 56 83 41 79 57 67 262 875 106 1626 1025 40 210 266 55 3130 55 375 100 89 54 52 596 1564 1148 3420 58 67527 1059 322
leaf_count=1117 79 301 38 91 4785 45 1169 90 7710 2859 588 157 49 6322 282 732 56 83 41 79 57 67 262 875 106 1626 1025 40 210 266 55 3130 55 375 100 89 54 52 596 1564 1148 3420 58 67527 1059 322
internal_value=-1.88034e-06 -0.00379234 -0.00430333 -0.00725381 -0.0106639 -0.0147818 -0.0124631 -0.0171822 -0.0228726 -4.43671e-05 0.00597489 0.00428487 0.00249163 0.00445105 0.051315 0.00649766 -0.0150491 0.0299369 0.051007 -0.035397 0.0145918 -0.0253874 0.0852329 0.0167015 -0.00956393 0.0260966 0.0298896 -0.0486535 -0.0270174 -0.0890777 -0.173655 0.00225322 -0.0816398 -0.0114153 -0.0979232 -0.0660748 -0.00367933 -0.0203154 0.00167578 0.00110025 0.0206092 -0.015427 -0.0527342 0.00205594 0.0205643 0.00687342
internal_weight=110811 34000 33699 26184 20982 16197 15160 11828 8879 2949 7515 3332 6927 6735 413 5202 1420 442 386 978 3782 899 303 3725 981 2744 2651 1037 676 361 95 3287 93 585 167 192 103 131 76811 74546 2265 4074 654 70472 2945 1886
internal_count=110811 34000 33699 26184 20982 16197 15160 11828 8879 2949 7515 3332 6927 6735 413 5202 1420 442 386 978 3782 899 303 3725 981 2744 2651 1037 676 361 95 3287 93 585 167 192 103 131 76811 74546 2265 4074 654 70472 2945 1886
is_linear=0
shrinkage=0.092745


Tree=129
num_leaves=47
num_cat=0
split_feature=89 13 44 72 75 29 67 88 48 100 78 49 57 4 69 80 95 96 47 40 73 67 81 67 70 2 46 89 22 87 30 2 75 17 44 0 54 92 47 57 18 0 46 32 11 61
split_gain=80.2125 139.068 139.921 136.937 129.378 125.54 169.888 133.786 126.996 122.016 185.062 157.507 144.69 135.734 149.09 163.517 133.652 124.779 151.695 142.184 129.367 121.856 153.877 150.359 164.464 147.663 137.699 132.575 125.604 124.737 119.304 118.816 117.288 134.919 126.414 146.969 149.368 175.89 146.847 142.492 138.028 133.832 212.084 167.047 155.008 149.311
threshold=0.0014714837640885001 -0.0076786144756713992 -0.017496005415869095 -0.040885209177076949 -0.052444014620181188 -0.072728594057908838 -0.029517726986023646 0.078500417876484971 0.038429519604075757 0.34075000000000005 -0.022275799867332548 0.13954365501849883 0.033808928943904158 -0.15366850724505382 0.045138791043896155 0.028452838263667502 0.018834723237980102 -0.034324742584449744 0.013744879308481802 -0.054796645931673243 0.052273342235583754 -0.01379444347807275 -0.066913559954041343 -0.022537192865928545 -0.0023896478847985499 -0.0037902401336841998 0.0079396378626442523 -0.047137893025793694 0.026871440331342304 -0.054558676273458638 0.075117425503109209 0.060712680756074604 -0.0064079847596179495 -0.034707737173949843 -0.0042327823319426488 0.13708587306099548 0.0056663169092322002 0.05532190148155066 -0.072569504382506991 0.014763657188674952 0.029463797119737501 0.058955390498669456 -0.0013032569446495498 0.0082407641332049517 0.018747849451068655 0.0039662815024232509
decision_type=2 2 2 2 2 2 2 2 2 2 2 2 2 2 2 2 2 2 2 2 2 2 2 2 2 2 2 2 2 2 2 2 2 2 2 2 2 2 2 2 2 2 2 2 2 2
left_child=1 2 4 -4 -1 6 -2 9 -8 10 12 13 17 -12 15 -15 -16 18 30 -20 -19 22 26 27 25 -25 -5 -24 -29 -23 -7 -31 33 -3 35 36 37 -34 40 -38 -37 42 44 -44 45 -36
right_child=5 32 3 21 -6 7 8 -9 -10 -11 11 -13 -14 14 16 -17 -18 20 19 -21 -22 29 23 24 -26 -27 -28 28 -30 31 -32 -33 34 -35 41 38 39 -39 -40 -41 -42 -43 43 -45 -46 -47
leaf_value=-0.067468126203346399 0.067693908539281714 -0.01138571712450878 0.020731441685424953 -0.17438421086094452 -0.015188343781090845 0.029906319126796956 -0.00064475010821014747 -0.04051296975433849 0.065489216615434054 -0.0035924930334208949 0.049614756812033811 0.16274591941073946 -0.012165182601645851 0.0021844512737799571 0.010911124679127852 -0.018995498936659038 0.066836076483545517 0.035218590475492959 0.085326188259911395 -0.081227237495633139 -0.045791320953726254 0.044165046404113673 -0.053563875731394137 -0.036179509006310291 -0.012038109442013984 -0.12669278344455293 0.018270705867234133 0.014080261993616118 -0.028474727952550103 -0.0062910772133085791 -0.1114313385984223 0.024737650245116649 -0.042145087909912858 0.012084861715253314 -0.17523593056089409 -0.044584779524039407 0.01158806705375583 -0.24092767411306751 -0.00023049292782088916 -0.057234502432194211 -0.24457489519645914 0.0055543647228961119 0.096934733077749649 -0.11740460876023877 -0.3016950056755997 0.036917473620932457
leaf_weight=432 566 2565 1860 98 7072 721 1588 639 296 19110 495 52 1050 16694 1455 3860 492 4385 52 280 176 517 415 357 785 275 47 2166 823 8787 55 1207 1587 11774 64 166 1041 39 5936 344 36 10226 92 47 36 51
leaf_count=432 566 2565 1860 98 7072 721 1588 639 296 19110 495 52 1050 16694 1455 3860 492 4385 52 280 176 517 415 357 785 275 47 2166 823 8787 55 1207 1587 11774 64 166 1041 39 5936 344 36 10226 92 47 36 51
internal_value=-1.97283e-06 -0.00234699 -0.00762214 -0.00304169 -0.0182023 0.00265321 0.0231457 0.00163886 0.00974683 0.00219045 0.00590347 0.00195436 0.0194473 0.00158816 0.0005304 -0.00179265 0.0250579 0.0253052 -0.00259986 -0.0550486 0.0320869 -0.00589991 -0.0178721 -0.0150339 -0.0404179 -0.0756252 -0.11193 -0.00446063 0.00235688 -0.000241917 0.019834 -0.0025417 0.0015063 0.00788528 -0.00314438 -0.0111168 -0.0278995 -0.0469628 -0.00288091 -0.00550419 -0.0805889 0.00379051 -0.058304 0.0242702 -0.134309 -0.0811737
internal_weight=110811 58845 24841 17337 7504 51966 2450 49516 1884 48877 29767 23048 6719 22996 22501 20554 1947 5669 1108 332 4561 15477 4966 4821 1417 632 145 3404 2989 10511 776 9994 34004 14339 19665 9149 3011 1626 6138 1385 202 10516 290 139 151 115
internal_count=110811 58845 24841 17337 7504 51966 2450 49516 1884 48877 29767 23048 6719 22996 22501 20554 1947 5669 1108 332 4561 15477 4966 4821 1417 632 145 3404 2989 10511 776 9994 34004 14339 19665 9149 3011 1626 6138 1385 202 10516 290 139 151 115
is_linear=0
shrinkage=0.092745


Tree=130
num_leaves=47
num_cat=0
split_feature=17 75 47 49 4 8 100 3 54 41 40 6 72 26 2 16 45 12 38 87 54 89 29 26 11 51 70 2 37 47 18 16 63 82 57 90 0 56 5 0 31 29 40 8 19 84
split_gain=79.04 100.611 95.9248 92.3296 118.662 114.471 150.06 150.953 142.722 132.789 120.479 108.756 107.748 131.123 120.758 119.847 114.077 104.843 102.861 102.48 116.679 122.79 99.8749 102.021 98.902 98.0103 97.0104 137.083 101.855 101.553 96.9742 159.79 158.817 132.44 96.8731 96.824 162.487 143.389 122.192 135.558 117.621 114.428 113.232 106.19 101.849 137.722
threshold=0.11653067998479781 -0.032820488874843588 0.017410079111910455 -0.043867623563434689 -0.022399840497728748 -0.028636965022504946 -0.44024999999999997 0.062587273729508008 0.012522359057202703 0.0109778498126502 0.0055176186953104509 0.087590834189241212 0.004655975307408201 0.039868514769031957 0.0086504294938719514 -0.035387710086373293 -0.021374537470407195 -0.079839652293112642 0.085046418482455213 0.025570789006499551 -0.010784124925680198 -0.022726364954080397 -0.069161113264962742 0.0017240416995797003 -0.016489651107849643 -0.05599125571849739 -0.021557395538891546 -0.10914951224013754 -0.057647885996034195 -0.040153466657157542 0.0055886052904485011 -0.00174869607586875 0.033526475427076957 -0.025572434790355546 -0.015009748149354149 0.048154998059392308 0.26370834812798921 -0.040295038802366845 -0.047991942823529692 0.20563792154831292 -0.096948676886168692 -0.038559570308773494 -0.027652486563361046 -0.10791101939816189 0.012006262324351452 -0.020574787976051948
decision_type=2 2 2 2 2 2 2 2 2 2 2 2 2 2 2 2 2 2 2 2 2 2 2 2 2 2 2 2 2 2 2 2 2 2 2 2 2 2 2 2 2 2 2 2 2 2
left_child=3 2 -2 4 12 11 8 19 30 10 -10 26 -1 14 17 16 -16 -14 35 -8 21 -21 -19 -24 -11 -20 27 -6 -28 -29 32 -32 -7 -33 -17 44 37 -37 39 41 -40 -39 -41 -42 -5 -46
right_child=1 -3 -4 18 5 6 7 -9 9 24 -12 -13 13 -15 15 34 -18 22 25 20 -22 -23 23 -25 -26 -27 28 29 -30 -31 31 33 -34 -35 -36 36 -38 38 40 42 43 -43 -44 -45 45 -47
leaf_value=-0.0078493266658462187 -0.05029828515375203 0.021813416887469295 0.051111895246050941 0.004268865532877762 0.091142592674346407 0.045268530892926678 -0.0055898501541610506 0.036821402241932963 0.08233362729282008 0.15326319531825094 -0.023322983872096196 0.020313556502154471 -0.16241235861338668 0.017261487723713765 -0.046393367450368032 -0.13050618428097849 -0.23941135330222424 -0.12356154883975912 -0.075969270926074653 -0.2135703705180407 -0.012147629276771816 -0.061160840265743845 0.016490001298418468 -0.049355566147795793 0.052292050776202657 -0.012072223144686298 -0.096301843344794247 0.034336267612337081 -0.0071424987708771821 -0.099163093638470923 0.029448943549977246 0.038591904424226407 -0.034147177865170991 -0.12323802025384729 -0.033077559531944078 -0.057391599540475166 0.02951722489095817 0.13332456257999054 -0.14685497250616911 -0.098546771586961374 -0.13172015472064691 0.028053844566835195 0.0081693548599535443 -0.013348323021347046 0.0083603212726260645 -0.0059207282390012599
leaf_weight=2420 336 2576 105 55400 43 776 2305 580 159 161 222 453 48 307 42 124 72 76 226 56 373 242 458 362 175 2378 123 56 1045 378 212 58 300 171 302 617 797 109 59 117 66 479 315 4067 7733 23332
leaf_count=2420 336 2576 105 55400 43 776 2305 580 159 161 222 453 48 307 42 124 72 76 226 56 373 242 458 362 175 2378 123 56 1045 378 212 58 300 171 302 617 797 109 59 117 66 479 315 4067 7733 23332
internal_value=-2.14722e-06 0.0148028 -0.0261046 -0.000416682 -0.00805033 -0.00133737 0.00538627 -0.00644504 0.0242234 0.0583157 0.0207628 -0.0198978 -0.0206208 -0.037866 -0.0492807 -0.0842657 -0.168712 -0.0292342 0.000548341 -0.0148846 -0.0467776 -0.0900243 -0.022035 -0.0125688 0.100804 -0.0176308 -0.0309811 -0.0662222 -0.0165646 -0.0818947 0.00809304 -0.0285091 0.0231107 -0.082194 -0.0615375 0.00105706 -0.00974731 -0.0151195 -0.0101098 0.0186688 -0.0171163 0.0476467 -0.0207474 -0.0152509 0.00188521 -0.00236527
internal_weight=110811 3017 441 107794 12099 7888 5790 3556 2234 717 381 2098 4211 1791 1484 540 114 944 95695 2976 671 298 896 820 336 2604 1645 477 1168 434 1517 441 1076 229 426 93091 6626 5829 5212 1020 4192 588 432 4133 86465 31065
internal_count=110811 3017 441 107794 12099 7888 5790 3556 2234 717 381 2098 4211 1791 1484 540 114 944 95695 2976 671 298 896 820 336 2604 1645 477 1168 434 1517 441 1076 229 426 93091 6626 5829 5212 1020 4192 588 432 4133 86465 31065
is_linear=0
shrinkage=0.092745


Tree=131
num_leaves=47
num_cat=0
split_feature=63 64 95 95 69 15 53 45 98 88 40 84 22 37 3 68 88 80 93 97 83 43 58 95 2 70 15 100 33 93 53 1 92 12 24 38 52 75 99 31 41 78 72 29 52 9
split_gain=77.4655 130.855 123.452 133.424 118.031 99.6226 95.7191 91.1738 89.9008 85.9785 114.737 166.92 155.274 123.501 124.651 116.502 124.137 127.989 113.733 138.98 112.088 256.874 143.041 139.039 155.615 135.463 150.645 141.697 129.586 128.484 143.276 111.467 110.501 133.423 123.275 120.016 124.379 131.655 116.251 127.564 116.058 119.293 113.786 135.332 109.989 133.116
threshold=0.095288132820850871 0.070611935391769715 -0.022281796242550344 -0.026235104035398294 -0.029796559732697649 -0.0021966686799221495 -0.023093057266442948 -0.016803903711075648 0.059176720208525956 -0.0061611773278860494 -0.035383198099642243 0.041764230402287363 -0.04832256161703679 -0.015673608261389544 0.18320225866052992 0.035371000782734759 -0.10379146825212314 0.031971751170645005 -0.04176726860304119 -0.021251595467035696 0.015862243526241802 -0.00074749882683019988 -0.045651000890261494 0.016491029415822304 0.060712680756074604 -0.019994491301118897 -0.071648425880399144 -0.65964999999999985 -0.04014609575085349 0.0087144996409751017 0.097917311996801162 -0.038035899186096844 -0.05798422905038849 0.015271419156695951 -0.033331461174301441 0.042127915692296757 -0.013658389659544148 0.063728905339103123 -0.011031617104641098 -0.0077246150052375498 0.0066522672441302012 0.020746295364228156 0.035504086586143811 -0.045810190362192339 -0.0089844573261317982 -0.015872799073694297
decision_type=2 2 2 2 2 2 2 2 2 2 2 2 2 2 2 2 2 2 2 2 2 2 2 2 2 2 2 2 2 2 2 2 2 2 2 2 2 2 2 2 2 2 2 2 2 2
left_child=9 2 3 4 -2 -3 -6 -8 -4 10 11 12 -1 15 20 16 -12 -18 -19 -20 22 25 -15 28 -25 26 -22 -27 -23 30 -24 -31 33 38 -35 -34 40 44 39 -11 41 -37 43 -36 45 -38
right_child=1 5 8 -5 6 -7 7 -9 -10 32 13 -13 -14 14 -16 -17 17 18 19 -21 21 23 29 24 -26 27 -28 -29 -30 31 -32 -33 35 34 42 36 37 -39 -40 -41 -42 -43 -44 -45 -46 -47
leaf_value=0.027765903557464083 -0.1590873734081934 -0.21435200021637241 -0.0045762595193004196 -0.23288991682929447 -0.10584843568430582 -0.042691884967458384 -0.059958615394261908 0.11554439579232827 0.12059559919604844 -0.091477432277266194 0.11151516517571446 -0.046285356074562439 -0.0080323441395849012 0.021188644314872801 0.087014636148271512 0.034499606982851191 0.012999972785295083 0.042470347088762128 0.026005403827608384 -0.037254467015960385 -0.1256452384872763 -0.040875242950184208 0.0023387733342056806 -0.018165222354429043 -0.1137242110413481 0.074403465473991237 0.0094445925628063431 0.026065743153458724 0.014224417883611602 -0.0052656418139771866 -0.12288205453104566 -0.03025908698429727 0.00043508554118681507 0.012639369907539456 0.080051418110913874 0.0048488347934888178 -0.0047033169339476431 -0.080594174929386184 0.016592240330032097 -0.00039164117946920721 0.033692948712048587 -0.056184491642986292 -0.14895167278138521 -0.069108458793232866 -0.01193443468901567 -0.10853007396816428
leaf_weight=1247 55 50 879 37 51 70 41 66 52 226 101 816 6337 1898 146 1842 9002 270 390 1271 79 444 9010 720 184 733 679 1815 2113 3571 79 2694 53371 195 59 1249 197 281 854 319 856 353 130 443 5305 231
leaf_count=1247 55 50 879 37 51 70 41 66 52 226 101 816 6337 1898 146 1842 9002 270 390 1271 79 444 9010 720 184 733 679 1815 2113 3571 79 2694 53371 195 59 1249 197 281 854 319 856 353 130 443 5305 231
internal_value=-2.29335e-06 -0.0224978 -0.0130954 -0.0709227 -0.0424495 -0.114669 -0.00154778 0.0481878 0.00243525 0.000264891 0.00335072 -0.0064347 -0.00214359 0.00557022 0.00166038 0.0129067 0.00930003 0.00835162 -0.0133099 -0.022391 0.00113996 0.0112562 -0.00282742 -0.00640095 -0.0376601 0.0297443 -0.0046587 0.0399835 0.00464803 -0.00579741 0.00124505 -0.0160161 -0.00192353 -0.0222242 -0.0517514 -0.0011925 -0.0114471 -0.0186316 -0.00475282 -0.0382161 0.00612589 -0.00859893 -0.0716371 -0.051515 -0.0155883 -0.0608075
internal_weight=110811 1301 1181 250 213 120 158 107 931 109510 45441 8400 7584 37041 24165 12876 11034 10933 1931 1661 24019 6767 17252 3461 904 3306 758 2548 2557 15354 9089 6265 64069 2226 827 61843 8472 6014 1399 545 2458 1602 632 502 5733 428
internal_count=110811 1301 1181 250 213 120 158 107 931 109510 45441 8400 7584 37041 24165 12876 11034 10933 1931 1661 24019 6767 17252 3461 904 3306 758 2548 2557 15354 9089 6265 64069 2226 827 61843 8472 6014 1399 545 2458 1602 632 502 5733 428
is_linear=0
shrinkage=0.092745


Tree=132
num_leaves=47
num_cat=0
split_feature=39 11 91 94 22 23 66 56 55 80 15 100 41 60 95 75 67 0 18 12 81 26 2 86 87 99 84 14 98 0 1 100 36 42 9 91 97 37 65 39 40 97 21 47 32 71
split_gain=75.4763 94.2896 101.503 168.662 206.806 202.754 158.714 148.264 131.474 187.678 175.721 152.993 149.267 133.296 130.647 134.883 127.015 134.85 139.868 138.8 131.796 126.479 179.344 151.489 136.519 119.813 118.001 130.432 114.734 129.205 120.183 114.076 113.885 113.677 117.025 113.517 112.556 110.776 105.967 105.342 104.988 104.924 116.829 101.829 101.623 105.833
threshold=-0.064510821965487436 0.074688595252285966 -0.028489823750968046 -0.017202177446190996 0.035713772385661806 -0.064863385946151278 0.016127325644974353 -0.031459100451113546 -0.0018342075603085997 0.042613820265930157 -0.080503657972338785 -0.36189999999999994 0.042005244305793256 0.0057668583987260007 0.046959009051138208 -0.045784677371890445 0.0063775905348386506 0.23772973263227801 -0.0050129536328877488 0.038890464653085453 -0.061606243935264739 0.0133218225271541 -0.12713400180029524 -0.031385348585558089 -0.030296478990797345 -0.07873352542290353 -0.015243078699706048 0.009581765304104652 0.00079623625459095007 0.081605648293037972 0.018851818115529401 0.89800000000000013 -0.023311467548384496 -0.04671346675512799 -0.037985623965063095 -0.031611043977626395 -0.085930662771741537 0.0081317752349786016 0.0068509996906198503 0.033313407883951957 0.10127625446299657 0.051359384315067008 0.073704580840560571 0.04191146691315726 -0.028281299110492344 -0.014375997993152647
decision_type=2 2 2 2 2 2 2 2 2 2 2 2 2 2 2 2 2 2 2 2 2 2 2 2 2 2 2 2 2 2 2 2 2 2 2 2 2 2 2 2 2 2 2 2 2 2
left_child=-1 2 16 21 5 -5 7 41 9 13 12 -12 -10 -7 31 -16 17 18 19 20 32 22 -4 24 39 -20 -21 -28 30 -30 -25 -9 -2 -19 -35 -22 -23 -26 43 -24 -38 42 -6 -27 45 -18
right_child=1 -3 3 4 6 8 -8 14 10 -11 11 -13 -14 -15 15 -17 44 33 25 26 35 36 23 28 37 38 27 -29 29 -31 -32 -33 -34 34 -36 -37 40 -39 -40 -41 -42 -43 -44 -45 -46 -47
leaf_value=0.0092994700358345738 -0.17320849420997084 0.0093383632455937594 0.038005769918720553 -0.021730442496645321 0.0031663436335609024 0.0080876551690694798 0.0046246337529425082 -0.02624560839191965 -0.0477941274703262 -0.02601590794358128 0.020656136370228645 0.0044159038933661247 0.061678132253729936 -0.0072133209459934265 -0.2132156222915372 -0.055124536891691146 0.032695602332462749 0.076193501730777879 -0.18967749122710953 -0.082710203425535575 0.011321820691408897 0.10466934804312708 0.070317422383373726 -0.005935286882629562 -0.027088784299439492 -0.022686976982757408 0.023840640935055096 -0.06129720341877002 -0.091267768731719032 -0.02842934745668739 -0.039684212889026661 0.019454398887727122 -0.015664375943602239 -0.042168474833385761 0.023095236198266176 0.063559014915475082 -0.00058824883316858272 0.019073901699146641 0.0027528319253890443 -0.060982942060206692 -0.092529454919587278 -0.12675773784791267 0.09314180945743214 -0.082244147757768338 0.021922570261838314 -0.018131575960199157
leaf_weight=7027 55 7563 521 2803 1217 12083 3441 4909 737 2309 8249 12635 125 8234 52 425 487 273 35 242 2766 86 367 4426 1011 2154 425 243 299 4809 1142 519 139 287 1330 411 7991 801 1364 61 108 48 138 279 4913 1272
leaf_count=7027 55 7563 521 2803 1217 12083 3441 4909 737 2309 8249 12635 125 8234 52 425 487 273 35 242 2766 86 367 4426 1011 2154 425 243 299 4809 1142 519 139 287 1330 411 7991 801 1364 61 108 48 138 279 4913 1272
internal_value=-2.38088e-06 -0.000632345 -0.00141621 -0.0027955 -0.000186038 0.00245901 -0.0117956 -0.0195289 0.00398751 -0.000961238 0.00913709 0.0108315 -0.0318884 0.00188585 -0.0259683 -0.0725046 0.00516261 -0.0014469 -0.00664575 0.00487287 0.0135524 -0.00978535 -0.0153215 -0.0174744 0.00444796 -0.019517 -0.0272586 -0.0071227 -0.0220754 -0.0321152 -0.0128613 -0.0218727 -0.060588 0.02086 0.0114978 0.018089 -0.00069503 -0.00667511 -0.0179307 0.051544 -0.00181919 0.00756364 0.0123577 -0.029531 0.0150736 -0.00404869
internal_weight=110811 103784 96221 79546 57924 47175 10749 7308 44372 22626 21746 20884 862 20317 5905 477 16675 10003 8113 4281 3371 21622 13437 12916 2240 3832 910 668 10676 5108 5568 5428 194 1890 1617 3177 8185 1812 3797 428 8099 1403 1355 2433 6672 1759
internal_count=110811 103784 96221 79546 57924 47175 10749 7308 44372 22626 21746 20884 862 20317 5905 477 16675 10003 8113 4281 3371 21622 13437 12916 2240 3832 910 668 10676 5108 5568 5428 194 1890 1617 3177 8185 1812 3797 428 8099 1403 1355 2433 6672 1759
is_linear=0
shrinkage=0.092745


Tree=133
num_leaves=47
num_cat=0
split_feature=42 89 97 48 55 68 49 12 68 42 77 91 35 87 60 74 15 58 12 67 56 28 81 84 5 16 93 84 77 63 20 31 46 100 4 28 100 16 90 15 9 1 100 39 95 83
split_gain=75.1592 135.034 118.735 151.18 117.968 80.6101 85.1384 91.1246 93.5258 106.255 82.6806 91.7357 95.9762 81.9563 115.031 158.493 123.988 117.686 117.404 134.104 131.144 125.427 124.863 114.348 174.932 136.595 142.202 112.326 146.16 138.443 130.209 130.025 122.237 129.999 115.596 129.6 126.38 195.925 113.223 109.509 106.669 142.132 111.756 106.565 124.964 120.813
threshold=0.11831861655590166 0.027883676815727954 0.0092491560788167514 0.046221223946651353 -0.058248764258085145 0.075968719243223612 0.1088757827541308 -0.0050252171667990991 -0.020509556766064699 0.056756531938173857 -0.044206325425984495 -0.033918112484913394 0.0021557721162387003 0.015533186723967802 -0.020031317305498647 0.079288360172365513 0.09726600646401716 0.028800957258612401 0.077798935134485964 0.016390869010395302 -0.0045099368317248487 -0.046618080012692645 0.05435335660636121 -0.0044773754210424991 -0.10474591181266009 -0.034205879584929245 0.059870239689162406 0.00058971559135565009 0.073069522201103715 0.007662287567705651 -0.04316919833518474 -0.032363301305504091 -0.0026907917100460993 0.8690500000000001 -0.0013176984488081497 0.05055352400025661 -0.3824999999999999 -0.099130548301699636 0.025677868062747702 -0.038195205855435795 0.028231206643493354 -0.0099880315589697486 -0.96374999999999988 -0.0042217039694150494 -0.024985987990037997 -0.019663273785971297
decision_type=2 2 2 2 2 2 2 2 2 2 2 2 2 2 2 2 2 2 2 2 2 2 2 2 2 2 2 2 2 2 2 2 2 2 2 2 2 2 2 2 2 2 2 2 2 2
left_child=5 2 3 -2 -4 6 13 -8 -9 -10 11 -7 -13 27 15 23 18 -17 19 20 -16 -21 -20 25 -25 -15 -27 34 29 31 -30 -29 33 -31 35 43 37 -37 -36 -34 42 -42 -40 45 -45 -1
right_child=1 -3 4 -5 -6 10 7 8 9 -11 -12 12 -14 14 16 17 -18 -19 22 21 -22 -23 -24 24 -26 26 -28 28 30 32 -32 -33 39 -35 38 36 -38 -39 40 -41 41 -43 -44 44 -46 -47
leaf_value=0.022805872448254674 -0.075841139907998789 0.037386333358605875 -0.21763868037162479 0.052236136118227722 -0.063274006147820569 0.089680759523144707 -0.0064175871188369947 -0.017081558951684714 0.040036260835498279 0.13439753634697227 0.023858923732159743 -0.15378555832406901 -0.0016974835627048563 0.025508088699526744 -0.0027779006183013969 -0.096829974140388186 0.026571205715764618 0.042635547809141333 -0.042852757487636207 -0.030415593043020044 -0.020879112308762049 0.0094798856014559254 0.05085098382317816 -0.09788856918173354 0.019268862681000021 -0.0097891934122830739 -0.10834733288206042 -0.010571274822084141 0.041627873737081995 -0.02135347511114476 -0.06070238951563154 0.0070022944043049516 -0.023944111051566637 0.015190015294448663 0.014157293371042349 -0.15752029294390868 0.0012499224082821445 0.053734846648205027 -0.097891283615113692 0.0050476632197420119 -0.0063827287496629687 -0.081569902775408057 0.0086979354702575156 0.012414141739923865 -0.014646153934600949 -0.0019942159131803158
leaf_weight=2346 148 210 50 170 286 36 470 153 387 140 1917 69 74 994 6408 218 856 68 1364 781 7445 5115 134 112 4579 3109 131 4602 129 6569 617 16987 1361 959 13916 39 1249 964 87 6340 700 313 2748 1818 7609 6034
leaf_count=2346 148 210 50 170 286 36 470 153 387 140 1917 69 74 994 6408 218 856 68 1364 781 7445 5115 134 112 4579 3109 131 4602 129 6569 617 16987 1361 959 13916 39 1249 964 87 6340 700 313 2748 1818 7609 6034
internal_value=-2.3829e-06 -0.0272454 -0.0480268 -0.00734384 -0.0864508 0.000211648 -0.000138338 0.0249585 0.0466585 0.0651888 0.0182244 -0.0419839 -0.0753381 -0.00040902 -0.00439729 0.0043093 -0.00802622 -0.0636132 -0.00942106 -0.00752114 -0.0125072 0.00419169 -0.0344535 0.00648936 0.016463 -0.00455791 -0.0137875 0.00124744 -0.00234462 -0.00152058 -0.0429798 0.00325552 -0.00829212 -0.0166959 0.00481526 -9.10399e-06 0.0209516 0.0454645 0.0102636 -7.49874e-05 -0.0038142 -0.0296442 0.0054126 -0.002661 -0.0094259 0.00494754
internal_weight=110811 864 654 318 336 109947 107851 1150 680 527 2096 179 143 106701 31314 9211 22103 286 21247 19749 13853 5896 1498 8925 4691 4234 3240 75387 37564 36818 746 21589 15229 7528 37823 20059 2252 1003 17764 7701 3848 1013 2835 17807 9427 8380
internal_count=110811 864 654 318 336 109947 107851 1150 680 527 2096 179 143 106701 31314 9211 22103 286 21247 19749 13853 5896 1498 8925 4691 4234 3240 75387 37564 36818 746 21589 15229 7528 37823 20059 2252 1003 17764 7701 3848 1013 2835 17807 9427 8380
is_linear=0
shrinkage=0.092745


Tree=134
num_leaves=47
num_cat=0
split_feature=19 10 14 23 18 7 1 18 1 14 4 3 3 28 1 27 49 45 45 18 90 23 48 10 18 5 48 30 29 52 75 5 77 70 18 15 49 9 63 86 21 10 93 25 23 47
split_gain=73.8578 93.6569 146.571 135.777 94.0482 92.4615 141.846 181.168 143.372 272.702 365.012 230.68 214.182 213.865 206.285 199.275 165.131 164.422 164.23 195.628 155.903 154.439 160.41 153.379 142.804 134.378 132.997 132.273 129.874 151.972 132.712 121.803 122.161 118.981 116.891 114.597 113.688 112.702 108.633 108.524 107.863 109.731 105.811 132.62 105.389 108.022
threshold=-0.10105715696322749 -0.13077219256575959 -0.03341232509921814 0.086849428259437908 -0.0004009360248997999 -0.045065122558056593 0.17057609265983603 0.038766379438292906 -0.019078718414951696 -0.0086876557383081983 0.014969489299584653 -0.072599118313715238 -0.084918813479366237 -0.061956365179484295 -0.13201138305391497 -0.05928314967189089 -0.043032931172882143 0.014196351367417053 0.011226637876749853 0.012771459750820202 -0.056661181775543197 -0.0095574419579263995 -0.015317244632270749 0.081185989016646351 -0.0046274997423896491 -0.016145087668474296 0.05723474789453676 0.10427130195741621 0.063527851539054658 0.044300947081436108 0.028568286750266101 0.16958822993925374 0.0068032766604508516 0.039977901381461657 -0.053495835848588739 0.010682734020678953 0.024701403152213103 -0.050083424453311438 -0.027892949700072899 0.056202788223068859 0.0075949968880924005 0.009170057267828052 -0.026302457407038446 -0.023743509187147696 0.050270770523395604 0.039618746103558755
decision_type=2 2 2 2 2 2 2 2 2 2 2 2 2 2 2 2 2 2 2 2 2 2 2 2 2 2 2 2 2 2 2 2 2 2 2 2 2 2 2 2 2 2 2 2 2 2
left_child=-1 2 4 -4 -2 25 8 31 11 12 15 13 42 26 -13 17 38 -11 34 -20 36 22 -15 -18 -22 -3 -7 -17 -27 40 -31 35 -33 -23 -14 44 -16 -37 -12 -9 41 -30 43 -10 45 -8
right_child=1 5 3 -5 -6 6 7 39 9 10 16 14 18 21 20 27 23 -19 19 -21 24 33 -24 -25 -26 28 -28 -29 29 30 -32 32 -34 -35 -36 37 -38 -39 -40 -41 -42 -43 -44 -45 -46 -47
leaf_value=0.015341316705894385 0.098013342836948528 -0.0024311476458857726 -0.037452160996680715 -0.19785760657550186 -0.012315552111786527 -0.11028662472297021 0.061937923032562479 -0.026367078305928767 -0.095478467975973064 -0.08740363407250766 0.081899752051713265 0.027499097286733248 0.017919237862898327 -0.058949509900590821 0.042920922795771373 -0.0031685581394651973 -0.060005892316331452 0.019203930327503612 0.026125459260217438 -0.017017218716250948 -0.0051070755970751532 -0.0065162420984802363 -0.011552781958912975 -0.013053782890578661 0.0054715511957658062 0.01564233204859513 0.069415453439419822 -0.12742366887861853 0.023041963060879203 -0.054415673815534985 -0.24787776150741284 -0.19285245819074112 0.038448941682604224 0.041890444664824819 -0.014687058738872058 -0.05747058028698275 -0.024456911881679717 0.017046367228812441 -0.016028439061084535 0.10584269975053888 0.03167826412087249 -0.070458920670512445 0.062198897610986105 0.048028608868688774 -0.0011451415254362699 -0.012219168566694969
leaf_weight=2634 109 9954 778 48 169 293 1335 1034 93 454 122 2689 1111 974 1201 9353 2542 171 2970 1299 22429 2835 1665 784 21496 10090 40 74 178 153 38 44 35 516 6337 195 262 1643 479 56 422 273 710 136 395 193
leaf_count=2634 109 9954 778 48 169 293 1335 1034 93 454 122 2689 1111 974 1201 9353 2542 171 2970 1299 22429 2835 1665 784 21496 10090 40 74 178 153 38 44 35 516 6337 195 262 1643 479 56 422 273 710 136 395 193
internal_value=-2.34914e-06 -0.000376117 -0.0272476 -0.0468552 0.03095 -9.88533e-05 -0.00144948 0.0138236 -0.00237888 -0.00795405 -0.0168833 0.000350584 0.00190775 -0.0163021 0.00254109 -0.00751398 -0.0408605 -0.0582185 -0.00150711 0.0129943 0.00106199 -0.0122755 -0.0290556 -0.0489446 6.95801e-05 0.00540104 -0.0886189 -0.00414921 0.0123917 -0.0184174 -0.0932893 0.0232972 -0.0904356 0.000936469 -0.00982092 0.0256965 0.0308429 0.00912548 0.00385725 -0.0195362 -0.00199567 -0.0335347 0.0445209 -0.0102384 0.0415243 0.0525618
internal_weight=110811 108177 1104 826 278 107073 85965 4930 81035 26635 13979 54400 12656 6323 48077 10052 3927 625 11717 4269 45388 5990 2639 3326 43925 21108 333 9427 11154 1064 191 3840 79 3351 7448 3761 1463 1838 601 1090 873 451 939 229 1923 1528
internal_count=110811 108177 1104 826 278 107073 85965 4930 81035 26635 13979 54400 12656 6323 48077 10052 3927 625 11717 4269 45388 5990 2639 3326 43925 21108 333 9427 11154 1064 191 3840 79 3351 7448 3761 1463 1838 601 1090 873 451 939 229 1923 1528
is_linear=0
shrinkage=0.092745


Tree=135
num_leaves=47
num_cat=0
split_feature=9 0 3 41 33 65 58 72 11 54 72 72 94 0 59 37 29 89 8 13 91 15 38 51 88 61 95 36 57 45 67 89 43 15 58 69 83 85 62 72 6 20 57 0 96 21
split_gain=71.7606 137.024 142.561 132.896 165.902 145.29 138.274 119.349 122.378 143.244 124.857 118.105 124.452 133.134 114.515 119.868 117.802 112.945 124.531 119.449 112.73 111.069 118.841 134.507 119.985 110.245 105.704 121.827 105.617 105.482 106.618 102.551 107.119 101.852 100.325 140.144 115.46 121.091 122.009 132.999 127.149 122.976 122.578 118.669 146.877 117.51
threshold=0.034612091758803705 0.18204866651798562 -0.023988995420964995 0.027008614844938005 -0.07606565086468968 0.0062357860587645012 -0.024118391586117244 -0.071019655134065343 0.061075131271739504 -0.0022442475643101498 0.042712546931725957 -0.024364410173183595 -0.015402167064811298 0.14781753581823329 0.063926732901699604 -0.016990694189248146 -0.01286583319800585 0.022699537832022155 -0.025639852955086546 0.037734341410891908 -0.073860410302845333 -0.05551447834488369 0.011992522800047553 0.030164962426277003 -0.019847583719692998 -0.0044911999296084991 -0.014080835557471848 -0.00038689673425139993 0.11296060241102121 0.063910891428526309 0.063760620109015814 -0.012642403408186998 0.00073423999725910009 0.024181560287199855 -0.032443472464120243 -0.06274370130998598 0.0060210360561594508 -0.0041021187991117985 0.045752303481085908 -0.034908987638241344 -0.063550456993343343 1.0000000180025095e-35 0.081404542464595608 0.11085437453111217 -0.0073155906774037488 -0.0029462045024882997
decision_type=2 2 2 2 2 2 2 2 2 2 2 2 2 2 2 2 2 2 2 2 2 2 2 2 2 2 2 2 2 2 2 2 2 2 2 2 2 2 2 2 2 2 2 2 2 2
left_child=34 2 7 4 5 6 -4 -2 9 10 26 -5 13 25 16 -16 31 18 -18 -19 -3 -11 23 -23 -24 -13 27 -9 29 -22 -31 32 -6 -17 36 -36 -1 -38 39 43 -40 -42 -41 44 -39 -43
right_child=1 20 3 11 14 -7 -8 8 -10 21 -12 12 -14 -15 15 33 17 19 -20 -21 28 22 24 -25 -26 -27 -28 -29 -30 30 -32 -33 -34 -35 35 -37 37 38 40 42 41 45 -44 -45 -46 -47
leaf_value=0.014407347973233023 0.068410156131360797 0.052863362390713708 -0.25926338962894779 0.022664157186983364 -0.037378318830458369 0.023715998124972236 -0.071190533763547281 -0.051427002818923907 0.01554599569772757 -0.16180140656919353 0.095538882255208846 -0.043432170166705419 -0.027095959094875527 -0.040961039171276227 0.011118615295225898 -0.20734037457421706 -0.032751293458035007 -0.017137592030146906 0.011993184192241062 -0.10659324104204271 -0.0033303464640894519 -0.019704609977290715 -0.0026996220462343558 -0.14382165473024278 -0.14907241265657714 -0.21972994187235867 -0.057153450927883959 0.077925304279136937 0.0846050848579009 0.016516780867634306 0.11777563499840343 0.03441290164096459 0.034904354331139212 -0.010737214398004218 -0.02014609584910669 0.00064035611274739965 0.011647701477463437 -0.028704922408228906 -0.16287097460026675 0.0062510795254735437 0.035771289358051087 -0.18565236376791455 -0.098568159930959603 -0.027052947331126474 -0.23947252581520417 -0.0085062479441622221
leaf_weight=9497 93 352 48 244 433 82 113 117 303 106 74 45 672 162 84 65 706 468 2206 177 13838 507 64 88 197 97 461 134 125 1274 96 1501 297 35 2911 66929 2975 58 88 2225 117 63 100 462 56 66
leaf_count=9497 93 352 48 244 433 82 113 117 303 106 74 45 672 162 84 65 706 468 2206 177 13838 507 64 88 197 97 461 134 125 1274 96 1501 297 35 2911 66929 2975 58 88 2225 117 63 100 462 56 66
internal_value=-2.37053e-06 -0.0043455 -0.0130856 -0.00700688 -0.00151027 -0.076585 -0.127706 -0.0341553 -0.0388216 -0.0482545 -0.018849 -0.03499 -0.0494199 -0.0986509 0.00154574 -0.0704236 0.00383935 -0.00663645 0.00113827 -0.0417433 0.000991436 -0.0722533 -0.0610982 -0.0381445 -0.113275 -0.164156 -0.0307903 0.0175854 -0.000199461 -0.000898972 0.0236453 0.0205463 -0.00794933 -0.138892 0.00128011 -0.000225927 0.00797733 -0.00185417 -0.014275 -0.00815497 -0.0673385 -0.0329597 0.00172531 -0.0480411 -0.132699 -0.0953439
internal_weight=110811 25264 9579 7435 6215 243 161 2144 2051 1748 786 1220 976 304 5972 184 5788 3557 2912 645 15685 962 856 595 261 142 712 251 15333 15208 1370 2231 730 100 85547 69840 15707 6210 3235 2901 334 246 2325 576 114 129
internal_count=110811 25264 9579 7435 6215 243 161 2144 2051 1748 786 1220 976 304 5972 184 5788 3557 2912 645 15685 962 856 595 261 142 712 251 15333 15208 1370 2231 730 100 85547 69840 15707 6210 3235 2901 334 246 2325 576 114 129
is_linear=0
shrinkage=0.092745


Tree=136
num_leaves=47
num_cat=0
split_feature=34 73 2 85 35 76 21 11 28 100 95 83 40 12 6 30 0 74 95 26 91 15 38 81 97 57 45 44 58 90 4 0 69 7 11 48 100 0 45 95 60 88 28 9 60 9
split_gain=70.8238 137.1 125.612 111.511 148.556 119.15 111.415 116.176 111.708 110.111 108.104 107.308 120.396 101.371 156.221 111.494 140.92 215.282 124.217 110.494 110.247 107.122 106.56 125.063 146.232 105.615 104.163 111.049 139.045 103.989 127.774 123.747 119.01 103.72 131.926 108.805 99.472 99.4692 102.703 101.259 99.8429 95.8182 93.6823 97.0372 91.3459 91.2911
threshold=-0.030624284655908298 -0.030349321747385097 0.084071087403422659 0.021203491788150803 0.039620226032015558 0.012036814025592002 0.10525850206223876 -0.12536486058254201 -0.10240213885675449 1.0000000180025095e-35 -0.035739531752944045 0.054334103178824256 -0.08249452947094249 0.040477267627495005 0.014371613502429052 -0.061561987725256694 0.12774611331187888 0.0062830822043162008 0.019209191100270404 -0.097288285728082832 0.024943618986874003 -0.041011991029012838 0.0052567787542137012 -0.039788756960711644 -0.020863318071184297 0.018006494198584154 0.091395589169928418 -0.0060496582451898991 -0.0062737515608999993 -0.017115081787681796 -0.07606194171542259 0.16054677588233712 -0.0014935297590521 0.17465723710244555 0.0028725317434983503 -0.027602348005851447 -0.80189999999999995 0.29692304742960279 -0.096793232328418591 0.048266735293332259 0.060676219462956808 0.0085129232531970019 -0.00076368615081854989 0.07412651642884481 0.00059921075173215014 0.00157613886387135
decision_type=2 2 2 2 2 2 2 2 2 2 2 2 2 2 2 2 2 2 2 2 2 2 2 2 2 2 2 2 2 2 2 2 2 2 2 2 2 2 2 2 2 2 2 2 2 2
left_child=1 2 -1 37 5 11 7 -2 -9 -8 -7 12 -5 19 15 18 17 -17 20 29 -15 -18 44 24 -24 -25 33 28 -28 32 -31 -32 -10 35 -35 -21 -20 38 40 -40 -3 -13 43 -4 -16 -46
right_child=6 3 42 4 -6 10 9 8 13 -11 -12 41 -14 14 22 16 21 -19 36 26 -22 -23 23 25 -26 -27 27 -29 -30 30 31 -33 -34 34 -36 -37 -38 -39 39 -41 -42 -43 -44 -45 45 -47
leaf_value=0.013258051568418779 -0.026856609747258738 -0.029513523657962577 0.047817646855368753 -0.171064942298608 0.020571560694029614 -0.069215962457479713 0.045275459060545614 -0.025568008558860669 0.092959030362108661 -0.0010385958143435299 0.011577792523337922 -0.022300281142104441 -0.022912987579877316 0.015770848129225398 0.031258257343379593 -0.0156202956488903 -0.029671577420353031 -0.084369444086670214 0.078028881658281868 0.0089281695738993444 0.10302000323675436 -0.0054245233578134253 -0.21342081239559224 0.010156149110681113 -0.036206039282945919 -0.041062526737539462 0.049156716683830939 0.057138737509144742 -0.037586250977591239 0.090097351402165057 0.030434807340257976 -0.098254050794574027 -0.044331247837421789 -0.096113324872190237 -0.0042030010424331946 -0.00076891182072018642 -0.065955752680075475 0.040043801352981474 0.0068877598381493236 -0.025074856582938697 -0.19194911045840407 -0.15331634222367826 0.10631020396148097 -0.1022260270415454 0.019652768793611899 -0.022283058590478064
leaf_weight=3856 1547 172 299 48 1004 161 873 1589 98 892 1219 84 2147 710 1639 1043 2135 628 50 12316 151 5900 51 1345 185 466 288 587 354 44 78 358 121 214 361 51857 229 675 11890 918 40 113 226 42 1005 803
leaf_count=3856 1547 172 299 48 1004 161 873 1589 98 892 1219 84 2147 710 1639 1043 2135 628 50 12316 151 5900 51 1345 185 466 288 587 354 44 78 358 121 214 361 51857 229 675 11890 918 40 113 226 42 1005 803
internal_value=-2.64749e-06 0.00459197 0.0192584 0.00107902 -0.0111223 -0.0195628 -0.00119927 -0.00167202 -0.00121127 0.021865 0.0021296 -0.0320822 -0.0261808 -0.000744813 -0.00729159 -0.013746 -0.0169693 -0.041476 0.0136825 0.000859398 0.0311173 -0.0118698 0.00544805 -0.0113084 -0.0747718 -0.00302012 0.00124828 0.0279932 0.00130979 -0.0358127 -0.0599708 -0.0751956 0.0170834 0.000740299 -0.0384641 0.00109196 -0.0400498 0.00533525 0.00353396 0.0045953 -0.0604429 -0.0976339 0.0600137 0.0292272 0.0154029 0.00101939
internal_weight=110811 22894 4423 18471 4776 3772 87917 86152 84605 1765 1380 2392 2195 83016 16340 10846 9706 1671 1140 66676 861 8035 5494 2047 236 1811 65977 1229 642 699 480 436 219 64748 575 64173 279 13695 13020 12808 212 197 567 341 3447 1808
internal_count=110811 22894 4423 18471 4776 3772 87917 86152 84605 1765 1380 2392 2195 83016 16340 10846 9706 1671 1140 66676 861 8035 5494 2047 236 1811 65977 1229 642 699 480 436 219 64748 575 64173 279 13695 13020 12808 212 197 567 341 3447 1808
is_linear=0
shrinkage=0.092745


Tree=137
num_leaves=47
num_cat=0
split_feature=17 73 42 76 58 74 0 97 83 21 35 21 53 99 87 34 24 0 62 30 49 23 80 42 57 53 32 11 68 30 44 3 45 17 16 29 54 100 91 53 11 57 20 81 7 43
split_gain=73.8344 130.091 132.591 165.987 121.836 117.396 136.186 133.986 133.38 115.905 143.408 158.515 120.057 146.723 115.273 128.117 120.849 149.518 113.612 120.41 185.662 123.363 113.395 112.678 111.474 124.388 135.375 116.116 111.022 108.843 108.509 114.65 116.54 111.821 105.806 148.718 136.528 113.913 172.281 119.684 105.463 100.569 129.359 125.47 109.43 100.113
threshold=-0.035740407726694394 -0.053298034007447141 0.058087475172509707 -0.018189637894857748 0.045290724370942906 0.027673106704240204 0.14388803880757209 -0.058540159586355646 -0.050005939244223245 0.0087749483720950521 -0.026238462179418148 0.06234585811946361 -0.018762978599482696 0.018503306086033452 0.025117918028657003 -0.016789614470298145 0.042200811811707102 0.085859982816012717 0.048556166353620055 -0.043845375515456794 0.012068780287580051 0.0097768024029619028 -0.018254050672273998 -0.065670573331245194 0.026005391855702904 -0.039662628413111745 -0.017140572139781946 -0.042279608257036541 0.069663176405446572 -0.037839823114488795 0.012135898734070753 0.098637426988032517 0.086259655338297811 -0.033601883611443492 0.023504105537586653 0.081373923901935721 0.077219243408734053 -0.79039999999999988 0.054419718905942056 -0.08584434723634958 -0.053503364706735793 -0.021422469459467994 -0.019472660626117345 -0.0016797549502845998 -0.024839229708823747 0.12587857443913184
decision_type=2 2 2 2 2 2 2 2 2 2 2 2 2 2 2 2 2 2 2 2 2 2 2 2 2 2 2 2 2 2 2 2 2 2 2 2 2 2 2 2 2 2 2 2 2 2
left_child=1 -1 5 4 -4 7 9 -3 -9 12 11 -11 13 -7 23 28 30 -18 -19 -20 21 -21 -14 45 25 26 -8 -26 -16 -24 31 32 -17 -32 37 36 -36 38 -10 -39 -37 -5 -43 44 -44 -2
right_child=14 2 3 41 -6 6 24 8 34 10 -12 -13 22 -15 15 16 17 18 19 20 -22 -23 29 -25 27 -27 -28 -29 -30 -31 33 -33 -34 -35 35 40 -38 39 -40 -41 -42 42 43 -45 -46 -47
leaf_value=0.023637389873106124 0.020034357916557118 0.048181301153503192 0.047440933135970538 -0.013171251057495458 -0.096511091948368363 0.051371010955311783 -0.041248405013999387 0.037311514810791556 -0.032981739367768485 -0.19516966780466766 0.028683343127715904 0.040933939813563865 -0.21097103767982989 -0.14476030498744605 0.0033362326651888608 -0.020052065444610294 -0.16907374373356576 -0.018478792552048776 -0.19770595344524802 -0.058549657149275881 -0.15663390845828326 0.13193877628872436 -0.21416133021034667 0.001927279163765032 0.08322244896895209 -0.031221201461675716 0.072308176852268369 -0.00039464248345596716 0.07379787242513805 -0.056407429997354604 0.12416707336200847 0.022073486759459235 0.088563806359590033 0.0042647708589736511 0.010454039604045917 -0.16478431932231671 0.13128161025451082 -0.13912367831848632 0.085685845761164045 -0.0033849446612774273 -0.027299959612533984 -0.023644419828016554 -0.15053766651187975 -0.17711603102497661 0.0029351314497648626 -0.085206742147748843
leaf_weight=1293 3921 456 251 250 63 102 149 679 2279 62 238 40 76 48 5552 5432 65 1862 61 66 81 52 45 67743 189 1779 228 581 199 228 68 677 86 3339 3642 59 82 56 110 7771 255 189 69 165 94 79
leaf_count=1293 3921 456 251 250 63 102 149 679 2279 62 238 40 76 48 5552 5432 65 1862 61 66 81 52 45 67743 189 1779 228 581 199 228 68 677 86 3339 3642 59 82 56 110 7771 255 189 69 165 94 79
internal_value=-2.65152e-06 -0.00487815 -0.00670125 -0.0383007 0.018454 -0.0049166 -0.0195957 -0.00132411 -0.00283763 -0.0525337 -0.0107118 -0.102591 -0.0809798 -0.011456 0.00117279 -0.00556665 -0.0111032 -0.0307792 -0.0265144 -0.083926 -0.048747 0.0253949 -0.110788 0.00282068 -0.0101422 -0.020963 0.0273943 0.0201351 0.00578031 -0.0826573 -0.00661947 -0.0139315 -0.0183523 0.0066721 -0.00475183 0.00795558 0.0131281 -0.00977601 -0.0275025 -0.0043629 -0.0533026 -0.0615513 -0.0848994 -0.120103 -0.0620979 0.0179465
internal_weight=110811 21528 20235 1081 314 19154 3765 15389 14933 839 340 102 499 150 89283 17540 11789 2187 2122 260 199 118 349 71743 2926 2156 377 770 5751 273 9602 6195 5518 3407 14254 4038 3724 10216 2389 7827 314 767 517 328 163 4000
internal_count=110811 21528 20235 1081 314 19154 3765 15389 14933 839 340 102 499 150 89283 17540 11789 2187 2122 260 199 118 349 71743 2926 2156 377 770 5751 273 9602 6195 5518 3407 14254 4038 3724 10216 2389 7827 314 767 517 328 163 4000
is_linear=0
shrinkage=0.092745


Tree=138
num_leaves=47
num_cat=0
split_feature=49 13 69 6 8 93 63 36 14 64 87 100 26 70 47 89 13 81 78 100 55 74 2 21 80 99 83 91 29 44 73 17 74 24 82 40 69 84 50 61 56 68 68 88 56 29
split_gain=71.504 104.397 109.868 95.1645 139.081 150.081 91.4397 111.402 89.5465 89.4661 99.03 88.4592 140.4 101.915 90.8242 87.5475 148.534 135.37 123.859 180.102 141.31 127.627 150.359 157.768 159.247 139.29 129.527 125.291 161.069 121.645 118.987 114.497 150.413 156.179 116.496 112.077 147.094 120.452 109.824 117.746 114.269 164.184 109.433 107.462 117.541 115.919
threshold=-0.056901037139659848 -0.047388159446140693 -0.012922822883394547 0.16028091844503176 -0.03452606290491584 0.083624569942193874 -0.035282335266484291 0.059243823907463009 -0.053006442792844992 -0.050111768052211896 0.057422572366731602 -0.050699999999999988 -0.035651581603866243 0.027225866332247904 -0.06247112366011124 0.0014714837640885001 -0.0076786144756713992 -0.043209924696423797 -0.021902049129132049 0.20145000000000005 -0.020400139946561546 -0.0068490587641396499 0.020959085645604152 -0.012107012250075648 0.053698555173768002 0.052790292448192958 0.051690059600427059 0.0053617271240428508 -0.024918246045504699 -0.0071702346610751999 -0.0039203236675253985 -0.035740407726694394 0.029842195334475501 0.040753127502359605 -0.027520001575604847 -0.035383198099642243 0.023512430994803702 0.048267916763118757 -0.011195840407597298 -0.043413377799641197 0.013011451249357252 0.043110938479349208 -0.083059174391951637 -0.063416335077709149 -0.029270012924762796 -0.017114565451905348
decision_type=2 2 2 2 2 2 2 2 2 2 2 2 2 2 2 2 2 2 2 2 2 2 2 2 2 2 2 2 2 2 2 2 2 2 2 2 2 2 2 2 2 2 2 2 2 2
left_child=1 2 6 4 8 -6 -1 -8 -3 -10 -11 12 -4 -14 -13 16 17 43 19 20 -17 -20 35 24 25 26 -24 28 -26 -29 -22 32 33 -19 -34 36 37 -23 39 -25 -40 -42 -18 -2 -45 -46
right_child=15 3 11 -5 5 -7 7 -9 9 10 -12 14 13 -15 -16 18 42 31 21 -21 30 22 23 38 27 -27 -28 29 -30 -31 -32 -33 34 -35 -36 -37 -38 -39 40 -41 41 -43 -44 44 45 -47
leaf_value=0.067659898244984959 0.054093573119947717 0.019585094480416666 0.15382523483586089 0.05253685725327932 -0.0078422104977967678 -0.18775606869309414 -0.051548093072548061 0.090355760989362516 0.020910072796036131 -0.075550337658376154 0.050650233097921465 -0.11023122904930976 0.0083752060297723925 0.12372933905553775 0.016016375621825868 0.0026224988614363064 -0.037705330374921991 -0.002953517521548875 0.0074100776293832618 -0.00028299937259041645 0.049806959716002762 -0.019636661204081814 -0.013577704489594587 -0.074753929560485488 -0.23300579069059932 -0.12295502518472377 -0.09981217422521961 -0.040982735351363202 -0.021680453101999272 -0.2505277155790856 0.017865753832591438 -0.0015718652657814808 0.030072425281675731 -0.05171574568083126 -0.069717049235942005 0.00623984129090965 0.029063478991611796 -0.10198927565384003 0.0020724255583879927 0.022686793419307464 -0.049891496544075271 0.052316535619181564 0.0029017017237684354 -0.079349051713937205 0.0084443548104572563 -0.044644529943882003
leaf_weight=85 121 152 103 172 4072 40 442 53 112 798 57 54 317 83 504 1965 581 3573 15153 5440 1904 1900 2830 114 36 113 158 38 216 65 2125 16195 118 671 671 11122 516 166 1631 1592 998 156 31703 418 585 893
leaf_count=85 121 152 103 172 4072 40 442 53 112 798 57 54 317 83 504 1965 581 3573 15153 5440 1904 1900 2830 114 36 113 158 38 216 65 2125 16195 118 671 671 11122 516 166 1631 1592 998 156 31703 418 585 893
internal_value=-2.73789e-06 -0.00904508 0.0114362 -0.0152684 -0.0175033 -0.00960858 -0.0210011 -0.0362835 -0.046492 -0.0568953 -0.0671069 0.0291818 0.0573778 0.0324164 0.00372431 0.000610973 -0.00189969 -0.00755269 0.0035014 0.0119329 0.0230216 0.000881505 -0.00368709 -0.0138364 -0.0287324 -0.0219857 -0.0181513 -0.0875625 -0.0521534 -0.173679 0.0329662 -0.00537004 -0.0175882 -0.0106693 -0.0547701 0.00219771 -0.0152073 -0.0262734 -0.00236927 0.0161561 -0.0137227 -0.0360535 0.00217017 -0.0305133 -0.0359273 -0.0236249
internal_weight=110811 7044 1641 5403 5231 4112 580 495 1119 967 855 1061 503 400 558 103767 55529 23245 48238 11434 5994 36804 21651 7947 3456 3101 2988 355 252 103 4029 21228 5033 4244 789 13704 2582 2066 4491 1706 2785 1154 32284 2017 1896 1478
internal_count=110811 7044 1641 5403 5231 4112 580 495 1119 967 855 1061 503 400 558 103767 55529 23245 48238 11434 5994 36804 21651 7947 3456 3101 2988 355 252 103 4029 21228 5033 4244 789 13704 2582 2066 4491 1706 2785 1154 32284 2017 1896 1478
is_linear=0
shrinkage=0.092745


Tree=139
num_leaves=47
num_cat=0
split_feature=71 46 70 49 23 44 34 13 56 81 3 31 43 7 18 51 93 62 90 14 21 43 100 0 25 98 92 64 93 30 96 62 77 10 81 8 3 43 18 38 9 55 12 15 99 39
split_gain=70.3913 102.966 135.236 130.595 127.498 123.347 109.511 109.359 115.992 104.174 101.226 209.456 166.673 133.205 116.804 146.67 177.332 184.136 143.944 142.502 151.373 149.385 177.801 134.424 173.449 181.427 210.109 135.333 133.716 133.212 132.859 131.595 129.26 157.569 126.585 146.774 126.407 180.759 125.124 150.89 124.512 123.315 121.319 119.914 144.295 174.31
threshold=0.019827738354579454 -0.021033378492529699 0.052185658763850756 0.03942918298671861 -0.043013694295692795 -0.044521201123905237 0.076514654030738816 -0.073464582977839324 0.044890429621868504 0.044495133598069357 0.044148753684022261 -0.034711537309186843 -0.011165706739357848 0.12380481323308747 -0.023558841322455847 0.0044596347225680007 -0.004748692501464799 0.011924997730069551 0.0020272237610329505 -0.03953021895365124 -0.11763871127020718 -0.018373338948246897 -0.84004999999999985 0.070343430994422321 -0.0010563349661799498 0.0082513361018171517 -0.011007624879057197 0.014313373976793253 -0.065198180274446141 0.045759731514161454 0.068957209405027864 -0.0019511776190108997 0.032654972322854463 -0.029406171174815848 0.017494972378120605 -0.0015772865484330997 -0.027716833595366197 0.029420774004810153 -0.019599416467858996 0.011187198551019852 0.0055953255415349011 0.0031533405088191506 0.0014052942210296003 -0.037504484479936144 -0.0064384535637459989 -0.040642217196164392
decision_type=2 2 2 2 2 2 2 2 2 2 2 2 2 2 2 2 2 2 2 2 2 2 2 2 2 2 2 2 2 2 2 2 2 2 2 2 2 2 2 2 2 2 2 2 2 2
left_child=10 3 6 4 -2 7 -3 -6 -9 -8 14 -12 13 -13 19 16 18 -18 -16 21 40 22 -1 24 25 34 -27 -26 -22 38 32 -29 -20 -34 35 -17 37 -25 -19 -40 -21 -31 -33 44 -30 -46
right_child=1 2 -4 -5 5 -7 9 8 -10 -11 11 12 -14 -15 15 23 17 29 30 20 28 -23 -24 36 27 26 -28 31 43 41 -32 42 33 -35 -36 -37 -38 -39 39 -41 -42 -43 -44 -45 45 -47
leaf_value=0.09967023747935215 -0.045299138721023632 -0.0017396958390418391 0.020931920996226018 0.014530943217317864 -0.10400252188666037 -0.017911252741746288 -0.058240127290056398 0.01383522727742126 0.11564662459446513 0.053065080509415816 -0.011489555342854684 0.0022466633566260736 0.018437109749426788 -0.070298790816908013 0.0028358019104931772 0.028399896226051088 0.01700748377265986 -0.067470668876863996 -0.023859279175234331 -0.093779130116523682 0.061693577795371407 0.0062496083949613252 0.026086486008092442 -0.0098359712651081392 -0.040358716729999425 -0.37706526525635597 -0.10477113547725812 0.19212494427465909 0.010598528534275054 -0.0052358591307872229 -0.1180353700610952 -0.12231928149520589 -0.049151520701889828 0.04840659547770166 0.11261644022210386 -0.1397606425263101 -0.001299025995662605 -0.046435136863931255 0.015597308490210711 -0.022334042296862724 0.060548318740370984 -0.090889986871664344 0.090048361228126289 0.0050924990491092751 0.018151500022828244 -0.051764410577228574
leaf_weight=347 1185 16155 2273 1291 59 4975 507 813 109 84 4330 6474 10774 225 5173 70 8418 224 3806 240 317 2949 1521 6026 379 36 76 47 1006 295 115 39 201 486 35 122 11166 1438 2861 1317 55 284 56 10829 410 1213
leaf_count=347 1185 16155 2273 1291 59 4975 507 813 109 84 4330 6474 10774 225 5173 70 8418 224 3806 240 317 2949 1521 6026 379 36 76 47 1006 295 115 39 201 486 35 122 11166 1438 2861 1317 55 284 56 10829 410 1213
internal_value=-2.68953e-06 -0.0040762 -0.000293342 -0.0126068 -0.0175152 -0.0119832 -0.00317545 0.0180627 0.0259184 -0.042379 0.00133859 0.00676908 0.0112947 -0.000190783 -0.000584648 -0.00327267 0.0017128 0.00864401 -0.00778084 0.00548744 0.000772622 0.0192553 0.0397759 -0.00920267 -0.0450491 -0.0966601 -0.193152 -0.0114065 0.00218197 -0.00548788 -0.0197016 0.0656972 -0.0171744 0.019835 -0.048809 -0.07843 -0.00754653 -0.0168904 1.09175e-05 0.00363651 -0.0649293 -0.0472969 0.00261738 0.0007779 -0.0169876 -0.0340939
internal_weight=110811 27451 19019 8432 7141 5956 16746 981 922 591 83360 21803 17473 6699 61557 42670 23180 13399 9781 18887 14070 4817 1868 19490 860 339 112 521 13775 4981 4608 142 4493 687 227 192 18630 7464 4402 4178 295 579 95 13458 2629 1623
internal_count=110811 27451 19019 8432 7141 5956 16746 981 922 591 83360 21803 17473 6699 61557 42670 23180 13399 9781 18887 14070 4817 1868 19490 860 339 112 521 13775 4981 4608 142 4493 687 227 192 18630 7464 4402 4178 295 579 95 13458 2629 1623
is_linear=0
shrinkage=0.092745


Tree=140
num_leaves=47
num_cat=0
split_feature=44 96 81 77 41 59 71 39 62 77 1 72 15 30 94 6 0 100 0 36 36 48 49 6 74 33 54 84 26 25 88 39 86 33 98 3 84 67 58 34 38 42 100 27 0 22
split_gain=69.2621 110.208 105.464 104.521 101.805 145.111 110.852 97.0928 105.402 138.787 95.1609 89.1584 89.1943 100.769 77.0628 112.615 130.817 149.84 212.385 134.145 106.988 124.565 104.175 109.635 114.388 122.877 103.945 101.599 96.5881 94.2928 124.85 108.237 106.11 93.8085 93.4374 110.998 91.6552 88.2176 88.0355 87.9196 87.663 111.783 102.197 193.793 181.197 183.231
threshold=-0.10136760280698254 0.034387186469367802 0.0059712702688469012 -0.0014194727605939999 0.044602555156525905 -0.031463632518610347 -0.022522023934608996 -0.0022698171109094994 0.025427165222171953 -0.024513555984023699 -0.096969110531026886 0.035504086586143811 -0.042579438457429744 0.0114744947833671 0.035292286472220803 -0.089832713555007035 0.2114419233122847 -0.62474999999999992 0.12319149359429866 0.015945314192626254 0.0092914280053313023 0.030606609466007854 -0.040834656168510695 -0.054277659398526891 0.0094983931890611512 -0.016634786145883245 0.089024263747114266 -0.013819484673708299 0.11838855171119995 0.047242562460557004 0.032180756753223051 0.034559714672562157 0.018265994461257554 -0.083952524979171592 -0.035276534750852996 -0.10152016796101658 0.052027266410102004 -0.0099507752442682482 -0.021244732170145147 0.016095706479279551 0.050403671636750004 -0.092963536600902744 -0.47729999999999995 -0.023401732639413798 0.08861108222700996 -0.023931047405446496
decision_type=2 2 2 2 2 2 2 2 2 2 2 2 2 2 2 2 2 2 2 2 2 2 2 2 2 2 2 2 2 2 2 2 2 2 2 2 2 2 2 2 2 2 2 2 2 2
left_child=1 3 -3 4 5 -1 -6 10 9 -9 -7 -5 -13 -14 40 34 17 18 19 20 21 -17 23 -19 -25 -26 33 -21 -18 30 39 -31 -32 -20 38 37 -35 -36 -16 -24 41 -2 43 44 45 -43
right_child=14 2 -4 11 6 7 -8 8 -10 -11 -12 12 13 -15 15 16 28 22 26 27 -22 -23 29 24 25 -27 -28 -29 -30 31 32 -33 -34 36 35 -37 -38 -39 -40 -41 -42 42 -44 -45 -46 -47
leaf_value=0.10467330242378911 0.026069934558892612 -0.027674584089086383 -0.16722169045618837 0.041125042137765563 -0.21937621447508759 -0.10310378546566637 -0.045530815330539605 -0.17282134857149811 -0.23108714257366053 0.042753703119346266 0.039594409151056269 -0.1523657704011388 0.065943388355520577 -0.11121553938618253 -0.17854256934914925 -0.079030175370998407 0.021164894097438096 0.064652027018488614 -0.11858971072862295 -0.035620190936219931 0.094300356652265355 0.087630785013219387 0.027377362190311338 -0.006880226566448067 -0.16934090164407789 -0.031533049094698132 0.12444594585513323 -0.17993074806186954 0.13759973997396688 0.077603533887706577 -0.038763991177907797 -0.013504562791019602 0.042929909188851333 0.0029097484372237292 -0.2143207580336064 0.00013629724453498985 -0.090035880953535138 -0.029737060656514314 -0.03780738629679984 -0.0044177105472240474 -0.0090177153219137343 -0.15544518115100212 -0.0025633750514891646 0.0094092671232238346 -0.0037031199683577078 -0.024921152376763688
leaf_weight=71 1420 112 80 406 49 55 89 45 38 59 147 44 76 43 56 259 4041 110 61 64 48 45 2671 430 94 137 54 124 62 396 647 156 173 1746 38 918 96 54 121 1038 9737 133 54519 20145 9600 304
leaf_count=71 1420 112 80 406 49 55 89 45 38 59 147 44 76 43 56 259 4041 110 61 64 48 45 2671 430 94 137 54 124 62 396 647 156 173 1746 38 918 96 54 121 1038 9737 133 54519 20145 9600 304
internal_value=-2.59287e-06 -0.0211669 -0.0860521 -0.0100324 -0.0387442 -0.015729 -0.107683 -0.0406853 -0.09937 -0.0506109 0.000582815 0.0178536 -0.0399979 0.00170063 0.000251316 0.00677414 0.00937697 0.00271084 -0.0163067 -0.0677832 -0.0338996 -0.0542561 0.0108282 -0.0209253 -0.035209 -0.0878095 -0.00208782 -0.131005 0.0229371 0.0156501 0.0112336 0.0518372 -0.021503 -0.00570367 -0.0205146 -0.0095958 -0.00194012 -0.106553 -0.0826265 0.0184759 -0.000676648 0.000266276 -0.000166243 0.00416333 -0.00636427 -0.0647526
internal_weight=110811 1314 192 1122 553 415 138 344 142 104 202 569 163 119 109497 13639 12452 8349 2497 540 352 304 5852 771 661 231 1957 188 4103 5081 4529 552 820 1903 1187 1010 1842 92 177 3709 95858 86121 84701 30182 10037 437
internal_count=110811 1314 192 1122 553 415 138 344 142 104 202 569 163 119 109497 13639 12452 8349 2497 540 352 304 5852 771 661 231 1957 188 4103 5081 4529 552 820 1903 1187 1010 1842 92 177 3709 95858 86121 84701 30182 10037 437
is_linear=0
shrinkage=0.092745


Tree=141
num_leaves=47
num_cat=0
split_feature=77 68 80 19 9 35 56 41 62 1 99 8 76 34 74 44 54 83 62 87 90 45 95 0 17 100 85 78 51 5 62 66 63 59 73 99 41 41 26 31 79 38 43 51 88 51
split_gain=68.3942 114.49 106.432 146.164 149.626 144.47 112.214 129.366 111.893 107.532 105.82 139.966 131.312 105.209 97.8325 165.386 143.259 133.757 129.289 153.953 121.831 118.375 111.777 175.6 196.101 178.517 166.269 156.68 180.619 163.432 144.589 125.798 138.811 129.939 126.716 113.2 109.523 116.992 108.404 102.413 110.897 101.432 104.753 102.62 99.8912 122.018
threshold=0.018431960933817403 -0.048831289338128893 0.026656545497019155 -0.010153645340077299 0.0027172724448009506 0.016652117569902602 -0.010912388497004998 -0.015631569529799095 0.05058794189166866 0.1228346226945554 -0.036177866841651141 -0.048285262152806943 0.027727356175673051 0.051907964861713458 -0.021993177244679998 0.045441858301310555 -0.027927297686550896 0.081006055472539459 0.018807177654477706 -0.021399066398850846 -0.022993411613145446 -0.11965003747189558 -0.0091381651945725475 0.14968076021095703 -0.010458810111115149 -0.59889999999999988 0.05053365468200631 0.0070120352683542006 0.02696884228286615 0.039133198498165059 0.029513334410516803 0.046782659370972458 0.08385387183681571 -0.061621607082252394 0.0064943558575848012 -0.085746850693032242 0.013332039833292253 0.014870637080630153 0.0020635675598760003 -0.065774105952506684 -0.052219148665375088 0.041313068989842404 0.11123648785809491 0.098454291130128713 0.015061766236744102 0.015943771646351353
decision_type=2 2 2 2 2 2 2 2 2 2 2 2 2 2 2 2 2 2 2 2 2 2 2 2 2 2 2 2 2 2 2 2 2 2 2 2 2 2 2 2 2 2 2 2 2 2
left_child=1 2 3 4 -1 6 7 -6 13 -10 11 12 -2 -4 15 16 18 -18 -3 -20 21 -16 31 24 25 26 -24 28 -26 -29 -27 32 33 -22 -34 -35 -17 -38 -19 -33 -41 42 43 -23 45 -43
right_child=10 14 8 -5 5 -7 -8 -9 9 -11 -12 -13 -14 -15 20 36 17 38 19 -21 22 41 23 -25 27 30 -28 29 -30 -31 -32 39 34 35 -36 -37 37 -39 -40 40 -42 44 -44 -45 -46 -47
leaf_value=0.034117390767688834 0.039296134313730587 -0.00045672353075242261 -0.014410772992497061 -0.019562881672973882 0.0042942113487229412 0.027372255190881878 -0.01472500033995627 -0.15214734237697181 -0.17120248222661774 -0.011395593100663483 -0.0018076894913891764 -0.028624975760484467 -0.055436509700277185 -0.10029205726752871 -0.14268946091978627 0.017258390263925821 0.011096970103040924 0.0067037870288059326 -0.10549866231410092 -0.018745931053517219 0.045291666791687377 0.012707906380091005 -0.04922922764983536 0.0012785707742844544 0.014002822425185713 -0.023377184295089958 -0.22105094246922249 -0.035416745516330013 -0.035450638969636614 0.024544423438971036 0.033888795753632378 -0.066960103693225095 -0.18507156492147472 0.12867024546728315 0.0022267599817995458 0.00027235889800487385 0.21864116020469118 0.053776946878078991 -0.15253908723273751 0.088888161456604442 0.022933319424346035 0.02131197990638984 0.1656366048262139 -0.09187635166444641 -0.052680582928462331 -0.039178616729999845
leaf_weight=1267 548 2300 1097 2560 69 452 438 132 92 60 25996 2737 163 138 44 1238 11691 69 240 660 584 10747 1385 15140 3967 3245 50 1897 756 492 429 90 65 59 59 15776 39 676 78 267 1230 837 38 81 397 436
leaf_count=1267 548 2300 1097 2560 69 452 438 132 92 60 25996 2737 163 138 44 1238 11691 69 240 660 584 10747 1385 15140 3967 3245 50 1897 756 492 429 90 65 59 59 15776 39 676 78 267 1230 837 38 81 397 436
internal_value=-2.8594e-06 0.00138308 -0.01062 -0.00421681 0.0124385 -0.0127276 -0.0411133 -0.0984458 -0.033309 -0.10835 -0.00383328 -0.0190997 0.0175455 -0.0240392 0.00239153 0.00858154 0.00528263 0.00998968 -0.0121256 -0.0419213 0.00058012 0.00865833 -0.00165356 -0.00539603 -0.0136658 -0.027527 -0.0552683 -0.00370581 0.00608236 -0.0230609 -0.0166846 0.00399367 0.00159975 0.00233967 -0.0960436 0.000753932 0.0339715 0.0628723 -0.0778317 0.0289346 0.0347206 0.00919387 0.012465 0.0119219 -0.0120806 0.000579214
internal_weight=110811 81367 6305 4918 2358 1091 639 201 1387 152 29444 3448 711 1235 75062 16991 15038 11838 3200 900 58071 12580 45491 27361 12221 5109 1435 7112 4723 2389 3674 18130 16543 16419 124 15835 1953 715 147 1587 1497 12536 10866 10828 1670 1273
internal_count=110811 81367 6305 4918 2358 1091 639 201 1387 152 29444 3448 711 1235 75062 16991 15038 11838 3200 900 58071 12580 45491 27361 12221 5109 1435 7112 4723 2389 3674 18130 16543 16419 124 15835 1953 715 147 1587 1497 12536 10866 10828 1670 1273
is_linear=0
shrinkage=0.092745


Tree=142
num_leaves=47
num_cat=0
split_feature=25 0 98 62 56 95 46 97 16 54 3 69 61 99 9 44 47 66 91 68 52 11 21 75 81 64 6 92 12 29 85 75 2 63 3 39 81 80 94 86 90 99 3 36 93 97
split_gain=66.8371 117.058 120.945 141.513 116.979 111.079 93.9009 106.561 109.924 92.7176 107.807 89.6877 102.321 98.6952 98.4355 116.876 121.789 119.264 114.445 106.523 111.838 124.578 105.827 135.74 117.47 116.03 111.346 110.741 125.592 133.298 130.314 114.794 111.725 103.793 102.98 106.256 102.604 110.981 100.197 100.107 100.039 120.146 106.544 103.215 114.034 99.5555
threshold=-0.061716402903786195 0.31196271087278066 -0.030051553427074197 -0.015607858235017149 0.026491215860820354 -0.079989604114505286 -0.05745090795004399 0.0086289186400928513 0.014921021196322952 -0.019111799717605696 -0.018201141239484946 -0.044020783633697998 -0.11794619749614474 0.015666414215839902 0.035488849536434205 -0.10136760280698254 -0.016210816248566896 -0.040098973273053895 -0.061593462098150344 0.062529151227643312 0.0031821824465601005 -0.034684865799351546 -0.050257557827609343 -0.020845772558835546 0.0050547313128077006 -0.00060725627820059985 -0.092175948909666974 -0.0059895224427249493 0.077798935134485964 0.065050304183436256 -0.041420225784614441 0.012104446197868301 -0.024304314171357647 0.043845233204589357 0.023261611600508502 0.055353824645254311 0.032478883093551257 -0.014646224574062248 -0.00026850224072874992 -0.068014696743662839 0.011252516320938601 0.037940180271829056 -0.081080349147271691 0.014793322235111801 0.0014803526428690003 -0.025765499856346446
decision_type=2 2 2 2 2 2 2 2 2 2 2 2 2 2 2 2 2 2 2 2 2 2 2 2 2 2 2 2 2 2 2 2 2 2 2 2 2 2 2 2 2 2 2 2 2 2
left_child=1 2 3 -1 9 -4 7 -7 -9 10 -5 12 13 -2 15 34 17 33 -16 -18 -21 -22 23 24 -20 -25 -27 28 30 -30 32 -32 -24 39 35 -13 37 -35 -28 -17 41 42 -29 -42 -45 -26
right_child=11 -3 5 4 -6 6 -8 8 -10 -11 -12 14 -14 -15 18 16 19 -19 22 20 21 -23 27 25 45 26 38 40 29 -31 31 -33 -34 36 -36 -37 -38 -39 -40 -41 43 -43 -44 44 -46 -47
leaf_value=0.004946228021576138 -0.020916209458744648 0.049563493757174705 -0.13358891684107319 -0.12007120812062835 0.0097915943057733049 0.069735544831208279 -0.0073276536208682613 0.049149129056787692 -0.079192892871444667 -0.097013630102108228 0.024834699932083069 -0.038574916811651455 -0.0084001866662426466 0.16392863085960108 0.031774012222725134 -0.15726534255864918 0.00016082242321453129 0.011608522806538355 0.054124990488501085 0.0031037979575190169 0.11920788171114519 0.028847376611519936 -0.0048140031276629946 -0.015044991383853821 0.092112252722521423 0.024783860584062897 -0.12104315078718607 -0.026299440357548616 -0.067475791646885441 0.064916173630837806 -0.012661038959932322 0.013293126313616312 -0.073957188607834762 0.010825387220147802 0.047347079700482207 -0.19458188471444515 0.023987082974633499 -0.12748215472925742 -0.043115681083851304 0.00023045429513097925 -0.021774824650061801 0.042679276456153471 0.0097242819618848335 0.042931291068549697 -0.013815043019977031 -0.073199640359949261
leaf_weight=474 43 290 57 65 174 301 5673 116 113 489 136 572 10397 58 740 35 46772 19954 283 856 182 472 364 701 39 93 303 813 545 74 4246 2238 450 69 113 40 96 178 269 2135 2227 824 5358 553 677 154
leaf_count=474 43 290 57 65 174 301 5673 116 113 489 136 572 10397 58 740 35 46772 19954 283 856 182 472 364 701 39 93 303 813 545 74 4246 2238 450 69 113 40 96 178 269 2135 2227 824 5358 553 677 154
internal_value=-2.81189e-06 -0.00823052 -0.01044 -0.0357487 -0.0580844 -0.00502698 -0.00383732 0.0334805 -0.0141415 -0.0752177 -0.0220615 0.000627647 -0.0074955 0.0852604 0.00155047 0.00318928 0.00356917 0.00921018 -0.00403961 0.000943923 0.0251867 0.0540555 -0.00535198 -0.0265442 0.0160783 -0.0414068 -0.0691569 -0.00322575 -0.0115 -0.051604 -0.00809474 -0.00370047 -0.0430674 -0.00982712 -0.0338501 -0.0488797 -0.0572156 -0.0888226 -0.0844591 -0.00232386 0.00304054 0.00942012 0.00497512 -0.00986387 0.0116907 -0.0396373
internal_weight=110811 7888 7598 1338 864 6260 6203 530 229 690 201 102923 10498 101 92425 71474 70749 22467 20951 48282 1510 654 20211 1842 476 1366 665 18369 7917 619 7298 6484 814 2513 725 612 343 247 572 2170 10452 6995 6171 3457 1230 193
internal_count=110811 7888 7598 1338 864 6260 6203 530 229 690 201 102923 10498 101 92425 71474 70749 22467 20951 48282 1510 654 20211 1842 476 1366 665 18369 7917 619 7298 6484 814 2513 725 612 343 247 572 2170 10452 6995 6171 3457 1230 193
is_linear=0
shrinkage=0.092745


Tree=143
num_leaves=47
num_cat=0
split_feature=11 13 49 12 26 23 24 22 67 95 58 25 22 74 62 0 95 85 4 12 87 90 93 84 2 44 43 89 51 30 24 6 4 79 32 21 4 26 56 53 23 10 60 76 94 6
split_gain=66.187 69.387 94.9896 95.0555 77.2687 126.997 122.026 119.419 117.848 107.832 116.779 105.641 121.989 137.869 134.262 115.126 113.663 104.227 136.995 111.713 106.008 103.498 120.833 111.725 103.042 136.998 120.759 102.363 100.478 98.6339 96.3988 108.769 119.748 102.547 101.225 132.05 160.4 114.017 93.889 139.878 127.455 102.31 93.4121 90.7193 127.835 97.1251
threshold=0.11045235322052467 0.1460856899505418 0.0036669453785673004 -0.093104759099434345 0.047611767690624356 -0.055011946169554495 0.14512608310463124 0.023914298583036151 -0.039860613549462888 0.0029332573742536501 -0.011235655889032697 -0.061716402903786195 0.10932420719646672 -0.030955964980695697 -0.049656112597354439 0.25106636121271825 -0.048295416010376895 0.027652207737483805 0.026688367237409503 -0.093104759099434345 -0.00027890906185874993 -0.040825003097443739 0.062043593909732804 0.021399598420842304 -0.036110331403089592 -0.018292707983263646 0.0047011665413894512 -0.067691151900437743 0.076918675286190216 -0.074440705397787785 -0.012270081549489598 0.093262153311016574 0.015563275592869501 0.030075656026186701 -0.060542905291380893 -0.071252759403181584 -0.1080074724188488 0.087825285292540814 -0.0035730839402636498 -0.010449893210226898 -0.084099411636351637 -0.0088673588033377475 0.029762319508049705 -0.024347607235120746 -0.012401640521758748 -0.062462079758928792
decision_type=2 2 2 2 2 2 2 2 2 2 2 2 2 2 2 2 2 2 2 2 2 2 2 2 2 2 2 2 2 2 2 2 2 2 2 2 2 2 2 2 2 2 2 2 2 2
left_child=1 4 3 -3 5 7 11 8 28 -8 -11 12 13 14 -7 -14 -15 20 19 -19 -10 22 29 -24 26 -26 -23 -22 -1 -13 33 32 34 -6 42 36 -36 -37 -9 40 -40 -42 -32 44 -34 -45
right_child=-2 2 -4 -5 30 6 9 38 17 10 -12 21 15 16 -16 -17 -18 18 -20 -21 27 24 23 -25 25 -27 -28 -29 -30 -31 31 -33 43 -35 35 37 -38 -39 39 -41 41 -43 -44 45 -46 -47
leaf_value=-0.060453336172235084 0.016072084392110334 -0.14499252808170271 0.062045341743470539 0.010959253124440654 0.0019343925964117688 0.058885295797673723 -0.12667422032822642 0.018518655741063449 0.0085198783491877775 -0.11453402634131771 0.060861081466738978 0.05952679828707768 -0.13671701653676929 -0.067976969758386907 -0.061653388615416256 0.051398105505434603 0.00039163114701576884 -0.22295892750486374 0.001664967119185249 -0.058912869566277191 -0.16682390734560784 -0.0012369295570855672 -0.0098111591177620361 -0.13332958578045778 -0.0096153952292281561 0.00051873159430354467 0.01349228331806762 -0.019243952175630689 0.097475664027422748 0.010958286109416536 0.00099514933429277106 0.053437582357495413 0.089500813175631175 -0.036394076490713134 -0.19026235349758425 0.022251169140121287 -0.0039092994969213909 0.064725377160077799 -0.0028774014504201108 0.0068924646571441994 -0.14482316804990697 -0.035678947042790357 -0.088334642683215198 -0.049337761998521308 -0.011136932643664202 -0.0018486925683234509
leaf_weight=757 2160 36 362 457 3709 90 123 1569 1813 53 84 380 122 222 661 36 3537 38 381 558 41 10574 215 89 16186 39407 8747 2026 36 6694 675 532 176 716 43 2787 486 676 254 1010 154 143 118 585 282 1011
leaf_count=757 2160 36 362 457 3709 90 123 1569 1813 53 84 380 122 222 661 36 3537 38 381 558 41 10574 215 89 16186 39407 8747 2026 36 6694 675 532 176 716 43 2787 486 676 254 1010 154 143 118 585 282 1011
internal_value=-2.61629e-06 -0.000322351 0.0259896 -0.000478362 -0.000531243 -0.00140177 -0.000331332 -0.0120336 -0.0200841 -0.0637392 -0.00699017 -0.000141385 -0.0137136 -0.0109007 -0.047173 -0.0937537 -0.00364732 -0.0146661 -0.0417396 -0.0694968 -0.00784277 0.000628374 0.0111089 -0.0461088 -0.000403673 -0.00243163 0.00543067 -0.0222005 -0.0532341 0.0135715 0.00655214 0.0130485 0.00990258 -0.00426632 0.0179438 0.0239569 -0.0191773 0.030551 0.00249468 -0.0136031 -0.051181 -0.0924029 -0.0123071 -0.0088235 0.027538 -0.0192697
internal_weight=110811 108651 855 493 107796 96000 87220 8780 5650 260 137 86960 4668 4510 751 158 3759 4857 977 596 3880 82292 7378 304 74914 55593 19321 2067 793 7074 11796 7371 6839 4425 4785 3992 529 3463 3130 1561 551 297 793 2054 458 1596
internal_count=110811 108651 855 493 107796 96000 87220 8780 5650 260 137 86960 4668 4510 751 158 3759 4857 977 596 3880 82292 7378 304 74914 55593 19321 2067 793 7074 11796 7371 6839 4425 4785 3992 529 3463 3130 1561 551 297 793 2054 458 1596
is_linear=0
shrinkage=0.092745


Tree=144
num_leaves=47
num_cat=0
split_feature=65 59 0 50 86 51 33 91 12 71 30 46 0 64 78 93 75 63 18 40 55 1 63 24 93 50 42 87 98 16 69 78 42 94 89 26 55 18 44 42 10 74 89 9 30 41
split_gain=64.6431 112.653 111.572 100.439 93.1824 141.332 133.395 145.848 128.806 122.394 130.421 117.243 112.262 151.696 180.881 162.681 135.939 119.722 117.124 107.865 106.524 137.235 114.471 106.027 98.6558 94.2567 94.9058 94.1892 103.449 94.1486 93.3832 92.5023 100.869 91.4345 89.6828 88.4774 87.9465 167.82 96.05 87.3572 85.8643 85.2131 147.444 92.0324 84.5855 99.0692
threshold=-0.027725897441189449 -0.033934393216108048 0.31653207243618425 0.071041955905837562 0.011147028176636651 0.02696884228286615 0.023088422292553753 0.0028184812306575003 0.043051586546845808 -0.004257821448900149 -0.029673076553951648 0.028525672221925005 0.14255091408695378 0.0050933696504160001 -0.016066202611869997 0.021403169302379853 -0.038381177557493443 0.042981114018229655 0.015426227620652001 0.028437209495906352 -0.054326508687006142 -0.051159864496574996 -0.035282335266484291 0.0134830252621319 0.064201276558036965 0.0055731063814858008 -0.030217494132415347 -0.064082809475897798 0.072834478976344819 -0.010009869868169598 -0.03140871327212439 -0.080795233206099132 0.014833694302042002 0.011269831924789203 -0.055268576273286345 0.021650714652912902 -0.015863356500390596 0.021707468554790953 -0.015758319742929749 0.0051234533136305009 0.04953315267891021 0.060286658063969413 0.0043792722894518505 -0.11970681537137438 0.056111016366586504 0.013698134270070101
decision_type=2 2 2 2 2 2 2 2 2 2 2 2 2 2 2 2 2 2 2 2 2 2 2 2 2 2 2 2 2 2 2 2 2 2 2 2 2 2 2 2 2 2 2 2 2 2
left_child=1 2 3 31 5 6 7 25 27 30 -11 -6 13 14 18 39 -15 19 -7 -18 -8 22 23 -22 41 36 -27 33 -29 -19 -10 32 -1 -9 -33 -36 38 -38 -3 -16 -28 43 -43 -14 -2 -46
right_child=44 4 -4 -5 11 12 20 8 9 10 -12 -13 24 16 15 -17 17 29 -20 -21 21 -23 -24 -25 -26 26 40 28 -30 -31 -32 34 -34 -35 35 -37 37 -39 -40 -41 -42 42 -44 -45 45 -47
leaf_value=0.0031187231631244539 0.0020695898439424959 0.015860355640268223 0.091277246641135623 0.082553560473356477 -0.021702574823034639 -0.034037958313526052 -0.040193598377893623 0.13277613229929461 0.086126829888573633 -0.19189025376049129 -0.059192940832281257 0.0091793716918992605 0.11485458321534013 0.06679722688660622 0.012567341723180837 -0.098683391302108667 -0.08446286242938128 -0.10907781206951458 -0.22479959932870225 -0.19188356372901494 -0.0067479985817641098 0.057935412014469168 0.02149622793443438 -0.1685403685148292 -0.099869327299236629 -0.020830833160836872 0.050989873991491609 -0.0087672899805675969 -0.11940219387524192 0.066646809336176241 -0.038899397715672739 -0.039977509784632138 -0.16979446333299733 -0.008919221021769631 0.021495097929392692 -0.013263564721126064 0.030981785191049129 -0.043302950341203475 -0.047666767185177969 0.14034797934594395 -0.033701157059743761 -0.17205016141839993 0.054223754696580896 -0.0025053302227554123 -0.014798088087326421 0.0060607057233320622
leaf_weight=62 79763 323 140 145 5651 109 192 78 66 85 256 1300 59 51 79 51 284 44 37 113 92 890 694 56 95 257 956 2142 75 64 228 321 54 78 2193 883 1078 345 557 111 115 64 40 1880 5662 2993
leaf_count=62 79763 323 140 145 5651 109 192 78 66 85 256 1300 59 51 79 51 284 44 37 113 92 890 694 56 95 257 956 2142 75 64 228 321 54 78 2193 883 1078 345 557 111 115 64 40 1880 5662 2993
internal_value=-2.68039e-06 -0.00445394 0.0100995 0.00698203 -0.0074273 -0.00235318 0.00377462 -0.00245534 -0.0175592 -0.0546535 -0.0924428 -0.0159248 -0.0193873 -0.046042 -0.00141378 0.0478855 -0.077064 -0.0916491 -0.0828193 -0.115189 0.0252761 0.0325471 0.00568467 -0.0682654 -0.0076199 0.0100536 0.0297292 -0.00762181 -0.0125311 -0.00491751 -0.0107296 0.00385245 -0.0774772 0.0619543 0.00663997 0.0115125 -0.00128842 0.0129571 -0.0243363 0.0873884 0.0418768 -0.00331025 -0.0849807 0.00107505 0.00112452 -0.00758334
internal_weight=110811 22393 3798 3658 18595 11644 8563 6639 3008 635 341 6951 3081 943 387 241 556 505 146 397 1924 1732 842 148 2138 3631 1328 2373 2217 108 294 3513 116 156 3397 3076 2303 1423 880 190 1071 2043 104 1939 88418 8655
internal_count=110811 22393 3798 3658 18595 11644 8563 6639 3008 635 341 6951 3081 943 387 241 556 505 146 397 1924 1732 842 148 2138 3631 1328 2373 2217 108 294 3513 116 156 3397 3076 2303 1423 880 190 1071 2043 104 1939 88418 8655
is_linear=0
shrinkage=0.092745


Tree=145
num_leaves=47
num_cat=0
split_feature=29 20 80 27 27 27 10 71 12 72 78 62 62 63 64 94 33 95 32 19 13 15 17 25 39 0 28 97 53 2 28 78 9 45 1 37 21 4 27 7 2 37 90 95 14 85
split_gain=61.8186 84.5529 163.758 73.9224 74.3149 72.0696 119.372 86.9877 86.8761 82.9774 73.8345 90.9233 102.345 69.8761 109.091 93.5947 99.4254 97.9763 91.2541 76.2679 79.21 75.0987 72.5358 75.6802 71.1799 148.328 221.539 155.057 185.775 135.972 159.628 138.026 134.139 154.152 129.916 204.655 181.15 148.033 146.818 146.735 219.132 179.707 163.987 133.411 186.752 131.233
threshold=-0.10282473433565557 0.063620690072318756 0.038864806098644712 0.029514259609998855 -0.019498076979557848 -0.014628544574664648 -0.028894770702524549 0.065020933256307714 -0.0098892380748652978 0.042712546931725957 0.019032699462865704 -0.0167313136732174 0.010887262070899103 0.095288132820850871 0.070611935391769715 0.00030735234023710004 0.061639022915798355 -0.0094296924713385983 -0.0034430896844592994 -0.066711073716715877 0.021813255372043202 -0.0021966686799221495 0.011820584907614453 -0.0041204699768644494 0.014367112691130201 0.16191628433097635 -0.066152099884724785 0.023861418666839055 0.071106361824873357 -0.0151506610666173 0.054789541815318053 -0.037833440488091293 -0.056571021815307591 0.049873044586308354 0.0044119012768936506 0.033742469834661011 0.028137802218828601 0.13080341439058624 -0.049323236922654647 0.091448979704867608 -0.058138277707058698 -0.022601413367211345 0.048154998059392308 0.011816608690749702 0.031478629378529806 0.028641649781584105
decision_type=2 2 2 2 2 2 2 2 2 2 2 2 2 2 2 2 2 2 2 2 2 2 2 2 2 2 2 2 2 2 2 2 2 2 2 2 2 2 2 2 2 2 2 2 2 2
left_child=1 5 3 4 -3 6 8 9 -1 -7 11 -8 -13 24 15 16 17 -15 22 -17 -21 -16 23 -19 34 26 -26 29 32 -28 31 -31 -29 -34 39 36 37 43 -37 42 -41 -42 -2 44 -36 -39
right_child=13 2 -4 -5 -6 7 10 -9 -10 -11 -12 12 -14 14 21 19 -18 18 -20 20 -22 -23 -24 -25 25 -27 27 28 -30 30 -32 -33 33 -35 35 38 -38 45 -40 40 41 -43 -44 -45 -46 -47
leaf_value=-0.017164580461845994 0.0068354683219420545 0.026580959656398416 -0.20477864782694224 0.090047155142648133 -0.12560102475651383 0.066022776773859038 0.10492091750746191 -0.068023439042285527 -0.18874904512714227 -0.024336146336576287 0.11967988636550136 -0.15465070676723108 0.027308513689210792 -0.1078527762868709 -0.19273966361096492 -0.080231107056483314 0.094907725847503815 -0.24084636958230218 0.014531819892761134 0.049909468167243454 -0.026836360011624955 -0.042679172561292368 0.00042489600120777457 -0.05748066374233677 -0.055615933117935994 0.0014651555562138284 0.011987917667444111 0.011911742913109681 0.12209752340470262 0.037368805450636214 0.034702835306771318 -0.016767399827797819 -0.035319018057352637 -0.13738065182057602 -0.0139992466217547 -0.039239735753210284 0.0084022898973836416 -0.044700917733108067 0.017631178719920933 0.026453879949966431 -0.062967436257223064 -0.0097589909639860615 -0.015452979973412677 -0.00072721190666786217 -0.049925535032149131 -0.21997099624688174
leaf_weight=62 45231 64 39 58 48 634 48 54 43 101 60 45 64 175 50 67 43 35 215 351 172 68 53 44 876 23094 3616 490 69 430 640 6890 1966 136 5209 431 3355 111 4115 805 872 1462 3029 3700 1636 55
leaf_count=62 45231 64 39 58 48 634 48 54 43 101 60 45 64 175 50 67 43 35 215 351 172 68 53 44 876 23094 3616 490 69 430 640 6890 1966 136 5209 431 3355 111 4115 805 872 1462 3029 3700 1636 55
internal_value=-2.73867e-06 0.0199458 -0.0341097 0.00524123 -0.0386719 0.0301331 -0.00680243 0.0452212 -0.0878834 0.0535829 0.0324314 -0.000981926 -0.0478951 -0.00024341 -0.0218433 -0.0131389 -0.0401143 -0.0513088 -0.0226878 0.0126774 0.024643 -0.106691 -0.0833145 -0.139465 1.06073e-05 -0.00320907 -0.0103525 -0.00756542 -0.0277523 -0.00292326 -0.00969889 -0.0135841 -0.0317597 -0.0419467 0.00176788 -0.00487099 -0.0104003 -0.0162912 0.0122342 0.00417214 -0.015256 -0.0296492 0.00543619 -0.0149201 -0.0225896 -0.103132
internal_weight=110811 1320 209 170 112 1111 322 789 105 735 217 157 109 109491 1273 1155 565 522 347 590 523 118 132 79 108218 38207 15113 14237 2661 11576 7960 7320 2592 2102 70011 18612 14066 10711 4546 51399 3139 2334 48260 10545 6845 166
internal_count=110811 1320 209 170 112 1111 322 789 105 735 217 157 109 109491 1273 1155 565 522 347 590 523 118 132 79 108218 38207 15113 14237 2661 11576 7960 7320 2592 2102 70011 18612 14066 10711 4546 51399 3139 2334 48260 10545 6845 166
is_linear=0
shrinkage=0.092745


Tree=146
num_leaves=47
num_cat=0
split_feature=9 6 43 77 90 33 90 46 42 39 76 76 13 29 97 8 32 0 55 67 47 5 11 34 100 88 15 45 6 82 5 4 42 98 3 21 43 10 85 53 58 58 18 79 90 26
split_gain=62.6245 93.4028 104.84 104.433 100.061 98.6309 121.841 98.1384 94.7129 112.227 104.965 109.696 110.096 106.361 127.713 102.865 102.45 99.9878 98.4224 96.7064 92.5857 89.3813 97.419 89.0348 98.8814 88.2197 83.641 82.8018 79.395 186.068 225.145 159.577 138.377 130.337 119.047 135.615 151.64 154.819 127.974 149.997 122.075 121.866 121.382 118.111 115.134 112.91
threshold=0.097911686297019365 -0.0086303188029023484 -0.057065380053688948 -0.029553435032944497 -0.018220132596107497 0.037538886525960005 0.048154998059392308 0.024468919638544303 0.029053377011142103 0.025746123842090303 -0.023479208764898396 -0.0087343052221665971 0.074236680471921154 -0.028933538605144495 -0.015454186336110698 -0.073156345371802031 0.0066369417938370008 0.17397336804048538 0.00061885689684015009 -0.010630269138522849 -0.046597069929755444 0.21947242103551204 0.025529598342018855 0.019042001632431003 -0.076299999999999993 0.026876004597940806 -0.021885835399852099 -0.016803903711075648 0.035602023599793552 -0.007189685843547549 0.031675543499455908 -0.024260976633991949 -0.026764082098422997 0.055508659379878159 0.017689323104727202 -0.014485766389790699 0.0010711190392780504 0.12430631454531237 0.023134721915645553 -0.043167074921523892 -0.0026543701873628493 -0.076098679036919734 -0.043275937953629343 0.033489301086548004 -0.035365611365000993 0.044232313712848158
decision_type=2 2 2 2 2 2 2 2 2 2 2 2 2 2 2 2 2 2 2 2 2 2 2 2 2 2 2 2 2 2 2 2 2 2 2 2 2 2 2 2 2 2 2 2 2 2
left_child=21 2 4 -3 -2 7 25 20 9 10 -5 13 15 -12 -15 -13 -10 19 -19 -11 -4 28 -23 24 -9 -7 -6 -18 -1 -30 34 -32 -33 45 38 -36 37 -37 40 -40 43 -38 -41 -31 -42 -34
right_child=1 3 5 8 26 6 -8 23 16 17 11 12 -14 14 -16 -17 27 18 -20 -21 -22 22 -24 -25 -26 -27 -28 -29 29 30 31 32 33 -35 35 36 41 -39 39 42 44 -43 -44 -45 -46 -47
leaf_value=-0.0011985162058181452 -0.16720139894974498 0.02268925697198575 0.071221003074260603 0.044005651922622617 -0.12605777857359907 0.036096211559502864 -0.10325167461071545 0.060495523574980538 -0.099199745265950823 -0.019036798235953223 0.010116026397407458 -0.11386966268687811 0.1090517645636129 0.032472539102848544 -0.15553587541707317 -0.0027142777683170356 -0.07501277281522209 -0.076110476833509619 0.0031751500164370725 -0.21469046289099544 -0.00095212098542530536 0.055425588393556914 0.0056340747588387785 -0.10493360169462623 -0.086444491329572631 0.12964397885209719 0.046180596809183461 0.076229612347645567 0.015468667763474615 0.0093325513028714932 0.0050938276618706186 0.0030112426891739075 -0.068220961832051688 0.072250045590301973 0.037955282444969242 -0.0031407209998362078 -0.13241175327241203 -0.082926203654584377 0.045462216858518374 0.019290003139630082 0.037321820088743213 0.029132328397589134 -0.055038524036083745 0.067731277391077996 -0.020604570832365148 0.022059623438189527
leaf_weight=81132 56 413 179 289 37 386 44 91 284 35 92 78 69 40 136 844 61 275 263 58 1036 520 967 136 69 112 69 63 8905 2452 1049 490 1281 67 1583 1141 41 256 203 234 345 1458 974 339 2028 131
leaf_count=81132 56 413 179 289 37 386 44 91 284 35 92 78 69 40 136 844 61 275 263 58 1036 520 967 136 69 112 69 63 8905 2452 1049 490 1281 67 1583 1141 41 256 203 234 345 1458 974 339 2028 131
internal_value=-2.87831e-06 -0.009924 0.0045157 -0.0205893 -0.0672364 0.0101928 0.0441244 -0.00197559 -0.0275055 -0.0198124 -0.00636079 -0.0179405 -0.00368235 -0.0705527 -0.112746 -0.012165 -0.0685158 -0.052773 -0.0373454 -0.141487 0.0096838 0.000486986 0.0230625 -0.0498435 -0.00282833 0.0572247 -0.0139891 0.00171692 0.000164344 0.00497716 -0.00166125 -0.0241121 -0.0396772 -0.0538272 0.00446759 0.0161289 0.00419102 -0.0177851 -0.00347459 -0.0282259 0.00328694 0.0246804 -0.040628 0.0164369 -0.0121737 -0.0598326
internal_weight=110811 5215 2215 3000 162 2053 542 1511 2587 2179 1548 1259 991 268 176 922 408 631 538 93 1215 105596 1487 296 160 498 106 124 104109 22977 14072 3018 1969 1479 11054 4479 2896 1397 6575 1411 5164 1499 1208 2791 2373 1412
internal_count=110811 5215 2215 3000 162 2053 542 1511 2587 2179 1548 1259 991 268 176 922 408 631 538 93 1215 105596 1487 296 160 498 106 124 104109 22977 14072 3018 1969 1479 11054 4479 2896 1397 6575 1411 5164 1499 1208 2791 2373 1412
is_linear=0
shrinkage=0.092745


Tree=147
num_leaves=47
num_cat=0
split_feature=19 40 3 5 99 42 70 35 43 15 18 7 48 22 27 38 1 36 4 1 41 66 1 34 20 59 53 2 50 98 65 42 70 44 27 56 13 36 28 75 0 70 42 30 100 9
split_gain=62.5466 76.2926 81.1012 80.7808 98.8601 86.4041 76.6517 89.2464 114.57 75.3088 86.2037 142.137 164.894 146.098 141.884 138.532 132.336 127.988 157.11 126.209 136.568 115.004 114.099 147.491 110.542 109.585 121.69 127.064 108.867 108.571 112.876 107.02 106.475 105.693 103.168 138.958 114.623 98.361 142.349 126.449 121.701 141.442 136.305 141.205 124.633 143.401
threshold=-0.10105715696322749 -0.018663505861031496 0.040075993953771809 0.048325189088007654 0.059488925380156508 0.021484047249579651 -0.04519795642874009 -0.04933975504113524 0.027797874948376256 0.11429078169592517 0.030071527517148554 0.05186478119257356 0.0025356512751507506 0.016597069456962005 0.10655251291647101 0.099487796973382212 -0.06029507852451569 0.024807889348936803 0.10844921084842267 0.16300214299115282 -0.0070236940718856489 0.10470944693594526 0.13869818967007372 -0.027806060754614597 0.042243451051296461 0.018146477855380806 -0.0028513760514997494 0.043836965555262355 -0.024532762006744046 0.011092646296628853 0.049314780392585807 0.029466516788362953 0.038390414585755213 0.022498222685480251 -0.017468572718685897 0.050793148720445207 -0.080923594925316936 0.0062193296777548505 -0.044068015676719648 -0.051119945767113838 0.14781753581823329 -0.025535143848342396 0.046784231889816605 0.023593955504724803 0.40130000000000005 0.11142375113730567
decision_type=2 2 2 2 2 2 2 2 2 2 2 2 2 2 2 2 2 2 2 2 2 2 2 2 2 2 2 2 2 2 2 2 2 2 2 2 2 2 2 2 2 2 2 2 2 2
left_child=1 2 6 4 -3 -5 -1 8 -8 10 37 12 15 25 16 21 17 18 31 34 -21 22 24 -24 -12 26 27 -14 -22 32 -31 -13 -27 -28 35 -18 -36 -2 39 -39 41 -40 -43 -44 45 -42
right_child=9 3 -4 5 -6 -7 7 -9 -10 -11 11 14 13 -15 -16 -17 19 -19 -20 20 28 -23 23 -25 -26 29 33 -29 -30 30 -32 -33 -34 -35 36 -37 -38 38 40 -41 44 42 43 -45 -46 -47
leaf_value=0.068007139335703001 -0.0022267856035045894 0.035397195020585408 0.053253597811695877 0.0062203927194894046 -0.080183553520120424 -0.15380230103187728 -0.041731905472888027 -0.016051084796316867 -0.24298647405092902 0.017254323679658772 0.016685691819772933 0.015364169905594936 -0.029919969179386562 -0.03008780294864347 -0.13309825107298362 -0.084330782809494159 -0.10102798144859858 -0.045773547289601174 0.09036139350922047 -0.038278490147270895 -0.021579037806158552 0.15185393769678956 0.03063322051327572 -0.044394022243126649 -0.0095183975010538335 0.0079351888706212688 0.0089859787909195177 0.026587139358294026 0.092025905413882572 -0.079494313911551595 0.061969690878853338 -0.04728763862999967 -0.084656955972068737 0.060710102157905295 -0.10338464603084882 0.079325668572172214 -0.020615265549374023 0.040651784420637917 -0.01788117332409182 -0.013591717612628743 0.019696568032086508 0.0075358481359276471 -0.019700425365177375 -0.15787632006305902 0.0012139712555648853 -0.025851317250621612
leaf_weight=73 47280 1577 150 92 66 42 75 523 36 2051 6048 990 1060 2626 95 143 417 421 192 360 121 47 323 743 1795 724 1126 505 180 394 55 307 125 487 169 40 968 398 2986 5127 11012 10865 786 69 6514 628
leaf_count=73 47280 1577 150 92 66 42 75 523 36 2051 6048 990 1060 2626 95 143 417 421 192 360 121 47 323 743 1795 724 1126 505 180 394 55 307 125 487 169 40 968 398 2986 5127 11012 10865 786 69 6514 628
internal_value=-2.69625e-06 0.0141172 -0.00859784 0.0250794 0.0307328 -0.0440547 -0.021756 -0.032139 -0.107582 -0.000346665 -0.000686997 -0.00609556 -0.00213066 -0.0127218 -0.0211699 0.00613465 -0.0186047 -0.000633828 0.0121261 -0.0338181 0.000234748 0.00758327 0.00681579 -0.0216457 0.0106866 -0.00252913 0.00674199 -0.0116758 0.046335 -0.0252354 -0.062107 0.000516821 -0.00570515 0.0246191 -0.0479453 -0.0851726 -0.0329527 0.00060469 0.00409265 -0.00967985 0.00640881 0.00013676 0.00472882 -0.0309164 0.0114888 0.0172374
internal_weight=110811 2634 857 1777 1643 134 707 634 111 108177 106126 20461 16201 7102 4260 9099 4165 1910 1489 2255 661 8956 8909 1066 7843 4476 3178 1565 301 1298 449 1297 849 1613 1594 457 1137 85665 38385 5525 32860 14706 11720 855 18154 11640
internal_count=110811 2634 857 1777 1643 134 707 634 111 108177 106126 20461 16201 7102 4260 9099 4165 1910 1489 2255 661 8956 8909 1066 7843 4476 3178 1565 301 1298 449 1297 849 1613 1594 457 1137 85665 38385 5525 32860 14706 11720 855 18154 11640
is_linear=0
shrinkage=0.092745


Tree=148
num_leaves=47
num_cat=0
split_feature=0 100 10 44 88 44 5 82 55 51 11 40 48 73 57 50 2 41 38 3 82 28 76 98 90 4 86 65 81 3 23 43 90 57 68 68 11 54 32 74 37 8 49 67 42 19
split_gain=59.8455 157.976 124.965 119.122 149.54 135.406 152.312 145.415 139.226 138.633 115.922 120.62 131.627 111.356 105.448 108.913 105.382 105.009 103.571 124.33 143.24 156.25 140.69 133.584 104.853 116.722 102.794 102.942 98.3148 96.4385 134.061 120.615 170.084 109.61 108.063 119.017 106.214 112.416 123.531 165.935 158.403 112.624 111.688 175.243 114.654 103.276
threshold=0.23438136552888386 0.10280000000000002 -0.14466560442707607 -0.037179164142260447 -0.029136272276508796 -0.021417577809965598 0.0035670890962591004 -0.0087234613413869986 -0.041716593156011644 0.025925945098573305 0.00094840894575840007 0.029587690446359251 0.045300500183951257 0.036952978420764011 0.0032185597880940004 0.026114993176609202 -0.06432641396568109 0.015687638297902803 0.073358032712368362 -0.00059863951889184994 -0.02290894536059945 -0.050347038166644188 0.013644570934323351 -0.0027431356655349495 -0.013610125015251049 -0.069349681955667888 -0.026286148574416194 -0.0066489026001028987 0.0084300223476050512 -0.10152016796101658 -0.025544741916575946 0.0014620008019865002 -0.013923468262067149 0.013613328006556352 -0.035866238952598294 -0.012094782848037897 0.07321444452892191 0.046583360192708159 0.0082407641332049517 0.023858500166246653 0.020313594135808601 0.15903592243305611 0.032010921868078406 1.0000000180025095e-35 0.013402076499858152 0.012958680984576702
decision_type=2 2 2 2 2 2 2 2 2 2 2 2 2 2 2 2 2 2 2 2 2 2 2 2 2 2 2 2 2 2 2 2 2 2 2 2 2 2 2 2 2 2 2 2 2 2
left_child=2 3 26 4 -2 -5 10 14 -9 17 13 12 -12 -7 -8 28 -11 -10 29 20 21 -20 23 -21 -22 -26 -1 -28 -16 30 31 -4 33 -33 -34 -36 37 41 39 45 -41 42 44 -44 -31 -39
right_child=1 -3 18 5 -6 6 7 8 9 16 11 -13 -14 -15 15 -17 -18 -19 19 22 24 -23 -24 -25 25 -27 27 -29 -30 36 -32 32 34 -35 35 -37 -38 38 -40 40 -42 -43 43 -45 -46 -47
leaf_value=0.058259373934417609 -0.052215503862625773 -0.0045817588777199367 -0.011711362972487895 0.044785565466873081 0.0051718756222322556 0.023257747231928215 0.028758399268315204 -0.048468081104538374 0.019237207979644861 0.092087540832646031 -0.016808775466785757 0.02365586854763279 -0.11332810366498365 -0.029747835650239932 0.15263708434238968 0.0149621636463762 -0.040938004754862915 0.077964649657283433 -0.14815665537358796 -0.049943145642451794 -0.017711532689903241 0.040816212498294202 0.028495484958312878 0.0053248257798894447 0.0033484117611308128 -0.11008087580738123 -0.19025377541539118 -0.03474658290447516 0.060360899094407915 -0.00062006707496261454 -0.004732992476328462 -0.21803128930084073 0.067879002073668065 -0.052116696609144156 -0.19194295373603026 -0.032147720368110727 0.013795705086922145 0.043069927462074838 -0.0038702941207997372 -0.027984761766845872 0.044659450151786191 0.029197835382591384 -0.0055161403586077816 0.018439374705226851 -0.0091853768498922263 0.0076478974275767551
leaf_weight=38 505 9394 422 1223 1719 2326 719 282 804 59 1828 621 130 399 206 149 375 389 44 713 279 250 743 795 96 411 73 74 194 37877 2466 99 63 53 52 174 4761 2147 3153 937 356 1004 5141 5369 20841 1058
leaf_count=38 505 9394 422 1223 1719 2326 719 282 804 59 1828 621 130 399 206 149 375 389 44 713 279 250 743 795 96 411 73 74 194 37877 2466 99 63 53 52 174 4761 2147 3153 937 356 1004 5141 5369 20841 1058
internal_value=-2.67194e-06 0.00441273 -0.00105487 0.0114975 -0.00785788 0.0159349 0.0117716 0.0278303 0.0116467 0.0220812 0.00214917 -0.011941 -0.0232397 0.0154893 0.052176 0.0827893 -0.0227738 0.0384119 -0.000896844 -0.0169422 -0.0428075 0.0123719 -0.00452248 -0.020802 -0.0634615 -0.0885864 -0.0771432 -0.112283 0.107992 -0.000274958 -0.0157512 -0.0472078 -0.0811145 -0.160475 -0.0392102 -0.0691708 0.000348333 -0.00047358 0.0102015 0.0200682 -0.00796773 -0.00163675 -0.00208425 0.00672033 -0.00366045 0.0313828
internal_weight=110811 21322 89489 11928 2224 9704 8481 3177 1909 1627 5304 2579 1958 2725 1268 549 434 1193 89304 3331 1080 294 2251 1508 786 507 185 147 400 85973 3329 863 441 152 289 226 82644 77883 7651 4498 1293 70232 69228 10510 58718 3205
internal_count=110811 21322 89489 11928 2224 9704 8481 3177 1909 1627 5304 2579 1958 2725 1268 549 434 1193 89304 3331 1080 294 2251 1508 786 507 185 147 400 85973 3329 863 441 152 289 226 82644 77883 7651 4498 1293 70232 69228 10510 58718 3205
is_linear=0
shrinkage=0.092745


Tree=149
num_leaves=47
num_cat=0
split_feature=6 32 28 43 3 16 91 99 52 23 59 9 99 74 49 88 94 9 8 61 64 100 53 76 78 45 3 71 24 92 21 74 95 13 99 78 54 3 12 66 33 43 59 16 28 71
split_gain=60.4349 119.494 139.73 94.165 86.1285 104.736 96.0223 103.999 82.0907 79.8284 87.217 89.9368 78.6095 70.6647 70.489 99.2935 112.32 93.7698 155.609 128.601 119.626 111.425 189.966 163.682 101.665 111.136 120.63 99.7472 120.351 104.257 94.2894 116.075 107.887 90.2612 106.76 88.2574 99.4231 88.2516 86.0016 84.4944 82.2818 87.5319 122.402 106.756 101.429 110.145
threshold=0.16028091844503176 -0.022459295844337843 -0.049367784495548642 -0.058666030493424191 -0.10742709131411114 0.048509471592741354 0.010692194638635001 -0.0019558183707293494 -0.021831255335835846 -0.026090355229587747 0.0020702716478355507 -0.023544234773467145 -0.012563867699202447 -0.010625287060803347 -0.043867623563434689 -0.10379146825212314 -0.044929577537112346 -0.012242171734856049 -0.03452606290491584 0.050437592877707903 -0.035782640317345044 -0.68049999999999988 -0.033336714156696791 -0.043611361895437996 0.031644795391694805 -0.021834139574155146 0.042706447634502306 0.014910715855827452 -0.058611010757857941 -0.0122495959684978 -0.038001164013311946 0.036593932703008154 0.022758935903266355 -0.0040368676113130492 -0.065939613048410187 0.021219798090977904 -0.0045399164838126988 -0.062551254405013093 0.0077093401709237008 0.043772334858078903 0.076689110744080455 -0.0011027273394091498 0.046199467753243857 0.052772636914066563 -0.018932777041685146 0.017320556159294603
decision_type=2 2 2 2 2 2 2 2 2 2 2 2 2 2 2 2 2 2 2 2 2 2 2 2 2 2 2 2 2 2 2 2 2 2 2 2 2 2 2 2 2 2 2 2 2 2
left_child=14 2 -2 8 5 6 12 -8 -3 13 -11 -12 -5 -6 15 -1 -17 19 20 30 -19 22 23 -20 25 26 -21 28 -22 -29 31 32 -18 34 -23 38 -37 -35 -32 -24 -16 42 43 -42 -45 -46
right_child=1 3 -4 4 9 -7 7 -9 -10 10 11 -13 -14 -15 40 16 17 18 21 24 27 33 39 -25 -26 -27 -28 29 -30 -31 35 -33 -34 37 -36 36 -38 -39 -40 -41 41 -43 -44 44 45 -47
leaf_value=0.079549652189647851 -0.13596253696787303 -0.16697834667926412 -0.0025064277817274843 0.12666897519419149 0.13264182681631353 -0.15091234951520938 -0.12375509298009783 0.031507475496019961 -0.0016275015620440905 0.062715474069332353 0.10352240655949674 -0.027834351891728285 0.010465232728189073 0.050110206282171797 -2.8522515462265911e-05 -0.036309306276250841 0.045721727142153987 0.015903868192944891 -0.16251416879160774 -0.023880775229469926 0.034842276778211057 0.088916718426326119 0.029798817526197698 -0.007325454758115797 -0.16201235236498671 0.0049535071295949817 -0.21039305983006418 -0.072052119627786085 -0.081549607572884597 0.018178215341576546 0.0096124468902459397 0.13385316331766398 -0.051389555411124825 -0.082989386319755359 -0.0047619015282575035 -0.0025984518418991124 0.056739694328724985 -0.020300836863763442 -0.023319299650462533 0.10705852479969011 0.019197621041045016 0.024172948637234029 -0.06042772381066288 0.033163025481987962 -0.16915557725943356 0.020015887868724786
leaf_weight=113 77 35 534 80 154 36 71 77 97 346 54 257 134 215 92121 1075 471 292 70 74 85 111 791 349 53 296 50 176 731 293 1574 99 124 226 1752 473 498 1332 1203 144 1099 2509 271 69 81 39
leaf_count=113 77 35 534 80 154 36 71 77 97 346 54 257 134 215 92121 1075 471 292 70 74 85 111 791 349 53 296 50 176 731 293 1574 99 124 226 1752 473 498 1332 1203 144 1099 2509 271 69 81 39
internal_value=-2.54617e-06 0.0153325 -0.0194029 0.0289819 0.035935 -0.000654047 0.0143582 -0.0429794 -0.0458394 0.0501379 0.0306957 -0.00490857 0.0540804 0.0846672 -0.000308581 -0.00687364 -0.00766784 -0.00493306 -0.012376 0.00468338 -0.0376337 -0.00402975 0.0184833 -0.0333775 -0.0412702 -0.0259016 -0.0995076 -0.0498109 -0.0694008 -0.0156764 0.00958209 0.0409784 0.0254455 -0.012945 0.000825038 0.00376227 0.0278282 -0.0294166 -0.00464965 0.0417413 0.00054137 0.0134492 -0.00380177 0.0081127 -0.0562037 -0.10766
internal_weight=110811 2167 611 1556 1424 398 362 148 132 1026 657 311 214 369 108644 12455 12342 11267 6352 4915 1577 4775 1354 419 473 420 124 1285 816 469 4442 694 595 3421 1863 3748 971 1558 2777 935 96189 4068 1559 1288 189 120
internal_count=110811 2167 611 1556 1424 398 362 148 132 1026 657 311 214 369 108644 12455 12342 11267 6352 4915 1577 4775 1354 419 473 420 124 1285 816 469 4442 694 595 3421 1863 3748 971 1558 2777 935 96189 4068 1559 1288 189 120
is_linear=0
shrinkage=0.092745


Tree=150
num_leaves=47
num_cat=0
split_feature=71 65 71 5 46 36 9 7 98 52 22 70 25 76 20 61 23 1 41 80 94 12 74 6 4 23 25 58 23 39 100 33 51 54 30 20 21 53 64 1 0 22 74 47 49 90
split_gain=60.0619 92.0978 90.1422 123.848 94.3023 109.871 106.927 102.377 140.604 105.902 124.649 102.074 98.4737 103.266 137.816 120.48 99.2102 94.9337 94.1886 93.8597 93.4328 92.5385 98.7893 98.4322 95.1096 110.008 100.49 107.28 99.0949 92.5168 108.431 99.9429 92.218 109.819 103.541 103.173 95.1779 91.5878 117.154 101.996 100.581 129.483 183.797 89.6966 89.6923 97.1416
threshold=0.019827738354579454 0.11789088437622167 0.020751050790610504 0.036659728932862561 -0.021033378492529699 0.020997801597792402 0.021172770288804602 0.011916101677242151 -0.028017251878491595 0.020111146716500602 0.017579997016466353 0.052185658763850756 0.053161048839053905 -0.036107386350021892 0.0008955995330101001 0.037364953145993161 -0.049485433386872245 -0.051740389369441843 -0.01634635784831515 0.031971751170645005 0.00089157244706195005 0.038180784966998553 -0.063966462903545643 0.072241345341184815 -0.036005376746976993 0.031089571342465004 -0.078075998929622137 -0.014992273689252048 0.021095138001747952 -0.039168665974047195 -0.25014999999999993 -0.06138229298712574 0.027471271288583055 0.067335134474770367 -0.061561987725256694 0.093505484769818112 0.040371801211136753 -0.0083400752044274981 0.0044662066688169509 -0.11786597342299499 0.17464589181223791 -0.00090233446961234985 -0.0038514607751431499 -0.018196613634139196 0.049071673598385261 0.021485317046755752
decision_type=2 2 2 2 2 2 2 2 2 2 2 2 2 2 2 2 2 2 2 2 2 2 2 2 2 2 2 2 2 2 2 2 2 2 2 2 2 2 2 2 2 2 2 2 2 2
left_child=1 -1 3 -2 5 6 12 9 -9 -7 -11 21 13 15 17 43 -16 -15 -10 -20 -12 22 -6 24 26 28 -23 -28 -26 30 31 -24 35 34 -34 36 -13 38 39 -8 41 -39 -43 -4 45 -14
right_child=2 -3 4 -5 11 7 37 8 18 10 20 32 44 14 16 -17 -18 -19 19 -21 -22 23 29 -25 25 -27 27 -29 -30 -31 -32 -33 33 -35 -36 -37 -38 40 -40 -41 -42 42 -44 -45 -46 -47
leaf_value=0.0010854375671315022 -0.047008779065136695 0.064211179856083322 0.037045753995853546 0.054672513371570426 0.047596032702701407 0.0044056908518490517 -0.14781055564002873 -0.045526876549959031 -0.0012121777358602944 -0.013341257743965728 -0.050829939856334709 0.043442024519519187 -0.033983301596409922 0.011832308077615287 -0.04234159279838353 -0.14839207039543537 0.036706679211528329 -0.033724245703931892 0.048687483388874186 0.14921814242388357 -0.2081322744145041 -0.18005618032209139 0.13356147409457875 0.037381243282410291 -0.0044122238026891823 -0.041052820151283857 -0.078190469127683376 -0.010554484642781777 0.072121818918227651 -0.003112388751156667 0.0020863251545675549 0.033045513151687529 0.085337018282898122 0.1458218059217132 -0.038492781439328383 -0.098683895177436587 -0.025514249505060111 -0.011056756883840488 -0.10185351472568574 -0.010256472806956192 -0.0047623796473568849 -0.027000033708605681 -0.24772290009949252 -0.057792168360226943 0.066686494541657301 -0.13037010747193031
leaf_weight=83161 753 199 137 119 397 1079 53 181 260 242 69 1393 329 680 156 79 1077 932 456 97 62 45 97 286 1578 693 340 497 160 10061 1335 690 66 35 467 51 196 158 336 360 914 66 64 228 53 124
leaf_count=83161 753 199 137 119 397 1079 53 181 260 242 69 1393 329 680 156 79 1077 932 456 97 62 45 97 286 1578 693 340 497 160 10061 1335 690 66 35 467 51 196 158 336 360 914 66 64 228 53 124
internal_value=-2.43941e-06 0.00123652 -0.00376523 -0.0331036 -0.00280184 -0.0110782 -0.0180863 0.0053794 0.0283114 -0.0103123 -0.0528954 0.000884916 -0.00900887 -0.00314284 0.00334633 -0.0447294 0.0266869 -0.0144997 0.0447772 0.0664138 -0.125673 -0.00166722 0.00208359 -0.0147808 -0.0192907 -0.00981579 -0.0453786 -0.0380627 0.00263632 0.000598302 0.0181962 0.0454957 0.0195895 -0.0125955 -0.0230962 0.0307451 0.0349248 -0.0357324 -0.0611924 -0.0280316 -0.0198455 -0.0676139 -0.136073 -0.022157 -0.0470879 -0.0604629
internal_weight=110811 83360 27451 872 26579 8192 5746 2446 994 1452 373 18387 3795 3289 2845 444 1233 1612 813 553 131 16179 12580 3599 3313 2431 882 837 1738 12183 2122 787 2208 568 533 1640 1589 1951 749 413 1202 288 130 365 506 453
internal_count=110811 83360 27451 872 26579 8192 5746 2446 994 1452 373 18387 3795 3289 2845 444 1233 1612 813 553 131 16179 12580 3599 3313 2431 882 837 1738 12183 2122 787 2208 568 533 1640 1589 1951 749 413 1202 288 130 365 506 453
is_linear=0
shrinkage=0.092745


Tree=151
num_leaves=47
num_cat=0
split_feature=55 86 8 0 26 85 14 100 30 66 42 11 47 41 63 57 57 92 2 31 78 17 70 69 4 11 28 13 39 87 1 64 57 90 12 58 73 36 41 43 49 2 41 11 60 4
split_gain=58.8658 112.384 111.313 109.936 196.127 176.703 152.342 143.986 126.386 114.681 172.984 159.819 131.339 163.574 125.973 117.698 117.998 111.356 152.065 122.857 131.093 114.754 147.571 135.608 110.43 110.325 108.981 115.362 107.93 102.128 116.616 102.01 100.069 98.6852 97.9633 103.344 104.057 116.41 109.97 118.524 183.926 103.307 122.272 152.932 175.454 110.619
threshold=-0.020791748898810299 0.065992513894099714 -0.10791101939816189 0.24708386589886058 -0.08053699033182829 0.034169863321105505 0.06585744541519846 -0.57239999999999991 -0.097933880376149932 -0.037871567115378944 0.035962342846078459 -0.029814156810626897 0.071664564937767017 0.067421100249999616 0.028632470638342251 0.06694735726258276 -0.021422469459467994 0.029564414787532804 0.14347853224218668 -0.078205024427311282 -0.06074065073627679 -0.035740407726694394 0.061706595671014858 0.026664495903306305 -0.0026867502027468995 0.0076801594257517513 0.0030727371430569503 -0.0072565660235510985 -0.028704466484244597 0.028490836998238053 0.19691911727626446 -0.033235584841751493 0.074582716793253165 0.010654907498747252 0.0077093401709237008 -0.043231666275571595 -0.0097372349512113987 0.0081027261654255025 -0.017561548112665196 0.00073423999725910009 0.011268754356966603 -0.10914951224013754 -0.039982871507605641 0.025529598342018855 0.016381447367318353 -0.007150752518495799
decision_type=2 2 2 2 2 2 2 2 2 2 2 2 2 2 2 2 2 2 2 2 2 2 2 2 2 2 2 2 2 2 2 2 2 2 2 2 2 2 2 2 2 2 2 2 2 2
left_child=2 3 -1 8 5 29 7 25 -2 10 15 12 13 -12 -13 16 -10 19 -19 20 -11 23 -23 -21 -18 -6 -7 33 -17 -5 -31 -22 -3 -28 -4 -36 37 38 39 -37 -41 -38 43 44 -43 -44
right_child=1 32 34 4 6 26 -8 -9 9 17 11 14 -14 -15 -16 28 24 18 -20 21 31 22 -24 -25 -26 -27 27 -29 -30 30 -32 -33 -34 -35 35 36 41 -39 -40 40 -42 42 45 -45 -46 -47
leaf_value=-0.039510610601600701 0.037452195239109094 -0.023302737439304791 0.0021644828286052592 -0.028278155070030446 0.048087705062943513 -0.0080538274978017577 -0.013006577914409101 0.0098190219957657292 0.012742558247152848 -0.16005437700666267 0.015568468124739651 -0.04332770481138036 0.16551882753946576 -0.15349697179134869 -0.12384021201574799 0.10457136665185483 -0.029479928002513898 0.0087050505396554373 0.071128921085906821 -0.014359404542043371 0.034126833956435891 0.0015487009962721183 0.029817280330063613 0.01419950117538323 0.0019223998401909415 0.012206480882324561 0.00058673571708783249 -0.27146909773383793 -0.0016000632647447987 0.15259710503670315 -0.022670828250929198 -0.033158747176645853 0.049189556642088308 -0.20628069869261562 0.010508506049791489 -0.043027986581890568 0.0272166387813647 -0.0044256419831911597 -0.050565013708463363 -0.023167272672642597 0.10585614094577692 -0.031889779690843764 -0.016277709424114616 0.012344170917047839 -0.13271519892031705 0.0096496992077159342
leaf_weight=718 787 2296 16809 513 1956 60 1538 5696 1748 61 316 681 40 58 222 159 2277 8094 350 7349 235 37260 1659 1775 1668 1185 45 49 170 64 66 1096 176 35 2097 424 752 1606 1624 242 156 476 2911 342 216 2754
leaf_count=718 787 2296 16809 513 1956 60 1538 5696 1748 61 316 681 40 58 222 159 2277 8094 350 7349 235 37260 1659 1775 1668 1185 45 49 170 64 66 1096 176 35 2097 424 752 1606 1624 242 156 476 2911 342 216 2754
internal_value=-2.48808e-06 0.00133341 -0.00342276 0.00195682 0.0104498 -0.0328639 0.0139253 0.0186144 0.000514553 6.84468e-05 -0.0108529 -0.0412978 0.00638555 -0.0107109 -0.0631695 -0.00419076 -0.00731075 0.00145355 0.0112964 -0.000227497 -0.0273873 0.000559305 0.00275427 -0.00880174 -0.0162 0.0345575 -0.111635 -0.159582 0.0497155 -0.00965005 0.0636555 -0.0212639 -0.0181309 -0.0901595 -0.00256986 -0.00842223 -0.0118747 -0.0238368 -0.0365743 -0.00890867 0.0274101 -0.00536692 -0.00902765 -0.0383528 -0.0634228 -0.00367102
internal_weight=110811 79684 31127 77212 11207 832 10375 8837 66005 65218 7339 1317 414 374 903 6022 5693 57879 8444 49435 1392 48043 38919 9124 3945 3141 189 129 329 643 130 1331 2472 80 30409 13600 11503 4052 2446 822 398 7451 6699 1034 692 5665
internal_count=110811 79684 31127 77212 11207 832 10375 8837 66005 65218 7339 1317 414 374 903 6022 5693 57879 8444 49435 1392 48043 38919 9124 3945 3141 189 129 329 643 130 1331 2472 80 30409 13600 11503 4052 2446 822 398 7451 6699 1034 692 5665
is_linear=0
shrinkage=0.092745


Tree=152
num_leaves=47
num_cat=0
split_feature=34 1 79 91 10 72 1 95 3 4 44 6 81 10 50 43 85 99 31 96 80 66 36 78 83 61 77 99 8 20 81 48 21 95 15 14 83 96 17 86 41 46 12 0 36 94
split_gain=60.341 100.669 99.9638 99.7404 119.025 116.087 89.3128 95.614 99.6387 87.1324 84.2322 110.347 81.0206 82.913 80.8845 77.8399 75.2048 90.2737 79.9753 75.0882 112.266 86.775 82.4068 68.7142 68.6635 70.3618 68.2895 84.5475 111.299 103.348 142.42 116.896 114.84 106.682 106.836 115.093 106.054 108.646 104.221 93.5597 93.182 91.7296 99.4472 127.825 94.8719 98.7656
threshold=-0.081387212934806136 0.14210695638873913 -0.062788231832767341 -0.0014818952343717497 -0.10871470502633969 -0.026103730297705043 -0.026579094057372146 0.037603836127737308 0.030299220900313905 0.041773316375353108 0.034656148583572757 -0.043831210614390041 0.0084300223476050512 -0.044646859428809492 -0.0026892469616672993 0.00073423999725910009 -0.0075727750529196993 0.0092452159662082013 -0.023657964808710196 -0.034324742584449744 -0.017445926060066449 0.016879370613356853 0.029500153866900004 0.073426726714448665 -0.023937159626245246 -0.0095384140214319468 0.018431960933817403 -0.035471900323417745 -0.047460421061589445 0.028942622942728653 0.0022710221748791005 0.00062592272058710019 -0.07510852646201073 -0.039041581339832647 0.016914813614608951 0.0017756678851039503 -0.0044212261119864491 -0.035621634352645343 0.016241506032366203 -0.035210392660783692 -0.058247669248179042 0.046579684371896156 -0.026449134839881597 0.087256318932523072 0.034671216044718657 -0.019417676340574345
decision_type=2 2 2 2 2 2 2 2 2 2 2 2 2 2 2 2 2 2 2 2 2 2 2 2 2 2 2 2 2 2 2 2 2 2 2 2 2 2 2 2 2 2 2 2 2 2
left_child=1 2 -1 5 -5 -3 19 9 -9 10 12 -12 15 -14 -7 -8 17 -11 -18 20 -4 -22 -21 24 -6 -26 -2 28 -28 31 33 -30 -33 -31 35 -35 -32 -38 -39 -34 -41 44 -43 -44 45 -29
right_child=26 3 6 4 23 14 7 8 -10 16 11 -13 13 -15 -16 -17 18 -19 -20 22 21 -23 -24 -25 25 -27 27 41 29 30 36 32 39 34 -36 -37 37 38 -40 40 -42 42 43 -45 -46 -47
leaf_value=0.077489392419240563 0.00098363052615752801 -0.0045130611491253463 -0.1578028030070622 -0.11487284099511261 0.082570920486573593 0.12369819639601096 0.0019510492246260643 -0.14544971914150642 0.0026431082391858546 0.088337313174583099 -0.082934473567535583 0.098864866897597617 -0.063761295442640906 0.051356218637055868 0.041876676660436853 -0.075726398780587137 -0.050985686625018047 -0.10011752367497592 -0.19972277240997813 0.044448689782956248 0.04785783352036195 -0.10058886508259555 -0.0048008806624924537 -0.10079547242630416 0.044632044586944121 -0.049890072253583967 0.01484749018242521 -0.019169754575540859 0.0062086862329160724 0.027556019147193325 0.050360518641631428 -0.18807300114540945 0.04436280417062545 -0.21597029520898786 -0.044162668270060254 -0.077168810798984216 0.071630861110595787 -0.17243576011775064 0.019376096612386002 -0.16270974214882999 -0.034806586894310376 0.040956838703111231 0.16603336056189488 -0.0007878709811389422 0.0082859508263468575 -0.0033643896858017866
leaf_weight=143 78673 166 50 62 150 232 225 97 65 49 36 137 69 240 190 218 86 39 49 679 108 49 512 36 160 117 700 4574 1005 52 136 42 121 117 118 93 38 74 36 52 805 797 40 2043 4062 13269
leaf_count=143 78673 166 50 62 150 232 225 97 65 49 36 137 69 240 190 218 86 39 49 679 108 49 512 36 160 117 700 4574 1005 52 136 42 121 117 118 93 38 74 36 52 805 797 40 2043 4062 13269
internal_value=-2.36265e-06 0.0112333 0.00199253 0.0348851 0.00546767 0.0611121 -0.0019969 -0.0193988 -0.0860455 -0.00996305 0.00257406 0.0608807 -0.0108395 0.0255711 0.0869446 -0.0362673 -0.0619647 0.00460933 -0.10538 0.0143005 -0.0371972 0.0013421 0.0232692 0.0216727 0.0320902 0.00464807 -0.00041936 -0.00433752 -0.0180772 -0.0266538 -0.0584069 -0.0162285 -0.0383446 -0.0955219 -0.115083 -0.154754 -0.00865199 -0.0629643 -0.10965 -0.0318476 -0.0426349 -0.00245808 0.0131005 0.00243137 -0.00450444 -0.00741705
internal_weight=110811 3964 2851 1113 525 588 2708 1310 162 1148 925 173 752 309 422 443 223 88 135 1398 207 157 1191 463 427 277 106847 28174 3389 2689 664 2025 1020 380 328 210 284 148 110 978 857 24785 2880 2083 21905 17843
internal_count=110811 3964 2851 1113 525 588 2708 1310 162 1148 925 173 752 309 422 443 223 88 135 1398 207 157 1191 463 427 277 106847 28174 3389 2689 664 2025 1020 380 328 210 284 148 110 978 857 24785 2880 2083 21905 17843
is_linear=0
shrinkage=0.092745


Tree=153
num_leaves=47
num_cat=0
split_feature=11 19 6 86 0 9 97 17 13 49 76 27 26 59 5 63 53 1 6 11 5 63 96 3 8 45 83 69 3 43 66 29 71 83 19 79 26 75 63 6 23 64 30 56 63 30
split_gain=58.9012 96.5041 106.765 96.5231 98.9032 91.7347 86.2715 69.5197 67.6019 82.3894 74.9413 70.5719 67.8365 98.1356 117.293 171.004 141.86 121.125 116.07 109.065 108.637 120.43 124.538 107.557 106.652 117.278 105.615 103.794 103.712 126.145 100.009 98.5314 97.4303 96.4756 97.0273 95.1661 93.5197 93.2242 92.2269 106.624 88.6688 88.3762 86.1533 86.4469 84.4615 142.646
threshold=-0.15516119816725618 0.031699788440844055 -0.025600359729097997 -0.0072174303298673491 0.22934061595085123 -0.084329663943004188 0.012649174343033051 -0.041850701687021589 0.1460856899505418 0.0036669453785673004 0.0013193457156411004 -0.037781984553164741 0.024020331233486354 0.02664991493666435 0.16958822993925374 -0.029437313229735897 0.0064052979549694012 0.14557294659921924 0.18360986589492581 0.051753899536745855 0.086996782872872866 0.10452784000787922 0.063623954824107057 0.061641368474216911 0.055729978590829607 0.016208876448410004 0.0098311009867993512 0.05692046449770901 -0.10742709131411114 0.026775521351987252 -0.058575810523319498 0.10236502205923591 -0.066966559292095232 -0.061474560587493642 -0.013965919368501448 0.062318576510820754 0.017106451324701403 -0.011158696990322648 0.0073423803117350509 0.039028531661528455 -0.072003114745768232 0.060117162916569857 -0.088894733939661089 -0.020986204828409946 0.038982421984832503 0.030577097764131655
decision_type=2 2 2 2 2 2 2 2 2 2 2 2 2 2 2 2 2 2 2 2 2 2 2 2 2 2 2 2 2 2 2 2 2 2 2 2 2 2 2 2 2 2 2 2 2 2
left_child=1 2 3 4 -1 -4 -7 -3 12 -10 -11 -12 13 14 18 17 30 36 19 27 21 22 33 -22 40 -26 -25 32 29 -20 -17 -29 -2 37 -35 -24 -16 -15 39 -18 -21 -23 43 -14 -44 -46
right_child=8 7 5 -5 -6 6 -8 -9 9 10 11 -13 42 20 15 16 38 -19 28 24 23 41 35 26 25 -27 -28 31 -30 -31 -32 -33 -34 34 -36 -37 -38 -39 -40 -41 -42 -43 44 -45 45 -47
leaf_value=0.1728506325202355 0.024482249266732238 0.038252772766714252 0.049404366950880914 -0.0064637093835378219 0.0076111071090813349 -0.12720048046895699 -0.0041881575565598985 -0.094895818894960612 0.0023398225396286053 0.017641210788439051 0.20097090968976081 0.067411101500308671 0.086302728641881862 0.085665221388407695 0.011422925592789688 -0.0822941622373978 -0.0078754309930116114 -0.16265441925565738 0.025289543803603487 -0.017726976825409912 -0.068922835262280421 -0.045767761907509419 -0.04033843218803581 0.032088662642840875 -0.036276339309595243 0.02431059389187332 -0.063198717341014871 0.021038804763204418 0.063003424027198343 -0.14058119419745285 0.078088083640698372 -0.087615298532253305 -0.0039167085891314256 0.0035467145052676318 -0.012030410689783149 -0.19521512913482628 -0.13943075470629299 0.0037617383755797081 0.036498593848834582 -0.16920035024608426 0.015633044861192043 -0.21607893971845357 0.0052133920740659086 0.010400318921036751 0.0022714887741952928 -0.035543345456952223
leaf_weight=65 1061 40 62 241 60 125 81 206 481 163 48 119 214 198 245 35 213 53 160 757 484 90 416 258 848 406 163 2108 455 52 633 74 49529 6127 7838 37 41 302 405 42 7183 37 24283 326 2813 1234
leaf_count=65 1061 40 62 241 60 125 81 206 481 163 48 119 214 198 245 35 213 53 160 757 484 90 416 258 848 406 163 2108 455 52 633 74 49529 6127 7838 37 41 302 405 42 7183 37 24283 326 2813 1234
internal_value=-2.38584e-06 -0.0238976 -0.00473307 0.0278031 0.0938426 -0.0492 -0.0789704 -0.073171 0.000188833 0.026862 0.0625307 0.106159 -9.3513e-06 -0.00139646 0.000218656 0.024497 0.0395087 -0.0342535 -0.000427412 -0.000841936 -0.00790829 -0.00602954 -0.00526201 -0.0391144 0.0084795 -0.0166485 -0.00478951 -0.00246622 0.0380463 -0.0154658 0.0696328 0.0173367 -0.00332071 -0.00376085 -0.0051952 -0.0531335 -0.0102728 0.0362532 0.00898192 -0.0346595 0.0124503 -0.0958665 0.0038459 0.0405351 0.00314568 -0.00925723
internal_weight=110811 880 634 366 125 268 206 246 109931 811 330 167 109120 80250 64300 1667 1328 339 62633 61966 15950 15045 14918 905 9194 1254 421 52772 667 212 668 2182 50590 14465 13965 453 286 500 660 255 7940 127 28870 540 28330 4047
internal_count=110811 880 634 366 125 268 206 246 109931 811 330 167 109120 80250 64300 1667 1328 339 62633 61966 15950 15045 14918 905 9194 1254 421 52772 667 212 668 2182 50590 14465 13965 453 286 500 660 255 7940 127 28870 540 28330 4047
is_linear=0
shrinkage=0.092745


Tree=154
num_leaves=47
num_cat=0
split_feature=9 25 24 56 94 45 89 54 84 66 47 15 38 29 21 16 95 56 81 49 45 80 69 51 97 85 61 93 75 48 74 8 64 91 70 19 100 35 76 93 9 92 61 8 53 54
split_gain=57.9505 86.5614 92.8756 87.1293 103.248 181.472 82.0741 94.0388 98.0673 93.1805 113.112 94.945 84.9182 96.1365 88.5352 84.3685 82.6746 95.838 83.36 82.0043 90.782 85.9062 82.399 81.7482 86.4322 80.8211 95.1591 79.2881 93.6205 115.56 87.7763 157.459 100.993 96.4035 82.2368 90.4408 78.3512 78.2462 92.0295 91.5882 77.4142 82.6233 76.6777 76.0839 75.198 73.5367
threshold=0.059598292638332252 -0.0037913376272065498 0.12697600067501177 -0.038153330496823394 -0.015056279327696398 -0.048059796572485387 0.035724200412780655 0.035927060652013461 0.0061788340709466507 -0.047403795866462144 0.052639445944199156 -0.028329081345206748 0.015811908233411751 -0.033521571065124892 -0.0059826721065553987 -0.023167421592554648 -0.0099656077418472985 -0.0022386246340160496 -0.006768868235990399 0.075086308838809165 -0.0054562629895059493 -0.0015131665051911997 0.038248981269255508 -0.042150679989900242 0.033477865069938106 -0.040679455921557292 0.016677642828584555 -0.017745918575002347 -0.03578199312986264 -0.010387878543128549 0.0057013747153377503 -0.045877169771293143 0.05520885528952451 -0.01561579548687035 0.0016202497237659504 0.035997743723660609 -0.9061499999999999 -0.0088688022397157475 0.020796636569955552 0.043792524860535011 0.094949386485631324 0.0011794437031889501 -0.0038532835590243497 0.0021304435004652002 -0.021711544692621498 0.040690265473099306
decision_type=2 2 2 2 2 2 2 2 2 2 2 2 2 2 2 2 2 2 2 2 2 2 2 2 2 2 2 2 2 2 2 2 2 2 2 2 2 2 2 2 2 2 2 2 2 2
left_child=45 2 3 4 5 -2 7 9 12 10 11 15 13 -9 -14 -3 17 18 -10 20 -8 -22 -23 -18 -25 26 40 28 29 -11 31 32 -29 -33 -30 -36 -28 39 -39 -32 41 -5 -16 -19 -7 -1
right_child=1 6 -4 25 -6 44 19 8 16 27 -12 -13 14 -15 42 -17 23 43 -20 -21 21 22 -24 24 -26 -27 36 30 34 -31 37 33 -34 -35 35 -37 -38 38 -40 -41 -42 -43 -44 -45 -46 -47
leaf_value=-0.00018514777211797216 -0.24652048814719066 -0.21615498264950561 -0.12224293163933925 -0.12267085423345117 -0.0010004497588623758 -0.11994374743472457 0.033300218707228699 -0.081393764759805157 -0.14788991411314625 0.031580474001790822 -0.1642170257265318 -0.0078886503684557248 -0.16323134322211111 0.034526855295096137 0.052056648208301332 -0.046997011059274674 0.085714567936372096 -0.091160209071101228 0.013522447926504167 0.13142513159255498 -0.064632155507233641 0.046688953603322612 -0.079408410121402026 -0.030571270266383739 -0.17834833876000841 0.011376322591126867 -0.069747367996758569 -0.086320380792751797 -0.0017304499008394978 -0.12692202220635504 0.037392270443599523 0.015466416635095874 0.059075140596688717 -0.029587241121434085 0.023602245214422089 0.1081178441717353 0.056064959069715509 0.0021205833863026957 -0.071059404808862081 -0.084304882987743274 0 -0.017106375064688654 -0.090453244608013655 -0.26674162804129181 -0.011303566502804896 0.0073657964974787717
leaf_weight=83663 41 39 51 157 655 73 510 78 51 72 64 337 57 287 60 73 38 38 59 47 224 179 59 162 43 5096 56 441 648 87 604 642 45 1121 392 151 174 571 199 58 173 108 70 50 219 12789
leaf_count=83663 41 39 51 157 655 73 510 78 51 72 64 337 57 287 60 73 38 38 59 47 224 179 59 162 43 5096 56 441 648 87 604 642 45 1121 392 151 174 571 199 58 173 108 70 50 219 12789
internal_value=-2.27945e-06 -0.00549928 0.00208802 0.00303428 -0.0224055 -0.0644308 -0.0123321 -0.0161493 -0.0424346 -0.0114368 -0.0490845 -0.0325494 -0.0163375 0.00967317 -0.0671172 -0.106422 -0.0750378 -0.119524 -0.0613796 0.0121398 0.00632099 -0.0234339 0.0153146 -0.0386359 -0.0618398 0.00739815 -0.0229218 -0.0075927 0.0116257 -0.0551337 -0.0146451 -0.0260727 -0.072803 -0.0131733 0.0205607 0.0471743 0.0253247 0.00329443 -0.0167938 0.0266776 -0.0482878 -0.0797645 -0.0246048 -0.191617 -0.0386009 0.000815943
internal_weight=110811 14359 6803 6752 988 333 7556 6537 993 5544 513 449 552 365 187 112 441 198 110 1019 972 462 238 243 205 5764 668 5031 1350 159 3681 2249 486 1763 1191 543 230 1432 770 662 438 265 130 88 292 96452
internal_count=110811 14359 6803 6752 988 333 7556 6537 993 5544 513 449 552 365 187 112 441 198 110 1019 972 462 238 243 205 5764 668 5031 1350 159 3681 2249 486 1763 1191 543 230 1432 770 662 438 265 130 88 292 96452
is_linear=0
shrinkage=0.092745


Tree=155
num_leaves=47
num_cat=0
split_feature=38 22 12 25 74 95 88 31 60 64 54 64 18 63 59 69 74 97 32 27 73 62 70 74 56 59 80 7 76 46 82 41 71 88 48 69 91 42 96 65 43 55 74 64 99 6
split_gain=57.2154 92.0132 90.7872 97.877 118.964 106.846 114.105 109.399 122.727 107.878 105.57 96.6375 113.875 135.966 95.6085 92.8521 111.591 136.132 92.6295 92.5318 87.4822 89.8179 87.1464 86.3776 86.3456 85.5108 83.2377 81.0812 80.2969 80.9735 100.107 90.5667 117.335 111.898 86.2903 99.3556 87.3663 79.0746 78.664 78.7716 76.9828 76.9617 102.44 76.5703 138.218 79.3181
threshold=0.017059647172344952 -0.087060427521272285 -0.05122620193264369 -0.075499726285545396 0.038852108504666312 0.049657209297615058 0.051008806174984704 0.075322600506982168 0.049618456381192604 0.084376075664977665 -0.041783883642854194 -0.01265641517652155 0.011985946290505251 -0.032361406412303492 0.049154635230086056 -0.019887990108624597 -0.029396307368831847 -0.034172873424149645 -0.08784227176916988 -0.01190020900673835 0.048686131737575709 0.00033290993333855005 0.032753047192601713 -0.080375118479988281 -0.062114091559905091 -0.0076165144078023991 0.016022569811684702 0.0066259957374245511 -0.10084346609265889 -0.067546615377940683 -0.029064363237225246 0.043718822407728002 0.00029952005880465007 -0.025243889480824445 0.023621094913566853 0.044282902346040307 -0.057461439861079093 -0.04057698275943749 -0.021150346992891648 -0.023621100959137296 0.0043100477800165011 0.057061310748824458 0.029269262876480757 -0.047241845971597286 -0.018366644125233846 0.068493683141211473
decision_type=2 2 2 2 2 2 2 2 2 2 2 2 2 2 2 2 2 2 2 2 2 2 2 2 2 2 2 2 2 2 2 2 2 2 2 2 2 2 2 2 2 2 2 2 2 2
left_child=-1 23 18 4 11 7 9 15 10 41 40 38 19 -14 -12 16 24 -18 27 -13 25 -22 26 -2 -5 -17 -8 -3 -20 30 -30 34 -33 -34 36 -36 -31 -21 -4 -40 -9 42 -7 44 -25 -45
right_child=1 2 3 5 -6 6 22 8 -10 -11 14 12 13 -15 -16 20 17 -19 28 37 21 -23 -24 43 -26 -27 -28 -29 29 31 -32 32 33 -35 35 -37 -38 -39 39 -41 -42 -43 -44 45 -46 -47
leaf_value=0.0013993186404233 -0.10842425990747065 0.0065710902002181389 -0.079933350777752279 -0.099971337488565001 0.034571326330976281 -0.021497245172567916 0.020922266590582918 0.021286005552320825 -0.073793095418667048 -0.18474008838071029 0.076163068124265806 -0.11952151900459128 0.031548134888737707 -0.1702580088166521 -0.059496461524501436 0.0082994703352818906 -0.058574645329419854 -0.014358829216885744 0.13369660835488548 -0.10399021595512904 -0.0049113172287693178 -0.061977266222490265 -0.088012782318689628 -0.18152330482914497 0.016724425453857432 -0.0051290800359188194 0.16155093774358992 -0.11576738648628514 -0.052831708243038865 -0.081710489613975645 0.085903470705458035 0.072157419744164397 0.097213886370401778 -0.025468281634153603 -0.04040036360366641 0.10994570183739881 0.0083479318682549881 0.032690953291429105 0.11907268517696554 -0.011898014582629257 -0.13824255151199119 0.053675468802057751 -0.076454421840581641 0.026767562385486093 0.028510692218000212 0.10691272887910136
leaf_weight=76811 41 89 95 57 169 1120 106 73 83 40 475 85 35 155 49 6854 697 4264 44 49 584 400 37 40 1129 10073 55 97 56 95 217 371 80 314 608 40 3334 139 53 152 40 87 395 821 81 122
leaf_count=76811 41 89 95 57 169 1120 106 73 83 40 475 85 35 155 49 6854 697 4264 44 49 584 400 37 40 1129 10073 55 97 56 95 217 371 80 314 608 40 3334 139 53 152 40 87 395 821 81 122
internal_value=-2.67208e-06 -0.00317036 -0.00405508 -0.00620144 -0.0357421 -0.00516623 -0.0267285 -0.00356419 0.0320491 -0.0347536 0.0458884 -0.051341 -0.0779016 -0.13302 0.0634258 -0.00463094 -0.0144661 -0.0205767 0.00700523 -0.0393921 -0.00125461 -0.028134 0.0397082 0.0231489 0.0110817 0.000307587 0.0692486 -0.0572355 0.00932702 0.00824711 0.0573696 0.00547146 0.0347472 -0.000471241 -2.04864e-05 -0.0310544 0.0058423 -0.00296457 -0.0102687 0.0220147 -0.0352699 -0.0309678 -0.0358467 0.0282594 -0.0410734 0.03718
internal_weight=110811 34000 32895 27550 932 26618 1840 24778 720 1642 637 763 463 190 524 24058 6147 4961 5345 273 17911 984 198 1105 1186 16927 161 186 5159 5115 273 4842 765 394 4077 648 3429 188 300 205 113 1602 1515 1064 121 943
internal_count=110811 34000 32895 27550 932 26618 1840 24778 720 1642 637 763 463 190 524 24058 6147 4961 5345 273 17911 984 198 1105 1186 16927 161 186 5159 5115 273 4842 765 394 4077 648 3429 188 300 205 113 1602 1515 1064 121 943
is_linear=0
shrinkage=0.092745


Tree=156
num_leaves=47
num_cat=0
split_feature=98 10 84 6 19 29 77 20 23 28 27 7 10 38 14 11 60 62 85 44 88 43 68 51 77 64 24 10 94 94 62 73 89 15 52 11 75 8 73 84 55 58 7 7 50 32
split_gain=56.7245 88.9807 108.874 148.313 117.325 98.025 97.5674 91.9251 88.6531 137.084 87.1293 106.776 84.9576 75.5816 81.1982 71.5468 69.1322 66.2298 79.1556 76.5636 76.7191 73.4142 67.0871 89.8139 89.4526 108.037 79.588 86.5172 70.0658 76.1387 69.0567 85.2797 68.8754 65.9799 72.9359 65.1463 121.022 121.507 115.556 112.089 108.719 95.9024 91.6657 143.059 117.655 113.721
threshold=0.077001744271285311 -0.07457070283821314 -0.00029842099014394994 -0.050898079318101287 0.033806691301580205 -0.046580776387709744 0.031399984852905509 -0.0037336518116133995 -0.087236998199375429 -0.015317030825566397 0.0033888934041146506 -0.017774727675819498 -0.025387910651976448 -0.019112588340964045 -0.0034573483490456997 0.018747849451068655 0.021462228361942202 0.11675850793571542 0.017208580527113906 0.015672201677247952 -0.025243889480824445 0.018322293679836853 0.085723682423497302 -0.0078428564545787987 -0.021495816962161397 0.0054152368656176005 0.036105039451948706 -0.0063303938095893991 -0.065388917406707533 -0.0039626897528887992 -0.027802873590736448 0.021754624314363955 0.0087635579300218026 -0.025097330520276896 -0.023913632688031799 -0.096374697003733731 -0.013110388526337448 -0.029621539512085446 0.025236025426335153 -0.013448792887163198 0.060341527184053556 0.023569517888432853 -0.0076816021444839995 0.032783043108846159 0.03526485057510826 0.013490354278739651
decision_type=2 2 2 2 2 2 2 2 2 2 2 2 2 2 2 2 2 2 2 2 2 2 2 2 2 2 2 2 2 2 2 2 2 2 2 2 2 2 2 2 2 2 2 2 2 2
left_child=17 6 5 8 13 -3 33 -6 -4 -10 -7 15 -11 14 -5 -12 -15 22 19 -19 -21 -20 35 -24 25 30 28 -28 -26 -30 -25 -32 -31 -2 -35 36 37 38 41 -40 -38 -1 45 44 -44 -39
right_child=1 2 3 4 7 10 -8 -9 9 12 11 -13 -14 16 -16 -17 -18 18 21 20 -22 -23 23 24 26 -27 27 -29 29 32 31 -33 -34 34 -36 -37 40 42 39 -41 -42 -43 43 -45 -46 -47
leaf_value=0.026390559811367686 -0.2003173212996901 0.12444756692684301 0.068643138449691832 -0.077743433871731119 0.030752738592910382 0.060133283859271136 0.05529584047608934 -0.11661894801419036 -0.17856092132524617 -0.1138398836617657 -0.17681367701019149 0.033489728660627188 0.03709335598313631 0.1103500538851771 0.058953071378080757 0.00022247424335885302 -0.0098302624600240963 0.018771137606036038 -0.032872590754868966 -0.1854495539511547 -0.0085465960885338747 -0.18109453124996239 0.055199668153371871 -0.0011612977272932048 -0.055145581374057687 0.038275011816523034 0.023949787124896964 -0.16443155215798166 0.081943823525856885 -0.052570081454456748 -0.06866899665072361 -0.25506615762666685 0.071637462055472528 -0.14962144001719746 0.025708775170132744 0.00013812099503044832 -0.02615416057102872 0.082995394176949899 0.032970241651313244 -0.13333461533987553 0.040774597754379603 -0.054794038933964354 -0.086337843333940262 0.049119454504553892 0.065038759423609524 0.0019700111782228339
leaf_weight=377 35 123 39 64 71 405 55 74 80 54 44 157 78 193 89 35 52 207 62 37 49 54 437 40 62 74 46 38 252 91 50 37 66 35 48 102411 2996 379 48 125 224 187 192 236 57 246
leaf_count=377 35 123 39 64 71 405 55 74 80 54 44 157 78 193 89 35 52 207 62 37 49 54 437 40 62 74 46 38 252 91 50 37 66 35 48 102411 2996 379 48 125 224 187 192 236 57 246
internal_value=-2.62032e-06 0.0166533 0.0236677 -0.000366886 0.026867 0.0486546 -0.0463726 -0.0444451 -0.0593011 -0.0829629 0.0340407 -0.0106976 -0.0246613 0.052895 0.00164552 -0.0984894 0.084805 -0.000267103 -0.0375053 -0.0117456 -0.0851759 -0.102265 -0.000126727 0.0217427 0.00237151 -0.0505772 0.0215883 -0.0613767 0.0364417 0.0503875 -0.102426 -0.148673 -0.000233439 -0.0938948 -0.0483212 -0.00036966 -0.0106347 0.00828439 -0.0208937 -0.0871352 -0.0214908 -0.00051695 0.0276703 -0.0025598 -0.0515958 0.0511411
internal_weight=110811 1731 1558 794 543 764 173 145 251 212 641 236 132 398 153 79 245 109080 409 293 86 116 108671 1193 756 201 555 84 471 409 127 87 157 118 83 107478 5067 1847 737 173 3220 564 1110 485 249 625
internal_count=110811 1731 1558 794 543 764 173 145 251 212 641 236 132 398 153 79 245 109080 409 293 86 116 108671 1193 756 201 555 84 471 409 127 87 157 118 83 107478 5067 1847 737 173 3220 564 1110 485 249 625
is_linear=0
shrinkage=0.092745


Tree=157
num_leaves=47
num_cat=0
split_feature=62 1 100 6 75 83 20 16 99 68 87 24 40 0 81 1 44 15 98 35 10 13 79 51 51 73 1 2 51 51 90 41 78 8 79 83 88 74 48 49 26 9 79 85 24 0
split_gain=55.5375 65.2194 68.7137 70.7158 105.59 78.5393 90.49 66.5288 91.761 65.4975 96.0825 63.5401 86.5785 110.143 115.205 99.0648 130.03 128.24 100.205 92.1723 94.8904 79.8997 81.0619 78.4522 80.4104 76.2884 76.1749 82.4574 72.6998 113.759 116.034 121.359 124.031 148.009 128.27 111.872 109.894 100.914 110.141 120.337 122.459 115.693 122.032 119.795 131.259 107.529
threshold=-0.069360108377052795 -0.030333181533519996 0.59945000000000015 -0.057266239694252992 -0.0096010299279533969 0.058759264956077063 -0.026308087242391746 -0.011226121341820149 -0.021694925248186746 0.036683426784004505 0.024220177967432654 -0.08125201657299598 -0.022147492581058397 0.23559507531861598 -0.05565824902060159 -0.059689191467348142 0.0328616448895944 -0.041011991029012838 -0.007919159600798047 0.0040808817921178008 0.087008087989963914 -0.071620997550081847 -0.0099742640627623492 0.0048055366224687007 -0.00068661230353489987 0.056421416619931962 0.12596055925824673 0.095626957190795614 0.0098202662283370015 0.010202911789742251 0.038719486246233802 0.029728526752223254 -0.03526156757525719 0.012193575000823803 0.020705481475428802 0.016283479349779102 -0.0049720301680609988 -0.016333051675028146 -0.027602348005851447 0.06010169381176101 0.00033916871458705006 0.01312282302128835 -0.0060184428420102989 0.0061350115975011511 0.036105039451948706 0.067923067979694468
decision_type=2 2 2 2 2 2 2 2 2 2 2 2 2 2 2 2 2 2 2 2 2 2 2 2 2 2 2 2 2 2 2 2 2 2 2 2 2 2 2 2 2 2 2 2 2 2
left_child=1 -1 3 4 -3 6 9 -6 -9 10 -5 12 13 15 -15 -2 17 -17 -18 21 23 22 -14 24 26 -25 27 -21 35 30 31 32 -30 34 -34 -13 -37 -31 41 40 -40 42 -39 -43 -45 -42
right_child=11 2 -4 5 7 -7 -8 8 -10 -11 -12 28 19 14 -16 16 18 -19 -20 20 -22 -23 -24 25 -26 -27 -28 -29 29 37 -32 -33 33 -35 -36 36 -38 38 39 -41 45 43 -44 44 -46 -47
leaf_value=-0.001445225536757116 0.02207798990203708 0.055006025116146336 -0.0028116420849229684 0.022010836050045168 0.02798086796954645 -0.044806974569186024 0.078503275328792269 0.028933275428043814 -0.14783311998318824 0.077061146589136403 -0.13435837181238616 -0.0013417015595721298 -0.12431550031033417 -0.12294423227794753 0.035106710651878842 -0.11592360243678738 -0.046028366364479004 -4.5540527020835407e-05 -0.2473781600759874 -0.054179603658955071 0.07189570632441164 0.040683462375530152 0.023301408414437421 0.024665213736511198 -0.1356100677024645 -0.10576422774710058 0.047963528399727055 0.065446328568528528 -0.21975889479675839 0.0038450438723865001 -0.18608222745146322 0.082405462239187557 -0.036726761696378098 0.062102008074917378 -0.21442495257820882 0.015890513406738555 0.0012169039283875967 0.033315021795944512 -0.018527871628653204 0.020475731843373243 -0.055670203870872043 0.0069549910898966862 5.7560508996238425e-05 -0.021615093435863316 -0.11311844623230898 -0.0025275344154699407
leaf_weight=1710 186 158 566 118 62 69 567 37 78 86 47 45716 52 43 472 117 38 275 49 365 147 1468 82 582 57 41 112 57 36 11485 49 63 128 87 48 7473 10647 1630 9942 1091 338 1022 2273 652 170 10320
leaf_count=1710 186 158 566 118 62 69 567 37 78 86 47 45716 52 43 472 117 38 275 49 365 147 1468 82 582 57 41 112 57 36 11485 49 63 128 87 48 7473 10647 1630 9942 1091 338 1022 2273 652 170 10320
internal_value=-2.60275e-06 0.0114971 0.0238807 0.0362528 -1.19369e-05 0.0499602 0.0579835 -0.0492105 -0.0909113 0.0115392 -0.0226033 -0.000377606 0.0108835 -0.0103525 0.0218229 -0.0352894 -0.0575941 -0.0347256 -0.160027 0.0193455 0.0015868 0.0344211 -0.0340236 -0.00693038 -0.0311375 0.0160152 -0.0198939 -0.037956 -0.000829981 -0.00396642 -0.0524898 -0.0342368 -0.0589144 -0.0366314 -0.0855361 0.00110241 0.00726946 -0.00345332 -0.00650877 -0.00953357 -0.0111238 0.00490531 0.0139517 -0.0142341 -0.0405884 -0.00421559
internal_weight=110811 3498 1788 1222 335 887 818 177 115 251 165 107313 4143 1180 515 665 479 392 87 2963 1361 1602 134 1214 591 623 534 422 103170 39334 411 362 299 263 176 63836 18120 38923 27438 21691 20600 5747 3903 1844 822 10658
internal_count=110811 3498 1788 1222 335 887 818 177 115 251 165 107313 4143 1180 515 665 479 392 87 2963 1361 1602 134 1214 591 623 534 422 103170 39334 411 362 299 263 176 63836 18120 38923 27438 21691 20600 5747 3903 1844 822 10658
is_linear=0
shrinkage=0.092745


Tree=158
num_leaves=47
num_cat=0
split_feature=17 53 75 83 48 65 33 33 81 25 97 19 18 7 48 12 90 70 27 1 6 36 4 77 56 11 69 80 34 90 56 22 19 30 84 68 46 37 94 100 31 56 50 95 22 13
split_gain=53.8283 101.568 84.4284 84.271 94.406 93.0363 90.6954 81.4548 67.9487 95.1119 75.1474 82.9044 65.5515 119.367 151.874 167.388 115.79 120.873 110.016 103.179 133.834 140.559 117.408 107.832 121.239 105.354 101.404 97.3576 96.9435 96.7442 119.049 113.427 103.715 150.422 127.246 96.1031 94.5067 94.186 96.741 102.718 93.6018 91.5984 98.1725 91.2444 90.789 96.4813
threshold=0.11026416155031836 0.044868204048833606 -0.032820488874843588 -0.0038198777077240497 0.082712740643043917 -0.062329043162795243 -0.043694896057167538 -0.017928712549182196 -0.0019572247371686495 -0.084340532114956832 0.016742129219553054 0.067979980122784958 0.030071527517148554 0.05186478119257356 0.0025356512751507506 -0.067390227771177133 -0.052110943488647039 -0.037567957212710293 0.10655251291647101 -0.05003017432751649 -0.028846533252124395 0.0047648845447431512 0.049898484632721708 -0.039294930069071789 0.054373543937541853 -0.048710526922936946 0.024857317577598653 -0.019501180210235246 0.06895839101021041 -0.052110943488647039 -0.0064803563288547495 0.072838698337571658 -0.021058337636754198 0.010606276877554052 0.03189235835571911 -0.012094782848037897 0.012684226726201252 0.035033278467179262 -0.0036350313646203495 0.61285000000000012 0.059867959721857655 -0.030857920764854947 0.040157726386829608 0.0026293516778654008 0.016597069456962005 0.11215075242889846
decision_type=2 2 2 2 2 2 2 2 2 2 2 2 2 2 2 2 2 2 2 2 2 2 2 2 2 2 2 2 2 2 2 2 2 2 2 2 2 2 2 2 2 2 2 2 2 2
left_child=12 2 -2 4 5 -4 -5 -3 9 -8 11 -11 29 14 15 -14 17 -17 19 22 21 41 23 -15 25 -25 -18 43 35 30 32 -32 -1 -34 -35 -24 -37 38 40 -40 -22 -21 -43 -28 45 -16
right_child=1 7 3 6 -6 -7 8 -9 -10 10 -12 -13 13 18 44 16 26 -19 -20 20 37 -23 28 24 -26 -27 27 -29 -30 -31 31 -33 33 34 -36 36 -38 -39 39 -41 -42 42 -44 -45 -46 -47
leaf_value=0.027788756858650843 -0.033223748881436206 0.094971615078186036 -0.083808675967611324 0.046423310493973628 -0.052985891678792293 0.044238863898750015 -0.18678180875997277 0.02071681584893598 0.0072610454718582285 -0.036388032083655326 0.028310103792211921 -0.18243344373365014 -0.031706448630409001 0.051402133202342853 -0.0068371651069982185 0.070819959515795547 0.0072153831767574009 -0.05438455271058306 -0.11576284206961522 -0.0099397775807061276 -0.0084620476629157625 -0.019768535549823441 0.094421666908284851 -0.096271243313126809 0.071318532867173504 -0.022036218162650199 0.033790466122291585 0.044099326472218321 -0.11169829300779786 2.0816600720420014e-05 0.031789127240032612 -0.058364678367504225 0.0028329608960303166 -0.032247205618076161 -0.14792332135060055 0.048354258651903237 -0.039069827441327649 0.027558040385719115 -0.077398525539851659 0.0039337126723026031 0.14508537101593955 -0.15478767939586127 -0.011158894803937705 -0.051546368058281278 -0.024950619773413407 0.052423449044670924
leaf_weight=618 434 201 51 241 108 994 35 347 526 333 141 37 906 176 3522 79 6167 404 98 69 405 304 186 195 102 1050 229 1388 39 82648 2401 126 887 284 115 280 171 336 431 193 37 232 50 203 2779 253
leaf_count=618 434 201 51 241 108 994 35 347 526 333 141 37 906 176 3522 79 6167 404 98 69 405 304 186 195 102 1050 229 1388 39 82648 2401 126 887 284 115 280 171 336 431 193 37 232 50 203 2779 253
internal_value=-2.67346e-06 0.0114031 0.00447639 0.01112 0.0294142 0.0379554 -0.00493746 0.0480128 -0.0165061 -0.0394194 -0.0292007 -0.0511588 -0.00036913 -0.00511744 -0.00139682 0.00617343 0.0102278 -0.033848 -0.0187259 -0.0164807 -0.0314105 -0.0660185 -0.00250653 -0.0167892 -0.0257183 -0.0336938 0.0128961 0.0321331 0.0296451 0.000736786 0.0140873 0.0272824 -0.00341973 -0.0184307 -0.0657035 0.0383663 0.0151728 -0.0152222 -0.0287229 -0.0522307 0.00444596 -0.105988 -0.129407 -0.00628594 -0.0122285 -0.00285825
internal_weight=110811 3448 2900 2466 1153 1045 1313 548 1072 546 511 370 107363 20284 15930 9376 8470 483 4354 4256 2057 655 2199 1523 1347 1245 7987 1820 676 87079 4431 2527 1904 1286 399 637 451 1402 1066 624 442 351 282 432 6554 3775
internal_count=110811 3448 2900 2466 1153 1045 1313 548 1072 546 511 370 107363 20284 15930 9376 8470 483 4354 4256 2057 655 2199 1523 1347 1245 7987 1820 676 87079 4431 2527 1904 1286 399 637 451 1402 1066 624 442 351 282 432 6554 3775
is_linear=0
shrinkage=0.092745


Tree=159
num_leaves=47
num_cat=0
split_feature=93 30 100 8 53 72 58 47 71 0 97 35 32 1 7 51 33 2 17 54 52 76 13 28 86 37 94 96 98 56 48 61 61 83 78 34 58 93 78 81 89 82 13 44 56 0
split_gain=54.5238 123.955 114.668 103.491 131.988 99.4786 132.734 139.541 109.945 93.0147 130.308 144.748 110.729 108.598 100.117 99.8048 93.8402 113.297 87.4573 105.043 86.5577 123.523 83.0027 75.5879 75.5205 73.5203 71.758 100.782 98.231 100.679 109.805 107.818 102.504 115.294 98.1606 88.4416 93.2042 98.3116 90.5462 85.2477 128.213 125.374 125.768 200.907 160.063 150.136
threshold=-0.051236470097233346 -0.010060863987306297 -0.44024999999999997 0.013287585329265852 -0.050225416066785544 -0.0008714953709843999 0.031906318927355209 -0.0081282683562979487 -0.0030902403821873995 0.14516156248346071 0.0048906054062665509 0.0228808894683214 -0.055948115493613941 -0.020544636777111245 -0.00049395148684884982 -0.073894520467655281 -0.037396157099663839 -0.0032197370845708493 -0.009043268291599748 -0.011804722110389548 0.0070744483747164503 -0.013001981062786149 0.0012730819196950002 -0.093858034327351139 -0.025405609333874399 -0.032504767952711393 0.035292286472220803 -0.012187054542779198 0.082402991799765513 0.10470772651042291 0.00032836590415640004 0.032044230353635558 0.053103029928717661 -0.029863980146514146 0.065519119709800053 -0.031808558835213795 -0.051045752467965992 0.0021160662881128506 -0.054019071732513448 -0.039011561508820396 0.0066509719175714011 -0.044444531604287192 0.0016894141478289502 -0.051591577314353196 0.0041282236156159006 0.10633333363620816
decision_type=2 2 2 2 2 2 2 2 2 2 2 2 2 2 2 2 2 2 2 2 2 2 2 2 2 2 2 2 2 2 2 2 2 2 2 2 2 2 2 2 2 2 2 2 2 2
left_child=1 2 3 5 -5 -1 7 8 -7 10 12 13 -3 -12 25 20 -16 -18 19 -6 21 -11 -19 -4 -9 -14 39 34 29 30 31 -29 33 -33 -28 38 -37 -38 -32 40 41 -2 44 -44 45 -43
right_child=26 9 23 4 18 6 -8 24 -10 15 11 -13 14 -15 16 -17 17 22 -20 -21 -22 -23 -24 -25 -26 -27 27 28 -30 -31 35 32 -34 -35 -36 36 37 -39 -40 -41 -42 42 43 -45 -46 -47
leaf_value=0.069181437898761355 0.014963847269857887 -0.14117449369889856 -0.095448308465133316 -0.068018543881636528 -0.048194183130947012 0.13228512174507487 0.11963425696847936 0.0090571780963721212 -0.03942235112167132 9.467776351918348e-05 -0.0095667261757902168 -0.22601410299771224 -0.048479121178224997 -0.15373706118221697 0.084191736288542596 0.0086499211887290945 0.0051691302128369513 -0.24416532779300876 0.18482569174627123 0.13316346467379162 0.0097986095694927305 -0.22834237689692144 -0.057678592889145765 0.013451487016852115 -0.15124787059468853 0.073908916589091642 0.01965896763144119 0.012938193580577432 0.076235865255318808 0.097275839570269015 -0.099778320235360402 -0.16717770195287707 0.014655119662646722 -0.034835193174751984 -0.036950197199208112 0.021542586636984169 -0.0096252710236959266 -0.047178345361944707 0.02384468963863948 -0.00051624648370648908 0.0029330456389789232 -0.19793896313183856 0.077250097106955198 -0.019310155323229695 -0.014704866797140037 -0.056927947959153478
leaf_weight=282 756 46 56 35 42 54 58 35 78 35 156 50 53 63 43 2630 87 39 109 78 66 48 44 2081 89 202 4619 3747 141 87 55 69 284 314 279 356 1148 1258 648 82534 3699 69 205 1905 1002 1077
leaf_count=282 756 46 56 35 42 54 58 35 78 35 156 50 53 63 43 2630 87 39 109 78 66 48 44 2081 89 202 4619 3747 141 87 55 69 284 314 279 356 1148 1258 648 82534 3699 69 205 1905 1002 1077
internal_value=-2.61446e-06 0.00819899 0.0220985 0.0506941 0.0990289 0.0292239 -0.00664828 -0.0354138 0.0308523 -0.00349276 -0.0317234 -0.0839889 -0.00431251 -0.0512488 0.00918845 0.00445893 -0.0376836 -0.0686804 0.124673 0.0696111 -0.0693 -0.13218 -0.146005 0.010579 -0.105974 0.0483922 -0.000518769 0.00592617 -0.000418384 -0.00177958 -0.00287857 0.00681979 -0.0275219 -0.0588199 0.0164296 -0.0152366 -0.0227135 -0.0292692 0.0141169 -0.0014375 -0.0101622 -0.0198254 -0.0260059 -0.00991306 -0.0418044 -0.0654772
internal_weight=110811 6559 2997 860 264 596 314 256 132 3562 783 269 514 219 468 2779 213 170 229 120 149 83 83 2137 124 255 104252 13005 8107 7966 7879 4414 667 383 4898 3465 2762 2406 703 91247 8713 5014 4258 2110 2148 1146
internal_count=110811 6559 2997 860 264 596 314 256 132 3562 783 269 514 219 468 2779 213 170 229 120 149 83 83 2137 124 255 104252 13005 8107 7966 7879 4414 667 383 4898 3465 2762 2406 703 91247 8713 5014 4258 2110 2148 1146
is_linear=0
shrinkage=0.092745


Tree=160
num_leaves=47
num_cat=0
split_feature=3 31 37 26 69 38 10 21 58 2 10 100 62 98 87 84 94 63 58 5 50 88 82 93 9 17 47 32 63 45 63 22 1 2 41 33 26 45 88 1 23 100 39 68 44 26
split_gain=53.747 93.2585 76.3409 84.784 66.8365 65.4633 93.5195 86.7733 109 104.257 111.614 138.899 133.149 119.869 97.0986 93.3964 89.7825 89.4269 97.1899 89.606 89.4257 88.7396 111.729 88.4751 87.1527 83.7598 84.0163 83.4033 82.5161 79.5995 76.6773 90.9149 75.3246 73.9612 71.1523 70.0632 69.9808 65.6006 116.819 118.749 146.797 148.577 123.332 116.614 109.407 101.931
threshold=0.18320225866052992 -0.056405694904297497 -0.009947770827363098 -0.051055475997987092 -0.038448789493880593 0.056013218138260261 0.087008087989963914 0.038826396399178759 0.090580881842646857 -0.025004046526151399 0.015842005196600204 -0.87929999999999986 0.025427165222171953 -0.020779416174386296 -0.010781544593413748 0.032944146475436954 -0.0025018225957694996 -0.034036664756646344 0.025564801917656105 0.15471524411643392 -0.036060755737745344 0.044544193260469607 -0.007189685843547549 0.0066168214817668011 -0.032867586610028844 -0.070246675266535094 -0.050177114438675195 -0.082100313940180886 0.051861044218532708 -0.0013809661759755499 -0.062187468613016793 0.040542638787951203 0.20186634959398828 -0.052627909693709694 0.030275658700176004 0.016886748323271705 -0.08053699033182829 0.038921726551335856 0.0025704051133177007 0.064256267873574413 -0.074198738043791193 -0.84674999999999989 0.01277678049237225 -0.020141120262351996 -0.015758319742929749 0.11838855171119995
decision_type=2 2 2 2 2 2 2 2 2 2 2 2 2 2 2 2 2 2 2 2 2 2 2 2 2 2 2 2 2 2 2 2 2 2 2 2 2 2 2 2 2 2 2 2 2 2
left_child=5 -2 4 -4 -3 37 7 9 17 14 20 -12 16 -14 27 21 -13 18 30 32 24 23 -23 -16 -11 29 -27 -7 -8 -22 -9 -32 36 -20 -29 -26 -19 -1 44 40 -40 -42 -43 -44 -39 -46
right_child=1 2 3 -5 -6 6 28 8 -10 10 11 12 13 -15 15 -17 -18 19 33 -21 25 22 -24 -25 35 26 -28 34 -30 -31 31 -33 -34 -35 -36 -37 -38 38 39 -41 41 42 43 -45 45 -47
leaf_value=-0.00044666811614574965 -0.095740350575228936 -0.10760063613263256 0.15500274427120708 0.039447510728440105 0.013450895665275816 -0.083151774760341163 0.038996586392356668 0.038197342882902406 -0.18370670181480708 0.10369976152906006 -0.11806729297133314 0.023608747756400521 0.026845060424928714 -0.13808213057419702 0.01321646614526276 0.041825128014894068 -0.038708127331492148 -0.128957129622118 -0.052626569482802608 0.10641754920991361 -0.0039769650802709555 -0.1549601491053039 0.0019092131015957089 -0.032150453878054583 0.04566206915749451 0.052226974237470372 -0.012770153321002536 0.019602392256902055 -0.085267350776727133 -0.15570633364320952 -0.033470282151486272 -0.19137119794299381 -0.14507425099499191 -0.20491897721198901 0.073087976518359243 -0.085083181683860143 -0.01011754684612921 -0.0015729006026826962 -0.07128750696673701 0.020777622384282012 0.036542815811151513 0.0002469198563363585 0.016178592676770593 -0.046918845418747385 0.021213758208169935 0.14069473808491373
leaf_weight=87259 53 45 63 408 293 54 530 85 38 121 167 370 51 145 824 304 429 44 50 51 55 82 74 670 97 188 1865 762 50 65 144 40 39 62 298 55 1158 2378 307 1469 637 2697 322 1151 4700 62
leaf_count=87259 53 45 63 408 293 54 530 85 38 121 167 370 51 145 824 304 429 44 50 51 55 82 74 670 97 188 1865 762 50 65 144 40 39 62 298 55 1158 2378 307 1469 637 2697 322 1151 4700 62
internal_value=-2.60888e-06 0.0230619 0.0308928 0.0550174 -0.0027023 -0.000183618 -0.00777796 -0.0102702 -0.0289046 -0.00549125 -0.0161794 -0.0398442 -0.0266715 -0.0951213 0.00707405 -0.00537839 -0.0098353 -0.0253496 -0.0648286 -0.0136852 -0.00492827 -0.0140893 -0.0805929 -0.00712193 0.0450652 -0.0112205 -0.00680507 0.0289242 0.028224 -0.0864516 -0.0344656 -0.0681139 -0.0186553 -0.137359 0.0346674 -0.00162827 -0.0145087 0.000490629 0.0064514 -0.00245851 -0.00913656 -0.00516044 -0.0115363 -0.0331159 0.0146679 0.0227806
internal_weight=110811 862 809 471 338 109949 8967 8387 1711 6676 3608 1162 995 196 3068 1954 799 1673 381 1292 2446 1650 156 1494 273 2173 2053 1114 580 120 269 184 1241 112 1060 152 1202 100982 13723 6583 5114 4807 4170 1473 7140 4762
internal_count=110811 862 809 471 338 109949 8967 8387 1711 6676 3608 1162 995 196 3068 1954 799 1673 381 1292 2446 1650 156 1494 273 2173 2053 1114 580 120 269 184 1241 112 1060 152 1202 100982 13723 6583 5114 4807 4170 1473 7140 4762
is_linear=0
shrinkage=0.092745


Tree=161
num_leaves=47
num_cat=0
split_feature=65 45 15 32 90 35 62 51 52 24 49 26 51 18 57 94 20 80 64 39 39 87 84 22 97 80 6 60 33 68 21 53 0 90 91 67 87 1 18 72 100 6 32 80 46 93
split_gain=53.9356 103.915 97.7896 92.6471 115.248 120.567 130.366 121.202 100.127 117.502 128.715 121.715 114.807 129.696 140.942 121.889 113.381 106.978 118.059 104.135 147.551 124.059 111.728 104.022 103.528 99.8654 99.8403 93.0485 88.2816 87.4947 115.364 97.4543 95.8639 95.8346 86.3608 112.531 98.7274 176.511 118.692 144.738 114.679 139.575 87.0257 94.6733 98.0509 86.7966
threshold=-0.027725897441189449 0.13932085995205892 -0.0067564994056995989 -0.0026551808942079998 0.064014355810023252 -0.0092822251238976975 -0.059722153222010195 -0.048326034568066542 -0.019174130003180193 0.046667772270699508 -0.0080941620847951486 -0.061399986211878095 -0.046495118732308389 -0.0033360069564842497 -0.014328409677747797 0.022256509547578504 0.042962412546804357 0.035756574236106613 -0.0051930398858278997 0.030349596644194201 -0.03326523849608664 0.00027432216580820004 -0.016684996958093296 0.0069641083153222016 -0.017259967568436795 -0.058976149763138593 -0.031816440589066845 -0.00029655485866119996 -0.016634786145883245 0.037352184154180158 -0.0059826721065553987 -0.042513545333025697 0.089986425804111161 -0.033059689748924641 0.031737420253815256 0.016390869010395302 0.023784117769919903 -0.071940863315820183 -0.018389499521429199 -0.04393219652642099 0.27400000000000008 -0.017320601142795447 -0.10090172301633719 0.011415257425431752 0.015088630693024001 0.064201276558036965
decision_type=2 2 2 2 2 2 2 2 2 2 2 2 2 2 2 2 2 2 2 2 2 2 2 2 2 2 2 2 2 2 2 2 2 2 2 2 2 2 2 2 2 2 2 2 2 2
left_child=1 3 -3 4 34 6 -6 -8 16 11 24 17 28 15 -15 -14 29 -10 -19 20 -18 23 -23 -22 26 -13 -11 -7 -12 30 31 -5 -32 -33 36 45 42 38 -38 -40 41 -39 -1 -44 -45 -36
right_child=-2 2 -4 8 5 27 7 -9 9 10 12 25 13 14 -16 -17 19 18 -20 -21 21 22 -24 -25 -26 -27 -28 -29 -30 -31 32 33 -34 -35 35 -37 37 40 39 -41 -42 -43 43 44 -46 -47
leaf_value=-0.061689068715956946 0.0010269418517609131 0.17121711408752643 -0.0096870981855594323 0.10694044628471755 0.049614206358756185 0.044644350233499226 -0.22851916867005753 -0.080403866605234312 -0.061873454518382311 -0.17081635153864841 -0.048545825263644114 0.045502872025303599 -0.048487752984914978 -0.03115347971441081 -0.13858551354328952 0.09128064091492237 0.024043096771816194 -0.063832632457803157 0.16673436931637386 0.036414302040441202 0.028175413248777568 -0.23016394550466807 -0.074622082938142556 -0.12384031728043246 0.029589373366264628 0.00089484010586247627 -0.011710959295107803 -0.064044067440947733 0.12530606968487257 0.058058868632444763 -0.13403125774181621 0.08259461738582434 0.0017282346684833222 0.010715091767515872 -0.034578240805253034 0.010417525146575913 0 0.012297339022209143 -0.23952931490548476 -0.073749175507858519 0.026467631844556239 -0.068737984159158855 0.010431465250747682 -0.028113041972744543 0.016379938009421217 -0.13711283465994059
leaf_weight=185 88418 56 47 150 46 142 65 179 418 47 48 469 250 174 267 68 199 36 40 216 119 63 109 57 419 5398 121 129 52 485 46 204 1336 732 1299 520 150 355 53 311 557 376 4354 1349 622 75
leaf_count=185 88418 56 47 150 46 142 65 179 418 47 48 469 250 174 267 68 199 36 40 216 119 63 109 57 419 5398 121 129 52 485 46 204 1336 732 1299 520 150 355 53 311 557 376 4354 1349 622 75
internal_value=-2.6652e-06 -0.0040686 0.0887379 -0.0044992 -0.0106849 -0.0516057 -0.0931421 -0.120138 0.0012796 -0.00468368 -0.0285455 0.000739543 -0.051415 -0.063728 -0.0962759 -0.0185022 0.013811 -0.0434567 0.0575094 -0.018045 -0.0395827 -0.0759955 -0.13196 -0.0211004 0.00490665 0.00446511 -0.0565179 -0.00705559 0.0418204 0.0220476 0.0149594 0.037576 -0.00280741 0.0264161 -0.00843284 -0.0263052 -0.00435799 -0.0235683 -0.0695031 -0.0980937 -0.00521524 -0.0293762 0.000958226 0.00279546 -0.0140649 -0.0402124
internal_weight=110811 22393 103 22290 10767 561 290 244 11523 7807 1446 6361 859 759 441 318 3716 494 76 763 547 348 172 176 587 5867 168 271 100 2953 2468 1086 1382 936 10206 1894 8312 1802 514 364 1288 731 6510 6325 1971 1374
internal_count=110811 22393 103 22290 10767 561 290 244 11523 7807 1446 6361 859 759 441 318 3716 494 76 763 547 348 172 176 587 5867 168 271 100 2953 2468 1086 1382 936 10206 1894 8312 1802 514 364 1288 731 6510 6325 1971 1374
is_linear=0
shrinkage=0.092745


Tree=162
num_leaves=47
num_cat=0
split_feature=55 8 100 86 54 19 55 39 0 26 85 14 100 5 65 26 60 89 28 51 26 98 57 17 15 21 14 3 27 75 5 36 3 58 44 15 6 19 59 27 4 53 43 41 66 18
split_gain=53.0929 90.6657 90.8193 90.2752 85.8951 108.806 98.7453 102.717 85.6391 147.635 144.788 120.393 133.377 130.429 110.902 108.129 103.56 107.37 101.729 98.6852 111.109 114.029 121.957 99.6051 131.97 151.889 248.836 164.103 134.49 162.304 127.509 124.37 121.67 112.541 108.959 148.604 104.642 103.347 129.925 107.651 100.734 100.196 96.9659 95.1304 94.1616 92.6012
threshold=-0.020791748898810299 -0.10791101939816189 -0.70924999999999983 0.065992513894099714 -0.025349479097920648 -0.11764302185134494 -0.058248764258085145 -0.048479513387626391 0.24708386589886058 -0.08053699033182829 0.034169863321105505 0.06585744541519846 0.12890000000000004 -0.061928457052375589 -0.014926042142586249 0.042588494912956458 0.032207310257406307 -0.0057093249766649494 -0.034638508081320095 0.054722644674621755 -0.046437068320860843 0.010452218572649002 -0.016028015562373248 -0.0093809596329748977 0.05568914402999716 -0.038001164013311946 -0.00084627543260644997 0.024460316476601754 -0.022911636431509196 0.022568063358841702 0.039133198498165059 0.076172916677209726 -0.057655863997381991 -0.034095589712814491 -0.057259583098971542 -0.011290135971798098 0.066698941159429162 0.038959100491386255 0.006574791241194651 0.020525163398188453 -0.0095428484866576478 -0.0076430849786463485 -0.059983821621948541 -0.036458142801292941 -0.039341312082880296 0.025984262700311202
decision_type=2 2 2 2 2 2 2 2 2 2 2 2 2 2 2 2 2 2 2 2 2 2 2 2 2 2 2 2 2 2 2 2 2 2 2 2 2 2 2 2 2 2 2 2 2 2
left_child=1 2 -1 8 -4 -6 -7 -8 19 10 -10 12 13 15 -14 18 17 -12 -11 23 21 22 -21 24 25 26 31 -28 29 -27 32 -2 34 -30 35 -25 -34 39 -39 40 -32 -40 -36 44 -15 -45
right_child=3 -3 4 -5 5 6 7 -9 9 11 16 -13 14 43 -16 -17 -18 -19 -20 20 -22 -23 -24 30 -26 28 27 -29 33 -31 37 -33 36 -35 42 -37 -38 38 41 -41 -42 -43 -44 45 -46 -47
leaf_value=-0.079053220577535874 -0.0040799080360086086 -0.0024811054765771791 0.052275861014730744 -0.016178831536472899 0.096768322866372714 0.037651189848009199 0.047192709336628905 -0.12091886347261359 -0.0072437327153976345 -0.074330242618335304 0.051127356565301152 -0.01160498136678711 0.025782773245967193 0.074693697125775588 -0.0071598979541170251 0.058830118538361391 -0.19647284046572538 -0.12229467014478559 0.0012275039538816629 -0.090047764467109104 -0.0071815407524280454 -0.11137682594826166 0.017549883473598822 -0.13539192585515514 0.016539422020493452 -0.021922852035992459 -0.069035351858281468 -0.014309921556724182 0.021012827769799482 0.012549367210712665 0.040702284391765639 0.095270772406405538 0.0027583516776270756 -0.00051877021191335079 0.06094594580188023 -0.018684100276519962 0.025439555226079682 0.013561703988132728 -0.12648252274999686 -0.00072580300950038324 0.009782848911474443 -0.017053531777322734 -0.011864044859958966 0.052688606826782232 -0.010759263815222079 0.019013257956649064
leaf_weight=264 1808 30409 132 2472 45 69 38 170 643 208 52 1538 1319 135 2633 192 63 74 579 144 3801 183 243 142 2782 4617 1088 833 2511 1575 2516 115 22390 12383 166 277 1898 551 123 1357 1419 174 2909 2097 615 1059
leaf_count=264 1808 30409 132 2472 45 69 38 170 643 208 52 1538 1319 135 2633 192 63 74 579 144 3801 183 243 142 2782 4617 1088 833 2511 1575 2516 115 22390 12383 166 277 1898 551 123 1357 1419 174 2909 2097 615 1059
internal_value=-2.6574e-06 -0.0032509 -0.0358206 0.00126604 -0.010617 -0.0364649 -0.0582359 -0.0901181 0.00182479 0.00932072 -0.0282581 0.0123363 0.0165048 0.0267532 0.0038325 -0.00350395 -0.0995606 -0.0506618 -0.0187444 0.000551808 -0.0129137 -0.0510914 -0.0224881 0.00150704 -0.00261766 -0.00475616 -0.0217108 -0.0453176 -0.00166442 -0.0131521 0.00487704 0.00186766 0.00220326 0.00311069 -0.0139772 -0.0583344 0.00453163 0.0169724 -0.0130726 0.0217898 0.0295574 -0.0624964 -0.00792376 0.0343401 0.00462665 0.0413959
internal_weight=110811 31127 718 79684 454 322 277 208 77212 11207 832 10375 8837 4885 3952 979 189 126 787 66005 4371 570 387 61634 27712 24930 3844 1921 21086 6192 33922 1923 27782 14894 3494 419 24288 6140 848 5292 3935 297 3075 3906 750 3156
internal_count=110811 31127 718 79684 454 322 277 208 77212 11207 832 10375 8837 4885 3952 979 189 126 787 66005 4371 570 387 61634 27712 24930 3844 1921 21086 6192 33922 1923 27782 14894 3494 419 24288 6140 848 5292 3935 297 3075 3906 750 3156
is_linear=0
shrinkage=0.092745


Tree=163
num_leaves=47
num_cat=0
split_feature=9 59 40 26 12 97 43 95 45 40 74 46 48 3 28 29 81 32 2 53 40 70 40 29 30 92 83 65 71 61 67 61 16 100 0 80 28 7 47 54 9 55 48 10 32 21
split_gain=52.5305 112.895 84.825 91.5365 93.4453 112.26 102.737 78.3923 89.4544 86.842 71.8226 62.0752 68.3633 60.4838 84.1524 89.2882 94.3386 85.8843 70.7362 162.69 115.723 80.9342 93.9526 77.0512 79.4301 99.722 71.7216 66.8111 78.0704 65.8451 68.8343 64.6444 103.376 61.0391 175.902 187.261 234.793 192.945 164.268 147.419 203.94 163.892 144.952 190.757 150.633 126.832
threshold=0.13409269157169382 0.049154635230086056 0.026264249836844205 -0.016700877541490394 -0.05122620193264369 -0.024896905180572349 0.0018425186496835004 -0.022281796242550344 -0.030970293807979849 -0.021256897091431196 -0.0059262154210305484 -0.050117327479618091 -0.0058096670188973491 0.18320225866052992 -0.043285164286910489 0.0012348955043375001 0.0065874203789563508 -0.033246574219994739 0.20653751426763325 -0.045721433637381792 -0.016181646992352746 -0.0053023565770856989 -0.026152763804832696 -0.01286583319800585 -0.013161063441741097 0.005513204114949901 0.010803242562772751 -0.010173072814675848 -0.0019907667829834994 0.012299321767271 -0.0096331715083090488 0.00090438137800880004 0.045579528991481308 0.3604500000000001 0.12478863389413276 0.028452838263667502 -0.039348472633845243 0.099374248208709659 0.00066769886474695014 0.0030496845861755005 0.0032962987332410005 -0.012427444019605849 -0.034679048017211743 0.027590338977929053 0.026528539003446202 -0.032435441913664896
decision_type=2 2 2 2 2 2 2 2 2 2 2 2 2 2 2 2 2 2 2 2 2 2 2 2 2 2 2 2 2 2 2 2 2 2 2 2 2 2 2 2 2 2 2 2 2 2
left_child=13 2 3 4 10 -6 -7 8 9 -5 -2 -3 -13 18 -15 16 -16 -17 33 26 21 -21 -23 27 25 -25 -20 -22 -29 -19 -31 -26 -33 34 35 37 38 39 -37 41 -41 -1 43 -38 -44 -36
right_child=1 11 -4 7 5 6 -8 -9 -10 -11 -12 12 -14 14 15 17 -18 29 19 20 23 22 -24 24 31 -27 -28 28 -30 30 -32 32 -34 -35 45 36 42 -39 -40 40 -42 -43 44 -45 -46 -47
leaf_value=-0.03190694687224737 -0.069924876238979056 0.011200822594516852 0.029720526411369273 -0.024014503130679342 -0.15331246655587275 -0.051433513201505021 0.072655269984686577 0.015875023626181515 -0.0024349395560221161 -0.20277080002763828 -0.22237604715465106 -0.060899928244751295 -0.21094762443486589 0.10265024586804479 0.090916487186475103 -0.11188843307459501 -0.0016540342388991101 0.04634517758120435 -0.21535075166706677 -0.157217557138849 0.10650802361456722 0.029514928557073241 -0.12812959492656717 0.11700742017638663 0.0029164117316694857 -0.072515134049317628 -0.042835011992816682 -0.065262735917993475 0.080474291069377535 -0.15298219787279324 0.0072470723087916774 -0.14744540208134602 0.03441165802112188 -0.0024771628810328176 -0.0036480415285071342 -0.049902294962090116 -0.040426219743831308 -0.108725018095157 -0.18888617714658917 0.020278378154035895 -0.018315337534219777 0.00073906057229280607 0.0010434725410959943 -0.21188466149150051 -0.064101640484909475 0.0072359000654503682
leaf_weight=2071 71 35 373 45 51 144 95 572 151 49 43 57 49 106 186 72 192 133 52 66 101 83 53 66 112 37 35 65 61 37 60 90 38 42075 12093 186 290 143 121 4331 1617 3658 1807 69 367 38603
leaf_count=2071 71 35 373 45 51 144 95 572 151 49 43 57 49 106 186 72 192 133 52 66 101 83 53 66 112 37 35 65 61 37 60 90 38 42075 12093 186 290 143 121 4331 1617 3658 1807 69 367 38603
internal_value=-2.53981e-06 -0.0160124 -0.00895842 -0.0207897 -0.0568865 -0.0288021 -0.00202466 -0.00290979 -0.0467897 -0.117673 -0.12796 -0.0954812 -0.13077 0.000252034 0.0258821 0.0138572 0.0438947 -0.0237003 6.581e-05 -0.0264381 -0.0128442 -0.0731171 -0.0319596 0.00851757 -0.0191905 0.0487821 -0.146471 0.0504164 0.00520686 0.0039517 -0.0540006 -0.0484422 -0.0933938 0.000277928 0.00205182 -0.00689525 -0.0282787 -0.00175572 -0.10485 -0.000441947 0.00978377 -0.0110609 -0.0189821 -0.0735608 -0.00995458 0.00463937
internal_weight=110811 1735 1594 1221 404 290 239 817 245 94 114 141 106 109076 786 680 378 302 108290 859 772 202 136 570 343 103 87 227 126 230 97 240 128 107431 65356 14660 2840 11820 307 11677 5948 5729 2533 359 2174 50696
internal_count=110811 1735 1594 1221 404 290 239 817 245 94 114 141 106 109076 786 680 378 302 108290 859 772 202 136 570 343 103 87 227 126 230 97 240 128 107431 65356 14660 2840 11820 307 11677 5948 5729 2533 359 2174 50696
is_linear=0
shrinkage=0.092745


Tree=164
num_leaves=47
num_cat=0
split_feature=38 32 35 13 25 6 31 100 75 16 0 91 77 76 51 53 25 69 45 60 26 21 40 89 61 31 67 43 58 46 62 54 85 50 79 90 26 46 83 85 96 89 15 32 3 51
split_gain=52.3132 87.7635 107.989 109.748 73.8063 72.3312 92.7022 89.1049 129.651 126.288 93.1277 87.0747 93.5588 109.532 86.1735 82.1732 71.3247 80.2611 65.9785 65.174 88.1432 74.7965 69.9524 63.241 62.7351 61.6708 133.478 91.0857 90.0566 107.601 129.461 117.223 115.012 116.616 112.487 116.393 101.784 97.962 110.685 149.921 118.28 96.6684 91.3175 88.4947 90.809 117.519
threshold=0.085046418482455213 0.058794203579569652 -0.0081724750339974995 0.039082855314136404 -0.0034501201598978993 -0.068343536893303788 -0.0010944893825800999 -0.8123999999999999 0.015975611917207502 0.017496213877505652 0.17807172707577032 0.033580979148041305 0.0080397381523828523 -0.012704068817467348 -0.0010347460182421999 0.018461983939200354 0.018353391637284552 0.060115931954001257 0.13932085995205892 -0.029926022708276798 -0.037292540339125997 -0.020031250633619494 0.018974806355663901 -0.025658098992891745 -0.014931196468498499 -0.033500541590815093 -0.0063428474451025499 0.025778679485978853 0.038097572377381102 0.024468919638544303 0.043932034007490059 -0.010447632414732599 -0.023579597597094295 -0.032508320767013994 -0.049635448144753645 0.022336023200243502 0.015063259975551203 -0.042403044876123987 -0.012449996438957698 0.039114830400634161 -0.019321198268487997 0.046719597834900602 -0.053498587056858643 0.13562539983703498 -0.018201141239484946 -0.0027444059197415994
decision_type=2 2 2 2 2 2 2 2 2 2 2 2 2 2 2 2 2 2 2 2 2 2 2 2 2 2 2 2 2 2 2 2 2 2 2 2 2 2 2 2 2 2 2 2 2 2
left_child=25 5 23 -4 -5 11 16 8 9 10 -8 12 15 -14 -12 -2 17 -7 19 21 -21 -9 -22 -3 -23 26 27 28 29 30 34 -32 42 36 35 -1 -34 -30 39 40 -39 -36 -31 44 45 -27
right_child=1 2 3 4 -6 6 7 18 -10 -11 14 -13 13 -15 -16 -17 -18 -19 -20 20 22 24 -24 -25 -26 43 -28 -29 37 32 31 -33 33 -35 41 -37 -38 38 -40 -41 -42 -43 -44 -45 -46 -47
leaf_value=-0.1036806833577265 0.050084401740170467 -0.213917253805543 0.025919844526636975 -0.019244163338318649 -0.20140742617905297 0.035513326690550684 -0.19969364106170878 0.03497877219914302 -0.17695537388929794 0.081610053095516638 -0.13705531175952862 0.043369254971717508 -0.0068670025987110318 -0.18273181601734326 0.051187663981721962 -0.11834555864379745 -0.0075059085708767187 0.17358934271808063 0.11163905659663005 0.085649482672754726 0.01135963442487513 -0.16599899039463517 -0.047378701569273741 -0.076847237400200885 -0.039661756426935715 0.0031748897529261136 0.0022796332697883619 0.0020200681014360643 0.033144523308409293 0.16340746346690038 -0.10803671928689594 -0.020140695664151633 -0.12505947954315641 0.0074004643974106459 -0.014903892867226848 0.012958231375354306 0.019166414271805578 -0.22229273471234995 -0.025790870264198226 0.042068618353495554 -0.087358518436146101 0.039753443292147306 0.033949714303042521 0.050977117077311312 0.0034557183915762874 -0.0085807531834917287
leaf_weight=229 71 36 191 41 36 479 38 55 65 63 35 71 46 91 51 38 364 39 41 98 545 58 256 151 82 14126 12388 2713 121 56 262 261 118 893 3252 108 65 74 460 58 232 304 285 309 56289 15167
leaf_count=229 71 36 191 41 36 479 38 55 65 63 35 71 46 91 51 38 364 39 41 98 545 58 256 151 82 14126 12388 2713 121 56 262 261 118 893 3252 108 65 74 460 58 232 304 285 309 56289 15167
internal_value=-2.90516e-06 -0.0119987 -0.0495509 -0.011721 -0.105017 -0.00538146 0.000412458 -0.0145296 -0.0643879 -0.0249772 -0.0793032 -0.0468588 -0.0729758 -0.123919 -0.0254647 -0.00866519 0.0239223 0.0460252 -0.00343426 -0.00778735 0.00274648 -0.0563539 -0.00740633 -0.103594 -0.09233 0.00033549 -0.00406015 -0.0123363 -0.0180845 -0.0137768 -0.0209129 -0.0642337 0.00845236 -0.00641411 -0.0150852 -0.0662811 -0.0738072 -0.0446473 -0.0560947 -0.0943031 -0.120211 -0.0102246 0.0553685 0.00145536 0.00127623 -0.00291137
internal_weight=110811 3041 455 268 77 2586 2269 1387 252 187 124 317 246 137 86 109 882 518 1135 1094 899 195 801 187 140 107770 21879 9491 6778 5833 4416 523 1417 1076 3893 337 183 945 824 364 306 3556 341 85891 85582 29293
internal_count=110811 3041 455 268 77 2586 2269 1387 252 187 124 317 246 137 86 109 882 518 1135 1094 899 195 801 187 140 107770 21879 9491 6778 5833 4416 523 1417 1076 3893 337 183 945 824 364 306 3556 341 85891 85582 29293
is_linear=0
shrinkage=0.092745


Tree=165
num_leaves=47
num_cat=0
split_feature=72 69 95 77 74 38 74 0 40 8 16 96 38 97 74 0 71 90 24 58 63 26 37 86 77 79 26 29 82 54 65 31 95 31 10 99 73 75 92 91 19 93 0 84 16 0
split_gain=51.7014 132.155 119.737 131.64 135.923 181.849 132.319 116.276 115.725 121.733 110.892 138.105 140.174 109.846 133.928 130.498 134.734 125.557 137.32 106.543 145.691 113.832 105.839 118.632 161.556 131.475 130.593 104.269 110.91 109.675 144.05 104.588 113.294 103.734 131.776 117.411 107.38 102.049 124.772 101.945 115.957 117.851 106.914 103.88 102.401 100.295
threshold=-0.0018038265582582499 -0.044020783633697998 0.013897577044462702 0.035896495285058554 0.027673106704240204 0.017928281914637401 0.056832728116011158 0.1185907317813495 -0.073851526442678436 -0.045877169771293143 0.030167627542819552 0.030746500557218403 -0.026312186494432645 0.014988167210340651 0.079288360172365513 0.16592531415438058 0.0061445072200577511 -0.018975336998012647 -0.028123431504562198 0.020645817810141152 0.030062852676027655 0.010210362950686601 -0.064716806115679038 0.0063648486240575506 0.049264015065923004 0.035380322914326003 0.00033916871458705006 -0.074545702936556976 -0.0036263776227539999 0.080412513724348669 -0.027725897441189449 -0.054043860593658642 -0.033255235615939994 -0.029625636746539095 0.0031673235077782505 0.016377358167866601 -0.051824699407682542 0.049804225476119707 -0.026083629505969996 0.062609973277543321 -0.019221730765361895 0.069721244851971217 0.12554905147001913 -0.056288325693386938 -0.022213915089428347 0.12554905147001913
decision_type=2 2 2 2 2 2 2 2 2 2 2 2 2 2 2 2 2 2 2 2 2 2 2 2 2 2 2 2 2 2 2 2 2 2 2 2 2 2 2 2 2 2 2 2 2 2
left_child=1 27 39 4 7 13 22 10 -7 -10 11 19 -13 14 17 16 45 18 -6 21 -21 -4 -5 -24 -25 26 -26 -1 -29 31 -31 -30 -33 34 35 36 -3 -34 -39 43 42 -42 -41 -2 -44 -15
right_child=2 33 3 6 5 8 -8 -9 9 -11 -12 12 -14 15 -16 -17 -18 -19 -20 20 -22 -23 23 24 25 -27 -28 28 29 30 -32 32 37 -35 -36 -37 -38 38 -40 40 41 -43 44 -45 -46 -47
leaf_value=0.039671122431980232 0.025896182949626971 0.026910574399916148 -0.033675826759435125 0.03882388374308194 -0.011352409739584235 -0.18016034106627152 0.038514658974699641 0.0033941190253839689 -0.12901557581022752 -0.033380203555623572 0.032752630065339697 0.028493558951948637 -0.15071764367250529 0.089215470153604856 -0.08010684989903688 -0.0069897147419810063 -0.1651751341200155 0.002020481164147131 0.12100591812092361 -0.13301479085745016 0.022708724989068532 0.032012470146765282 -0.058263450961982294 0.036927068942196321 -0.12702052853153309 0.064372640386070767 -0.016138499546750919 -0.0010744228143903165 0.028126751764991766 -0.071694972895421802 0.129595133786123 -0.085406730588495766 -0.021574658969686411 0.0057930886782467522 0.007734401812786975 0.0062680730339268005 -0.026336954157775892 0.016021029855771717 -0.13608473083163419 -0.11382377925136138 -0.0366950871362339 -0.18888917662444976 -0.034926862842181633 0.00077788620441580155 0.044493778568520589 -0.081260869898248114
leaf_weight=330 1474 355 583 153 105 60 229 9540 134 786 255 50 148 43 124 498 111 773 187 148 79 371 1286 329 183 73 183 2865 234 48 83 352 1881 38844 4323 1818 3897 67 149 58 830 46 211 36010 411 94
leaf_count=330 1474 355 583 153 105 60 229 9540 134 786 255 50 148 43 124 498 111 773 187 148 79 371 1286 329 183 73 183 2865 234 48 83 352 1881 38844 4323 1818 3897 67 149 58 830 46 211 36010 411 94
internal_value=-2.89737e-06 0.00200607 -0.00200058 -0.008618 -0.00517451 -0.023009 -0.0285254 -0.000520292 -0.0555549 -0.0473602 -0.0233793 -0.0337735 -0.105418 -0.00651294 0.0109814 -0.0344079 -0.089339 0.0216184 0.0734 -0.0217279 -0.0787998 -0.00811414 -0.0354918 -0.0410387 -0.0121676 -0.0489918 -0.0716726 -0.0109776 -0.013925 -0.0270022 0.0557405 -0.0310528 -0.0367155 0.00359096 -0.00463815 -0.013452 -0.0218866 -0.0285252 -0.0888818 0.000800163 -0.0224584 -0.0447615 0.00625994 0.00176618 0.0175265 -0.0275801
internal_weight=110811 55246 55565 16525 14089 2915 2436 11174 980 920 1634 1379 198 1935 1189 746 248 1065 292 1181 227 954 2207 2054 768 439 366 6009 5679 2814 131 2683 2449 49237 10393 6070 4252 2097 216 39040 1556 876 680 37484 622 137
internal_count=110811 55246 55565 16525 14089 2915 2436 11174 980 920 1634 1379 198 1935 1189 746 248 1065 292 1181 227 954 2207 2054 768 439 366 6009 5679 2814 131 2683 2449 49237 10393 6070 4252 2097 216 39040 1556 876 680 37484 622 137
is_linear=0
shrinkage=0.092745


Tree=166
num_leaves=47
num_cat=0
split_feature=19 77 54 96 15 52 91 87 93 32 7 86 66 52 60 13 78 84 7 41 32 59 97 79 38 4 74 4 70 96 47 96 22 8 41 3 48 42 77 23 32 18 20 25 99 49
split_gain=50.8524 107.824 97.9932 167.223 97.5615 134.176 128.978 137.825 150.717 112.221 105.514 120.308 129.373 106.569 135.29 100.556 120.217 110.2 100.555 91.5729 90.9242 90.0677 88.4249 86.9716 111.067 102.594 86.633 84.7674 95.9671 92.0291 81.5571 105.398 115.113 101.314 133.253 133.074 108.33 115.221 159.509 153.751 226.629 131.821 123.157 112.868 101.123 122.013
threshold=0.021164155982204804 -0.091981182671444742 -0.082059526153913334 0.025022521669147053 0.072805073274179413 -0.0065173239789440987 0.011278141790314252 0.0077197098578385007 0.066780534225860763 0.13562539983703498 0.011916101677242151 0.056202788223068859 -0.0094727806624469481 -0.018059875351756394 -0.042269508783396838 -0.092982268206320731 -0.014409388144161447 0.013624619680617001 0.020706746912483105 0.0098595615087308016 0.028101436490383856 -0.021627337465680897 -0.0067586529244683486 -0.0011257891658498999 -0.030933243977867945 -0.057625860786704994 0.056832728116011158 -0.063764283834258431 0.041751654694037556 0.0086870211552235524 -0.016210816248566896 -0.016833677400057648 0.10380358975687902 0.19520345599467237 -0.072673192314896634 -0.10152016796101658 0.0025356512751507506 -0.015072817415072449 -0.063118102518586225 -0.016980118297487145 -0.044263967799499739 0.030711354324205905 -0.072987311470798996 0.030110604206721205 0.00025681044694715003 0.031230516943398054
decision_type=2 2 2 2 2 2 2 2 2 2 2 2 2 2 2 2 2 2 2 2 2 2 2 2 2 2 2 2 2 2 2 2 2 2 2 2 2 2 2 2 2 2 2 2 2 2
left_child=30 -2 3 21 5 9 15 23 18 10 13 12 -12 26 -15 16 -7 -18 -9 -13 22 -3 -5 25 -25 -8 -4 28 -17 -29 31 32 -1 35 -35 -32 44 39 -39 -38 -41 -40 -43 -42 45 -37
right_child=1 2 4 20 -6 6 7 8 -10 -11 11 19 -14 14 -16 27 17 -19 -20 -21 -22 -23 -24 24 -26 -27 -28 29 -30 -31 33 -33 -34 34 -36 36 37 38 41 40 43 42 -44 -45 -46 -47
leaf_value=0.016808455380390289 -0.06409546769798502 0.11908708271822208 0.0053474967388783207 -0.015475056157529468 0.013579507449891386 0.03525316316992827 -0.060128447259463452 -0.010042613774389031 -0.20215103971179255 0.11617082685137919 -0.046189545910717847 -0.0037556897330445951 -0.014259274935440155 0.047052498060344616 -0.027490582600000216 -0.023687927297406482 -0.11424517535531009 0.014165865596636285 -0.051271350000723526 0.10337629681476927 0.065833607002854969 0.032666318668506292 -0.19472015064289697 -0.030532892216809149 0.028843824910172823 -0.0030826904623255129 -0.044609644079549884 0.018414105084436569 0.058575055112559157 -0.0011387342523453499 -0.023707908110068548 0.0017750731335207921 -0.056830851111625565 -0.13222922724216501 0.043404537550001746 0.0054120456685979555 0.02344466675476305 0.038061300041560872 -0.0078870968376078161 0.045811279783175257 -0.01994467973090245 0.062890246319863743 -0.037122434301940808 0.019099752089921668 -0.0019352951565909189 0.029276408163774373
leaf_weight=7188 247 142 4600 46 2678 126 324 1377 42 58 1848 200 2671 229 2407 1090 185 83 808 104 35 387 49 342 1298 1660 319 5846 137 3204 2179 18027 187 39 679 11470 2429 574 11937 653 3498 111 2167 778 14157 2196
leaf_count=7188 247 142 4600 46 2678 126 324 1377 42 58 1848 200 2671 229 2407 1090 185 83 808 104 35 387 49 342 1298 1660 319 5846 137 3204 2179 18027 187 39 679 11470 2429 574 11937 653 3498 111 2167 778 14157 2196
internal_value=-2.88698e-06 -0.00308425 -0.00261663 0.0327709 -0.0033545 -0.00492113 0.000555244 -0.0105099 -0.0286666 -0.0121978 -0.012803 -0.0235207 -0.027322 -0.00595858 -0.0210052 0.00662376 -0.0393342 -0.0744525 -0.0252997 0.0329125 -0.0613282 0.0559418 -0.108377 0.000645283 0.0164501 -0.0124128 0.00210257 0.00838807 -0.0144803 0.0114904 0.00127809 0.00559714 0.0149373 -0.000796931 0.0337968 -0.00127367 -0.000294995 -0.00513531 -0.00985409 0.00434723 -0.00506199 -0.0117906 -0.0322359 -0.0128367 0.0035574 0.00924836
internal_weight=110811 32542 32295 659 31636 28958 16522 5851 2227 12436 12378 4823 4519 7555 2636 10671 394 268 2185 304 130 529 95 3624 1640 1984 4919 10277 1227 9050 78269 25402 7375 52867 718 52149 49970 22147 14789 7358 4929 14215 2278 4276 27823 13666
internal_count=110811 32542 32295 659 31636 28958 16522 5851 2227 12436 12378 4823 4519 7555 2636 10671 394 268 2185 304 130 529 95 3624 1640 1984 4919 10277 1227 9050 78269 25402 7375 52867 718 52149 49970 22147 14789 7358 4929 14215 2278 4276 27823 13666
is_linear=0
shrinkage=0.092745


Tree=167
num_leaves=47
num_cat=0
split_feature=11 50 80 67 56 74 15 63 95 24 84 7 67 81 34 1 63 100 79 23 2 78 56 76 17 72 54 1 3 78 70 91 12 15 70 42 79 76 13 14 5 78 14 83 57 70
split_gain=52.2648 79.4484 95.5196 60.8076 58.5545 56.694 55.7825 53.6231 76.0003 66.6615 67.413 66.903 67.1913 61.1156 57.1401 77.0086 114.113 87.827 86.9756 76.2407 74.785 96.8485 118.195 97.0767 82.5083 71.6602 71.6007 71.4823 94.3332 66.3899 92.8442 79.7075 65.7082 87.5162 101.225 90.9714 100.103 94.9759 82.5631 77.2551 81.0148 106.88 74.4278 72.1166 74.9568 68.7698
threshold=0.13286656687283852 -0.024532762006744046 -0.033238432428816994 -0.029517726986023646 0.012274234142169351 -0.022894073370245595 0.017916390579034405 0.11919498533128246 -0.022979851243739847 -0.042376003915205789 -0.059682305963381643 0.0097592602912810016 0.017204661324834652 0.0036872649946489504 -0.081387212934806136 0.17057609265983603 0.036052200106401457 -0.81754999999999989 -0.062788231832767341 0.053203912706911556 0.025598420951099602 -0.004990449614101799 0.043226303603732454 -0.027264464165309397 -0.0031211293362524996 -0.026987632547110646 -0.0006437327591172499 -0.023313528556165596 -0.0023190882243054492 -0.039223675329164646 0.0050716418807191513 0.033580979148041305 0.11642893617403426 0.033802499164147307 0.014353901687877901 0.07541678043374557 0.019177522718174352 0.018754844402580503 0.16519571602010066 -0.047391013062219593 -0.020695510837782097 -0.0032132564587255496 0.0086633767500685511 0.045038807202037352 -0.015009748149354149 0.013194464401619551
decision_type=2 2 2 2 2 2 2 2 2 2 2 2 2 2 2 2 2 2 2 2 2 2 2 2 2 2 2 2 2 2 2 2 2 2 2 2 2 2 2 2 2 2 2 2 2 2
left_child=7 2 -2 6 5 -4 -3 14 -9 13 -11 -12 -13 -10 15 18 17 -17 -1 -19 26 23 24 -22 -23 -21 29 -28 -29 30 -20 -31 38 34 35 36 37 -34 45 -36 41 -41 -38 -35 -45 -16
right_child=1 3 4 -5 -6 -7 -8 8 9 10 11 12 -14 -15 32 16 -18 19 20 25 21 22 -24 -25 -26 -27 27 28 -30 31 -32 -33 33 43 39 -37 42 -39 -40 40 -42 -43 -44 44 -46 -47
leaf_value=0.073213410109630783 -0.14276890834005593 -0.05542974974326613 -0.12452995057037732 0.054304135515549176 0.070162852734129352 0.020593250559347003 0.061419163471405955 -0.11629172723382963 0.11909129700940078 0.049613912698963508 -0.1381101978220417 0.038319093804152757 -0.095392530338975198 -0.032813905298566322 -0.0018833186815599093 0.18296974466704208 -0.058790090273298651 0.056254945615204881 0.0054113351354231525 -0.12670763575369035 -0.031431227054435643 0.051908637586099426 -0.14472191616956831 0.086576321545869653 -0.03916224910886839 0.026843732435231551 0.00032508054784401917 -0.11367481232242189 -0.025019557759325302 0.0052442039776527402 -0.12652913614584865 0.077360596384488833 0.00066947218238659807 0.01972528199042264 0.032642800928241837 -0.090207430082574591 0.11243152155074372 -0.071964072800582979 0.049544357264964214 -0.11675106181267715 -0.11324754056861168 0.023921653869821591 0.0050714993904437495 -0.16649316908523179 0 0.0032613557389462107
leaf_weight=150 47 96 40 501 71 54 55 77 52 57 69 68 61 40 70158 40 94 539 125 40 76 200 46 279 149 74 427 147 348 910 72 154 557 706 63 116 96 214 287 77 238 116 132 38 59 32796
leaf_count=150 47 96 40 501 71 54 55 77 52 57 69 68 61 40 70158 40 94 539 125 40 76 200 46 279 149 74 427 147 348 910 72 154 557 706 63 116 96 214 287 77 238 116 132 38 59 32796
internal_value=-2.67706e-06 0.022715 -0.026542 0.0387566 0.00667184 -0.0412066 -0.0127431 -0.000181383 -0.0330892 -0.0145066 -0.0389476 -0.0645462 -0.0248744 0.0530005 -5.37753e-05 0.0110143 0.0369054 0.0499243 0.00439782 0.0416772 0.000867006 0.0261316 -0.00543488 0.0612694 0.0129881 -0.0270965 -0.00780902 -0.027451 -0.0514254 0.00654469 -0.0428547 0.0157129 -0.000459349 -0.0155905 -0.0280713 -0.0125653 -0.00351293 -0.0194923 -0.000105669 -0.0630146 -0.077041 -0.0322206 0.0504196 0.00940187 -0.0654327 -0.000244345
internal_weight=110811 864 212 652 165 94 151 109947 424 347 255 198 129 92 109523 3870 787 693 3083 653 2933 750 395 355 349 114 2183 922 495 1261 197 1064 105653 2412 1609 1115 999 771 103241 494 431 193 228 803 97 102954
internal_count=110811 864 212 652 165 94 151 109947 424 347 255 198 129 92 109523 3870 787 693 3083 653 2933 750 395 355 349 114 2183 922 495 1261 197 1064 105653 2412 1609 1115 999 771 103241 494 431 193 228 803 97 102954
is_linear=0
shrinkage=0.092745


Tree=168
num_leaves=47
num_cat=0
split_feature=71 48 22 97 15 4 37 5 3 79 66 0 94 81 98 63 20 83 25 3 88 12 6 36 8 27 77 37 14 69 72 72 35 18 42 60 87 66 22 79 46 38 74 100 61 31
split_gain=50.3383 79.3517 113.571 83.4964 127.659 109.375 144.596 95.8223 88.6817 82.6262 79.1017 78.9179 173.737 254.556 301.366 167.328 166.463 242.506 164.578 157.153 167.138 169.22 173.986 149.84 190.97 156.946 147.884 143.343 142.37 142.324 135.055 120.732 171.342 112.394 151.871 124.371 121.442 124.654 118.115 112.325 108.235 108.127 104.45 170.537 156.938 97.5678
threshold=0.019827738354579454 -0.093114618338819746 -0.014481840724625347 -0.06926271308211078 -0.018388492479708345 -0.00088188758268304996 0.011656279106518003 -0.013421471909875048 0.010947161251270002 0.048307636307804859 0.022608494621259155 0.084523903549994714 -0.0074386382283709992 -0.0030234662956256995 0.0051079292984967011 -0.040324664644428243 0.00045839166921165007 0.0098311009867993512 0.099335838685156067 -0.012025422060187198 -0.020995574346948796 -0.024332935194512347 0.0045180657918562012 0.042014399469555104 -0.0067437101678851493 -0.018273441317655847 0.0092855966308624509 -0.0022619470498534996 0.016873082176219505 0.016417607683000605 -0.0064298971577701489 -0.050762912920451493 -0.0036078868111263994 -0.0039671815089653492 0.032537463960996611 0.022354599082760003 -0.013035463202295998 -0.013761535332840748 -0.03256479169588284 0.00029715383688775005 -0.011667604096852248 0.0074022556974997012 -0.0041260776524442494 -0.20219999999999996 -0.028075533098468147 0.014611819671396251
decision_type=2 2 2 2 2 2 2 2 2 2 2 2 2 2 2 2 2 2 2 2 2 2 2 2 2 2 2 2 2 2 2 2 2 2 2 2 2 2 2 2 2 2 2 2 2 2
left_child=11 2 -2 4 5 6 8 9 -3 -6 -7 12 13 15 33 -1 26 29 23 -17 -21 -22 -23 28 27 -26 -16 -25 31 45 -19 32 -14 34 36 38 -15 -38 -35 -30 -41 -42 44 -44 -33 -18
right_child=1 3 -4 -5 7 10 -8 -9 -10 -11 -12 -13 18 14 16 19 17 30 -20 20 21 22 -24 24 25 -27 -28 -29 39 -31 -32 42 -34 35 -36 -37 37 -39 -40 40 41 -43 43 -45 -46 -47
leaf_value=0.12725407150312834 0.082288228569490265 0.16418203958581101 -0.011541213396761271 -0.0049471979538677205 -0.022532730665984359 0.1837497461712036 -0.11963921826612169 0.032090079665905803 -0.026075520708908759 -0.17691823136694096 0.019849907159564126 0.0019314219193400017 -0.2416792931019911 0.088025253262524403 0.060529667598733655 -0.0016820073638228259 -0.17145197883572275 -0.075641999228083207 0.1693117373589062 0.018897556191077157 0.00054009919828920401 -0.18292938687203483 -0.07021558632114222 -0.10649875623739496 -0.25729372866243561 -0.067192956450033856 -0.10672332508426166 0.11464311122282593 0.071888251062349126 -0.039013623953440248 0.14961279787425499 -0.08978151063798602 0.025892176854068104 -0.077900691155259799 -0.18052417882832203 0.23829059110786538 -0.12265929765930046 0.018284375146876138 0.084065746086971857 -0.087083047544247533 -0.00035888716186092007 0.15193949464437434 -0.056913129964315086 0.0066330026442306452 0.031729384855385116 -0.35255573866524437
leaf_weight=36 222 52 221 26277 151 94 43 284 35 37 35 77292 43 148 132 191 94 59 50 92 91 290 200 39 51 140 69 70 438 51 37 100 39 47 35 36 70 232 213 89 183 51 563 1022 1031 36
leaf_count=36 222 52 221 26277 151 94 43 284 35 37 35 77292 43 148 132 191 94 59 50 92 91 290 200 39 51 140 69 70 438 51 37 100 39 47 35 36 70 232 213 89 183 51 563 1022 1031 36
internal_value=-2.53294e-06 -0.00344731 0.0354713 -0.00408655 0.0268222 0.0791057 0.0188687 -0.00186881 0.0876504 -0.0532117 0.139528 0.0011317 -0.00905226 -0.0301673 -0.00322714 -0.0678254 -0.0612176 -0.107803 0.00260776 -0.0760089 -0.0970732 -0.115461 -0.137019 0.000431921 -0.0624785 -0.118332 0.00297674 0.0353226 0.00574327 -0.170925 0.0112194 -0.00392727 -0.114606 0.032257 0.00472994 0.0772664 0.0192742 -0.0144245 0.0546814 0.0413054 -0.000150769 0.0329208 -0.000569012 -0.0159365 0.0209537 -0.222371
internal_weight=110811 27451 443 27008 731 259 130 472 87 188 129 83360 6068 2159 1259 900 478 277 3909 864 673 581 490 3859 300 191 201 109 3559 181 96 2798 82 781 485 296 450 302 260 761 323 234 2716 1585 1131 130
internal_count=110811 27451 443 27008 731 259 130 472 87 188 129 83360 6068 2159 1259 900 478 277 3909 864 673 581 490 3859 300 191 201 109 3559 181 96 2798 82 781 485 296 450 302 260 761 323 234 2716 1585 1131 130
is_linear=0
shrinkage=0.092745


Tree=169
num_leaves=47
num_cat=0
split_feature=34 75 83 48 80 58 0 26 100 88 19 53 41 15 34 40 83 9 72 11 3 6 54 56 31 80 25 90 100 0 80 65 89 32 81 19 54 51 12 14 15 9 92 24 67 45
split_gain=49.2679 112.523 157.514 101.01 125.267 83.7922 72.1245 129.452 113.776 93.1581 91.9566 124.023 112.048 83.5518 125.398 83.0461 82.1288 79.6549 100.414 117.758 137.652 145.479 127.504 147.979 119.392 105.231 102.109 115.169 98.6507 148.511 162.386 169.74 179.341 150.783 148.274 144.341 158.143 149.405 145.288 163.114 151.908 135.516 155.021 132.309 129.913 145.586
threshold=0.076514654030738816 -0.0052206415842422993 -0.044116721954240247 -0.043815318665587945 0.038864806098644712 0.033903765519640756 0.29692304742960279 -0.091948524763022996 0.45865000000000006 -0.0094102194756354989 0.074882998740969112 -0.043167074921523892 0.044602555156525905 -0.065856962706443936 0.0100541045771499 0.10127625446299657 -0.037474794148719043 0.035488849536434205 -0.040885209177076949 0.063144735539944014 0.12681663250519523 -0.06140945101246769 -0.0019274142258029496 0.053087824945387711 -0.031185863209023498 0.070722763896936255 -0.0027691955993998495 0.045959541916907508 0.3604500000000001 0.10020182995503346 0.028452838263667502 -0.017852417109552699 0.00090518822935880009 -0.024388269465463297 0.023391285670725206 0.00090798351780210014 0.0010229595835705501 -0.039284319877217692 0.012188658261542152 -0.018028275581868345 0.013996783954891852 0.028977479724225205 -0.0025742547638998993 0.012146067248008601 0.023948123174858806 -0.005125352734226549
decision_type=2 2 2 2 2 2 2 2 2 2 2 2 2 2 2 2 2 2 2 2 2 2 2 2 2 2 2 2 2 2 2 2 2 2 2 2 2 2 2 2 2 2 2 2 2 2
left_child=6 -2 3 -3 5 -5 17 9 10 -8 11 13 15 -9 -15 16 -13 28 25 20 21 26 -23 -24 -22 -19 27 -20 29 30 44 33 34 -32 -33 36 41 -38 -37 -40 -41 -31 -43 -34 45 -1
right_child=1 2 -4 4 -6 -7 7 8 -10 -11 -12 12 -14 14 -16 -17 -18 18 19 -21 24 22 23 -25 -26 -27 -28 -29 -30 35 31 32 43 -35 -36 38 37 -39 39 40 -42 42 -44 -45 -46 -47
leaf_value=0.010593526162307895 0.0072276325713839205 0 -0.015485683458512794 -0.039131305993299594 -0.28953906926907397 -0.20730068961426643 0.01199555705628815 -0.094738166740355248 -0.0040223450443217729 -0.086550161856741567 0.066417326917901337 0.069064405838452192 0.085261526514093952 0.056959003836021906 -0.060967390917980258 0.15930297236591712 0.0065970578841920138 0.01587246592336718 0.036611835199136196 0.01043273012820364 -0.048742685068624114 -0.0076852837478183743 -0.030104052552713055 0.031095644763168902 0.023206254502248672 -0.078767089966675252 -0.011120376896663776 -0.051037815454558315 -0.0026513427713343051 0.0010290001577661261 0.054127796462495471 -0.014446070953605544 -0.021482559794464517 -0.15162459221891481 0.097520521328836027 0.0072382838525534756 0.047337143019705194 0.015059037193974072 0.0070885533363158485 -0.029885758935935709 0.0055436355767766532 -0.0015448402400040989 0.096775604803964771 -0.11813647270080738 0.031606560172869218 -0.022383499574486938
leaf_weight=2048 1891 64 2203 82 36 37 147 108 1418 187 458 217 281 160 150 36 1090 2498 1083 2744 227 5961 5947 360 1556 105 1297 146 32895 10207 37 419 277 172 134 11085 1428 9076 3282 3549 1472 272 279 218 843 2629
leaf_count=2048 1891 64 2203 82 36 37 147 108 1418 187 458 217 281 160 150 36 1090 2498 1083 2744 227 5961 5947 360 1556 105 1297 146 32895 10207 37 419 277 172 134 11085 1428 9076 3282 3549 1472 272 279 218 843 2629
internal_value=-2.51398e-06 -0.00971997 -0.0229569 -0.0979323 -0.138343 -0.0919046 0.000390924 0.0122261 0.0169542 -0.0431642 0.0288567 0.0204175 0.0320162 -0.0246042 -6.1772e-05 0.0208497 0.0169917 -0.000101151 -0.00505609 -0.00736039 -0.0103066 -0.0132411 -0.0174147 -0.0266074 0.0140322 0.0120414 0.00702272 0.0261789 0.00125115 0.00395818 -0.00875143 -0.0388328 -0.0235808 -0.11511 0.0126967 0.00607745 0.0113548 0.0194497 0.000289219 -0.00898648 -0.0194965 0.0034495 0.0482395 -0.0641204 -0.00189726 -0.00794059
internal_weight=110811 4313 2422 219 155 119 106498 4252 3918 334 2500 2042 1624 418 310 1343 1307 102246 21924 19321 16577 14794 12268 6307 1783 2603 2526 1229 80322 47427 6777 1257 1048 209 553 40650 21262 10504 19388 8303 5021 10758 551 495 5520 4677
internal_count=110811 4313 2422 219 155 119 106498 4252 3918 334 2500 2042 1624 418 310 1343 1307 102246 21924 19321 16577 14794 12268 6307 1783 2603 2526 1229 80322 47427 6777 1257 1048 209 553 40650 21262 10504 19388 8303 5021 10758 551 495 5520 4677
is_linear=0
shrinkage=0.092745


Tree=170
num_leaves=47
num_cat=0
split_feature=11 19 45 36 43 80 12 80 23 79 91 79 20 89 22 94 89 25 17 29 67 95 67 79 88 24 19 62 33 88 81 20 63 93 54 10 13 30 84 23 13 81 7 49 24 59
split_gain=50.898 73.5963 92.9866 94.5552 94.9246 92.4871 87.988 83.8455 75.2352 66.1857 56.2507 54.6206 54.2034 71.9623 76.9784 78.0215 58.0182 110.154 110.713 100.965 117.426 99.6375 97.3074 126.458 118.79 111.415 106.239 127.241 105.127 96.8669 117.498 112.013 107.259 115.542 95.6514 96.9748 95.0521 94.8881 96.3217 94.2816 123.493 93.5267 111.994 101.703 92.2934 91.9401
threshold=-0.15516119816725618 0.028430872769107305 0.021359372445672205 -0.049472033508059489 -0.010013986998503447 0.0020910666993272501 -0.032768907043611142 -0.0035808873431043995 -0.035323090587375594 0.0177918046147288 -0.03273203659365654 0.0062071345414505506 -0.13354081320509201 0.020249792535714805 -0.030577187252190694 -0.023574295370300046 0.0014714837640885001 -0.038936525708576745 -0.085978324766005823 -0.072728594057908838 -0.032815370526663688 -0.060828041679714041 -0.014149128090135148 0.093123221188323058 -0.030775354549763548 0.05412219446481021 -0.010579000302062597 -0.015947660623231798 0.10382802237438966 0.078500417876484971 -0.061606243935264739 0.025861484302828603 0.041328418176858256 -0.018441107169196499 0.048497715174609012 -0.062634769454410891 0.074236680471921154 0.058559293158344454 -0.018220344180762297 0.0046368684344818513 -0.036577189847623592 -0.045186221553866347 -0.036623734746121746 -0.024076357975162294 -0.0019818662768531993 -0.0076165144078023991
decision_type=2 2 2 2 2 2 2 2 2 2 2 2 2 2 2 2 2 2 2 2 2 2 2 2 2 2 2 2 2 2 2 2 2 2 2 2 2 2 2 2 2 2 2 2 2 2
left_child=1 2 3 5 7 11 -6 -5 -8 -4 -3 -1 13 -2 -15 -16 17 18 39 20 -18 37 23 24 28 -24 -25 -28 -19 -21 31 -31 33 -32 35 -27 -37 38 -20 -14 -41 43 -43 -26 -35 -40
right_child=12 10 9 4 6 -7 8 -9 -10 -11 -12 -13 16 14 15 -17 19 22 21 29 -22 -23 25 26 41 34 27 -29 -30 30 32 -33 -34 44 -36 36 -38 -39 45 40 -42 42 -44 -45 -46 -47
leaf_value=0.013919283732724563 0.040246306110078685 0.029698757894410583 0.094341734017482859 -0.034813927417092397 -0.079829887250324444 -0.064869757454807123 -0.063481137294838841 -0.18510680045412323 0.10364175111728106 -0.035261759214180274 -0.084138592558112471 0.15676658678323493 -0.088885759155236638 0.042083137642455089 -0.17988170291897285 -0.020411758260733881 0.061015513117277299 0.0081301148869540475 0.0030955325877112471 0.0018367337489469699 0.010327951188041258 -0.0066559943084614822 0.0044897386413950075 0.0097204249605278448 0.0091267338544046856 -0.059890552637405788 -0.2671986787861898 -0.053012667452672579 0.11630545287094234 0.13701896937580438 -0.0037677310179125177 -0.070973312913021544 0.068520292975947944 -0.044534505265652308 0.03854742528012179 -0.016634250693620057 0.058134137469785852 0.074577474821159256 -0.036754367247303951 -0.063634894222085805 0.046991856683259024 0.0089130740995259517 -0.011971691169122925 -0.057842230412707356 -0.14578734671432464 -0.17385420097325593
leaf_weight=43 607 45 113 60 89 50 35 69 67 48 211 50 280 92 38 86 497 3092 79 48149 1883 8316 29151 58 279 424 43 54 79 60 169 35 57 145 272 2266 156 38 70 205 150 2897 9284 645 168 107
leaf_count=43 607 45 113 60 89 50 35 69 67 48 211 50 280 92 38 86 497 3092 79 48149 1883 8316 29151 58 279 424 43 54 79 60 169 35 57 145 272 2266 156 38 70 205 150 2897 9284 645 168 107
internal_value=-2.34383e-06 -0.022215 -0.00500278 -0.0261352 -0.0541558 0.0364557 -0.0125155 -0.11554 0.0461451 0.0556236 -0.0640641 0.0911099 0.000175402 0.0238835 -0.0220284 -0.0696923 -3.36493e-06 -0.00201311 -0.011294 0.00227251 0.0209245 -0.00853489 -0.000250931 -0.00606091 -0.00526519 0.00270705 -0.0893649 -0.148607 0.0108396 0.00136213 -0.0346444 0.060264 -0.0514206 -0.0656649 -0.0139543 -0.0189802 -0.0118065 -0.0615763 -0.0819005 -0.0486624 -0.0168526 -0.00916325 -0.00700347 -0.0376097 -0.099008 -0.119857
internal_weight=110811 880 624 463 320 143 191 129 102 161 256 93 109931 823 216 124 109108 57945 9245 51163 2380 8610 48700 16431 16276 32269 155 97 3171 48783 634 95 539 482 3118 2846 2422 294 256 635 355 13105 12181 924 313 177
internal_count=110811 880 624 463 320 143 191 129 102 161 256 93 109931 823 216 124 109108 57945 9245 51163 2380 8610 48700 16431 16276 32269 155 97 3171 48783 634 95 539 482 3118 2846 2422 294 256 635 355 13105 12181 924 313 177
is_linear=0
shrinkage=0.092745


Tree=171
num_leaves=47
num_cat=0
split_feature=49 53 80 28 13 61 26 100 71 68 44 58 2 28 96 23 94 0 18 36 41 22 38 67 53 76 76 7 93 39 91 34 38 82 26 9 82 70 26 16 53 23 57 15 32 78
split_gain=50.2724 78.5735 138.067 97.8528 104.518 118.737 116.61 116.406 94.7806 91.3894 87.5763 87.119 80.8663 124.718 82.6752 80.808 126.422 113.851 114.834 170.969 112.056 130.562 104.66 103.021 103.184 98.0507 97.8428 103.529 96.8782 95.3513 92.3508 91.9255 87.6057 88.3459 83.2273 78.0776 92.2577 77.3775 76.8221 76.6501 71.2624 85.7466 74.0716 70.0749 69.7142 78.0676
threshold=-0.043867623563434689 -0.0031963621211538499 0.089694497010620558 -0.032120161791572892 -0.025385979689760897 0.049250571991239958 0.078972273279722061 -0.94714999999999994 0.084417358996460759 0.060675223299856605 -0.053767918971661395 -0.016002924051881594 0.023489087911482655 0.053802102423520008 -0.024859904327745146 0.0089848104624345518 -0.015402167064811298 0.093523567680457165 1.0000000180025095e-35 0.010026488850851901 0.0019823875106197006 0.018140585820869203 -0.030371550303679745 -0.014521713702237348 -0.040397262155850537 0.033544223492740957 0.03953578116920551 -0.017774727675819498 -0.00086217498351749981 -0.0084242003623578986 -0.00059192832706779985 0.011088335418861651 -0.052857760440891341 0.010179516224928851 0.0074432945118747514 -0.038567422464482443 0.0045842201032259009 0.011807022247214203 -0.049787079801372994 -0.015555505812941349 -0.014795904900507448 0.0034306934386189505 -0.016406938192122397 0.013043340474188252 0.022254745574071453 -0.04397085308076084
decision_type=2 2 2 2 2 2 2 2 2 2 2 2 2 2 2 2 2 2 2 2 2 2 2 2 2 2 2 2 2 2 2 2 2 2 2 2 2 2 2 2 2 2 2 2 2 2
left_child=1 2 9 10 -5 6 8 -7 12 15 11 -3 14 -14 -6 17 20 18 29 -20 28 -22 40 -24 -25 32 -27 -28 -17 31 -30 -1 34 -34 -18 36 -9 -10 -37 -23 41 -19 -42 -13 45 -12
right_child=-2 3 -4 4 5 7 -8 35 37 -11 44 43 13 -15 -16 16 25 22 19 -21 21 39 23 24 -26 26 27 -29 30 -31 -32 -33 33 -35 -36 38 -38 -39 -40 -41 42 -43 -44 -45 -46 -47
leaf_value=0.0065483567309251277 0.00071040323681339406 0.051679900675093773 -0.17784735649980271 0.015615260801075332 0.041288892791091929 0.085858028492038649 0.10789219135057866 -0.22892781269388268 -0.035439367924832259 0.033085385032045632 -0.033377021914680643 -0.19362184350934436 -0.013033473377194554 -0.10331051096494544 -0.0051848385336288431 -0.01846831625900628 -0.11249188276357736 0.026853615110282811 -0.31861069397464253 -0.04524837407045304 0.048472935944573255 0.0016245318380951671 -0.0010176342025648808 -0.012581865423041521 -0.057812383317691472 -0.16758376812158676 0.066596367336683601 -0.06323881623287371 -0.045646836181727282 0.087381598187498619 -0.17399278351122932 -0.20095652512180759 0.057442776996285923 -0.0011954618833688838 0.037822836590201872 -0.16759651414090501 -0.046964804954741771 -0.20908524934503867 -0.031586596540963997 -0.15638661690304201 -0.11097317257396917 -0.10448942848430384 -0.0006287523872922265 -0.02073552178161845 -7.6883475812782108e-05 0.062673672240615194
leaf_weight=38 98045 49 43 1655 413 44 75 52 60 370 82 39 740 160 1618 193 69 757 38 41 224 53 818 702 1140 40 89 129 95 38 99 35 662 331 58 41 45 35 271 52 80 45 151 42 330 625
leaf_count=38 98045 49 43 1655 413 44 75 52 60 370 82 39 740 160 1618 193 69 757 38 41 224 53 818 702 1140 40 89 129 95 38 99 35 662 331 58 41 45 35 271 52 80 45 151 42 330 625
internal_value=-2.29649e-06 -0.00547691 -0.0127451 0.00180534 -0.00363099 -0.0125978 -0.00611129 -0.0569392 -0.0089513 -0.0116165 0.0260775 -0.0455635 -0.00598637 -0.0291256 0.00426326 -0.0143874 0.000291223 -0.0223062 -0.0922874 -0.177585 -0.0313089 0.00844736 -0.0186952 -0.028425 -0.0405867 0.0167235 -0.0347715 -0.0101524 -0.0651235 -0.0311577 -0.111373 -0.0931493 0.0286037 0.0378882 -0.0438061 -0.0723838 -0.145038 -0.0999921 -0.0496403 -0.0767109 0.00634714 0.0194324 -0.0389921 -0.104533 0.0350818 0.0515052
internal_weight=110811 12766 6390 6376 5209 3554 3101 453 3026 6347 1167 130 2931 900 2031 5977 2094 3883 190 79 716 329 3693 2660 1842 1378 258 218 387 111 194 73 1120 993 127 409 97 95 312 105 1033 802 231 81 1037 707
internal_count=110811 12766 6390 6376 5209 3554 3101 453 3026 6347 1167 130 2931 900 2031 5977 2094 3883 190 79 716 329 3693 2660 1842 1378 258 218 387 111 194 73 1120 993 127 409 97 95 312 105 1033 802 231 81 1037 707
is_linear=0
shrinkage=0.092745


Tree=172
num_leaves=47
num_cat=0
split_feature=38 82 0 39 8 74 81 6 1 30 39 3 45 89 59 86 22 95 96 2 84 52 50 0 2 100 58 65 49 88 29 58 7 35 69 32 64 40 3 57 10 25 7 33 74 57
split_gain=47.7652 87.908 77.719 145.55 183.384 130.545 114.949 114.264 114.034 124.045 166.855 117.151 111.896 163.934 119.5 104.822 124.121 115.123 104.65 143.657 93.2288 88.9743 85.8308 113.551 92.7031 88.7938 92.9533 96.9126 86.1785 84.4359 112.27 109.445 115.215 109.172 97.374 132.634 96.8276 85.7778 83.2978 82.8377 81.9605 101.272 79.7241 83.7112 96.1392 78.2727
threshold=0.017059647172344952 -0.084710232634972085 0.15099113442536385 0.0038478161967724005 -0.07161395329032523 -0.0062209662130013497 -0.079312076594345429 -0.05522910473238369 0.036597395995265555 -0.0064740229440099486 0.0049800366818596011 0.012079557883119952 0.047720174668266412 -0.0048219663639488498 0.0017950676446259501 -0.016145373573653945 -0.0051649090818704493 0.068252256730034919 0.05020359428986481 0.034677356568401506 -0.0051278646492558489 0.020111146716500602 0.033368410784749357 0.27430242761118456 -0.071974129816721175 -0.96084999999999987 -0.050039167533681893 0.016749106253747304 -0.10095806606918449 0.015385459146296602 0.010697362805553503 0.030032188238146355 0.05186478119257356 -0.0047400150288106997 -0.067082898382936032 -0.0090431632608799477 0.011181212622129701 -0.059776408866803792 -0.061246959893921843 -0.072847414186575588 -0.0024389336314299998 0.0024431926504886003 0.096436362004837364 -0.017928712549182196 0.0069118088655923506 0.015536923084975751
decision_type=2 2 2 2 2 2 2 2 2 2 2 2 2 2 2 2 2 2 2 2 2 2 2 2 2 2 2 2 2 2 2 2 2 2 2 2 2 2 2 2 2 2 2 2 2 2
left_child=-1 -2 3 6 -5 8 -3 42 9 10 -6 -11 15 21 -15 16 -7 -17 -9 20 -20 -14 28 24 -24 -26 -27 -28 -4 30 34 37 33 -33 35 -30 -34 -31 -39 -36 41 -10 43 -8 -45 -32
right_child=1 2 22 4 5 12 7 18 40 11 -12 -13 13 14 -16 17 -18 -19 19 -21 -22 -23 23 -25 25 26 27 -29 29 31 45 32 36 -35 39 -37 -38 38 -40 -41 -42 -43 -44 44 -46 -47
leaf_value=0.0012782238820808081 0.038038129968104205 -0.16221175143235486 -0.10041269541393261 -0.1872071808047199 -0.20364992754759587 -0.026566495831024453 -0.095938452443132205 0.0073804769901412324 -0.19921064226263532 -0.0050039534453507574 -0.010658591382604513 0.063189989542260308 -0.11316283059370379 0.03747917886244246 -0.10531629934605234 -0.0096864514039814217 -0.10665750541495726 -0.17909526344546145 -0.025879609606989935 0.062759482560217975 -0.15690768285032744 -0.28244081152712153 0.03213901373405683 0.04243903187537091 0.096196344592111627 0.050397230486211995 -0.021694918600956164 0.016842362258459247 -0.13740026703916944 -0.053393631698086787 -0.001694597460534039 -0.016161778721302145 0.072420925080535395 -0.078528748541429536 -0.056278441329785774 0.0078828235778892024 -0.056796271625490884 -0.028561965185492692 0.0043167511937773238 0.011297036194212172 0.03512669790695503 -0.014949607092630223 -0.18708629703297613 -0.058349359036956247 0.10170868126959839 -0.026294355650089394
leaf_weight=76811 445 37 78 57 40 455 113 4866 62 425 895 441 83 102 99 1588 263 35 89 67 99 40 804 805 75 233 1947 788 92 302 3536 436 134 543 159 130 79 827 3332 7528 38 44 35 72 58 1624
leaf_count=76811 445 37 78 57 40 455 113 4866 62 425 895 441 83 102 99 1588 263 35 89 67 99 40 804 805 75 233 1947 788 92 302 3536 436 134 543 159 130 79 827 3332 7528 38 44 35 72 58 1624
internal_value=-2.75148e-06 -0.00289705 -0.00344065 -0.0102411 -0.0222547 -0.0202007 7.11386e-05 0.00119433 -0.00192379 0.00442415 -0.0189891 0.0297166 -0.033533 -0.0846153 -0.0328347 -0.0264478 -0.0559532 -0.013379 0.00434175 -0.0535343 -0.0950842 -0.16885 -0.000510388 0.0107678 0.00413428 -0.00326277 -0.00578966 -0.0105861 -0.00330199 -0.00289515 0.00120029 -0.0123653 -0.0373286 -0.0507802 0.00814439 -0.0523623 0.0244194 -0.00568992 -0.00221928 0.00989547 -0.0812635 -0.123099 -0.0566798 -0.0376435 0.0130228 -0.00944052
internal_weight=110811 34000 33555 10103 4667 4610 5436 5399 1945 1801 935 866 2665 324 201 2341 718 1623 5121 255 188 123 23452 4652 3847 3043 2968 2735 18800 18722 13069 5653 1192 979 7909 222 213 4461 4159 7687 144 106 278 243 130 5160
internal_count=110811 34000 33555 10103 4667 4610 5436 5399 1945 1801 935 866 2665 324 201 2341 718 1623 5121 255 188 123 23452 4652 3847 3043 2968 2735 18800 18722 13069 5653 1192 979 7909 222 213 4461 4159 7687 144 106 278 243 130 5160
is_linear=0
shrinkage=0.092745


Tree=173
num_leaves=47
num_cat=0
split_feature=9 0 8 31 74 51 56 66 35 74 21 59 79 12 67 53 96 44 34 34 82 36 97 63 27 30 56 1 16 10 44 14 53 10 44 93 37 98 81 57 3 34 38 41 14 17
split_gain=48.7738 99.3498 163.632 126.264 135.324 169.699 135.206 105.915 99.5063 96.9099 96.5453 90.7523 87.1718 157.02 84.7712 84.2467 94.7965 82.6196 92.55 80.3641 79.709 75.9867 111.749 75.0854 74.5154 114.514 73.7422 86.9578 84.5296 105.674 78.7244 114.275 95.6669 81.5593 75.0334 100.79 87.5779 86.4814 82.5639 81.3096 85.3673 79.0173 75.017 73.1843 77.2473 75.7834
threshold=0.07926248906008336 0.17266165114258378 -0.044349704104414946 -0.029032990170887295 0.026721989511366204 -0.017457005762298149 -0.0084747211384111482 0.017615851096106753 -0.0085363847743774989 -0.0035666171381761496 -0.0040519328970489996 0.052857304932646461 0.0059154201743720509 0.038180784966998553 -0.0076879088746803492 0.018461983939200354 -0.0032993045860638995 0.0079212369593906519 0.0013497924800332502 0.034527457634683956 -0.0025427654077428996 -0.0089831137470895977 0.00023104004500575003 0.00065814645287300014 0.072072860913120665 -0.070655388632347688 -0.022280071141594398 -0.12605914524706577 0.044616482653314603 0.020214207329294003 -0.0064536526614494992 -0.0069513886557356491 0.0070835067541520505 -0.043088362271915794 0.028777046642592802 0.028365379005577954 -0.024751698870955744 0.052472560155764507 0.038194007732278053 0.0117384756244237 -0.096041086116257737 0.013316717912207102 0.030376852978374506 -0.055518394395018142 -0.07118870576572929 -0.012550186787379949
decision_type=2 2 2 2 2 2 2 2 2 2 2 2 2 2 2 2 2 2 2 2 2 2 2 2 2 2 2 2 2 2 2 2 2 2 2 2 2 2 2 2 2 2 2 2 2 2
left_child=-1 2 8 6 12 -6 -4 20 9 -2 11 26 17 -14 -15 16 -13 19 -19 -5 -7 -8 -23 -20 43 -26 27 28 29 -3 33 -32 -33 -29 36 38 39 -38 42 40 -28 -37 -36 -12 -45 -46
right_child=1 10 3 4 5 7 21 -9 -10 -11 24 15 13 14 -16 -17 -18 18 23 -21 -22 22 -24 -25 25 -27 34 30 -30 -31 31 32 -34 -35 35 41 37 -39 -40 -41 -42 -43 -44 44 45 -47
leaf_value=0.00056461744180436187 -0.15366996721638135 0.13326784872704564 -0.19453367365954968 0.055398511245085873 0.028747016205540848 -0.068857178470063993 0.067270266372695509 -0.020527506288120462 -0.16427688217796171 0.04164637633882929 -0.025926436130261118 -0.04064812284171862 -0.0044772702696866196 -0.2211013467994884 -0.032280727409883581 0.0051447946746877382 -0.18907709937548858 0.042022253608718481 -0.0021478120275793128 -0.054682965197630544 -0.23422210494965096 0.02162592715306523 -0.19831864872576738 -0.13433958708659055 -0.19058782274755945 -0.014458694024268645 -0.21430090627110543 -0.18975527281444238 -0.10249393328590177 -0.029352794065154463 0.059016661623857485 -0.11168115701388648 0.018516596359567868 -0.061065657826998375 0.053203528224483168 0.01308569343712864 0.012271091024255536 -0.10650464154085286 0.17134502181229994 0.0081346965454637786 -0.057871832827318677 -0.16235152716595475 -0.074597747559782504 -0.013535558990464944 0.043612995147979887 0.011074847409175652
leaf_weight=102114 35 71 66 502 97 39 44 56 108 57 399 78 534 48 36 82 71 116 74 64 73 41 38 74 37 216 35 60 37 66 96 130 77 146 307 56 832 56 44 139 208 36 45 613 971 1687
leaf_count=102114 35 71 66 502 97 39 44 56 108 57 399 78 534 48 36 82 71 116 74 64 73 41 38 74 37 216 35 60 37 66 96 130 77 146 307 56 832 56 44 139 208 36 45 613 971 1687
internal_value=-3.11746e-06 -0.00667043 -0.0242275 -0.0158199 -0.00786703 -0.0687657 -0.0877083 -0.125102 -0.103979 -0.0327564 -0.00107166 -0.0146695 0.00328003 -0.0230747 -0.140724 -0.0702044 -0.111694 0.0229208 -0.0198742 0.0429057 -0.177083 -0.0299589 -0.0843312 -0.0684671 0.00818691 -0.0404564 -0.00940088 -0.0352564 0.0212615 0.0549275 -0.0546048 -0.0244312 -0.0632255 -0.0988249 0.00064058 0.0315473 -0.0112291 0.00473355 0.0518782 -0.0483474 -0.0806839 -0.0557056 0.0367794 0.0115469 0.0161239 0.02297
internal_weight=110811 8697 2102 1902 1713 265 189 168 200 92 6595 2672 1448 618 84 231 149 830 264 566 112 123 79 148 3923 253 2441 683 174 137 509 303 207 206 1758 488 1270 888 396 382 243 92 352 3670 3271 2658
internal_count=110811 8697 2102 1902 1713 265 189 168 200 92 6595 2672 1448 618 84 231 149 830 264 566 112 123 79 148 3923 253 2441 683 174 137 509 303 207 206 1758 488 1270 888 396 382 243 92 352 3670 3271 2658
is_linear=0
shrinkage=0.092745


Tree=174
num_leaves=47
num_cat=0
split_feature=91 10 18 12 31 18 95 67 67 92 6 40 18 39 93 61 49 20 18 25 3 84 41 38 32 49 33 19 29 70 39 1 66 32 1 75 22 39 28 55 32 48 63 40 4 14
split_gain=47.4565 109.368 97.3272 84.4045 105.333 95.3695 96.7816 89.1445 90.7494 87.7884 87.4956 105.988 125.575 100.368 98.272 102.04 92.9513 84.4277 103.538 83.918 82.0172 78.7087 78.5118 75.8037 94.3437 72.2257 74.3832 68.9885 67.0663 66.9066 65.4536 178.215 168.469 151.878 150.379 137.431 126.607 124.374 154.075 155.279 123.982 137.388 122.739 117.97 115.091 129.593
threshold=-0.047616704011319642 0.11718094112428991 0.083105421415486214 0.0082008573874553514 0.0062440296339656516 -0.030323659442002895 0.075649031410353368 -0.0083397612621218999 -0.013446342324364098 -0.059888589583672498 -0.022324246627653744 0.050644512326422808 0.034883950472946103 -0.0014960425863466498 0.033671870303109058 -0.0050546503342230988 -0.041588308022984945 -0.0045903347569184487 -0.078372255635072788 -0.017865221502436999 -0.10423203134174834 0.04941715101092136 0.012133388155627351 0.023706138793065153 -0.050888280565286444 0.050231729413503311 0.015101752308766852 0.0072151184073188006 0.0074707612505347009 0.06564401946824687 0.014367112691130201 0.0044119012768936506 -0.0024261533467476496 0.018872560530859454 0.14557294659921924 0.0091469078317520016 0.084011125096246073 -0.036374537877212489 -0.10240213885675449 0.021885122501161303 0.035849021450940662 0.053059790906600506 0.033526475427076957 -0.027652486563361046 -0.035326609017970141 0.026226604825835501
decision_type=2 2 2 2 2 2 2 2 2 2 2 2 2 2 2 2 2 2 2 2 2 2 2 2 2 2 2 2 2 2 2 2 2 2 2 2 2 2 2 2 2 2 2 2 2 2
left_child=1 2 3 10 5 17 9 8 25 -7 -1 12 13 20 15 -14 -15 -5 -19 -4 -12 -11 27 -9 -25 26 -6 -21 -10 -20 31 33 36 44 35 -34 -33 42 39 -39 41 -37 43 -35 -2 -46
right_child=30 -3 19 4 7 6 -8 23 28 21 11 -13 14 16 -16 -17 -18 18 29 22 -22 -23 -24 24 -26 -27 -28 -29 -30 -31 -32 32 34 37 -36 40 -38 38 -40 -41 -42 -43 -44 -45 45 -47
leaf_value=0.033039836861686919 -0.001804832237279976 0.062652606077579262 0.00064805012736064878 -0.023674245876426792 0.020164384412702907 -0.13069140545367702 -0.16572735644626221 0.055376984977313165 -0.022598626955274436 -0.031412127286743738 -0.12203943466891187 0.063577686498070191 -0.14745845393015439 -0.05719363527318537 -0.20519714746465972 0.012521280466824519 0.036749184386485112 -0.10120533647384022 0.047956256235286841 0.035026438635381053 -0.01084283994440169 0.03740935336478983 -0.22045694732615903 -0.14009285368585703 0.017627540684440248 0.12165738889518327 -0.049984426262759389 -0.14573044595565957 -0.19969940193253957 0.1797485634679348 -0.0036983756148517553 -0.018485978465995298 0.0033542365179876298 -0.02522887182506783 0.01701437615914227 -0.050399448710026322 0.038285897885470217 -0.15105317376331118 -0.0080565908893402358 0.053135323339932962 0.017446043950045891 0.024031164454837186 0.039019485540838346 0.011234400103966962 0.0065524719828612523 0.021360839530437208
leaf_weight=1573 8648 293 113 276 335 67 45 540 39 1013 62 228 51 102 39 103 788 35 219 36 687 166 38 38 220 40 212 36 35 39 36201 8200 3656 1047 3515 1347 352 123 10027 43 430 253 921 2813 18797 6970
leaf_count=1573 8648 293 113 276 335 67 45 540 39 1013 62 228 51 102 39 103 788 35 219 36 687 166 38 38 220 40 212 36 35 39 36201 8200 3656 1047 3515 1347 352 123 10027 43 430 253 921 2813 18797 6970
internal_value=-3.48767e-06 0.00713603 0.00486464 0.00680194 -0.00388635 -0.0185216 -0.0324647 0.014762 -0.0104091 -0.027604 0.0165697 0.00398382 -0.00343418 0.00489507 -0.0741415 -0.0405454 0.0259525 0.0130902 0.0477574 -0.0554008 -0.0201086 -0.021704 -0.112955 0.035625 -0.00567892 0.00178939 -0.00701005 -0.0553818 -0.106992 0.0681078 -0.00051957 0.00119415 -0.00677523 0.00405907 0.00193373 -0.00738689 -0.0161465 -0.00373727 -0.0095267 -0.0980785 -0.026736 -0.0386194 0.00860267 0.0013393 0.00745166 0.0105589
internal_weight=110811 7468 7175 6952 3319 1860 1291 1459 661 1246 3633 2060 1832 1639 193 154 890 569 293 223 749 1179 110 798 258 587 547 72 74 258 103343 67142 17753 49389 9201 5686 8552 14974 10193 166 2030 1600 4781 3860 34415 25767
internal_count=110811 7468 7175 6952 3319 1860 1291 1459 661 1246 3633 2060 1832 1639 193 154 890 569 293 223 749 1179 110 798 258 587 547 72 74 258 103343 67142 17753 49389 9201 5686 8552 14974 10193 166 2030 1600 4781 3860 34415 25767
is_linear=0
shrinkage=0.092745


Tree=175
num_leaves=47
num_cat=0
split_feature=4 84 1 1 27 98 11 34 24 84 98 6 86 95 36 73 86 43 86 15 62 36 24 38 60 48 74 57 64 96 80 48 73 70 24 73 13 29 6 63 18 26 20 89 80 57
split_gain=49.4292 115.907 79.4629 123.164 74.3705 71.3889 70.0292 64.967 60.536 60.3898 115.092 96.5418 88.4513 98.0234 86.1944 80.9898 122.09 110.676 85.2689 116.131 93.7462 80.9311 82.8358 99.885 80.8067 78.2146 75.3936 74.956 90.6793 103.599 82.5511 79.5898 99.5415 83.1413 71.5636 90.1045 70.7723 68.1426 110.578 101.524 122.198 99.7055 98.4898 94.8513 92.1607 94.4262
threshold=-0.18497435663030062 -0.039161092121240443 0.099942548205472617 0.027897564576369851 0.0022278979363624008 -0.012823419907445349 0.0057539464899786013 -0.038381716979605893 0.047455648564181857 -0.048580864173475041 0.0062094881959972011 0.072241345341184815 -0.027131072485540749 0.03530601435568665 0.00037064553642655006 0.021322855095751502 -0.046053381724278294 -0.033711171478114789 -0.010133647322397648 -0.027757079694464299 -0.027288185778674496 0.020535740224630502 0.052075151441863261 0.025350509227079151 0.0091618651726851508 -0.093114618338819746 0.060286658063969413 -0.039187473444679544 -0.024938077486659448 -0.013132292514466898 0.042613820265930157 0.017342138528484801 -0.098223179697524296 0.013951255721760153 0.039349476880075361 -0.03324282824110484 -0.0049480577633256488 0.050368798428460107 -0.10725512304648759 -0.042781752915602288 0.050391159908555458 0.11838855171119995 -0.044006946251597588 0.072412915157315516 -0.039955027648936041 -0.017537954358079848
decision_type=2 2 2 2 2 2 2 2 2 2 2 2 2 2 2 2 2 2 2 2 2 2 2 2 2 2 2 2 2 2 2 2 2 2 2 2 2 2 2 2 2 2 2 2 2 2
left_child=1 4 3 8 -1 -4 -6 -5 -3 10 11 25 -13 26 -15 16 17 -12 19 -17 -20 22 23 -22 -19 -2 -14 28 29 -27 31 32 -29 -33 -32 -36 -18 41 44 40 -40 -11 43 -41 -39 -46
right_child=9 2 5 7 6 -7 -8 -9 -10 37 15 12 13 14 -16 18 36 24 20 -21 21 -23 -24 -25 -26 27 -28 30 -30 -31 34 33 -34 -35 35 -37 -38 38 39 42 -42 -43 -44 -45 45 -47
leaf_value=0.011400718547869162 0.11043374039868965 0.0089017370844662099 -0.15609743665140716 -0.03485552739209398 -0.15517649426693939 -0.0012793008147722676 -0.029334668238645809 0.088600317822013802 0.080152359384619246 -0.00026574627280656599 -0.15079152645036306 0.10422045632455275 0.046382424846526625 -0.16591800843908722 0.028337533061602763 -0.042934468245710712 0.054779359179949715 0.03142359186326181 0.049420821210231135 0.078990235429368602 0.043922670977327945 -0.097528205355992492 -0.10564907071376731 -0.071896406281288822 -0.090655563497289107 -0.14884850756251358 -0.082972276280323026 -0.15000811767694655 0.05066674743529527 0.012940833444396371 0.038740602049985175 -0.074128849312206188 -0.0076591607595067621 -0.013645397563538801 0.07334074370853548 -0.099495996946738191 0.021151252672949764 0.024571048448289206 0.026921893289715924 0.012217764117441634 -0.048633301542935513 0.034549907499496053 -0.013350203848429146 -0.13328127872343865 -0.11389263460041706 -0.023349450935355107
leaf_weight=124 47 1324 38 41 68 78 87 325 111 87833 51 117 367 44 35 101 1009 177 126 199 195 148 71 95 63 47 43 43 343 121 386 424 1804 364 38 80 1159 112 1343 1999 213 713 8268 39 207 191
leaf_count=124 47 1324 38 41 68 78 87 325 111 87833 51 117 367 44 35 101 1009 177 126 199 195 148 71 95 63 47 43 43 343 121 386 424 1804 364 38 80 1159 112 1343 1999 213 713 8268 39 207 191
internal_value=-3.39874e-06 0.0137715 0.0219057 0.026705 -0.0420353 -0.0523716 -0.0848143 0.0747169 0.0144375 -0.000282063 0.00763624 -0.00243319 0.0318658 0.0144754 -0.0798912 0.0204057 0.0292397 -0.0271199 -0.00281452 0.037895 -0.0220772 -0.0398207 -0.0160661 0.00590154 -0.000635028 -0.00806108 0.0327344 -0.00959916 0.0233222 -0.0324163 -0.0149644 -0.0215445 -0.0110032 -0.0462222 0.0194032 -0.0436787 0.0368134 -0.000886146 -0.0073334 -0.0055134 0.0165634 1.45566e-05 -0.00884824 0.00940846 -0.0496109 -0.0705231
internal_weight=110811 2196 1917 1801 279 116 155 366 1435 108615 7697 4303 606 489 79 3394 2459 291 935 300 635 509 361 290 240 3697 410 3650 511 168 3139 2635 1847 788 504 118 2168 100918 12372 11862 1556 88546 10306 2038 510 398
internal_count=110811 2196 1917 1801 279 116 155 366 1435 108615 7697 4303 606 489 79 3394 2459 291 935 300 635 509 361 290 240 3697 410 3650 511 168 3139 2635 1847 788 504 118 2168 100918 12372 11862 1556 88546 10306 2038 510 398
is_linear=0
shrinkage=0.092745


Tree=176
num_leaves=47
num_cat=0
split_feature=38 21 16 24 71 29 28 100 34 60 51 22 0 3 17 40 67 15 96 53 5 46 24 100 81 58 59 81 89 49 58 5 13 83 78 34 6 81 44 52 63 29 96 50 62 78
split_gain=46.683 77.7285 87.3246 102.948 102.794 97.445 91.2423 82.1458 82.1749 115.557 82.1132 77.4569 76.0198 80.5785 97.4681 81.5472 73.2701 63.8435 63.4966 64.1108 57.9058 56.823 81.453 67.4959 82.5016 83.9329 67.3612 66.6895 69.378 65.95 73.643 62.7859 58.1416 78.6817 58.8056 57.809 71.3404 126.782 95.1437 90.4043 89.1582 78.0358 76.4564 77.5449 82.4447 63.7375
threshold=0.085046418482455213 0.038826396399178759 0.0055748304914005004 -0.0046980945101937994 0.035339983834907503 -0.027985585630584949 0.043686119115740905 -0.97464999999999991 0.076514654030738816 -0.00088137650945489994 -0.022027985035491495 -0.087060427521272285 0.28847352000283083 0.026801450003916354 -0.055030683283994894 0.090456531744530208 -0.0018816320106919498 -0.0053881507231608988 0.05759233927180981 -0.061893011850625991 0.0011499885622236502 0.10681573316400726 -0.039289152148419944 0.47730000000000006 -0.018824267282057047 0.035914260211090357 0.0053504988963270512 0.020369359928275103 -0.014952587368828497 0.019274649710972706 -0.023272981591227745 -0.027744122179327844 0.0012730819196950002 0.020283261692532851 0.0045493894239200016 -0.081387212934806136 0.014920070169905953 0.0077942526797898509 -0.021914955979796747 0.049323797123555904 -0.017620682088097497 -0.0022948836673035498 0.038704151262012557 -0.0037436064024898496 0.012990818894723402 0.014315689268819801
decision_type=2 2 2 2 2 2 2 2 2 2 2 2 2 2 2 2 2 2 2 2 2 2 2 2 2 2 2 2 2 2 2 2 2 2 2 2 2 2 2 2 2 2 2 2 2 2
left_child=21 7 6 4 20 -5 -3 -2 11 17 -7 -9 13 14 -13 -16 -14 -10 19 -15 -4 35 27 24 25 26 -24 28 -23 32 -31 -32 33 34 -26 36 37 39 41 -1 -41 -39 43 -40 -45 -38
right_child=1 2 3 5 -6 10 -8 8 9 -11 -12 12 16 18 15 -17 -18 -19 -20 -21 -22 22 23 -25 29 -27 -28 -29 -30 30 31 -33 -34 -35 -36 -37 45 38 42 40 -42 -43 -44 44 -46 -47
leaf_value=-0.0091883588912358531 -0.13609106270436344 0.013580314314219327 -0.028950380239550422 -0.22591069410265407 -0.14782644423662997 -0.17597276830083181 -0.10699913314478952 0.11535768344304598 -0.05712764911393238 0.018423301079052202 -0.014453889123638744 -0.12957986911061387 -0.0029789170027334998 0.10364710405928096 -0.021213311439877928 0.11889989711546409 0.11088720235211495 -0.22375046077824184 -0.084609785549846064 0.013021644350882379 0.099322576917126551 -0.16469718026700389 0.022791208894053044 -0.0052739358672842344 0.23586326393723403 0.101429142633655 -0.099852803745762969 0.068191867049677585 -0.024478052352373318 0.10837325881758103 0.064016236928023024 -0.094245789956035358 0.050100011710665679 0.015629533077321105 0.11003447521401002 -0.00031154472045366642 0.04138181874460372 0.031449412283493669 0.09903247726184515 -0.021897675812892071 -0.17729374301022627 -0.060791273282411733 -0.035030064162187284 0.067251810566102202 -0.038170578957522648 -0.00097709924789489942
leaf_weight=1181 39 311 78 54 41 43 65 52 39 72 73 69 93 73 846 37 101 41 52 813 49 40 82 286 57 52 72 45 125 49 35 55 144 40 76 102975 961 161 253 72 57 154 80 169 102 447
leaf_count=1181 39 311 78 54 41 43 65 52 39 72 73 69 93 73 846 37 101 41 52 813 49 40 82 286 57 52 72 45 125 49 35 55 144 40 76 102975 961 161 253 72 57 154 80 169 102 447
internal_value=-3.34045e-06 -0.0113352 -0.0380987 -0.0722917 -0.0206454 -0.12313 -0.00729363 -0.0031138 -0.00082448 -0.0666524 -0.0747296 0.0038618 0.00105778 -0.00461378 -0.0236245 -0.0152902 0.0563075 -0.143184 0.0146675 0.0205349 0.0205453 0.00031632 0.0207478 0.032331 0.0485931 -5.79807e-05 -0.0345391 -0.0314503 -0.0587789 0.0705877 0.0171565 -0.0325405 0.093937 0.130204 0.164453 9.42144e-05 0.0115854 0.00125456 0.0276639 -0.0172639 -0.0909065 -0.013617 0.0492117 0.0621111 0.0275238 0.0279269
internal_weight=110811 3041 714 338 168 170 376 2327 2288 152 116 2136 2084 1890 952 883 194 80 938 886 127 107770 1158 948 662 206 154 210 165 456 139 90 317 173 133 106612 3637 2229 919 1310 129 315 604 524 271 1408
internal_count=110811 3041 714 338 168 170 376 2327 2288 152 116 2136 2084 1890 952 883 194 80 938 886 127 107770 1158 948 662 206 154 210 165 456 139 90 317 173 133 106612 3637 2229 919 1310 129 315 604 524 271 1408
is_linear=0
shrinkage=0.092745


Tree=177
num_leaves=47
num_cat=0
split_feature=30 16 88 23 79 51 93 28 44 23 11 68 42 36 94 4 38 41 32 66 76 7 48 54 85 96 61 25 45 81 4 73 81 6 33 58 42 8 29 21 1 76 47 24 96 87
split_gain=46.5228 88.3775 110.151 120.667 104.558 92.2691 87.6028 84.5065 84.3147 80.5152 124.023 103.167 71.4834 79.0209 71.0367 70.7417 75.9863 69.9873 101.694 94.7491 83.7702 67.9865 125.841 90.9186 84.8739 84.6634 123.225 77.7718 81.4144 141.747 91.6527 76.5964 71.6041 109.886 78.0713 71.5493 70.4731 67.4803 66.0389 65.2447 109.898 142.7 119.709 83.2844 81.3545 111.399
threshold=0.082014448359975858 -0.018644022195114598 -0.03254800027638214 -0.043013694295692795 0.016379297063475504 0.018242005671604854 -0.03313960943097214 0.06070177414684786 0.088835599064403206 0.016552843382545052 0.00043933169297050005 0.00091387878227170013 -0.013834340934072998 -0.025816508700158097 -0.031138039863012747 -0.026714477089413598 -0.022522621796762995 -0.0014367969420947997 0.0042795906770620512 -0.027672858977787096 0.018754844402580503 0.017119633578686153 -0.034069983965583646 0.031202550378194405 0.019650565812602754 0.028037732159382253 0.015515969315807602 0.12125374897424876 -0.032520542835809095 -0.016424865089417994 0.0079344624168066012 -0.083242369947960138 -0.0016797549502845998 0.065042923238660913 0.053982217663916109 -0.019695021872850046 0.0010308643604235504 -0.022884466378055746 -0.056423391686758591 -0.10878881064727379 -0.078638157427229433 0.018349412117114754 0.0074157389475153013 -0.041598813093547148 -0.036258440110016145 0.036665422460628157
decision_type=2 2 2 2 2 2 2 2 2 2 2 2 2 2 2 2 2 2 2 2 2 2 2 2 2 2 2 2 2 2 2 2 2 2 2 2 2 2 2 2 2 2 2 2 2 2
left_child=39 2 7 14 21 8 -6 12 15 11 -11 -7 -2 -14 -4 16 -5 19 20 -8 -19 27 -23 24 25 26 -24 28 29 30 -3 -30 34 -34 -33 -26 -25 -21 -16 40 41 42 -1 -42 -45 -46
right_child=1 4 3 5 6 9 17 -9 -10 10 -12 -13 13 -15 38 -17 -18 18 -20 37 -22 22 23 36 35 -27 -28 -29 31 -31 -32 32 33 -35 -36 -37 -38 -39 -40 -41 43 -43 -44 44 45 -47
leaf_value=-0.055991013360007315 -0.044665692814503027 0.062935029277575077 -0.05446066747939219 0.0016815244253249571 0.037958234111469993 -0.13128221111170996 -0.15925065729752635 0.046591871365337788 0.084781103103469604 0.1118107645276068 -0.020761582505365018 0.024560611779322214 -0.26276075491890916 -0.10002519865889818 0.15832108933858771 -0.040242863436293512 -0.15749158873435959 -0.11261982140099809 0.032575042406856755 -0.10941741724347896 0.047324519471535528 -0.094874745616351855 0.087224416653301884 0.13947663387827325 0.0089054474752057623 -0.069433845211032061 -0.051949371153170242 0.15765703086001706 -0.11869147719784928 0.014843912596532062 0.23691470516212951 0.0031530726508564172 0.050467786321376391 -0.083098827726326527 -0.09921754860468486 -0.14530367625995635 -0.014745406849559833 -0.0085681711773660345 0.034443976206078739 0.00063876867068771972 0.054846095165520796 0.041513302742485783 -0.22369862695884571 -0.093388112134926468 0.0062000320639421557 -0.10904825305667497
leaf_weight=83 122 53 63 35 146 66 80 41 40 114 129 81 35 99 44 657 96 106 193 87 38 128 159 69 43 82 83 36 39 186 52 429 495 59 75 64 40 166 231 104915 151 57 66 112 584 82
leaf_count=83 122 53 63 35 146 66 80 41 40 114 129 81 35 99 44 657 96 106 193 87 38 128 159 69 43 82 83 36 39 186 52 429 495 59 75 64 40 166 231 104915 151 57 66 112 584 82
internal_value=-3.19073e-06 -0.00897192 -0.0248002 -0.0149031 0.00111074 -0.0285141 -0.0270369 -0.0765417 -0.046031 0.00864713 0.041435 -0.0454358 -0.0963455 -0.143101 0.034087 -0.0527168 -0.114949 -0.0412305 -0.0113685 -0.0713746 -0.0703076 0.0120986 -0.0122955 0.00729338 -0.0118295 0.0117991 0.03943 0.0235517 0.0200319 0.0636256 0.149635 0.00844192 0.013172 0.0361831 -0.0121011 -0.0833458 0.0828658 -0.0433857 0.0544575 0.000399345 -0.0217146 -0.0829583 -0.130655 -0.00809823 -0.0203481 -0.00800986
internal_weight=110811 4761 1853 1556 2908 1218 816 297 828 390 243 147 256 134 338 788 131 670 337 333 144 2092 668 540 431 324 242 1424 1388 291 105 1097 1058 554 504 107 109 253 275 106050 1135 206 149 929 778 666
internal_count=110811 4761 1853 1556 2908 1218 816 297 828 390 243 147 256 134 338 788 131 670 337 333 144 2092 668 540 431 324 242 1424 1388 291 105 1097 1058 554 504 107 109 253 275 106050 1135 206 149 929 778 666
is_linear=0
shrinkage=0.092745


Tree=178
num_leaves=47
num_cat=0
split_feature=15 36 96 77 53 87 72 8 91 92 43 5 5 57 64 81 18 28 61 20 23 27 81 26 16 43 16 10 22 82 55 60 13 39 51 60 98 0 48 23 88 46 40 1 17 78
split_gain=45.8012 127.747 86.1639 101.935 123.104 102.927 95.3395 93.1879 84.4662 83.3481 110.324 81.2126 83.3605 84.4177 96.1896 79.946 69.8698 68.0389 65.9747 63.0932 105.956 71.498 66.6555 62.6787 84.471 98.2317 83.2933 118.128 73.3034 73.257 70.4876 70.2955 62.7436 59.8494 60.9609 59.238 121.442 110.516 91.65 98.0051 90.7499 70.5366 96.6692 118.482 93.2004 80.9224
threshold=-0.11688891795680724 -0.039356335353475692 0.015137932182915252 0.0038216835309577003 -0.0083400752044274981 0.015533186723967802 0.023307182922320552 0.098219460776430775 -0.022649194288820097 -0.021770610346397247 -0.016255722218019745 -0.084343549862588699 0.037509996495933756 -0.0098960634894409479 0.014313373976793253 0.030647104686385453 0.012389759425196602 0.053802102423520008 0.032626407248431556 -0.033040611594273496 -0.0004142469735376999 0.039659115565883606 -0.036751808390858641 0.13521239938327292 -0.015555505812941349 -0.015042966438393798 0.0039283939954350509 -0.016474366546481097 0.052856359845274307 0.031652646318861853 0.013146291762021802 -0.024299691706464798 0.16519571602010066 -0.036374537877212489 0.032968197905329504 0.064356932166715106 -0.037389178875941696 0.19940294511226689 -0.019688455635924643 0.011393654728586102 -0.00142035243569895 0.0068928692980698009 -0.042423776701899847 -0.0069821464535533492 -0.089535221194110184 0.0090285760245954021
decision_type=2 2 2 2 2 2 2 2 2 2 2 2 2 2 2 2 2 2 2 2 2 2 2 2 2 2 2 2 2 2 2 2 2 2 2 2 2 2 2 2 2 2 2 2 2 2
left_child=1 9 3 4 6 8 -3 15 -6 10 -1 -11 13 -13 -15 18 -7 -8 -4 20 21 -5 -21 32 25 -25 27 -26 -27 31 -30 -28 35 -10 -35 -2 37 38 -37 40 -40 42 43 -38 45 -43
right_child=23 2 7 19 5 16 17 -9 33 11 -12 12 -14 14 -16 -17 -18 -19 -20 22 -22 -23 -24 24 26 28 29 -29 30 -31 -32 -33 -34 34 -36 36 41 -39 39 -41 -42 44 -44 -45 -46 -47
leaf_value=0.20956523321969381 0.00041141862489474243 0.072484249221418384 0.033697672637879185 0.10357943851192494 0.022848368519180776 -0.069940510606099945 -0.13141217220520476 0.14371582033252303 -0.037752035983190983 0.13460576556062642 0.020547359460915529 -0.09249533565341031 0.08129335787020639 0.07348200052174389 -0.073278419855742544 -0.11308010806181375 0.10229696430172404 0.042005127018795128 -0.056978545223194552 -0.0018158996888235335 -0.15302173577120048 -0.070799642595120102 -0.13667709750847665 0.17773285719423237 0.047986281892128779 0.0016531962332104642 -0.022834794331902088 -0.1495454330650105 0.15600136909677739 -0.093137014160605311 -0.005456888136627828 0.097348551302248398 0.037720511664251506 -0.11730995349428093 -0.26657001922006429 0.00026331966706493506 0.077777955051203621 -0.017611188145879298 -0.12302305959246457 -0.044721792398166857 -0.30265743391470629 -0.0013793553484817923 -0.023653800891317987 -0.026017306807559724 0.012000874676337975 -0.19558672375200309
leaf_weight=44 103017 151 237 47 37 37 43 37 41 37 67 116 69 91 66 55 44 35 97 38 41 35 191 53 43 167 66 65 68 35 35 113 379 68 37 60 195 383 69 68 38 39 1976 183 1963 35
leaf_count=44 103017 151 237 47 37 37 43 37 41 37 67 116 69 91 66 55 44 35 97 38 41 35 191 53 43 167 66 65 68 35 35 113 379 68 37 60 195 383 69 68 38 39 1976 183 1963 35
internal_value=-3.1137e-06 -0.0148399 -0.030353 -0.0474952 -0.0202199 -0.0633693 0.0294818 0.00362659 -0.101863 0.0253658 0.0959414 0.00460331 -0.00952195 -0.0325861 0.0116788 -0.00975866 0.0234834 -0.053553 0.00729657 -0.0856099 -0.0317797 0.0289961 -0.114388 0.000236391 0.0290559 0.062548 -0.00452349 -0.0708534 0.0397233 0.0289375 0.101141 0.0529932 6.47159e-05 -0.133545 -0.170616 -6.73693e-05 -0.00991649 -0.0484023 -0.0984451 -0.132311 -0.187581 -0.00449399 -0.0154299 0.0275101 0.00813744 -0.0938165
internal_weight=110811 1761 1271 845 493 264 229 426 183 490 111 379 342 273 157 389 81 78 334 352 123 82 229 109050 645 323 322 108 270 214 103 179 108405 146 105 108026 5009 618 235 175 107 4391 2354 378 2037 74
internal_count=110811 1761 1271 845 493 264 229 426 183 490 111 379 342 273 157 389 81 78 334 352 123 82 229 109050 645 323 322 108 270 214 103 179 108405 146 105 108026 5009 618 235 175 107 4391 2354 378 2037 74
is_linear=0
shrinkage=0.092745


Tree=179
num_leaves=47
num_cat=0
split_feature=40 29 45 94 78 28 22 96 81 42 16 52 10 34 64 55 84 88 100 60 37 27 42 31 60 80 1 54 80 24 11 4 49 82 19 97 23 2 38 62 12 75 11 19 90 46
split_gain=45.2476 97.2469 123.86 102.375 100.014 105.892 124.957 107.566 125.162 110.362 123.352 133.924 129.866 103.485 99.8035 140.159 95.2098 98.8832 94.2715 104.194 100.581 95.1606 93.9336 92.8052 123.098 109.183 133.739 99.6954 158.166 97.5135 90.8592 95.9151 93.8829 92.6353 115.957 117.158 112.955 108.388 116.242 106.345 101.673 97.8601 96.8087 91.8283 90.8308 92.1271
threshold=-0.018239557279516646 -0.038559570308773494 0.030379772671487604 -0.036712018692724842 0.025015942056380153 0.025985087069816552 -0.0055880422805309991 -0.0038838561625623496 0.043583699657161308 -0.0020277172659879995 -0.0091530711979782974 -0.0101997272264056 0.0096143297527819509 0.096463802319420519 0.00088387722271195005 0.038250825223356509 0.079817657986743118 0.065312849982111856 0.91700000000000015 -0.048273745870876392 -0.10816144490375408 -0.0049880629349589494 0.0071977540302378008 0.0081657224978652024 -0.023528040957534548 0.021810372758934205 0.12901585534148372 0.0094074880385750011 -0.0035808873431043995 0.091931186692319714 -0.077769624999195638 -0.057625860786704994 0.024701403152213103 -0.024616218296515845 -0.074509001709334985 0.0031969927741231003 -0.043883905108478741 0.031405355252469659 -0.011444458749135848 0.0077264098060446009 0.09670650914234756 1.0000000180025095e-35 -0.15516119816725618 -0.10105715696322749 -0.071860740159772493 -0.024924840885958397
decision_type=2 2 2 2 2 2 2 2 2 2 2 2 2 2 2 2 2 2 2 2 2 2 2 2 2 2 2 2 2 2 2 2 2 2 2 2 2 2 2 2 2 2 2 2 2 2
left_child=1 2 3 -1 5 6 7 8 16 10 11 -9 -12 -7 15 -5 17 -3 19 22 -21 -22 -8 24 27 -25 -27 28 -16 -26 31 32 -2 -33 36 37 -35 40 -39 -37 42 -40 -36 -32 -6 -46
right_child=30 4 -4 14 44 13 18 9 -10 -11 12 -13 -14 -15 23 -17 -18 -19 -20 20 21 -23 -24 25 29 26 -28 -29 -30 -31 43 33 -34 34 35 39 -38 38 41 -41 -42 -43 -44 -45 45 -47
leaf_value=0.037442243981950361 -0.00087004705835034039 0.022778855982649671 0.035126406721692448 -0.028373454903176505 0.076971819305898831 0.010500459640757727 -0.01837633699827837 -0.11700218821199909 -0.037816901151405201 0.0036233588056689835 -0.029395080133691489 -0.029043197218042036 0.0414773825691638 -0.083171708629295779 -0.021988194921527166 0.03701558368099276 -0.1193959798381157 -0.089098690153306487 0.018096858450972 -0.14411389927122145 -0.030497324698615769 -0.0092949143585030324 0.052297468196936418 0.048584088748396322 0.018088726118739046 0.0099971757630132763 -0.16418270657547315 0.053390377797465353 -0.17453917018191331 -0.10401644730911432 0.024422895499134241 0.0079974386361766018 0.068394380929036963 0.12389288482116396 -0.074053039503237078 -0.02776714634860623 -0.0013405753829836674 -0.11749459611258001 0.022491785307260093 -0.078751606607096875 -0.092766239013033824 -0.082397912183801686 0.016487797178907981 0.001687670103984514 -0.036197318007416233 -0.010103409808074157
leaf_weight=598 572 3444 1165 1769 90 5621 303 214 369 2900 645 491 339 103 143 335 42 69 746 55 3221 4195 346 758 838 209 46 55 99 60 1563 1148 238 83 111 972 241 149 196 553 91 125 1161 68180 1559 4601
leaf_count=598 572 3444 1165 1769 90 5621 303 214 369 2900 645 491 339 103 143 335 42 69 746 55 3221 4195 346 758 838 209 46 55 99 60 1563 1148 238 83 111 972 241 149 196 553 91 125 1161 68180 1559 4601
internal_value=-3.00972e-06 -0.00273688 0.00794292 0.00148862 -0.00494773 -0.00213118 -0.00573515 0.00228912 0.0135639 -0.0073491 -0.0261942 -0.0557987 -0.00495984 0.00880844 -0.00349651 -0.0179521 0.0189036 0.0205705 -0.0134413 -0.016341 -0.0194384 -0.0185064 0.0192873 0.0102725 -0.00722442 0.0309228 -0.0215185 -0.0589604 -0.0845838 0.0098846 0.00128166 -0.0100403 0.0194818 -0.0149949 -0.0221674 -0.0272822 0.0307796 -0.0114682 -0.0498605 -0.0462755 0.00176816 -0.0183476 0.00856126 0.00219748 -0.0153563 -0.016711
internal_weight=110811 35428 6075 4910 29353 23103 17379 8513 3924 4589 1689 705 984 5724 4312 2104 3555 3513 8866 8120 7471 7416 649 2208 1195 1013 255 297 242 898 75383 5640 810 4830 3682 3358 324 1833 470 1525 1363 321 1272 69743 6250 6160
internal_count=110811 35428 6075 4910 29353 23103 17379 8513 3924 4589 1689 705 984 5724 4312 2104 3555 3513 8866 8120 7471 7416 649 2208 1195 1013 255 297 242 898 75383 5640 810 4830 3682 3358 324 1833 470 1525 1363 321 1272 69743 6250 6160
is_linear=0
shrinkage=0.092745


end of trees

feature_importances:
Sentiment=228
SVD_15=210
SVD_1=208
SVD_11=200
SVD_21=194
SVD_7=169
SVD_3=167
SVD_28=166
SVD_0=159
SVD_9=158
SVD_24=155
SVD_62=144
SVD_13=141
SVD_2=136
SVD_38=132
SVD_33=128
SVD_42=127
SVD_20=122
SVD_26=118
SVD_4=112
SVD_12=107
SVD_22=107
SVD_34=105
SVD_6=101
SVD_60=101
SVD_14=100
SVD_93=94
SVD_19=92
SVD_63=91
SVD_74=88
SVD_39=87
SVD_68=87
SVD_90=87
SVD_5=86
SVD_91=86
SVD_23=83
SVD_70=82
SVD_84=82
SVD_95=82
SVD_18=81
SVD_30=80
SVD_49=80
SVD_55=79
SVD_94=78
SVD_31=77
SVD_46=76
SVD_48=76
SVD_66=75
SVD_65=72
SVD_51=70
SVD_8=69
SVD_29=68
SVD_10=67
SVD_88=67
SVD_40=65
SVD_69=65
SVD_43=64
SVD_80=64
SVD_53=63
SVD_58=63
SVD_27=61
SVD_97=60
SVD_17=59
SVD_77=59
SVD_67=56
SVD_32=55
SVD_76=54
SVD_81=54
SVD_41=53
SVD_59=53
SVD_45=52
SVD_79=52
SVD_89=52
SVD_96=52
SVD_82=51
SVD_87=49
SVD_25=48
SVD_75=48
SVD_54=47
SVD_61=46
SVD_86=45
SVD_16=44
SVD_57=43
SVD_64=43
SVD_71=43
SVD_36=42
SVD_44=42
SVD_73=42
SVD_78=41
SVD_92=41
SVD_72=39
SVD_98=39
SVD_56=38
SVD_85=38
SVD_83=36
SVD_37=35
SVD_99=33
SVD_47=32
SVD_52=29
SVD_35=28
SVD_50=25

parameters:
[boosting: gbdt]
[objective: regression]
[metric: l2]
[tree_learner: serial]
[device_type: cpu]
[data_sample_strategy: bagging]
[data: ]
[valid: ]
[num_iterations: 180]
[learning_rate: 0.092745]
[num_leaves: 47]
[num_threads: 8]
[seed: 42]
[deterministic: 0]
[force_col_wise: 0]
[force_row_wise: 0]
[histogram_pool_size: -1]
[max_depth: 9]
[min_data_in_leaf: 35]
[min_sum_hessian_in_leaf: 0.001]
[bagging_fraction: 0.778804]
[pos_bagging_fraction: 1]
[neg_bagging_fraction: 1]
[bagging_freq: 0]
[bagging_seed: 400]
[bagging_by_query: 0]
[feature_fraction: 0.961105]
[feature_fraction_bynode: 1]
[feature_fraction_seed: 30056]
[extra_trees: 0]
[extra_seed: 12879]
[early_stopping_round: 0]
[early_stopping_min_delta: 0]
[first_metric_only: 0]
[max_delta_step: 0]
[lambda_l1: 0.147127]
[lambda_l2: 0.285465]
[linear_lambda: 0]
[min_gain_to_split: 0]
[drop_rate: 0.1]
[max_drop: 50]
[skip_drop: 0.5]
[xgboost_dart_mode: 0]
[uniform_drop: 0]
[drop_seed: 17869]
[top_rate: 0.2]
[other_rate: 0.1]
[min_data_per_group: 100]
[max_cat_threshold: 32]
[cat_l2: 10]
[cat_smooth: 10]
[max_cat_to_onehot: 4]
[top_k: 20]
[monotone_constraints: ]
[monotone_constraints_method: basic]
[monotone_penalty: 0]
[feature_contri: ]
[forcedsplits_filename: ]
[refit_decay_rate: 0.9]
[cegb_tradeoff: 1]
[cegb_penalty_split: 0]
[cegb_penalty_feature_lazy: ]
[cegb_penalty_feature_coupled: ]
[path_smooth: 0]
[interaction_constraints: ]
[verbosity: 1]
[saved_feature_importance_type: 0]
[use_quantized_grad: 0]
[num_grad_quant_bins: 4]
[quant_train_renew_leaf: 0]
[stochastic_rounding: 1]
[linear_tree: 0]
[max_bin: 255]
[max_bin_by_feature: ]
[min_data_in_bin: 3]
[bin_construct_sample_cnt: 200000]
[data_random_seed: 175]
[is_enable_sparse: 1]
[enable_bundle: 1]
[use_missing: 1]
[zero_as_missing: 0]
[feature_pre_filter: 1]
[pre_partition: 0]
[two_round: 0]
[header: 0]
[label_column: ]
[weight_column: ]
[group_column: ]
[ignore_column: ]
[categorical_feature: ]
[forcedbins_filename: ]
[precise_float_parser: 0]
[parser_config_file: ]
[objective_seed: 16083]
[num_class: 1]
[is_unbalance: 0]
[scale_pos_weight: 1]
[sigmoid: 1]
[boost_from_average: 1]
[reg_sqrt: 0]
[alpha: 0.9]
[fair_c: 1]
[poisson_max_delta_step: 0.7]
[tweedie_variance_power: 1.5]
[lambdarank_truncation_level: 30]
[lambdarank_norm: 1]
[label_gain: ]
[lambdarank_position_bias_regularization: 0]
[eval_at: ]
[multi_error_top_k: 1]
[auc_mu_weights: ]
[num_machines: 1]
[local_listen_port: 12400]
[time_out: 120]
[machine_list_filename: ]
[machines: ]
[gpu_platform_id: -1]
[gpu_device_id: -1]
[gpu_use_dp: 0]
[num_gpu: 1]

end of parameters

pandas_categorical:[]
